overseer,target,held_out,n_pool_datasets,pos_rate_overseer,pos_rate_target,row2_fit_n,both_true_test_n,row2_test_n,base_rate,direction_auroc,shuffled_auroc,shuffled_sd,margin,router_coverage,n_false,prec_05,recall_05,caught_05,prec_10,recall_10,caught_10,prec_20,recall_20,caught_20,kind,scale_gap
gemma4-12b,gemma4-12b-base,boolq,4,0.6072026800670016,0.3285873813512004,94,426,79,0.1854460093896713,0.4871046583737642,0.5032648743296976,0.0284109338118574,-0.0161602159559333,0.6612772837510105,1237,0.0952380952380952,0.0253164556962025,0.6628940986257074,0.1627906976744186,0.0886075949367088,0.6669361358124495,0.188235294117647,0.2025316455696202,0.6742118027485853,same-family,1.0
gemma4-12b,gemma4-12b-base,geometry_of_truth,4,0.7917485265225933,0.8040275049115914,1401,3023,1014,0.3354283824015878,0.9104989087567484,0.4116261095288165,0.1135337454587536,0.4988727992279317,0.5860834990059642,2515,0.9735099337748344,0.1449704142011834,0.6445328031809145,0.9801324503311258,0.291913214990138,0.7037773359840954,0.9206611570247932,0.5493096646942801,0.8075546719681909,same-family,1.0
gemma4-12b,gemma4-12b-base,imdb,4,0.5009794319294809,0.5584394384590271,766,1728,706,0.4085648148148148,0.4971075433937788,0.4946800696296214,0.0542413031767206,0.0024274737641573,0.3588,2500,0.4534883720930232,0.0552407932011331,0.3744,0.4104046242774566,0.1005665722379603,0.3872,0.4132947976878612,0.2025495750708215,0.416,same-family,1.0
gemma4-12b,gemma4-12b-base,rte,4,0.5954241071428571,0.7073660714285714,1571,129,50,0.3875968992248062,0.6311392405063292,0.4757594936708861,0.0456863396207689,0.1553797468354431,0.3587786259541984,131,0.6666666666666666,0.08,0.3893129770992366,0.5384615384615384,0.14,0.4122137404580153,0.4615384615384615,0.24,0.4503816793893129,same-family,1.0
gemma4-12b,gemma4-12b-base,truthfulqa,4,0.6350356002946231,0.7275963663147557,1551,787,363,0.4612452350698856,0.5362219969852903,0.5136376630802016,0.0284086891485282,0.0225843339050886,0.430844553243574,817,0.5641025641025641,0.0606060606060606,0.4577723378212974,0.5443037974683544,0.1184573002754821,0.4834761321909425,0.5222929936305732,0.2258953168044077,0.5312117503059975,same-family,1.0
gemma4-12b,qwen3-32b,boolq,4,0.6072026800670016,0.7290619765494137,1043,1498,338,0.2256341789052069,0.5329320546827179,0.5030931187512753,0.0187095477639532,0.0298389359314426,0.4890864995957963,1237,0.2533333333333333,0.0562130177514792,0.5044462409054163,0.1933333333333333,0.0857988165680473,0.5125303152789006,0.2433333333333333,0.2159763313609467,0.5481002425222312,cross-family,2.6666666666666665
gemma4-12b,qwen3-32b,geometry_of_truth,4,0.7917485265225933,0.6421087098886706,549,2720,711,0.2613970588235294,0.9280173116895212,0.3806233412372873,0.1065006013927212,0.5473939704522337,0.5037773359840955,2515,0.9558823529411764,0.1828410689170183,0.5554671968190855,0.9117647058823528,0.3488045007032349,0.6023856858846919,0.8290441176470589,0.6343178621659634,0.6831013916500994,cross-family,2.6666666666666665
gemma4-12b,qwen3-32b,imdb,4,0.5009794319294809,0.717760365654587,695,1953,724,0.3707117255504352,0.7084646368381067,0.4623382775377727,0.0398471772237084,0.246126359300334,0.3752,2500,0.7857142857142857,0.106353591160221,0.406,0.7076923076923077,0.1906077348066298,0.4304,0.629156010230179,0.3397790055248619,0.4736,cross-family,2.6666666666666665
gemma4-12b,qwen3-32b,rte,4,0.5954241071428571,0.7856026785714286,1505,142,57,0.4014084507042254,0.8288957688338493,0.4876676986584106,0.0254453987727734,0.3412280701754386,0.3206106870229007,131,1.0,0.1228070175438596,0.3740458015267175,1.0,0.2456140350877192,0.4274809160305343,0.9642857142857144,0.4736842105263157,0.5267175572519084,cross-family,2.6666666666666665
gemma4-12b,qwen3-32b,truthfulqa,4,0.6350356002946231,0.8048121777559538,1473,860,350,0.4069767441860465,0.6460448179271708,0.5003417366946779,0.0358039272664154,0.1457030812324929,0.4357405140758874,817,0.7674418604651163,0.0942857142857142,0.4761321909424724,0.6744186046511628,0.1657142857142857,0.5067319461444308,0.6686046511627907,0.3285714285714285,0.576499388004896,cross-family,2.6666666666666665
gemma4-12b-base,gemma4-12b,boolq,4,0.3285873813512004,0.6072026800670016,94,426,79,0.1854460093896713,0.5059643234961515,0.507934191806807,0.0228845889663034,-0.0019698683106554,0.6612772837510105,1237,0.0952380952380952,0.0253164556962025,0.6628940986257074,0.1627906976744186,0.0886075949367088,0.6669361358124495,0.1764705882352941,0.189873417721519,0.6734033953112368,same-family,1.0
gemma4-12b-base,gemma4-12b,geometry_of_truth,4,0.8040275049115914,0.7917485265225933,1401,3023,1014,0.3354283824015878,0.9249614407748956,0.4366289812215836,0.1238025636850441,0.4883324595533119,0.5860834990059642,2515,0.9933774834437086,0.1479289940828402,0.6457256461232604,0.9867549668874172,0.2938856015779093,0.7045725646123261,0.947107438016529,0.5650887573964497,0.8139165009940358,same-family,1.0
gemma4-12b-base,gemma4-12b,imdb,4,0.5584394384590271,0.5009794319294809,766,1728,706,0.4085648148148148,0.4362911139076298,0.4916874788644162,0.0740423078188619,-0.0553963649567863,0.3588,2500,0.2325581395348837,0.0283286118980169,0.3668,0.2832369942196532,0.0694050991501416,0.3784,0.3236994219653179,0.1586402266288951,0.4036,same-family,1.0
gemma4-12b-base,gemma4-12b,rte,4,0.7073660714285714,0.5954241071428571,1571,129,50,0.3875968992248062,0.609367088607595,0.5008860759493671,0.0279775472501825,0.1084810126582279,0.3587786259541984,131,0.5,0.06,0.3816793893129771,0.6923076923076923,0.18,0.4274809160305343,0.5,0.26,0.4580152671755725,same-family,1.0
gemma4-12b-base,gemma4-12b,truthfulqa,4,0.7275963663147557,0.6350356002946231,1551,787,363,0.4612452350698856,0.5286462394095327,0.4968049924632257,0.0348780588542772,0.0318412469463069,0.430844553243574,817,0.5128205128205128,0.0550964187327823,0.4553243574051407,0.5189873417721519,0.1129476584022038,0.4810281517747858,0.4840764331210191,0.209366391184573,0.5238678090575275,same-family,1.0
gemma4-12b-base,qwen3-32b,boolq,4,0.3285873813512004,0.7290619765494137,146,881,118,0.133938706015891,0.5934535842015239,0.5183041961925494,0.0173458724976637,0.0751493880089745,0.4421988682295877,1237,0.1136363636363636,0.0423728813559322,0.4462409054163298,0.1818181818181818,0.135593220338983,0.4551333872271625,0.1818181818181818,0.2711864406779661,0.4680679062247372,cross-family,2.6666666666666665
gemma4-12b-base,qwen3-32b,geometry_of_truth,4,0.8040275049115914,0.6421087098886706,532,2853,341,0.1195233087977567,0.9405948222724472,0.1192376300502456,0.0188520474298606,0.8213571922222014,0.6222664015904572,2515,0.951048951048951,0.3988269794721407,0.6763419483101392,0.7894736842105263,0.6598240469208211,0.7117296222664016,0.5061295971978984,0.8475073313782991,0.7371769383697813,cross-family,2.6666666666666665
gemma4-12b-base,qwen3-32b,imdb,4,0.5584394384590271,0.717760365654587,743,2493,745,0.2988367428800642,0.5895612243330824,0.5176166817686176,0.064707910808923,0.0719445425644648,0.266,2500,0.408,0.0684563758389261,0.2864,0.4216867469879518,0.1409395973154362,0.308,0.3947895791583166,0.2644295302013423,0.3448,cross-family,2.6666666666666665
gemma4-12b-base,qwen3-32b,rte,4,0.7073660714285714,0.7856026785714286,1565,182,55,0.3021978021978022,0.7624910522548317,0.5595204008589836,0.0608218724407213,0.2029706513958481,0.2519083969465648,131,0.8888888888888888,0.1454545454545454,0.3129770992366412,0.7777777777777778,0.2545454545454545,0.3587786259541984,0.6666666666666666,0.4363636363636363,0.4351145038167939,cross-family,2.6666666666666665
gemma4-12b-base,qwen3-32b,truthfulqa,4,0.7275963663147557,0.8048121777559538,1484,1031,431,0.4180407371483996,0.6624245939675174,0.5222486465583913,0.0488016996211028,0.1401759474091261,0.3035495716034271,817,0.7115384615384616,0.0858468677494199,0.3488372093023256,0.6601941747572816,0.1577726218097447,0.386780905752754,0.6553398058252428,0.3132250580046403,0.4687882496940024,cross-family,2.6666666666666665
gemma4-31b,qwen3-32b,boolq,3,0.3674351585014409,0.590297790585975,276,781,88,0.1126760563380281,0.5760363373999737,0.5093139184048274,0.0264764663999302,0.0667224189951463,0.4074373484236055,1237,0.1282051282051282,0.0568181818181818,0.4114793856103476,0.1538461538461538,0.1363636363636363,0.4171382376717866,0.1602564102564102,0.2840909090909091,0.427647534357316,cross-family,1.032258064516129
gemma4-31b,qwen3-32b,geometry_of_truth,3,0.6576576576576577,0.7200772200772201,487,2576,955,0.3707298136645963,0.9005784678192958,0.561603431402631,0.1060865175311399,0.3389750364166648,0.3518886679920477,2515,1.0,0.1350785340314136,0.4031809145129225,1.0,0.2701570680628272,0.4544731610337972,0.9398058252427184,0.506806282722513,0.5443339960238569,cross-family,1.032258064516129
gemma4-31b,qwen3-32b,rte,3,0.4444630872483222,0.7145973154362416,636,106,42,0.3962264150943396,0.6302083333333334,0.4872581845238095,0.0090913021118287,0.1429501488095238,0.2748091603053435,131,1.0,0.119047619047619,0.3129770992366412,0.8181818181818182,0.2142857142857142,0.3435114503816794,0.7142857142857143,0.3571428571428571,0.3893129770992366,cross-family,1.032258064516129
gemma4-31b,qwen3-32b,truthfulqa,3,0.4325689856198989,0.7110376991838321,544,597,235,0.3936348408710218,0.6073704008463618,0.4203038674033149,0.0452130457926553,0.1870665334430469,0.379436964504284,817,0.7,0.0893617021276595,0.405140758873929,0.5833333333333334,0.1489361702127659,0.4222766217870257,0.5294117647058824,0.2680851063829787,0.4565483476132191,cross-family,1.032258064516129
llama-8b,gemma4-12b-base,boolq,4,0.7490228922389727,0.3285873813512004,219,948,162,0.170886075949367,0.5053325165708542,0.4901517293374799,0.0481620563057478,0.0151807872333742,0.4502829426030719,1237,0.2553191489361702,0.074074074074074,0.459983831851253,0.1789473684210526,0.1049382716049382,0.4640258690379951,0.1789473684210526,0.2098765432098765,0.4777687954729183,cross-family,1.5
llama-8b,gemma4-12b-base,geometry_of_truth,4,0.5792403405370007,0.8040275049115914,378,2908,396,0.1361760660247593,0.9645519687319052,0.5634866780865985,0.2526642330322403,0.4010652906453066,0.4528827037773359,2515,0.8620689655172413,0.3156565656565656,0.5025844930417495,0.7972508591065293,0.5858585858585859,0.5451292246520875,0.6323024054982818,0.9292929292929292,0.5992047713717694,cross-family,1.5
llama-8b,gemma4-12b-base,imdb,4,0.6913157035586027,0.5584394384590271,818,2400,658,0.2741666666666666,0.5511037866547552,0.5349770902327269,0.0920896123170987,0.0161266964220283,0.2832,2500,0.3333333333333333,0.060790273556231,0.2992,0.3458333333333333,0.1261398176291793,0.3164,0.3270833333333333,0.2386018237082066,0.346,cross-family,1.5
llama-8b,gemma4-12b-base,rte,4,0.7657366071428572,0.7073660714285714,1661,181,54,0.2983425414364641,0.6602508019830854,0.5254082822980461,0.0882191260558598,0.1348425196850392,0.2595419847328244,131,0.7777777777777778,0.1296296296296296,0.3129770992366412,0.5,0.1666666666666666,0.3282442748091603,0.3611111111111111,0.2407407407407407,0.3587786259541984,cross-family,1.5
llama-8b,gemma4-12b-base,truthfulqa,4,0.7809968082494476,0.7275963663147557,1565,1052,475,0.4515209125475285,0.5610362127154975,0.5299215543190733,0.0546370806000446,0.0311146583964242,0.241126070991432,817,0.4150943396226415,0.0463157894736842,0.2680538555691554,0.5047619047619047,0.111578947368421,0.3059975520195838,0.4857142857142857,0.2147368421052631,0.3659730722154223,cross-family,1.5
llama-8b,qwen3-32b,boolq,4,0.7490228922389727,0.7290619765494137,1139,2031,364,0.1792220580994584,0.5225399974950065,0.5220146904684997,0.018746059773004,0.0005253070265067,0.370250606305578,1237,0.1568627450980392,0.0439560439560439,0.3831851253031528,0.167487684729064,0.0934065934065934,0.3977364591754244,0.1871921182266009,0.2087912087912088,0.4316895715440582,cross-family,4.0
llama-8b,qwen3-32b,geometry_of_truth,4,0.5792403405370007,0.6421087098886706,395,2782,271,0.0974119338605319,0.944653855140702,0.6429036960620502,0.1960567753587062,0.3017501590786516,0.2290258449304175,2515,0.9640287769784172,0.4944649446494465,0.2823061630218688,0.7158273381294964,0.7343173431734318,0.3081510934393638,0.4172661870503597,0.8560885608856088,0.321272365805169,cross-family,4.0
llama-8b,qwen3-32b,imdb,4,0.6913157035586027,0.717760365654587,750,3263,805,0.2467054857493104,0.6842815195912446,0.5837324189236313,0.0743275089440724,0.1005491006676133,0.1964,2500,0.5276073619631901,0.1068322981366459,0.2308,0.4969325153374233,0.2012422360248447,0.2612,0.4241960183767228,0.3440993788819876,0.3072,cross-family,4.0
llama-8b,qwen3-32b,rte,4,0.7657366071428572,0.7856026785714286,1590,190,56,0.2947368421052631,0.8404850746268657,0.5323160980810234,0.0616415744528892,0.3081689765458423,0.2977099236641221,131,1.0,0.1785714285714285,0.3740458015267175,0.8947368421052632,0.3035714285714285,0.4274809160305343,0.6842105263157895,0.4642857142857143,0.4961832061068702,cross-family,4.0
llama-8b,qwen3-32b,truthfulqa,4,0.7809968082494476,0.8048121777559538,1499,1120,456,0.4071428571428571,0.6570492496300993,0.479445743500317,0.0417355672746896,0.1776035061297822,0.2607099143206854,817,0.625,0.0767543859649122,0.3035495716034271,0.6160714285714286,0.1513157894736842,0.3451652386780905,0.5892857142857143,0.2894736842105263,0.4222766217870257,cross-family,4.0
llama-8b,qwen3-8b-base,boolq,4,0.7490228922389727,0.7709380234505863,1241,2096,467,0.2228053435114503,0.5344958810005482,0.4958313780080789,0.0168837311224673,0.0386645029924693,0.370250606305578,1237,0.219047619047619,0.0492505353319057,0.3888439773645917,0.238095238095238,0.1070663811563169,0.4106709781729992,0.2625298329355608,0.2355460385438972,0.4591754244139046,cross-family,1.0
llama-8b,qwen3-8b-base,geometry_of_truth,4,0.5792403405370007,0.7213490504256712,373,2897,385,0.132896099413186,0.9523089171974524,0.4211320725452891,0.2136707945403251,0.5311768446521632,0.2958250497017892,2515,0.9793103448275862,0.3688311688311688,0.352286282306163,0.9310344827586208,0.7012987012987013,0.4031809145129225,0.5958549222797928,0.8961038961038961,0.4330019880715706,cross-family,1.0
llama-8b,qwen3-8b-base,imdb,4,0.6913157035586027,0.7592229840026118,846,3308,846,0.2557436517533252,0.6391587112286422,0.4563645184583446,0.0400657446860817,0.1827941927702976,0.24,2500,0.4424242424242424,0.0862884160756501,0.2692,0.3927492447129909,0.1536643026004728,0.292,0.3716012084592145,0.2907801418439716,0.3384,cross-family,1.0
llama-8b,qwen3-8b-base,rte,4,0.7657366071428572,0.8262276785714285,1721,201,64,0.3184079601990049,0.6916058394160585,0.5536325273722628,0.0435364846258027,0.1379733120437957,0.2442748091603053,131,0.8,0.125,0.3053435114503817,0.6,0.1875,0.3358778625954198,0.5,0.3125,0.3969465648854962,cross-family,1.0
llama-8b,qwen3-8b-base,truthfulqa,4,0.7809968082494476,0.8246992388902529,1598,1147,492,0.4289450741063644,0.5070098678086018,0.4899297151368459,0.0416090440014267,0.0170801526717558,0.2460220318237454,817,0.4561403508771929,0.0528455284552845,0.2778457772337821,0.417391304347826,0.0975609756097561,0.3047735618115055,0.388646288209607,0.1808943089430894,0.3549571603427172,cross-family,1.0
olmo3-7b,gemma4-12b,boolq,4,0.7938302624232273,0.6072026800670016,1156,1531,493,0.3220117570215545,0.541384781937491,0.5056699378974233,0.0198026835071934,0.0357148440400676,0.4785772029102668,1237,0.2987012987012987,0.0466531440162271,0.4971705739692805,0.3529411764705882,0.1095334685598377,0.5222312045270816,0.3627450980392157,0.2251521298174442,0.5683104284559418,cross-family,1.7142857142857142
olmo3-7b,gemma4-12b,geometry_of_truth,4,0.7038310412573674,0.7917485265225933,1027,2853,845,0.2961794602173151,0.7854840991065324,0.437751803437139,0.093299712291693,0.3477322956693933,0.5208747514910537,2515,1.0,0.1692307692307692,0.5777335984095427,0.9929824561403509,0.3349112426035503,0.6333996023856859,0.8318739054290718,0.5621301775147929,0.709741550695825,cross-family,1.7142857142857142
olmo3-7b,gemma4-12b,imdb,4,0.7409402546523016,0.5009794319294809,793,2042,816,0.3996082272282076,0.5844008892300803,0.4966856287784281,0.0656730133261245,0.0877152604516521,0.3744,2500,0.4803921568627451,0.0600490196078431,0.394,0.4852941176470588,0.1213235294117647,0.414,0.4877450980392157,0.2438725490196078,0.454,cross-family,1.7142857142857142
olmo3-7b,gemma4-12b,rte,4,0.8010044642857143,0.5954241071428571,1602,146,62,0.4246575342465753,0.7730414746543779,0.5422427035330262,0.0740573998553829,0.2307987711213517,0.3053435114503817,131,0.8571428571428571,0.0967741935483871,0.3511450381679389,0.8,0.1935483870967742,0.3969465648854962,0.8275862068965517,0.3870967741935484,0.4885496183206106,cross-family,1.7142857142857142
olmo3-7b,gemma4-12b,truthfulqa,4,0.8083722072182666,0.6350356002946231,1538,895,442,0.4938547486033519,0.4606344830341714,0.5330538990940238,0.0223148746611788,-0.0724194160598523,0.3818849449204406,817,0.1777777777777777,0.0180995475113122,0.3916768665850673,0.2777777777777778,0.0565610859728506,0.412484700122399,0.3687150837988827,0.1493212669683258,0.4626682986536107,cross-family,1.7142857142857142
olmo3-7b,gemma4-31b,boolq,3,0.686359269932757,0.3674351585014409,430,733,165,0.2251023192360163,0.496244131455399,0.4775874946649594,0.0122179895009354,0.0186566367904396,0.5925626515763945,1237,0.2432432432432432,0.0545454545454545,0.5998383185125303,0.3013698630136986,0.1333333333333333,0.6103476151980598,0.2517006802721088,0.2242424242424242,0.6224737267582862,cross-family,4.428571428571429
olmo3-7b,gemma4-31b,geometry_of_truth,3,0.6615186615186616,0.6576576576576577,503,2599,1166,0.4486340900346287,0.9302815645427136,0.5782358137458271,0.1962385995115555,0.3520457507968864,0.3558648111332008,2515,1.0,0.111492281303602,0.4075546719681908,1.0,0.2229845626072041,0.4592445328031809,1.0,0.4459691252144082,0.562624254473161,cross-family,4.428571428571429
olmo3-7b,gemma4-31b,rte,3,0.7402684563758389,0.4444630872483222,710,112,48,0.4285714285714285,0.7477213541666666,0.4906412760416666,0.0540978875348508,0.257080078125,0.2595419847328244,131,1.0,0.125,0.3053435114503817,0.8181818181818182,0.1875,0.3282442748091603,0.7727272727272727,0.3541666666666667,0.3893129770992366,cross-family,4.428571428571429
olmo3-7b,gemma4-31b,truthfulqa,3,0.731441896618733,0.4325689856198989,566,583,281,0.4819897084048027,0.4609365793877117,0.4702752704390658,0.0550831150743577,-0.009338691051354,0.4834761321909425,817,0.1724137931034483,0.0177935943060498,0.4895960832313341,0.293103448275862,0.0604982206405693,0.5042839657282742,0.4102564102564102,0.1708185053380783,0.5422276621787026,cross-family,4.428571428571429
olmo3-7b,qwen3-32b,boolq,4,0.7938302624232273,0.7290619765494137,1153,1991,397,0.1993972877950778,0.5235786592669615,0.4885444946256269,0.0215110521628087,0.0350341646413345,0.4777687954729183,1237,0.23,0.0579345088161209,0.4963621665319321,0.2512562814070351,0.1259445843828715,0.5181891673403395,0.2110552763819095,0.2115869017632241,0.5456750202101859,cross-family,4.571428571428571
olmo3-7b,qwen3-32b,geometry_of_truth,4,0.7038310412573674,0.6421087098886706,548,2947,437,0.1482863929419748,0.8518703219159974,0.2351990208502375,0.0817161280489286,0.61667130106576,0.3463220675944334,2515,0.9727891156462584,0.3272311212814645,0.4031809145129225,0.8406779661016949,0.5675057208237986,0.4449304174950298,0.5280135823429541,0.7116704805491991,0.4699801192842942,cross-family,4.571428571428571
olmo3-7b,qwen3-32b,imdb,4,0.7409402546523016,0.717760365654587,761,3341,942,0.2819515115234959,0.6902889473586393,0.5260376979438531,0.0575535410064091,0.1642512494147862,0.212,2500,0.6467065868263473,0.1146496815286624,0.2552,0.5598802395209581,0.1985138004246284,0.2868,0.4925149700598802,0.3492569002123142,0.3436,cross-family,4.571428571428571
olmo3-7b,qwen3-32b,rte,4,0.8010044642857143,0.7856026785714286,1607,199,63,0.3165829145728643,0.8220121381886087,0.4670868347338935,0.0392718317512111,0.3549253034547152,0.2595419847328244,131,0.8,0.1269841269841269,0.3206106870229007,0.75,0.238095238095238,0.3740458015267175,0.725,0.4603174603174603,0.4809160305343511,cross-family,4.571428571428571
olmo3-7b,qwen3-32b,truthfulqa,4,0.8083722072182666,0.8048121777559538,1495,1121,492,0.4388938447814451,0.7021210593663966,0.5037314035699976,0.0609236121113986,0.198389655796399,0.2986536107711138,817,0.8571428571428571,0.0975609756097561,0.3574051407588739,0.8303571428571429,0.1890243902439024,0.412484700122399,0.7276785714285714,0.3313008130081301,0.4981640146878825,cross-family,4.571428571428571
olmo3-7b,qwen3-8b-base,boolq,4,0.7938302624232273,0.7709380234505863,1296,2155,573,0.2658932714617169,0.5408919718561567,0.477783164880649,0.0046066670102442,0.0631088069755076,0.3597413096200485,1237,0.2962962962962963,0.0558464223385689,0.3856103476151981,0.2962962962962963,0.1116928446771378,0.4114793856103476,0.3109048723897912,0.2338568935427574,0.4680679062247372,cross-family,1.1428571428571428
olmo3-7b,qwen3-8b-base,geometry_of_truth,4,0.7038310412573674,0.7213490504256712,877,3236,724,0.2237330037082818,0.8591748557201676,0.5059056308723652,0.2131901923301636,0.3532692248478024,0.2755467196819085,2515,0.9938271604938272,0.2223756906077348,0.3395626242544731,0.9876543209876544,0.4419889502762431,0.4027833001988071,0.8191653786707882,0.7320441988950276,0.4862823061630218,cross-family,1.1428571428571428
olmo3-7b,qwen3-8b-base,imdb,4,0.7409402546523016,0.7592229840026118,877,3409,1011,0.2965679084775594,0.587472745586703,0.515314340420512,0.0798527518820716,0.0721584051661909,0.2332,2500,0.4176470588235294,0.0702274975272008,0.2616,0.3988269794721407,0.1345202769535113,0.2876,0.3914956011730205,0.2640949554896142,0.34,cross-family,1.1428571428571428
olmo3-7b,qwen3-8b-base,rte,4,0.8010044642857143,0.8262276785714285,1778,207,70,0.3381642512077294,0.6759124087591242,0.5231491136600626,0.0422769744387493,0.1527632950990616,0.2213740458015267,131,0.8,0.1142857142857142,0.2824427480916031,0.6666666666666666,0.2,0.3282442748091603,0.6097560975609756,0.3571428571428571,0.4122137404580153,cross-family,1.1428571428571428
olmo3-7b,qwen3-8b-base,truthfulqa,4,0.8083722072182666,0.8246992388902529,1588,1160,552,0.4758620689655172,0.542110626430206,0.4723262597730739,0.0486288570775416,0.069784366657132,0.2252141982864137,817,0.6379310344827587,0.0670289855072463,0.2705018359853121,0.5775862068965517,0.1213768115942029,0.3072215422276622,0.521551724137931,0.2192028985507246,0.3733170134638923,cross-family,1.1428571428571428
qwen3-1.7b,gemma4-12b,boolq,4,0.6475432719151312,0.6072026800670016,1176,1286,347,0.2698289269051322,0.5261990037841471,0.4931092001117136,0.0297478452252527,0.0330898036724334,0.4963621665319321,1237,0.234375,0.0432276657060518,0.5084882780921585,0.2170542635658914,0.0806916426512968,0.5189975747776879,0.2490272373540856,0.1844380403458213,0.5481002425222312,cross-family,7.0588235294117645
qwen3-1.7b,gemma4-12b,geometry_of_truth,4,0.785199738048461,0.7917485265225933,1400,3205,1211,0.3778471138845554,0.9132152858244428,0.5305803869080403,0.1203676962850501,0.3826348989164024,0.4003976143141153,2515,1.0,0.1321222130470685,0.4640159045725646,0.96875,0.2559867877786952,0.5236580516898608,0.9141965678627144,0.4838976052848885,0.6333996023856859,cross-family,7.0588235294117645
qwen3-1.7b,gemma4-12b,imdb,4,0.5128958537381652,0.5009794319294809,788,1590,608,0.3823899371069182,0.6444286633079644,0.468957685711223,0.0257039550289067,0.1754709775967414,0.3884,2500,0.5375,0.0707236842105263,0.4056,0.610062893081761,0.1595394736842105,0.4272,0.550314465408805,0.2878289473684211,0.4584,cross-family,7.0588235294117645
qwen3-1.7b,gemma4-12b,rte,4,0.6172991071428572,0.5954241071428571,1586,142,61,0.4295774647887324,0.6302367941712204,0.4886662618903056,0.0649829179029261,0.1415705322809147,0.1755725190839694,131,0.5714285714285714,0.0655737704918032,0.2061068702290076,0.5714285714285714,0.1311475409836065,0.2366412213740458,0.6071428571428571,0.2786885245901639,0.3053435114503817,cross-family,7.0588235294117645
qwen3-1.7b,gemma4-12b,truthfulqa,4,0.6329486864718881,0.6350356002946231,1559,763,362,0.4744429882044561,0.4272123558507048,0.503010429726788,0.04845112706867,-0.0757980738760832,0.3292533659730722,817,0.1578947368421052,0.0165745856353591,0.3365973072215422,0.2368421052631578,0.0497237569060773,0.3512851897184822,0.3006535947712418,0.1270718232044199,0.3855569155446756,cross-family,7.0588235294117645
qwen3-1.7b,gemma4-31b,boolq,3,0.600864553314121,0.3674351585014409,440,741,151,0.203778677462888,0.5360534291166237,0.4943203502076552,0.0312360621972157,0.0417330789089684,0.4664510913500404,1237,0.3513513513513513,0.086092715231788,0.4769603880355699,0.2972972972972973,0.1456953642384106,0.4842360549717057,0.2364864864864864,0.2317880794701986,0.4947453516572352,cross-family,18.235294117647054
qwen3-1.7b,gemma4-31b,geometry_of_truth,3,0.6470398970398971,0.6576576576576577,494,2440,1021,0.4184426229508197,0.8503450099013045,0.2727869773515857,0.1046231479591674,0.5775580325497187,0.341948310139165,2515,1.0,0.1194906953966699,0.3904572564612326,1.0,0.2389813907933398,0.4389662027833002,0.9979508196721312,0.4769833496571988,0.5355864811133201,cross-family,18.235294117647054
qwen3-1.7b,gemma4-31b,rte,3,0.5011744966442953,0.4444630872483222,708,112,51,0.4553571428571428,0.7405978784956605,0.501205400192864,0.0432455600473142,0.2393924783027965,0.0916030534351145,131,0.6666666666666666,0.0784313725490196,0.1221374045801526,0.7272727272727273,0.1568627450980392,0.1526717557251908,0.7272727272727273,0.3137254901960784,0.2137404580152671,cross-family,18.235294117647054
qwen3-1.7b,gemma4-31b,truthfulqa,3,0.4350952195880295,0.4325689856198989,568,525,250,0.4761904761904761,0.4711854545454545,0.500669090909091,0.0386998103226393,-0.0294836363636364,0.204406364749082,817,0.4230769230769231,0.044,0.2178702570379437,0.3846153846153846,0.08,0.2288861689106487,0.3809523809523809,0.16,0.2533659730722154,cross-family,18.235294117647054
qwen3-1.7b,olmo3-7b,boolq,4,0.6475432719151312,0.7938302624232273,1317,1799,415,0.2306837131739855,0.5236419667107738,0.5112425134062261,0.0129451920061508,0.0123994533045477,0.4704931285367825,1237,0.2444444444444444,0.053012048192771,0.4882780921584478,0.2111111111111111,0.0915662650602409,0.5012126111560227,0.2194444444444444,0.1903614457831325,0.534357316087308,cross-family,4.11764705882353
qwen3-1.7b,olmo3-7b,geometry_of_truth,4,0.785199738048461,0.7038310412573674,1025,3315,826,0.2491704374057315,0.699485970716674,0.5048154981190847,0.1074797758632754,0.1946704725975893,0.3312127236580517,2515,0.9759036144578314,0.1961259079903147,0.3956262425447316,0.9006024096385542,0.3619854721549637,0.4500994035785288,0.5927601809954751,0.4757869249394673,0.4874751491053677,cross-family,4.11764705882353
qwen3-1.7b,olmo3-7b,imdb,4,0.5128958537381652,0.7409402546523016,836,2337,695,0.2973898160034232,0.619905537202394,0.5610875489620484,0.0756557572491191,0.0588179882403456,0.33,2500,0.5128205128205128,0.0863309352517985,0.354,0.4743589743589743,0.1597122302158273,0.3744,0.4346895074946467,0.2920863309352518,0.4112,cross-family,4.11764705882353
qwen3-1.7b,olmo3-7b,rte,4,0.6172991071428572,0.8010044642857143,1656,164,58,0.3536585365853658,0.7794404684450228,0.5000406636304489,0.114789179379702,0.2793998048145739,0.2519083969465648,131,0.75,0.1034482758620689,0.2977099236641221,0.75,0.2068965517241379,0.3435114503816794,0.696969696969697,0.396551724137931,0.4274809160305343,cross-family,4.11764705882353
qwen3-1.7b,olmo3-7b,truthfulqa,4,0.6329486864718881,0.8083722072182666,1535,876,430,0.4908675799086758,0.4678068620294087,0.4883056105954739,0.0635889196617743,-0.0204987485660652,0.3733170134638923,817,0.3863636363636363,0.0395348837209302,0.3941248470012239,0.4318181818181818,0.0883720930232558,0.419828641370869,0.4457142857142857,0.1813953488372093,0.4687882496940024,cross-family,4.11764705882353
qwen3-1.7b,qwen3-8b,boolq,4,0.6475432719151312,0.3330541596873255,88,878,76,0.0865603644646924,0.5242814017587609,0.4871907402546265,0.0451066838147292,0.0370906615041343,0.4333063864187551,1237,0.0909090909090909,0.0526315789473684,0.4365400161681487,0.1136363636363636,0.131578947368421,0.4413904607922393,0.0738636363636363,0.1710526315789473,0.4438156831042845,same-family,4.705882352941177
qwen3-1.7b,qwen3-8b,geometry_of_truth,4,0.785199738048461,0.6365422396856582,572,2976,499,0.1676747311827957,0.9326857186314494,0.6273801134768527,0.1877433920070605,0.3053056051545967,0.4652087475149105,2515,0.7718120805369127,0.2304609218436873,0.510934393638171,0.825503355704698,0.4929859719438877,0.5630218687872763,0.680672268907563,0.811623246492986,0.6262425447316103,same-family,4.705882352941177
qwen3-1.7b,qwen3-8b,imdb,4,0.5128958537381652,0.6849493960169768,662,2187,546,0.2496570644718793,0.8287104932443141,0.5161054413796644,0.1095538230049381,0.3126050518646497,0.3104,2500,0.8348623853211009,0.1666666666666666,0.3468,0.7808219178082192,0.3131868131868132,0.3788,0.6796338672768879,0.5439560439560439,0.4292,same-family,4.705882352941177
qwen3-1.7b,qwen3-8b,rte,4,0.6172991071428572,0.6415178571428571,796,134,32,0.2388059701492537,0.6228553921568627,0.4870557598039216,0.0450807061671435,0.1357996323529411,0.3358778625954198,131,0.4285714285714285,0.09375,0.3587786259541984,0.2307692307692307,0.09375,0.3587786259541984,0.2592592592592592,0.21875,0.3893129770992366,same-family,4.705882352941177
qwen3-1.7b,qwen3-8b,truthfulqa,4,0.6329486864718881,0.663147557083231,762,762,280,0.3674540682414698,0.4851066982809721,0.5281935388263189,0.0950974378874331,-0.0430868405453468,0.3831089351285189,817,0.4473684210526316,0.0607142857142857,0.4039167686658507,0.4605263157894737,0.125,0.4259485924112607,0.3684210526315789,0.2,0.4516523867809057,same-family,4.705882352941177
qwen3-1.7b,qwen38-27b,boolq,3,0.600864553314121,0.5835734870317003,302,1365,151,0.1106227106227106,0.544912008902757,0.5258845478250433,0.0156262559143028,0.0190274610777136,0.4114793856103476,1237,0.1176470588235294,0.0529801324503311,0.417946645109135,0.0808823529411764,0.0728476821192053,0.4203718674211802,0.0952380952380952,0.1721854304635761,0.4324979789814066,same-family,15.882352941176473
qwen3-1.7b,qwen38-27b,geometry_of_truth,3,0.6470398970398971,0.6753539253539254,494,2821,782,0.2772066643034385,0.9504433370251956,0.6845290806260026,0.0251763415561305,0.2659142563991928,0.2147117296222664,2515,1.0,0.1803069053708439,0.2707753479125248,1.0,0.3606138107416879,0.3268389662027833,0.99645390070922,0.7186700767263428,0.4381709741550695,same-family,15.882352941176473
qwen3-1.7b,qwen38-27b,rte,3,0.5011744966442953,0.6956375838926174,674,125,42,0.336,0.6855995410212277,0.5450372920252439,0.0577330172129434,0.1405622489959838,0.183206106870229,131,0.5,0.0714285714285714,0.2061068702290076,0.4166666666666667,0.119047619047619,0.2213740458015267,0.48,0.2857142857142857,0.2748091603053435,same-family,15.882352941176473
qwen3-1.7b,qwen38-27b,truthfulqa,3,0.4350952195880295,0.7098717450446949,555,616,270,0.4383116883116883,0.6198244487261828,0.5116623849282809,0.0399929733094305,0.1081620637979019,0.3451652386780905,817,0.6451612903225806,0.074074074074074,0.3696450428396572,0.5967741935483871,0.137037037037037,0.390452876376989,0.6016260162601627,0.2740740740740741,0.4357405140758874,same-family,15.882352941176473
qwen3-8b,gemma4-12b-base,boolq,4,0.3330541596873255,0.3285873813512004,72,698,66,0.0945558739255014,0.5758534714230917,0.5187296221710778,0.0785056327662189,0.0571238492520139,0.1810832659660468,1237,0.0857142857142857,0.0454545454545454,0.1835084882780921,0.1285714285714285,0.1363636363636363,0.1883589329021827,0.1357142857142857,0.2878787878787879,0.1964430072756669,cross-family,1.5
qwen3-8b,gemma4-12b-base,geometry_of_truth,4,0.6365422396856582,0.8040275049115914,564,2855,364,0.1274956217162872,0.8715706212695373,0.3183463214826121,0.1129575977227412,0.5532242997869252,0.6015904572564612,2515,0.7132867132867133,0.2802197802197802,0.6421471172962226,0.6503496503496503,0.510989010989011,0.6755467196819086,0.446584938704028,0.7005494505494505,0.7029821073558649,cross-family,1.5
qwen3-8b,gemma4-12b-base,imdb,4,0.6849493960169768,0.5584394384590271,675,2344,604,0.257679180887372,0.7172756337063256,0.5284896665905457,0.0675987944440038,0.1887859671157798,0.3128,2500,0.5384615384615384,0.1043046357615894,0.338,0.5726495726495726,0.2218543046357615,0.3664,0.5053304904051172,0.3923841059602649,0.4076,cross-family,1.5
qwen3-8b,gemma4-12b-base,rte,4,0.6415178571428571,0.7073660714285714,818,155,35,0.2258064516129032,0.6780952380952381,0.5223809523809524,0.0499515070966281,0.1557142857142857,0.3053435114503817,131,0.25,0.0571428571428571,0.3206106870229007,0.3125,0.1428571428571428,0.3435114503816794,0.3548387096774194,0.3142857142857143,0.3893129770992366,cross-family,1.5
qwen3-8b,gemma4-12b-base,truthfulqa,4,0.663147557083231,0.7275963663147557,773,872,327,0.375,0.6049490783604073,0.5169682686642538,0.0286156983693035,0.0879808096961535,0.3720930232558139,817,0.6590909090909091,0.0886850152905198,0.4075887392900856,0.5747126436781609,0.1529051987767584,0.4332925336597307,0.5114942528735632,0.2721712538226299,0.4810281517747858,cross-family,1.5
qwen3-8b,llama-8b,boolq,4,0.3330541596873255,0.7490228922389727,100,1016,94,0.09251968503937,0.5480800295380072,0.4754724927308811,0.0246204249208451,0.072607536807126,0.4616006467259498,1237,0.1372549019607843,0.0744680851063829,0.4672594987873888,0.1078431372549019,0.1170212765957446,0.4704931285367825,0.1034482758620689,0.2234042553191489,0.4785772029102668,cross-family,1.0
qwen3-8b,llama-8b,geometry_of_truth,4,0.6365422396856582,0.5792403405370007,384,2689,198,0.0736333209371513,0.947313358393246,0.3449686548341707,0.195831840539239,0.6023447035590753,0.2846918489065606,2515,0.7985074626865671,0.5404040404040404,0.3272365805168986,0.5464684014869888,0.7424242424242424,0.3431411530815109,0.3178438661710037,0.8636363636363636,0.3526838966202783,cross-family,1.0
qwen3-8b,llama-8b,imdb,4,0.6849493960169768,0.6913157035586027,685,3217,762,0.2368666459434255,0.7229410223925675,0.5674747823019068,0.0377045237878373,0.1554662400906606,0.1648,2500,0.6273291925465838,0.1325459317585302,0.2052,0.546583850931677,0.2309711286089238,0.2352,0.463452566096423,0.3910761154855643,0.284,cross-family,1.0
qwen3-8b,llama-8b,rte,4,0.6415178571428571,0.7657366071428572,840,165,38,0.2303030303030303,0.6972648155822627,0.5433588893493576,0.0589880773087934,0.1539059262329051,0.3206106870229007,131,0.5,0.1052631578947368,0.3511450381679389,0.4375,0.1842105263157894,0.3740458015267175,0.3333333333333333,0.2894736842105263,0.4045801526717557,cross-family,1.0
qwen3-8b,llama-8b,truthfulqa,4,0.663147557083231,0.7809968082494476,788,973,368,0.3782117163412127,0.616299856270212,0.5358493532159541,0.0436606486245168,0.0804505030542579,0.2900856793145654,817,0.5510204081632653,0.0733695652173913,0.3231334149326805,0.5360824742268041,0.1413043478260869,0.3537331701346389,0.5333333333333333,0.2826086956521739,0.4173806609547124,cross-family,1.0
qwen3-8b,qwen3-8b-base,boolq,4,0.3330541596873255,0.7709380234505863,109,1040,107,0.1028846153846153,0.5358455790285582,0.4751154451022227,0.0196798137677398,0.0607301339263354,0.5278900565885206,1237,0.0192307692307692,0.0093457943925233,0.5286984640258691,0.0865384615384615,0.0841121495327102,0.5351657235246564,0.125,0.2429906542056074,0.5489086499595797,same-family,1.0
qwen3-8b,qwen3-8b-base,geometry_of_truth,4,0.6365422396856582,0.7213490504256712,577,2895,404,0.1395509499136442,0.8803266015080031,0.5875100858138804,0.1951327261475967,0.2928165156941227,0.4039761431411531,2515,0.9793103448275862,0.3514851485148514,0.4604373757455268,0.8172413793103448,0.5866336633663366,0.4982107355864811,0.5112262521588946,0.7326732673267327,0.5216699801192843,same-family,1.0
qwen3-8b,qwen3-8b-base,imdb,4,0.6849493960169768,0.7592229840026118,689,3315,845,0.2549019607843137,0.721266320101574,0.4925438995759768,0.05544591239994,0.2287224205255972,0.2272,2500,0.6204819277108434,0.1218934911242603,0.2684,0.5873493975903614,0.2307692307692307,0.3052,0.5052790346907994,0.3964497041420118,0.3612,same-family,1.0
qwen3-8b,qwen3-8b-base,rte,4,0.6415178571428571,0.8262276785714285,854,177,43,0.2429378531073446,0.6469975702880945,0.536879555709823,0.0706049674906127,0.1101180145782714,0.3206106870229007,131,0.3333333333333333,0.0697674418604651,0.3435114503816794,0.4444444444444444,0.1860465116279069,0.3816793893129771,0.4285714285714285,0.3488372093023256,0.4351145038167939,same-family,1.0
qwen3-8b,qwen3-8b-base,truthfulqa,4,0.663147557083231,0.8246992388902529,791,1017,372,0.3657817109144542,0.5442443944319413,0.4645921897140952,0.0528260178427112,0.079652204717846,0.3084455324357405,817,0.4901960784313725,0.0672043010752688,0.3390452876376989,0.4117647058823529,0.1129032258064516,0.3598531211750306,0.4187192118226601,0.2284946236559139,0.412484700122399,same-family,1.0
qwen3-8b-base,gemma4-12b,boolq,4,0.7709380234505863,0.6072026800670016,1104,1509,442,0.292909211398277,0.5398525064989589,0.5137792771206962,0.0225813086992878,0.0260732293782627,0.4874696847210994,1237,0.3466666666666667,0.0588235294117647,0.5084882780921585,0.3509933774834437,0.1199095022624434,0.5303152789005658,0.3675496688741722,0.251131221719457,0.5772029102667745,cross-family,1.5
qwen3-8b-base,gemma4-12b,geometry_of_truth,4,0.7213490504256712,0.7917485265225933,945,2870,860,0.2996515679442508,0.884218442670369,0.397425517760037,0.1238445148260682,0.486792924910332,0.5427435387673957,2515,1.0,0.1674418604651162,0.6,1.0,0.3337209302325581,0.6568588469184891,0.9790940766550522,0.6534883720930232,0.7662027833001988,cross-family,1.5
qwen3-8b-base,gemma4-12b,imdb,4,0.7592229840026118,0.5009794319294809,771,1992,763,0.3830321285140562,0.6353778871675871,0.4507951141430288,0.0530643499444734,0.1845827730245582,0.4204,2500,0.59,0.0773263433813892,0.444,0.5728643216080402,0.1494102228047182,0.466,0.5603015075376885,0.292267365661861,0.5096,cross-family,1.5
qwen3-8b-base,gemma4-12b,rte,4,0.8262276785714285,0.5954241071428571,1599,146,61,0.4178082191780822,0.7326904532304724,0.5409353905496626,0.0844712943538932,0.1917550626808098,0.3282442748091603,131,1.0,0.1147540983606557,0.3816793893129771,0.9333333333333332,0.2295081967213114,0.4351145038167939,0.8275862068965517,0.3934426229508196,0.5114503816793893,cross-family,1.5
qwen3-8b-base,gemma4-12b,truthfulqa,4,0.8246992388902529,0.6350356002946231,1545,892,393,0.4405829596412556,0.5643908682504959,0.4828958170794516,0.0344135229582978,0.0814950511710442,0.4039167686658507,817,0.5555555555555556,0.0636132315521628,0.434516523867809,0.5842696629213483,0.1323155216284987,0.4675642594859241,0.550561797752809,0.2493638676844783,0.5238678090575275,cross-family,1.5
qwen3-8b-base,gemma4-31b,boolq,3,0.6366474543707973,0.3674351585014409,346,648,124,0.191358024691358,0.5831383895592219,0.4848636419601083,0.0231779432887097,0.0982747475991135,0.5650767987065481,1237,0.28125,0.0725806451612903,0.5723524656426839,0.2769230769230769,0.1451612903225806,0.5796281325788197,0.2769230769230769,0.2903225806451613,0.5941794664510913,cross-family,3.875
qwen3-8b-base,gemma4-31b,geometry_of_truth,3,0.6711711711711712,0.6576576576576577,500,2226,605,0.2717879604672057,0.8969414859718264,0.3697100555212831,0.1097662703392928,0.5272314304505432,0.5347912524850894,2515,1.0,0.1834710743801653,0.5789264413518886,1.0,0.3685950413223141,0.6234592445328032,0.9775280898876404,0.71900826446281,0.7077534791252486,cross-family,3.875
qwen3-8b-base,gemma4-31b,rte,3,0.7557046979865771,0.4444630872483222,688,106,42,0.3962264150943396,0.7220982142857143,0.5317150297619048,0.1019577302263094,0.1903831845238095,0.3282442748091603,131,1.0,0.119047619047619,0.366412213740458,0.9090909090909092,0.238095238095238,0.4045801526717557,0.7619047619047619,0.3809523809523809,0.4503816793893129,cross-family,3.875
qwen3-8b-base,gemma4-31b,truthfulqa,3,0.7312475709288768,0.4325689856198989,560,578,241,0.416955017301038,0.5260844404496596,0.4904638191511629,0.0211066587253591,0.0356206212984966,0.4651162790697674,817,0.4827586206896552,0.0580912863070539,0.4822521419828641,0.4310344827586206,0.1037344398340249,0.4957160342717258,0.4655172413793103,0.2240663900414937,0.5312117503059975,cross-family,3.875
qwen3-8b-base,qwen3-32b,boolq,4,0.7709380234505863,0.7290619765494137,1118,1978,362,0.1830131445904954,0.5222242355451014,0.503601331300257,0.0193528865584047,0.0186229042448444,0.4607922392886014,1237,0.1414141414141414,0.0386740331491712,0.4721099434114794,0.1818181818181818,0.0994475138121546,0.4898949070331447,0.2121212121212121,0.2320441988950276,0.5286984640258691,same-family,4.0
qwen3-8b-base,qwen3-32b,geometry_of_truth,4,0.7213490504256712,0.6421087098886706,535,2891,378,0.1307506053268765,0.9298136462879796,0.5013622285806926,0.1909762239096911,0.4284514177072871,0.4270377733598409,2515,0.9724137931034482,0.373015873015873,0.4831013916500994,0.9377162629757786,0.716931216931217,0.5347912524850894,0.5501730103806228,0.8412698412698413,0.553479125248509,same-family,4.0
qwen3-8b-base,qwen3-32b,imdb,4,0.7592229840026118,0.717760365654587,760,3378,913,0.2702782711663706,0.6405866134647384,0.5102530720336629,0.0411903351281883,0.1303335414310755,0.2388,2500,0.4911242603550296,0.0909090909090909,0.272,0.4556213017751479,0.1686746987951807,0.3004,0.400887573964497,0.2968236582694414,0.3472,same-family,4.0
qwen3-8b-base,qwen3-32b,rte,4,0.8262276785714285,0.7856026785714286,1608,211,70,0.3317535545023696,0.8054711246200608,0.5319402228976696,0.0364258922241014,0.2735309017223911,0.1603053435114503,131,0.8181818181818182,0.1285714285714285,0.2290076335877862,0.8095238095238095,0.2428571428571428,0.2900763358778626,0.6904761904761905,0.4142857142857143,0.3816793893129771,same-family,4.0
qwen3-8b-base,qwen3-32b,truthfulqa,4,0.8246992388902529,0.8048121777559538,1500,1179,467,0.3960983884648006,0.6428584317782643,0.4996947405143998,0.0392824243892944,0.1431636912638644,0.2619339045287637,817,0.6949152542372882,0.0877944325481798,0.3121175030599755,0.652542372881356,0.164882226980728,0.3561811505507956,0.614406779661017,0.310492505353319,0.4394124847001224,same-family,4.0
qwen3-8b-base,qwen38-27b,boolq,3,0.6366474543707973,0.5835734870317003,257,1467,197,0.1342876618950238,0.517810464047324,0.4800021983292697,0.0362560571655057,0.0378082657180542,0.3920776071139854,1237,0.1232876712328767,0.0456852791878172,0.3993532740501213,0.1360544217687075,0.1015228426395939,0.4082457558609539,0.1262798634812286,0.1878172588832487,0.4219886822958771,same-family,3.375
qwen3-8b-base,qwen38-27b,geometry_of_truth,3,0.6711711711711712,0.6753539253539254,502,3089,583,0.1887342181935901,0.9201532103397816,0.4770723505439432,0.2637494026706294,0.4430808597958382,0.2349900596421471,2515,1.0,0.2641509433962264,0.2962226640159046,0.9870550161812298,0.5231560891938251,0.3562624254473161,0.7831715210355987,0.8301886792452831,0.4274353876739563,same-family,3.375
qwen3-8b-base,qwen38-27b,rte,3,0.7557046979865771,0.6956375838926174,702,182,45,0.2472527472527472,0.6317923763179237,0.4821978913219789,0.075650745042857,0.1495944849959448,0.2366412213740458,131,0.3333333333333333,0.0666666666666666,0.2595419847328244,0.3333333333333333,0.1333333333333333,0.2824427480916031,0.3888888888888889,0.3111111111111111,0.3435114503816794,same-family,3.375
qwen3-8b-base,qwen38-27b,truthfulqa,3,0.7312475709288768,0.7098717450446949,570,1015,405,0.3990147783251231,0.6048087431693989,0.5237188828172435,0.0258397066579934,0.0810898603521553,0.2533659730722154,817,0.5098039215686274,0.0641975308641975,0.2851897184822521,0.4901960784313725,0.1234567901234567,0.3145654834761321,0.5467980295566502,0.2740740740740741,0.3892288861689106,same-family,3.375
qwen38-27b,qwen3-32b,boolq,3,0.5835734870317003,0.590297790585975,250,1519,150,0.0987491770901909,0.5083126369612856,0.5030070611151692,0.0133831587958201,0.0053055758461163,0.2522231204527081,1237,0.0657894736842105,0.0333333333333333,0.2562651576394503,0.0592105263157894,0.06,0.2594987873888439,0.0822368421052631,0.1666666666666666,0.2724333063864187,same-family,1.1851851851851851
qwen38-27b,qwen3-32b,geometry_of_truth,3,0.6753539253539254,0.7200772200772201,488,3153,645,0.2045670789724072,0.9638323257050306,0.4653624680093468,0.214498251079961,0.4984698576956838,0.2811133200795229,2515,0.9936708860759492,0.2434108527131783,0.3435387673956262,0.9936507936507936,0.4852713178294573,0.4055666003976143,0.8573692551505546,0.8387596899224806,0.4962226640159046,same-family,1.1851851851851851
qwen38-27b,qwen3-32b,rte,3,0.6956375838926174,0.7145973154362416,669,180,44,0.2444444444444444,0.6669451871657754,0.508230280748663,0.0945155148425217,0.1587149064171124,0.1984732824427481,131,0.4444444444444444,0.0909090909090909,0.2290076335877862,0.3333333333333333,0.1363636363636363,0.2442748091603053,0.3055555555555556,0.25,0.2824427480916031,same-family,1.1851851851851851
qwen38-27b,qwen3-32b,truthfulqa,3,0.7098717450446949,0.7110376991838321,562,1011,369,0.3649851632047478,0.6774350142255317,0.4939478172040287,0.0599181715906113,0.1834871970215029,0.241126070991432,817,0.7058823529411765,0.0975609756097561,0.2851897184822521,0.693069306930693,0.1897018970189702,0.3268053855569155,0.6287128712871287,0.3441734417344173,0.3965728274173806,same-family,1.1851851851851851
gemma4-12b,gemma4-31b,boolq,3,0.4939961575408261,0.3674351585014409,250,835,264,0.3161676646706587,0.4830042986785544,0.4898918033221886,0.0118851318464885,-0.0068875046436342,0.3556992724333064,1237,0.3809523809523809,0.0606060606060606,0.3686337914308811,0.369047619047619,0.1174242424242424,0.3807599029911075,0.2874251497005988,0.1818181818181818,0.3945028294260307,same-family,2.5833333333333335
gemma4-12b,gemma4-31b,geometry_of_truth,3,0.6644144144144144,0.6576576576576577,504,2779,1447,0.5206908960057575,0.5798960674565374,0.4973285310189249,0.0407097495997145,0.0825675364376125,0.1872763419483101,2515,0.6330935251798561,0.0608154803040774,0.2222664015904572,0.658273381294964,0.1264685556323427,0.2600397614314115,0.6258992805755396,0.2404975812024879,0.3256461232604374,same-family,2.5833333333333335
gemma4-12b,gemma4-31b,rte,3,0.4926174496644295,0.4444630872483222,685,105,53,0.5047619047619047,0.6302612481857764,0.5107039187227866,0.0347285221350333,0.1195573294629898,0.1450381679389313,131,0.8,0.0754716981132075,0.1755725190839694,0.8,0.1509433962264151,0.2061068702290076,0.6666666666666666,0.2641509433962264,0.2519083969465648,same-family,2.5833333333333335
gemma4-12b,gemma4-31b,truthfulqa,3,0.4656043528954527,0.4325689856198989,566,507,242,0.4773175542406311,0.4552627475440512,0.4844144706065804,0.0289212283618948,-0.0291517230625291,0.2741738066095471,817,0.4,0.0413223140495867,0.2864137086903305,0.4509803921568627,0.0950413223140495,0.3023255813953488,0.4257425742574257,0.1776859504132231,0.3268053855569155,same-family,2.5833333333333335
gemma4-12b,qwen38-27b,boolq,3,0.4939961575408261,0.5835734870317003,179,852,102,0.1197183098591549,0.5585490196078431,0.4743856209150326,0.0324495704924452,0.0841633986928104,0.5626515763945028,1237,0.1627906976744186,0.0686274509803921,0.5683104284559418,0.1176470588235294,0.0980392156862745,0.570735650767987,0.1352941176470588,0.2254901960784313,0.5812449474535166,cross-family,2.25
gemma4-12b,qwen38-27b,geometry_of_truth,3,0.6644144144144144,0.6753539253539254,503,2304,642,0.2786458333333333,0.9355803727071312,0.5324492691686254,0.1921971482707659,0.4031311035385058,0.5101391650099404,2515,0.982608695652174,0.17601246105919,0.5550695825049702,0.9608695652173912,0.3442367601246106,0.5980119284294234,0.9088937093275488,0.6526479750778816,0.6767395626242545,cross-family,2.25
gemma4-12b,qwen38-27b,rte,3,0.4926174496644295,0.6956375838926174,650,108,41,0.3796296296296296,0.762650163815071,0.5533309064433928,0.0742931621112434,0.2093192573716782,0.2824427480916031,131,0.4,0.048780487804878,0.2977099236641221,0.6363636363636364,0.1707317073170731,0.3358778625954198,0.6363636363636364,0.3414634146341463,0.3893129770992366,cross-family,2.25
gemma4-12b,qwen38-27b,truthfulqa,3,0.4656043528954527,0.7098717450446949,553,643,282,0.4385692068429238,0.6429343234906977,0.4833942358696292,0.0340759432155635,0.1595400876210684,0.3659730722154223,817,0.625,0.0709219858156028,0.390452876376989,0.625,0.1418439716312056,0.4149326805385557,0.5813953488372093,0.2659574468085106,0.4577723378212974,cross-family,2.25
gemma4-12b-base,gemma4-31b,boolq,3,0.4877521613832853,0.3674351585014409,181,292,31,0.1061643835616438,0.6007910023482882,0.4600173031763688,0.0450624726565444,0.1407736991719194,0.6095392077607114,1237,0.2666666666666666,0.1290322580645161,0.6127728375101051,0.2068965517241379,0.1935483870967742,0.6143896523848019,0.1896551724137931,0.3548387096774194,0.618431689571544,same-family,2.5833333333333335
gemma4-12b-base,gemma4-31b,geometry_of_truth,3,0.6518661518661518,0.6576576576576577,496,2038,668,0.3277723258096173,0.8278202718650292,0.4443162944184624,0.188792825337007,0.3835039774465668,0.6282306163021869,2515,0.9901960784313726,0.1511976047904191,0.668389662027833,0.9950980392156864,0.3038922155688622,0.7089463220675944,0.9705882352941176,0.592814371257485,0.7856858846918489,same-family,2.5833333333333335
gemma4-12b-base,gemma4-31b,rte,3,0.5672818791946309,0.4444630872483222,687,101,38,0.3762376237623762,0.6604010025062657,0.4721177944862156,0.0529252912109519,0.18828320802005,0.2519083969465648,131,1.0,0.131578947368421,0.2900763358778626,0.8,0.2105263157894736,0.3129770992366412,0.7,0.3684210526315789,0.3587786259541984,same-family,2.5833333333333335
gemma4-12b-base,gemma4-31b,truthfulqa,3,0.5239020598523125,0.4325689856198989,565,445,193,0.4337078651685393,0.488383090714697,0.4610884941195821,0.0434899919344408,0.0272945965951148,0.4332925336597307,817,0.4090909090909091,0.0466321243523316,0.4443084455324357,0.4545454545454545,0.1036269430051813,0.4577723378212974,0.3932584269662921,0.1813471502590673,0.4761321909424724,same-family,2.5833333333333335
gemma4-12b-base,qwen38-27b,boolq,3,0.4877521613832853,0.5835734870317003,133,1245,197,0.1582329317269076,0.550809857790522,0.5378385709303677,0.0186954772591888,0.0129712868601543,0.2861762328213419,1237,0.2096774193548387,0.065989847715736,0.2966855295068714,0.2096774193548387,0.1319796954314721,0.3071948261924009,0.1726907630522088,0.2182741116751269,0.3209377526273241,cross-family,2.25
gemma4-12b-base,qwen38-27b,geometry_of_truth,3,0.6518661518661518,0.6753539253539254,500,2731,682,0.2497253753203954,0.9370954145431074,0.5864240334674378,0.0980427133089038,0.3506713810756696,0.2998011928429423,2515,1.0,0.2008797653958944,0.3542743538767395,0.9963369963369964,0.3988269794721407,0.4079522862823062,0.9432234432234432,0.7551319648093842,0.504572564612326,cross-family,2.25
gemma4-12b-base,qwen38-27b,rte,3,0.5672818791946309,0.6956375838926174,690,145,39,0.2689655172413793,0.6458635703918723,0.5572689888727624,0.1183978042051228,0.0885945815191098,0.1908396946564885,131,0.7142857142857143,0.1282051282051282,0.2290076335877862,0.7142857142857143,0.2564102564102564,0.2671755725190839,0.5172413793103449,0.3846153846153846,0.3053435114503817,cross-family,2.25
gemma4-12b-base,qwen38-27b,truthfulqa,3,0.5239020598523125,0.7098717450446949,568,744,303,0.407258064516129,0.6318747521010604,0.4521938588416665,0.0666140668433065,0.1796808932593938,0.3537331701346389,817,0.8108108108108109,0.099009900990099,0.390452876376989,0.7702702702702703,0.1881188118811881,0.423500611995104,0.6241610738255033,0.3069306930693069,0.4675642594859241,cross-family,2.25
llama-8b,gemma4-12b,boolq,4,0.7490228922389727,0.6072026800670016,1144,1481,378,0.2552329507089804,0.5502837379537289,0.4928513865503893,0.0093137345952263,0.0574323514033395,0.5036378334680679,1237,0.2027027027027027,0.0396825396825396,0.5157639450282943,0.2635135135135135,0.1031746031746031,0.5351657235246564,0.3074324324324324,0.2407407407407407,0.5772029102667745,cross-family,1.5
llama-8b,gemma4-12b,geometry_of_truth,4,0.5792403405370007,0.7917485265225933,374,2385,378,0.1584905660377358,0.927056888192912,0.601045151493582,0.1132147313630508,0.3260117366993301,0.6429423459244533,2515,0.7647058823529411,0.2407407407407407,0.6791252485089463,0.7310924369747899,0.4603174603174603,0.7121272365805169,0.610062893081761,0.7698412698412699,0.7586481113320079,cross-family,1.5
llama-8b,gemma4-12b,imdb,4,0.6913157035586027,0.5009794319294809,760,1830,605,0.3306010928961748,0.6073563838758644,0.4995277449822904,0.0224865410664227,0.1078286388935739,0.418,2500,0.4891304347826087,0.0743801652892562,0.436,0.4426229508196721,0.1338842975206611,0.4504,0.4508196721311475,0.2727272727272727,0.484,cross-family,1.5
llama-8b,gemma4-12b,rte,4,0.7657366071428572,0.5954241071428571,1571,132,50,0.3787878787878788,0.6741463414634146,0.5151219512195122,0.0544601978231473,0.1590243902439023,0.4198473282442748,131,0.7142857142857143,0.1,0.4580152671755725,0.6923076923076923,0.18,0.4885496183206106,0.6538461538461539,0.34,0.549618320610687,cross-family,1.5
llama-8b,gemma4-12b,truthfulqa,4,0.7809968082494476,0.6350356002946231,1554,841,373,0.4435196195005945,0.4755963428885681,0.4778147269769254,0.0733540412735129,-0.0022183840883572,0.4247246022031823,817,0.3333333333333333,0.0375335120643431,0.4418604651162791,0.3333333333333333,0.0750670241286863,0.4589963280293758,0.3869047619047619,0.1742627345844504,0.5042839657282742,cross-family,1.5
llama-8b,gemma4-31b,boolq,3,0.6176753121998079,0.3674351585014409,363,733,103,0.1405184174624829,0.5352904916011713,0.4900947757743873,0.0427429751639959,0.0451957158267838,0.4801940177849636,1237,0.1891891891891892,0.0679611650485436,0.4858528698464026,0.136986301369863,0.0970873786407767,0.4882780921584478,0.1564625850340136,0.2233009708737864,0.4987873888439774,cross-family,3.875
llama-8b,gemma4-31b,geometry_of_truth,3,0.6772844272844273,0.6576576576576577,492,2449,828,0.338097182523479,0.9404479849320662,0.2517983695279647,0.0524084975456689,0.6886496154041014,0.3685884691848906,2515,0.8442622950819673,0.1243961352657004,0.4095427435387674,0.8938775510204081,0.2644927536231884,0.4556660039761431,0.9142857142857144,0.5410628019323671,0.5467196819085487,cross-family,3.875
llama-8b,gemma4-31b,rte,3,0.6897651006711409,0.4444630872483222,674,97,33,0.3402061855670103,0.6846590909090908,0.4423532196969697,0.0618975054594122,0.2423058712121211,0.4045801526717557,131,0.8,0.1212121212121212,0.4351145038167939,0.7,0.2121212121212121,0.4580152671755725,0.631578947368421,0.3636363636363636,0.4961832061068702,cross-family,3.875
llama-8b,gemma4-31b,truthfulqa,3,0.6787796346677031,0.4325689856198989,565,556,236,0.4244604316546763,0.5009401483050848,0.4620497881355931,0.078126441966368,0.0388903601694916,0.4296205630354957,817,0.3214285714285714,0.0381355932203389,0.4406364749082007,0.2857142857142857,0.0677966101694915,0.449204406364749,0.3513513513513513,0.1652542372881356,0.4773561811505508,cross-family,3.875
llama-8b,qwen3-8b,boolq,4,0.7490228922389727,0.3330541596873255,100,1016,94,0.09251968503937,0.5777103429178012,0.4623217335117921,0.0314557086600837,0.115388609406009,0.4616006467259498,1237,0.1372549019607843,0.0744680851063829,0.4672594987873888,0.1372549019607843,0.1489361702127659,0.4729183508488278,0.1477832512315271,0.3191489361702128,0.4858528698464026,cross-family,1.0
llama-8b,qwen3-8b,geometry_of_truth,4,0.5792403405370007,0.6365422396856582,384,2689,198,0.0736333209371513,0.8583385034609443,0.2823406688320378,0.1555356266877238,0.5759978346289065,0.2846918489065606,2515,0.6343283582089553,0.4292929292929293,0.3184890656063618,0.4126394052044609,0.5606060606060606,0.3288270377733598,0.2453531598513011,0.6666666666666666,0.3371769383697813,cross-family,1.0
llama-8b,qwen3-8b,imdb,4,0.6913157035586027,0.6849493960169768,685,3217,762,0.2368666459434255,0.7164055358660616,0.5375777111364135,0.0709731521576668,0.1788278247296481,0.1648,2500,0.5527950310559007,0.1167979002624672,0.2004,0.484472049689441,0.2047244094488189,0.2272,0.432348367029549,0.3648293963254593,0.276,cross-family,1.0
llama-8b,qwen3-8b,rte,4,0.7657366071428572,0.6415178571428571,840,165,38,0.2303030303030303,0.6641110650642353,0.5457936179030253,0.0594281917275563,0.11831744716121,0.3206106870229007,131,0.375,0.0789473684210526,0.3435114503816794,0.375,0.1578947368421052,0.366412213740458,0.303030303030303,0.2631578947368421,0.3969465648854962,cross-family,1.0
llama-8b,qwen3-8b,truthfulqa,4,0.7809968082494476,0.663147557083231,788,973,368,0.3782117163412127,0.5511049227452389,0.5534865702479339,0.0573142516345407,-0.0023816475026949,0.2900856793145654,817,0.4693877551020408,0.0625,0.3182374541003672,0.4536082474226804,0.1195652173913043,0.3439412484700122,0.4256410256410256,0.2255434782608695,0.3916768665850673,cross-family,1.0
llama-8b,qwen38-27b,boolq,3,0.6176753121998079,0.5835734870317003,283,1480,156,0.1054054054054054,0.5598516538848866,0.5281320202959175,0.0431231189136149,0.031719633588969,0.3395311236863379,1237,0.0945945945945946,0.0448717948717948,0.3451899757477769,0.1148648648648648,0.1089743589743589,0.3532740501212611,0.1216216216216216,0.2307692307692307,0.3686337914308811,cross-family,3.375
llama-8b,qwen38-27b,geometry_of_truth,3,0.6772844272844273,0.6753539253539254,499,2957,451,0.1525194453838349,0.9472866008497568,0.5604290279825095,0.1312397886512891,0.3868575728672472,0.3510934393638171,2515,1.0,0.328159645232816,0.4099403578528827,0.9256756756756755,0.6075388026607539,0.4600397614314115,0.6463620981387479,0.8470066518847007,0.5029821073558648,cross-family,3.375
llama-8b,qwen38-27b,rte,3,0.6897651006711409,0.6956375838926174,695,163,35,0.2147239263803681,0.6618303571428571,0.4724888392857143,0.0582976948796131,0.1893415178571428,0.3282442748091603,131,0.5,0.1142857142857142,0.3587786259541984,0.4375,0.2,0.3816793893129771,0.3333333333333333,0.3142857142857143,0.4122137404580153,cross-family,3.375
llama-8b,qwen38-27b,truthfulqa,3,0.6787796346677031,0.7098717450446949,574,959,392,0.4087591240875912,0.624991001691682,0.5225666324730951,0.0460570257788098,0.1024243692185868,0.237454100367197,817,0.6875,0.0841836734693877,0.2778457772337821,0.625,0.1530612244897959,0.3108935128518972,0.59375,0.2908163265306122,0.3769889840881273,cross-family,3.375
olmo3-7b,gemma4-12b-base,boolq,4,0.7938302624232273,0.3285873813512004,254,966,193,0.1997929606625259,0.501310418328429,0.4946058355508784,0.0315037163964635,0.0067045827775505,0.561034761519806,1237,0.2083333333333333,0.0518134715025906,0.5691188358932903,0.2164948453608247,0.1088082901554404,0.5780113177041228,0.2227979274611398,0.2227979274611398,0.5957962813257882,cross-family,1.7142857142857142
olmo3-7b,gemma4-12b-base,geometry_of_truth,4,0.7038310412573674,0.8040275049115914,1010,3272,761,0.2325794621026894,0.8132448501233207,0.4444136993025693,0.1033109922576163,0.3688311508207513,0.4119284294234592,2515,0.9817073170731708,0.2115637319316688,0.4759443339960238,0.908256880733945,0.3902759526938239,0.5300198807157057,0.7003058103975535,0.6018396846254928,0.5940357852882704,cross-family,1.7142857142857142
olmo3-7b,gemma4-12b-base,imdb,4,0.7409402546523016,0.5584394384590271,837,2547,804,0.3156654888103651,0.5314884270557712,0.5189262736803646,0.044211261030193,0.0125621533754065,0.2916,2500,0.3700787401574803,0.058457711442786,0.3104,0.3411764705882353,0.1082089552238805,0.3264,0.3280943025540275,0.2077114427860696,0.3584,cross-family,1.7142857142857142
olmo3-7b,gemma4-12b-base,rte,4,0.8010044642857143,0.7073660714285714,1695,180,55,0.3055555555555556,0.6922181818181818,0.4749818181818181,0.0281725028592663,0.2172363636363636,0.3129770992366412,131,0.6666666666666666,0.109090909090909,0.3587786259541984,0.7222222222222222,0.2363636363636363,0.4122137404580153,0.5277777777777778,0.3454545454545454,0.4580152671755725,cross-family,1.7142857142857142
olmo3-7b,gemma4-12b-base,truthfulqa,4,0.8083722072182666,0.7275963663147557,1549,1038,509,0.4903660886319846,0.540096783418319,0.4875529690523321,0.0326041359147664,0.0525438143659868,0.2839657282741738,817,0.5192307692307693,0.0530451866404715,0.3170134638922888,0.5192307692307693,0.106090373280943,0.3500611995104039,0.5144230769230769,0.2102161100196463,0.4149326805385557,cross-family,1.7142857142857142
olmo3-7b,llama-8b,boolq,4,0.7938302624232273,0.7490228922389727,1288,2071,477,0.2303235152100434,0.5568391952000296,0.5281240053765562,0.0043928302037653,0.0287151898234733,0.427647534357316,1237,0.3173076923076923,0.0691823899371069,0.454324979789814,0.2898550724637681,0.1257861635220125,0.4761519805982215,0.2753623188405797,0.2389937106918239,0.5198059822150364,cross-family,1.1428571428571428
olmo3-7b,llama-8b,geometry_of_truth,4,0.7038310412573674,0.5792403405370007,373,2881,372,0.1291218326969802,0.8843228892117411,0.5669967150516206,0.1061591787220668,0.3173261741601204,0.272365805168986,2515,0.8819444444444444,0.3413978494623655,0.3228628230616302,0.7604166666666666,0.5887096774193549,0.3594433399602386,0.5052083333333334,0.782258064516129,0.3880715705765407,cross-family,1.1428571428571428
olmo3-7b,llama-8b,imdb,4,0.7409402546523016,0.6913157035586027,842,3251,859,0.2642263918794217,0.6153919156209484,0.4478159639621399,0.0403396512015343,0.1675759516588084,0.226,2500,0.4171779141104294,0.079161816065192,0.2532,0.3907692307692307,0.1478463329452852,0.2768,0.3769230769230769,0.2852153667054715,0.324,cross-family,1.1428571428571428
olmo3-7b,llama-8b,rte,4,0.8010044642857143,0.7657366071428572,1715,190,60,0.3157894736842105,0.6233333333333333,0.4633974358974358,0.0509915248014599,0.1599358974358974,0.2977099236641221,131,0.4,0.0666666666666666,0.3282442748091603,0.4736842105263157,0.15,0.366412213740458,0.3684210526315789,0.2333333333333333,0.4045801526717557,cross-family,1.1428571428571428
olmo3-7b,llama-8b,truthfulqa,4,0.8083722072182666,0.7809968082494476,1581,1115,535,0.4798206278026906,0.5152626490493072,0.4786738640025781,0.033388591906253,0.036588785046729,0.2386780905752754,817,0.4464285714285714,0.0467289719626168,0.2692778457772338,0.4642857142857143,0.0971962616822429,0.3023255813953488,0.4573991031390134,0.1906542056074766,0.3635250917992656,cross-family,1.1428571428571428
olmo3-7b,qwen3-8b,boolq,4,0.7938302624232273,0.3330541596873255,107,1002,107,0.1067864271457085,0.569759306636036,0.4921343914791417,0.039857398451261,0.0776249151568943,0.6014551333872271,1237,0.14,0.0654205607476635,0.6071139854486661,0.15,0.1401869158878504,0.6135812449474535,0.14,0.2616822429906542,0.624090541632983,cross-family,1.1428571428571428
olmo3-7b,qwen3-8b,geometry_of_truth,4,0.7038310412573674,0.6365422396856582,575,2939,450,0.1531133038448451,0.8737288513905628,0.2713626623811437,0.0479503309274615,0.6023661890094191,0.3335984095427435,2515,0.9047619047619048,0.2955555555555555,0.3864811133200795,0.8367346938775511,0.5466666666666666,0.4314115308151093,0.5663265306122449,0.74,0.4660039761431411,cross-family,1.1428571428571428
olmo3-7b,qwen3-8b,imdb,4,0.7409402546523016,0.6849493960169768,688,3219,827,0.2569120844982914,0.7477160870778451,0.4919749628952615,0.1334898676548845,0.2557411241825836,0.238,2500,0.7329192546583851,0.1426844014510278,0.2852,0.6180124223602484,0.2406287787182587,0.3176,0.532608695652174,0.4147521160822249,0.3752,cross-family,1.1428571428571428
olmo3-7b,qwen3-8b,rte,4,0.8010044642857143,0.6415178571428571,849,168,38,0.2261904761904762,0.6578947368421052,0.5136133603238867,0.0496391969494785,0.1442813765182184,0.3893129770992366,131,0.375,0.0789473684210526,0.4122137404580153,0.2941176470588235,0.131578947368421,0.4274809160305343,0.3235294117647059,0.2894736842105263,0.4732824427480916,cross-family,1.1428571428571428
olmo3-7b,qwen3-8b,truthfulqa,4,0.8083722072182666,0.663147557083231,787,911,369,0.4050493962678375,0.5689856898568986,0.4889161391613916,0.034717799628997,0.0800695506955069,0.4137086903304773,817,0.6086956521739131,0.075880758807588,0.4479804161566707,0.5604395604395604,0.1382113821138211,0.4761321909424724,0.478021978021978,0.2357723577235772,0.5201958384332925,cross-family,1.1428571428571428
olmo3-7b,qwen38-27b,boolq,3,0.686359269932757,0.5835734870317003,286,1527,220,0.1440733464309102,0.5284899492244557,0.5057270292828824,0.0067017684999571,0.0227629199415733,0.4486661277283751,1237,0.1052631578947368,0.0363636363636363,0.4551333872271625,0.1568627450980392,0.109090909090909,0.4680679062247372,0.1377049180327869,0.1909090909090909,0.4826192400970089,cross-family,3.857142857142857
olmo3-7b,qwen38-27b,geometry_of_truth,3,0.6615186615186616,0.6753539253539254,509,2623,836,0.3187190240182996,0.94513204081578,0.3862580425347338,0.2060024831831153,0.5588739982810461,0.3009940357852882,2515,1.0,0.1566985645933014,0.3530815109343936,1.0,0.3133971291866029,0.405168986083499,1.0,0.6279904306220095,0.509741550695825,cross-family,3.857142857142857
olmo3-7b,qwen38-27b,rte,3,0.7402684563758389,0.6956375838926174,700,177,46,0.2598870056497175,0.542648523066711,0.4649435778294059,0.1407639544837982,0.077704945237305,0.2442748091603053,131,0.1111111111111111,0.0217391304347826,0.2519083969465648,0.1666666666666666,0.0652173913043478,0.2671755725190839,0.2,0.1521739130434782,0.2977099236641221,cross-family,3.857142857142857
olmo3-7b,qwen38-27b,truthfulqa,3,0.731441896618733,0.7098717450446949,570,980,435,0.4438775510204081,0.6247685331646102,0.4767162290414425,0.0516842285796194,0.1480523041231677,0.2962056303549572,817,0.7142857142857143,0.0804597701149425,0.3390452876376989,0.6836734693877551,0.1540229885057471,0.3782129742962056,0.6122448979591837,0.2758620689655172,0.4430844553243574,cross-family,3.857142857142857
qwen3-1.7b,gemma4-12b-base,boolq,4,0.6475432719151312,0.3285873813512004,208,825,134,0.1624242424242424,0.5192993066505389,0.5142260837635267,0.0117439397693639,0.0050732228870121,0.4381568310428456,1237,0.1463414634146341,0.044776119402985,0.4430072756669361,0.1829268292682926,0.1119402985074626,0.4502829426030719,0.1515151515151515,0.1865671641791045,0.4583670169765562,cross-family,7.0588235294117645
qwen3-1.7b,gemma4-12b-base,geometry_of_truth,4,0.785199738048461,0.8040275049115914,1378,3492,1000,0.286368843069874,0.977008025682183,0.547696227929374,0.1761758880559567,0.429311797752809,0.3924453280318091,2515,1.0,0.175,0.4620278330019881,0.997134670487106,0.348,0.5308151093439364,0.988538681948424,0.69,0.6667992047713718,cross-family,7.0588235294117645
qwen3-1.7b,gemma4-12b-base,imdb,4,0.5128958537381652,0.5584394384590271,806,1986,607,0.3056394763343404,0.5025237350562032,0.4600760047452192,0.0786078370964478,0.0424477303109839,0.2968,2500,0.2727272727272727,0.0444810543657331,0.3076,0.2462311557788944,0.0807248764415156,0.3164,0.2745591939546599,0.1795716639209225,0.3404,cross-family,7.0588235294117645
qwen3-1.7b,gemma4-12b-base,rte,4,0.6172991071428572,0.7073660714285714,1621,147,46,0.3129251700680272,0.683383555746879,0.5446620749031424,0.0663481593275643,0.1387214808437366,0.3053435114503817,131,0.7142857142857143,0.108695652173913,0.3435114503816794,0.6666666666666666,0.217391304347826,0.3816793893129771,0.5862068965517241,0.3695652173913043,0.4351145038167939,cross-family,7.0588235294117645
qwen3-1.7b,gemma4-12b-base,truthfulqa,4,0.6329486864718881,0.7275963663147557,1552,784,359,0.4579081632653061,0.4544977879731279,0.5127805997050631,0.0593124131807577,-0.0582828117319351,0.4026927784577723,817,0.1538461538461538,0.0167130919220055,0.4100367197062423,0.2179487179487179,0.0473537604456824,0.423500611995104,0.3248407643312102,0.1420612813370473,0.4651162790697674,cross-family,7.0588235294117645
qwen3-1.7b,llama-8b,boolq,4,0.6475432719151312,0.7490228922389727,1268,1772,355,0.2003386004514672,0.5024461518582206,0.4893088950073055,0.0052676334692135,0.013137256850915,0.406628940986257,1237,0.0898876404494382,0.0225352112676056,0.4130962004850445,0.1581920903954802,0.0788732394366197,0.4292643492320129,0.1779661016949152,0.1774647887323943,0.4575586095392077,cross-family,4.705882352941177
qwen3-1.7b,llama-8b,geometry_of_truth,4,0.785199738048461,0.5792403405370007,363,2847,357,0.125395152792413,0.9551618237656508,0.4980740890733803,0.1135367293049149,0.4570877346922705,0.4548707753479125,2515,0.908450704225352,0.361344537815126,0.5061630218687873,0.8245614035087719,0.6582633053221288,0.5483101391650099,0.5694200351493849,0.907563025210084,0.5836978131212723,cross-family,4.705882352941177
qwen3-1.7b,llama-8b,imdb,4,0.5128958537381652,0.6913157035586027,794,2200,555,0.2522727272727272,0.6178131931323422,0.5266151866151866,0.0815964797466851,0.0911980065171556,0.3168,2500,0.4545454545454545,0.09009009009009,0.3368,0.4181818181818181,0.1657657657657657,0.3536,0.3840909090909091,0.3045045045045045,0.3844,cross-family,4.705882352941177
qwen3-1.7b,llama-8b,rte,4,0.6172991071428572,0.7657366071428572,1613,145,42,0.2896551724137931,0.7152103559870551,0.5205154877484974,0.0339650011766994,0.1946948682385576,0.4274809160305343,131,0.5714285714285714,0.0952380952380952,0.4580152671755725,0.5714285714285714,0.1904761904761904,0.4885496183206106,0.5172413793103449,0.3571428571428571,0.5419847328244275,cross-family,4.705882352941177
qwen3-1.7b,llama-8b,truthfulqa,4,0.6329486864718881,0.7809968082494476,1554,876,382,0.4360730593607306,0.4720255633041525,0.5142230324098607,0.0622322987175115,-0.0421974691057081,0.3647490820073439,817,0.25,0.0287958115183246,0.3782129742962056,0.2272727272727272,0.0523560209424083,0.3892288861689106,0.3485714285714286,0.1596858638743455,0.4394124847001224,cross-family,4.705882352941177
qwen3-1.7b,qwen3-32b,boolq,4,0.6475432719151312,0.7290619765494137,1141,1727,289,0.1673422119281992,0.4871433315206145,0.500264689038505,0.0121017328027998,-0.0131213575178904,0.4341147938561034,1237,0.0697674418604651,0.0207612456747404,0.438965238480194,0.0982658959537572,0.0588235294117647,0.4478577202910266,0.136231884057971,0.1626297577854671,0.4721099434114794,same-family,18.823529411764707
qwen3-1.7b,qwen3-32b,geometry_of_truth,4,0.785199738048461,0.6421087098886706,544,3066,575,0.1875407697325505,0.95581938456705,0.4223440909011572,0.2059660842584421,0.5334752936658929,0.4071570576540755,2515,0.9019607843137256,0.24,0.4620278330019881,0.8631921824104235,0.4608695652173913,0.5125248508946322,0.7569331158238173,0.8069565217391305,0.5916500994035785,same-family,18.823529411764707
qwen3-1.7b,qwen3-32b,imdb,4,0.5128958537381652,0.717760365654587,729,2357,710,0.3012303775986423,0.7382958345091801,0.544769619538726,0.0751198711151335,0.193526214970454,0.2452,2500,0.7033898305084746,0.1169014084507042,0.2784,0.673728813559322,0.223943661971831,0.3088,0.5944798301486199,0.3943661971830985,0.3572,same-family,18.823529411764707
qwen3-1.7b,qwen3-32b,rte,4,0.6172991071428572,0.7856026785714286,1547,160,54,0.3375,0.8598881900768692,0.5673480083857443,0.0625085911104295,0.2925401816911249,0.2519083969465648,131,0.875,0.1296296296296296,0.3053435114503817,0.875,0.2592592592592592,0.3587786259541984,0.84375,0.5,0.4580152671755725,same-family,18.823529411764707
qwen3-1.7b,qwen3-32b,truthfulqa,4,0.6329486864718881,0.8048121777559538,1472,890,365,0.4101123595505618,0.5314024787997391,0.4519478147423352,0.0481808861351116,0.0794546640574038,0.3610771113831089,817,0.5,0.0602739726027397,0.3880048959608323,0.4269662921348314,0.1041095890410958,0.4075887392900856,0.4157303370786517,0.2027397260273972,0.4516523867809057,same-family,18.823529411764707
qwen3-1.7b,qwen3-8b-base,boolq,4,0.6475432719151312,0.7709380234505863,1232,1793,390,0.2175125488008923,0.524962991392072,0.5048284810936272,0.0107349834023933,0.0201345102984448,0.4373484236054972,1237,0.1555555555555555,0.0358974358974358,0.4486661277283751,0.1620111731843575,0.0743589743589743,0.4607922392886014,0.2144846796657381,0.1974358974358974,0.4995957962813258,same-family,4.705882352941177
qwen3-1.7b,qwen3-8b-base,geometry_of_truth,4,0.785199738048461,0.7213490504256712,945,3408,916,0.2687793427230047,0.9509346940778176,0.3719130475162441,0.1083175015642134,0.5790216465615734,0.2934393638170974,2515,1.0,0.185589519650655,0.3610337972166998,1.0,0.3722707423580786,0.4290258449304175,0.9912023460410556,0.7379912663755459,0.5622266401590458,same-family,4.705882352941177
qwen3-1.7b,qwen3-8b-base,imdb,4,0.5128958537381652,0.7592229840026118,805,2265,622,0.2746136865342163,0.592239707381799,0.5200389746620663,0.1002338730822121,0.0722007327197327,0.392,2500,0.3451327433628318,0.062700964630225,0.4076,0.3805309734513274,0.1382636655948553,0.4264,0.3377483443708609,0.2459807073954984,0.4532,same-family,4.705882352941177
qwen3-1.7b,qwen3-8b-base,rte,4,0.6172991071428572,0.8262276785714285,1649,162,56,0.345679012345679,0.7151280323450135,0.5421159029649596,0.071701703260899,0.1730121293800539,0.2900763358778626,131,0.75,0.1071428571428571,0.3358778625954198,0.6875,0.1964285714285714,0.3740458015267175,0.59375,0.3392857142857143,0.4351145038167939,same-family,4.705882352941177
qwen3-1.7b,qwen3-8b-base,truthfulqa,4,0.6329486864718881,0.8246992388902529,1543,885,377,0.4259887005649717,0.4643006328452975,0.4473307713193676,0.0290390035711438,0.0169698615259298,0.405140758873929,817,0.3863636363636363,0.0450928381962864,0.4259485924112607,0.3522727272727273,0.0822281167108753,0.4430844553243574,0.4124293785310734,0.1936339522546419,0.4944920440636475,same-family,4.705882352941177
qwen3-8b,gemma4-12b,boolq,4,0.3330541596873255,0.6072026800670016,39,494,32,0.0647773279352226,0.3588338744588745,0.5060031114718615,0.0642736150961024,-0.147169237012987,0.6386418755052546,1237,0.04,0.03125,0.6394502829426031,0.0408163265306122,0.0625,0.6402586903799515,0.0505050505050505,0.15625,0.6426839126919968,cross-family,1.5
qwen3-8b,gemma4-12b,geometry_of_truth,4,0.6365422396856582,0.7917485265225933,575,2620,630,0.2404580152671755,0.935370503310202,0.4264387413256759,0.2573440532054899,0.5089317619845259,0.5658051689860835,2515,0.9541984732824428,0.1984126984126984,0.6155069582504971,0.9389312977099236,0.3904761904761905,0.6636182902584493,0.8835877862595419,0.734920634920635,0.7499005964214712,cross-family,1.5
qwen3-8b,gemma4-12b,imdb,4,0.6849493960169768,0.5009794319294809,641,1787,564,0.3156127588136542,0.7599395162459479,0.53208342756737,0.0242353183963568,0.2278560886785778,0.4372,2500,0.8089887640449438,0.1276595744680851,0.466,0.7430167597765364,0.2358156028368794,0.4904,0.6554621848739496,0.4148936170212766,0.5308,cross-family,1.5
qwen3-8b,gemma4-12b,rte,4,0.6415178571428571,0.5954241071428571,766,112,31,0.2767857142857143,0.7439267224213462,0.5126443647949024,0.041605332057321,0.2312823576264437,0.465648854961832,131,0.8333333333333334,0.1612903225806451,0.5038167938931297,0.6363636363636364,0.2258064516129032,0.5190839694656488,0.4545454545454545,0.3225806451612903,0.5419847328244275,cross-family,1.5
qwen3-8b,gemma4-12b,truthfulqa,4,0.663147557083231,0.6350356002946231,764,703,262,0.3726884779516358,0.6072596977722386,0.480682349275588,0.0553201198045305,0.1265773484966506,0.4651162790697674,817,0.4857142857142857,0.0648854961832061,0.4859241126070991,0.5142857142857142,0.1374045801526717,0.5091799265605875,0.4539007092198581,0.2442748091603053,0.543451652386781,cross-family,1.5
qwen3-8b,gemma4-31b,boolq,3,0.404418828049952,0.3674351585014409,57,302,12,0.0397350993377483,0.485919540229885,0.4862787356321839,0.0455227990446293,-0.0003591954022988,0.4203718674211802,1237,0.0666666666666666,0.0833333333333333,0.4211802748585287,0.0333333333333333,0.0833333333333333,0.4211802748585287,0.0333333333333333,0.1666666666666666,0.4219886822958771,cross-family,3.875
qwen3-8b,gemma4-31b,geometry_of_truth,3,0.6718146718146718,0.6576576576576577,486,2478,864,0.3486682808716707,0.9750354249850842,0.653175053926293,0.2655836526457092,0.3218603710587912,0.3391650099403578,2515,0.9919354838709676,0.1423611111111111,0.3880715705765407,0.9919354838709676,0.2847222222222222,0.4369781312127236,0.995967741935484,0.5717592592592593,0.5355864811133201,cross-family,3.875
qwen3-8b,gemma4-31b,rte,3,0.6820469798657718,0.4444630872483222,595,99,36,0.3636363636363636,0.7473544973544974,0.4751984126984128,0.0474507270357934,0.2721560846560846,0.3053435114503817,131,1.0,0.1388888888888889,0.3435114503816794,0.7,0.1944444444444444,0.3587786259541984,0.65,0.3611111111111111,0.4045801526717557,cross-family,3.875
qwen3-8b,gemma4-31b,truthfulqa,3,0.6999611348620287,0.4325689856198989,534,549,215,0.3916211293260473,0.5952792090238128,0.5279209023812839,0.0595291480769319,0.0673583066425289,0.4039167686658507,817,0.5185185185185185,0.0651162790697674,0.4210526315789473,0.4727272727272727,0.1209302325581395,0.4357405140758874,0.5181818181818182,0.2651162790697674,0.4736842105263157,cross-family,3.875
qwen3-8b,qwen3-32b,boolq,4,0.3330541596873255,0.7290619765494137,95,975,84,0.0861538461538461,0.5374111485222596,0.4882221687777243,0.0218914461061637,0.0491889797445352,0.3985448666127728,1237,0.0612244897959183,0.0357142857142857,0.4009700889248181,0.0612244897959183,0.0714285714285714,0.4033953112368634,0.082051282051282,0.1904761904761904,0.4114793856103476,same-family,4.0
qwen3-8b,qwen3-32b,geometry_of_truth,4,0.6365422396856582,0.6421087098886706,551,2858,367,0.1284114765570329,0.9475463166035328,0.4452060113957932,0.2719602747602921,0.5023403052077396,0.2759443339960238,2515,1.0,0.3896457765667575,0.3328031809145129,0.916083916083916,0.7138964577656676,0.3801192842942346,0.5384615384615384,0.8392370572207084,0.3984095427435388,same-family,4.0
qwen3-8b,qwen3-32b,imdb,4,0.6849493960169768,0.717760365654587,676,3255,796,0.2445468509984639,0.7356858509709998,0.453585408743596,0.1099676969513189,0.2821004422274038,0.19,2500,0.6134969325153374,0.1256281407035175,0.23,0.558282208588957,0.228643216080402,0.2628,0.5084485407066052,0.4158291457286432,0.3224,same-family,4.0
qwen3-8b,qwen3-32b,rte,4,0.6415178571428571,0.7856026785714286,835,174,40,0.2298850574712643,0.8322761194029851,0.5187966417910448,0.0890393012672828,0.3134794776119403,0.2977099236641221,131,0.8888888888888888,0.2,0.3587786259541984,0.7647058823529411,0.325,0.3969465648854962,0.6,0.525,0.4580152671755725,same-family,4.0
qwen3-8b,qwen3-32b,truthfulqa,4,0.663147557083231,0.8048121777559538,781,1018,363,0.3565815324165029,0.6644838390848107,0.4683079931865498,0.062083204567553,0.1961758458982608,0.2570379436964504,817,0.6274509803921569,0.0881542699724518,0.2962056303549572,0.7058823529411765,0.1983471074380165,0.3451652386780905,0.6568627450980392,0.3691460055096419,0.4210526315789473,same-family,4.0
qwen3-8b,qwen38-27b,boolq,3,0.404418828049952,0.5835734870317003,62,1175,109,0.0927659574468085,0.5738334165275315,0.5030745993769041,0.0177490245595621,0.0707588171506273,0.2085691188358933,1237,0.1525423728813559,0.0825688073394495,0.2158447857720291,0.1525423728813559,0.1651376146788991,0.2231204527081649,0.1276595744680851,0.2752293577981651,0.232821341956346,same-family,3.375
qwen3-8b,qwen38-27b,geometry_of_truth,3,0.6718146718146718,0.6753539253539254,487,2932,448,0.1527967257844474,0.9306606927191166,0.3024859098228663,0.1507325314233468,0.6281747828962503,0.3526838966202783,2515,0.9863945578231292,0.3236607142857143,0.410337972166998,0.9419795221843004,0.6160714285714286,0.4624254473161033,0.6484641638225256,0.8482142857142857,0.5037773359840955,same-family,3.375
qwen3-8b,qwen38-27b,rte,3,0.6820469798657718,0.6956375838926174,638,176,43,0.2443181818181818,0.6342017835285889,0.5424899457947194,0.1342085041999792,0.0917118377338694,0.1526717557251908,131,0.4444444444444444,0.0930232558139534,0.183206106870229,0.2777777777777778,0.1162790697674418,0.1908396946564885,0.3714285714285714,0.3023255813953488,0.2519083969465648,same-family,3.375
qwen3-8b,qwen38-27b,truthfulqa,3,0.6999611348620287,0.7098717450446949,552,969,366,0.3777089783281733,0.6394666014191338,0.4974807202602651,0.0364770551887427,0.1419858811588686,0.2239902080783353,817,0.7916666666666666,0.1038251366120218,0.2705018359853121,0.6907216494845361,0.1830601092896175,0.3059975520195838,0.5618556701030928,0.2978142076502732,0.3574051407588739,same-family,3.375
qwen3-8b-base,gemma4-12b-base,boolq,4,0.7709380234505863,0.3285873813512004,236,935,167,0.1786096256684492,0.5348287799401197,0.4784922342814371,0.0283148963682598,0.0563365456586825,0.5295068714632175,1237,0.0851063829787234,0.0239520958083832,0.5327405012126112,0.1914893617021276,0.1077844311377245,0.5440582053354891,0.2032085561497326,0.2275449101796407,0.5602263540824576,cross-family,1.5
qwen3-8b-base,gemma4-12b-base,geometry_of_truth,4,0.7213490504256712,0.8040275049115914,937,3501,987,0.2819194515852613,0.9410321450132548,0.3103533082015284,0.2104148394082637,0.6306788368117265,0.2660039761431411,2515,1.0,0.1773049645390071,0.33558648111332,0.9971428571428572,0.353596757852077,0.4047713717693837,0.9928571428571428,0.7041540020263425,0.5423459244532803,cross-family,1.5
qwen3-8b-base,gemma4-12b-base,imdb,4,0.7592229840026118,0.5584394384590271,820,2485,740,0.2977867203219316,0.5309711143808564,0.5456539921009835,0.086224323398362,-0.0146828777201271,0.3464,2500,0.25,0.0418918918918918,0.3588,0.282258064516129,0.0945945945945946,0.3744,0.3158953722334004,0.2121621621621621,0.4092,cross-family,1.5
qwen3-8b-base,gemma4-12b-base,rte,4,0.8262276785714285,0.7073660714285714,1700,187,58,0.3101604278074866,0.673883988238439,0.4910117615610799,0.0604116084354487,0.182872226677359,0.2748091603053435,131,0.5555555555555556,0.0862068965517241,0.3129770992366412,0.5789473684210527,0.1896551724137931,0.3587786259541984,0.4864864864864865,0.3103448275862069,0.4122137404580153,cross-family,1.5
qwen3-8b-base,gemma4-12b-base,truthfulqa,4,0.8246992388902529,0.7275963663147557,1560,1064,465,0.4370300751879699,0.5298580070727198,0.510235697488646,0.0201229390953444,0.0196223095840738,0.2937576499388005,817,0.4716981132075472,0.053763440860215,0.3243574051407589,0.4716981132075472,0.1075268817204301,0.3549571603427172,0.4788732394366197,0.2193548387096774,0.4186046511627907,cross-family,1.5
qwen3-8b-base,llama-8b,boolq,4,0.7709380234505863,0.7490228922389727,1241,2096,467,0.2228053435114503,0.5174940814440618,0.4975675096583208,0.0180342925951219,0.0199265717857409,0.370250606305578,1237,0.2571428571428571,0.0578158458244111,0.3920776071139854,0.2666666666666666,0.1199143468950749,0.4155214227970897,0.2434367541766109,0.2184154175588865,0.4527081649151172,cross-family,1.0
qwen3-8b-base,llama-8b,geometry_of_truth,4,0.7213490504256712,0.5792403405370007,373,2897,385,0.132896099413186,0.9618041194474314,0.4251468276945984,0.2427429394575877,0.5366572917528329,0.2958250497017892,2515,0.9724137931034482,0.3662337662337662,0.3518886679920477,0.9172413793103448,0.6909090909090909,0.4015904572564612,0.6027633851468048,0.9064935064935064,0.4345924453280318,cross-family,1.0
qwen3-8b-base,llama-8b,imdb,4,0.7592229840026118,0.6913157035586027,846,3308,846,0.2557436517533252,0.6361157681870818,0.4923707973490195,0.0598896876347628,0.1437449708380622,0.24,2500,0.4545454545454545,0.0886524822695035,0.27,0.404833836858006,0.1583924349881796,0.2936,0.3972809667673716,0.3108747044917258,0.3452,cross-family,1.0
qwen3-8b-base,llama-8b,rte,4,0.8262276785714285,0.7657366071428572,1721,201,64,0.3184079601990049,0.6263686131386861,0.5367814781021898,0.0400176753802731,0.0895871350364962,0.2442748091603053,131,0.4,0.0625,0.2748091603053435,0.45,0.140625,0.3129770992366412,0.375,0.234375,0.3587786259541984,cross-family,1.0
qwen3-8b-base,llama-8b,truthfulqa,4,0.8246992388902529,0.7809968082494476,1598,1147,492,0.4289450741063644,0.5106249612114442,0.4925681127040278,0.0495910579383347,0.0180568485074164,0.2460220318237454,817,0.3508771929824561,0.040650406504065,0.2705018359853121,0.417391304347826,0.0975609756097561,0.3047735618115055,0.3842794759825327,0.1788617886178861,0.3537331701346389,cross-family,1.0
qwen3-8b-base,qwen3-8b,boolq,4,0.7709380234505863,0.3330541596873255,109,1040,107,0.1028846153846153,0.5777163406156405,0.4809202552313409,0.0194233894382074,0.0967960853842995,0.5278900565885206,1237,0.0961538461538461,0.0467289719626168,0.5319320937752627,0.1153846153846153,0.1121495327102803,0.5375909458367018,0.1298076923076923,0.2523364485981308,0.549717057396928,same-family,1.0
qwen3-8b-base,qwen3-8b,geometry_of_truth,4,0.7213490504256712,0.6365422396856582,577,2895,404,0.1395509499136442,0.8269930164433544,0.6561179652690279,0.192975391048276,0.1708750511743265,0.4039761431411531,2515,0.8551724137931035,0.3069306930693069,0.4532803180914513,0.6310344827586207,0.452970297029703,0.4767395626242545,0.4110535405872193,0.5891089108910891,0.4986083499005964,same-family,1.0
qwen3-8b-base,qwen3-8b,imdb,4,0.7592229840026118,0.6849493960169768,689,3315,845,0.2549019607843137,0.7237112809333301,0.4533848789018518,0.0840169473798096,0.2703264020314783,0.2272,2500,0.608433734939759,0.1195266272189349,0.2676,0.5632530120481928,0.2213017751479289,0.302,0.4992458521870286,0.3917159763313609,0.3596,same-family,1.0
qwen3-8b-base,qwen3-8b,rte,4,0.8262276785714285,0.6415178571428571,854,177,43,0.2429378531073446,0.6848316556751128,0.5121051718153419,0.0551231454532207,0.1727264838597709,0.3206106870229007,131,0.6666666666666666,0.1395348837209302,0.366412213740458,0.5555555555555556,0.2325581395348837,0.3969465648854962,0.4571428571428571,0.3720930232558139,0.4427480916030534,same-family,1.0
qwen3-8b-base,qwen3-8b,truthfulqa,4,0.8246992388902529,0.663147557083231,791,1017,372,0.3657817109144542,0.5071851296157373,0.4662571892973243,0.0449405220069638,0.0409279403184129,0.3084455324357405,817,0.4117647058823529,0.0564516129032258,0.3341493268053855,0.392156862745098,0.1075268817204301,0.3574051407588739,0.334975369458128,0.1827956989247312,0.3916768665850673,same-family,1.0
qwen38-27b,gemma4-31b,boolq,3,0.5835734870317003,0.3674351585014409,291,614,40,0.0651465798045602,0.4845383275261324,0.5191093205574913,0.0244801683307521,-0.0345709930313588,0.486661277283751,1237,0.0,0.0,0.486661277283751,0.0327868852459016,0.05,0.4882780921584478,0.032520325203252,0.1,0.4898949070331447,cross-family,1.148148148148148
qwen38-27b,gemma4-31b,geometry_of_truth,3,0.6753539253539254,0.6576576576576577,506,2385,764,0.320335429769392,0.9609146638846812,0.5831840196246258,0.1870727391749705,0.3777306442600553,0.4166998011928429,2515,1.0,0.1557591623036649,0.4640159045725646,1.0,0.3115183246073298,0.5113320079522863,0.9979035639412998,0.6230366492146597,0.6059642147117297,cross-family,1.148148148148148
qwen38-27b,gemma4-31b,rte,3,0.6956375838926174,0.4444630872483222,635,107,43,0.4018691588785046,0.811046511627907,0.4558502906976744,0.1050146920514636,0.3551962209302325,0.1984732824427481,131,1.0,0.1162790697674418,0.2366412213740458,0.9090909090909092,0.2325581395348837,0.2748091603053435,0.9047619047619048,0.4418604651162791,0.3435114503816794,cross-family,1.148148148148148
qwen38-27b,gemma4-31b,truthfulqa,3,0.7098717450446949,0.4325689856198989,555,638,275,0.4310344827586206,0.640350613573754,0.4838567493112947,0.0081248318727761,0.1564938642624592,0.3390452876376989,817,0.40625,0.0472727272727272,0.3549571603427172,0.46875,0.109090909090909,0.3757649938800489,0.5390625,0.2509090909090909,0.423500611995104,cross-family,1.148148148148148
llama31-8b-base,qwen3-32b,boolq,4,0.6969570072585148,0.7290619765494137,1091,1755,291,0.1658119658119658,0.5569169812029369,0.5140843004150001,0.02324401228806319,0.04283268078793678,0.5117219078415521,1237,0.22727272727272727,0.06872852233676977,0.5278900565885206,0.22727272727272727,0.13745704467353953,0.5440582053354891,0.21367521367521367,0.25773195876288657,0.5723524656426839
llama31-8b-base,qwen3-32b,geometry_of_truth,4,0.8238375900458416,0.6421087098886706,528,3181,678,0.21314052184847532,0.5889115951713402,0.534441413666432,0.23601579691709987,0.05447018150490812,0.39801192842942346,2515,0.6666666666666666,0.15634218289085547,0.4401590457256461,0.4559748427672956,0.21386430678466076,0.45566600397614315,0.330188679245283,0.30973451327433627,0.4815109343936382
llama31-8b-base,qwen3-32b,imdb,4,0.5558276199804114,0.717760365654587,713,2524,629,0.24920760697305863,0.6194722116187272,0.4643333850690672,0.11862465013526108,0.15513882654966005,0.2956,2500,0.42063492063492064,0.08426073131955485,0.3168,0.3888888888888889,0.15580286168521462,0.3348,0.3603960396039604,0.2893481717011129,0.3684
llama31-8b-base,qwen3-32b,rte,4,0.6628348214285714,0.7856026785714286,1528,170,51,0.3,0.8737848080408634,0.5050255396276158,0.02074522000992495,0.3687592684132477,0.2748091603053435,131,1.0,0.1568627450980392,0.33587786259541985,0.8823529411764706,0.29411764705882354,0.3893129770992366,0.7647058823529411,0.5098039215686274,0.4732824427480916
llama31-8b-base,qwen3-32b,truthfulqa,4,0.7129879695556102,0.8048121777559538,1494,1009,464,0.45986124876114964,0.7095183486238531,0.46328495729199615,0.05598030030876626,0.24623339133185695,0.2778457772337821,817,0.86,0.09267241379310345,0.33047735618115054,0.8217821782178217,0.1788793103448276,0.379436964504284,0.7673267326732673,0.33405172413793105,0.4675642594859241
llama31-8b-base,qwen3-8b,boolq,4,0.6969570072585148,0.3330541596873255,86,973,93,0.09558067831449127,0.5792155425219941,0.5331072825024439,0.027390600829750266,0.04610826001955026,0.486661277283751,1237,0.08163265306122448,0.043010752688172046,0.4898949070331447,0.1134020618556701,0.11827956989247312,0.49555375909458366,0.12307692307692308,0.25806451612903225,0.5060630557801131
llama31-8b-base,qwen3-8b,geometry_of_truth,4,0.8238375900458416,0.6365422396856582,558,3186,702,0.22033898305084745,0.8768551779823922,0.5426600614301902,0.26114127587304253,0.334195116552202,0.37654075546719684,2515,0.5094339622641509,0.11538461538461539,0.4087475149105368,0.658307210031348,0.29914529914529914,0.4600397614314115,0.695447409733124,0.6310541310541311,0.5526838966202783
llama31-8b-base,qwen3-8b,imdb,4,0.5558276199804114,0.6849493960169768,655,2418,532,0.22001654259718775,0.6464311627424872,0.5241074418549023,0.08681025080882356,0.12232372088758492,0.3072,2500,0.33884297520661155,0.07706766917293233,0.3236,0.3760330578512397,0.17105263157894737,0.3436,0.34917355371900827,0.3176691729323308,0.3748
llama31-8b-base,qwen3-8b,rte,4,0.6628348214285714,0.6415178571428571,792,145,33,0.22758620689655173,0.6593614718614718,0.5395021645021645,0.03861898535407555,0.11985930735930728,0.29770992366412213,131,0.5714285714285714,0.12121212121212122,0.3282442748091603,0.2857142857142857,0.12121212121212122,0.3282442748091603,0.3103448275862069,0.2727272727272727,0.366412213740458
llama31-8b-base,qwen3-8b,truthfulqa,4,0.7129879695556102,0.663147557083231,782,807,339,0.4200743494423792,0.5551584600257167,0.5066749867634823,0.026765377645357337,0.048483473262234345,0.397796817625459,817,0.45,0.05309734513274336,0.41982864137086906,0.49382716049382713,0.11799410029498525,0.4467564259485924,0.45962732919254656,0.2182890855457227,0.4883720930232558
llama31-8b-base,qwen3-8b-base,boolq,4,0.6969570072585148,0.7709380234505863,1190,1993,499,0.2503763171098846,0.5448326371618739,0.5067554788291443,0.014412365123690388,0.03807715833272962,0.3419563459983832,1237,0.22,0.04408817635270541,0.3597413096200485,0.2964824120603015,0.11823647294589178,0.3896523848019402,0.2857142857142857,0.22845691382765532,0.43411479385610346
llama31-8b-base,qwen3-8b-base,geometry_of_truth,4,0.8238375900458416,0.7213490504256712,933,3246,742,0.2285890326555761,0.9375473635713855,0.5243717868122595,0.13643087411577906,0.413175576759126,0.504572564612326,2515,1.0,0.2183288409703504,0.5689860834990059,0.9969230769230769,0.4366576819407008,0.6333996023856859,0.9414483821263482,0.8234501347708895,0.7475149105367793
llama31-8b-base,qwen3-8b-base,imdb,4,0.5558276199804114,0.7592229840026118,807,2517,624,0.24791418355184744,0.5176764598317689,0.5058932114944397,0.05074379944069504,0.011783248337329244,0.376,2500,0.23015873015873015,0.046474358974358976,0.3876,0.24206349206349206,0.09775641025641026,0.4004,0.24652087475149106,0.1987179487179487,0.4256
llama31-8b-base,qwen3-8b-base,rte,4,0.6628348214285714,0.8262276785714285,1628,174,53,0.3045977011494253,0.690004677997817,0.46861843131139874,0.06578825695406196,0.2213862466864182,0.31297709923664124,131,0.7777777777777778,0.1320754716981132,0.366412213740458,0.47058823529411764,0.1509433962264151,0.37404580152671757,0.5142857142857142,0.33962264150943394,0.45038167938931295
llama31-8b-base,qwen3-8b-base,truthfulqa,4,0.7129879695556102,0.8246992388902529,1595,1042,504,0.4836852207293666,0.5554965480616038,0.4652150823154541,0.011842532741310854,0.09028146574614965,0.2533659730722154,817,0.5961538461538461,0.061507936507936505,0.2913096695226438,0.5673076923076923,0.11706349206349206,0.32558139534883723,0.5817307692307693,0.2400793650793651,0.401468788249694
llama31-8b-base,qwen38-27b,boolq,3,0.5240153698366955,0.5835734870317003,222,1250,156,0.1248,0.5577040266254161,0.5061231425491023,0.024885161698814797,0.05158088407631378,0.35408245755860956,1237,0.08064516129032258,0.03205128205128205,0.3581244947453517,0.12,0.09615384615384616,0.36620856911883587,0.124,0.1987179487179487,0.3791430881164107
llama31-8b-base,qwen38-27b,geometry_of_truth,3,0.666023166023166,0.6753539253539254,510,2510,515,0.2051792828685259,0.9125308416672748,0.4763053264228532,0.1748636269044465,0.4362255152444216,0.4827037773359841,2515,1.0,0.2446601941747573,0.532803180914513,0.9840637450199203,0.4796116504854369,0.5809145129224652,0.796812749003984,0.7766990291262136,0.6417495029821073
llama31-8b-base,qwen38-27b,rte,3,0.5503355704697986,0.6956375838926174,670,139,37,0.26618705035971224,0.7482776894541601,0.4925808161102279,0.13962028084452363,0.25569687334393215,0.20610687022900764,131,0.42857142857142855,0.08108108108108109,0.22900763358778625,0.35714285714285715,0.13513513513513514,0.24427480916030533,0.5357142857142857,0.40540540540540543,0.32061068702290074
llama31-8b-base,qwen38-27b,truthfulqa,3,0.5511076564321803,0.7098717450446949,569,807,371,0.459727385377943,0.6495833230297485,0.4226102895719479,0.022780641951338963,0.22697303345780062,0.2558139534883721,817,0.725,0.07816711590296496,0.2913096695226438,0.7407407407407407,0.16172506738544473,0.3292533659730722,0.6832298136645962,0.29649595687331537,0.390452876376989
olmo3-7b,gemma2-9b,boolq,4,0.7938302624232273,0.4683137911781128,159,1378,142,0.10304789550072568,0.5697502165094124,0.4962053876658006,0.0262976146018772,0.0735448288436118,0.5909458367016976,1237,0.10144927536231885,0.04929577464788732,0.5966046887631367,0.10144927536231885,0.09859154929577464,0.6022635408245756,0.11231884057971014,0.21830985915492956,0.6160064672594988
olmo3-7b,gemma2-9b,geometry_of_truth,4,0.7038310412573674,0.5890635232481991,447,2936,424,0.1444141689373297,0.9403429575772143,0.4053815271601971,0.24791391156329443,0.5349614304170172,0.24970178926441353,2515,0.9455782312925171,0.3278301886792453,0.30497017892644135,0.9081632653061225,0.6297169811320755,0.3558648111332008,0.5945485519591142,0.8231132075471698,0.38846918489065607
olmo3-7b,gemma2-9b,imdb,4,0.7409402546523016,0.6674828599412341,614,3158,776,0.24572514249525015,0.6725884425285864,0.45165064227410046,0.014581097692818202,0.22093780025448595,0.2512,2500,0.5759493670886076,0.1172680412371134,0.2876,0.5063291139240507,0.20618556701030927,0.3152,0.4525316455696203,0.36855670103092786,0.3656
olmo3-7b,gemma2-9b,rte,4,0.8010044642857143,0.61171875,701,162,39,0.24074074074074073,0.6772983114446529,0.532520325203252,0.08631331779833881,0.14477798624140092,0.366412213740458,131,0.375,0.07692307692307693,0.3893129770992366,0.4375,0.1794871794871795,0.4198473282442748,0.3125,0.2564102564102564,0.44274809160305345
olmo3-7b,gemma2-9b,truthfulqa,4,0.8083722072182666,0.6189540878958998,578,859,291,0.33876600698486614,0.5824802768501041,0.5617709694593679,0.0513818449844638,0.020709307390736176,0.5006119951040392,817,0.3953488372093023,0.058419243986254296,0.5214198286413708,0.36046511627906974,0.10652920962199312,0.5385556915544676,0.38372093023255816,0.2268041237113402,0.5813953488372093
olmo3-7b,llama31-405b,boolq,4,0.7938302624232273,0.6517308766052484,763,1810,277,0.15303867403314916,0.5740684484070073,0.47624640578747696,0.024771397603556913,0.09782204261953037,0.5448666127728375,1237,0.25555555555555554,0.08303249097472924,0.5634599838318513,0.2154696132596685,0.1407942238267148,0.5763945028294261,0.20165745856353592,0.26353790613718414,0.6038803556992725
olmo3-7b,llama31-405b,geometry_of_truth,4,0.7038310412573674,0.39996725605762934,160,2010,10,0.004975124378109453,0.16454999999999997,0.5976124999999999,0.172634246222324,-0.4330624999999999,0.4047713717693837,2515,0.0,0.0,0.4047713717693837,0.0,0.0,0.4047713717693837,0.0,0.0,0.4047713717693837
olmo3-7b,llama31-405b,imdb,4,0.7409402546523016,0.683643486777669,623,3174,795,0.2504725897920605,0.6266456229957622,0.523201308091503,0.11669691393846765,0.1034443149042592,0.268,2500,0.3710691823899371,0.07421383647798742,0.2916,0.3911671924290221,0.1559748427672956,0.3176,0.36850393700787404,0.2943396226415094,0.3616
olmo3-7b,llama31-405b,rte,4,0.8010044642857143,0.7143973214285714,1184,181,51,0.281767955801105,0.7549019607843137,0.493024132730015,0.038477708575540635,0.2618778280542987,0.3511450381679389,131,0.6666666666666666,0.11764705882352941,0.3969465648854962,0.5555555555555556,0.19607843137254902,0.42748091603053434,0.4722222222222222,0.3333333333333333,0.48091603053435117
olmo3-7b,llama31-405b,truthfulqa,4,0.8083722072182666,0.7527620918242082,1236,1020,390,0.38235294117647056,0.7606227106227106,0.5072853072853072,0.06706252753784005,0.2533374033374034,0.40269277845777235,817,0.7843137254901961,0.10256410256410256,0.45165238678090575,0.7058823529411765,0.18461538461538463,0.4908200734394125,0.6666666666666666,0.3487179487179487,0.5691554467564259
olmo3-7b,llama31-70b,boolq,4,0.7938302624232273,0.7279452819653824,1123,2018,377,0.18681863230921705,0.5801922551591592,0.5080525234499892,0.03670225910700882,0.07213973170916999,0.4785772029102668,1237,0.3564356435643564,0.09549071618037135,0.50767987065481,0.2722772277227723,0.14588859416445624,0.52303961196443,0.25495049504950495,0.27320954907161804,0.5618431689571544
olmo3-7b,llama31-70b,geometry_of_truth,4,0.7038310412573674,0.5862802881466929,379,2897,388,0.13393165343458752,0.8997659970497959,0.4621422158579629,0.2749035452614205,0.437623781191833,0.2739562624254473,2515,0.9517241379310345,0.3556701030927835,0.32882703777335986,0.8517241379310345,0.6365979381443299,0.37216699801192843,0.5354058721934369,0.7989690721649485,0.39721669980119284
olmo3-7b,llama31-70b,imdb,4,0.7409402546523016,0.7068233757753836,714,3278,891,0.27181208053691275,0.4921871510336809,0.5472532427566641,0.04192225724292615,-0.05506609172298321,0.234,2500,0.21951219512195122,0.04040404040404041,0.2484,0.22865853658536586,0.08417508417508418,0.264,0.2530487804878049,0.186307519640853,0.3004
olmo3-7b,llama31-70b,rte,4,0.8010044642857143,0.7806919642857143,1555,198,64,0.32323232323232326,0.777285447761194,0.4652810167910448,0.053696733845257076,0.31200443097014924,0.25190839694656486,131,0.7,0.109375,0.3053435114503817,0.75,0.234375,0.366412213740458,0.75,0.46875,0.48091603053435117
olmo3-7b,llama31-70b,truthfulqa,4,0.8083722072182666,0.7976921188313283,1461,1091,466,0.4271310724106325,0.7247244635193133,0.4887613733905579,0.051471826347172595,0.23596309012875538,0.3243574051407589,817,0.7636363636363637,0.09012875536480687,0.37576499388004897,0.7431192660550459,0.17381974248927037,0.423500611995104,0.7110091743119266,0.33261802575107297,0.5140758873929009
olmo3-7b,llama31-70b-base,boolq,4,0.7938302624232273,0.6062255723059743,784,1693,425,0.25103366804489075,0.5970532566338838,0.5080293189831138,0.031230195981281125,0.08902393765076999,0.4551333872271625,1237,0.29411764705882354,0.058823529411764705,0.47534357316087306,0.3076923076923077,0.1223529411764706,0.4971705739692805,0.34513274336283184,0.2752941176470588,0.549717057396928
olmo3-7b,llama31-70b-base,geometry_of_truth,4,0.7038310412573674,0.48952193844138836,482,2296,483,0.21036585365853658,0.8268406573641712,0.48814462833983685,0.1524062211941361,0.3386960290243344,0.28151093439363817,2515,0.9391304347826087,0.2236024844720497,0.32445328031809145,0.7782608695652173,0.37060041407867494,0.3526838966202783,0.6056644880174292,0.5755693581780539,0.3920477137176938
olmo3-7b,llama31-70b-base,imdb,4,0.7409402546523016,0.6658504733920992,741,2910,838,0.28797250859106527,0.5250838547377927,0.47626712226205065,0.055260453864001406,0.048816732475742086,0.3236,2500,0.2191780821917808,0.03818615751789976,0.3364,0.24742268041237114,0.08591885441527446,0.3524,0.27147766323024053,0.18854415274463007,0.3868
olmo3-7b,llama31-70b-base,rte,4,0.8010044642857143,0.7425223214285714,1512,184,59,0.32065217391304346,0.6955932203389831,0.5332881355932203,0.03138346020215534,0.16230508474576277,0.32061068702290074,131,0.4444444444444444,0.06779661016949153,0.3511450381679389,0.6111111111111112,0.1864406779661017,0.40458015267175573,0.5135135135135135,0.3220338983050847,0.46564885496183206
olmo3-7b,llama31-70b-base,truthfulqa,4,0.8083722072182666,0.7568131598330469,1428,1017,447,0.43952802359882004,0.5860277090937636,0.4612416107382551,0.030336781153029874,0.12478609835550847,0.3659730722154223,817,0.39215686274509803,0.0447427293064877,0.390452876376989,0.49019607843137253,0.11185682326621924,0.42717258261933905,0.4630541871921182,0.21029082774049218,0.4810281517747858
olmo3-7b,llama31-8b-base,boolq,4,0.7938302624232273,0.6969570072585148,1235,1962,513,0.26146788990825687,0.5552986061503732,0.5008246596093023,0.014766744782274004,0.05447394654107085,0.3928860145513339,1237,0.3469387755102041,0.06627680311890838,0.42037186742118027,0.3469387755102041,0.13255360623781676,0.44785772029102666,0.33163265306122447,0.253411306042885,0.49797898140662894
olmo3-7b,llama31-8b-base,geometry_of_truth,4,0.7038310412573674,0.8238375900458416,1012,3340,839,0.25119760479041914,0.7280406073565806,0.4013797341611627,0.13549820604787247,0.3266608731954179,0.39363817097415504,2515,1.0,0.19904648390941598,0.4600397614314115,0.9760479041916168,0.38855780691299163,0.5232604373757456,0.6482035928143712,0.5160905840286055,0.5658051689860835
olmo3-7b,llama31-8b-base,imdb,4,0.7409402546523016,0.5558276199804114,811,2581,690,0.2673382409918636,0.6426229508196721,0.5473583871734149,0.0891860156167797,0.09526456364625724,0.3196,2500,0.46511627906976744,0.08695652173913043,0.3436,0.43023255813953487,0.1608695652173913,0.364,0.40310077519379844,0.30144927536231886,0.4028
olmo3-7b,llama31-8b-base,rte,4,0.8010044642857143,0.6628348214285714,1624,169,51,0.30177514792899407,0.7028913260219342,0.5195247590561649,0.03518539716611002,0.18336656696576925,0.33587786259541985,131,0.625,0.09803921568627451,0.37404580152671757,0.6470588235294118,0.21568627450980393,0.4198473282442748,0.47058823529411764,0.3137254901960784,0.4580152671755725
olmo3-7b,llama31-8b-base,truthfulqa,4,0.8083722072182666,0.7129879695556102,1582,1068,559,0.5234082397003745,0.5504883474911345,0.5284292396962018,0.03325084476707211,0.022059107794932697,0.21664626682986537,817,0.5849056603773585,0.055456171735241505,0.25458996328029376,0.5327102803738317,0.10196779964221825,0.2864137086903305,0.5654205607476636,0.21645796064400716,0.36474908200734396
qwen3-1.7b,gemma2-9b,boolq,4,0.6475432719151312,0.4683137911781128,146,1230,109,0.0886178861788618,0.5483144963949291,0.5126157019044268,0.03021747027789918,0.035698794490502284,0.4260307194826192,1237,0.03225806451612903,0.01834862385321101,0.42764753435731606,0.06504065040650407,0.07339449541284404,0.43249797898140663,0.09349593495934959,0.21100917431192662,0.444624090541633
qwen3-1.7b,gemma2-9b,geometry_of_truth,4,0.785199738048461,0.5890635232481991,443,2913,421,0.14452454514246482,0.9794611164276754,0.42601669761288374,0.12635643951769582,0.5534444188147917,0.4226640159045726,2515,0.9931506849315068,0.34441805225653205,0.48031809145129223,0.9621993127147767,0.665083135391924,0.5339960238568588,0.6655231560891939,0.9216152019002375,0.5769383697813121
qwen3-1.7b,gemma2-9b,imdb,4,0.5128958537381652,0.6674828599412341,590,2194,552,0.2515952597994531,0.7820846352098006,0.4503615465409804,0.09766603988037263,0.3317230886688203,0.278,2500,0.7545454545454545,0.1503623188405797,0.3112,0.7168949771689498,0.28442028985507245,0.3408,0.5968109339407744,0.4746376811594203,0.3828
qwen3-1.7b,gemma2-9b,rte,4,0.6172991071428572,0.61171875,652,126,29,0.23015873015873015,0.557767507998578,0.5570565232847494,0.13327242044878787,0.0007109847138285774,0.37404580152671757,131,0.3333333333333333,0.06896551724137931,0.3893129770992366,0.23076923076923078,0.10344827586206896,0.3969465648854962,0.32,0.27586206896551724,0.4351145038167939
qwen3-1.7b,gemma2-9b,truthfulqa,4,0.6329486864718881,0.6189540878958998,553,697,223,0.3199426111908178,0.39814762256154096,0.5243183667291064,0.08154071122278836,-0.1261707441675654,0.4186046511627907,817,0.11428571428571428,0.017937219730941704,0.423500611995104,0.11428571428571428,0.03587443946188341,0.4283965728274174,0.18705035971223022,0.11659192825112108,0.4504283965728274
qwen3-1.7b,gptj-6b,boolq,4,0.6475432719151312,0.4990228922389726,1195,1105,292,0.2642533936651584,0.48706380899425433,0.506593413536875,0.020822835693034142,-0.019529604542620704,0.47453516572352467,1237,0.2545454545454545,0.04794520547945205,0.4858528698464026,0.18181818181818182,0.0684931506849315,0.49070331447049315,0.23529411764705882,0.1780821917808219,0.5165723524656427
qwen3-1.7b,gptj-6b,geometry_of_truth,4,0.785199738048461,0.7848722986247544,1408,3330,1313,0.3942942942942943,0.9504104676132539,0.5194685614017334,0.13841720626607817,0.4309419062115205,0.3025844930417495,2515,1.0,0.12642802741812642,0.36858846918489063,0.996996996996997,0.25285605483625284,0.4345924453280318,0.9804804804804805,0.49733434881949734,0.5622266401590458
qwen3-1.7b,gptj-6b,imdb,4,0.5128958537381652,0.4693111328762651,785,1723,782,0.4538595473012188,0.613869176557561,0.46647469226566934,0.03741070094221254,0.14739448429189167,0.2648,2500,0.627906976744186,0.06905370843989769,0.2864,0.5988372093023255,0.13171355498721227,0.306,0.5884057971014492,0.2595907928388747,0.346
qwen3-1.7b,gptj-6b,rte,4,0.6172991071428572,0.5744419642857143,1567,146,59,0.4041095890410959,0.5686732904734073,0.4968829144749659,0.07540589482118001,0.0717903759984414,0.12213740458015267,131,0.5714285714285714,0.06779661016949153,0.15267175572519084,0.4,0.1016949152542373,0.16793893129770993,0.4482758620689655,0.22033898305084745,0.22137404580152673
qwen3-1.7b,gptj-6b,truthfulqa,4,0.6329486864718881,0.6300024551927327,1557,830,405,0.4879518072289157,0.421838779956427,0.509041394335512,0.05730442719943444,-0.087202614379085,0.2215422276621787,817,0.21428571428571427,0.022222222222222223,0.23255813953488372,0.18072289156626506,0.037037037037037035,0.23990208078335373,0.30120481927710846,0.12345679012345678,0.2827417380660955
qwen3-1.7b,llama31-405b,boolq,4,0.6475432719151312,0.6517308766052484,756,1553,200,0.128783000643915,0.5792424242424242,0.54400036954915,0.01760238063527635,0.03524205469327424,0.4510913500404204,1237,0.1794871794871795,0.07,0.4624090541632983,0.13548387096774195,0.105,0.46806790622473726,0.17684887459807075,0.275,0.49555375909458366
qwen3-1.7b,llama31-405b,geometry_of_truth,4,0.785199738048461,0.39996725605762934,157,2000,10,0.005,0.7397989949748744,0.5171859296482413,0.2669704224903664,0.22261306532663316,0.5753479125248508,2515,0.04,0.4,0.5769383697813121,0.02,0.4,0.5769383697813121,0.0125,0.5,0.5773359840954274
qwen3-1.7b,llama31-405b,imdb,4,0.5128958537381652,0.683643486777669,601,2182,540,0.24747937671860679,0.6853442053502955,0.4482318874904137,0.10504440272611998,0.2371123178598818,0.3196,2500,0.44036697247706424,0.08888888888888889,0.3388,0.45871559633027525,0.18518518518518517,0.3596,0.41743119266055045,0.337037037037037,0.3924
qwen3-1.7b,llama31-405b,rte,4,0.6172991071428572,0.7143973214285714,1129,135,34,0.2518518518518518,0.7635410599883518,0.5211852067559697,0.11110292371445687,0.24235585323238207,0.46564885496183206,131,0.8571428571428571,0.17647058823529413,0.5114503816793893,0.7142857142857143,0.29411764705882354,0.5419847328244275,0.5185185185185185,0.4117647058823529,0.5725190839694656
qwen3-1.7b,llama31-405b,truthfulqa,4,0.6329486864718881,0.7527620918242082,1222,828,280,0.33816425120772947,0.6144160583941607,0.4399113660062565,0.02777436640382373,0.17450469238790417,0.423500611995104,817,0.5853658536585366,0.08571428571428572,0.4528763769889841,0.5421686746987951,0.16071428571428573,0.4785801713586291,0.4819277108433735,0.2857142857142857,0.5214198286413708
qwen3-1.7b,llama31-70b,boolq,4,0.6475432719151312,0.7279452819653824,1096,1714,258,0.15052508751458576,0.5598219609847517,0.5143937941903057,0.03671370765710442,0.045428166794445946,0.45270816491511723,1237,0.1744186046511628,0.05813953488372093,0.4648342764753436,0.14619883040935672,0.09689922480620156,0.47291835084882783,0.1836734693877551,0.2441860465116279,0.5036378334680679
qwen3-1.7b,llama31-70b,geometry_of_truth,4,0.785199738048461,0.5862802881466929,375,2880,390,0.13541666666666666,0.9801575532900834,0.4648959942333436,0.24050851835794462,0.5152615590567398,0.4429423459244533,2515,0.9930555555555556,0.36666666666666664,0.49980119284294233,0.9652777777777778,0.7128205128205128,0.553479125248509,0.6284722222222222,0.9282051282051282,0.5868787276341948
qwen3-1.7b,llama31-70b,imdb,4,0.5128958537381652,0.7068233757753836,672,2256,611,0.2708333333333333,0.741713967336421,0.5491493341425437,0.1437391261148112,0.1925646331938773,0.3056,2500,0.5752212389380531,0.10638297872340426,0.3316,0.5486725663716814,0.20294599018003273,0.3552,0.5055432372505543,0.37315875613747956,0.3968
qwen3-1.7b,llama31-70b,rte,4,0.6172991071428572,0.7806919642857143,1487,158,53,0.33544303797468356,0.893800539083558,0.5446540880503145,0.07937261713570366,0.3491464510332436,0.2748091603053435,131,1.0,0.1509433962264151,0.33587786259541985,0.9375,0.2830188679245283,0.3893129770992366,0.9375,0.5660377358490566,0.5038167938931297
qwen3-1.7b,llama31-70b,truthfulqa,4,0.6329486864718881,0.7976921188313283,1428,892,347,0.3890134529147982,0.5523676070116067,0.4956032043994395,0.0799352430848558,0.0567644026121672,0.3671970624235006,817,0.28888888888888886,0.037463976945244955,0.38310893512851896,0.3707865168539326,0.09510086455331412,0.40758873929008566,0.4044943820224719,0.207492795389049,0.45532435740514077
qwen3-1.7b,llama31-70b-base,geometry_of_truth,4,0.785199738048461,0.48952193844138836,499,2305,503,0.21822125813449023,0.8968762342702938,0.6497957317140441,0.13965212353268355,0.2470805025562497,0.43618290258449305,2515,1.0,0.2286282306163022,0.48190854870775346,0.9695652173913043,0.4433399602385686,0.5248508946322068,0.6334056399132321,0.5805168986083499,0.5522862823061631
qwen3-1.7b,llama31-70b-base,imdb,4,0.5128958537381652,0.6658504733920992,672,1992,570,0.286144578313253,0.4969119352530412,0.5748476324425691,0.11262045498526997,-0.07793569718952786,0.3856,2500,0.26,0.0456140350877193,0.396,0.22613065326633167,0.07894736842105263,0.4036,0.2663316582914573,0.18596491228070175,0.428
qwen3-1.7b,llama31-70b-base,rte,4,0.6172991071428572,0.7425223214285714,1420,149,48,0.3221476510067114,0.7147277227722771,0.5026299504950494,0.07217576587009898,0.2120977722772277,0.3435114503816794,131,0.5714285714285714,0.08333333333333333,0.37404580152671757,0.6666666666666666,0.20833333333333334,0.4198473282442748,0.5666666666666667,0.3541666666666667,0.4732824427480916
qwen3-1.7b,llama31-70b-base,truthfulqa,4,0.6329486864718881,0.7568131598330469,1361,837,333,0.3978494623655914,0.4676700510033843,0.4898037918871252,0.04769664994063574,-0.02213374088374087,0.39657282741738065,817,0.30952380952380953,0.03903903903903904,0.412484700122399,0.25,0.06306306306306306,0.4222766217870257,0.2634730538922156,0.13213213213213212,0.4504283965728274
qwen3-1.7b,llama31-8b-base,boolq,4,0.6475432719151312,0.6969570072585148,1211,1626,353,0.21709717097170972,0.535041357993097,0.5272548840707748,0.009267191574382262,0.0077864739223222346,0.4333063864187551,1237,0.16049382716049382,0.036827195467422094,0.44381568310428454,0.2331288343558282,0.10764872521246459,0.46402586903799514,0.24615384615384617,0.22662889518413598,0.49797898140662894
qwen3-1.7b,llama31-8b-base,geometry_of_truth,4,0.785199738048461,0.8238375900458416,1380,3569,1086,0.3042869151022695,0.872027021313996,0.4940609959881893,0.10497664413318328,0.3779660253258067,0.36779324055666,2515,0.9943820224719101,0.16298342541436464,0.43817097415506956,0.988795518207283,0.3250460405156538,0.5081510934393638,0.907563025210084,0.5966850828729282,0.6254473161033797
qwen3-1.7b,llama31-8b-base,imdb,4,0.5128958537381652,0.5558276199804114,764,1966,515,0.2619532044760936,0.6915257639525471,0.46989488334125107,0.1253278688814377,0.221630880611296,0.3072,2500,0.5102040816326531,0.0970873786407767,0.3272,0.5126903553299492,0.19611650485436893,0.3476,0.44783715012722647,0.341747572815534,0.3776
qwen3-1.7b,llama31-8b-base,rte,4,0.6172991071428572,0.6628348214285714,1569,140,44,0.3142857142857143,0.6898674242424242,0.4668560606060606,0.037759860058118606,0.2230113636363636,0.29770992366412213,131,0.5714285714285714,0.09090909090909091,0.3282442748091603,0.5,0.1590909090909091,0.3511450381679389,0.5,0.3181818181818182,0.40458015267175573
qwen3-1.7b,llama31-8b-base,truthfulqa,4,0.6329486864718881,0.7129879695556102,1553,819,413,0.5042735042735043,0.4658392872052386,0.49150604134114184,0.02721780586692119,-0.025666754135903247,0.32558139534883723,817,0.21951219512195122,0.021791767554479417,0.33659730722154224,0.24390243902439024,0.048426150121065374,0.35006119951040393,0.3719512195121951,0.14769975786924938,0.40024479804161567
qwen3-32b,llama31-405b,boolq,4,0.7290619765494137,0.6517308766052484,739,1851,242,0.1307401404646137,0.5728906101526023,0.5036205178515479,0.017623742731696243,0.06927009230105441,0.36135812449474536,1237,0.13978494623655913,0.05371900826446281,0.3718674211802749,0.16216216216216217,0.12396694214876033,0.3856103476151981,0.17027027027027028,0.2603305785123967,0.412287793047696
qwen3-32b,llama31-405b,geometry_of_truth,4,0.6421087098886706,0.39996725605762934,200,2012,10,0.004970178926441352,0.6937562437562438,0.5751623376623376,0.11888634135369336,0.11859390609390619,0.2811133200795229,2515,0.0,0.0,0.2811133200795229,0.004975124378109453,0.1,0.28151093439363817,0.004975124378109453,0.2,0.2819085487077535
qwen3-32b,llama31-405b,imdb,4,0.717760365654587,0.683643486777669,609,3222,779,0.24177529484792054,0.5334368137830074,0.4797163518202172,0.0495224582423445,0.053720461962790234,0.208,2500,0.2670807453416149,0.055198973042362,0.2252,0.30124223602484473,0.1245186136071887,0.2468,0.2717391304347826,0.2246469833119384,0.278
qwen3-32b,llama31-405b,rte,4,0.7856026785714286,0.7143973214285714,1163,183,50,0.273224043715847,0.8010526315789473,0.5223308270676692,0.07486732380613975,0.27872180451127815,0.3053435114503817,131,0.6666666666666666,0.12,0.3511450381679389,0.7222222222222222,0.26,0.40458015267175573,0.5945945945945946,0.44,0.4732824427480916
qwen3-32b,llama31-405b,truthfulqa,4,0.8048121777559538,0.7527620918242082,1231,1119,357,0.3190348525469169,0.74195504973643,0.5268652080254674,0.029886621046904756,0.21508984171096257,0.31211750305997554,817,0.6428571428571429,0.10084033613445378,0.3561811505507956,0.6517857142857143,0.20448179271708683,0.401468788249694,0.5982142857142857,0.3753501400560224,0.47613219094247244
qwen3-32b,llama31-70b,boolq,4,0.7290619765494137,0.7279452819653824,1081,2040,313,0.15343137254901962,0.5855969186996232,0.5063264150838681,0.024444323486699324,0.07927050361575505,0.3419563459983832,1237,0.22549019607843138,0.07348242811501597,0.3605497170573969,0.20588235294117646,0.134185303514377,0.375909458367017,0.19607843137254902,0.25559105431309903,0.40662894098625707
qwen3-32b,llama31-70b,geometry_of_truth,4,0.6421087098886706,0.5862802881466929,426,2804,293,0.10449358059914408,0.8758948680413688,0.4800747020278012,0.19694666740828676,0.3958201660135676,0.22584493041749504,2515,0.9857142857142858,0.4709897610921502,0.28071570576540755,0.6821428571428572,0.6518771331058021,0.3017892644135189,0.3761140819964349,0.7201365187713311,0.30974155069582504
qwen3-32b,llama31-70b,imdb,4,0.717760365654587,0.7068233757753836,680,3316,860,0.25934861278648974,0.5828639875766988,0.5938986629800772,0.063446009721643,-0.011034675403378436,0.186,2500,0.3493975903614458,0.06744186046511629,0.2092,0.3855421686746988,0.14883720930232558,0.2372,0.34992458521870284,0.26976744186046514,0.2788
qwen3-32b,llama31-70b,rte,4,0.7856026785714286,0.7806919642857143,1523,202,65,0.3217821782178218,0.8497473329590117,0.5042672655811342,0.11646029766504501,0.3454800673778775,0.17557251908396945,131,0.9,0.13846153846153847,0.24427480916030533,0.9,0.27692307692307694,0.31297709923664124,0.75,0.46153846153846156,0.40458015267175573
qwen3-32b,llama31-70b,truthfulqa,4,0.8048121777559538,0.7976921188313283,1450,1167,419,0.35904027420736934,0.7030745472413309,0.5347218677013006,0.0703333746975027,0.1683526795400303,0.26805385556915545,817,0.5172413793103449,0.07159904534606205,0.3047735618115055,0.5641025641025641,0.1575178997613365,0.3488372093023256,0.6094420600858369,0.33890214797136037,0.4418604651162791
qwen3-32b,llama31-70b-base,boolq,4,0.7290619765494137,0.6062255723059743,636,1552,271,0.17461340206185566,0.5858286451716976,0.48911928814838496,0.0305299169486274,0.09670935702331268,0.46402586903799514,1237,0.15384615384615385,0.04428044280442804,0.4737267582861762,0.1935483870967742,0.11070110701107011,0.48827809215844786,0.2129032258064516,0.24354243542435425,0.5173807599029911
qwen3-32b,llama31-70b-base,geometry_of_truth,4,0.6421087098886706,0.48952193844138836,455,2040,224,0.10980392156862745,0.9443980097545627,0.4868339216881687,0.28121924534074794,0.457564088066394,0.36381709741550694,2515,1.0,0.45535714285714285,0.4043737574552684,0.7647058823529411,0.6964285714285714,0.42584493041749505,0.4534313725490196,0.8258928571428571,0.43737574552683894
qwen3-32b,llama31-70b-base,imdb,4,0.717760365654587,0.6658504733920992,641,2861,732,0.25585459629500173,0.5533069221035556,0.48317038066564516,0.14895369972724204,0.07013654143791043,0.3356,2500,0.3006993006993007,0.05874316939890711,0.3528,0.32167832167832167,0.12568306010928962,0.3724,0.291958041958042,0.22814207650273224,0.4024
qwen3-32b,llama31-70b-base,rte,4,0.7856026785714286,0.7425223214285714,1426,181,54,0.2983425414364641,0.8168562263050452,0.501130067074949,0.05182813045572044,0.31572615923009617,0.33587786259541985,131,0.7777777777777778,0.12962962962962962,0.3893129770992366,0.7777777777777778,0.25925925925925924,0.44274809160305345,0.6666666666666666,0.4444444444444444,0.5190839694656488
qwen3-32b,llama31-70b-base,truthfulqa,4,0.8048121777559538,0.7568131598330469,1372,1069,386,0.36108512628624884,0.6907729538230453,0.5366117555132417,0.02432026503263246,0.15416119830980357,0.34394124847001223,817,0.7358490566037735,0.10103626943005181,0.39167686658506734,0.6822429906542056,0.18911917098445596,0.43329253365973075,0.616822429906542,0.34196891191709844,0.5055079559363526
qwen3-8b,gemma2-9b,boolq,4,0.3330541596873255,0.4683137911781128,75,936,77,0.08226495726495726,0.5108477087522489,0.5142116323722843,0.03036731604689619,-0.0033639236200353473,0.11075181891673404,1237,0.0851063829787234,0.05194805194805195,0.11398544866612773,0.06382978723404255,0.07792207792207792,0.11560226354082458,0.0855614973262032,0.2077922077922078,0.12368633791430882
qwen3-8b,gemma2-9b,geometry_of_truth,4,0.6365422396856582,0.5890635232481991,466,2753,262,0.09516890664729385,0.7922321885505377,0.2749367187523941,0.08813387988734919,0.5172954697981436,0.2524850894632207,2515,0.30434782608695654,0.16030534351145037,0.2691848906560636,0.26181818181818184,0.2748091603053435,0.2811133200795229,0.2395644283121597,0.5038167938931297,0.30497017892644135
qwen3-8b,gemma2-9b,imdb,4,0.6849493960169768,0.6674828599412341,590,3104,660,0.21262886597938144,0.7225059514953132,0.4689727161136735,0.018079250533724018,0.25353323538163963,0.2052,2500,0.5548387096774193,0.1303030303030303,0.2396,0.5193548387096775,0.24393939393939393,0.2696,0.4476650563607085,0.4212121212121212,0.3164
qwen3-8b,gemma2-9b,rte,4,0.6415178571428571,0.61171875,638,156,32,0.20512820512820512,0.6433971774193549,0.5104586693548387,0.04908479139891514,0.13293850806451613,0.16030534351145037,131,0.5,0.125,0.19083969465648856,0.375,0.1875,0.20610687022900764,0.3870967741935484,0.375,0.25190839694656486
qwen3-8b,gemma2-9b,truthfulqa,4,0.663147557083231,0.6189540878958998,557,873,256,0.293241695303551,0.6157440235008104,0.4637263219205835,0.05389451013339653,0.15201770158022687,0.22888616891064872,817,0.5454545454545454,0.09375,0.2582619339045288,0.4482758620689655,0.15234375,0.2766217870257038,0.4057142857142857,0.27734375,0.3157894736842105
qwen3-8b,llama31-405b,boolq,4,0.3330541596873255,0.6517308766052484,67,997,77,0.07723169508525576,0.5880575945793336,0.4824992941840769,0.024482076391666836,0.10555830039525671,0.28294260307194824,1237,0.06,0.03896103896103896,0.2853678253839935,0.12,0.15584415584415584,0.2926434923201294,0.12060301507537688,0.3116883116883117,0.30234438156831045
qwen3-8b,llama31-405b,geometry_of_truth,4,0.6365422396856582,0.39996725605762934,181,2005,10,0.004987531172069825,0.11854636591478698,0.6561654135338346,0.1739163262162859,-0.5376190476190477,0.278727634194831,2515,0.0,0.0,0.278727634194831,0.0,0.0,0.278727634194831,0.0,0.0,0.278727634194831
qwen3-8b,llama31-405b,imdb,4,0.6849493960169768,0.683643486777669,578,3135,699,0.22296650717703348,0.7072283651756791,0.5108629263949672,0.054442450700199235,0.1963654387807119,0.206,2500,0.5668789808917197,0.12732474964234622,0.2416,0.49044585987261147,0.22031473533619456,0.2676,0.4274322169059011,0.3834048640915594,0.3132
qwen3-8b,llama31-405b,rte,4,0.6415178571428571,0.7143973214285714,684,160,33,0.20625,0.6521116678596993,0.5292293008828441,0.049037562085766484,0.12288236697685517,0.31297709923664124,131,0.5,0.12121212121212122,0.3435114503816794,0.3125,0.15151515151515152,0.3511450381679389,0.3125,0.30303030303030304,0.3893129770992366
qwen3-8b,llama31-405b,truthfulqa,4,0.663147557083231,0.7527620918242082,691,988,302,0.305668016194332,0.7398924565095669,0.5805357384202499,0.02852188214799176,0.15935671808931706,0.2607099143206854,817,0.7551020408163265,0.12251655629139073,0.30599755201958384,0.696969696969697,0.22847682119205298,0.34516523867809057,0.6060606060606061,0.3973509933774834,0.40758873929008566
qwen3-8b,llama31-70b,boolq,4,0.3330541596873255,0.7279452819653824,87,1056,96,0.09090909090909091,0.5654405381944444,0.5042507595486111,0.025915459303213293,0.061189778645833304,0.34761519805982216,1237,0.09433962264150944,0.052083333333333336,0.3516572352465643,0.11320754716981132,0.125,0.35731608730800324,0.11848341232227488,0.2604166666666667,0.36782538399353276
qwen3-8b,llama31-70b,geometry_of_truth,4,0.6365422396856582,0.5862802881466929,400,2712,221,0.08148967551622419,0.7947470622748681,0.4622350870373162,0.2697596240928434,0.33251197523755194,0.28071570576540755,2515,0.4632352941176471,0.2850678733031674,0.30576540755467196,0.3210332103321033,0.3936651583710407,0.31530815109343935,0.22693726937269373,0.5565610859728507,0.3296222664015905
qwen3-8b,llama31-70b,imdb,4,0.6849493960169768,0.7068233757753836,641,3106,659,0.21216999356084998,0.7904808030396143,0.4863136428552382,0.12961625670857246,0.3041671601843761,0.2808,2500,0.567741935483871,0.13353566009104703,0.316,0.5916398713826366,0.27921092564491656,0.3544,0.5072463768115942,0.4779969650986343,0.4068
qwen3-8b,llama31-70b,rte,4,0.6415178571428571,0.7806919642857143,821,169,39,0.23076923076923078,0.7554240631163708,0.43037475345167653,0.05091336899545145,0.32504930966469425,0.32061068702290074,131,0.625,0.1282051282051282,0.35877862595419846,0.7647058823529411,0.3333333333333333,0.4198473282442748,0.5882352941176471,0.5128205128205128,0.4732824427480916
qwen3-8b,llama31-70b,truthfulqa,4,0.663147557083231,0.7976921188313283,780,1013,337,0.33267522211253703,0.6622609871297386,0.4799220409811599,0.030248518884220067,0.18233894614857865,0.2827417380660955,817,0.5686274509803921,0.08605341246290801,0.3182374541003672,0.49504950495049505,0.14836795252225518,0.34394124847001223,0.4827586206896552,0.29080118694362017,0.40269277845777235
qwen3-8b,llama31-70b-base,boolq,4,0.3330541596873255,0.6062255723059743,71,911,84,0.09220636663007684,0.55694708354926,0.5072335463810675,0.026138991129726775,0.04971353716819249,0.4211802748585287,1237,0.15217391304347827,0.08333333333333333,0.42683912691996767,0.13186813186813187,0.14285714285714285,0.4308811641067098,0.13186813186813187,0.2857142857142857,0.44058205335489087
qwen3-8b,llama31-70b-base,geometry_of_truth,4,0.6365422396856582,0.48952193844138836,449,2084,278,0.13339731285988485,0.9240003346160282,0.2703085040273429,0.13812803002476717,0.6536918305886852,0.3184890656063618,2515,0.9903846153846154,0.37050359712230213,0.3594433399602386,0.8509615384615384,0.6366906474820144,0.38886679920477135,0.5587529976019184,0.8381294964028777,0.41113320079522864
qwen3-8b,llama31-70b-base,imdb,4,0.6849493960169768,0.6658504733920992,611,2771,645,0.2327679538072898,0.659837231179855,0.44055583510176693,0.06823861117376982,0.2192813960780881,0.3392,2500,0.43884892086330934,0.09457364341085271,0.3636,0.4332129963898917,0.18604651162790697,0.3872,0.36462093862815886,0.31317829457364343,0.42
qwen3-8b,llama31-70b-base,rte,4,0.6415178571428571,0.7425223214285714,792,155,35,0.22580645161290322,0.6845238095238095,0.5119642857142858,0.055301014811927514,0.17255952380952377,0.37404580152671757,131,0.5,0.11428571428571428,0.40458015267175573,0.4375,0.2,0.42748091603053434,0.45161290322580644,0.4,0.48091603053435117
qwen3-8b,llama31-70b-base,truthfulqa,4,0.663147557083231,0.7568131598330469,764,919,298,0.32426550598476606,0.6163959407320947,0.4979182202336565,0.04674590824781814,0.11847772049843819,0.3733170134638923,817,0.5434782608695652,0.08389261744966443,0.4039167686658507,0.4891304347826087,0.15100671140939598,0.4283965728274174,0.483695652173913,0.2986577181208054,0.48225214198286415
qwen3-8b,llama31-8b-base,boolq,4,0.3330541596873255,0.6969570072585148,86,973,93,0.09558067831449127,0.5371578690127077,0.5283785434995112,0.02684203852113267,0.00877932551319649,0.486661277283751,1237,0.14285714285714285,0.07526881720430108,0.49232012934519,0.10309278350515463,0.10752688172043011,0.49474535165723527,0.09743589743589744,0.20430107526881722,0.502021018593371
qwen3-8b,llama31-8b-base,geometry_of_truth,4,0.6365422396856582,0.8238375900458416,558,3186,702,0.22033898305084745,0.9401887177652074,0.599368293259195,0.26858645592992836,0.34082042450601235,0.37654075546719684,2515,0.949685534591195,0.2150997150997151,0.43658051689860833,0.9655172413793104,0.43874643874643876,0.4990059642147117,0.8744113029827315,0.7934472934472935,0.5980119284294234
qwen3-8b,llama31-8b-base,imdb,4,0.6849493960169768,0.5558276199804114,655,2418,532,0.22001654259718775,0.7279887816040632,0.5405084656232308,0.04803909964102662,0.18748031598083237,0.3072,2500,0.5785123966942148,0.13157894736842105,0.3352,0.5289256198347108,0.24060150375939848,0.3584,0.45041322314049587,0.40977443609022557,0.3944
qwen3-8b,llama31-8b-base,rte,4,0.6415178571428571,0.6628348214285714,792,145,33,0.22758620689655173,0.7245670995670996,0.5369318181818182,0.04633362759437507,0.1876352813852814,0.29770992366412213,131,0.7142857142857143,0.15151515151515152,0.33587786259541985,0.5714285714285714,0.24242424242424243,0.35877862595419846,0.4482758620689655,0.3939393939393939,0.3969465648854962
qwen3-8b,llama31-8b-base,truthfulqa,4,0.663147557083231,0.7129879695556102,782,807,339,0.4200743494423792,0.5870647706930893,0.5075069964450496,0.0327926598479152,0.07955777424803967,0.397796817625459,817,0.5,0.058997050147492625,0.4222766217870257,0.5555555555555556,0.13274336283185842,0.4528763769889841,0.515527950310559,0.2448377581120944,0.49938800489596086
qwen3-8b-base,gemma2-9b,boolq,4,0.7709380234505863,0.4683137911781128,158,1417,146,0.10303458009880029,0.5326137331192137,0.5048917905219706,0.032590368476451075,0.027721942597243032,0.5109135004042037,1237,0.056338028169014086,0.0273972602739726,0.5141471301535974,0.09859154929577464,0.0958904109589041,0.5222312045270816,0.10954063604240283,0.21232876712328766,0.5359741309620049
qwen3-8b-base,gemma2-9b,geometry_of_truth,4,0.7213490504256712,0.5890635232481991,447,2952,437,0.1480352303523035,0.9156175077680371,0.41092597731687674,0.10226146879928634,0.5046915304511603,0.2731610337972167,2515,0.9324324324324325,0.3157894736842105,0.32803180914512925,0.8610169491525423,0.5812356979405034,0.374155069582505,0.5779661016949152,0.7803203661327232,0.4087475149105368
qwen3-8b-base,gemma2-9b,imdb,4,0.7592229840026118,0.6674828599412341,616,3224,772,0.23945409429280398,0.6726099662747551,0.541503869105478,0.06093608272007972,0.13110609716927712,0.258,2500,0.4658385093167702,0.09715025906735751,0.288,0.4813664596273292,0.20077720207253885,0.32,0.40310077519379844,0.33678756476683935,0.362
qwen3-8b-base,gemma2-9b,rte,4,0.8262276785714285,0.61171875,705,166,39,0.23493975903614459,0.658590753078942,0.4723399959620432,0.06551273799993354,0.1862507571168988,0.37404580152671757,131,0.375,0.07692307692307693,0.3969465648854962,0.35294117647058826,0.15384615384615385,0.4198473282442748,0.3333333333333333,0.28205128205128205,0.4580152671755725
qwen3-8b-base,gemma2-9b,truthfulqa,4,0.8246992388902529,0.6189540878958998,579,939,285,0.3035143769968051,0.5201942164279199,0.5143422393905253,0.05445848286766743,0.005851977037394596,0.4173806609547124,817,0.19148936170212766,0.031578947368421054,0.4283965728274174,0.2127659574468085,0.07017543859649122,0.4418604651162791,0.25,0.1649122807017544,0.4749082007343941
qwen3-8b-base,llama31-405b,boolq,4,0.7709380234505863,0.6517308766052484,752,1875,296,0.15786666666666666,0.5764553343717371,0.5204055979665543,0.024445661999113473,0.05604973640518285,0.44058205335489087,1237,0.2127659574468085,0.06756756756756757,0.45675020210185935,0.2393617021276596,0.15202702702702703,0.47696038803556995,0.20533333333333334,0.26013513513513514,0.5028294260307195
qwen3-8b-base,llama31-405b,geometry_of_truth,4,0.7213490504256712,0.39996725605762934,172,2012,10,0.004970178926441352,0.24150849150849152,0.356968031968032,0.18084292795587034,-0.11545954045954049,0.4385685884691849,2515,0.0,0.0,0.4385685884691849,0.0,0.0,0.4385685884691849,0.0,0.0,0.4385685884691849
qwen3-8b-base,llama31-405b,imdb,4,0.7592229840026118,0.683643486777669,624,3278,828,0.2525930445393533,0.5445326826382727,0.4354215961747018,0.0908424591353892,0.10911108646357093,0.2452,2500,0.23170731707317074,0.04589371980676329,0.2604,0.2621951219512195,0.10386473429951691,0.2796,0.2820121951219512,0.22342995169082125,0.3192
qwen3-8b-base,llama31-405b,rte,4,0.8262276785714285,0.7143973214285714,1187,188,54,0.2872340425531915,0.6516030956329464,0.5135433941404091,0.0300444585303014,0.13805970149253732,0.31297709923664124,131,0.4444444444444444,0.07407407407407407,0.3435114503816794,0.631578947368421,0.2222222222222222,0.40458015267175573,0.47368421052631576,0.3333333333333333,0.45038167938931295
qwen3-8b-base,llama31-405b,truthfulqa,4,0.8246992388902529,0.7527620918242082,1242,1108,375,0.33844765342960287,0.6879854479308776,0.5055015916325603,0.05853590127659917,0.18248385629831732,0.34149326805385555,817,0.38181818181818183,0.056,0.3671970624235006,0.4774774774774775,0.14133333333333334,0.40636474908200737,0.4954954954954955,0.29333333333333333,0.47613219094247244
qwen3-8b-base,llama31-70b,boolq,4,0.7709380234505863,0.7279452819653824,1091,2028,350,0.17258382642998027,0.581094840796867,0.5151907032181169,0.05587762824523869,0.06590413757875013,0.4486661277283751,1237,0.1782178217821782,0.05142857142857143,0.46321746160064675,0.26108374384236455,0.15142857142857144,0.49151172190784154,0.23645320197044334,0.2742857142857143,0.5262732417138237
qwen3-8b-base,llama31-70b,geometry_of_truth,4,0.7213490504256712,0.5862802881466929,376,2921,409,0.14002054091064703,0.9231532166383754,0.6880937271269058,0.10408091122777195,0.2350594895114696,0.29105367793240555,2515,0.9794520547945206,0.34963325183374083,0.34791252485089463,0.9486301369863014,0.6772616136919315,0.4011928429423459,0.613013698630137,0.8753056234718827,0.43339960238568587
qwen3-8b-base,llama31-70b,imdb,4,0.7592229840026118,0.7068233757753836,717,3365,905,0.2689450222882615,0.516380092530207,0.6314648744553744,0.03310892881684469,-0.11508478192516736,0.2264,2500,0.25595238095238093,0.04751381215469613,0.2436,0.25,0.09281767955801105,0.26,0.2600297176820208,0.19337016574585636,0.2964
qwen3-8b-base,llama31-70b,rte,4,0.8262276785714285,0.7806919642857143,1561,208,69,0.3317307692307692,0.8059639245125638,0.5525753310395163,0.051017717788609404,0.25338859347304754,0.183206106870229,131,0.7,0.10144927536231885,0.2366412213740458,0.7619047619047619,0.2318840579710145,0.3053435114503817,0.8095238095238095,0.4927536231884058,0.44274809160305345
qwen3-8b-base,llama31-70b,truthfulqa,4,0.8246992388902529,0.7976921188313283,1470,1155,431,0.37316017316017314,0.6173488354206459,0.5011472741023701,0.07487955601699696,0.11620156131827575,0.31211750305997554,817,0.39655172413793105,0.05336426914153132,0.3402692778457772,0.5,0.1345707656612529,0.38310893512851896,0.48484848484848486,0.25986078886310904,0.44920440636474906
qwen3-8b-base,llama31-70b-base,boolq,4,0.7709380234505863,0.6062255723059743,719,1662,382,0.22984356197352587,0.5510962041884817,0.49601245500654456,0.038041742034831794,0.05508374918193715,0.4510913500404204,1237,0.3132530120481928,0.06806282722513089,0.4721099434114794,0.3433734939759036,0.14921465968586387,0.4971705739692805,0.2710843373493976,0.2356020942408377,0.5238480194017785
qwen3-8b-base,llama31-70b-base,geometry_of_truth,4,0.7213490504256712,0.48952193844138836,456,2348,532,0.22657580919931858,0.9417800420655162,0.5906980764135007,0.1638161035583288,0.35108196565201555,0.27634194831013914,2515,1.0,0.2199248120300752,0.3228628230616302,0.9872340425531915,0.43609022556390975,0.36858846918489063,0.9,0.7951127819548872,0.44453280318091454
qwen3-8b-base,llama31-70b-base,imdb,4,0.7592229840026118,0.6658504733920992,718,2937,802,0.2730677562138236,0.5163548973000753,0.5436579803418853,0.08975125100081348,-0.02730308304180995,0.356,2500,0.23129251700680273,0.04239401496259352,0.3696,0.24149659863945577,0.0885286783042394,0.3844,0.2708688245315162,0.19825436408977556,0.4196
qwen3-8b-base,llama31-70b-base,rte,4,0.8262276785714285,0.7425223214285714,1500,191,62,0.32460732984293195,0.6230307576894224,0.47368092023005753,0.028579763498682777,0.14934983745936486,0.2824427480916031,131,0.5,0.08064516129032258,0.32061068702290074,0.42105263157894735,0.12903225806451613,0.3435114503816794,0.47368421052631576,0.2903225806451613,0.4198473282442748
qwen3-8b-base,llama31-70b-base,truthfulqa,4,0.8246992388902529,0.7568131598330469,1414,1093,424,0.3879231473010064,0.553159460755281,0.49434790732436473,0.047557337861291356,0.058811553430916264,0.3243574051407589,817,0.4727272727272727,0.06132075471698113,0.3561811505507956,0.44954128440366975,0.11556603773584906,0.3843329253365973,0.4657534246575342,0.24056603773584906,0.44920440636474906
qwen3-8b-base,llama31-8b-base,boolq,4,0.7709380234505863,0.6969570072585148,1190,1993,499,0.2503763171098846,0.5321969239684188,0.49753992590267543,0.019103417517076785,0.03465699806574335,0.3419563459983832,1237,0.29,0.05811623246492986,0.3654001616814875,0.31155778894472363,0.12424849699398798,0.3920776071139854,0.2681704260651629,0.21442885771543085,0.4284559417946645
qwen3-8b-base,llama31-8b-base,geometry_of_truth,4,0.7213490504256712,0.8238375900458416,933,3246,742,0.2285890326555761,0.9320790239659671,0.47682454703202637,0.03611909187816176,0.4552544769339407,0.504572564612326,2515,0.9814814814814815,0.21428571428571427,0.56779324055666,0.9907692307692307,0.4339622641509434,0.6326043737574553,0.9075500770416025,0.793800539083558,0.7387673956262425
qwen3-8b-base,llama31-8b-base,imdb,4,0.7592229840026118,0.5558276199804114,807,2517,624,0.24791418355184744,0.5569904980562668,0.5741050445636421,0.05304344053800015,-0.017114546507375317,0.376,2500,0.3253968253968254,0.06570512820512821,0.3924,0.27380952380952384,0.11057692307692307,0.4036,0.2803180914512923,0.22596153846153846,0.4324
qwen3-8b-base,llama31-8b-base,rte,4,0.8262276785714285,0.6628348214285714,1628,174,53,0.3045977011494253,0.6338687041946047,0.4879151723062529,0.038149033157994415,0.1459535318883518,0.31297709923664124,131,0.6666666666666666,0.11320754716981132,0.35877862595419846,0.5882352941176471,0.18867924528301888,0.3893129770992366,0.45714285714285713,0.3018867924528302,0.4351145038167939
qwen3-8b-base,llama31-8b-base,truthfulqa,4,0.8246992388902529,0.7129879695556102,1595,1042,504,0.4836852207293666,0.5564812356169233,0.45525480173482036,0.04723133524633104,0.10122643388210295,0.2533659730722154,817,0.6153846153846154,0.06349206349206349,0.29253365973072215,0.6057692307692307,0.125,0.33047735618115054,0.5673076923076923,0.23412698412698413,0.397796817625459
qwen38-27b,llama31-405b,boolq,3,0.5835734870317003,0.553554274735831,164,1456,126,0.08653846153846154,0.5355710705334765,0.5255788280224372,0.03756305085123201,0.009992242511039362,0.23767178658043653,1237,0.1095890410958904,0.06349206349206349,0.24413904607922393,0.1095890410958904,0.12698412698412698,0.25060630557801133,0.09621993127147767,0.2222222222222222,0.2603071948261924
qwen38-27b,llama31-405b,geometry_of_truth,3,0.6753539253539254,0.574967824967825,127,2750,244,0.08872727272727272,0.8895241584132508,0.6659762471707248,0.15147188849072932,0.22354791124252604,0.31053677932405566,2515,0.9057971014492754,0.5122950819672131,0.3602385685884692,0.6727272727272727,0.7581967213114754,0.38409542743538766,0.37272727272727274,0.8401639344262295,0.3920477137176938
qwen38-27b,llama31-405b,rte,3,0.6956375838926174,0.6810402684563759,562,160,31,0.19375,0.5748937234308578,0.5594523630907728,0.07882511833199217,0.01544136034008492,0.35877862595419846,131,0.25,0.06451612903225806,0.37404580152671757,0.3125,0.16129032258064516,0.3969465648854962,0.25,0.25806451612903225,0.4198473282442748
qwen38-27b,llama31-405b,truthfulqa,3,0.7098717450446949,0.6991838321026039,510,939,290,0.308839190628328,0.6934541203974285,0.5670567451251262,0.11161875929699455,0.12639737527230233,0.3219094247246022,817,0.6595744680851063,0.10689655172413794,0.3598531211750306,0.6382978723404256,0.20689655172413793,0.3953488372093023,0.5159574468085106,0.33448275862068966,0.44063647490820074
qwen38-27b,llama31-70b,boolq,3,0.5835734870317003,0.5864553314121037,215,1544,171,0.11075129533678757,0.5768816311232073,0.47725985271506033,0.022124695597171937,0.09962177840814701,0.22150363783346808,1237,0.11688311688311688,0.05263157894736842,0.22877930476960387,0.16883116883116883,0.15204678362573099,0.2425222312045271,0.1553398058252427,0.2807017543859649,0.2603071948261924
qwen38-27b,llama31-70b,geometry_of_truth,3,0.6753539253539254,0.7332689832689833,430,3032,525,0.17315303430079157,0.9745907649058825,0.3701952627880031,0.16113544252939443,0.6043955021178794,0.4031809145129225,2515,1.0,0.2895238095238095,0.4636182902584493,0.9900990099009901,0.5714285714285714,0.5224652087475149,0.7772277227722773,0.8971428571428571,0.5904572564612326
qwen38-27b,llama31-70b,rte,3,0.6956375838926174,0.7060402684563758,640,175,40,0.22857142857142856,0.6631481481481482,0.510462962962963,0.08838441919001083,0.15268518518518515,0.24427480916030533,131,0.5555555555555556,0.125,0.2824427480916031,0.4444444444444444,0.2,0.3053435114503817,0.3142857142857143,0.275,0.3282442748091603
qwen38-27b,llama31-70b,truthfulqa,3,0.7098717450446949,0.7092887679751263,544,967,336,0.3474663908996898,0.6738453701607425,0.5151745622971851,0.0790729228781475,0.15867080786355747,0.28151774785801714,817,0.6041666666666666,0.08630952380952381,0.31701346389228885,0.6391752577319587,0.18452380952380953,0.3574051407588739,0.5751295336787565,0.33035714285714285,0.4173806609547124
qwen38-27b,llama31-70b-base,boolq,3,0.5835734870317003,0.5518731988472623,148,1320,191,0.14469696969696969,0.5630799623444739,0.47906222900310247,0.04658874009110545,0.08401773334137141,0.3419563459983832,1237,0.15151515151515152,0.05235602094240838,0.35004042037186744,0.18181818181818182,0.1256544502617801,0.36135812449474536,0.20454545454545456,0.28272251308900526,0.3856103476151981
qwen38-27b,llama31-70b-base,geometry_of_truth,3,0.6753539253539254,0.6956241956241956,461,2995,625,0.20868113522537562,0.9701218565400843,0.6275910548523206,0.19772254562123276,0.34253080168776373,0.30417495029821073,2515,1.0,0.24,0.36381709741550694,0.9866666666666667,0.4736,0.42186878727634197,0.8848080133555927,0.848,0.5149105367793241
qwen38-27b,llama31-70b-base,rte,3,0.6956375838926174,0.6671140939597315,622,157,39,0.2484076433121019,0.5310734463276836,0.5092894393741851,0.06504536080290682,0.02178400695349847,0.31297709923664124,131,0.375,0.07692307692307693,0.33587786259541985,0.25,0.10256410256410256,0.3435114503816794,0.25806451612903225,0.20512820512820512,0.37404580152671757
qwen38-27b,llama31-70b-base,truthfulqa,3,0.7098717450446949,0.6706179556937427,538,875,311,0.3554285714285714,0.6375282205650954,0.527455189163303,0.046037247077033196,0.11007303140179237,0.3525091799265606,817,0.5681818181818182,0.08038585209003216,0.38310893512851896,0.5454545454545454,0.15434083601286175,0.4112607099143207,0.52,0.29260450160771706,0.4638922888616891
