overseer,target,held_out,n_pool_datasets,pos_rate_overseer,pos_rate_target,row2_fit_n,both_true_test_n,row2_test_n,base_rate,direction_auroc,shuffled_auroc,shuffled_sd,margin,router_coverage,n_false,prec_05,recall_05,caught_05,prec_10,recall_10,caught_10,prec_20,recall_20,caught_20,kind,scale_gap
gemma4-12b,gemma4-12b-base,boolq,4,0.6072026800670016,0.3285873813512004,94,426,79,0.1854460093896713,0.4871046583737642,0.5032648743296976,0.0284109338118574,-0.0161602159559333,0.6612772837510105,1237,0.0952380952380952,0.0253164556962025,0.6628940986257074,0.1627906976744186,0.0886075949367088,0.6669361358124495,0.188235294117647,0.2025316455696202,0.6742118027485853,same-family,1.0
gemma4-12b,gemma4-12b-base,geometry_of_truth,4,0.7917485265225933,0.8040275049115914,1401,3023,1014,0.3354283824015878,0.9104989087567484,0.4116261095288165,0.1135337454587536,0.4988727992279317,0.5860834990059642,2515,0.9735099337748344,0.1449704142011834,0.6445328031809145,0.9801324503311258,0.291913214990138,0.7037773359840954,0.9206611570247932,0.5493096646942801,0.8075546719681909,same-family,1.0
gemma4-12b,gemma4-12b-base,imdb,4,0.5009794319294809,0.5584394384590271,766,1728,706,0.4085648148148148,0.4971075433937788,0.4946800696296214,0.0542413031767206,0.0024274737641573,0.3588,2500,0.4534883720930232,0.0552407932011331,0.3744,0.4104046242774566,0.1005665722379603,0.3872,0.4132947976878612,0.2025495750708215,0.416,same-family,1.0
gemma4-12b,gemma4-12b-base,rte,4,0.5954241071428571,0.7073660714285714,1571,129,50,0.3875968992248062,0.6311392405063292,0.4757594936708861,0.0456863396207689,0.1553797468354431,0.3587786259541984,131,0.6666666666666666,0.08,0.3893129770992366,0.5384615384615384,0.14,0.4122137404580153,0.4615384615384615,0.24,0.4503816793893129,same-family,1.0
gemma4-12b,gemma4-12b-base,truthfulqa,4,0.6350356002946231,0.7275963663147557,1551,787,363,0.4612452350698856,0.5362219969852903,0.5136376630802016,0.0284086891485282,0.0225843339050886,0.430844553243574,817,0.5641025641025641,0.0606060606060606,0.4577723378212974,0.5443037974683544,0.1184573002754821,0.4834761321909425,0.5222929936305732,0.2258953168044077,0.5312117503059975,same-family,1.0
gemma4-12b,qwen3-32b,boolq,4,0.6072026800670016,0.7290619765494137,1043,1498,338,0.2256341789052069,0.5329320546827179,0.5030931187512753,0.0187095477639532,0.0298389359314426,0.4890864995957963,1237,0.2533333333333333,0.0562130177514792,0.5044462409054163,0.1933333333333333,0.0857988165680473,0.5125303152789006,0.2433333333333333,0.2159763313609467,0.5481002425222312,cross-family,2.6666666666666665
gemma4-12b,qwen3-32b,geometry_of_truth,4,0.7917485265225933,0.6421087098886706,549,2720,711,0.2613970588235294,0.9280173116895212,0.3806233412372873,0.1065006013927212,0.5473939704522337,0.5037773359840955,2515,0.9558823529411764,0.1828410689170183,0.5554671968190855,0.9117647058823528,0.3488045007032349,0.6023856858846919,0.8290441176470589,0.6343178621659634,0.6831013916500994,cross-family,2.6666666666666665
gemma4-12b,qwen3-32b,imdb,4,0.5009794319294809,0.717760365654587,695,1953,724,0.3707117255504352,0.7084646368381067,0.4623382775377727,0.0398471772237084,0.246126359300334,0.3752,2500,0.7857142857142857,0.106353591160221,0.406,0.7076923076923077,0.1906077348066298,0.4304,0.629156010230179,0.3397790055248619,0.4736,cross-family,2.6666666666666665
gemma4-12b,qwen3-32b,rte,4,0.5954241071428571,0.7856026785714286,1505,142,57,0.4014084507042254,0.8288957688338493,0.4876676986584106,0.0254453987727734,0.3412280701754386,0.3206106870229007,131,1.0,0.1228070175438596,0.3740458015267175,1.0,0.2456140350877192,0.4274809160305343,0.9642857142857144,0.4736842105263157,0.5267175572519084,cross-family,2.6666666666666665
gemma4-12b,qwen3-32b,truthfulqa,4,0.6350356002946231,0.8048121777559538,1473,860,350,0.4069767441860465,0.6460448179271708,0.5003417366946779,0.0358039272664154,0.1457030812324929,0.4357405140758874,817,0.7674418604651163,0.0942857142857142,0.4761321909424724,0.6744186046511628,0.1657142857142857,0.5067319461444308,0.6686046511627907,0.3285714285714285,0.576499388004896,cross-family,2.6666666666666665
gemma4-12b-base,gemma4-12b,boolq,4,0.3285873813512004,0.6072026800670016,94,426,79,0.1854460093896713,0.5059643234961515,0.507934191806807,0.0228845889663034,-0.0019698683106554,0.6612772837510105,1237,0.0952380952380952,0.0253164556962025,0.6628940986257074,0.1627906976744186,0.0886075949367088,0.6669361358124495,0.1764705882352941,0.189873417721519,0.6734033953112368,same-family,1.0
gemma4-12b-base,gemma4-12b,geometry_of_truth,4,0.8040275049115914,0.7917485265225933,1401,3023,1014,0.3354283824015878,0.9249614407748956,0.4366289812215836,0.1238025636850441,0.4883324595533119,0.5860834990059642,2515,0.9933774834437086,0.1479289940828402,0.6457256461232604,0.9867549668874172,0.2938856015779093,0.7045725646123261,0.947107438016529,0.5650887573964497,0.8139165009940358,same-family,1.0
gemma4-12b-base,gemma4-12b,imdb,4,0.5584394384590271,0.5009794319294809,766,1728,706,0.4085648148148148,0.4362911139076298,0.4916874788644162,0.0740423078188619,-0.0553963649567863,0.3588,2500,0.2325581395348837,0.0283286118980169,0.3668,0.2832369942196532,0.0694050991501416,0.3784,0.3236994219653179,0.1586402266288951,0.4036,same-family,1.0
gemma4-12b-base,gemma4-12b,rte,4,0.7073660714285714,0.5954241071428571,1571,129,50,0.3875968992248062,0.609367088607595,0.5008860759493671,0.0279775472501825,0.1084810126582279,0.3587786259541984,131,0.5,0.06,0.3816793893129771,0.6923076923076923,0.18,0.4274809160305343,0.5,0.26,0.4580152671755725,same-family,1.0
gemma4-12b-base,gemma4-12b,truthfulqa,4,0.7275963663147557,0.6350356002946231,1551,787,363,0.4612452350698856,0.5286462394095327,0.4968049924632257,0.0348780588542772,0.0318412469463069,0.430844553243574,817,0.5128205128205128,0.0550964187327823,0.4553243574051407,0.5189873417721519,0.1129476584022038,0.4810281517747858,0.4840764331210191,0.209366391184573,0.5238678090575275,same-family,1.0
gemma4-12b-base,qwen3-32b,boolq,4,0.3285873813512004,0.7290619765494137,146,881,118,0.133938706015891,0.5934535842015239,0.5183041961925494,0.0173458724976637,0.0751493880089745,0.4421988682295877,1237,0.1136363636363636,0.0423728813559322,0.4462409054163298,0.1818181818181818,0.135593220338983,0.4551333872271625,0.1818181818181818,0.2711864406779661,0.4680679062247372,cross-family,2.6666666666666665
gemma4-12b-base,qwen3-32b,geometry_of_truth,4,0.8040275049115914,0.6421087098886706,532,2853,341,0.1195233087977567,0.9405948222724472,0.1192376300502456,0.0188520474298606,0.8213571922222014,0.6222664015904572,2515,0.951048951048951,0.3988269794721407,0.6763419483101392,0.7894736842105263,0.6598240469208211,0.7117296222664016,0.5061295971978984,0.8475073313782991,0.7371769383697813,cross-family,2.6666666666666665
gemma4-12b-base,qwen3-32b,imdb,4,0.5584394384590271,0.717760365654587,743,2493,745,0.2988367428800642,0.5895612243330824,0.5176166817686176,0.064707910808923,0.0719445425644648,0.266,2500,0.408,0.0684563758389261,0.2864,0.4216867469879518,0.1409395973154362,0.308,0.3947895791583166,0.2644295302013423,0.3448,cross-family,2.6666666666666665
gemma4-12b-base,qwen3-32b,rte,4,0.7073660714285714,0.7856026785714286,1565,182,55,0.3021978021978022,0.7624910522548317,0.5595204008589836,0.0608218724407213,0.2029706513958481,0.2519083969465648,131,0.8888888888888888,0.1454545454545454,0.3129770992366412,0.7777777777777778,0.2545454545454545,0.3587786259541984,0.6666666666666666,0.4363636363636363,0.4351145038167939,cross-family,2.6666666666666665
gemma4-12b-base,qwen3-32b,truthfulqa,4,0.7275963663147557,0.8048121777559538,1484,1031,431,0.4180407371483996,0.6624245939675174,0.5222486465583913,0.0488016996211028,0.1401759474091261,0.3035495716034271,817,0.7115384615384616,0.0858468677494199,0.3488372093023256,0.6601941747572816,0.1577726218097447,0.386780905752754,0.6553398058252428,0.3132250580046403,0.4687882496940024,cross-family,2.6666666666666665
gemma4-31b,qwen3-32b,boolq,3,0.3674351585014409,0.590297790585975,276,781,88,0.1126760563380281,0.5760363373999737,0.5093139184048274,0.0264764663999302,0.0667224189951463,0.4074373484236055,1237,0.1282051282051282,0.0568181818181818,0.4114793856103476,0.1538461538461538,0.1363636363636363,0.4171382376717866,0.1602564102564102,0.2840909090909091,0.427647534357316,cross-family,1.032258064516129
gemma4-31b,qwen3-32b,geometry_of_truth,3,0.6576576576576577,0.7200772200772201,487,2576,955,0.3707298136645963,0.9005784678192958,0.561603431402631,0.1060865175311399,0.3389750364166648,0.3518886679920477,2515,1.0,0.1350785340314136,0.4031809145129225,1.0,0.2701570680628272,0.4544731610337972,0.9398058252427184,0.506806282722513,0.5443339960238569,cross-family,1.032258064516129
gemma4-31b,qwen3-32b,rte,3,0.4444630872483222,0.7145973154362416,636,106,42,0.3962264150943396,0.6302083333333334,0.4872581845238095,0.0090913021118287,0.1429501488095238,0.2748091603053435,131,1.0,0.119047619047619,0.3129770992366412,0.8181818181818182,0.2142857142857142,0.3435114503816794,0.7142857142857143,0.3571428571428571,0.3893129770992366,cross-family,1.032258064516129
gemma4-31b,qwen3-32b,truthfulqa,3,0.4325689856198989,0.7110376991838321,544,597,235,0.3936348408710218,0.6073704008463618,0.4203038674033149,0.0452130457926553,0.1870665334430469,0.379436964504284,817,0.7,0.0893617021276595,0.405140758873929,0.5833333333333334,0.1489361702127659,0.4222766217870257,0.5294117647058824,0.2680851063829787,0.4565483476132191,cross-family,1.032258064516129
llama-8b,gemma4-12b-base,boolq,4,0.7490228922389727,0.3285873813512004,219,948,162,0.170886075949367,0.5053325165708542,0.4901517293374799,0.0481620563057478,0.0151807872333742,0.4502829426030719,1237,0.2553191489361702,0.074074074074074,0.459983831851253,0.1789473684210526,0.1049382716049382,0.4640258690379951,0.1789473684210526,0.2098765432098765,0.4777687954729183,cross-family,1.5
llama-8b,gemma4-12b-base,geometry_of_truth,4,0.5792403405370007,0.8040275049115914,378,2908,396,0.1361760660247593,0.9645519687319052,0.5634866780865985,0.2526642330322403,0.4010652906453066,0.4528827037773359,2515,0.8620689655172413,0.3156565656565656,0.5025844930417495,0.7972508591065293,0.5858585858585859,0.5451292246520875,0.6323024054982818,0.9292929292929292,0.5992047713717694,cross-family,1.5
llama-8b,gemma4-12b-base,imdb,4,0.6913157035586027,0.5584394384590271,818,2400,658,0.2741666666666666,0.5511037866547552,0.5349770902327269,0.0920896123170987,0.0161266964220283,0.2832,2500,0.3333333333333333,0.060790273556231,0.2992,0.3458333333333333,0.1261398176291793,0.3164,0.3270833333333333,0.2386018237082066,0.346,cross-family,1.5
llama-8b,gemma4-12b-base,rte,4,0.7657366071428572,0.7073660714285714,1661,181,54,0.2983425414364641,0.6602508019830854,0.5254082822980461,0.0882191260558598,0.1348425196850392,0.2595419847328244,131,0.7777777777777778,0.1296296296296296,0.3129770992366412,0.5,0.1666666666666666,0.3282442748091603,0.3611111111111111,0.2407407407407407,0.3587786259541984,cross-family,1.5
llama-8b,gemma4-12b-base,truthfulqa,4,0.7809968082494476,0.7275963663147557,1565,1052,475,0.4515209125475285,0.5610362127154975,0.5299215543190733,0.0546370806000446,0.0311146583964242,0.241126070991432,817,0.4150943396226415,0.0463157894736842,0.2680538555691554,0.5047619047619047,0.111578947368421,0.3059975520195838,0.4857142857142857,0.2147368421052631,0.3659730722154223,cross-family,1.5
llama-8b,qwen3-32b,boolq,4,0.7490228922389727,0.7290619765494137,1139,2031,364,0.1792220580994584,0.5225399974950065,0.5220146904684997,0.018746059773004,0.0005253070265067,0.370250606305578,1237,0.1568627450980392,0.0439560439560439,0.3831851253031528,0.167487684729064,0.0934065934065934,0.3977364591754244,0.1871921182266009,0.2087912087912088,0.4316895715440582,cross-family,4.0
llama-8b,qwen3-32b,geometry_of_truth,4,0.5792403405370007,0.6421087098886706,395,2782,271,0.0974119338605319,0.944653855140702,0.6429036960620502,0.1960567753587062,0.3017501590786516,0.2290258449304175,2515,0.9640287769784172,0.4944649446494465,0.2823061630218688,0.7158273381294964,0.7343173431734318,0.3081510934393638,0.4172661870503597,0.8560885608856088,0.321272365805169,cross-family,4.0
llama-8b,qwen3-32b,imdb,4,0.6913157035586027,0.717760365654587,750,3263,805,0.2467054857493104,0.6842815195912446,0.5837324189236313,0.0743275089440724,0.1005491006676133,0.1964,2500,0.5276073619631901,0.1068322981366459,0.2308,0.4969325153374233,0.2012422360248447,0.2612,0.4241960183767228,0.3440993788819876,0.3072,cross-family,4.0
llama-8b,qwen3-32b,rte,4,0.7657366071428572,0.7856026785714286,1590,190,56,0.2947368421052631,0.8404850746268657,0.5323160980810234,0.0616415744528892,0.3081689765458423,0.2977099236641221,131,1.0,0.1785714285714285,0.3740458015267175,0.8947368421052632,0.3035714285714285,0.4274809160305343,0.6842105263157895,0.4642857142857143,0.4961832061068702,cross-family,4.0
llama-8b,qwen3-32b,truthfulqa,4,0.7809968082494476,0.8048121777559538,1499,1120,456,0.4071428571428571,0.6570492496300993,0.479445743500317,0.0417355672746896,0.1776035061297822,0.2607099143206854,817,0.625,0.0767543859649122,0.3035495716034271,0.6160714285714286,0.1513157894736842,0.3451652386780905,0.5892857142857143,0.2894736842105263,0.4222766217870257,cross-family,4.0
llama-8b,qwen3-8b-base,boolq,4,0.7490228922389727,0.7709380234505863,1241,2096,467,0.2228053435114503,0.5344958810005482,0.4958313780080789,0.0168837311224673,0.0386645029924693,0.370250606305578,1237,0.219047619047619,0.0492505353319057,0.3888439773645917,0.238095238095238,0.1070663811563169,0.4106709781729992,0.2625298329355608,0.2355460385438972,0.4591754244139046,cross-family,1.0
llama-8b,qwen3-8b-base,geometry_of_truth,4,0.5792403405370007,0.7213490504256712,373,2897,385,0.132896099413186,0.9523089171974524,0.4211320725452891,0.2136707945403251,0.5311768446521632,0.2958250497017892,2515,0.9793103448275862,0.3688311688311688,0.352286282306163,0.9310344827586208,0.7012987012987013,0.4031809145129225,0.5958549222797928,0.8961038961038961,0.4330019880715706,cross-family,1.0
llama-8b,qwen3-8b-base,imdb,4,0.6913157035586027,0.7592229840026118,846,3308,846,0.2557436517533252,0.6391587112286422,0.4563645184583446,0.0400657446860817,0.1827941927702976,0.24,2500,0.4424242424242424,0.0862884160756501,0.2692,0.3927492447129909,0.1536643026004728,0.292,0.3716012084592145,0.2907801418439716,0.3384,cross-family,1.0
llama-8b,qwen3-8b-base,rte,4,0.7657366071428572,0.8262276785714285,1721,201,64,0.3184079601990049,0.6916058394160585,0.5536325273722628,0.0435364846258027,0.1379733120437957,0.2442748091603053,131,0.8,0.125,0.3053435114503817,0.6,0.1875,0.3358778625954198,0.5,0.3125,0.3969465648854962,cross-family,1.0
llama-8b,qwen3-8b-base,truthfulqa,4,0.7809968082494476,0.8246992388902529,1598,1147,492,0.4289450741063644,0.5070098678086018,0.4899297151368459,0.0416090440014267,0.0170801526717558,0.2460220318237454,817,0.4561403508771929,0.0528455284552845,0.2778457772337821,0.417391304347826,0.0975609756097561,0.3047735618115055,0.388646288209607,0.1808943089430894,0.3549571603427172,cross-family,1.0
olmo3-7b,gemma4-12b,boolq,4,0.7938302624232273,0.6072026800670016,1156,1531,493,0.3220117570215545,0.541384781937491,0.5056699378974233,0.0198026835071934,0.0357148440400676,0.4785772029102668,1237,0.2987012987012987,0.0466531440162271,0.4971705739692805,0.3529411764705882,0.1095334685598377,0.5222312045270816,0.3627450980392157,0.2251521298174442,0.5683104284559418,cross-family,1.7142857142857142
olmo3-7b,gemma4-12b,geometry_of_truth,4,0.7038310412573674,0.7917485265225933,1027,2853,845,0.2961794602173151,0.7854840991065324,0.437751803437139,0.093299712291693,0.3477322956693933,0.5208747514910537,2515,1.0,0.1692307692307692,0.5777335984095427,0.9929824561403509,0.3349112426035503,0.6333996023856859,0.8318739054290718,0.5621301775147929,0.709741550695825,cross-family,1.7142857142857142
olmo3-7b,gemma4-12b,imdb,4,0.7409402546523016,0.5009794319294809,793,2042,816,0.3996082272282076,0.5844008892300803,0.4966856287784281,0.0656730133261245,0.0877152604516521,0.3744,2500,0.4803921568627451,0.0600490196078431,0.394,0.4852941176470588,0.1213235294117647,0.414,0.4877450980392157,0.2438725490196078,0.454,cross-family,1.7142857142857142
olmo3-7b,gemma4-12b,rte,4,0.8010044642857143,0.5954241071428571,1602,146,62,0.4246575342465753,0.7730414746543779,0.5422427035330262,0.0740573998553829,0.2307987711213517,0.3053435114503817,131,0.8571428571428571,0.0967741935483871,0.3511450381679389,0.8,0.1935483870967742,0.3969465648854962,0.8275862068965517,0.3870967741935484,0.4885496183206106,cross-family,1.7142857142857142
olmo3-7b,gemma4-12b,truthfulqa,4,0.8083722072182666,0.6350356002946231,1538,895,442,0.4938547486033519,0.4606344830341714,0.5330538990940238,0.0223148746611788,-0.0724194160598523,0.3818849449204406,817,0.1777777777777777,0.0180995475113122,0.3916768665850673,0.2777777777777778,0.0565610859728506,0.412484700122399,0.3687150837988827,0.1493212669683258,0.4626682986536107,cross-family,1.7142857142857142
olmo3-7b,gemma4-31b,boolq,3,0.686359269932757,0.3674351585014409,430,733,165,0.2251023192360163,0.496244131455399,0.4775874946649594,0.0122179895009354,0.0186566367904396,0.5925626515763945,1237,0.2432432432432432,0.0545454545454545,0.5998383185125303,0.3013698630136986,0.1333333333333333,0.6103476151980598,0.2517006802721088,0.2242424242424242,0.6224737267582862,cross-family,4.428571428571429
olmo3-7b,gemma4-31b,geometry_of_truth,3,0.6615186615186616,0.6576576576576577,503,2599,1166,0.4486340900346287,0.9302815645427136,0.5782358137458271,0.1962385995115555,0.3520457507968864,0.3558648111332008,2515,1.0,0.111492281303602,0.4075546719681908,1.0,0.2229845626072041,0.4592445328031809,1.0,0.4459691252144082,0.562624254473161,cross-family,4.428571428571429
olmo3-7b,gemma4-31b,rte,3,0.7402684563758389,0.4444630872483222,710,112,48,0.4285714285714285,0.7477213541666666,0.4906412760416666,0.0540978875348508,0.257080078125,0.2595419847328244,131,1.0,0.125,0.3053435114503817,0.8181818181818182,0.1875,0.3282442748091603,0.7727272727272727,0.3541666666666667,0.3893129770992366,cross-family,4.428571428571429
olmo3-7b,gemma4-31b,truthfulqa,3,0.731441896618733,0.4325689856198989,566,583,281,0.4819897084048027,0.4609365793877117,0.4702752704390658,0.0550831150743577,-0.009338691051354,0.4834761321909425,817,0.1724137931034483,0.0177935943060498,0.4895960832313341,0.293103448275862,0.0604982206405693,0.5042839657282742,0.4102564102564102,0.1708185053380783,0.5422276621787026,cross-family,4.428571428571429
olmo3-7b,qwen3-32b,boolq,4,0.7938302624232273,0.7290619765494137,1153,1991,397,0.1993972877950778,0.5235786592669615,0.4885444946256269,0.0215110521628087,0.0350341646413345,0.4777687954729183,1237,0.23,0.0579345088161209,0.4963621665319321,0.2512562814070351,0.1259445843828715,0.5181891673403395,0.2110552763819095,0.2115869017632241,0.5456750202101859,cross-family,4.571428571428571
olmo3-7b,qwen3-32b,geometry_of_truth,4,0.7038310412573674,0.6421087098886706,548,2947,437,0.1482863929419748,0.8518703219159974,0.2351990208502375,0.0817161280489286,0.61667130106576,0.3463220675944334,2515,0.9727891156462584,0.3272311212814645,0.4031809145129225,0.8406779661016949,0.5675057208237986,0.4449304174950298,0.5280135823429541,0.7116704805491991,0.4699801192842942,cross-family,4.571428571428571
olmo3-7b,qwen3-32b,imdb,4,0.7409402546523016,0.717760365654587,761,3341,942,0.2819515115234959,0.6902889473586393,0.5260376979438531,0.0575535410064091,0.1642512494147862,0.212,2500,0.6467065868263473,0.1146496815286624,0.2552,0.5598802395209581,0.1985138004246284,0.2868,0.4925149700598802,0.3492569002123142,0.3436,cross-family,4.571428571428571
olmo3-7b,qwen3-32b,rte,4,0.8010044642857143,0.7856026785714286,1607,199,63,0.3165829145728643,0.8220121381886087,0.4670868347338935,0.0392718317512111,0.3549253034547152,0.2595419847328244,131,0.8,0.1269841269841269,0.3206106870229007,0.75,0.238095238095238,0.3740458015267175,0.725,0.4603174603174603,0.4809160305343511,cross-family,4.571428571428571
olmo3-7b,qwen3-32b,truthfulqa,4,0.8083722072182666,0.8048121777559538,1495,1121,492,0.4388938447814451,0.7021210593663966,0.5037314035699976,0.0609236121113986,0.198389655796399,0.2986536107711138,817,0.8571428571428571,0.0975609756097561,0.3574051407588739,0.8303571428571429,0.1890243902439024,0.412484700122399,0.7276785714285714,0.3313008130081301,0.4981640146878825,cross-family,4.571428571428571
olmo3-7b,qwen3-8b-base,boolq,4,0.7938302624232273,0.7709380234505863,1296,2155,573,0.2658932714617169,0.5408919718561567,0.477783164880649,0.0046066670102442,0.0631088069755076,0.3597413096200485,1237,0.2962962962962963,0.0558464223385689,0.3856103476151981,0.2962962962962963,0.1116928446771378,0.4114793856103476,0.3109048723897912,0.2338568935427574,0.4680679062247372,cross-family,1.1428571428571428
olmo3-7b,qwen3-8b-base,geometry_of_truth,4,0.7038310412573674,0.7213490504256712,877,3236,724,0.2237330037082818,0.8591748557201676,0.5059056308723652,0.2131901923301636,0.3532692248478024,0.2755467196819085,2515,0.9938271604938272,0.2223756906077348,0.3395626242544731,0.9876543209876544,0.4419889502762431,0.4027833001988071,0.8191653786707882,0.7320441988950276,0.4862823061630218,cross-family,1.1428571428571428
olmo3-7b,qwen3-8b-base,imdb,4,0.7409402546523016,0.7592229840026118,877,3409,1011,0.2965679084775594,0.587472745586703,0.515314340420512,0.0798527518820716,0.0721584051661909,0.2332,2500,0.4176470588235294,0.0702274975272008,0.2616,0.3988269794721407,0.1345202769535113,0.2876,0.3914956011730205,0.2640949554896142,0.34,cross-family,1.1428571428571428
olmo3-7b,qwen3-8b-base,rte,4,0.8010044642857143,0.8262276785714285,1778,207,70,0.3381642512077294,0.6759124087591242,0.5231491136600626,0.0422769744387493,0.1527632950990616,0.2213740458015267,131,0.8,0.1142857142857142,0.2824427480916031,0.6666666666666666,0.2,0.3282442748091603,0.6097560975609756,0.3571428571428571,0.4122137404580153,cross-family,1.1428571428571428
olmo3-7b,qwen3-8b-base,truthfulqa,4,0.8083722072182666,0.8246992388902529,1588,1160,552,0.4758620689655172,0.542110626430206,0.4723262597730739,0.0486288570775416,0.069784366657132,0.2252141982864137,817,0.6379310344827587,0.0670289855072463,0.2705018359853121,0.5775862068965517,0.1213768115942029,0.3072215422276622,0.521551724137931,0.2192028985507246,0.3733170134638923,cross-family,1.1428571428571428
qwen3-1.7b,gemma4-12b,boolq,4,0.6475432719151312,0.6072026800670016,1176,1286,347,0.2698289269051322,0.5261990037841471,0.4931092001117136,0.0297478452252527,0.0330898036724334,0.4963621665319321,1237,0.234375,0.0432276657060518,0.5084882780921585,0.2170542635658914,0.0806916426512968,0.5189975747776879,0.2490272373540856,0.1844380403458213,0.5481002425222312,cross-family,7.0588235294117645
qwen3-1.7b,gemma4-12b,geometry_of_truth,4,0.785199738048461,0.7917485265225933,1400,3205,1211,0.3778471138845554,0.9132152858244428,0.5305803869080403,0.1203676962850501,0.3826348989164024,0.4003976143141153,2515,1.0,0.1321222130470685,0.4640159045725646,0.96875,0.2559867877786952,0.5236580516898608,0.9141965678627144,0.4838976052848885,0.6333996023856859,cross-family,7.0588235294117645
qwen3-1.7b,gemma4-12b,imdb,4,0.5128958537381652,0.5009794319294809,788,1590,608,0.3823899371069182,0.6444286633079644,0.468957685711223,0.0257039550289067,0.1754709775967414,0.3884,2500,0.5375,0.0707236842105263,0.4056,0.610062893081761,0.1595394736842105,0.4272,0.550314465408805,0.2878289473684211,0.4584,cross-family,7.0588235294117645
qwen3-1.7b,gemma4-12b,rte,4,0.6172991071428572,0.5954241071428571,1586,142,61,0.4295774647887324,0.6302367941712204,0.4886662618903056,0.0649829179029261,0.1415705322809147,0.1755725190839694,131,0.5714285714285714,0.0655737704918032,0.2061068702290076,0.5714285714285714,0.1311475409836065,0.2366412213740458,0.6071428571428571,0.2786885245901639,0.3053435114503817,cross-family,7.0588235294117645
qwen3-1.7b,gemma4-12b,truthfulqa,4,0.6329486864718881,0.6350356002946231,1559,763,362,0.4744429882044561,0.4272123558507048,0.503010429726788,0.04845112706867,-0.0757980738760832,0.3292533659730722,817,0.1578947368421052,0.0165745856353591,0.3365973072215422,0.2368421052631578,0.0497237569060773,0.3512851897184822,0.3006535947712418,0.1270718232044199,0.3855569155446756,cross-family,7.0588235294117645
qwen3-1.7b,gemma4-31b,boolq,3,0.600864553314121,0.3674351585014409,440,741,151,0.203778677462888,0.5360534291166237,0.4943203502076552,0.0312360621972157,0.0417330789089684,0.4664510913500404,1237,0.3513513513513513,0.086092715231788,0.4769603880355699,0.2972972972972973,0.1456953642384106,0.4842360549717057,0.2364864864864864,0.2317880794701986,0.4947453516572352,cross-family,18.235294117647054
qwen3-1.7b,gemma4-31b,geometry_of_truth,3,0.6470398970398971,0.6576576576576577,494,2440,1021,0.4184426229508197,0.8503450099013045,0.2727869773515857,0.1046231479591674,0.5775580325497187,0.341948310139165,2515,1.0,0.1194906953966699,0.3904572564612326,1.0,0.2389813907933398,0.4389662027833002,0.9979508196721312,0.4769833496571988,0.5355864811133201,cross-family,18.235294117647054
qwen3-1.7b,gemma4-31b,rte,3,0.5011744966442953,0.4444630872483222,708,112,51,0.4553571428571428,0.7405978784956605,0.501205400192864,0.0432455600473142,0.2393924783027965,0.0916030534351145,131,0.6666666666666666,0.0784313725490196,0.1221374045801526,0.7272727272727273,0.1568627450980392,0.1526717557251908,0.7272727272727273,0.3137254901960784,0.2137404580152671,cross-family,18.235294117647054
qwen3-1.7b,gemma4-31b,truthfulqa,3,0.4350952195880295,0.4325689856198989,568,525,250,0.4761904761904761,0.4711854545454545,0.500669090909091,0.0386998103226393,-0.0294836363636364,0.204406364749082,817,0.4230769230769231,0.044,0.2178702570379437,0.3846153846153846,0.08,0.2288861689106487,0.3809523809523809,0.16,0.2533659730722154,cross-family,18.235294117647054
qwen3-1.7b,olmo3-7b,boolq,4,0.6475432719151312,0.7938302624232273,1317,1799,415,0.2306837131739855,0.5236419667107738,0.5112425134062261,0.0129451920061508,0.0123994533045477,0.4704931285367825,1237,0.2444444444444444,0.053012048192771,0.4882780921584478,0.2111111111111111,0.0915662650602409,0.5012126111560227,0.2194444444444444,0.1903614457831325,0.534357316087308,cross-family,4.11764705882353
qwen3-1.7b,olmo3-7b,geometry_of_truth,4,0.785199738048461,0.7038310412573674,1025,3315,826,0.2491704374057315,0.699485970716674,0.5048154981190847,0.1074797758632754,0.1946704725975893,0.3312127236580517,2515,0.9759036144578314,0.1961259079903147,0.3956262425447316,0.9006024096385542,0.3619854721549637,0.4500994035785288,0.5927601809954751,0.4757869249394673,0.4874751491053677,cross-family,4.11764705882353
qwen3-1.7b,olmo3-7b,imdb,4,0.5128958537381652,0.7409402546523016,836,2337,695,0.2973898160034232,0.619905537202394,0.5610875489620484,0.0756557572491191,0.0588179882403456,0.33,2500,0.5128205128205128,0.0863309352517985,0.354,0.4743589743589743,0.1597122302158273,0.3744,0.4346895074946467,0.2920863309352518,0.4112,cross-family,4.11764705882353
qwen3-1.7b,olmo3-7b,rte,4,0.6172991071428572,0.8010044642857143,1656,164,58,0.3536585365853658,0.7794404684450228,0.5000406636304489,0.114789179379702,0.2793998048145739,0.2519083969465648,131,0.75,0.1034482758620689,0.2977099236641221,0.75,0.2068965517241379,0.3435114503816794,0.696969696969697,0.396551724137931,0.4274809160305343,cross-family,4.11764705882353
qwen3-1.7b,olmo3-7b,truthfulqa,4,0.6329486864718881,0.8083722072182666,1535,876,430,0.4908675799086758,0.4678068620294087,0.4883056105954739,0.0635889196617743,-0.0204987485660652,0.3733170134638923,817,0.3863636363636363,0.0395348837209302,0.3941248470012239,0.4318181818181818,0.0883720930232558,0.419828641370869,0.4457142857142857,0.1813953488372093,0.4687882496940024,cross-family,4.11764705882353
qwen3-1.7b,qwen3-8b,boolq,4,0.6475432719151312,0.3330541596873255,88,878,76,0.0865603644646924,0.5242814017587609,0.4871907402546265,0.0451066838147292,0.0370906615041343,0.4333063864187551,1237,0.0909090909090909,0.0526315789473684,0.4365400161681487,0.1136363636363636,0.131578947368421,0.4413904607922393,0.0738636363636363,0.1710526315789473,0.4438156831042845,same-family,4.705882352941177
qwen3-1.7b,qwen3-8b,geometry_of_truth,4,0.785199738048461,0.6365422396856582,572,2976,499,0.1676747311827957,0.9326857186314494,0.6273801134768527,0.1877433920070605,0.3053056051545967,0.4652087475149105,2515,0.7718120805369127,0.2304609218436873,0.510934393638171,0.825503355704698,0.4929859719438877,0.5630218687872763,0.680672268907563,0.811623246492986,0.6262425447316103,same-family,4.705882352941177
qwen3-1.7b,qwen3-8b,imdb,4,0.5128958537381652,0.6849493960169768,662,2187,546,0.2496570644718793,0.8287104932443141,0.5161054413796644,0.1095538230049381,0.3126050518646497,0.3104,2500,0.8348623853211009,0.1666666666666666,0.3468,0.7808219178082192,0.3131868131868132,0.3788,0.6796338672768879,0.5439560439560439,0.4292,same-family,4.705882352941177
qwen3-1.7b,qwen3-8b,rte,4,0.6172991071428572,0.6415178571428571,796,134,32,0.2388059701492537,0.6228553921568627,0.4870557598039216,0.0450807061671435,0.1357996323529411,0.3358778625954198,131,0.4285714285714285,0.09375,0.3587786259541984,0.2307692307692307,0.09375,0.3587786259541984,0.2592592592592592,0.21875,0.3893129770992366,same-family,4.705882352941177
qwen3-1.7b,qwen3-8b,truthfulqa,4,0.6329486864718881,0.663147557083231,762,762,280,0.3674540682414698,0.4851066982809721,0.5281935388263189,0.0950974378874331,-0.0430868405453468,0.3831089351285189,817,0.4473684210526316,0.0607142857142857,0.4039167686658507,0.4605263157894737,0.125,0.4259485924112607,0.3684210526315789,0.2,0.4516523867809057,same-family,4.705882352941177
qwen3-1.7b,qwen38-27b,boolq,3,0.600864553314121,0.5835734870317003,302,1365,151,0.1106227106227106,0.544912008902757,0.5258845478250433,0.0156262559143028,0.0190274610777136,0.4114793856103476,1237,0.1176470588235294,0.0529801324503311,0.417946645109135,0.0808823529411764,0.0728476821192053,0.4203718674211802,0.0952380952380952,0.1721854304635761,0.4324979789814066,same-family,15.882352941176473
qwen3-1.7b,qwen38-27b,geometry_of_truth,3,0.6470398970398971,0.6753539253539254,494,2821,782,0.2772066643034385,0.9504433370251956,0.6845290806260026,0.0251763415561305,0.2659142563991928,0.2147117296222664,2515,1.0,0.1803069053708439,0.2707753479125248,1.0,0.3606138107416879,0.3268389662027833,0.99645390070922,0.7186700767263428,0.4381709741550695,same-family,15.882352941176473
qwen3-1.7b,qwen38-27b,rte,3,0.5011744966442953,0.6956375838926174,674,125,42,0.336,0.6855995410212277,0.5450372920252439,0.0577330172129434,0.1405622489959838,0.183206106870229,131,0.5,0.0714285714285714,0.2061068702290076,0.4166666666666667,0.119047619047619,0.2213740458015267,0.48,0.2857142857142857,0.2748091603053435,same-family,15.882352941176473
qwen3-1.7b,qwen38-27b,truthfulqa,3,0.4350952195880295,0.7098717450446949,555,616,270,0.4383116883116883,0.6198244487261828,0.5116623849282809,0.0399929733094305,0.1081620637979019,0.3451652386780905,817,0.6451612903225806,0.074074074074074,0.3696450428396572,0.5967741935483871,0.137037037037037,0.390452876376989,0.6016260162601627,0.2740740740740741,0.4357405140758874,same-family,15.882352941176473
qwen3-8b,gemma4-12b-base,boolq,4,0.3330541596873255,0.3285873813512004,72,698,66,0.0945558739255014,0.5758534714230917,0.5187296221710778,0.0785056327662189,0.0571238492520139,0.1810832659660468,1237,0.0857142857142857,0.0454545454545454,0.1835084882780921,0.1285714285714285,0.1363636363636363,0.1883589329021827,0.1357142857142857,0.2878787878787879,0.1964430072756669,cross-family,1.5
qwen3-8b,gemma4-12b-base,geometry_of_truth,4,0.6365422396856582,0.8040275049115914,564,2855,364,0.1274956217162872,0.8715706212695373,0.3183463214826121,0.1129575977227412,0.5532242997869252,0.6015904572564612,2515,0.7132867132867133,0.2802197802197802,0.6421471172962226,0.6503496503496503,0.510989010989011,0.6755467196819086,0.446584938704028,0.7005494505494505,0.7029821073558649,cross-family,1.5
qwen3-8b,gemma4-12b-base,imdb,4,0.6849493960169768,0.5584394384590271,675,2344,604,0.257679180887372,0.7172756337063256,0.5284896665905457,0.0675987944440038,0.1887859671157798,0.3128,2500,0.5384615384615384,0.1043046357615894,0.338,0.5726495726495726,0.2218543046357615,0.3664,0.5053304904051172,0.3923841059602649,0.4076,cross-family,1.5
qwen3-8b,gemma4-12b-base,rte,4,0.6415178571428571,0.7073660714285714,818,155,35,0.2258064516129032,0.6780952380952381,0.5223809523809524,0.0499515070966281,0.1557142857142857,0.3053435114503817,131,0.25,0.0571428571428571,0.3206106870229007,0.3125,0.1428571428571428,0.3435114503816794,0.3548387096774194,0.3142857142857143,0.3893129770992366,cross-family,1.5
qwen3-8b,gemma4-12b-base,truthfulqa,4,0.663147557083231,0.7275963663147557,773,872,327,0.375,0.6049490783604073,0.5169682686642538,0.0286156983693035,0.0879808096961535,0.3720930232558139,817,0.6590909090909091,0.0886850152905198,0.4075887392900856,0.5747126436781609,0.1529051987767584,0.4332925336597307,0.5114942528735632,0.2721712538226299,0.4810281517747858,cross-family,1.5
qwen3-8b,llama-8b,boolq,4,0.3330541596873255,0.7490228922389727,100,1016,94,0.09251968503937,0.5480800295380072,0.4754724927308811,0.0246204249208451,0.072607536807126,0.4616006467259498,1237,0.1372549019607843,0.0744680851063829,0.4672594987873888,0.1078431372549019,0.1170212765957446,0.4704931285367825,0.1034482758620689,0.2234042553191489,0.4785772029102668,cross-family,1.0
qwen3-8b,llama-8b,geometry_of_truth,4,0.6365422396856582,0.5792403405370007,384,2689,198,0.0736333209371513,0.947313358393246,0.3449686548341707,0.195831840539239,0.6023447035590753,0.2846918489065606,2515,0.7985074626865671,0.5404040404040404,0.3272365805168986,0.5464684014869888,0.7424242424242424,0.3431411530815109,0.3178438661710037,0.8636363636363636,0.3526838966202783,cross-family,1.0
qwen3-8b,llama-8b,imdb,4,0.6849493960169768,0.6913157035586027,685,3217,762,0.2368666459434255,0.7229410223925675,0.5674747823019068,0.0377045237878373,0.1554662400906606,0.1648,2500,0.6273291925465838,0.1325459317585302,0.2052,0.546583850931677,0.2309711286089238,0.2352,0.463452566096423,0.3910761154855643,0.284,cross-family,1.0
qwen3-8b,llama-8b,rte,4,0.6415178571428571,0.7657366071428572,840,165,38,0.2303030303030303,0.6972648155822627,0.5433588893493576,0.0589880773087934,0.1539059262329051,0.3206106870229007,131,0.5,0.1052631578947368,0.3511450381679389,0.4375,0.1842105263157894,0.3740458015267175,0.3333333333333333,0.2894736842105263,0.4045801526717557,cross-family,1.0
qwen3-8b,llama-8b,truthfulqa,4,0.663147557083231,0.7809968082494476,788,973,368,0.3782117163412127,0.616299856270212,0.5358493532159541,0.0436606486245168,0.0804505030542579,0.2900856793145654,817,0.5510204081632653,0.0733695652173913,0.3231334149326805,0.5360824742268041,0.1413043478260869,0.3537331701346389,0.5333333333333333,0.2826086956521739,0.4173806609547124,cross-family,1.0
qwen3-8b,qwen3-8b-base,boolq,4,0.3330541596873255,0.7709380234505863,109,1040,107,0.1028846153846153,0.5358455790285582,0.4751154451022227,0.0196798137677398,0.0607301339263354,0.5278900565885206,1237,0.0192307692307692,0.0093457943925233,0.5286984640258691,0.0865384615384615,0.0841121495327102,0.5351657235246564,0.125,0.2429906542056074,0.5489086499595797,same-family,1.0
qwen3-8b,qwen3-8b-base,geometry_of_truth,4,0.6365422396856582,0.7213490504256712,577,2895,404,0.1395509499136442,0.8803266015080031,0.5875100858138804,0.1951327261475967,0.2928165156941227,0.4039761431411531,2515,0.9793103448275862,0.3514851485148514,0.4604373757455268,0.8172413793103448,0.5866336633663366,0.4982107355864811,0.5112262521588946,0.7326732673267327,0.5216699801192843,same-family,1.0
qwen3-8b,qwen3-8b-base,imdb,4,0.6849493960169768,0.7592229840026118,689,3315,845,0.2549019607843137,0.721266320101574,0.4925438995759768,0.05544591239994,0.2287224205255972,0.2272,2500,0.6204819277108434,0.1218934911242603,0.2684,0.5873493975903614,0.2307692307692307,0.3052,0.5052790346907994,0.3964497041420118,0.3612,same-family,1.0
qwen3-8b,qwen3-8b-base,rte,4,0.6415178571428571,0.8262276785714285,854,177,43,0.2429378531073446,0.6469975702880945,0.536879555709823,0.0706049674906127,0.1101180145782714,0.3206106870229007,131,0.3333333333333333,0.0697674418604651,0.3435114503816794,0.4444444444444444,0.1860465116279069,0.3816793893129771,0.4285714285714285,0.3488372093023256,0.4351145038167939,same-family,1.0
qwen3-8b,qwen3-8b-base,truthfulqa,4,0.663147557083231,0.8246992388902529,791,1017,372,0.3657817109144542,0.5442443944319413,0.4645921897140952,0.0528260178427112,0.079652204717846,0.3084455324357405,817,0.4901960784313725,0.0672043010752688,0.3390452876376989,0.4117647058823529,0.1129032258064516,0.3598531211750306,0.4187192118226601,0.2284946236559139,0.412484700122399,same-family,1.0
qwen3-8b-base,gemma4-12b,boolq,4,0.7709380234505863,0.6072026800670016,1104,1509,442,0.292909211398277,0.5398525064989589,0.5137792771206962,0.0225813086992878,0.0260732293782627,0.4874696847210994,1237,0.3466666666666667,0.0588235294117647,0.5084882780921585,0.3509933774834437,0.1199095022624434,0.5303152789005658,0.3675496688741722,0.251131221719457,0.5772029102667745,cross-family,1.5
qwen3-8b-base,gemma4-12b,geometry_of_truth,4,0.7213490504256712,0.7917485265225933,945,2870,860,0.2996515679442508,0.884218442670369,0.397425517760037,0.1238445148260682,0.486792924910332,0.5427435387673957,2515,1.0,0.1674418604651162,0.6,1.0,0.3337209302325581,0.6568588469184891,0.9790940766550522,0.6534883720930232,0.7662027833001988,cross-family,1.5
qwen3-8b-base,gemma4-12b,imdb,4,0.7592229840026118,0.5009794319294809,771,1992,763,0.3830321285140562,0.6353778871675871,0.4507951141430288,0.0530643499444734,0.1845827730245582,0.4204,2500,0.59,0.0773263433813892,0.444,0.5728643216080402,0.1494102228047182,0.466,0.5603015075376885,0.292267365661861,0.5096,cross-family,1.5
qwen3-8b-base,gemma4-12b,rte,4,0.8262276785714285,0.5954241071428571,1599,146,61,0.4178082191780822,0.7326904532304724,0.5409353905496626,0.0844712943538932,0.1917550626808098,0.3282442748091603,131,1.0,0.1147540983606557,0.3816793893129771,0.9333333333333332,0.2295081967213114,0.4351145038167939,0.8275862068965517,0.3934426229508196,0.5114503816793893,cross-family,1.5
qwen3-8b-base,gemma4-12b,truthfulqa,4,0.8246992388902529,0.6350356002946231,1545,892,393,0.4405829596412556,0.5643908682504959,0.4828958170794516,0.0344135229582978,0.0814950511710442,0.4039167686658507,817,0.5555555555555556,0.0636132315521628,0.434516523867809,0.5842696629213483,0.1323155216284987,0.4675642594859241,0.550561797752809,0.2493638676844783,0.5238678090575275,cross-family,1.5
qwen3-8b-base,gemma4-31b,boolq,3,0.6366474543707973,0.3674351585014409,346,648,124,0.191358024691358,0.5831383895592219,0.4848636419601083,0.0231779432887097,0.0982747475991135,0.5650767987065481,1237,0.28125,0.0725806451612903,0.5723524656426839,0.2769230769230769,0.1451612903225806,0.5796281325788197,0.2769230769230769,0.2903225806451613,0.5941794664510913,cross-family,3.875
qwen3-8b-base,gemma4-31b,geometry_of_truth,3,0.6711711711711712,0.6576576576576577,500,2226,605,0.2717879604672057,0.8969414859718264,0.3697100555212831,0.1097662703392928,0.5272314304505432,0.5347912524850894,2515,1.0,0.1834710743801653,0.5789264413518886,1.0,0.3685950413223141,0.6234592445328032,0.9775280898876404,0.71900826446281,0.7077534791252486,cross-family,3.875
qwen3-8b-base,gemma4-31b,rte,3,0.7557046979865771,0.4444630872483222,688,106,42,0.3962264150943396,0.7220982142857143,0.5317150297619048,0.1019577302263094,0.1903831845238095,0.3282442748091603,131,1.0,0.119047619047619,0.366412213740458,0.9090909090909092,0.238095238095238,0.4045801526717557,0.7619047619047619,0.3809523809523809,0.4503816793893129,cross-family,3.875
qwen3-8b-base,gemma4-31b,truthfulqa,3,0.7312475709288768,0.4325689856198989,560,578,241,0.416955017301038,0.5260844404496596,0.4904638191511629,0.0211066587253591,0.0356206212984966,0.4651162790697674,817,0.4827586206896552,0.0580912863070539,0.4822521419828641,0.4310344827586206,0.1037344398340249,0.4957160342717258,0.4655172413793103,0.2240663900414937,0.5312117503059975,cross-family,3.875
qwen3-8b-base,qwen3-32b,boolq,4,0.7709380234505863,0.7290619765494137,1118,1978,362,0.1830131445904954,0.5222242355451014,0.503601331300257,0.0193528865584047,0.0186229042448444,0.4607922392886014,1237,0.1414141414141414,0.0386740331491712,0.4721099434114794,0.1818181818181818,0.0994475138121546,0.4898949070331447,0.2121212121212121,0.2320441988950276,0.5286984640258691,same-family,4.0
qwen3-8b-base,qwen3-32b,geometry_of_truth,4,0.7213490504256712,0.6421087098886706,535,2891,378,0.1307506053268765,0.9298136462879796,0.5013622285806926,0.1909762239096911,0.4284514177072871,0.4270377733598409,2515,0.9724137931034482,0.373015873015873,0.4831013916500994,0.9377162629757786,0.716931216931217,0.5347912524850894,0.5501730103806228,0.8412698412698413,0.553479125248509,same-family,4.0
qwen3-8b-base,qwen3-32b,imdb,4,0.7592229840026118,0.717760365654587,760,3378,913,0.2702782711663706,0.6405866134647384,0.5102530720336629,0.0411903351281883,0.1303335414310755,0.2388,2500,0.4911242603550296,0.0909090909090909,0.272,0.4556213017751479,0.1686746987951807,0.3004,0.400887573964497,0.2968236582694414,0.3472,same-family,4.0
qwen3-8b-base,qwen3-32b,rte,4,0.8262276785714285,0.7856026785714286,1608,211,70,0.3317535545023696,0.8054711246200608,0.5319402228976696,0.0364258922241014,0.2735309017223911,0.1603053435114503,131,0.8181818181818182,0.1285714285714285,0.2290076335877862,0.8095238095238095,0.2428571428571428,0.2900763358778626,0.6904761904761905,0.4142857142857143,0.3816793893129771,same-family,4.0
qwen3-8b-base,qwen3-32b,truthfulqa,4,0.8246992388902529,0.8048121777559538,1500,1179,467,0.3960983884648006,0.6428584317782643,0.4996947405143998,0.0392824243892944,0.1431636912638644,0.2619339045287637,817,0.6949152542372882,0.0877944325481798,0.3121175030599755,0.652542372881356,0.164882226980728,0.3561811505507956,0.614406779661017,0.310492505353319,0.4394124847001224,same-family,4.0
qwen3-8b-base,qwen38-27b,boolq,3,0.6366474543707973,0.5835734870317003,257,1467,197,0.1342876618950238,0.517810464047324,0.4800021983292697,0.0362560571655057,0.0378082657180542,0.3920776071139854,1237,0.1232876712328767,0.0456852791878172,0.3993532740501213,0.1360544217687075,0.1015228426395939,0.4082457558609539,0.1262798634812286,0.1878172588832487,0.4219886822958771,same-family,3.375
qwen3-8b-base,qwen38-27b,geometry_of_truth,3,0.6711711711711712,0.6753539253539254,502,3089,583,0.1887342181935901,0.9201532103397816,0.4770723505439432,0.2637494026706294,0.4430808597958382,0.2349900596421471,2515,1.0,0.2641509433962264,0.2962226640159046,0.9870550161812298,0.5231560891938251,0.3562624254473161,0.7831715210355987,0.8301886792452831,0.4274353876739563,same-family,3.375
qwen3-8b-base,qwen38-27b,rte,3,0.7557046979865771,0.6956375838926174,702,182,45,0.2472527472527472,0.6317923763179237,0.4821978913219789,0.075650745042857,0.1495944849959448,0.2366412213740458,131,0.3333333333333333,0.0666666666666666,0.2595419847328244,0.3333333333333333,0.1333333333333333,0.2824427480916031,0.3888888888888889,0.3111111111111111,0.3435114503816794,same-family,3.375
qwen3-8b-base,qwen38-27b,truthfulqa,3,0.7312475709288768,0.7098717450446949,570,1015,405,0.3990147783251231,0.6048087431693989,0.5237188828172435,0.0258397066579934,0.0810898603521553,0.2533659730722154,817,0.5098039215686274,0.0641975308641975,0.2851897184822521,0.4901960784313725,0.1234567901234567,0.3145654834761321,0.5467980295566502,0.2740740740740741,0.3892288861689106,same-family,3.375
qwen38-27b,qwen3-32b,boolq,3,0.5835734870317003,0.590297790585975,250,1519,150,0.0987491770901909,0.5083126369612856,0.5030070611151692,0.0133831587958201,0.0053055758461163,0.2522231204527081,1237,0.0657894736842105,0.0333333333333333,0.2562651576394503,0.0592105263157894,0.06,0.2594987873888439,0.0822368421052631,0.1666666666666666,0.2724333063864187,same-family,1.1851851851851851
qwen38-27b,qwen3-32b,geometry_of_truth,3,0.6753539253539254,0.7200772200772201,488,3153,645,0.2045670789724072,0.9638323257050306,0.4653624680093468,0.214498251079961,0.4984698576956838,0.2811133200795229,2515,0.9936708860759492,0.2434108527131783,0.3435387673956262,0.9936507936507936,0.4852713178294573,0.4055666003976143,0.8573692551505546,0.8387596899224806,0.4962226640159046,same-family,1.1851851851851851
qwen38-27b,qwen3-32b,rte,3,0.6956375838926174,0.7145973154362416,669,180,44,0.2444444444444444,0.6669451871657754,0.508230280748663,0.0945155148425217,0.1587149064171124,0.1984732824427481,131,0.4444444444444444,0.0909090909090909,0.2290076335877862,0.3333333333333333,0.1363636363636363,0.2442748091603053,0.3055555555555556,0.25,0.2824427480916031,same-family,1.1851851851851851
qwen38-27b,qwen3-32b,truthfulqa,3,0.7098717450446949,0.7110376991838321,562,1011,369,0.3649851632047478,0.6774350142255317,0.4939478172040287,0.0599181715906113,0.1834871970215029,0.241126070991432,817,0.7058823529411765,0.0975609756097561,0.2851897184822521,0.693069306930693,0.1897018970189702,0.3268053855569155,0.6287128712871287,0.3441734417344173,0.3965728274173806,same-family,1.1851851851851851
gemma4-12b,gemma4-31b,boolq,3,0.4939961575408261,0.3674351585014409,250,835,264,0.3161676646706587,0.4830042986785544,0.4898918033221886,0.0118851318464885,-0.0068875046436342,0.3556992724333064,1237,0.3809523809523809,0.0606060606060606,0.3686337914308811,0.369047619047619,0.1174242424242424,0.3807599029911075,0.2874251497005988,0.1818181818181818,0.3945028294260307,same-family,2.5833333333333335
gemma4-12b,gemma4-31b,geometry_of_truth,3,0.6644144144144144,0.6576576576576577,504,2779,1447,0.5206908960057575,0.5798960674565374,0.4973285310189249,0.0407097495997145,0.0825675364376125,0.1872763419483101,2515,0.6330935251798561,0.0608154803040774,0.2222664015904572,0.658273381294964,0.1264685556323427,0.2600397614314115,0.6258992805755396,0.2404975812024879,0.3256461232604374,same-family,2.5833333333333335
gemma4-12b,gemma4-31b,rte,3,0.4926174496644295,0.4444630872483222,685,105,53,0.5047619047619047,0.6302612481857764,0.5107039187227866,0.0347285221350333,0.1195573294629898,0.1450381679389313,131,0.8,0.0754716981132075,0.1755725190839694,0.8,0.1509433962264151,0.2061068702290076,0.6666666666666666,0.2641509433962264,0.2519083969465648,same-family,2.5833333333333335
gemma4-12b,gemma4-31b,truthfulqa,3,0.4656043528954527,0.4325689856198989,566,507,242,0.4773175542406311,0.4552627475440512,0.4844144706065804,0.0289212283618948,-0.0291517230625291,0.2741738066095471,817,0.4,0.0413223140495867,0.2864137086903305,0.4509803921568627,0.0950413223140495,0.3023255813953488,0.4257425742574257,0.1776859504132231,0.3268053855569155,same-family,2.5833333333333335
gemma4-12b,qwen38-27b,boolq,3,0.4939961575408261,0.5835734870317003,179,852,102,0.1197183098591549,0.5585490196078431,0.4743856209150326,0.0324495704924452,0.0841633986928104,0.5626515763945028,1237,0.1627906976744186,0.0686274509803921,0.5683104284559418,0.1176470588235294,0.0980392156862745,0.570735650767987,0.1352941176470588,0.2254901960784313,0.5812449474535166,cross-family,2.25
gemma4-12b,qwen38-27b,geometry_of_truth,3,0.6644144144144144,0.6753539253539254,503,2304,642,0.2786458333333333,0.9355803727071312,0.5324492691686254,0.1921971482707659,0.4031311035385058,0.5101391650099404,2515,0.982608695652174,0.17601246105919,0.5550695825049702,0.9608695652173912,0.3442367601246106,0.5980119284294234,0.9088937093275488,0.6526479750778816,0.6767395626242545,cross-family,2.25
gemma4-12b,qwen38-27b,rte,3,0.4926174496644295,0.6956375838926174,650,108,41,0.3796296296296296,0.762650163815071,0.5533309064433928,0.0742931621112434,0.2093192573716782,0.2824427480916031,131,0.4,0.048780487804878,0.2977099236641221,0.6363636363636364,0.1707317073170731,0.3358778625954198,0.6363636363636364,0.3414634146341463,0.3893129770992366,cross-family,2.25
gemma4-12b,qwen38-27b,truthfulqa,3,0.4656043528954527,0.7098717450446949,553,643,282,0.4385692068429238,0.6429343234906977,0.4833942358696292,0.0340759432155635,0.1595400876210684,0.3659730722154223,817,0.625,0.0709219858156028,0.390452876376989,0.625,0.1418439716312056,0.4149326805385557,0.5813953488372093,0.2659574468085106,0.4577723378212974,cross-family,2.25
gemma4-12b-base,gemma4-31b,boolq,3,0.4877521613832853,0.3674351585014409,181,292,31,0.1061643835616438,0.6007910023482882,0.4600173031763688,0.0450624726565444,0.1407736991719194,0.6095392077607114,1237,0.2666666666666666,0.1290322580645161,0.6127728375101051,0.2068965517241379,0.1935483870967742,0.6143896523848019,0.1896551724137931,0.3548387096774194,0.618431689571544,same-family,2.5833333333333335
gemma4-12b-base,gemma4-31b,geometry_of_truth,3,0.6518661518661518,0.6576576576576577,496,2038,668,0.3277723258096173,0.8278202718650292,0.4443162944184624,0.188792825337007,0.3835039774465668,0.6282306163021869,2515,0.9901960784313726,0.1511976047904191,0.668389662027833,0.9950980392156864,0.3038922155688622,0.7089463220675944,0.9705882352941176,0.592814371257485,0.7856858846918489,same-family,2.5833333333333335
gemma4-12b-base,gemma4-31b,rte,3,0.5672818791946309,0.4444630872483222,687,101,38,0.3762376237623762,0.6604010025062657,0.4721177944862156,0.0529252912109519,0.18828320802005,0.2519083969465648,131,1.0,0.131578947368421,0.2900763358778626,0.8,0.2105263157894736,0.3129770992366412,0.7,0.3684210526315789,0.3587786259541984,same-family,2.5833333333333335
gemma4-12b-base,gemma4-31b,truthfulqa,3,0.5239020598523125,0.4325689856198989,565,445,193,0.4337078651685393,0.488383090714697,0.4610884941195821,0.0434899919344408,0.0272945965951148,0.4332925336597307,817,0.4090909090909091,0.0466321243523316,0.4443084455324357,0.4545454545454545,0.1036269430051813,0.4577723378212974,0.3932584269662921,0.1813471502590673,0.4761321909424724,same-family,2.5833333333333335
gemma4-12b-base,qwen38-27b,boolq,3,0.4877521613832853,0.5835734870317003,133,1245,197,0.1582329317269076,0.550809857790522,0.5378385709303677,0.0186954772591888,0.0129712868601543,0.2861762328213419,1237,0.2096774193548387,0.065989847715736,0.2966855295068714,0.2096774193548387,0.1319796954314721,0.3071948261924009,0.1726907630522088,0.2182741116751269,0.3209377526273241,cross-family,2.25
gemma4-12b-base,qwen38-27b,geometry_of_truth,3,0.6518661518661518,0.6753539253539254,500,2731,682,0.2497253753203954,0.9370954145431074,0.5864240334674378,0.0980427133089038,0.3506713810756696,0.2998011928429423,2515,1.0,0.2008797653958944,0.3542743538767395,0.9963369963369964,0.3988269794721407,0.4079522862823062,0.9432234432234432,0.7551319648093842,0.504572564612326,cross-family,2.25
gemma4-12b-base,qwen38-27b,rte,3,0.5672818791946309,0.6956375838926174,690,145,39,0.2689655172413793,0.6458635703918723,0.5572689888727624,0.1183978042051228,0.0885945815191098,0.1908396946564885,131,0.7142857142857143,0.1282051282051282,0.2290076335877862,0.7142857142857143,0.2564102564102564,0.2671755725190839,0.5172413793103449,0.3846153846153846,0.3053435114503817,cross-family,2.25
gemma4-12b-base,qwen38-27b,truthfulqa,3,0.5239020598523125,0.7098717450446949,568,744,303,0.407258064516129,0.6318747521010604,0.4521938588416665,0.0666140668433065,0.1796808932593938,0.3537331701346389,817,0.8108108108108109,0.099009900990099,0.390452876376989,0.7702702702702703,0.1881188118811881,0.423500611995104,0.6241610738255033,0.3069306930693069,0.4675642594859241,cross-family,2.25
llama-8b,gemma4-12b,boolq,4,0.7490228922389727,0.6072026800670016,1144,1481,378,0.2552329507089804,0.5502837379537289,0.4928513865503893,0.0093137345952263,0.0574323514033395,0.5036378334680679,1237,0.2027027027027027,0.0396825396825396,0.5157639450282943,0.2635135135135135,0.1031746031746031,0.5351657235246564,0.3074324324324324,0.2407407407407407,0.5772029102667745,cross-family,1.5
llama-8b,gemma4-12b,geometry_of_truth,4,0.5792403405370007,0.7917485265225933,374,2385,378,0.1584905660377358,0.927056888192912,0.601045151493582,0.1132147313630508,0.3260117366993301,0.6429423459244533,2515,0.7647058823529411,0.2407407407407407,0.6791252485089463,0.7310924369747899,0.4603174603174603,0.7121272365805169,0.610062893081761,0.7698412698412699,0.7586481113320079,cross-family,1.5
llama-8b,gemma4-12b,imdb,4,0.6913157035586027,0.5009794319294809,760,1830,605,0.3306010928961748,0.6073563838758644,0.4995277449822904,0.0224865410664227,0.1078286388935739,0.418,2500,0.4891304347826087,0.0743801652892562,0.436,0.4426229508196721,0.1338842975206611,0.4504,0.4508196721311475,0.2727272727272727,0.484,cross-family,1.5
llama-8b,gemma4-12b,rte,4,0.7657366071428572,0.5954241071428571,1571,132,50,0.3787878787878788,0.6741463414634146,0.5151219512195122,0.0544601978231473,0.1590243902439023,0.4198473282442748,131,0.7142857142857143,0.1,0.4580152671755725,0.6923076923076923,0.18,0.4885496183206106,0.6538461538461539,0.34,0.549618320610687,cross-family,1.5
llama-8b,gemma4-12b,truthfulqa,4,0.7809968082494476,0.6350356002946231,1554,841,373,0.4435196195005945,0.4755963428885681,0.4778147269769254,0.0733540412735129,-0.0022183840883572,0.4247246022031823,817,0.3333333333333333,0.0375335120643431,0.4418604651162791,0.3333333333333333,0.0750670241286863,0.4589963280293758,0.3869047619047619,0.1742627345844504,0.5042839657282742,cross-family,1.5
llama-8b,gemma4-31b,boolq,3,0.6176753121998079,0.3674351585014409,363,733,103,0.1405184174624829,0.5352904916011713,0.4900947757743873,0.0427429751639959,0.0451957158267838,0.4801940177849636,1237,0.1891891891891892,0.0679611650485436,0.4858528698464026,0.136986301369863,0.0970873786407767,0.4882780921584478,0.1564625850340136,0.2233009708737864,0.4987873888439774,cross-family,3.875
llama-8b,gemma4-31b,geometry_of_truth,3,0.6772844272844273,0.6576576576576577,492,2449,828,0.338097182523479,0.9404479849320662,0.2517983695279647,0.0524084975456689,0.6886496154041014,0.3685884691848906,2515,0.8442622950819673,0.1243961352657004,0.4095427435387674,0.8938775510204081,0.2644927536231884,0.4556660039761431,0.9142857142857144,0.5410628019323671,0.5467196819085487,cross-family,3.875
llama-8b,gemma4-31b,rte,3,0.6897651006711409,0.4444630872483222,674,97,33,0.3402061855670103,0.6846590909090908,0.4423532196969697,0.0618975054594122,0.2423058712121211,0.4045801526717557,131,0.8,0.1212121212121212,0.4351145038167939,0.7,0.2121212121212121,0.4580152671755725,0.631578947368421,0.3636363636363636,0.4961832061068702,cross-family,3.875
llama-8b,gemma4-31b,truthfulqa,3,0.6787796346677031,0.4325689856198989,565,556,236,0.4244604316546763,0.5009401483050848,0.4620497881355931,0.078126441966368,0.0388903601694916,0.4296205630354957,817,0.3214285714285714,0.0381355932203389,0.4406364749082007,0.2857142857142857,0.0677966101694915,0.449204406364749,0.3513513513513513,0.1652542372881356,0.4773561811505508,cross-family,3.875
llama-8b,qwen3-8b,boolq,4,0.7490228922389727,0.3330541596873255,100,1016,94,0.09251968503937,0.5777103429178012,0.4623217335117921,0.0314557086600837,0.115388609406009,0.4616006467259498,1237,0.1372549019607843,0.0744680851063829,0.4672594987873888,0.1372549019607843,0.1489361702127659,0.4729183508488278,0.1477832512315271,0.3191489361702128,0.4858528698464026,cross-family,1.0
llama-8b,qwen3-8b,geometry_of_truth,4,0.5792403405370007,0.6365422396856582,384,2689,198,0.0736333209371513,0.8583385034609443,0.2823406688320378,0.1555356266877238,0.5759978346289065,0.2846918489065606,2515,0.6343283582089553,0.4292929292929293,0.3184890656063618,0.4126394052044609,0.5606060606060606,0.3288270377733598,0.2453531598513011,0.6666666666666666,0.3371769383697813,cross-family,1.0
llama-8b,qwen3-8b,imdb,4,0.6913157035586027,0.6849493960169768,685,3217,762,0.2368666459434255,0.7164055358660616,0.5375777111364135,0.0709731521576668,0.1788278247296481,0.1648,2500,0.5527950310559007,0.1167979002624672,0.2004,0.484472049689441,0.2047244094488189,0.2272,0.432348367029549,0.3648293963254593,0.276,cross-family,1.0
llama-8b,qwen3-8b,rte,4,0.7657366071428572,0.6415178571428571,840,165,38,0.2303030303030303,0.6641110650642353,0.5457936179030253,0.0594281917275563,0.11831744716121,0.3206106870229007,131,0.375,0.0789473684210526,0.3435114503816794,0.375,0.1578947368421052,0.366412213740458,0.303030303030303,0.2631578947368421,0.3969465648854962,cross-family,1.0
llama-8b,qwen3-8b,truthfulqa,4,0.7809968082494476,0.663147557083231,788,973,368,0.3782117163412127,0.5511049227452389,0.5534865702479339,0.0573142516345407,-0.0023816475026949,0.2900856793145654,817,0.4693877551020408,0.0625,0.3182374541003672,0.4536082474226804,0.1195652173913043,0.3439412484700122,0.4256410256410256,0.2255434782608695,0.3916768665850673,cross-family,1.0
llama-8b,qwen38-27b,boolq,3,0.6176753121998079,0.5835734870317003,283,1480,156,0.1054054054054054,0.5598516538848866,0.5281320202959175,0.0431231189136149,0.031719633588969,0.3395311236863379,1237,0.0945945945945946,0.0448717948717948,0.3451899757477769,0.1148648648648648,0.1089743589743589,0.3532740501212611,0.1216216216216216,0.2307692307692307,0.3686337914308811,cross-family,3.375
llama-8b,qwen38-27b,geometry_of_truth,3,0.6772844272844273,0.6753539253539254,499,2957,451,0.1525194453838349,0.9472866008497568,0.5604290279825095,0.1312397886512891,0.3868575728672472,0.3510934393638171,2515,1.0,0.328159645232816,0.4099403578528827,0.9256756756756755,0.6075388026607539,0.4600397614314115,0.6463620981387479,0.8470066518847007,0.5029821073558648,cross-family,3.375
llama-8b,qwen38-27b,rte,3,0.6897651006711409,0.6956375838926174,695,163,35,0.2147239263803681,0.6618303571428571,0.4724888392857143,0.0582976948796131,0.1893415178571428,0.3282442748091603,131,0.5,0.1142857142857142,0.3587786259541984,0.4375,0.2,0.3816793893129771,0.3333333333333333,0.3142857142857143,0.4122137404580153,cross-family,3.375
llama-8b,qwen38-27b,truthfulqa,3,0.6787796346677031,0.7098717450446949,574,959,392,0.4087591240875912,0.624991001691682,0.5225666324730951,0.0460570257788098,0.1024243692185868,0.237454100367197,817,0.6875,0.0841836734693877,0.2778457772337821,0.625,0.1530612244897959,0.3108935128518972,0.59375,0.2908163265306122,0.3769889840881273,cross-family,3.375
olmo3-7b,gemma4-12b-base,boolq,4,0.7938302624232273,0.3285873813512004,254,966,193,0.1997929606625259,0.501310418328429,0.4946058355508784,0.0315037163964635,0.0067045827775505,0.561034761519806,1237,0.2083333333333333,0.0518134715025906,0.5691188358932903,0.2164948453608247,0.1088082901554404,0.5780113177041228,0.2227979274611398,0.2227979274611398,0.5957962813257882,cross-family,1.7142857142857142
olmo3-7b,gemma4-12b-base,geometry_of_truth,4,0.7038310412573674,0.8040275049115914,1010,3272,761,0.2325794621026894,0.8132448501233207,0.4444136993025693,0.1033109922576163,0.3688311508207513,0.4119284294234592,2515,0.9817073170731708,0.2115637319316688,0.4759443339960238,0.908256880733945,0.3902759526938239,0.5300198807157057,0.7003058103975535,0.6018396846254928,0.5940357852882704,cross-family,1.7142857142857142
olmo3-7b,gemma4-12b-base,imdb,4,0.7409402546523016,0.5584394384590271,837,2547,804,0.3156654888103651,0.5314884270557712,0.5189262736803646,0.044211261030193,0.0125621533754065,0.2916,2500,0.3700787401574803,0.058457711442786,0.3104,0.3411764705882353,0.1082089552238805,0.3264,0.3280943025540275,0.2077114427860696,0.3584,cross-family,1.7142857142857142
olmo3-7b,gemma4-12b-base,rte,4,0.8010044642857143,0.7073660714285714,1695,180,55,0.3055555555555556,0.6922181818181818,0.4749818181818181,0.0281725028592663,0.2172363636363636,0.3129770992366412,131,0.6666666666666666,0.109090909090909,0.3587786259541984,0.7222222222222222,0.2363636363636363,0.4122137404580153,0.5277777777777778,0.3454545454545454,0.4580152671755725,cross-family,1.7142857142857142
olmo3-7b,gemma4-12b-base,truthfulqa,4,0.8083722072182666,0.7275963663147557,1549,1038,509,0.4903660886319846,0.540096783418319,0.4875529690523321,0.0326041359147664,0.0525438143659868,0.2839657282741738,817,0.5192307692307693,0.0530451866404715,0.3170134638922888,0.5192307692307693,0.106090373280943,0.3500611995104039,0.5144230769230769,0.2102161100196463,0.4149326805385557,cross-family,1.7142857142857142
olmo3-7b,llama-8b,boolq,4,0.7938302624232273,0.7490228922389727,1288,2071,477,0.2303235152100434,0.5568391952000296,0.5281240053765562,0.0043928302037653,0.0287151898234733,0.427647534357316,1237,0.3173076923076923,0.0691823899371069,0.454324979789814,0.2898550724637681,0.1257861635220125,0.4761519805982215,0.2753623188405797,0.2389937106918239,0.5198059822150364,cross-family,1.1428571428571428
olmo3-7b,llama-8b,geometry_of_truth,4,0.7038310412573674,0.5792403405370007,373,2881,372,0.1291218326969802,0.8843228892117411,0.5669967150516206,0.1061591787220668,0.3173261741601204,0.272365805168986,2515,0.8819444444444444,0.3413978494623655,0.3228628230616302,0.7604166666666666,0.5887096774193549,0.3594433399602386,0.5052083333333334,0.782258064516129,0.3880715705765407,cross-family,1.1428571428571428
olmo3-7b,llama-8b,imdb,4,0.7409402546523016,0.6913157035586027,842,3251,859,0.2642263918794217,0.6153919156209484,0.4478159639621399,0.0403396512015343,0.1675759516588084,0.226,2500,0.4171779141104294,0.079161816065192,0.2532,0.3907692307692307,0.1478463329452852,0.2768,0.3769230769230769,0.2852153667054715,0.324,cross-family,1.1428571428571428
olmo3-7b,llama-8b,rte,4,0.8010044642857143,0.7657366071428572,1715,190,60,0.3157894736842105,0.6233333333333333,0.4633974358974358,0.0509915248014599,0.1599358974358974,0.2977099236641221,131,0.4,0.0666666666666666,0.3282442748091603,0.4736842105263157,0.15,0.366412213740458,0.3684210526315789,0.2333333333333333,0.4045801526717557,cross-family,1.1428571428571428
olmo3-7b,llama-8b,truthfulqa,4,0.8083722072182666,0.7809968082494476,1581,1115,535,0.4798206278026906,0.5152626490493072,0.4786738640025781,0.033388591906253,0.036588785046729,0.2386780905752754,817,0.4464285714285714,0.0467289719626168,0.2692778457772338,0.4642857142857143,0.0971962616822429,0.3023255813953488,0.4573991031390134,0.1906542056074766,0.3635250917992656,cross-family,1.1428571428571428
olmo3-7b,qwen3-8b,boolq,4,0.7938302624232273,0.3330541596873255,107,1002,107,0.1067864271457085,0.569759306636036,0.4921343914791417,0.039857398451261,0.0776249151568943,0.6014551333872271,1237,0.14,0.0654205607476635,0.6071139854486661,0.15,0.1401869158878504,0.6135812449474535,0.14,0.2616822429906542,0.624090541632983,cross-family,1.1428571428571428
olmo3-7b,qwen3-8b,geometry_of_truth,4,0.7038310412573674,0.6365422396856582,575,2939,450,0.1531133038448451,0.8737288513905628,0.2713626623811437,0.0479503309274615,0.6023661890094191,0.3335984095427435,2515,0.9047619047619048,0.2955555555555555,0.3864811133200795,0.8367346938775511,0.5466666666666666,0.4314115308151093,0.5663265306122449,0.74,0.4660039761431411,cross-family,1.1428571428571428
olmo3-7b,qwen3-8b,imdb,4,0.7409402546523016,0.6849493960169768,688,3219,827,0.2569120844982914,0.7477160870778451,0.4919749628952615,0.1334898676548845,0.2557411241825836,0.238,2500,0.7329192546583851,0.1426844014510278,0.2852,0.6180124223602484,0.2406287787182587,0.3176,0.532608695652174,0.4147521160822249,0.3752,cross-family,1.1428571428571428
olmo3-7b,qwen3-8b,rte,4,0.8010044642857143,0.6415178571428571,849,168,38,0.2261904761904762,0.6578947368421052,0.5136133603238867,0.0496391969494785,0.1442813765182184,0.3893129770992366,131,0.375,0.0789473684210526,0.4122137404580153,0.2941176470588235,0.131578947368421,0.4274809160305343,0.3235294117647059,0.2894736842105263,0.4732824427480916,cross-family,1.1428571428571428
olmo3-7b,qwen3-8b,truthfulqa,4,0.8083722072182666,0.663147557083231,787,911,369,0.4050493962678375,0.5689856898568986,0.4889161391613916,0.034717799628997,0.0800695506955069,0.4137086903304773,817,0.6086956521739131,0.075880758807588,0.4479804161566707,0.5604395604395604,0.1382113821138211,0.4761321909424724,0.478021978021978,0.2357723577235772,0.5201958384332925,cross-family,1.1428571428571428
olmo3-7b,qwen38-27b,boolq,3,0.686359269932757,0.5835734870317003,286,1527,220,0.1440733464309102,0.5284899492244557,0.5057270292828824,0.0067017684999571,0.0227629199415733,0.4486661277283751,1237,0.1052631578947368,0.0363636363636363,0.4551333872271625,0.1568627450980392,0.109090909090909,0.4680679062247372,0.1377049180327869,0.1909090909090909,0.4826192400970089,cross-family,3.857142857142857
olmo3-7b,qwen38-27b,geometry_of_truth,3,0.6615186615186616,0.6753539253539254,509,2623,836,0.3187190240182996,0.94513204081578,0.3862580425347338,0.2060024831831153,0.5588739982810461,0.3009940357852882,2515,1.0,0.1566985645933014,0.3530815109343936,1.0,0.3133971291866029,0.405168986083499,1.0,0.6279904306220095,0.509741550695825,cross-family,3.857142857142857
olmo3-7b,qwen38-27b,rte,3,0.7402684563758389,0.6956375838926174,700,177,46,0.2598870056497175,0.542648523066711,0.4649435778294059,0.1407639544837982,0.077704945237305,0.2442748091603053,131,0.1111111111111111,0.0217391304347826,0.2519083969465648,0.1666666666666666,0.0652173913043478,0.2671755725190839,0.2,0.1521739130434782,0.2977099236641221,cross-family,3.857142857142857
olmo3-7b,qwen38-27b,truthfulqa,3,0.731441896618733,0.7098717450446949,570,980,435,0.4438775510204081,0.6247685331646102,0.4767162290414425,0.0516842285796194,0.1480523041231677,0.2962056303549572,817,0.7142857142857143,0.0804597701149425,0.3390452876376989,0.6836734693877551,0.1540229885057471,0.3782129742962056,0.6122448979591837,0.2758620689655172,0.4430844553243574,cross-family,3.857142857142857
qwen3-1.7b,gemma4-12b-base,boolq,4,0.6475432719151312,0.3285873813512004,208,825,134,0.1624242424242424,0.5192993066505389,0.5142260837635267,0.0117439397693639,0.0050732228870121,0.4381568310428456,1237,0.1463414634146341,0.044776119402985,0.4430072756669361,0.1829268292682926,0.1119402985074626,0.4502829426030719,0.1515151515151515,0.1865671641791045,0.4583670169765562,cross-family,7.0588235294117645
qwen3-1.7b,gemma4-12b-base,geometry_of_truth,4,0.785199738048461,0.8040275049115914,1378,3492,1000,0.286368843069874,0.977008025682183,0.547696227929374,0.1761758880559567,0.429311797752809,0.3924453280318091,2515,1.0,0.175,0.4620278330019881,0.997134670487106,0.348,0.5308151093439364,0.988538681948424,0.69,0.6667992047713718,cross-family,7.0588235294117645
qwen3-1.7b,gemma4-12b-base,imdb,4,0.5128958537381652,0.5584394384590271,806,1986,607,0.3056394763343404,0.5025237350562032,0.4600760047452192,0.0786078370964478,0.0424477303109839,0.2968,2500,0.2727272727272727,0.0444810543657331,0.3076,0.2462311557788944,0.0807248764415156,0.3164,0.2745591939546599,0.1795716639209225,0.3404,cross-family,7.0588235294117645
qwen3-1.7b,gemma4-12b-base,rte,4,0.6172991071428572,0.7073660714285714,1621,147,46,0.3129251700680272,0.683383555746879,0.5446620749031424,0.0663481593275643,0.1387214808437366,0.3053435114503817,131,0.7142857142857143,0.108695652173913,0.3435114503816794,0.6666666666666666,0.217391304347826,0.3816793893129771,0.5862068965517241,0.3695652173913043,0.4351145038167939,cross-family,7.0588235294117645
qwen3-1.7b,gemma4-12b-base,truthfulqa,4,0.6329486864718881,0.7275963663147557,1552,784,359,0.4579081632653061,0.4544977879731279,0.5127805997050631,0.0593124131807577,-0.0582828117319351,0.4026927784577723,817,0.1538461538461538,0.0167130919220055,0.4100367197062423,0.2179487179487179,0.0473537604456824,0.423500611995104,0.3248407643312102,0.1420612813370473,0.4651162790697674,cross-family,7.0588235294117645
qwen3-1.7b,llama-8b,boolq,4,0.6475432719151312,0.7490228922389727,1268,1772,355,0.2003386004514672,0.5024461518582206,0.4893088950073055,0.0052676334692135,0.013137256850915,0.406628940986257,1237,0.0898876404494382,0.0225352112676056,0.4130962004850445,0.1581920903954802,0.0788732394366197,0.4292643492320129,0.1779661016949152,0.1774647887323943,0.4575586095392077,cross-family,4.705882352941177
qwen3-1.7b,llama-8b,geometry_of_truth,4,0.785199738048461,0.5792403405370007,363,2847,357,0.125395152792413,0.9551618237656508,0.4980740890733803,0.1135367293049149,0.4570877346922705,0.4548707753479125,2515,0.908450704225352,0.361344537815126,0.5061630218687873,0.8245614035087719,0.6582633053221288,0.5483101391650099,0.5694200351493849,0.907563025210084,0.5836978131212723,cross-family,4.705882352941177
qwen3-1.7b,llama-8b,imdb,4,0.5128958537381652,0.6913157035586027,794,2200,555,0.2522727272727272,0.6178131931323422,0.5266151866151866,0.0815964797466851,0.0911980065171556,0.3168,2500,0.4545454545454545,0.09009009009009,0.3368,0.4181818181818181,0.1657657657657657,0.3536,0.3840909090909091,0.3045045045045045,0.3844,cross-family,4.705882352941177
qwen3-1.7b,llama-8b,rte,4,0.6172991071428572,0.7657366071428572,1613,145,42,0.2896551724137931,0.7152103559870551,0.5205154877484974,0.0339650011766994,0.1946948682385576,0.4274809160305343,131,0.5714285714285714,0.0952380952380952,0.4580152671755725,0.5714285714285714,0.1904761904761904,0.4885496183206106,0.5172413793103449,0.3571428571428571,0.5419847328244275,cross-family,4.705882352941177
qwen3-1.7b,llama-8b,truthfulqa,4,0.6329486864718881,0.7809968082494476,1554,876,382,0.4360730593607306,0.4720255633041525,0.5142230324098607,0.0622322987175115,-0.0421974691057081,0.3647490820073439,817,0.25,0.0287958115183246,0.3782129742962056,0.2272727272727272,0.0523560209424083,0.3892288861689106,0.3485714285714286,0.1596858638743455,0.4394124847001224,cross-family,4.705882352941177
qwen3-1.7b,qwen3-32b,boolq,4,0.6475432719151312,0.7290619765494137,1141,1727,289,0.1673422119281992,0.4871433315206145,0.500264689038505,0.0121017328027998,-0.0131213575178904,0.4341147938561034,1237,0.0697674418604651,0.0207612456747404,0.438965238480194,0.0982658959537572,0.0588235294117647,0.4478577202910266,0.136231884057971,0.1626297577854671,0.4721099434114794,same-family,18.823529411764707
qwen3-1.7b,qwen3-32b,geometry_of_truth,4,0.785199738048461,0.6421087098886706,544,3066,575,0.1875407697325505,0.95581938456705,0.4223440909011572,0.2059660842584421,0.5334752936658929,0.4071570576540755,2515,0.9019607843137256,0.24,0.4620278330019881,0.8631921824104235,0.4608695652173913,0.5125248508946322,0.7569331158238173,0.8069565217391305,0.5916500994035785,same-family,18.823529411764707
qwen3-1.7b,qwen3-32b,imdb,4,0.5128958537381652,0.717760365654587,729,2357,710,0.3012303775986423,0.7382958345091801,0.544769619538726,0.0751198711151335,0.193526214970454,0.2452,2500,0.7033898305084746,0.1169014084507042,0.2784,0.673728813559322,0.223943661971831,0.3088,0.5944798301486199,0.3943661971830985,0.3572,same-family,18.823529411764707
qwen3-1.7b,qwen3-32b,rte,4,0.6172991071428572,0.7856026785714286,1547,160,54,0.3375,0.8598881900768692,0.5673480083857443,0.0625085911104295,0.2925401816911249,0.2519083969465648,131,0.875,0.1296296296296296,0.3053435114503817,0.875,0.2592592592592592,0.3587786259541984,0.84375,0.5,0.4580152671755725,same-family,18.823529411764707
qwen3-1.7b,qwen3-32b,truthfulqa,4,0.6329486864718881,0.8048121777559538,1472,890,365,0.4101123595505618,0.5314024787997391,0.4519478147423352,0.0481808861351116,0.0794546640574038,0.3610771113831089,817,0.5,0.0602739726027397,0.3880048959608323,0.4269662921348314,0.1041095890410958,0.4075887392900856,0.4157303370786517,0.2027397260273972,0.4516523867809057,same-family,18.823529411764707
qwen3-1.7b,qwen3-8b-base,boolq,4,0.6475432719151312,0.7709380234505863,1232,1793,390,0.2175125488008923,0.524962991392072,0.5048284810936272,0.0107349834023933,0.0201345102984448,0.4373484236054972,1237,0.1555555555555555,0.0358974358974358,0.4486661277283751,0.1620111731843575,0.0743589743589743,0.4607922392886014,0.2144846796657381,0.1974358974358974,0.4995957962813258,same-family,4.705882352941177
qwen3-1.7b,qwen3-8b-base,geometry_of_truth,4,0.785199738048461,0.7213490504256712,945,3408,916,0.2687793427230047,0.9509346940778176,0.3719130475162441,0.1083175015642134,0.5790216465615734,0.2934393638170974,2515,1.0,0.185589519650655,0.3610337972166998,1.0,0.3722707423580786,0.4290258449304175,0.9912023460410556,0.7379912663755459,0.5622266401590458,same-family,4.705882352941177
qwen3-1.7b,qwen3-8b-base,imdb,4,0.5128958537381652,0.7592229840026118,805,2265,622,0.2746136865342163,0.592239707381799,0.5200389746620663,0.1002338730822121,0.0722007327197327,0.392,2500,0.3451327433628318,0.062700964630225,0.4076,0.3805309734513274,0.1382636655948553,0.4264,0.3377483443708609,0.2459807073954984,0.4532,same-family,4.705882352941177
qwen3-1.7b,qwen3-8b-base,rte,4,0.6172991071428572,0.8262276785714285,1649,162,56,0.345679012345679,0.7151280323450135,0.5421159029649596,0.071701703260899,0.1730121293800539,0.2900763358778626,131,0.75,0.1071428571428571,0.3358778625954198,0.6875,0.1964285714285714,0.3740458015267175,0.59375,0.3392857142857143,0.4351145038167939,same-family,4.705882352941177
qwen3-1.7b,qwen3-8b-base,truthfulqa,4,0.6329486864718881,0.8246992388902529,1543,885,377,0.4259887005649717,0.4643006328452975,0.4473307713193676,0.0290390035711438,0.0169698615259298,0.405140758873929,817,0.3863636363636363,0.0450928381962864,0.4259485924112607,0.3522727272727273,0.0822281167108753,0.4430844553243574,0.4124293785310734,0.1936339522546419,0.4944920440636475,same-family,4.705882352941177
qwen3-8b,gemma4-12b,boolq,4,0.3330541596873255,0.6072026800670016,39,494,32,0.0647773279352226,0.3588338744588745,0.5060031114718615,0.0642736150961024,-0.147169237012987,0.6386418755052546,1237,0.04,0.03125,0.6394502829426031,0.0408163265306122,0.0625,0.6402586903799515,0.0505050505050505,0.15625,0.6426839126919968,cross-family,1.5
qwen3-8b,gemma4-12b,geometry_of_truth,4,0.6365422396856582,0.7917485265225933,575,2620,630,0.2404580152671755,0.935370503310202,0.4264387413256759,0.2573440532054899,0.5089317619845259,0.5658051689860835,2515,0.9541984732824428,0.1984126984126984,0.6155069582504971,0.9389312977099236,0.3904761904761905,0.6636182902584493,0.8835877862595419,0.734920634920635,0.7499005964214712,cross-family,1.5
qwen3-8b,gemma4-12b,imdb,4,0.6849493960169768,0.5009794319294809,641,1787,564,0.3156127588136542,0.7599395162459479,0.53208342756737,0.0242353183963568,0.2278560886785778,0.4372,2500,0.8089887640449438,0.1276595744680851,0.466,0.7430167597765364,0.2358156028368794,0.4904,0.6554621848739496,0.4148936170212766,0.5308,cross-family,1.5
qwen3-8b,gemma4-12b,rte,4,0.6415178571428571,0.5954241071428571,766,112,31,0.2767857142857143,0.7439267224213462,0.5126443647949024,0.041605332057321,0.2312823576264437,0.465648854961832,131,0.8333333333333334,0.1612903225806451,0.5038167938931297,0.6363636363636364,0.2258064516129032,0.5190839694656488,0.4545454545454545,0.3225806451612903,0.5419847328244275,cross-family,1.5
qwen3-8b,gemma4-12b,truthfulqa,4,0.663147557083231,0.6350356002946231,764,703,262,0.3726884779516358,0.6072596977722386,0.480682349275588,0.0553201198045305,0.1265773484966506,0.4651162790697674,817,0.4857142857142857,0.0648854961832061,0.4859241126070991,0.5142857142857142,0.1374045801526717,0.5091799265605875,0.4539007092198581,0.2442748091603053,0.543451652386781,cross-family,1.5
qwen3-8b,gemma4-31b,boolq,3,0.404418828049952,0.3674351585014409,57,302,12,0.0397350993377483,0.485919540229885,0.4862787356321839,0.0455227990446293,-0.0003591954022988,0.4203718674211802,1237,0.0666666666666666,0.0833333333333333,0.4211802748585287,0.0333333333333333,0.0833333333333333,0.4211802748585287,0.0333333333333333,0.1666666666666666,0.4219886822958771,cross-family,3.875
qwen3-8b,gemma4-31b,geometry_of_truth,3,0.6718146718146718,0.6576576576576577,486,2478,864,0.3486682808716707,0.9750354249850842,0.653175053926293,0.2655836526457092,0.3218603710587912,0.3391650099403578,2515,0.9919354838709676,0.1423611111111111,0.3880715705765407,0.9919354838709676,0.2847222222222222,0.4369781312127236,0.995967741935484,0.5717592592592593,0.5355864811133201,cross-family,3.875
qwen3-8b,gemma4-31b,rte,3,0.6820469798657718,0.4444630872483222,595,99,36,0.3636363636363636,0.7473544973544974,0.4751984126984128,0.0474507270357934,0.2721560846560846,0.3053435114503817,131,1.0,0.1388888888888889,0.3435114503816794,0.7,0.1944444444444444,0.3587786259541984,0.65,0.3611111111111111,0.4045801526717557,cross-family,3.875
qwen3-8b,gemma4-31b,truthfulqa,3,0.6999611348620287,0.4325689856198989,534,549,215,0.3916211293260473,0.5952792090238128,0.5279209023812839,0.0595291480769319,0.0673583066425289,0.4039167686658507,817,0.5185185185185185,0.0651162790697674,0.4210526315789473,0.4727272727272727,0.1209302325581395,0.4357405140758874,0.5181818181818182,0.2651162790697674,0.4736842105263157,cross-family,3.875
qwen3-8b,qwen3-32b,boolq,4,0.3330541596873255,0.7290619765494137,95,975,84,0.0861538461538461,0.5374111485222596,0.4882221687777243,0.0218914461061637,0.0491889797445352,0.3985448666127728,1237,0.0612244897959183,0.0357142857142857,0.4009700889248181,0.0612244897959183,0.0714285714285714,0.4033953112368634,0.082051282051282,0.1904761904761904,0.4114793856103476,same-family,4.0
qwen3-8b,qwen3-32b,geometry_of_truth,4,0.6365422396856582,0.6421087098886706,551,2858,367,0.1284114765570329,0.9475463166035328,0.4452060113957932,0.2719602747602921,0.5023403052077396,0.2759443339960238,2515,1.0,0.3896457765667575,0.3328031809145129,0.916083916083916,0.7138964577656676,0.3801192842942346,0.5384615384615384,0.8392370572207084,0.3984095427435388,same-family,4.0
qwen3-8b,qwen3-32b,imdb,4,0.6849493960169768,0.717760365654587,676,3255,796,0.2445468509984639,0.7356858509709998,0.453585408743596,0.1099676969513189,0.2821004422274038,0.19,2500,0.6134969325153374,0.1256281407035175,0.23,0.558282208588957,0.228643216080402,0.2628,0.5084485407066052,0.4158291457286432,0.3224,same-family,4.0
qwen3-8b,qwen3-32b,rte,4,0.6415178571428571,0.7856026785714286,835,174,40,0.2298850574712643,0.8322761194029851,0.5187966417910448,0.0890393012672828,0.3134794776119403,0.2977099236641221,131,0.8888888888888888,0.2,0.3587786259541984,0.7647058823529411,0.325,0.3969465648854962,0.6,0.525,0.4580152671755725,same-family,4.0
qwen3-8b,qwen3-32b,truthfulqa,4,0.663147557083231,0.8048121777559538,781,1018,363,0.3565815324165029,0.6644838390848107,0.4683079931865498,0.062083204567553,0.1961758458982608,0.2570379436964504,817,0.6274509803921569,0.0881542699724518,0.2962056303549572,0.7058823529411765,0.1983471074380165,0.3451652386780905,0.6568627450980392,0.3691460055096419,0.4210526315789473,same-family,4.0
qwen3-8b,qwen38-27b,boolq,3,0.404418828049952,0.5835734870317003,62,1175,109,0.0927659574468085,0.5738334165275315,0.5030745993769041,0.0177490245595621,0.0707588171506273,0.2085691188358933,1237,0.1525423728813559,0.0825688073394495,0.2158447857720291,0.1525423728813559,0.1651376146788991,0.2231204527081649,0.1276595744680851,0.2752293577981651,0.232821341956346,same-family,3.375
qwen3-8b,qwen38-27b,geometry_of_truth,3,0.6718146718146718,0.6753539253539254,487,2932,448,0.1527967257844474,0.9306606927191166,0.3024859098228663,0.1507325314233468,0.6281747828962503,0.3526838966202783,2515,0.9863945578231292,0.3236607142857143,0.410337972166998,0.9419795221843004,0.6160714285714286,0.4624254473161033,0.6484641638225256,0.8482142857142857,0.5037773359840955,same-family,3.375
qwen3-8b,qwen38-27b,rte,3,0.6820469798657718,0.6956375838926174,638,176,43,0.2443181818181818,0.6342017835285889,0.5424899457947194,0.1342085041999792,0.0917118377338694,0.1526717557251908,131,0.4444444444444444,0.0930232558139534,0.183206106870229,0.2777777777777778,0.1162790697674418,0.1908396946564885,0.3714285714285714,0.3023255813953488,0.2519083969465648,same-family,3.375
qwen3-8b,qwen38-27b,truthfulqa,3,0.6999611348620287,0.7098717450446949,552,969,366,0.3777089783281733,0.6394666014191338,0.4974807202602651,0.0364770551887427,0.1419858811588686,0.2239902080783353,817,0.7916666666666666,0.1038251366120218,0.2705018359853121,0.6907216494845361,0.1830601092896175,0.3059975520195838,0.5618556701030928,0.2978142076502732,0.3574051407588739,same-family,3.375
qwen3-8b-base,gemma4-12b-base,boolq,4,0.7709380234505863,0.3285873813512004,236,935,167,0.1786096256684492,0.5348287799401197,0.4784922342814371,0.0283148963682598,0.0563365456586825,0.5295068714632175,1237,0.0851063829787234,0.0239520958083832,0.5327405012126112,0.1914893617021276,0.1077844311377245,0.5440582053354891,0.2032085561497326,0.2275449101796407,0.5602263540824576,cross-family,1.5
qwen3-8b-base,gemma4-12b-base,geometry_of_truth,4,0.7213490504256712,0.8040275049115914,937,3501,987,0.2819194515852613,0.9410321450132548,0.3103533082015284,0.2104148394082637,0.6306788368117265,0.2660039761431411,2515,1.0,0.1773049645390071,0.33558648111332,0.9971428571428572,0.353596757852077,0.4047713717693837,0.9928571428571428,0.7041540020263425,0.5423459244532803,cross-family,1.5
qwen3-8b-base,gemma4-12b-base,imdb,4,0.7592229840026118,0.5584394384590271,820,2485,740,0.2977867203219316,0.5309711143808564,0.5456539921009835,0.086224323398362,-0.0146828777201271,0.3464,2500,0.25,0.0418918918918918,0.3588,0.282258064516129,0.0945945945945946,0.3744,0.3158953722334004,0.2121621621621621,0.4092,cross-family,1.5
qwen3-8b-base,gemma4-12b-base,rte,4,0.8262276785714285,0.7073660714285714,1700,187,58,0.3101604278074866,0.673883988238439,0.4910117615610799,0.0604116084354487,0.182872226677359,0.2748091603053435,131,0.5555555555555556,0.0862068965517241,0.3129770992366412,0.5789473684210527,0.1896551724137931,0.3587786259541984,0.4864864864864865,0.3103448275862069,0.4122137404580153,cross-family,1.5
qwen3-8b-base,gemma4-12b-base,truthfulqa,4,0.8246992388902529,0.7275963663147557,1560,1064,465,0.4370300751879699,0.5298580070727198,0.510235697488646,0.0201229390953444,0.0196223095840738,0.2937576499388005,817,0.4716981132075472,0.053763440860215,0.3243574051407589,0.4716981132075472,0.1075268817204301,0.3549571603427172,0.4788732394366197,0.2193548387096774,0.4186046511627907,cross-family,1.5
qwen3-8b-base,llama-8b,boolq,4,0.7709380234505863,0.7490228922389727,1241,2096,467,0.2228053435114503,0.5174940814440618,0.4975675096583208,0.0180342925951219,0.0199265717857409,0.370250606305578,1237,0.2571428571428571,0.0578158458244111,0.3920776071139854,0.2666666666666666,0.1199143468950749,0.4155214227970897,0.2434367541766109,0.2184154175588865,0.4527081649151172,cross-family,1.0
qwen3-8b-base,llama-8b,geometry_of_truth,4,0.7213490504256712,0.5792403405370007,373,2897,385,0.132896099413186,0.9618041194474314,0.4251468276945984,0.2427429394575877,0.5366572917528329,0.2958250497017892,2515,0.9724137931034482,0.3662337662337662,0.3518886679920477,0.9172413793103448,0.6909090909090909,0.4015904572564612,0.6027633851468048,0.9064935064935064,0.4345924453280318,cross-family,1.0
qwen3-8b-base,llama-8b,imdb,4,0.7592229840026118,0.6913157035586027,846,3308,846,0.2557436517533252,0.6361157681870818,0.4923707973490195,0.0598896876347628,0.1437449708380622,0.24,2500,0.4545454545454545,0.0886524822695035,0.27,0.404833836858006,0.1583924349881796,0.2936,0.3972809667673716,0.3108747044917258,0.3452,cross-family,1.0
qwen3-8b-base,llama-8b,rte,4,0.8262276785714285,0.7657366071428572,1721,201,64,0.3184079601990049,0.6263686131386861,0.5367814781021898,0.0400176753802731,0.0895871350364962,0.2442748091603053,131,0.4,0.0625,0.2748091603053435,0.45,0.140625,0.3129770992366412,0.375,0.234375,0.3587786259541984,cross-family,1.0
qwen3-8b-base,llama-8b,truthfulqa,4,0.8246992388902529,0.7809968082494476,1598,1147,492,0.4289450741063644,0.5106249612114442,0.4925681127040278,0.0495910579383347,0.0180568485074164,0.2460220318237454,817,0.3508771929824561,0.040650406504065,0.2705018359853121,0.417391304347826,0.0975609756097561,0.3047735618115055,0.3842794759825327,0.1788617886178861,0.3537331701346389,cross-family,1.0
qwen3-8b-base,qwen3-8b,boolq,4,0.7709380234505863,0.3330541596873255,109,1040,107,0.1028846153846153,0.5777163406156405,0.4809202552313409,0.0194233894382074,0.0967960853842995,0.5278900565885206,1237,0.0961538461538461,0.0467289719626168,0.5319320937752627,0.1153846153846153,0.1121495327102803,0.5375909458367018,0.1298076923076923,0.2523364485981308,0.549717057396928,same-family,1.0
qwen3-8b-base,qwen3-8b,geometry_of_truth,4,0.7213490504256712,0.6365422396856582,577,2895,404,0.1395509499136442,0.8269930164433544,0.6561179652690279,0.192975391048276,0.1708750511743265,0.4039761431411531,2515,0.8551724137931035,0.3069306930693069,0.4532803180914513,0.6310344827586207,0.452970297029703,0.4767395626242545,0.4110535405872193,0.5891089108910891,0.4986083499005964,same-family,1.0
qwen3-8b-base,qwen3-8b,imdb,4,0.7592229840026118,0.6849493960169768,689,3315,845,0.2549019607843137,0.7237112809333301,0.4533848789018518,0.0840169473798096,0.2703264020314783,0.2272,2500,0.608433734939759,0.1195266272189349,0.2676,0.5632530120481928,0.2213017751479289,0.302,0.4992458521870286,0.3917159763313609,0.3596,same-family,1.0
qwen3-8b-base,qwen3-8b,rte,4,0.8262276785714285,0.6415178571428571,854,177,43,0.2429378531073446,0.6848316556751128,0.5121051718153419,0.0551231454532207,0.1727264838597709,0.3206106870229007,131,0.6666666666666666,0.1395348837209302,0.366412213740458,0.5555555555555556,0.2325581395348837,0.3969465648854962,0.4571428571428571,0.3720930232558139,0.4427480916030534,same-family,1.0
qwen3-8b-base,qwen3-8b,truthfulqa,4,0.8246992388902529,0.663147557083231,791,1017,372,0.3657817109144542,0.5071851296157373,0.4662571892973243,0.0449405220069638,0.0409279403184129,0.3084455324357405,817,0.4117647058823529,0.0564516129032258,0.3341493268053855,0.392156862745098,0.1075268817204301,0.3574051407588739,0.334975369458128,0.1827956989247312,0.3916768665850673,same-family,1.0
qwen38-27b,gemma4-31b,boolq,3,0.5835734870317003,0.3674351585014409,291,614,40,0.0651465798045602,0.4845383275261324,0.5191093205574913,0.0244801683307521,-0.0345709930313588,0.486661277283751,1237,0.0,0.0,0.486661277283751,0.0327868852459016,0.05,0.4882780921584478,0.032520325203252,0.1,0.4898949070331447,cross-family,1.148148148148148
qwen38-27b,gemma4-31b,geometry_of_truth,3,0.6753539253539254,0.6576576576576577,506,2385,764,0.320335429769392,0.9609146638846812,0.5831840196246258,0.1870727391749705,0.3777306442600553,0.4166998011928429,2515,1.0,0.1557591623036649,0.4640159045725646,1.0,0.3115183246073298,0.5113320079522863,0.9979035639412998,0.6230366492146597,0.6059642147117297,cross-family,1.148148148148148
qwen38-27b,gemma4-31b,rte,3,0.6956375838926174,0.4444630872483222,635,107,43,0.4018691588785046,0.811046511627907,0.4558502906976744,0.1050146920514636,0.3551962209302325,0.1984732824427481,131,1.0,0.1162790697674418,0.2366412213740458,0.9090909090909092,0.2325581395348837,0.2748091603053435,0.9047619047619048,0.4418604651162791,0.3435114503816794,cross-family,1.148148148148148
qwen38-27b,gemma4-31b,truthfulqa,3,0.7098717450446949,0.4325689856198989,555,638,275,0.4310344827586206,0.640350613573754,0.4838567493112947,0.0081248318727761,0.1564938642624592,0.3390452876376989,817,0.40625,0.0472727272727272,0.3549571603427172,0.46875,0.109090909090909,0.3757649938800489,0.5390625,0.2509090909090909,0.423500611995104,cross-family,1.148148148148148
gemma2-9b,gemma4-12b,boolq,4,0.4683137911781128,0.6072026800670016,83,822,64,0.07785888077858881,0.5602119063324539,0.4950373103562006,0.05869733284269249,0.0651745959762533,0.6329830234438156,1237,0.0975609756097561,0.0625,0.6362166531932094,0.0975609756097561,0.125,0.6394502829426031,0.10365853658536585,0.265625,0.6467259498787389
gemma2-9b,gemma4-12b,geometry_of_truth,4,0.5890635232481991,0.7917485265225933,447,2408,398,0.16528239202657807,0.9343033575839396,0.545691142278557,0.12719428248724324,0.3886122153053826,0.6457256461232604,2515,0.9,0.271356783919598,0.6886679920477137,0.8672199170124482,0.5251256281407035,0.7288270377733599,0.6514522821576764,0.7889447236180904,0.7705765407554672
gemma2-9b,gemma4-12b,imdb,4,0.6674828599412341,0.5009794319294809,579,1781,565,0.31723750701852893,0.822179203539823,0.5147411358872845,0.059525058152195005,0.30743806765253845,0.4088,2500,0.8426966292134831,0.13274336283185842,0.4388,0.8146067415730337,0.25663716814159293,0.4668,0.75,0.4725663716814159,0.5156
gemma2-9b,gemma4-12b,rte,4,0.61171875,0.5954241071428571,629,106,30,0.2830188679245283,0.7078947368421052,0.4703947368421052,0.03735351506510865,0.23750000000000004,0.4732824427480916,131,0.6,0.1,0.4961832061068702,0.36363636363636365,0.13333333333333333,0.5038167938931297,0.47619047619047616,0.3333333333333333,0.549618320610687
gemma2-9b,gemma4-12b,truthfulqa,4,0.6189540878958998,0.6350356002946231,553,660,206,0.31212121212121213,0.47431675291903674,0.4862227877336299,0.04077372312931517,-0.01190603481459318,0.4981640146878825,817,0.21212121212121213,0.03398058252427184,0.5067319461444308,0.19696969696969696,0.06310679611650485,0.5140758873929009,0.2727272727272727,0.17475728155339806,0.5422276621787026
gemma2-9b,gemma4-12b-base,boolq,4,0.4683137911781128,0.32858738135120047,84,828,94,0.11352657004830918,0.5798017276363847,0.5131746767928576,0.04158132251171028,0.06662705084352716,0.18189167340339532,1237,0.1951219512195122,0.0851063829787234,0.1883589329021827,0.14457831325301204,0.1276595744680851,0.1915925626515764,0.1566265060240964,0.2765957446808511,0.2029102667744543
gemma2-9b,gemma4-12b-base,geometry_of_truth,4,0.5890635232481991,0.8040275049115914,445,2941,427,0.14518871132267935,0.9777489617858959,0.33025898062186654,0.20309455176673555,0.6474899811640293,0.4469184890656064,2515,0.9659863945578231,0.3325526932084309,0.5033797216699801,0.9693877551020408,0.667447306791569,0.5602385685884692,0.6700680272108843,0.9227166276346604,0.6035785288270378
gemma2-9b,gemma4-12b-base,imdb,4,0.6674828599412341,0.5584394384590271,602,2326,596,0.25623387790197766,0.6944776351010592,0.5175097955541762,0.06018550294224436,0.176967839546883,0.2916,2500,0.46551724137931033,0.09060402684563758,0.3132,0.4678111587982833,0.18288590604026847,0.3352,0.46236559139784944,0.36073825503355705,0.3776
gemma2-9b,gemma4-12b-base,rte,4,0.61171875,0.7073660714285714,670,152,36,0.23684210526315788,0.6369731800766283,0.47689176245210724,0.03920791449867732,0.16008141762452105,0.2824427480916031,131,0.375,0.08333333333333333,0.3053435114503817,0.3333333333333333,0.1388888888888889,0.32061068702290074,0.43333333333333335,0.3611111111111111,0.3816793893129771
gemma2-9b,gemma4-12b-base,truthfulqa,4,0.6189540878958998,0.7275963663147557,563,808,264,0.32673267326732675,0.5901988636363636,0.5247065090240641,0.040652994047877596,0.06549235461229952,0.4222766217870257,817,0.475,0.07196969696969698,0.4455324357405141,0.4444444444444444,0.13636363636363635,0.4663402692778458,0.43209876543209874,0.26515151515151514,0.5079559363525091
gemma2-9b,gemma4-31b,boolq,3,0.4872718539865514,0.36743515850144093,103,505,26,0.05148514851485148,0.5061024570419143,0.5316163481612334,0.05923084607452188,-0.02551389111931912,0.41390460792239286,1237,0.08,0.07692307692307693,0.41552142279708976,0.06,0.11538461538461539,0.41632983023443815,0.039603960396039604,0.15384615384615385,0.4171382376717866
gemma2-9b,gemma4-31b,geometry_of_truth,3,0.7142857142857143,0.6576576576576577,466,2630,1009,0.3836501901140684,0.968628426823609,0.36588653995594245,0.16599240867742257,0.6027418868676665,0.2970178926441352,2515,1.0,0.13082259663032705,0.34950298210735586,1.0,0.2606541129831516,0.40159045725646125,1.0,0.5213082259663032,0.5061630218687873
gemma2-9b,gemma4-31b,rte,3,0.6679530201342282,0.4444630872483222,544,100,38,0.38,0.6434634974533107,0.5040322580645161,0.09461601981120368,0.13943123938879454,0.2748091603053435,131,0.4,0.05263157894736842,0.2900763358778626,0.6,0.15789473684210525,0.32061068702290074,0.6,0.3157894736842105,0.366412213740458
gemma2-9b,gemma4-31b,truthfulqa,3,0.6993781577924602,0.4325689856198989,502,555,203,0.36576576576576575,0.5590013434841021,0.5034251847290641,0.06924877637759128,0.055576158755038074,0.3843329253365973,817,0.35714285714285715,0.04926108374384237,0.39657282741738065,0.4107142857142857,0.11330049261083744,0.412484700122399,0.4144144144144144,0.22660098522167488,0.44063647490820074
gemma2-9b,llama31-405b,boolq,4,0.4683137911781128,0.6517308766052484,128,1392,121,0.08692528735632184,0.6175653971948944,0.5039290335585307,0.02205577207623944,0.11363636363636376,0.25788197251414713,1237,0.14285714285714285,0.08264462809917356,0.26596604688763137,0.1223021582733813,0.14049586776859505,0.2716248989490703,0.14028776978417265,0.32231404958677684,0.28940986257073564
gemma2-9b,llama31-405b,geometry_of_truth,4,0.5890635232481991,0.39996725605762934,172,2012,10,0.004970178926441352,0.49275724275724275,0.28601398601398603,0.1861211887858901,0.20674325674325672,0.17415506958250496,2515,0.0,0.0,0.17415506958250496,0.0,0.0,0.17415506958250496,0.0,0.0,0.17415506958250496
gemma2-9b,llama31-405b,imdb,4,0.6674828599412341,0.683643486777669,538,3105,682,0.21964573268921095,0.6089310287651454,0.5166853153370135,0.08911951177444165,0.09224571342813193,0.192,2500,0.36774193548387096,0.08357771260997067,0.2148,0.36451612903225805,0.1656891495601173,0.2372,0.33011272141706927,0.30058651026392963,0.274
gemma2-9b,llama31-405b,rte,4,0.61171875,0.7143973214285714,576,156,35,0.22435897435897437,0.6857142857142857,0.5815820543093271,0.044410807629366215,0.10413223140495864,0.2748091603053435,131,0.375,0.08571428571428572,0.29770992366412213,0.375,0.17142857142857143,0.32061068702290074,0.3870967741935484,0.34285714285714286,0.366412213740458
gemma2-9b,llama31-405b,truthfulqa,4,0.6189540878958998,0.7527620918242082,508,951,253,0.26603575184016826,0.7186540879078566,0.5049492055222714,0.06775023688103626,0.21370488238558516,0.2766217870257038,817,0.6458333333333334,0.1225296442687747,0.31456548347613217,0.6210526315789474,0.233201581027668,0.3488372093023256,0.531578947368421,0.39920948616600793,0.40024479804161567
gemma2-9b,llama31-70b,boolq,4,0.4683137911781128,0.7279452819653824,146,1480,146,0.09864864864864865,0.5581626994721818,0.5272599145632663,0.02484873755113119,0.030902784908915515,0.3128536782538399,1237,0.10810810810810811,0.0547945205479452,0.3193209377526273,0.12837837837837837,0.13013698630136986,0.32821341956346,0.125,0.2534246575342466,0.3427647534357316
gemma2-9b,llama31-70b,geometry_of_truth,4,0.5890635232481991,0.5862802881466929,367,2849,337,0.11828711828711828,0.9486311402596912,0.555515129751082,0.28421177369505163,0.3931160105086092,0.08389662027833002,2515,0.9788732394366197,0.4124629080118694,0.13916500994035785,0.8912280701754386,0.7537091988130564,0.1848906560636183,0.5245614035087719,0.887240356083086,0.20278330019880716
gemma2-9b,llama31-70b,imdb,4,0.6674828599412341,0.7068233757753836,597,3196,756,0.23654568210262827,0.7496790701708735,0.481083165278862,0.15289416362103275,0.2685959048920115,0.1756,2500,0.6125,0.12962962962962962,0.2148,0.575,0.24338624338624337,0.2492,0.5383411580594679,0.455026455026455,0.3132
gemma2-9b,llama31-70b,rte,4,0.61171875,0.7806919642857143,688,165,41,0.24848484848484848,0.7759638080251771,0.5219807238394965,0.09030716912339087,0.2539830841856806,0.2824427480916031,131,0.75,0.14634146341463414,0.3282442748091603,0.625,0.24390243902439024,0.35877862595419846,0.5757575757575758,0.4634146341463415,0.42748091603053434
gemma2-9b,llama31-70b,truthfulqa,4,0.6189540878958998,0.7976921188313283,577,964,276,0.2863070539419087,0.5814058813616447,0.4823698706606,0.07241891382653791,0.09903601070104473,0.32802937576499386,817,0.375,0.06521739130434782,0.35006119951040393,0.28125,0.09782608695652174,0.36107711138310894,0.3005181347150259,0.21014492753623187,0.3990208078335373
gemma2-9b,llama31-70b-base,boolq,4,0.4683137911781128,0.6062255723059743,112,1206,136,0.11276948590381426,0.5332256734469488,0.5328356926882902,0.02675703647660384,0.0003899807586585924,0.3831851253031528,1237,0.1,0.04411764705882353,0.3880355699272433,0.11570247933884298,0.10294117647058823,0.3945028294260307,0.1078838174273859,0.19117647058823528,0.4042037186742118
gemma2-9b,llama31-70b-base,geometry_of_truth,4,0.5890635232481991,0.48952193844138836,374,2135,319,0.14941451990632318,0.9375353872923371,0.6112697305732396,0.2655165359804332,0.32626565671909746,0.18131212723658052,2515,0.9719626168224299,0.32601880877742945,0.22266401590457258,0.8878504672897196,0.5956112852664577,0.2568588469184891,0.6065573770491803,0.8119122257053292,0.28429423459244535
gemma2-9b,llama31-70b-base,imdb,4,0.6674828599412341,0.6658504733920992,574,2772,658,0.23737373737373738,0.6908473830563648,0.49114763208369155,0.07570113709164625,0.19969975097267328,0.3012,2500,0.5323741007194245,0.11246200607902736,0.3308,0.5054151624548736,0.2127659574468085,0.3572,0.4368231046931408,0.3677811550151976,0.398
gemma2-9b,llama31-70b-base,rte,4,0.61171875,0.7425223214285714,659,152,36,0.23684210526315788,0.6728927203065134,0.5033524904214559,0.04787565548469125,0.16954022988505746,0.3511450381679389,131,0.375,0.08333333333333333,0.37404580152671757,0.3333333333333333,0.1388888888888889,0.3893129770992366,0.4,0.3333333333333333,0.44274809160305345
gemma2-9b,llama31-70b-base,truthfulqa,4,0.6189540878958998,0.7568131598330469,568,879,250,0.2844141069397042,0.5614435612082671,0.49524165341812404,0.013222954951294906,0.06620190779014307,0.386780905752754,817,0.36363636363636365,0.064,0.40636474908200737,0.38636363636363635,0.136,0.4283965728274174,0.36363636363636365,0.256,0.46511627906976744
gemma2-9b,qwen3-32b,boolq,4,0.4683137911781128,0.7290619765494137,147,1417,135,0.09527170077628794,0.5213150748252152,0.5140723406714046,0.016659775499741746,0.007242734153810604,0.36216653193209375,1237,0.09859154929577464,0.05185185185185185,0.36782538399353276,0.11267605633802817,0.11851851851851852,0.37510105092966856,0.0812720848056537,0.17037037037037037,0.3807599029911075
gemma2-9b,qwen3-32b,geometry_of_truth,4,0.5890635232481991,0.6421087098886706,465,2810,297,0.10569395017793594,0.9024828467725404,0.5972341132508263,0.30580548646435707,0.3052487335217141,0.22703777335984096,2515,0.7857142857142857,0.37037037037037035,0.27077534791252483,0.6156583629893239,0.5824915824915825,0.29582504970178924,0.4092526690391459,0.7744107744107744,0.3184890656063618
gemma2-9b,qwen3-32b,imdb,4,0.6674828599412341,0.717760365654587,609,3206,759,0.23674360573923892,0.7687017471314125,0.4163277288799224,0.15098210949550453,0.35237401825149006,0.192,2500,0.675,0.1422924901185771,0.2352,0.6230529595015576,0.2635046113306983,0.272,0.5273010920436817,0.4453227931488801,0.3272
gemma2-9b,qwen3-32b,rte,4,0.61171875,0.7856026785714286,691,165,39,0.23636363636363636,0.7600732600732601,0.5010683760683761,0.031705362726689036,0.2590048840048841,0.3053435114503817,131,0.625,0.1282051282051282,0.3435114503816794,0.5,0.20512820512820512,0.366412213740458,0.5151515151515151,0.4358974358974359,0.4351145038167939
gemma2-9b,qwen3-32b,truthfulqa,4,0.6189540878958998,0.8048121777559538,573,968,290,0.29958677685950413,0.5869291018207711,0.48937035906825344,0.05271257688937707,0.09755874275251764,0.3317013463892289,817,0.4791666666666667,0.07931034482758621,0.3598531211750306,0.38144329896907214,0.12758620689655173,0.3769889840881273,0.3865979381443299,0.25862068965517243,0.423500611995104
gemma2-9b,qwen38-27b,boolq,3,0.4872718539865514,0.5835734870317003,102,1380,131,0.09492753623188406,0.5761066868762185,0.4965208808267989,0.027532771817631016,0.07958580604941956,0.18916734033953111,1237,0.14492753623188406,0.07633587786259542,0.19725141471301536,0.10869565217391304,0.11450381679389313,0.20129345189975748,0.12318840579710146,0.2595419847328244,0.21665319320937754
gemma2-9b,qwen38-27b,geometry_of_truth,3,0.7142857142857143,0.6753539253539254,465,3112,604,0.19408740359897173,0.962909418338139,0.47294633992416324,0.3294948711528419,0.4899630784139758,0.3017892644135189,2515,1.0,0.2582781456953642,0.36381709741550694,1.0,0.5149006622516556,0.4254473161033797,0.8810289389067524,0.9072847682119205,0.5196819085487078
gemma2-9b,qwen38-27b,rte,3,0.6679530201342282,0.6956375838926174,581,171,42,0.24561403508771928,0.5203026947212994,0.4627168696936139,0.12817775228016023,0.0575858250276855,0.16793893129770993,131,0.3333333333333333,0.07142857142857142,0.19083969465648856,0.23529411764705882,0.09523809523809523,0.1984732824427481,0.20588235294117646,0.16666666666666666,0.22137404580152673
gemma2-9b,qwen38-27b,truthfulqa,3,0.6993781577924602,0.7098717450446949,518,967,332,0.34332988624612204,0.6155108623470259,0.5495861398349302,0.04216596335674422,0.06592472251209569,0.2582619339045288,817,0.5208333333333334,0.07530120481927711,0.28886168910648713,0.4948453608247423,0.14457831325301204,0.31701346389228885,0.47668393782383417,0.27710843373493976,0.3708690330477356
gemma4-12b,llama31-405b,boolq,4,0.6072026800670016,0.6517308766052484,677,1276,211,0.16536050156739812,0.6219567007097879,0.49721981176156466,0.03226561349069143,0.12473688894822327,0.5675020210185934,1237,0.28125,0.08530805687203792,0.582053354890865,0.25,0.15165876777251186,0.5933710590137429,0.23529411764705882,0.2843601895734597,0.6160064672594988
gemma4-12b,llama31-405b,geometry_of_truth,4,0.7917485265225933,0.39996725605762934,159,1543,10,0.0064808813998703824,0.29673842139595563,0.6732387475538161,0.16267659681805108,-0.37650032615786044,0.7801192842942346,2515,0.0,0.0,0.7801192842942346,0.0,0.0,0.7801192842942346,0.0,0.0,0.7801192842942346
gemma4-12b,llama31-405b,imdb,4,0.5009794319294809,0.683643486777669,579,1808,584,0.3230088495575221,0.689953778314979,0.5009488455770437,0.020914550280622116,0.18900493273793528,0.4256,2500,0.6666666666666666,0.10273972602739725,0.4496,0.6243093922651933,0.1934931506849315,0.4708,0.5662983425414365,0.351027397260274,0.5076
gemma4-12b,llama31-405b,rte,4,0.5954241071428571,0.7143973214285714,1095,126,43,0.3412698412698413,0.7010367049593723,0.49425609414401794,0.05355635105410054,0.20678061081535437,0.44274809160305345,131,0.8333333333333334,0.11627906976744186,0.48091603053435117,0.7692307692307693,0.23255813953488372,0.5190839694656488,0.64,0.37209302325581395,0.5648854961832062
gemma4-12b,llama31-405b,truthfulqa,4,0.6350356002946231,0.7527620918242082,1221,793,277,0.3493064312736444,0.652680995158537,0.4799992304032687,0.03476166946217394,0.17268176475526825,0.46878824969400246,817,0.525,0.07581227436823104,0.4944920440636475,0.5443037974683544,0.1552346570397112,0.5214198286413708,0.48427672955974843,0.2779783393501805,0.5630354957160343
gemma4-12b,llama31-70b,boolq,4,0.6072026800670016,0.7279452819653824,1001,1394,259,0.18579626972740315,0.600023812358614,0.4989165376830575,0.03446368358464294,0.10110727467555652,0.5852869846402587,1237,0.2857142857142857,0.07722007722007722,0.6014551333872271,0.2517985611510791,0.13513513513513514,0.6135812449474535,0.25089605734767023,0.2702702702702703,0.6418755052546483
gemma4-12b,llama31-70b,geometry_of_truth,4,0.7917485265225933,0.5862802881466929,380,2421,414,0.17100371747211895,0.8565720461476618,0.5401643763735139,0.14475659198916985,0.3164076697741479,0.6286282306163022,2515,0.8347107438016529,0.24396135265700483,0.6687872763419483,0.7272727272727273,0.4251207729468599,0.6986083499005964,0.5578512396694215,0.6521739130434783,0.7359840954274354
gemma4-12b,llama31-70b,imdb,4,0.5009794319294809,0.7068233757753836,653,1916,691,0.3606471816283925,0.6474674384949348,0.5115523199149414,0.08115101998295497,0.1359151185799934,0.3828,2500,0.6145833333333334,0.085383502170767,0.4064,0.5416666666666666,0.15050651230101303,0.4244,0.5404699738903395,0.2995658465991317,0.4656
gemma4-12b,llama31-70b,rte,4,0.5954241071428571,0.7806919642857143,1446,142,58,0.4084507042253521,0.84688013136289,0.5190886699507389,0.11323326296593043,0.3277914614121511,0.31297709923664124,131,1.0,0.1206896551724138,0.366412213740458,1.0,0.2413793103448276,0.4198473282442748,0.9285714285714286,0.4482758620689655,0.5114503816793893
gemma4-12b,llama31-70b,truthfulqa,4,0.6350356002946231,0.7976921188313283,1428,854,341,0.3992974238875878,0.5867789382220622,0.48620186014073963,0.050127785915257586,0.10057707808132255,0.41982864137086906,817,0.4186046511627907,0.05278592375366569,0.4418604651162791,0.43529411764705883,0.10850439882697947,0.46511627906976744,0.47953216374269003,0.2404692082111437,0.5201958384332925
gemma4-12b,llama31-70b-base,boolq,4,0.6072026800670016,0.6062255723059743,616,1024,264,0.2578125,0.5740629984051037,0.49912156100478466,0.028137195910068434,0.074941437400319,0.6313662085691188,1237,0.29411764705882354,0.056818181818181816,0.6434923201293452,0.28431372549019607,0.10984848484848485,0.6548100242522231,0.33658536585365856,0.26136363636363635,0.6871463217461601
gemma4-12b,llama31-70b-base,geometry_of_truth,4,0.7917485265225933,0.48952193844138836,503,1816,457,0.2516519823788546,0.8601011491587811,0.45928271366994977,0.11781258631830373,0.40081843548883134,0.6775347912524851,2515,0.7912087912087912,0.1575492341356674,0.7061630218687873,0.8186813186813187,0.32603938730853393,0.736779324055666,0.6914600550964187,0.5492341356673961,0.7773359840954275
gemma4-12b,llama31-70b-base,imdb,4,0.5009794319294809,0.6658504733920992,651,1753,688,0.39247005134055907,0.5605633802816902,0.505884921934709,0.07856633966919678,0.05467845834698115,0.4324,2500,0.5340909090909091,0.06831395348837209,0.4512,0.49142857142857144,0.125,0.4668,0.46438746438746437,0.2369186046511628,0.4976
gemma4-12b,llama31-70b-base,rte,4,0.5954241071428571,0.7425223214285714,1391,133,52,0.39097744360902253,0.6695156695156695,0.4797602089268756,0.05074793266796316,0.18975546058879394,0.3969465648854962,131,0.42857142857142855,0.057692307692307696,0.4198473282442748,0.46153846153846156,0.11538461538461539,0.44274809160305345,0.5555555555555556,0.28846153846153844,0.5114503816793893
gemma4-12b,llama31-70b-base,truthfulqa,4,0.6350356002946231,0.7568131598330469,1361,829,350,0.4221954161640531,0.5438592305398151,0.4904324485535342,0.02521513834798507,0.053426781986280925,0.3929008567931457,817,0.4146341463414634,0.04857142857142857,0.41370869033047736,0.4819277108433735,0.11428571428571428,0.4418604651162791,0.4397590361445783,0.20857142857142857,0.48225214198286415
gemma4-12b-base,llama31-405b,boolq,4,0.32858738135120047,0.6517308766052484,113,841,91,0.10820451843043995,0.6815238095238094,0.5020256410256411,0.02591109343463084,0.17949816849816835,0.3589329021827001,1237,0.30952380952380953,0.14285714285714285,0.3694421988682296,0.19047619047619047,0.17582417582417584,0.3718674211802749,0.20238095238095238,0.37362637362637363,0.38641875505254647
gemma4-12b-base,llama31-405b,geometry_of_truth,4,0.8040275049115914,0.39996725605762934,163,2012,10,0.004970178926441352,0.291958041958042,0.479433066933067,0.30397841176018187,-0.187475024975025,0.6043737574552683,2515,0.0,0.0,0.6043737574552683,0.0,0.0,0.6043737574552683,0.0,0.0,0.6043737574552683
gemma4-12b-base,llama31-405b,imdb,4,0.5584394384590271,0.683643486777669,614,2336,596,0.2551369863013699,0.5927350921854508,0.5309819293373448,0.07652462642551458,0.06175316284810606,0.3236,2500,0.23931623931623933,0.04697986577181208,0.3348,0.2905982905982906,0.11409395973154363,0.3508,0.3297644539614561,0.25838926174496646,0.3852
gemma4-12b-base,llama31-405b,rte,4,0.7073660714285714,0.7143973214285714,1161,174,50,0.28735632183908044,0.7441935483870967,0.5083467741935485,0.04205355199851722,0.23584677419354827,0.2366412213740458,131,0.7777777777777778,0.14,0.2900763358778626,0.7058823529411765,0.24,0.3282442748091603,0.6571428571428571,0.46,0.4122137404580153
gemma4-12b-base,llama31-405b,truthfulqa,4,0.7275963663147557,0.7527620918242082,1231,970,356,0.3670103092783505,0.7088533469970355,0.4405343026022033,0.09166215457041481,0.26831904439483223,0.34149326805385555,817,0.5625,0.07584269662921349,0.37454100367197063,0.6494845360824743,0.17696629213483145,0.4186046511627907,0.6185567010309279,0.33707865168539325,0.4883720930232558
gemma4-12b-base,llama31-70b,boolq,4,0.32858738135120047,0.7279452819653824,151,963,150,0.1557632398753894,0.5849282492824929,0.5246125461254612,0.030343808458599224,0.06031570315703172,0.3589329021827001,1237,0.3333333333333333,0.10666666666666667,0.3718674211802749,0.25,0.16,0.37833468067906223,0.23316062176165803,0.3,0.39531123686337916
gemma4-12b-base,llama31-70b,geometry_of_truth,4,0.8040275049115914,0.5862802881466929,377,2922,410,0.1403148528405202,0.9115173994096628,0.44197801771011347,0.172320966491627,0.46953938169954934,0.45606361829025843,2515,0.9931506849315068,0.35365853658536583,0.5137176938369782,0.8664383561643836,0.6170731707317073,0.5566600397614314,0.565068493150685,0.8048780487804879,0.5872763419483101
gemma4-12b-base,llama31-70b,imdb,4,0.5584394384590271,0.7068233757753836,690,2455,715,0.29124236252545826,0.5490684028615063,0.5120567076601559,0.11458727636731757,0.03701169520135039,0.2712,2500,0.2926829268292683,0.05034965034965035,0.2856,0.27235772357723576,0.0937062937062937,0.298,0.3075356415478615,0.2111888111888112,0.3316
gemma4-12b-base,llama31-70b,rte,4,0.7073660714285714,0.7806919642857143,1516,186,59,0.3172043010752688,0.8266381956492725,0.49069131189109827,0.059047492798992775,0.3359468837581743,0.1984732824427481,131,1.0,0.15254237288135594,0.26717557251908397,0.9473684210526315,0.3050847457627119,0.33587786259541985,0.8108108108108109,0.5084745762711864,0.42748091603053434
gemma4-12b-base,llama31-70b,truthfulqa,4,0.7275963663147557,0.7976921188313283,1446,1024,415,0.4052734375,0.7445862266801194,0.544701960551566,0.04838880909102663,0.19988426612855348,0.3047735618115055,817,0.7058823529411765,0.08674698795180723,0.3488372093023256,0.7254901960784313,0.1783132530120482,0.3953488372093023,0.7219512195121951,0.3566265060240964,0.48592411260709917
gemma4-12b-base,llama31-70b-base,boolq,4,0.32858738135120047,0.6062255723059743,161,932,185,0.1984978540772532,0.5705705705705706,0.48182097760411013,0.02112500822894827,0.08874959296646046,0.3565076798706548,1237,0.3617021276595745,0.0918918918918919,0.370250606305578,0.3118279569892473,0.15675675675675677,0.3799514955537591,0.2956989247311828,0.2972972972972973,0.4009700889248181
gemma4-12b-base,llama31-70b-base,geometry_of_truth,4,0.8040275049115914,0.48952193844138836,499,2442,626,0.25634725634725636,0.9526141433618105,0.6153513409381994,0.08376014307557314,0.33726280242361106,0.36739562624254474,2515,1.0,0.19488817891373802,0.41590457256461233,1.0,0.38977635782747605,0.4644135188866799,0.9344262295081968,0.7284345047923323,0.5487077534791253
gemma4-12b-base,llama31-70b-base,imdb,4,0.5584394384590271,0.6658504733920992,682,2184,676,0.30952380952380953,0.33185044653367446,0.5055892733821983,0.048599594222310055,-0.17373882684852382,0.3496,2500,0.045871559633027525,0.0073964497041420114,0.3516,0.0779816513761468,0.02514792899408284,0.3564,0.12356979405034325,0.07988165680473373,0.3712
gemma4-12b-base,llama31-70b-base,rte,4,0.7073660714285714,0.7425223214285714,1438,168,49,0.2916666666666667,0.6652375235808609,0.5147058823529411,0.04031686102647387,0.15053164122791973,0.3435114503816794,131,0.625,0.10204081632653061,0.3816793893129771,0.47058823529411764,0.16326530612244897,0.40458015267175573,0.47058823529411764,0.32653061224489793,0.46564885496183206
gemma4-12b-base,llama31-70b-base,truthfulqa,4,0.7275963663147557,0.7568131598330469,1374,948,383,0.4040084388185654,0.5812333926384621,0.5440490769195222,0.03563249262024929,0.037184315718939875,0.37821297429620565,817,0.44680851063829785,0.05483028720626632,0.4039167686658507,0.49473684210526314,0.1227154046997389,0.4357405140758874,0.46842105263157896,0.23237597911227154,0.48714810281517745
gemma4-31b,llama31-405b,boolq,3,0.36743515850144093,0.553554274735831,170,638,40,0.06269592476489028,0.6252926421404682,0.5335702341137124,0.049899517395231394,0.0917224080267558,0.4316895715440582,1237,0.03125,0.025,0.43249797898140663,0.109375,0.175,0.4373484236054972,0.1328125,0.425,0.44543249797898143
gemma4-31b,llama31-405b,geometry_of_truth,3,0.6576576576576577,0.574967824967825,127,1958,338,0.17262512768130744,0.7938856015779092,0.7847496164803858,0.07996777449642482,0.009135985097523447,0.5530815109343936,2515,0.7346938775510204,0.21301775147928995,0.5817097415506959,0.5969387755102041,0.34615384615384615,0.5996023856858846,0.461734693877551,0.5355029585798816,0.6250497017892644
gemma4-31b,llama31-405b,rte,3,0.4444630872483222,0.6810402684563759,527,89,26,0.29213483146067415,0.7264957264957265,0.46779609279609285,0.04726626270257485,0.2586996336996336,0.48091603053435117,131,0.25,0.038461538461538464,0.48854961832061067,0.6666666666666666,0.23076923076923078,0.5267175572519084,0.6111111111111112,0.4230769230769231,0.5648854961832062
gemma4-31b,llama31-405b,truthfulqa,3,0.4325689856198989,0.6991838321026039,496,516,160,0.31007751937984496,0.5404845505617978,0.460985779494382,0.04535561044650141,0.07949877106741576,0.4504283965728274,817,0.3076923076923077,0.05,0.4602203182374541,0.3076923076923077,0.1,0.4700122399020808,0.3592233009708738,0.23125,0.49571603427172584
gemma4-31b,llama31-70b,boolq,3,0.36743515850144093,0.5864553314121037,247,618,47,0.07605177993527508,0.6138167455378768,0.5034653649811827,0.041049171792401126,0.11035138055669413,0.47696038803556995,1237,0.06451612903225806,0.0425531914893617,0.4785772029102668,0.06451612903225806,0.0851063829787234,0.4801940177849636,0.07258064516129033,0.19148936170212766,0.48423605497170574
gemma4-31b,llama31-70b,geometry_of_truth,3,0.6576576576576577,0.7332689832689833,431,2686,1065,0.3965003723008191,0.6723219017994457,0.39970385752723203,0.13509373811913056,0.2726180442722137,0.29105367793240555,2515,0.9776119402985075,0.12300469483568074,0.34314115308151094,0.9219330855018587,0.23286384976525823,0.38966202783300197,0.6685288640595903,0.3370892018779343,0.4337972166998012
gemma4-31b,llama31-70b,rte,3,0.4444630872483222,0.7060402684563758,602,101,37,0.36633663366336633,0.7829391891891893,0.3406883445945946,0.09123106139756863,0.4422508445945946,0.33587786259541985,131,1.0,0.13513513513513514,0.37404580152671757,0.7,0.1891891891891892,0.3893129770992366,0.65,0.35135135135135137,0.4351145038167939
gemma4-31b,llama31-70b,truthfulqa,3,0.4325689856198989,0.7092887679751263,527,545,199,0.3651376146788991,0.5830162372556424,0.4693663403723821,0.07489441246411654,0.11364989688326033,0.42717258261933905,817,0.18518518518518517,0.02512562814070352,0.43329253365973075,0.35185185185185186,0.09547738693467336,0.4504283965728274,0.3669724770642202,0.20100502512562815,0.47613219094247244
gemma4-31b,llama31-70b-base,boolq,3,0.36743515850144093,0.5518731988472623,203,433,65,0.15011547344110854,0.6062290969899666,0.48679974916387964,0.05670758460320235,0.119429347826087,0.6006467259498788,1237,0.2727272727272727,0.09230769230769231,0.6054971705739692,0.2558139534883721,0.16923076923076924,0.6095392077607114,0.19540229885057472,0.26153846153846155,0.6143896523848019
gemma4-31b,llama31-70b-base,geometry_of_truth,3,0.6576576576576577,0.6956241956241956,461,2122,602,0.2836946277097078,0.9273223028501486,0.5968673500611995,0.2271158240590756,0.3304549527889491,0.6397614314115309,2515,0.9905660377358491,0.1744186046511628,0.6815109343936382,0.9622641509433962,0.3388704318936877,0.7208747514910536,0.8443396226415094,0.5946843853820598,0.7821073558648112
gemma4-31b,llama31-70b-base,rte,3,0.4444630872483222,0.6671140939597315,619,102,40,0.39215686274509803,0.6625,0.5372983870967742,0.06100747819687128,0.12520161290322573,0.3435114503816794,131,0.8,0.1,0.37404580152671757,0.6,0.15,0.3893129770992366,0.6,0.3,0.4351145038167939
gemma4-31b,llama31-70b-base,truthfulqa,3,0.4325689856198989,0.6706179556937427,530,535,214,0.4,0.5534107782339069,0.5415574868256325,0.05848972258844676,0.011853291408274402,0.40024479804161567,817,0.4074074074074074,0.0514018691588785,0.41370869033047736,0.42592592592592593,0.10747663551401869,0.4283965728274174,0.40186915887850466,0.20093457943925233,0.4528763769889841
gptj-6b,gemma2-9b,geometry_of_truth,4,0.7848722986247544,0.5890635232481991,444,2426,408,0.16817807089859851,0.9733975106395384,0.5086898671758099,0.3110847574236885,0.4647076434637285,0.6210735586481113,2515,1.0,0.2965686274509804,0.6691848906560636,0.9547325102880658,0.5686274509803921,0.7133200795228628,0.7154639175257732,0.8504901960784313,0.7590457256461233
gptj-6b,gemma2-9b,imdb,4,0.4693111328762651,0.6674828599412341,569,1708,680,0.3981264637002342,0.7925698100251775,0.5447678244449531,0.08042776349447285,0.24780198558022437,0.3324,2500,0.8352941176470589,0.10441176470588236,0.3608,0.8245614035087719,0.2073529411764706,0.3888,0.7923976608187134,0.3985294117647059,0.4408
gptj-6b,gemma2-9b,rte,4,0.5744419642857143,0.61171875,613,110,30,0.2727272727272727,0.65125,0.5230208333333334,0.11491670254713005,0.12822916666666662,0.3893129770992366,131,0.5,0.1,0.4122137404580153,0.5454545454545454,0.2,0.4351145038167939,0.4090909090909091,0.3,0.4580152671755725
gptj-6b,gemma2-9b,truthfulqa,4,0.6300024551927327,0.6189540878958998,551,672,214,0.31845238095238093,0.4937762722931886,0.44927406848141044,0.06333512436422818,0.04450220381177816,0.47613219094247244,817,0.14705882352941177,0.02336448598130841,0.48225214198286415,0.19402985074626866,0.06074766355140187,0.4920440636474908,0.2537313432835821,0.1588785046728972,0.5177478580171359
gptj-6b,gemma4-12b,boolq,4,0.4990228922389726,0.6072026800670016,1130,1295,488,0.37683397683397685,0.47680896662400707,0.4934728401080707,0.004476658264380701,-0.016663873484063618,0.2918350848827809,1237,0.3076923076923077,0.040983606557377046,0.3080032336297494,0.3076923076923077,0.08196721311475409,0.3241713823767179,0.3127413127413127,0.16598360655737704,0.35731608730800324
gptj-6b,gemma4-12b,geometry_of_truth,4,0.7848722986247544,0.7917485265225933,1407,3425,1691,0.4937226277372263,0.5623921882385681,0.513277344541323,0.018308391191862027,0.04911484369724506,0.20675944333996024,2515,0.5789473684210527,0.058545239503252515,0.24612326043737576,0.6023391812865497,0.1218214074512123,0.2886679920477137,0.5897810218978102,0.23891188645771733,0.36739562624254474
gptj-6b,gemma4-12b,imdb,4,0.4693111328762651,0.5009794319294809,753,1508,847,0.5616710875331565,0.5006528336194132,0.5000192009888063,0.04813727993907506,0.0006336326306068951,0.354,2500,0.5066666666666667,0.0448642266824085,0.3692,0.5033112582781457,0.089728453364817,0.3844,0.5397350993377483,0.19244391971664698,0.4192
gptj-6b,gemma4-12b,rte,4,0.5744419642857143,0.5954241071428571,1551,138,65,0.47101449275362317,0.4214963119072708,0.48967334035827187,0.04698537854004594,-0.06817702845100104,0.1450381679389313,131,0.2857142857142857,0.03076923076923077,0.16030534351145037,0.42857142857142855,0.09230769230769231,0.19083969465648856,0.4642857142857143,0.2,0.24427480916030533
gptj-6b,gemma4-12b,truthfulqa,4,0.6300024551927327,0.6350356002946231,1557,812,394,0.4852216748768473,0.4743885556068297,0.4876041337769898,0.035170697139743544,-0.013215578170160114,0.2864137086903305,817,0.43902439024390244,0.04568527918781726,0.3084455324357405,0.4074074074074074,0.08375634517766498,0.3268053855569155,0.41975308641975306,0.17258883248730963,0.36964504283965727
gptj-6b,gemma4-12b-base,boolq,4,0.4990228922389726,0.32858738135120047,82,257,35,0.13618677042801555,0.4845559845559846,0.5740669240669241,0.03463689661402295,-0.08951093951093947,0.6216653193209377,1237,0.0,0.0,0.6216653193209377,0.07692307692307693,0.05714285714285714,0.6232821341956346,0.0784313725490196,0.11428571428571428,0.6248989490703315
gptj-6b,gemma4-12b-base,geometry_of_truth,4,0.7848722986247544,0.8040275049115914,1393,3030,1012,0.333993399339934,0.9098224673589864,0.4447631886147205,0.11950332019845741,0.46505927874426595,0.5709741550695825,2515,0.993421052631579,0.1492094861660079,0.631013916500994,0.9933993399339934,0.2974308300395257,0.6906560636182902,0.9884488448844885,0.591897233201581,0.8091451292246521
gptj-6b,gemma4-12b-base,imdb,4,0.4693111328762651,0.5584394384590271,758,1705,780,0.4574780058651026,0.44654331254331253,0.49269819819819816,0.08212445312171439,-0.046154885654885625,0.3152,2500,0.4235294117647059,0.046153846153846156,0.3296,0.38823529411764707,0.08461538461538462,0.3416,0.39296187683284456,0.1717948717948718,0.3688
gptj-6b,gemma4-12b-base,rte,4,0.5744419642857143,0.7073660714285714,1547,133,47,0.3533834586466165,0.6563582384957941,0.5368010885700147,0.08493348874779097,0.11955714992577937,0.32061068702290074,131,0.42857142857142855,0.06382978723404255,0.3435114503816794,0.6153846153846154,0.1702127659574468,0.3816793893129771,0.4444444444444444,0.2553191489361702,0.4122137404580153
gptj-6b,gemma4-12b-base,truthfulqa,4,0.6300024551927327,0.7275963663147557,1549,804,378,0.4701492537313433,0.4724582060262812,0.5278693767543533,0.014449720909601543,-0.05541117072807211,0.39167686658506734,817,0.3,0.031746031746031744,0.40636474908200737,0.3,0.06349206349206349,0.42105263157894735,0.391304347826087,0.16666666666666666,0.46878824969400246
gptj-6b,gemma4-31b,boolq,3,0.5389048991354467,0.36743515850144093,433,1052,343,0.32604562737642584,0.5344981434040471,0.5096314770115179,0.023618691264185705,0.024866666392529213,0.27809215844785773,1237,0.37735849056603776,0.05830903790087463,0.2942603071948262,0.4095238095238095,0.12536443148688048,0.3128536782538399,0.36666666666666664,0.22448979591836735,0.3403395311236863
gptj-6b,gemma4-31b,geometry_of_truth,3,0.6492921492921493,0.6576576576576577,501,3045,1552,0.509688013136289,0.5462057470946893,0.5288790774473315,0.07774153287081717,0.01732666964735774,0.08111332007952286,2515,0.6907894736842105,0.06765463917525773,0.12286282306163022,0.6052631578947368,0.11855670103092783,0.15427435387673957,0.5714285714285714,0.22422680412371135,0.2194831013916501
gptj-6b,gemma4-31b,rte,3,0.4595637583892617,0.4444630872483222,700,109,51,0.46788990825688076,0.6362407031778229,0.4788708586883029,0.07381369275749186,0.15736984448951996,0.12213740458015267,131,0.4,0.0392156862745098,0.13740458015267176,0.7272727272727273,0.1568627450980392,0.183206106870229,0.7272727272727273,0.3137254901960784,0.24427480916030533
gptj-6b,gemma4-31b,truthfulqa,3,0.43276331130975515,0.4325689856198989,567,588,282,0.47959183673469385,0.47203680526584163,0.5234378621424929,0.03716521988947101,-0.05140105687665125,0.15667074663402691,817,0.3448275862068966,0.03546099290780142,0.1689106487148103,0.3898305084745763,0.08156028368794327,0.18482252141982863,0.4406779661016949,0.18439716312056736,0.22031823745410037
gptj-6b,llama-8b,boolq,4,0.4990228922389726,0.7490228922389727,1134,1238,313,0.252827140549273,0.5393247560659702,0.4969121837492444,0.01979111156205169,0.042412572316725794,0.49797898140662894,1237,0.22580645161290322,0.04472843450479233,0.5092966855295069,0.24193548387096775,0.09584664536741214,0.5222312045270816,0.2701612903225806,0.21405750798722045,0.5521422797089733
gptj-6b,llama-8b,geometry_of_truth,4,0.7848722986247544,0.5792403405370007,367,2355,338,0.1435244161358811,0.9283354797827931,0.5169414268657242,0.2175092839767738,0.4113940529170689,0.658051689860835,2515,0.9067796610169492,0.3165680473372781,0.700596421471173,0.8177966101694916,0.5710059171597633,0.7347912524850895,0.6050955414012739,0.8431952662721893,0.7713717693836978
gptj-6b,llama-8b,imdb,4,0.4693111328762651,0.6913157035586027,747,1697,669,0.3942251031231585,0.6076829346315135,0.4521190667294818,0.08995066901473203,0.15556386790203164,0.3824,2500,0.5529411764705883,0.07025411061285501,0.4012,0.5941176470588235,0.15097159940209268,0.4228,0.5575221238938053,0.2825112107623318,0.458
gptj-6b,llama-8b,rte,4,0.5744419642857143,0.7657366071428572,1537,137,48,0.35036496350364965,0.7659176029962547,0.5125819288389513,0.012780957825590088,0.2533356741573034,0.366412213740458,131,0.8571428571428571,0.125,0.4122137404580153,0.7142857142857143,0.20833333333333334,0.44274809160305345,0.6296296296296297,0.3541666666666667,0.4961832061068702
gptj-6b,llama-8b,truthfulqa,4,0.6300024551927327,0.7809968082494476,1548,859,391,0.4551804423748545,0.49836054823267095,0.4945010055304173,0.03563284759311714,0.0038595427022536377,0.37821297429620565,817,0.2558139534883721,0.028132992327365727,0.39167686658506734,0.32558139534883723,0.07161125319693094,0.412484700122399,0.4069767441860465,0.17902813299232737,0.4638922888616891
gptj-6b,llama31-405b,boolq,4,0.4990228922389726,0.6517308766052484,680,979,122,0.12461695607763024,0.557539644585573,0.5273232014078849,0.047233898830872506,0.030216443177688124,0.6006467259498788,1237,0.14285714285714285,0.05737704918032787,0.6063055780113177,0.1326530612244898,0.10655737704918032,0.6111560226354082,0.16326530612244897,0.26229508196721313,0.6265157639450283
gptj-6b,llama31-405b,geometry_of_truth,4,0.7848722986247544,0.39996725605762934,159,1549,6,0.003873466752743706,0.801901058543962,0.539047310434219,0.29960321880762936,0.26285374810974294,0.7666003976143141,2515,0.025974025974025976,0.3333333333333333,0.7673956262425448,0.03225806451612903,0.8333333333333334,0.7685884691848907,0.016129032258064516,0.8333333333333334,0.7685884691848907
gptj-6b,llama31-405b,imdb,4,0.4693111328762651,0.683643486777669,575,1674,640,0.3823178016726404,0.7724507374274663,0.49873783546905226,0.053828668601541486,0.273712901958414,0.3964,2500,0.7857142857142857,0.103125,0.4228,0.8083832335329342,0.2109375,0.4504,0.7253731343283583,0.3796875,0.4936
gptj-6b,llama31-405b,rte,4,0.5744419642857143,0.7143973214285714,1080,121,36,0.2975206611570248,0.7676470588235293,0.48750000000000004,0.08577338087817961,0.2801470588235293,0.46564885496183206,131,1.0,0.16666666666666666,0.5114503816793893,0.9166666666666666,0.3055555555555556,0.549618320610687,0.625,0.4166666666666667,0.5801526717557252
gptj-6b,llama31-405b,truthfulqa,4,0.6300024551927327,0.7527620918242082,1218,801,287,0.35830212234706615,0.6180127170921513,0.4854509280223431,0.06196970625016849,0.13256178906980826,0.4418604651162791,817,0.575,0.08013937282229965,0.4700122399020808,0.5125,0.14285714285714285,0.4920440636474908,0.50625,0.28222996515679444,0.5410036719706243
gptj-6b,llama31-70b,boolq,4,0.4990228922389726,0.7279452819653824,1004,1078,162,0.150278293135436,0.5907191762359157,0.509269367620896,0.010871602857221992,0.08144980861501971,0.6313662085691188,1237,0.2222222222222222,0.07407407407407407,0.6410670978172999,0.24074074074074073,0.16049382716049382,0.6523848019401779,0.20833333333333334,0.2777777777777778,0.6677445432497979
gptj-6b,llama31-70b,geometry_of_truth,4,0.7848722986247544,0.5862802881466929,377,2396,379,0.15818030050083473,0.9483702512809981,0.5327221911901868,0.30279824954103596,0.41564806009081123,0.6397614314115309,2515,1.0,0.316622691292876,0.6874751491053678,0.9458333333333333,0.5989445910290238,0.7300198807157058,0.6951983298538622,0.8786279683377308,0.7721669980119285
gptj-6b,llama31-70b,imdb,4,0.4693111328762651,0.7068233757753836,645,1861,826,0.44384739387426114,0.7738229755178907,0.5032190522979028,0.140935747495067,0.27060392321998794,0.2904,2500,0.8279569892473119,0.09322033898305085,0.3212,0.8172043010752689,0.18401937046004843,0.3512,0.7580645161290323,0.3414043583535109,0.4032
gptj-6b,llama31-70b,rte,4,0.5744419642857143,0.7806919642857143,1429,141,52,0.36879432624113473,0.8820224719101123,0.4823898012100259,0.10918732901438537,0.3996326707000864,0.32061068702290074,131,1.0,0.1346153846153846,0.37404580152671757,0.9285714285714286,0.25,0.4198473282442748,0.8571428571428571,0.46153846153846156,0.5038167938931297
gptj-6b,llama31-70b,truthfulqa,4,0.6300024551927327,0.7976921188313283,1425,860,352,0.40930232558139534,0.6907659269863995,0.5216451547959914,0.06800665323690469,0.1691207721904081,0.390452876376989,817,0.627906976744186,0.07670454545454546,0.423500611995104,0.6395348837209303,0.15625,0.45777233782129745,0.6453488372093024,0.3153409090909091,0.5263157894736842
gptj-6b,llama31-70b-base,boolq,4,0.4990228922389726,0.6062255723059743,601,724,157,0.21685082872928177,0.5493096979296554,0.5000168503353217,0.03253209756016103,0.04929284759433372,0.6936135812449474,1237,0.3333333333333333,0.07643312101910828,0.7033144704931286,0.2777777777777778,0.12738853503184713,0.7097817299919159,0.27586206896551724,0.25477707006369427,0.7259498787388844
gptj-6b,llama31-70b-base,geometry_of_truth,4,0.7848722986247544,0.48952193844138836,504,1898,489,0.2576396206533193,0.8928724341474106,0.49139406183735584,0.14704108556658302,0.40147837231005473,0.6353876739562624,2515,1.0,0.19427402862985685,0.6731610337972167,0.9789473684210527,0.3803680981595092,0.7093439363817098,0.781578947368421,0.6073619631901841,0.7534791252485089
gptj-6b,llama31-70b-base,imdb,4,0.4693111328762651,0.6658504733920992,647,1668,781,0.46822541966426856,0.47771841668025994,0.5401950495635491,0.08748513544561315,-0.062476632883289196,0.3736,2500,0.40963855421686746,0.04353393085787452,0.3872,0.3652694610778443,0.07810499359795134,0.398,0.4221556886227545,0.18053777208706787,0.43
gptj-6b,llama31-70b-base,rte,4,0.5744419642857143,0.7425223214285714,1370,135,47,0.34814814814814815,0.6247582205029013,0.4748549323017408,0.026883770946869983,0.1499032882011605,0.3893129770992366,131,0.2857142857142857,0.0425531914893617,0.40458015267175573,0.5,0.14893617021276595,0.44274809160305345,0.5185185185185185,0.2978723404255319,0.4961832061068702
gptj-6b,llama31-70b-base,truthfulqa,4,0.6300024551927327,0.7568131598330469,1356,817,344,0.42105263157894735,0.584253158955701,0.501518019568317,0.0212993450282518,0.08273513938738397,0.40514075887392903,817,0.3902439024390244,0.046511627906976744,0.42472460220318237,0.5121951219512195,0.12209302325581395,0.4565483476132191,0.4662576687116564,0.22093023255813954,0.4981640146878825
gptj-6b,llama31-8b-base,boolq,4,0.4990228922389726,0.6969570072585148,1126,1004,254,0.25298804780876494,0.5383727034120735,0.5155695538057743,0.023339614281485527,0.022803149606299256,0.6168148746968473,1237,0.26,0.051181102362204724,0.6273241713823767,0.28,0.11023622047244094,0.6394502829426031,0.263681592039801,0.20866141732283464,0.6596604688763137
gptj-6b,llama31-8b-base,geometry_of_truth,4,0.7848722986247544,0.8238375900458416,1395,3596,1580,0.43937708565072303,0.8169790410890094,0.3944910651496886,0.07584559087912823,0.4224879759393208,0.16302186878727634,2515,1.0,0.11392405063291139,0.2345924453280318,1.0,0.22784810126582278,0.3061630218687873,1.0,0.4550632911392405,0.4489065606361829
gptj-6b,llama31-8b-base,imdb,4,0.4693111328762651,0.5558276199804114,737,1559,628,0.4028223220012829,0.5067251842071056,0.47432474498347776,0.09184246274885796,0.032400439223627786,0.3736,2500,0.3333333333333333,0.041401273885350316,0.384,0.38461538461538464,0.09554140127388536,0.3976,0.375,0.18630573248407642,0.4204
gptj-6b,llama31-8b-base,rte,4,0.5744419642857143,0.6628348214285714,1535,132,47,0.3560606060606061,0.6448060075093867,0.5042553191489362,0.06739288189238589,0.14055068836045048,0.2824427480916031,131,0.8571428571428571,0.1276595744680851,0.3282442748091603,0.6153846153846154,0.1702127659574468,0.3435114503816794,0.5384615384615384,0.2978723404255319,0.3893129770992366
gptj-6b,llama31-8b-base,truthfulqa,4,0.6300024551927327,0.7129879695556102,1548,877,450,0.5131128848346637,0.4431537861046058,0.4682760863908405,0.016735962761463802,-0.02512230028623469,0.27050183598531213,817,0.22727272727272727,0.022222222222222223,0.2827417380660955,0.22727272727272727,0.044444444444444446,0.29498164014687883,0.4114285714285714,0.16,0.35862913096695226
gptj-6b,olmo3-7b,boolq,4,0.4990228922389726,0.7938302624232273,1137,1247,390,0.31275060144346434,0.5245549471920534,0.4963079316638243,0.014023503517894753,0.028247015528229114,0.534357316087308,1237,0.22580645161290322,0.035897435897435895,0.5456750202101859,0.328,0.10512820512820513,0.5675020210185934,0.3132530120481928,0.2,0.597413096200485
gptj-6b,olmo3-7b,geometry_of_truth,4,0.7848722986247544,0.7038310412573674,1027,2913,896,0.3075866803982149,0.7910766298958849,0.5599738993112118,0.024048420467114116,0.23110273058467312,0.4636182902584493,2515,0.9931506849315068,0.16183035714285715,0.521272365805169,0.9965635738831615,0.3236607142857143,0.5789264413518886,0.8336192109777015,0.5424107142857143,0.6568588469184891
gptj-6b,olmo3-7b,imdb,4,0.4693111328762651,0.7409402546523016,777,1925,893,0.4638961038961039,0.6603546533329862,0.5045853516150595,0.047411038797860454,0.1557693017179267,0.3284,2500,0.6875,0.07390817469204927,0.3548,0.6822916666666666,0.14669652855543114,0.3808,0.638961038961039,0.27547592385218367,0.4268
gptj-6b,olmo3-7b,rte,4,0.5744419642857143,0.8010044642857143,1561,147,58,0.3945578231292517,0.6555598605191786,0.5405850445563735,0.09059633126345862,0.11497481596280512,0.2824427480916031,131,0.7142857142857143,0.08620689655172414,0.32061068702290074,0.5333333333333333,0.13793103448275862,0.3435114503816794,0.4827586206896552,0.2413793103448276,0.3893129770992366
gptj-6b,olmo3-7b,truthfulqa,4,0.6300024551927327,0.8083722072182666,1531,901,447,0.4961154273029967,0.48810966896293456,0.4799495412391962,0.07148178056223095,0.008160127723738364,0.3671970624235006,817,0.35555555555555557,0.035794183445190156,0.386780905752754,0.4111111111111111,0.08277404921700224,0.412484700122399,0.4166666666666667,0.16778523489932887,0.4589963280293758
gptj-6b,qwen3-32b,boolq,4,0.4990228922389726,0.7290619765494137,1049,1275,287,0.22509803921568627,0.5034984271184528,0.4931997559564954,0.03502575920807473,0.010298671161957429,0.46079223928860147,1237,0.203125,0.04529616724738676,0.47130153597413094,0.2109375,0.09407665505226481,0.4826192400970089,0.20392156862745098,0.18118466898954705,0.5028294260307195
gptj-6b,qwen3-32b,geometry_of_truth,4,0.7848722986247544,0.6421087098886706,546,2696,679,0.2518545994065282,0.9436797530271046,0.6724644644235339,0.15631346542252558,0.2712152886035707,0.5125248508946322,2515,0.9555555555555556,0.18998527245949925,0.563817097415507,0.9481481481481482,0.37702503681885124,0.614314115308151,0.9072356215213359,0.7201767304860088,0.7069582504970179
gptj-6b,qwen3-32b,imdb,4,0.4693111328762651,0.717760365654587,694,1866,832,0.44587352625937837,0.7598746001339086,0.4837042943758369,0.1556187260920985,0.2761703057580717,0.3044,2500,0.8494623655913979,0.09495192307692307,0.336,0.8288770053475936,0.18629807692307693,0.3664,0.7694369973190348,0.3449519230769231,0.4192
gptj-6b,qwen3-32b,rte,4,0.5744419642857143,0.7856026785714286,1479,144,55,0.3819444444444444,0.8522982635342186,0.4307456588355465,0.12982169211656916,0.42155260469867206,0.26717557251908397,131,0.8571428571428571,0.10909090909090909,0.31297709923664124,0.9285714285714286,0.23636363636363636,0.366412213740458,0.9310344827586207,0.4909090909090909,0.4732824427480916
gptj-6b,qwen3-32b,truthfulqa,4,0.6300024551927327,0.8048121777559538,1470,896,382,0.4263392857142857,0.6576639436103245,0.5502806241978528,0.03874490138658179,0.1073833194124717,0.35495716034271724,817,0.7777777777777778,0.09162303664921466,0.397796817625459,0.8111111111111111,0.19109947643979058,0.44430844553243576,0.7318435754189944,0.34293193717277487,0.5152998776009792
gptj-6b,qwen3-8b,boolq,4,0.4990228922389726,0.3330541596873255,29,276,12,0.043478260869565216,0.5852272727272727,0.51333648989899,0.03436192124305627,0.07189078282828276,0.5602263540824576,1237,0.07142857142857142,0.08333333333333333,0.561034761519806,0.03571428571428571,0.08333333333333333,0.561034761519806,0.03636363636363636,0.16666666666666666,0.5618431689571544
gptj-6b,qwen3-8b,geometry_of_truth,4,0.7848722986247544,0.6365422396856582,572,2708,697,0.25738552437223045,0.9454178488899289,0.5342106934100609,0.3039937431322769,0.41120715547986797,0.49582504970178926,2515,0.9925925925925926,0.19225251076040173,0.5491053677932406,0.992619926199262,0.38593974175035867,0.6027833001988071,0.9630996309963099,0.7489239598278336,0.7033797216699801
gptj-6b,qwen3-8b,imdb,4,0.4693111328762651,0.6849493960169768,633,1638,613,0.37423687423687424,0.8501221501611427,0.568018143476704,0.12418990558456855,0.2821040066844387,0.4136,2500,0.8536585365853658,0.11419249592169657,0.4416,0.8292682926829268,0.22185970636215335,0.468,0.8353658536585366,0.4469820554649266,0.5232
gptj-6b,qwen3-8b,rte,4,0.5744419642857143,0.6415178571428571,747,114,30,0.2631578947368421,0.4896825396825397,0.4322420634920635,0.02908133912123724,0.05744047619047621,0.3969465648854962,131,0.16666666666666666,0.03333333333333333,0.40458015267175573,0.09090909090909091,0.03333333333333333,0.40458015267175573,0.08695652173913043,0.06666666666666667,0.4122137404580153
gptj-6b,qwen3-8b,truthfulqa,4,0.6300024551927327,0.663147557083231,761,715,272,0.3804195804195804,0.5852725401673085,0.4702915449475501,0.05425593329749219,0.11498099521975835,0.43818849449204406,817,0.5,0.0661764705882353,0.4602203182374541,0.4722222222222222,0.125,0.47980416156670747,0.46153846153846156,0.2426470588235294,0.5189718482252142
gptj-6b,qwen3-8b-base,boolq,4,0.4990228922389726,0.7709380234505863,1088,1210,343,0.2834710743801653,0.5040268208123586,0.4947676549611441,0.01323610771686555,0.009259165851214501,0.5367825383993533,1237,0.18333333333333332,0.03206997084548105,0.5456750202101859,0.2231404958677686,0.07871720116618076,0.5586095392077607,0.2603305785123967,0.1836734693877551,0.587712206952304
gptj-6b,qwen3-8b-base,geometry_of_truth,4,0.7848722986247544,0.7213490504256712,949,2937,919,0.3129043241402792,0.9749032375648543,0.30208738869219465,0.237775202000343,0.6728158488726597,0.47912524850894633,2515,1.0,0.15995647442872687,0.5375745526838966,1.0,0.31991294885745375,0.596023856858847,0.9982964224872232,0.6376496191512514,0.7121272365805169
gptj-6b,qwen3-8b-base,imdb,4,0.4693111328762651,0.7592229840026118,756,1864,832,0.44635193133047213,0.6174844868067978,0.4819475695997317,0.03131487945273273,0.13553691720706612,0.3808,2500,0.6344086021505376,0.07091346153846154,0.4044,0.6129032258064516,0.13701923076923078,0.4264,0.6005361930294906,0.2692307692307692,0.4704
gptj-6b,qwen3-8b-base,rte,4,0.5744419642857143,0.8262276785714285,1560,146,56,0.3835616438356164,0.629563492063492,0.5458333333333333,0.06355605034653504,0.08373015873015877,0.32061068702290074,131,0.7142857142857143,0.08928571428571429,0.35877862595419846,0.5333333333333333,0.14285714285714285,0.3816793893129771,0.4827586206896552,0.25,0.42748091603053434
gptj-6b,qwen3-8b-base,truthfulqa,4,0.6300024551927327,0.8246992388902529,1537,894,399,0.4463087248322148,0.5659552922710818,0.5395331763752818,0.030248714733286525,0.026422115895800014,0.386780905752754,817,0.6222222222222222,0.07017543859649122,0.42105263157894735,0.6292134831460674,0.14035087719298245,0.45532435740514077,0.553072625698324,0.24812030075187969,0.5079559363525091
gptj-6b,qwen38-27b,boolq,3,0.5389048991354467,0.5835734870317003,288,878,94,0.1070615034168565,0.4970147633521494,0.5022185735996527,0.014091177378934732,-0.0052038102475033265,0.6257073565076798,1237,0.1590909090909091,0.07446808510638298,0.6313662085691188,0.09090909090909091,0.0851063829787234,0.6321746160064673,0.10795454545454546,0.20212765957446807,0.6410670978172999
gptj-6b,qwen38-27b,geometry_of_truth,3,0.6492921492921493,0.6753539253539254,503,2393,748,0.31257835353113245,0.9243502429985533,0.3983863758269265,0.12488396680667722,0.5259638671716268,0.4031809145129225,2515,1.0,0.16042780748663102,0.45089463220675946,0.99581589958159,0.3181818181818182,0.4978131212723658,0.9812108559498957,0.6283422459893048,0.5900596421471173
gptj-6b,qwen38-27b,rte,3,0.4595637583892617,0.6956375838926174,648,111,43,0.38738738738738737,0.7099863201094391,0.5318057455540356,0.1131010857573513,0.17818057455540348,0.1984732824427481,131,0.6666666666666666,0.09302325581395349,0.22900763358778625,0.45454545454545453,0.11627906976744186,0.2366412213740458,0.6363636363636364,0.32558139534883723,0.3053435114503817
gptj-6b,qwen38-27b,truthfulqa,3,0.43276331130975515,0.7098717450446949,555,638,291,0.4561128526645768,0.6671222159501669,0.5231661665527794,0.08000613014356396,0.1439560493973875,0.3243574051407589,817,0.65625,0.07216494845360824,0.35006119951040393,0.640625,0.140893470790378,0.37454100367197063,0.6484375,0.2852233676975945,0.4259485924112607
llama-8b,gemma2-9b,boolq,4,0.7490228922389727,0.4683137911781128,157,1451,153,0.10544452101998622,0.5817849481857458,0.5166822764031139,0.020911446420545085,0.06510267178263185,0.412287793047696,1237,0.1643835616438356,0.0784313725490196,0.4219886822958771,0.13793103448275862,0.13071895424836602,0.4284559417946645,0.12758620689655173,0.24183006535947713,0.4421988682295877
llama-8b,gemma2-9b,geometry_of_truth,4,0.5792403405370007,0.5890635232481991,364,2835,323,0.11393298059964727,0.9127950543274636,0.5592964913924001,0.29531168432303784,0.35349856293506343,0.08071570576540756,2515,0.6830985915492958,0.30030959752321984,0.11928429423459244,0.5845070422535211,0.5139318885448917,0.1467196819085487,0.41798941798941797,0.7337461300309598,0.1749502982107356
llama-8b,gemma2-9b,imdb,4,0.6913157035586027,0.6674828599412341,613,3145,701,0.22289348171701112,0.6758196730880132,0.4126273023573992,0.1254232826669603,0.26319237073061397,0.186,2500,0.535031847133758,0.11982881597717546,0.2196,0.4713375796178344,0.21112696148359486,0.2452,0.424483306836248,0.38088445078459343,0.2928
llama-8b,gemma2-9b,rte,4,0.7657366071428572,0.61171875,699,158,36,0.22784810126582278,0.64275956284153,0.4430214025500911,0.05063697376841666,0.19973816029143893,0.3435114503816794,131,0.625,0.1388888888888889,0.3816793893129771,0.3125,0.1388888888888889,0.3816793893129771,0.34375,0.3055555555555556,0.42748091603053434
llama-8b,gemma2-9b,truthfulqa,4,0.7809968082494476,0.6189540878958998,578,908,296,0.32599118942731276,0.5911665341812401,0.4665198286521816,0.037233171536023735,0.12464670552905849,0.3623011015911873,817,0.4666666666666667,0.07094594594594594,0.3880048959608323,0.3516483516483517,0.10810810810810811,0.401468788249694,0.3901098901098901,0.23986486486486486,0.44920440636474906
llama-8b,llama31-405b,boolq,4,0.7490228922389727,0.6517308766052484,765,1902,280,0.14721345951629863,0.5967060066936762,0.5254018407609653,0.04213252109621912,0.07130416593271094,0.3791430881164107,1237,0.16842105263157894,0.05714285714285714,0.3920776071139854,0.22631578947368422,0.15357142857142858,0.41390460792239286,0.20789473684210527,0.28214285714285714,0.44300727566693615
llama-8b,llama31-405b,geometry_of_truth,4,0.5792403405370007,0.39996725605762934,206,2012,10,0.004970178926441352,0.4111888111888112,0.7563561438561439,0.055697591269120085,-0.34516733266733274,0.1554671968190855,2515,0.0,0.0,0.1554671968190855,0.0,0.0,0.1554671968190855,0.0,0.0,0.1554671968190855
llama-8b,llama31-405b,imdb,4,0.6913157035586027,0.683643486777669,628,3185,746,0.23422291993720565,0.5892951556861413,0.4923488343462523,0.09400361997923372,0.09694632133988901,0.182,2500,0.3081761006289308,0.06568364611260054,0.2016,0.33647798742138363,0.14343163538873996,0.2248,0.3359497645211931,0.2868632707774799,0.2676
llama-8b,llama31-405b,rte,4,0.7657366071428572,0.7143973214285714,1182,186,56,0.3010752688172043,0.7425824175824176,0.5334821428571429,0.03898902112763441,0.2091002747252747,0.20610687022900764,131,0.5555555555555556,0.08928571428571429,0.24427480916030533,0.5789473684210527,0.19642857142857142,0.2900763358778626,0.5945945945945946,0.39285714285714285,0.37404580152671757
llama-8b,llama31-405b,truthfulqa,4,0.7809968082494476,0.7527620918242082,1248,1071,385,0.35947712418300654,0.7533641285827876,0.4688908030744765,0.04866613116354035,0.28447332550831106,0.28886168910648713,817,0.7037037037037037,0.0987012987012987,0.3353733170134639,0.7102803738317757,0.1974025974025974,0.3818849449204406,0.6635514018691588,0.36883116883116884,0.46266829865361075
llama-8b,llama31-70b,boolq,4,0.7490228922389727,0.7279452819653824,1123,2074,359,0.17309546769527484,0.5519169705287607,0.49374030551337134,0.022751952220319116,0.05817666501538932,0.3468067906224737,1237,0.2692307692307692,0.07799442896935933,0.3694421988682296,0.23671497584541062,0.13649025069637882,0.38641875505254647,0.20481927710843373,0.23676880222841226,0.41552142279708976
llama-8b,llama31-70b,geometry_of_truth,4,0.5792403405370007,0.5862802881466929,349,2873,362,0.12600069613644274,0.9574810062245456,0.39903072888132,0.28276018324405205,0.5584502773432256,0.04532803180914513,2515,0.9791666666666666,0.38950276243093923,0.10139165009940358,0.9372822299651568,0.7430939226519337,0.15228628230616303,0.5582608695652174,0.8867403314917127,0.17296222664015903
llama-8b,llama31-70b,imdb,4,0.6913157035586027,0.7068233757753836,720,3185,735,0.23076923076923078,0.6183334721643758,0.5004170484520338,0.060012660109401324,0.11791642371234201,0.2336,2500,0.34591194968553457,0.07482993197278912,0.2556,0.36792452830188677,0.15918367346938775,0.2804,0.34065934065934067,0.29523809523809524,0.3204
llama-8b,llama31-70b,rte,4,0.7657366071428572,0.7806919642857143,1554,194,59,0.30412371134020616,0.8321406151914627,0.4893283113622097,0.02585118781806357,0.34281230382925293,0.2595419847328244,131,0.5,0.0847457627118644,0.29770992366412213,0.7368421052631579,0.23728813559322035,0.366412213740458,0.717948717948718,0.4745762711864407,0.4732824427480916
llama-8b,llama31-70b,truthfulqa,4,0.7809968082494476,0.7976921188313283,1472,1141,456,0.39964943032427697,0.665501344602382,0.47301110897682164,0.07567962800508332,0.19249023562556034,0.22276621787025705,817,0.47368421052631576,0.05921052631578947,0.2558139534883721,0.47368421052631576,0.11842105263157894,0.28886168910648713,0.5482456140350878,0.2741228070175439,0.37576499388004897
llama-8b,llama31-70b-base,boolq,4,0.7490228922389727,0.6062255723059743,717,1630,337,0.2067484662576687,0.571424309394801,0.49397291051335535,0.041381093118980125,0.0774513988814457,0.43654001616814875,1237,0.3048780487804878,0.07418397626112759,0.45675020210185935,0.294478527607362,0.142433234421365,0.47534357316087306,0.27607361963190186,0.26706231454005935,0.5092966855295069
llama-8b,llama31-70b-base,geometry_of_truth,4,0.5792403405370007,0.48952193844138836,338,2104,288,0.13688212927756654,0.8964298825256976,0.44276234780347534,0.1389040448630335,0.4536675347222222,0.18727634194831014,2515,0.638095238095238,0.2326388888888889,0.21391650099403578,0.5285714285714286,0.3854166666666667,0.23141153081510935,0.45605700712589076,0.6666666666666666,0.2636182902584493
llama-8b,llama31-70b-base,imdb,4,0.6913157035586027,0.6658504733920992,704,2840,709,0.24964788732394366,0.4667594162073866,0.4586664451620547,0.09493575564168255,0.00809297104533191,0.3016,2500,0.2112676056338028,0.04231311706629055,0.3136,0.18661971830985916,0.07475317348377997,0.3228,0.20422535211267606,0.16361071932299012,0.348
llama-8b,llama31-70b-base,rte,4,0.7657366071428572,0.7425223214285714,1474,179,54,0.3016759776536313,0.6576296296296297,0.5400740740740742,0.018139680564275035,0.11755555555555552,0.3282442748091603,131,0.4444444444444444,0.07407407407407407,0.35877862595419846,0.6111111111111112,0.2037037037037037,0.4122137404580153,0.5,0.3333333333333333,0.46564885496183206
llama-8b,llama31-70b-base,truthfulqa,4,0.7809968082494476,0.7568131598330469,1405,1057,426,0.4030274361400189,0.5478895560366956,0.5279997470294562,0.045739341172538577,0.019889809007239467,0.2913096695226438,817,0.37735849056603776,0.046948356807511735,0.3157894736842105,0.4056603773584906,0.10093896713615023,0.34394124847001223,0.41232227488151657,0.20422535211267606,0.397796817625459
llama-8b,llama31-8b-base,boolq,4,0.7490228922389727,0.6969570072585148,1240,1981,452,0.2281675921251893,0.5433043750036174,0.490280462677324,0.020136465846319916,0.05302391232629339,0.33063864187550523,1237,0.2727272727272727,0.059734513274336286,0.35246564268391267,0.29797979797979796,0.13053097345132744,0.37833468067906223,0.26515151515151514,0.2323008849557522,0.41552142279708976
llama-8b,llama31-8b-base,geometry_of_truth,4,0.5792403405370007,0.8238375900458416,386,2858,356,0.1245626312106368,0.9685801920261543,0.47129711960768467,0.25002100059241655,0.49728307241846964,0.5284294234592445,2515,0.8041958041958042,0.32303370786516855,0.574155069582505,0.8111888111888111,0.651685393258427,0.620675944333996,0.5874125874125874,0.9438202247191011,0.6620278330019881
llama-8b,llama31-8b-base,imdb,4,0.6913157035586027,0.5558276199804114,804,2474,582,0.23524656426839127,0.5799786403958065,0.5233498071096968,0.09254669107427889,0.05662883328610968,0.2808,2500,0.3548387096774194,0.07560137457044673,0.2984,0.31983805668016196,0.13573883161512026,0.3124,0.30505050505050507,0.25945017182130586,0.3412
llama-8b,llama31-8b-base,rte,4,0.7657366071428572,0.6628348214285714,1617,174,53,0.3045977011494253,0.6290347731171059,0.5424528301886792,0.08455490040575972,0.08658194292842669,0.2366412213740458,131,0.5555555555555556,0.09433962264150944,0.2748091603053435,0.7058823529411765,0.22641509433962265,0.3282442748091603,0.5428571428571428,0.3584905660377358,0.3816793893129771
llama-8b,llama31-8b-base,truthfulqa,4,0.7809968082494476,0.7129879695556102,1599,1031,502,0.486905916585839,0.5376866823820032,0.5340961296590576,0.02396123814281154,0.003590552722945617,0.23011015911872704,817,0.5,0.05179282868525897,0.26193390452876375,0.5145631067961165,0.10557768924302789,0.29498164014687883,0.529126213592233,0.21713147410358566,0.3635250917992656
llama31-70b,llama31-405b,boolq,4,0.7279452819653824,0.6517308766052484,744,1988,296,0.1488933601609658,0.65447695035461,0.4984575666091623,0.07400901236724024,0.15601938374544766,0.2425222312045271,1237,0.35353535353535354,0.11824324324324324,0.27081649151172194,0.32160804020100503,0.21621621621621623,0.2942603071948262,0.271356783919598,0.36486486486486486,0.32983023443815684
llama31-70b,llama31-405b,geometry_of_truth,4,0.5862802881466929,0.39996725605762934,217,2012,10,0.004970178926441352,0.3325674325674326,0.6496003996003996,0.15923269385827302,-0.317032967032967,0.16978131212723657,2515,0.0,0.0,0.16978131212723657,0.004975124378109453,0.1,0.17017892644135188,0.0024875621890547263,0.1,0.17017892644135188
llama31-70b,llama31-405b,imdb,4,0.7068233757753836,0.683643486777669,604,3214,771,0.23988799004355943,0.6567327810791627,0.5316362215451331,0.023995014610027756,0.12509655953402954,0.1956,2500,0.40993788819875776,0.08560311284046693,0.222,0.3987538940809969,0.16601815823605706,0.2468,0.35769828926905134,0.29831387808041504,0.2876
llama31-70b,llama31-405b,rte,4,0.7806919642857143,0.7143973214285714,1168,191,57,0.29842931937172773,0.8136946844723749,0.48752945797329145,0.08340205184124257,0.32616522649908347,0.20610687022900764,131,0.8,0.14035087719298245,0.26717557251908397,0.8421052631578947,0.2807017543859649,0.3282442748091603,0.6578947368421053,0.43859649122807015,0.3969465648854962
llama31-70b,llama31-405b,truthfulqa,4,0.7976921188313283,0.7527620918242082,1229,1179,395,0.33502968617472434,0.7132200981658486,0.5138005360371997,0.03179471541478421,0.19941956212864898,0.18115055079559364,817,0.6949152542372882,0.10379746835443038,0.23133414932680538,0.6610169491525424,0.19746835443037974,0.2766217870257038,0.5932203389830508,0.35443037974683544,0.3525091799265606
llama31-70b,llama31-70b-base,boolq,4,0.7279452819653824,0.6062255723059743,655,1704,341,0.20011737089201878,0.6531886923575088,0.5078004143869289,0.03646423346096615,0.14538827797057985,0.3193209377526273,1237,0.4823529411764706,0.12023460410557185,0.35246564268391267,0.4117647058823529,0.20527859237536658,0.375909458367017,0.35777126099706746,0.35777126099706746,0.417946645109135
llama31-70b,llama31-70b-base,geometry_of_truth,4,0.5862802881466929,0.48952193844138836,367,2121,305,0.1438000942951438,0.9371795334729545,0.45473342601285477,0.1787993143093845,0.4824461074600997,0.18807157057654075,2515,0.9811320754716981,0.34098360655737703,0.2294234592445328,0.9669811320754716,0.6721311475409836,0.26958250497017894,0.6202830188679245,0.8622950819672132,0.2926441351888668
llama31-70b,llama31-70b-base,imdb,4,0.7068233757753836,0.6658504733920992,650,2861,734,0.2565536525690318,0.5049153929816336,0.4787526469717874,0.08015658555535245,0.026162746009846194,0.3152,2500,0.23076923076923078,0.04495912806539509,0.3284,0.1958041958041958,0.07629427792915532,0.3376,0.24125874125874125,0.1880108991825613,0.3704
llama31-70b,llama31-70b-base,rte,4,0.7806919642857143,0.7425223214285714,1432,188,60,0.3191489361702128,0.8265625000000001,0.5552734375,0.06680896196076348,0.27128906250000007,0.25190839694656486,131,0.7777777777777778,0.11666666666666667,0.3053435114503817,0.7368421052631579,0.23333333333333334,0.35877862595419846,0.7894736842105263,0.5,0.48091603053435117
llama31-70b,llama31-70b-base,truthfulqa,4,0.7976921188313283,0.7568131598330469,1371,1118,402,0.3595706618962433,0.6697691709052502,0.4791657981044498,0.06748675892345726,0.19060337280080042,0.2668298653610771,817,0.44642857142857145,0.06218905472636816,0.2974296205630355,0.5089285714285714,0.1417910447761194,0.33659730722154224,0.5357142857142857,0.29850746268656714,0.41370869033047736
llama31-70b-base,llama31-405b,boolq,4,0.6062255723059743,0.6517308766052484,508,1498,245,0.16355140186915887,0.6921608547648908,0.5107024773197387,0.043609978752332176,0.18145837744515203,0.3791430881164107,1237,0.4266666666666667,0.1306122448979592,0.40501212611156023,0.37333333333333335,0.22857142857142856,0.4244139046079224,0.3233333333333333,0.39591836734693875,0.45755860953920774
llama31-70b-base,llama31-405b,geometry_of_truth,4,0.48952193844138836,0.39996725605762934,175,1485,9,0.006060606060606061,0.46062932851550736,0.6868224932249323,0.23755901370134871,-0.2261931647094249,0.2536779324055666,2515,0.0,0.0,0.2536779324055666,0.0,0.0,0.2536779324055666,0.0,0.0,0.2536779324055666
llama31-70b-base,llama31-405b,imdb,4,0.6658504733920992,0.683643486777669,564,2811,692,0.24617573817146923,0.5221188967421103,0.5215637761295409,0.07343965748483613,0.0005551206125694597,0.306,2500,0.19148936170212766,0.03901734104046243,0.3168,0.2099644128113879,0.08526011560693642,0.3296,0.22241992882562278,0.18063583815028902,0.356
llama31-70b-base,llama31-405b,rte,4,0.7425223214285714,0.7143973214285714,1129,170,47,0.27647058823529413,0.7519460300985988,0.5490832035979935,0.029910960221149217,0.2028628265006054,0.3511450381679389,131,0.625,0.10638297872340426,0.3893129770992366,0.6470588235294118,0.23404255319148937,0.4351145038167939,0.5294117647058824,0.3829787234042553,0.48854961832061067
llama31-70b-base,llama31-405b,truthfulqa,4,0.7568131598330469,0.7527620918242082,1206,1057,338,0.3197729422894986,0.7109973582638609,0.482287611821152,0.04951054209524623,0.22870974644270892,0.3157894736842105,817,0.6792452830188679,0.10650887573964497,0.3598531211750306,0.6132075471698113,0.19230769230769232,0.3953488372093023,0.5829383886255924,0.363905325443787,0.4663402692778458
llama31-70b-base,llama31-70b,boolq,4,0.6062255723059743,0.7279452819653824,655,1704,341,0.20011737089201878,0.659690651336215,0.5255226632643621,0.030594003909445232,0.13416798807185282,0.3193209377526273,1237,0.5058823529411764,0.12609970674486803,0.35408245755860956,0.4294117647058823,0.21407624633431085,0.37833468067906223,0.3782991202346041,0.3782991202346041,0.423605497170574
llama31-70b-base,llama31-70b,geometry_of_truth,4,0.48952193844138836,0.5862802881466929,367,2121,305,0.1438000942951438,0.929105582436629,0.4486314725211237,0.2092966974683467,0.4804741099155053,0.18807157057654075,2515,0.9622641509433962,0.3344262295081967,0.2286282306163022,0.9150943396226415,0.6360655737704918,0.2652087475149105,0.5919811320754716,0.8229508196721311,0.2878727634194831
llama31-70b-base,llama31-70b,imdb,4,0.6658504733920992,0.7068233757753836,650,2861,734,0.2565536525690318,0.5374246261572695,0.49490205723992425,0.04991234589089783,0.04252256891734524,0.3152,2500,0.22377622377622378,0.043596730245231606,0.328,0.22727272727272727,0.0885558583106267,0.3412,0.25874125874125875,0.2016348773841962,0.3744
llama31-70b-base,llama31-70b,rte,4,0.7425223214285714,0.7806919642857143,1432,188,60,0.3191489361702128,0.8278645833333333,0.5010091145833333,0.018107474905336048,0.32685546875000004,0.25190839694656486,131,0.7777777777777778,0.11666666666666667,0.3053435114503817,0.7368421052631579,0.23333333333333334,0.35877862595419846,0.7105263157894737,0.45,0.4580152671755725
llama31-70b-base,llama31-70b,truthfulqa,4,0.7568131598330469,0.7976921188313283,1371,1118,402,0.3595706618962433,0.6809006642763835,0.4730198518580282,0.04717206952223245,0.20788081241835532,0.2668298653610771,817,0.5178571428571429,0.07213930348258707,0.3023255813953488,0.5892857142857143,0.16417910447761194,0.34761321909424725,0.5401785714285714,0.3009950248756219,0.4149326805385557
llama31-8b-base,gemma2-9b,boolq,4,0.6969570072585148,0.4683137911781128,130,1346,136,0.10104011887072809,0.6128828390860477,0.494263490520175,0.04727476483368862,0.1186193485658727,0.46321746160064675,1237,0.16417910447761194,0.08088235294117647,0.4721099434114794,0.14074074074074075,0.13970588235294118,0.4785772029102668,0.15613382899628253,0.3088235294117647,0.4971705739692805
llama31-8b-base,gemma2-9b,geometry_of_truth,4,0.8238375900458416,0.5890635232481991,438,2917,413,0.1415838189921152,0.9741643394781425,0.36116620187361237,0.18499692692228087,0.6129981376045301,0.5017892644135189,2515,0.9726027397260274,0.34382566585956414,0.5582504970178926,0.9554794520547946,0.6755447941888619,0.6127236580516898,0.6380789022298456,0.9007263922518159,0.6497017892644135
llama31-8b-base,gemma2-9b,imdb,4,0.5558276199804114,0.6674828599412341,593,2394,511,0.2134502923976608,0.6350911908278105,0.5069428494522522,0.11499543768274623,0.1281483413755583,0.2964,2500,0.4083333333333333,0.0958904109589041,0.316,0.38493723849372385,0.18003913894324852,0.3332,0.34029227557411273,0.31898238747553814,0.3616
llama31-8b-base,gemma2-9b,rte,4,0.6628348214285714,0.61171875,656,142,34,0.23943661971830985,0.6571350762527233,0.5251225490196079,0.06444254434732824,0.1320125272331154,0.2748091603053435,131,0.7142857142857143,0.14705882352941177,0.31297709923664124,0.5,0.20588235294117646,0.3282442748091603,0.39285714285714285,0.3235294117647059,0.35877862595419846
llama31-8b-base,gemma2-9b,truthfulqa,4,0.7129879695556102,0.6189540878958998,573,756,264,0.3492063492063492,0.5749183912293668,0.4988624815225425,0.04538294994167142,0.07605590970682435,0.4773561811505508,817,0.4473684210526316,0.06439393939393939,0.4981640146878825,0.3815789473684211,0.10984848484848485,0.5128518971848225,0.3576158940397351,0.20454545454545456,0.543451652386781
llama31-8b-base,gemma4-12b,boolq,4,0.6969570072585148,0.6072026800670016,1147,1281,348,0.2716627634660422,0.5782637887915636,0.507024522304764,0.030295605246890643,0.07123926648679957,0.5755860953920776,1237,0.46875,0.08620689655172414,0.5998383185125303,0.390625,0.14367816091954022,0.6160064672594988,0.359375,0.26436781609195403,0.6499595796281326
llama31-8b-base,gemma4-12b,geometry_of_truth,4,0.8238375900458416,0.7917485265225933,1408,3506,1506,0.4295493439817456,0.841480411686587,0.5510226593625498,0.08532478840388716,0.29045775232403725,0.23856858846918488,2515,0.9657142857142857,0.11221779548472775,0.30576540755467196,0.9601139601139601,0.22377158034528552,0.37256461232604376,0.9315263908701854,0.43359893758300133,0.4982107355864811
llama31-8b-base,gemma4-12b,imdb,4,0.5558276199804114,0.5009794319294809,753,1626,568,0.34932349323493234,0.45031650203679546,0.5267637250725525,0.06831671876035943,-0.07644722303575707,0.406,2500,0.18518518518518517,0.02640845070422535,0.412,0.22699386503067484,0.06514084507042253,0.4208,0.2523076923076923,0.1443661971830986,0.4388
llama31-8b-base,gemma4-12b,rte,4,0.6628348214285714,0.5954241071428571,1551,126,49,0.3888888888888889,0.6151603498542274,0.4613702623906705,0.07116103166185772,0.15379008746355688,0.33587786259541985,131,0.8333333333333334,0.10204081632653061,0.37404580152671757,0.9230769230769231,0.24489795918367346,0.42748091603053434,0.72,0.3673469387755102,0.4732824427480916
llama31-8b-base,gemma4-12b,truthfulqa,4,0.7129879695556102,0.6350356002946231,1553,823,415,0.5042527339003645,0.48394164894873615,0.5184443656980864,0.04268985711196024,-0.03450271674935024,0.35862913096695226,817,0.3170731707317073,0.03132530120481928,0.37454100367197063,0.36585365853658536,0.07228915662650602,0.3953488372093023,0.40606060606060607,0.1614457831325301,0.44063647490820074
llama31-8b-base,gemma4-12b-base,boolq,4,0.6969570072585148,0.32858738135120047,192,958,193,0.20146137787056367,0.5618138101527312,0.5042280470046395,0.034324951247162824,0.05758576314809172,0.423605497170574,1237,0.16666666666666666,0.04145077720207254,0.43007275666936134,0.17708333333333334,0.08808290155440414,0.4373484236054972,0.22916666666666666,0.22797927461139897,0.45917542441390463
llama31-8b-base,gemma4-12b-base,geometry_of_truth,4,0.8238375900458416,0.8040275049115914,1418,3233,730,0.22579647386328489,0.8628292624193434,0.4287712279511162,0.04845723635994018,0.4340580344682272,0.679920477137177,2515,1.0,0.2219178082191781,0.7443339960238569,0.9845201238390093,0.43561643835616437,0.806361829025845,0.7882534775888718,0.6986301369863014,0.882703777335984
llama31-8b-base,gemma4-12b-base,imdb,4,0.5558276199804114,0.5584394384590271,778,2165,614,0.2836027713625866,0.43570503006361344,0.5080645669390559,0.05216984311130001,-0.07235953687544244,0.2768,2500,0.12037037037037036,0.021172638436482084,0.282,0.1527777777777778,0.05374592833876222,0.29,0.19399538106235567,0.13680781758957655,0.3104
llama31-8b-base,gemma4-12b-base,rte,4,0.6628348214285714,0.7073660714285714,1582,167,49,0.2934131736526946,0.6285022483569699,0.4933414043583535,0.03730874197745498,0.1351608439986164,0.2366412213740458,131,0.625,0.10204081632653061,0.2748091603053435,0.5882352941176471,0.20408163265306123,0.31297709923664124,0.45454545454545453,0.30612244897959184,0.3511450381679389
llama31-8b-base,gemma4-12b-base,truthfulqa,4,0.7129879695556102,0.7275963663147557,1568,959,476,0.49635036496350365,0.5545044104598361,0.5292356072863927,0.03404540505168592,0.025268803173443377,0.27539779681762544,817,0.5625,0.05672268907563025,0.3084455324357405,0.5520833333333334,0.11134453781512606,0.3402692778457772,0.5260416666666666,0.21218487394957983,0.3990208078335373
llama31-8b-base,gemma4-31b,boolq,3,0.5240153698366955,0.36743515850144093,293,463,75,0.16198704103671707,0.4696907216494845,0.4791151202749141,0.024903983908611402,-0.009424398625429597,0.540016168148747,1237,0.13043478260869565,0.04,0.5424413904607922,0.13043478260869565,0.08,0.5448666127728375,0.11827956989247312,0.14666666666666667,0.5489086499595797
llama31-8b-base,gemma4-31b,geometry_of_truth,3,0.666023166023166,0.6576576576576577,505,2733,1278,0.4676180021953897,0.7769662649436135,0.5139659261410388,0.04882889019857823,0.2630003388025748,0.19324055666003975,2515,0.9854014598540146,0.1056338028169014,0.24691848906560637,0.9487179487179487,0.202660406885759,0.2962226640159046,0.8592321755027422,0.3677621283255086,0.3801192842942346
llama31-8b-base,gemma4-31b,rte,3,0.5503355704697986,0.4444630872483222,672,100,38,0.38,0.6426146010186757,0.5290747028862479,0.07609913847572235,0.11353989813242782,0.2366412213740458,131,1.0,0.13157894736842105,0.2748091603053435,0.7,0.18421052631578946,0.2900763358778626,0.5,0.2631578947368421,0.31297709923664124
llama31-8b-base,gemma4-31b,truthfulqa,3,0.5511076564321803,0.4325689856198989,567,548,271,0.49452554744525545,0.46660982855315924,0.49914409793917436,0.03184164021773977,-0.03253426938601511,0.3108935128518972,817,0.37037037037037035,0.03690036900369004,0.32313341493268055,0.38181818181818183,0.07749077490774908,0.33659730722154224,0.42727272727272725,0.17343173431734318,0.3684210526315789
llama31-8b-base,llama-8b,boolq,4,0.6969570072585148,0.7490228922389727,1240,1981,452,0.2281675921251893,0.5354864941514206,0.4939915324377666,0.020214025300173473,0.041494961713653966,0.33063864187550523,1237,0.3333333333333333,0.07300884955752213,0.35731608730800324,0.2828282828282828,0.12389380530973451,0.375909458367017,0.2777777777777778,0.24336283185840707,0.4195634599838319
llama31-8b-base,llama-8b,geometry_of_truth,4,0.8238375900458416,0.5792403405370007,386,2858,356,0.1245626312106368,0.9693582212881381,0.40200844942023906,0.26692590061708027,0.567349771867899,0.5284294234592445,2515,0.9020979020979021,0.36235955056179775,0.5797216699801193,0.8461538461538461,0.6797752808988764,0.6246520874751491,0.5856643356643356,0.9410112359550562,0.6616302186878728
llama31-8b-base,llama-8b,imdb,4,0.5558276199804114,0.6913157035586027,804,2474,582,0.23524656426839127,0.5047741258182399,0.5164290501514788,0.11618630020636544,-0.011654924333238892,0.2808,2500,0.24193548387096775,0.05154639175257732,0.2928,0.23076923076923078,0.0979381443298969,0.3036,0.23434343434343435,0.19931271477663232,0.3272
llama31-8b-base,llama-8b,rte,4,0.6628348214285714,0.7657366071428572,1617,174,53,0.3045977011494253,0.6298144394199283,0.526430687665679,0.0726099171667105,0.1033837517542493,0.2366412213740458,131,0.5555555555555556,0.09433962264150944,0.2748091603053435,0.6470588235294118,0.20754716981132076,0.32061068702290074,0.5142857142857142,0.33962264150943394,0.37404580152671757
llama31-8b-base,llama-8b,truthfulqa,4,0.7129879695556102,0.7809968082494476,1599,1031,502,0.486905916585839,0.47579813072850374,0.5276963977737443,0.042684246113972486,-0.05189826704524059,0.23011015911872704,817,0.34615384615384615,0.035856573705179286,0.2521419828641371,0.33980582524271846,0.0697211155378486,0.2729498164014688,0.3883495145631068,0.1593625498007968,0.32802937576499386
llama31-8b-base,llama31-405b,boolq,4,0.6969570072585148,0.6517308766052484,720,1685,240,0.142433234421365,0.5713350634371396,0.5159537197231835,0.022349573147176057,0.05538134371395609,0.46725949878738887,1237,0.2261904761904762,0.07916666666666666,0.4826192400970089,0.18452380952380953,0.12916666666666668,0.49232012934519,0.18397626112759644,0.25833333333333336,0.5173807599029911
llama31-8b-base,llama31-405b,geometry_of_truth,4,0.8238375900458416,0.39996725605762934,159,2008,10,0.0049800796812749,0.4296796796796797,0.5764889889889889,0.23163248159142075,-0.14680930930930924,0.6481113320079522,2515,0.0,0.0,0.6481113320079522,0.0,0.0,0.6481113320079522,0.0,0.0,0.6481113320079522
llama31-8b-base,llama31-405b,imdb,4,0.5558276199804114,0.683643486777669,596,2407,518,0.21520565018695473,0.5253888086074429,0.4796191014428177,0.05140741726345861,0.04576970716462514,0.3228,2500,0.26666666666666666,0.06177606177606178,0.3356,0.2863070539419087,0.13320463320463322,0.3504,0.2661122661122661,0.2471042471042471,0.374
llama31-8b-base,llama31-405b,rte,4,0.6628348214285714,0.7143973214285714,1120,162,46,0.2839506172839506,0.7766116941529235,0.5020146176911544,0.024100615540220978,0.2745970764617691,0.2595419847328244,131,0.875,0.15217391304347827,0.31297709923664124,0.875,0.30434782608695654,0.366412213740458,0.59375,0.41304347826086957,0.40458015267175573
llama31-8b-base,llama31-405b,truthfulqa,4,0.7129879695556102,0.7527620918242082,1242,912,364,0.3991228070175439,0.7090719499478624,0.5639939440121922,0.08660207135011405,0.14507800593567022,0.3769889840881273,817,0.6739130434782609,0.08516483516483517,0.4149326805385557,0.6593406593406593,0.16483516483516483,0.4504283965728274,0.6263736263736264,0.3131868131868132,0.5165238678090576
llama31-8b-base,llama31-70b,boolq,4,0.6969570072585148,0.7279452819653824,1067,1872,332,0.17735042735042736,0.5917149115944297,0.5085129478954781,0.03869981872918791,0.08320196369895161,0.41390460792239286,1237,0.2872340425531915,0.08132530120481928,0.4357316087308003,0.25133689839572193,0.14156626506024098,0.4518997574777688,0.25133689839572193,0.28313253012048195,0.4898949070331447
llama31-8b-base,llama31-70b,geometry_of_truth,4,0.8238375900458416,0.5862802881466929,371,2901,398,0.13719407100999656,0.9154512072949647,0.4044653952944908,0.18808712696364221,0.5109858120004738,0.5093439363817097,2515,0.9793103448275862,0.35678391959798994,0.5658051689860835,0.8586206896551725,0.6256281407035176,0.6083499005964215,0.5327586206896552,0.7763819095477387,0.6322067594433399
llama31-8b-base,llama31-70b,imdb,4,0.5558276199804114,0.7068233757753836,682,2491,599,0.2404656764351666,0.6019069838031674,0.48106670913820426,0.03802210379768708,0.12084027466496317,0.3008,2500,0.328,0.06844741235392321,0.3172,0.3172690763052209,0.1318864774624374,0.3324,0.3112449799196787,0.2587646076794658,0.3628
llama31-8b-base,llama31-70b,rte,4,0.6628348214285714,0.7806919642857143,1479,172,53,0.3081395348837209,0.8682416362771523,0.45449500554938954,0.05758309971930546,0.4137466307277628,0.25190839694656486,131,0.8888888888888888,0.1509433962264151,0.31297709923664124,0.9411764705882353,0.3018867924528302,0.37404580152671757,0.7941176470588235,0.5094339622641509,0.4580152671755725
llama31-8b-base,llama31-70b,truthfulqa,4,0.7129879695556102,0.7976921188313283,1463,985,441,0.44771573604060916,0.7155820661597972,0.4321666166466586,0.039201676399706856,0.28341544951313863,0.2962056303549572,817,0.7551020408163265,0.08390022675736962,0.34149326805385555,0.7244897959183674,0.16099773242630386,0.38310893512851896,0.6903553299492385,0.30839002267573695,0.46266829865361075
llama31-8b-base,llama31-70b-base,boolq,4,0.6969570072585148,0.6062255723059743,686,1581,379,0.23972169512966476,0.5937312043691472,0.47406367575588615,0.02085013380152715,0.11966752861326102,0.3920776071139854,1237,0.43037974683544306,0.08970976253298153,0.4195634599838319,0.3987341772151899,0.1662269129287599,0.44300727566693615,0.3575949367088608,0.29815303430079154,0.4834276475343573
llama31-8b-base,llama31-70b-base,geometry_of_truth,4,0.8238375900458416,0.48952193844138836,496,2249,439,0.19519786571809694,0.948472797291685,0.4996718433405908,0.13346092202343138,0.4488009539510942,0.5598409542743539,2515,0.9910714285714286,0.2528473804100228,0.6039761431411531,0.9511111111111111,0.4874715261958998,0.6449304174950298,0.76,0.7790432801822323,0.6958250497017893
llama31-8b-base,llama31-70b-base,imdb,4,0.5558276199804114,0.6658504733920992,693,2240,586,0.26160714285714287,0.3054690047088246,0.5059017646743235,0.06346286279352327,-0.20043275996549886,0.3584,2500,0.03571428571428571,0.006825938566552901,0.36,0.044642857142857144,0.017064846416382253,0.3624,0.08258928571428571,0.06313993174061433,0.3732
llama31-8b-base,llama31-70b-base,rte,4,0.6628348214285714,0.7425223214285714,1433,158,46,0.2911392405063291,0.6892468944099379,0.48015333850931674,0.0333727833613318,0.20909355590062118,0.3511450381679389,131,0.625,0.10869565217391304,0.3893129770992366,0.625,0.21739130434782608,0.42748091603053434,0.59375,0.41304347826086957,0.4961832061068702
llama31-8b-base,llama31-70b-base,truthfulqa,4,0.7129879695556102,0.7568131598330469,1412,915,414,0.4524590163934426,0.6150115228480237,0.5259565410242317,0.03569079917157937,0.08905498182379201,0.3574051407588739,817,0.5652173913043478,0.06280193236714976,0.38922888616891066,0.5978260869565217,0.13285024154589373,0.42472460220318237,0.5519125683060109,0.24396135265700483,0.4810281517747858
