overseer,target,held_out,n_pool_datasets,pos_rate_overseer,pos_rate_target,row2_fit_n,both_true_test_n,row2_test_n,base_rate,direction_auroc,shuffled_auroc,shuffled_sd,margin,router_coverage,n_false,prec_05,recall_05,caught_05,prec_10,recall_10,caught_10,prec_20,recall_20,caught_20
gemma2-9b,gemma4-12b,boolq,4,0.510748185371301,0.518425460636516,110,890,137,0.15393258426966291,0.5714562673878694,0.5124102131619507,0.026236851933812453,0.05904605422591869,0.48827809215844786,1237,0.22727272727272727,0.072992700729927,0.4963621665319321,0.21348314606741572,0.1386861313868613,0.5036378334680679,0.20786516853932585,0.27007299270072993,0.5181891673403395
gemma2-9b,gemma4-12b,geometry_of_truth,4,0.5566470203012442,0.6962999345121152,229,1991,249,0.12506278252134606,0.909103693764726,0.5932126900253136,0.24472416210045217,0.31589100373941237,0.6155069582504971,2515,0.83,0.3333333333333333,0.6485089463220676,0.7236180904522613,0.5783132530120482,0.6727634194831014,0.507537688442211,0.8112449799196787,0.6958250497017893
gemma2-9b,gemma4-12b,imdb,4,0.5525628468821417,0.6547502448579824,185,1827,242,0.1324575807334428,0.5658576009594076,0.4968975675887061,0.03797330068438978,0.0689600333707015,0.5964,2500,0.2087912087912088,0.07851239669421488,0.604,0.18579234972677597,0.14049586776859505,0.61,0.16986301369863013,0.256198347107438,0.6212
gemma2-9b,gemma4-12b,rte,4,0.5388392857142857,0.6352678571428572,235,92,20,0.21739130434782608,0.48125,0.4848958333333334,0.06384617948958787,-0.0036458333333334036,0.5725190839694656,131,0.2,0.05,0.5801526717557252,0.2222222222222222,0.1,0.5877862595419847,0.2222222222222222,0.2,0.6030534351145038
gemma2-9b,gemma4-12b,truthfulqa,4,0.5412472379081757,0.650748833783452,199,583,189,0.3241852487135506,0.5697096661563666,0.4944337012864931,0.045050143334237396,0.07527596486987354,0.5507955936352509,817,0.3793103448275862,0.0582010582010582,0.5642594859241126,0.41379310344827586,0.12698412698412698,0.5801713586291309,0.37606837606837606,0.2328042328042328,0.6046511627906976
gemma2-9b,gemma4-12b-base,boolq,4,0.510748185371301,0.5128419877163596,98,1190,127,0.10672268907563025,0.5573958711416953,0.4868093569677261,0.025302644208056356,0.07058651417396922,0.28213419563459985,1237,0.15,0.07086614173228346,0.28940986257073564,0.12605042016806722,0.11811023622047244,0.2942603071948262,0.1134453781512605,0.2125984251968504,0.3039611964430073
gemma2-9b,gemma4-12b-base,geometry_of_truth,4,0.5566470203012442,0.6164047151277013,198,2712,212,0.07817109144542773,0.911311320754717,0.3762641509433962,0.15279828409703267,0.5350471698113208,0.1848906560636183,2515,0.7867647058823529,0.5047169811320755,0.22743538767395627,0.5645756457564576,0.7216981132075472,0.24572564612326045,0.3413284132841328,0.8726415094339622,0.2584493041749503
gemma2-9b,gemma4-12b-base,imdb,4,0.5525628468821417,0.6015344433561868,162,2128,269,0.12640977443609022,0.508077852944882,0.5540483251378304,0.04881575126247045,-0.045970472192948475,0.366,2500,0.07547169811320754,0.02973977695167286,0.3692,0.0892018779342723,0.07063197026022305,0.3736,0.11032863849765258,0.17472118959107807,0.3848
gemma2-9b,gemma4-12b-base,rte,4,0.5388392857142857,0.5702008928571428,201,111,18,0.16216216216216217,0.586021505376344,0.4516129032258064,0.07991840325141969,0.13440860215053763,0.32061068702290074,131,0.0,0.0,0.32061068702290074,0.09090909090909091,0.05555555555555555,0.3282442748091603,0.2727272727272727,0.3333333333333333,0.366412213740458
gemma2-9b,gemma4-12b-base,truthfulqa,4,0.5412472379081757,0.5709550699729928,175,609,208,0.3415435139573071,0.6021724534816804,0.4851033474007289,0.07508556208515085,0.11706910608095145,0.3537331701346389,817,0.4666666666666667,0.0673076923076923,0.3708690330477356,0.39344262295081966,0.11538461538461539,0.38310893512851896,0.4098360655737705,0.2403846153846154,0.4149326805385557
gemma2-9b,gemma4-31b,boolq,3,0.5086455331412104,0.5062439961575408,52,1047,128,0.12225405921680993,0.5101077937976061,0.5298515710010882,0.02407457242530323,-0.019743777203482082,0.3241713823767179,1237,0.11538461538461539,0.046875,0.3290218270008084,0.10476190476190476,0.0859375,0.3330638641875505,0.11483253588516747,0.1875,0.34357316087308004
gemma2-9b,gemma4-31b,geometry_of_truth,3,0.6023166023166023,0.6444658944658944,126,2304,453,0.19661458333333334,0.9492285656700095,0.41988102606669264,0.21325450147818742,0.5293475396033168,0.3976143141153082,2515,0.9304347826086956,0.23620309050772628,0.4401590457256461,0.908695652173913,0.4613686534216336,0.48071570576540756,0.8611713665943601,0.8763796909492274,0.5554671968190855
gemma2-9b,gemma4-31b,rte,3,0.5508389261744966,0.5731543624161074,124,109,25,0.22935779816513763,0.62,0.5361904761904762,0.034353438403727954,0.08380952380952378,0.366412213740458,131,0.6,0.12,0.3893129770992366,0.5454545454545454,0.24,0.4122137404580153,0.3181818181818182,0.28,0.4198473282442748
gemma2-9b,gemma4-31b,truthfulqa,3,0.5590750097162845,0.5864749319860085,100,579,226,0.3903281519861831,0.5763869738524405,0.4835136253102359,0.04760557204426068,0.09287334854220464,0.4908200734394125,817,0.6551724137931034,0.084070796460177,0.5140758873929009,0.603448275862069,0.15486725663716813,0.5336597307221542,0.5172413793103449,0.26548672566371684,0.5642594859241126
gemma2-9b,llama31-405b,boolq,4,0.510748185371301,0.5117252931323283,105,1309,79,0.060351413292589765,0.5408562313471237,0.49017958217556856,0.0442377135339294,0.05067664917155512,0.18593371059013744,1237,0.06153846153846154,0.05063291139240506,0.18916734033953111,0.06870229007633588,0.11392405063291139,0.19320937752627323,0.06870229007633588,0.22784810126582278,0.20048504446240906
gemma2-9b,llama31-405b,geometry_of_truth,4,0.5566470203012442,0.5504256712508186,146,2634,129,0.0489749430523918,0.9577279549428275,0.46498553281034827,0.26926835800552207,0.4927424221324792,0.1168986083499006,2515,0.5833333333333334,0.5968992248062015,0.14751491053677931,0.38022813688212925,0.7751937984496124,0.15666003976143142,0.2333965844402277,0.9534883720930233,0.1658051689860835
gemma2-9b,llama31-405b,imdb,4,0.5525628468821417,0.5430950048971597,105,2609,225,0.08623993867382139,0.4673322147651007,0.44016638702460853,0.07948894184520311,0.027165827740492143,0.074,2500,0.08461538461538462,0.04888888888888889,0.0784,0.0842911877394636,0.09777777777777778,0.0828,0.07854406130268199,0.18222222222222223,0.0904
gemma2-9b,llama31-405b,rte,4,0.5388392857142857,0.5334821428571429,159,120,12,0.1,0.7199074074074074,0.5075231481481481,0.03003999340227031,0.2123842592592593,0.24427480916030533,131,0.3333333333333333,0.16666666666666666,0.2595419847328244,0.25,0.25,0.26717557251908397,0.25,0.5,0.2900763358778626
gemma2-9b,llama31-405b,truthfulqa,4,0.5412472379081757,0.5379327277191259,145,696,156,0.22413793103448276,0.5952635327635328,0.5489850427350427,0.05612262341687718,0.04627849002849016,0.24724602203182375,817,0.5428571428571428,0.12179487179487179,0.27050183598531213,0.4142857142857143,0.1858974358974359,0.2827417380660955,0.34532374100719426,0.3076923076923077,0.30599755201958384
gemma2-9b,llama31-70b,boolq,4,0.510748185371301,0.5093523171412618,110,1193,115,0.09639564124056998,0.5798499637008954,0.5144994756795999,0.045568475018119364,0.0653504880212955,0.23524656426839127,1237,0.08333333333333333,0.043478260869565216,0.2392886014551334,0.09243697478991597,0.09565217391304348,0.24413904607922393,0.13807531380753138,0.28695652173913044,0.26192400970088925
gemma2-9b,llama31-70b,geometry_of_truth,4,0.5566470203012442,0.5517354289456451,174,2718,208,0.07652685798381163,0.9390380784554091,0.6709675720196139,0.24298567124303153,0.2680705064357952,0.054473161033797214,2515,0.7867647058823529,0.5144230769230769,0.09701789264413518,0.5661764705882353,0.7403846153846154,0.11570576540755467,0.33455882352941174,0.875,0.1268389662027833
gemma2-9b,llama31-70b,imdb,4,0.5525628468821417,0.549624551093699,133,2633,248,0.09418913786555261,0.5578295124095489,0.4799984783931832,0.05497203785815231,0.07783103401636571,0.07,2500,0.11363636363636363,0.06048387096774194,0.076,0.11026615969581749,0.11693548387096774,0.0816,0.12903225806451613,0.27419354838709675,0.0972
gemma2-9b,llama31-70b,rte,4,0.5388392857142857,0.5348214285714286,178,128,16,0.125,0.5719866071428571,0.5080915178571428,0.03405961279247056,0.0638950892857143,0.16793893129770993,131,0.3333333333333333,0.125,0.183206106870229,0.23076923076923078,0.1875,0.19083969465648856,0.15384615384615385,0.25,0.1984732824427481
gemma2-9b,llama31-70b,truthfulqa,4,0.5412472379081757,0.5390375644488092,157,695,196,0.2820143884892086,0.5057768598421333,0.49306521205676657,0.005414959986151168,0.012711647785366709,0.23623011015911874,817,0.22857142857142856,0.04081632653061224,0.2460220318237454,0.34285714285714286,0.12244897959183673,0.26560587515299877,0.2949640287769784,0.20918367346938777,0.2864137086903305
gemma2-9b,llama31-70b-base,boolq,4,0.510748185371301,0.5142378559463987,111,1197,116,0.09690893901420217,0.5186768317968675,0.49727264027560686,0.03137714137205993,0.021404191521260663,0.26919967663702504,1237,0.1,0.05172413793103448,0.2740501212611156,0.058333333333333334,0.0603448275862069,0.274858528698464,0.100418410041841,0.20689655172413793,0.28860145513338725
gemma2-9b,llama31-70b-base,geometry_of_truth,4,0.5566470203012442,0.5764571054354944,185,2732,226,0.08272327964860908,0.7716665842685518,0.5685522886664924,0.3287502060059333,0.2031142956020594,0.09145129224652088,2515,0.39416058394160586,0.23893805309734514,0.11292246520874752,0.30036630036630035,0.36283185840707965,0.12405566600397615,0.21611721611721613,0.5221238938053098,0.13836978131212724
gemma2-9b,llama31-70b-base,imdb,4,0.5525628468821417,0.5677440417890957,142,2318,260,0.11216566005176877,0.5347985347985347,0.578209800403678,0.10130419643485027,-0.0434112656051433,0.2232,2500,0.13793103448275862,0.06153846153846154,0.2296,0.14224137931034483,0.12692307692307692,0.2364,0.13577586206896552,0.2423076923076923,0.2484
gemma2-9b,llama31-70b-base,rte,4,0.5388392857142857,0.54921875,191,122,19,0.1557377049180328,0.6142054164537557,0.48288196218702095,0.030124359430181602,0.13132345426673475,0.22900763358778625,131,0.3333333333333333,0.10526315789473684,0.24427480916030533,0.25,0.15789473684210525,0.25190839694656486,0.2916666666666667,0.3684210526315789,0.2824427480916031
gemma2-9b,llama31-70b-base,truthfulqa,4,0.5412472379081757,0.5535232015713234,154,636,197,0.30974842767295596,0.5237561139183423,0.47859405894800133,0.025692459794934588,0.04516205497034098,0.27906976744186046,817,0.28125,0.04568527918781726,0.29008567931456547,0.328125,0.1065989847715736,0.3047735618115055,0.29133858267716534,0.18781725888324874,0.3243574051407589
gemma2-9b,qwen3-32b,boolq,4,0.510748185371301,0.5099106644332775,118,1257,85,0.06762132060461416,0.49459947801646253,0.4855902429231078,0.023946836362102052,0.009009235093354717,0.19725141471301536,1237,0.047619047619047616,0.03529411764705882,0.19967663702506064,0.05555555555555555,0.08235294117647059,0.2029102667744543,0.043824701195219126,0.12941176470588237,0.206143896523848
gemma2-9b,qwen3-32b,geometry_of_truth,4,0.5566470203012442,0.558120497707924,195,2652,142,0.053544494720965306,0.9410751360754167,0.39271715953089054,0.18311534996594825,0.5483579765445261,0.11968190854870775,2515,0.518796992481203,0.4859154929577465,0.147117296222664,0.3622641509433962,0.676056338028169,0.15785288270377734,0.24150943396226415,0.9014084507042254,0.1705765407554672
gemma2-9b,qwen3-32b,imdb,4,0.5525628468821417,0.5527260855370552,130,2618,256,0.09778456837280367,0.5315741426756986,0.552546669930144,0.1250244678467208,-0.020972527254445428,0.08,2500,0.06870229007633588,0.03515625,0.0836,0.09541984732824428,0.09765625,0.09,0.1049618320610687,0.21484375,0.102
gemma2-9b,qwen3-32b,rte,4,0.5388392857142857,0.5383928571428571,200,126,12,0.09523809523809523,0.5095029239766082,0.43932748538011696,0.06891922033042097,0.07017543859649128,0.17557251908396945,131,0.0,0.0,0.17557251908396945,0.07692307692307693,0.08333333333333333,0.183206106870229,0.16,0.3333333333333333,0.20610687022900764
gemma2-9b,qwen3-32b,truthfulqa,4,0.5412472379081757,0.5406334397250184,175,685,184,0.2686131386861314,0.575056408921288,0.5004257788770285,0.025416929011790858,0.0746306300442594,0.22399020807833536,817,0.3235294117647059,0.059782608695652176,0.23745410036719705,0.39705882352941174,0.14673913043478262,0.25703794369645044,0.35766423357664234,0.266304347826087,0.2839657282741738
gemma2-9b,qwen38-27b,boolq,3,0.5086455331412104,0.5072046109510087,48,1220,111,0.09098360655737706,0.48073501815611824,0.524409215346997,0.029477103473353323,-0.04367419719087878,0.22473726758286175,1237,0.08196721311475409,0.04504504504504504,0.22877930476960387,0.09016393442622951,0.0990990990990991,0.23362974939369444,0.0778688524590164,0.17117117117117117,0.2400970088924818
gemma2-9b,qwen38-27b,geometry_of_truth,3,0.6023166023166023,0.5962033462033463,106,2862,356,0.1243885394828791,0.2202657442363048,0.33481302178143246,0.09396041013092242,-0.11454727754512767,0.11769383697813121,2515,0.027972027972027972,0.011235955056179775,0.11928429423459244,0.013986013986013986,0.011235955056179775,0.11928429423459244,0.006993006993006993,0.011235955056179775,0.11928429423459244
gemma2-9b,qwen38-27b,rte,3,0.5508389261744966,0.5463087248322148,121,116,9,0.07758620689655173,0.6053997923156802,0.5150571131879543,0.08394211240161908,0.09034267912772587,0.2824427480916031,131,0.3333333333333333,0.2222222222222222,0.29770992366412213,0.25,0.3333333333333333,0.3053435114503817,0.13043478260869565,0.3333333333333333,0.3053435114503817
gemma2-9b,qwen38-27b,truthfulqa,3,0.5590750097162845,0.5540225417800233,94,663,199,0.30015082956259426,0.566647894645642,0.514980614278288,0.06046653877621292,0.05166728036735402,0.30599755201958384,817,0.3333333333333333,0.05527638190954774,0.31946144430844553,0.3181818181818182,0.10552763819095477,0.3317013463892289,0.3383458646616541,0.22613065326633167,0.36107711138310894
gemma4-12b,gemma4-12b-base,boolq,4,0.6072026800670016,0.3285873813512004,94,426,79,0.1854460093896713,0.4871046583737642,0.5032648743296976,0.0284109338118574,-0.0161602159559333,0.6612772837510105,1237,0.0952380952380952,0.0253164556962025,0.6628940986257074,0.1627906976744186,0.0886075949367088,0.6669361358124495,0.188235294117647,0.2025316455696202,0.6742118027485853
gemma4-12b,gemma4-12b-base,geometry_of_truth,4,0.7917485265225933,0.8040275049115914,1401,3023,1014,0.3354283824015878,0.9104989087567484,0.4116261095288165,0.1135337454587536,0.4988727992279317,0.5860834990059642,2515,0.9735099337748344,0.1449704142011834,0.6445328031809145,0.9801324503311258,0.291913214990138,0.7037773359840954,0.9206611570247932,0.5493096646942801,0.8075546719681909
gemma4-12b,gemma4-12b-base,imdb,4,0.5009794319294809,0.5584394384590271,766,1728,706,0.4085648148148148,0.4971075433937788,0.4946800696296214,0.0542413031767206,0.0024274737641573,0.3588,2500,0.4534883720930232,0.0552407932011331,0.3744,0.4104046242774566,0.1005665722379603,0.3872,0.4132947976878612,0.2025495750708215,0.416
gemma4-12b,gemma4-12b-base,rte,4,0.5954241071428571,0.7073660714285714,1571,129,50,0.3875968992248062,0.6311392405063292,0.4757594936708861,0.0456863396207689,0.1553797468354431,0.3587786259541984,131,0.6666666666666666,0.08,0.3893129770992366,0.5384615384615384,0.14,0.4122137404580153,0.4615384615384615,0.24,0.4503816793893129
gemma4-12b,gemma4-12b-base,truthfulqa,4,0.6350356002946231,0.7275963663147557,1551,787,363,0.4612452350698856,0.5362219969852903,0.5136376630802016,0.0284086891485282,0.0225843339050886,0.430844553243574,817,0.5641025641025641,0.0606060606060606,0.4577723378212974,0.5443037974683544,0.1184573002754821,0.4834761321909425,0.5222929936305732,0.2258953168044077,0.5312117503059975
gemma4-12b,gemma4-31b,boolq,3,0.4939961575408261,0.3674351585014409,250,835,264,0.3161676646706587,0.4830042986785544,0.4898918033221886,0.0118851318464885,-0.0068875046436342,0.3556992724333064,1237,0.3809523809523809,0.0606060606060606,0.3686337914308811,0.369047619047619,0.1174242424242424,0.3807599029911075,0.2874251497005988,0.1818181818181818,0.3945028294260307
gemma4-12b,gemma4-31b,geometry_of_truth,3,0.6644144144144144,0.6576576576576577,504,2779,1447,0.5206908960057575,0.5798960674565374,0.4973285310189249,0.0407097495997145,0.0825675364376125,0.1872763419483101,2515,0.6330935251798561,0.0608154803040774,0.2222664015904572,0.658273381294964,0.1264685556323427,0.2600397614314115,0.6258992805755396,0.2404975812024879,0.3256461232604374
gemma4-12b,gemma4-31b,rte,3,0.4926174496644295,0.4444630872483222,685,105,53,0.5047619047619047,0.6302612481857764,0.5107039187227866,0.0347285221350333,0.1195573294629898,0.1450381679389313,131,0.8,0.0754716981132075,0.1755725190839694,0.8,0.1509433962264151,0.2061068702290076,0.6666666666666666,0.2641509433962264,0.2519083969465648
gemma4-12b,gemma4-31b,truthfulqa,3,0.4656043528954527,0.4325689856198989,566,507,242,0.4773175542406311,0.4552627475440512,0.4844144706065804,0.0289212283618948,-0.0291517230625291,0.2741738066095471,817,0.4,0.0413223140495867,0.2864137086903305,0.4509803921568627,0.0950413223140495,0.3023255813953488,0.4257425742574257,0.1776859504132231,0.3268053855569155
gemma4-12b,llama31-405b,boolq,4,0.518425460636516,0.5117252931323283,80,919,88,0.0957562568008705,0.6030521824745652,0.5417487145826496,0.013428098112997732,0.06130346789191554,0.49474535165723527,1237,0.21739130434782608,0.11363636363636363,0.5028294260307195,0.14130434782608695,0.14772727272727273,0.5052546483427648,0.10869565217391304,0.22727272727272727,0.5109135004042037
gemma4-12b,llama31-405b,geometry_of_truth,4,0.6962999345121152,0.5504256712508186,149,1984,245,0.12348790322580645,0.9204750560373661,0.3773098543615261,0.08713175400510284,0.54316520167584,0.6083499005964215,2515,0.8383838383838383,0.33877551020408164,0.6413518886679921,0.7222222222222222,0.5836734693877551,0.6652087475149105,0.4811083123425693,0.7795918367346939,0.6842942345924453
gemma4-12b,llama31-405b,imdb,4,0.6547502448579824,0.5430950048971597,120,1797,187,0.10406232609905398,0.4767960939316438,0.5001154216627363,0.021537450548566612,-0.023319327731092465,0.608,2500,0.1,0.0481283422459893,0.6116,0.07777777777777778,0.0748663101604278,0.6136,0.0807799442896936,0.15508021390374332,0.6196
gemma4-12b,llama31-405b,rte,4,0.6352678571428572,0.5334821428571429,151,94,18,0.19148936170212766,0.6535087719298246,0.4992690058479532,0.06605898338297486,0.1542397660818714,0.6030534351145038,131,0.2,0.05555555555555555,0.6106870229007634,0.3333333333333333,0.16666666666666666,0.6259541984732825,0.3684210526315789,0.3888888888888889,0.6564885496183206
gemma4-12b,llama31-405b,truthfulqa,4,0.650748833783452,0.5379327277191259,140,578,158,0.27335640138408307,0.6195599758890897,0.492122513562387,0.11114991353026678,0.12743746232670272,0.5703794369645043,817,0.5517241379310345,0.10126582278481013,0.5899632802937577,0.4482758620689655,0.16455696202531644,0.602203182374541,0.45689655172413796,0.33544303797468356,0.6352509179926561
gemma4-12b,llama31-70b,boolq,4,0.518425460636516,0.5093523171412618,85,987,175,0.1773049645390071,0.5842364532019704,0.5129926108374385,0.018841301268845038,0.07124384236453185,0.46160064672594986,1237,0.20408163265306123,0.05714285714285714,0.4696847210994341,0.26262626262626265,0.14857142857142858,0.4826192400970089,0.24873096446700507,0.28,0.5012126111560227
gemma4-12b,llama31-70b,geometry_of_truth,4,0.6962999345121152,0.5517354289456451,178,1974,231,0.11702127659574468,0.8728693375853446,0.5281180380147679,0.26383069394649655,0.3447512995705767,0.6198807157057654,2515,0.7575757575757576,0.3246753246753247,0.6497017892644135,0.5939086294416244,0.5064935064935064,0.6664015904572564,0.41265822784810124,0.7056277056277056,0.6846918489065607
gemma4-12b,llama31-70b,imdb,4,0.6547502448579824,0.549624551093699,152,1802,197,0.10932297447280799,0.6128405838354128,0.5314064550816768,0.05249766018217976,0.08143412875373601,0.6144,2500,0.13333333333333333,0.06091370558375635,0.6192,0.16666666666666666,0.15228426395939088,0.6264,0.17222222222222222,0.3147208121827411,0.6392
gemma4-12b,llama31-70b,rte,4,0.6352678571428572,0.5348214285714286,188,89,15,0.16853932584269662,0.6342342342342342,0.4488738738738739,0.04822292453232645,0.1853603603603603,0.6335877862595419,131,0.25,0.06666666666666667,0.6412213740458015,0.3333333333333333,0.2,0.6564885496183206,0.2777777777777778,0.3333333333333333,0.6717557251908397
gemma4-12b,llama31-70b,truthfulqa,4,0.650748833783452,0.5390375644488092,161,597,206,0.34505862646566166,0.5306657065527772,0.4724474213492912,0.09425057907320658,0.05821828520348604,0.5397796817625459,817,0.36666666666666664,0.05339805825242718,0.5532435740514076,0.35,0.10194174757281553,0.565483476132191,0.3697478991596639,0.21359223300970873,0.5936352509179926
gemma4-12b,llama31-70b-base,boolq,4,0.518425460636516,0.5142378559463987,132,927,174,0.18770226537216828,0.5187449435972584,0.4960540977851048,0.029790930418073385,0.022690845812153637,0.4987873888439774,1237,0.17391304347826086,0.04597701149425287,0.5052546483427648,0.20430107526881722,0.10919540229885058,0.5141471301535974,0.20540540540540542,0.21839080459770116,0.5295068714632175
gemma4-12b,llama31-70b-base,geometry_of_truth,4,0.6962999345121152,0.5764571054354944,323,2059,316,0.15347255949490043,0.5098622337451071,0.5522796429842336,0.17955056292946392,-0.04241740923912651,0.6035785288270378,2515,0.36893203883495146,0.12025316455696203,0.6186878727634195,0.27184466019417475,0.17721518987341772,0.625844930417495,0.2111650485436893,0.27531645569620256,0.6381709741550696
gemma4-12b,llama31-70b-base,imdb,4,0.6547502448579824,0.5677440417890957,277,1870,478,0.2556149732620321,0.5529189510893089,0.4451291450247679,0.029121296582034002,0.10778980606454097,0.5524,2500,0.26595744680851063,0.05230125523012552,0.5624,0.31016042780748665,0.12133891213389121,0.5756,0.28342245989304815,0.2217573221757322,0.5948
gemma4-12b,llama31-70b-base,rte,4,0.6352678571428572,0.54921875,330,93,26,0.27956989247311825,0.5229621125143513,0.4645522388059701,0.04771787030646362,0.058409873708381244,0.5725190839694656,131,0.4,0.07692307692307693,0.5877862595419847,0.3333333333333333,0.11538461538461539,0.5954198473282443,0.3684210526315789,0.2692307692307692,0.6259541984732825
gemma4-12b,llama31-70b-base,truthfulqa,4,0.650748833783452,0.5535232015713234,265,628,247,0.39331210191082805,0.5541139341387995,0.5044736310795158,0.01915315446936812,0.049640303059283686,0.4847001223990208,817,0.5806451612903226,0.0728744939271255,0.5067319461444308,0.5396825396825397,0.13765182186234817,0.5263157894736842,0.4603174603174603,0.23481781376518218,0.5556915544675642
gemma4-12b,qwen3-32b,boolq,4,0.6072026800670016,0.7290619765494137,1043,1498,338,0.2256341789052069,0.5329320546827179,0.5030931187512753,0.0187095477639532,0.0298389359314426,0.4890864995957963,1237,0.2533333333333333,0.0562130177514792,0.5044462409054163,0.1933333333333333,0.0857988165680473,0.5125303152789006,0.2433333333333333,0.2159763313609467,0.5481002425222312
gemma4-12b,qwen3-32b,geometry_of_truth,4,0.7917485265225933,0.6421087098886706,549,2720,711,0.2613970588235294,0.9280173116895212,0.3806233412372873,0.1065006013927212,0.5473939704522337,0.5037773359840955,2515,0.9558823529411764,0.1828410689170183,0.5554671968190855,0.9117647058823528,0.3488045007032349,0.6023856858846919,0.8290441176470589,0.6343178621659634,0.6831013916500994
gemma4-12b,qwen3-32b,imdb,4,0.5009794319294809,0.717760365654587,695,1953,724,0.3707117255504352,0.7084646368381067,0.4623382775377727,0.0398471772237084,0.246126359300334,0.3752,2500,0.7857142857142857,0.106353591160221,0.406,0.7076923076923077,0.1906077348066298,0.4304,0.629156010230179,0.3397790055248619,0.4736
gemma4-12b,qwen3-32b,rte,4,0.5954241071428571,0.7856026785714286,1505,142,57,0.4014084507042254,0.8288957688338493,0.4876676986584106,0.0254453987727734,0.3412280701754386,0.3206106870229007,131,1.0,0.1228070175438596,0.3740458015267175,1.0,0.2456140350877192,0.4274809160305343,0.9642857142857144,0.4736842105263157,0.5267175572519084
gemma4-12b,qwen3-32b,truthfulqa,4,0.6350356002946231,0.8048121777559538,1473,860,350,0.4069767441860465,0.6460448179271708,0.5003417366946779,0.0358039272664154,0.1457030812324929,0.4357405140758874,817,0.7674418604651163,0.0942857142857142,0.4761321909424724,0.6744186046511628,0.1657142857142857,0.5067319461444308,0.6686046511627907,0.3285714285714285,0.576499388004896
gemma4-12b,qwen38-27b,boolq,3,0.4939961575408261,0.5835734870317003,179,852,102,0.1197183098591549,0.5585490196078431,0.4743856209150326,0.0324495704924452,0.0841633986928104,0.5626515763945028,1237,0.1627906976744186,0.0686274509803921,0.5683104284559418,0.1176470588235294,0.0980392156862745,0.570735650767987,0.1352941176470588,0.2254901960784313,0.5812449474535166
gemma4-12b,qwen38-27b,geometry_of_truth,3,0.6644144144144144,0.6753539253539254,503,2304,642,0.2786458333333333,0.9355803727071312,0.5324492691686254,0.1921971482707659,0.4031311035385058,0.5101391650099404,2515,0.982608695652174,0.17601246105919,0.5550695825049702,0.9608695652173912,0.3442367601246106,0.5980119284294234,0.9088937093275488,0.6526479750778816,0.6767395626242545
gemma4-12b,qwen38-27b,rte,3,0.4926174496644295,0.6956375838926174,650,108,41,0.3796296296296296,0.762650163815071,0.5533309064433928,0.0742931621112434,0.2093192573716782,0.2824427480916031,131,0.4,0.048780487804878,0.2977099236641221,0.6363636363636364,0.1707317073170731,0.3358778625954198,0.6363636363636364,0.3414634146341463,0.3893129770992366
gemma4-12b,qwen38-27b,truthfulqa,3,0.4656043528954527,0.7098717450446949,553,643,282,0.4385692068429238,0.6429343234906977,0.4833942358696292,0.0340759432155635,0.1595400876210684,0.3659730722154223,817,0.625,0.0709219858156028,0.390452876376989,0.625,0.1418439716312056,0.4149326805385557,0.5813953488372093,0.2659574468085106,0.4577723378212974
gemma4-12b-base,gemma4-12b,boolq,4,0.3285873813512004,0.6072026800670016,94,426,79,0.1854460093896713,0.5059643234961515,0.507934191806807,0.0228845889663034,-0.0019698683106554,0.6612772837510105,1237,0.0952380952380952,0.0253164556962025,0.6628940986257074,0.1627906976744186,0.0886075949367088,0.6669361358124495,0.1764705882352941,0.189873417721519,0.6734033953112368
gemma4-12b-base,gemma4-12b,geometry_of_truth,4,0.8040275049115914,0.7917485265225933,1401,3023,1014,0.3354283824015878,0.9249614407748956,0.4366289812215836,0.1238025636850441,0.4883324595533119,0.5860834990059642,2515,0.9933774834437086,0.1479289940828402,0.6457256461232604,0.9867549668874172,0.2938856015779093,0.7045725646123261,0.947107438016529,0.5650887573964497,0.8139165009940358
gemma4-12b-base,gemma4-12b,imdb,4,0.5584394384590271,0.5009794319294809,766,1728,706,0.4085648148148148,0.4362911139076298,0.4916874788644162,0.0740423078188619,-0.0553963649567863,0.3588,2500,0.2325581395348837,0.0283286118980169,0.3668,0.2832369942196532,0.0694050991501416,0.3784,0.3236994219653179,0.1586402266288951,0.4036
gemma4-12b-base,gemma4-12b,rte,4,0.7073660714285714,0.5954241071428571,1571,129,50,0.3875968992248062,0.609367088607595,0.5008860759493671,0.0279775472501825,0.1084810126582279,0.3587786259541984,131,0.5,0.06,0.3816793893129771,0.6923076923076923,0.18,0.4274809160305343,0.5,0.26,0.4580152671755725
gemma4-12b-base,gemma4-12b,truthfulqa,4,0.7275963663147557,0.6350356002946231,1551,787,363,0.4612452350698856,0.5286462394095327,0.4968049924632257,0.0348780588542772,0.0318412469463069,0.430844553243574,817,0.5128205128205128,0.0550964187327823,0.4553243574051407,0.5189873417721519,0.1129476584022038,0.4810281517747858,0.4840764331210191,0.209366391184573,0.5238678090575275
gemma4-12b-base,gemma4-31b,boolq,3,0.4877521613832853,0.3674351585014409,181,292,31,0.1061643835616438,0.6007910023482882,0.4600173031763688,0.0450624726565444,0.1407736991719194,0.6095392077607114,1237,0.2666666666666666,0.1290322580645161,0.6127728375101051,0.2068965517241379,0.1935483870967742,0.6143896523848019,0.1896551724137931,0.3548387096774194,0.618431689571544
gemma4-12b-base,gemma4-31b,geometry_of_truth,3,0.6518661518661518,0.6576576576576577,496,2038,668,0.3277723258096173,0.8278202718650292,0.4443162944184624,0.188792825337007,0.3835039774465668,0.6282306163021869,2515,0.9901960784313726,0.1511976047904191,0.668389662027833,0.9950980392156864,0.3038922155688622,0.7089463220675944,0.9705882352941176,0.592814371257485,0.7856858846918489
gemma4-12b-base,gemma4-31b,rte,3,0.5672818791946309,0.4444630872483222,687,101,38,0.3762376237623762,0.6604010025062657,0.4721177944862156,0.0529252912109519,0.18828320802005,0.2519083969465648,131,1.0,0.131578947368421,0.2900763358778626,0.8,0.2105263157894736,0.3129770992366412,0.7,0.3684210526315789,0.3587786259541984
gemma4-12b-base,gemma4-31b,truthfulqa,3,0.5239020598523125,0.4325689856198989,565,445,193,0.4337078651685393,0.488383090714697,0.4610884941195821,0.0434899919344408,0.0272945965951148,0.4332925336597307,817,0.4090909090909091,0.0466321243523316,0.4443084455324357,0.4545454545454545,0.1036269430051813,0.4577723378212974,0.3932584269662921,0.1813471502590673,0.4761321909424724
gemma4-12b-base,llama31-405b,boolq,4,0.5128419877163596,0.5117252931323283,83,1175,76,0.06468085106382979,0.5576481011445812,0.4914036684066854,0.009864654155443629,0.06624443273789576,0.2918350848827809,1237,0.0847457627118644,0.06578947368421052,0.29587712206952305,0.06779661016949153,0.10526315789473684,0.29830234438156833,0.07659574468085106,0.23684210526315788,0.30638641875505257
gemma4-12b-base,llama31-405b,geometry_of_truth,4,0.6164047151277013,0.5504256712508186,151,2665,170,0.06378986866791744,0.8791606742897561,0.7952899917482023,0.08343284096054458,0.08387068254155383,0.20795228628230616,2515,0.8195488721804511,0.6411764705882353,0.25129224652087473,0.5112781954887218,0.8,0.26202783300198806,0.2607879924953096,0.8176470588235294,0.263220675944334
gemma4-12b-base,llama31-405b,imdb,4,0.6015344433561868,0.5430950048971597,109,2061,187,0.09073265405143134,0.4473487464259013,0.4573597897488285,0.05764158636840777,-0.010011043322927238,0.3992,2500,0.02912621359223301,0.016042780748663103,0.4004,0.038834951456310676,0.0427807486631016,0.4024,0.04854368932038835,0.10695187165775401,0.4072
gemma4-12b-base,llama31-405b,rte,4,0.5702008928571428,0.5334821428571429,146,118,23,0.19491525423728814,0.6910755148741419,0.49267734553775744,0.10877848223043228,0.19839816933638443,0.24427480916030533,131,0.6666666666666666,0.17391304347826086,0.2748091603053435,0.5,0.2608695652173913,0.2900763358778626,0.4166666666666667,0.43478260869565216,0.32061068702290074
gemma4-12b-base,llama31-405b,truthfulqa,4,0.5709550699729928,0.5379327277191259,145,612,180,0.29411764705882354,0.6561342592592593,0.5453221450617284,0.08238767610506487,0.1108121141975309,0.3659730722154223,817,0.3548387096774194,0.06111111111111111,0.379436964504284,0.4426229508196721,0.15,0.3990208078335373,0.45901639344262296,0.3111111111111111,0.43451652386780903
gemma4-12b-base,llama31-70b,boolq,4,0.5128419877163596,0.5093523171412618,82,1181,143,0.12108382726502964,0.475046148456553,0.4933808965600873,0.020412192654727525,-0.018334748103534304,0.2910266774454325,1237,0.1694915254237288,0.06993006993006994,0.2991107518189167,0.11016949152542373,0.09090909090909091,0.301535974130962,0.1016949152542373,0.16783216783216784,0.3104284559417947
gemma4-12b-base,llama31-70b,geometry_of_truth,4,0.6164047151277013,0.5517354289456451,175,2712,212,0.07817109144542773,0.7833849056603773,0.4320896226415094,0.16601212733744578,0.3512952830188679,0.1749502982107356,2515,0.3897058823529412,0.25,0.1960238568588469,0.30996309963099633,0.39622641509433965,0.20834990059642147,0.23062730627306274,0.589622641509434,0.22465208747514911
gemma4-12b-base,llama31-70b,imdb,4,0.6015344433561868,0.549624551093699,145,2100,222,0.10571428571428572,0.4906671847566416,0.5558745646605072,0.03757188815654633,-0.0652073799038656,0.3856,2500,0.09523809523809523,0.04504504504504504,0.3896,0.09523809523809523,0.09009009009009009,0.3936,0.08571428571428572,0.16216216216216217,0.4
gemma4-12b-base,llama31-70b,rte,4,0.5702008928571428,0.5348214285714286,167,121,23,0.19008264462809918,0.5976042590949423,0.4823646850044365,0.06314607796934206,0.11523957409050578,0.22900763358778625,131,0.3333333333333333,0.08695652173913043,0.24427480916030533,0.3333333333333333,0.17391304347826086,0.2595419847328244,0.3333333333333333,0.34782608695652173,0.2900763358778626
gemma4-12b-base,llama31-70b,truthfulqa,4,0.5709550699729928,0.5390375644488092,152,618,213,0.3446601941747573,0.6320060279371703,0.5053179157248016,0.06013172230577556,0.12668811221236875,0.37209302325581395,817,0.6451612903225806,0.09389671361502347,0.39657282741738065,0.532258064516129,0.15492957746478872,0.412484700122399,0.4596774193548387,0.2676056338028169,0.4418604651162791
gemma4-12b-base,llama31-70b-base,boolq,4,0.5128419877163596,0.5142378559463987,116,1166,160,0.137221269296741,0.434014662027833,0.48726546968190854,0.029690907758321984,-0.05325080765407553,0.2991107518189167,1237,0.13793103448275862,0.05,0.3055780113177041,0.15384615384615385,0.1125,0.31366208569118836,0.12017167381974249,0.175,0.3217461600646726
gemma4-12b-base,llama31-70b-base,geometry_of_truth,4,0.6164047151277013,0.5764571054354944,275,2765,267,0.09656419529837251,0.9047867507489138,0.7117619188984146,0.08432350589116024,0.19302483185049923,0.18250497017892645,2515,0.7318840579710145,0.3782771535580524,0.22266401590457258,0.5507246376811594,0.5692883895131086,0.24294234592445327,0.39059674502712477,0.8089887640449438,0.268389662027833
gemma4-12b-base,llama31-70b-base,imdb,4,0.6015344433561868,0.5677440417890957,237,2062,412,0.19980601357904948,0.2951868196528391,0.47088629008531924,0.11794743406299191,-0.17569947043248013,0.3964,2500,0.04854368932038835,0.012135922330097087,0.3984,0.038834951456310676,0.019417475728155338,0.3996,0.04611650485436893,0.04611650485436893,0.404
gemma4-12b-base,llama31-70b-base,rte,4,0.5702008928571428,0.54921875,267,114,28,0.24561403508771928,0.6403654485049833,0.4527616279069767,0.024011753956559075,0.18760382059800662,0.2595419847328244,131,0.5,0.10714285714285714,0.2824427480916031,0.36363636363636365,0.14285714285714285,0.2900763358778626,0.34782608695652173,0.2857142857142857,0.32061068702290074
gemma4-12b-base,llama31-70b-base,truthfulqa,4,0.5709550699729928,0.5535232015713234,232,672,257,0.38244047619047616,0.5575828606253809,0.5310768365289954,0.0616280807104944,0.026506024096385472,0.30966952264381886,817,0.47058823529411764,0.0622568093385214,0.3292533659730722,0.417910447761194,0.10894941634241245,0.34394124847001223,0.44029850746268656,0.22957198443579765,0.3818849449204406
gemma4-12b-base,qwen3-32b,boolq,4,0.3285873813512004,0.7290619765494137,146,881,118,0.133938706015891,0.5934535842015239,0.5183041961925494,0.0173458724976637,0.0751493880089745,0.4421988682295877,1237,0.1136363636363636,0.0423728813559322,0.4462409054163298,0.1818181818181818,0.135593220338983,0.4551333872271625,0.1818181818181818,0.2711864406779661,0.4680679062247372
gemma4-12b-base,qwen3-32b,geometry_of_truth,4,0.8040275049115914,0.6421087098886706,532,2853,341,0.1195233087977567,0.9405948222724472,0.1192376300502456,0.0188520474298606,0.8213571922222014,0.6222664015904572,2515,0.951048951048951,0.3988269794721407,0.6763419483101392,0.7894736842105263,0.6598240469208211,0.7117296222664016,0.5061295971978984,0.8475073313782991,0.7371769383697813
gemma4-12b-base,qwen3-32b,imdb,4,0.5584394384590271,0.717760365654587,743,2493,745,0.2988367428800642,0.5895612243330824,0.5176166817686176,0.064707910808923,0.0719445425644648,0.266,2500,0.408,0.0684563758389261,0.2864,0.4216867469879518,0.1409395973154362,0.308,0.3947895791583166,0.2644295302013423,0.3448
gemma4-12b-base,qwen3-32b,rte,4,0.7073660714285714,0.7856026785714286,1565,182,55,0.3021978021978022,0.7624910522548317,0.5595204008589836,0.0608218724407213,0.2029706513958481,0.2519083969465648,131,0.8888888888888888,0.1454545454545454,0.3129770992366412,0.7777777777777778,0.2545454545454545,0.3587786259541984,0.6666666666666666,0.4363636363636363,0.4351145038167939
gemma4-12b-base,qwen3-32b,truthfulqa,4,0.7275963663147557,0.8048121777559538,1484,1031,431,0.4180407371483996,0.6624245939675174,0.5222486465583913,0.0488016996211028,0.1401759474091261,0.3035495716034271,817,0.7115384615384616,0.0858468677494199,0.3488372093023256,0.6601941747572816,0.1577726218097447,0.386780905752754,0.6553398058252428,0.3132250580046403,0.4687882496940024
gemma4-12b-base,qwen38-27b,boolq,3,0.4877521613832853,0.5835734870317003,133,1245,197,0.1582329317269076,0.550809857790522,0.5378385709303677,0.0186954772591888,0.0129712868601543,0.2861762328213419,1237,0.2096774193548387,0.065989847715736,0.2966855295068714,0.2096774193548387,0.1319796954314721,0.3071948261924009,0.1726907630522088,0.2182741116751269,0.3209377526273241
gemma4-12b-base,qwen38-27b,geometry_of_truth,3,0.6518661518661518,0.6753539253539254,500,2731,682,0.2497253753203954,0.9370954145431074,0.5864240334674378,0.0980427133089038,0.3506713810756696,0.2998011928429423,2515,1.0,0.2008797653958944,0.3542743538767395,0.9963369963369964,0.3988269794721407,0.4079522862823062,0.9432234432234432,0.7551319648093842,0.504572564612326
gemma4-12b-base,qwen38-27b,rte,3,0.5672818791946309,0.6956375838926174,690,145,39,0.2689655172413793,0.6458635703918723,0.5572689888727624,0.1183978042051228,0.0885945815191098,0.1908396946564885,131,0.7142857142857143,0.1282051282051282,0.2290076335877862,0.7142857142857143,0.2564102564102564,0.2671755725190839,0.5172413793103449,0.3846153846153846,0.3053435114503817
gemma4-12b-base,qwen38-27b,truthfulqa,3,0.5239020598523125,0.7098717450446949,568,744,303,0.407258064516129,0.6318747521010604,0.4521938588416665,0.0666140668433065,0.1796808932593938,0.3537331701346389,817,0.8108108108108109,0.099009900990099,0.390452876376989,0.7702702702702703,0.1881188118811881,0.423500611995104,0.6241610738255033,0.3069306930693069,0.4675642594859241
gemma4-31b,llama31-405b,boolq,3,0.5062439961575408,0.5048030739673391,33,1070,97,0.09065420560747664,0.5172333414564372,0.482287218825823,0.045993068768459065,0.034946122630614196,0.2991107518189167,1237,0.05555555555555555,0.030927835051546393,0.301535974130962,0.056074766355140186,0.061855670103092786,0.3039611964430073,0.08411214953271028,0.18556701030927836,0.31366208569118836
gemma4-31b,llama31-405b,geometry_of_truth,3,0.6444658944658944,0.5807593307593307,87,2010,167,0.08308457711442786,0.9293328698002802,0.4143985496180726,0.28242108270689775,0.5149343201822076,0.5856858846918489,2515,0.63,0.3772455089820359,0.6107355864811134,0.5522388059701493,0.6646706586826348,0.6298210735586481,0.3407960199004975,0.8203592814371258,0.6401590457256461
gemma4-31b,llama31-405b,rte,3,0.5731543624161074,0.5409395973154363,80,105,23,0.21904761904761905,0.6903499469777307,0.49522799575821846,0.0734487625067355,0.1951219512195122,0.3969465648854962,131,0.6,0.13043478260869565,0.4198473282442748,0.5,0.21739130434782608,0.4351145038167939,0.38095238095238093,0.34782608695652173,0.4580152671755725
gemma4-31b,llama31-405b,truthfulqa,3,0.5864749319860085,0.548775748153906,77,515,159,0.3087378640776699,0.5403858384566462,0.4475743763691612,0.06178836135010932,0.09281146208748503,0.5507955936352509,817,0.46153846153846156,0.07547169811320754,0.565483476132191,0.46153846153846156,0.1509433962264151,0.5801713586291309,0.4077669902912621,0.2641509433962264,0.602203182374541
gemma4-31b,llama31-70b,boolq,3,0.5062439961575408,0.5079250720461095,39,988,154,0.15587044534412955,0.5301395247438413,0.49602525771590517,0.047797364319944184,0.03411426702793613,0.35004042037186744,1237,0.16326530612244897,0.05194805194805195,0.3565076798706548,0.1717171717171717,0.11038961038961038,0.36378334680679064,0.17676767676767677,0.22727272727272727,0.37833468067906223
gemma4-31b,llama31-70b,geometry_of_truth,3,0.6444658944658944,0.592020592020592,101,2261,412,0.18222025652366208,0.9517411668338173,0.4254776263212337,0.1701114723272488,0.5262635405125835,0.4107355864811133,2515,0.8849557522123894,0.24271844660194175,0.4504970178926441,0.8672566371681416,0.47572815533980584,0.4886679920477137,0.7190265486725663,0.7888349514563107,0.5399602385685884
gemma4-31b,llama31-70b,rte,3,0.5731543624161074,0.5488255033557047,99,102,16,0.1568627450980392,0.654796511627907,0.5241642441860466,0.04825158628423215,0.1306322674418604,0.44274809160305345,131,0.6,0.1875,0.46564885496183206,0.5,0.3125,0.48091603053435117,0.35,0.4375,0.4961832061068702
gemma4-31b,llama31-70b,truthfulqa,3,0.5864749319860085,0.5549941702293043,91,582,236,0.4054982817869416,0.6214485157245028,0.483721343195846,0.08534521390225377,0.1377271725286568,0.47123623011015914,817,0.7241379310344828,0.08898305084745763,0.4969400244798042,0.6551724137931034,0.16101694915254236,0.5177478580171359,0.5689655172413793,0.2796610169491525,0.5520195838433293
gemma4-31b,llama31-70b-base,boolq,3,0.5062439961575408,0.5079250720461095,52,961,136,0.14151925078043703,0.4678342245989304,0.5030860071301247,0.03890284916829015,-0.03525178253119432,0.37833468067906223,1237,0.14583333333333334,0.051470588235294115,0.3839935327405012,0.125,0.08823529411764706,0.3880355699272433,0.13541666666666666,0.19117647058823528,0.3993532740501213
gemma4-31b,llama31-70b-base,geometry_of_truth,3,0.6444658944658944,0.62998712998713,157,2282,436,0.19106047326906223,0.8954334688441161,0.5394359363662569,0.17120055256706812,0.35599753247785926,0.4691848906560636,2515,0.6578947368421053,0.1720183486238532,0.4990059642147117,0.6842105263157895,0.3577981651376147,0.5312127236580517,0.5767543859649122,0.6032110091743119,0.5737574552683896
gemma4-31b,llama31-70b-base,rte,3,0.5731543624161074,0.564261744966443,146,107,29,0.27102803738317754,0.5826702033598585,0.49370026525198935,0.046263448993340055,0.08896993810786918,0.3816793893129771,131,0.6,0.10344827586206896,0.40458015267175573,0.5454545454545454,0.20689655172413793,0.42748091603053434,0.38095238095238093,0.27586206896551724,0.44274809160305345
gemma4-31b,llama31-70b-base,truthfulqa,3,0.5864749319860085,0.5746210649047804,124,574,260,0.4529616724738676,0.5110975012248897,0.47365874571288585,0.014633189746261134,0.037438755512003874,0.4675642594859241,817,0.4827586206896552,0.05384615384615385,0.4847001223990208,0.5263157894736842,0.11538461538461539,0.5042839657282742,0.43478260869565216,0.19230769230769232,0.5287637698898409
gemma4-31b,qwen3-32b,boolq,3,0.3674351585014409,0.590297790585975,276,781,88,0.1126760563380281,0.5760363373999737,0.5093139184048274,0.0264764663999302,0.0667224189951463,0.4074373484236055,1237,0.1282051282051282,0.0568181818181818,0.4114793856103476,0.1538461538461538,0.1363636363636363,0.4171382376717866,0.1602564102564102,0.2840909090909091,0.427647534357316
gemma4-31b,qwen3-32b,geometry_of_truth,3,0.6576576576576577,0.7200772200772201,487,2576,955,0.3707298136645963,0.9005784678192958,0.561603431402631,0.1060865175311399,0.3389750364166648,0.3518886679920477,2515,1.0,0.1350785340314136,0.4031809145129225,1.0,0.2701570680628272,0.4544731610337972,0.9398058252427184,0.506806282722513,0.5443339960238569
gemma4-31b,qwen3-32b,rte,3,0.4444630872483222,0.7145973154362416,636,106,42,0.3962264150943396,0.6302083333333334,0.4872581845238095,0.0090913021118287,0.1429501488095238,0.2748091603053435,131,1.0,0.119047619047619,0.3129770992366412,0.8181818181818182,0.2142857142857142,0.3435114503816794,0.7142857142857143,0.3571428571428571,0.3893129770992366
gemma4-31b,qwen3-32b,truthfulqa,3,0.4325689856198989,0.7110376991838321,544,597,235,0.3936348408710218,0.6073704008463618,0.4203038674033149,0.0452130457926553,0.1870665334430469,0.379436964504284,817,0.7,0.0893617021276595,0.405140758873929,0.5833333333333334,0.1489361702127659,0.4222766217870257,0.5294117647058824,0.2680851063829787,0.4565483476132191
gptj-6b,gemma2-9b,boolq,4,0.5113065326633166,0.510748185371301,113,874,125,0.14302059496567507,0.5331375166889185,0.5428224299065421,0.024393474221522982,-0.009684913217623548,0.5311236863379143,1237,0.11363636363636363,0.04,0.5351657235246564,0.14942528735632185,0.104,0.5416329830234439,0.13714285714285715,0.192,0.5505254648342764
gptj-6b,gemma2-9b,geometry_of_truth,4,0.6389980353634578,0.5566470203012442,229,2074,279,0.13452266152362585,0.47999321093040204,0.6258753407014707,0.2795785937968971,-0.14588212977106862,0.45606361829025843,2515,0.2403846153846154,0.08960573476702509,0.46600397614314115,0.15942028985507245,0.11827956989247312,0.4691848906560636,0.12289156626506025,0.1827956989247312,0.47634194831013915
gptj-6b,gemma2-9b,imdb,4,0.6265099575579497,0.5525628468821417,167,1806,205,0.11351052048726468,0.5379960695297147,0.5327135479349797,0.015372730274469943,0.005282521594734968,0.5652,2500,0.12222222222222222,0.05365853658536585,0.5696,0.10497237569060773,0.09268292682926829,0.5728,0.11911357340720222,0.2097560975609756,0.5824
gptj-6b,gemma2-9b,rte,4,0.5883928571428572,0.5388392857142857,231,104,14,0.1346153846153846,0.5746031746031747,0.4125,0.04541657565157621,0.1621031746031747,0.4351145038167939,131,0.4,0.14285714285714285,0.45038167938931295,0.3,0.21428571428571427,0.4580152671755725,0.14285714285714285,0.21428571428571427,0.4580152671755725
gptj-6b,gemma2-9b,truthfulqa,4,0.59317456420329,0.5412472379081757,196,521,188,0.36084452975047987,0.5985080825506357,0.49082726343364647,0.026863402167631594,0.10768081911698923,0.5189718482252142,817,0.5769230769230769,0.0797872340425532,0.5373317013463892,0.4807692307692308,0.13297872340425532,0.5495716034271726,0.49038461538461536,0.2712765957446808,0.5813953488372093
gptj-6b,gemma4-12b,boolq,4,0.5113065326633166,0.518425460636516,214,843,334,0.3962040332147094,0.49753538110419626,0.5021763937743374,0.019940835765218705,-0.004641012670141165,0.5165723524656427,1237,0.30952380952380953,0.038922155688622756,0.5270816491511722,0.34523809523809523,0.08682634730538923,0.540016168148747,0.3727810650887574,0.18862275449101795,0.5675020210185934
gptj-6b,gemma4-12b,geometry_of_truth,4,0.6389980353634578,0.6962999345121152,565,2535,1147,0.452465483234714,0.5498179689404008,0.5055246866276893,0.011481052662833441,0.04429328231271146,0.34950298210735586,2515,0.5354330708661418,0.05928509154315606,0.37654075546719684,0.4881889763779528,0.10810810810810811,0.39880715705765407,0.49506903353057197,0.21883173496076722,0.44930417495029823
gptj-6b,gemma4-12b,imdb,4,0.6265099575579497,0.6547502448579824,543,2103,972,0.46219686162624823,0.49688538130428295,0.5262791404234571,0.03589501100373095,-0.02939375911917419,0.4552,2500,0.37142857142857144,0.040123456790123455,0.4708,0.40476190476190477,0.0874485596707819,0.4892,0.42280285035629456,0.1831275720164609,0.5264
gptj-6b,gemma4-12b,rte,4,0.5883928571428572,0.6352678571428572,611,102,38,0.37254901960784315,0.5513980263157895,0.501439144736842,0.03607482438130696,0.049958881578947456,0.5190839694656488,131,0.6,0.07894736842105263,0.5419847328244275,0.5,0.13157894736842105,0.5572519083969466,0.4,0.21052631578947367,0.5801526717557252
gptj-6b,gemma4-12b,truthfulqa,4,0.59317456420329,0.650748833783452,555,662,365,0.5513595166163142,0.494414464277478,0.4889442368894424,0.02800190861075099,0.005470227388035598,0.41370869033047736,817,0.5454545454545454,0.049315068493150684,0.4357405140758874,0.5606060606060606,0.10136986301369863,0.4589963280293758,0.5681818181818182,0.2054794520547945,0.5055079559363526
gptj-6b,gemma4-12b-base,boolq,4,0.5113065326633166,0.5128419877163596,125,910,209,0.22967032967032966,0.5088083325939021,0.5085267799247828,0.04220165933901244,0.00028155266911933374,0.4963621665319321,1237,0.1956521739130435,0.0430622009569378,0.5036378334680679,0.2087912087912088,0.09090909090909091,0.5117219078415521,0.2087912087912088,0.18181818181818182,0.5270816491511722
gptj-6b,gemma4-12b-base,geometry_of_truth,4,0.6389980353634578,0.6164047151277013,384,2270,483,0.21277533039647578,0.8038942396257304,0.4378097045489566,0.07772741350213105,0.36608453507677374,0.41749502982107356,2515,0.5701754385964912,0.13457556935817805,0.4433399602385686,0.4669603524229075,0.2194616977225673,0.45964214711729623,0.486784140969163,0.4575569358178054,0.5053677932405567
gptj-6b,gemma4-12b-base,imdb,4,0.6265099575579497,0.6015344433561868,327,1931,650,0.33661315380631796,0.47740226986128625,0.5195700474388999,0.04659076713659799,-0.04216777757761364,0.504,2500,0.3402061855670103,0.05076923076923077,0.5172,0.29015544041450775,0.08615384615384615,0.5264,0.2772020725388601,0.1646153846153846,0.5468
gptj-6b,gemma4-12b-base,rte,4,0.5883928571428572,0.5702008928571428,352,99,22,0.2222222222222222,0.5295159386068476,0.5221369539551357,0.032250806119500305,0.0073789846517119395,0.48091603053435117,131,0.4,0.09090909090909091,0.4961832061068702,0.3,0.13636363636363635,0.5038167938931297,0.3,0.2727272727272727,0.5267175572519084
gptj-6b,gemma4-12b-base,truthfulqa,4,0.59317456420329,0.5709550699729928,314,607,294,0.4843492586490939,0.5104431548977418,0.5150887831170807,0.009877894804680307,-0.004645628219338893,0.4369645042839657,817,0.43333333333333335,0.04421768707482993,0.4528763769889841,0.4426229508196721,0.09183673469387756,0.4700122399020808,0.4793388429752066,0.19727891156462585,0.5079559363525091
gptj-6b,gemma4-31b,boolq,3,0.5033621517771374,0.5062439961575408,86,763,181,0.23722149410222804,0.46261699986709953,0.47917734616772034,0.021763896067479093,-0.01656034630062081,0.5626515763945028,1237,0.23684210526315788,0.049723756906077346,0.5699272433306386,0.23684210526315788,0.09944751381215469,0.5772029102667745,0.21568627450980393,0.18232044198895028,0.5893290218270008
gptj-6b,gemma4-31b,geometry_of_truth,3,0.7619047619047619,0.6444658944658944,263,2326,872,0.3748925193465176,0.669018872329417,0.4635677599283218,0.07551741029537498,0.20545111240109526,0.5502982107355865,2515,0.646551724137931,0.0860091743119266,0.5801192842942345,0.575107296137339,0.1536697247706422,0.6035785288270378,0.524731182795699,0.2798165137614679,0.6473161033797217
gptj-6b,gemma4-31b,rte,3,0.6236577181208054,0.5731543624161074,246,110,36,0.32727272727272727,0.5138888888888888,0.4624624624624624,0.020503537675712977,0.05142642642642642,0.4580152671755725,131,0.5,0.08333333333333333,0.48091603053435117,0.2727272727272727,0.08333333333333333,0.48091603053435117,0.22727272727272727,0.1388888888888889,0.4961832061068702
gptj-6b,gemma4-31b,truthfulqa,3,0.6478818499805674,0.5864749319860085,229,644,380,0.5900621118012422,0.5370514354066985,0.5066537081339713,0.020530295988357487,0.03039772727272727,0.40269277845777235,817,0.59375,0.05,0.4259485924112607,0.640625,0.10789473684210527,0.4528763769889841,0.6201550387596899,0.21052631578947367,0.5006119951040392
gptj-6b,llama-8b,boolq,4,0.5113065326633166,0.5194025683975433,150,895,170,0.18994413407821228,0.5227099391480731,0.5070081135902638,0.02021465589184763,0.0157018255578093,0.5101050929668552,1237,0.17777777777777778,0.047058823529411764,0.5165723524656427,0.15555555555555556,0.08235294117647059,0.5214227970897333,0.1787709497206704,0.18823529411764706,0.5359741309620049
gptj-6b,llama-8b,geometry_of_truth,4,0.6389980353634578,0.5872626064178127,341,2069,426,0.20589656839052684,0.9423661057438157,0.4026168065401947,0.21003936755329297,0.539749299203621,0.46998011928429423,2515,1.0,0.24178403755868544,0.510934393638171,1.0,0.4859154929577465,0.5522862823061631,0.8864734299516909,0.8615023474178404,0.6159045725646123
gptj-6b,llama-8b,imdb,4,0.6265099575579497,0.5724779627815867,244,1877,279,0.14864144912093766,0.47567523921030325,0.48723314537437024,0.05742177754649572,-0.011557906164066989,0.5492,2500,0.1595744680851064,0.053763440860215055,0.5552,0.13297872340425532,0.08960573476702509,0.5592,0.12266666666666666,0.16487455197132617,0.5676
gptj-6b,llama-8b,rte,4,0.5883928571428572,0.5581473214285714,324,106,22,0.20754716981132076,0.5762987012987013,0.45251623376623373,0.05255799339306836,0.12378246753246758,0.42748091603053434,131,0.2,0.045454545454545456,0.4351145038167939,0.36363636363636365,0.18181818181818182,0.4580152671755725,0.2857142857142857,0.2727272727272727,0.4732824427480916
gptj-6b,llama-8b,truthfulqa,4,0.59317456420329,0.5615025779523692,287,632,336,0.5316455696202531,0.5391228281853282,0.5215874356499357,0.04537071668536085,0.01753539253539249,0.38922888616891066,817,0.59375,0.05654761904761905,0.412484700122399,0.6031746031746031,0.1130952380952381,0.4357405140758874,0.6190476190476191,0.23214285714285715,0.4847001223990208
gptj-6b,llama31-405b,boolq,4,0.5113065326633166,0.5117252931323283,91,844,75,0.08886255924170616,0.5348764629388817,0.5101430429128738,0.032227837034841306,0.02473342002600787,0.5392077607113985,1237,0.07142857142857142,0.04,0.5416329830234439,0.08333333333333333,0.09333333333333334,0.5448666127728375,0.08284023668639054,0.18666666666666668,0.5505254648342764
gptj-6b,llama31-405b,geometry_of_truth,4,0.6389980353634578,0.5504256712508186,156,1978,187,0.09453993933265925,0.9045315705085141,0.38331138759752414,0.1575871989042023,0.5212201829109899,0.5188866799204771,2515,0.6060606060606061,0.32085561497326204,0.5427435387673957,0.4494949494949495,0.47593582887700536,0.5542743538767395,0.37626262626262624,0.7967914438502673,0.5781312127236581
gptj-6b,llama31-405b,imdb,4,0.6265099575579497,0.5430950048971597,104,1794,171,0.09531772575250837,0.50582092940299,0.5218136221638507,0.059060116010151924,-0.015992692760860794,0.56,2500,0.1,0.05263157894736842,0.5636,0.11731843575418995,0.12280701754385964,0.5684,0.0947075208913649,0.19883040935672514,0.5736
gptj-6b,llama31-405b,rte,4,0.5883928571428572,0.5334821428571429,156,97,10,0.10309278350515463,0.6241379310344828,0.5014367816091954,0.10387006922218718,0.12270114942528743,0.4961832061068702,131,0.2,0.1,0.5038167938931297,0.1,0.1,0.5038167938931297,0.10526315789473684,0.2,0.5114503816793893
gptj-6b,llama31-405b,truthfulqa,4,0.59317456420329,0.5379327277191259,144,527,165,0.31309297912713474,0.5808304034823372,0.4644232379039009,0.04729114024877195,0.11640716557843628,0.5189718482252142,817,0.46153846153846156,0.07272727272727272,0.5336597307221542,0.3584905660377358,0.11515151515151516,0.5422276621787026,0.3619047619047619,0.23030303030303031,0.565483476132191
gptj-6b,llama31-70b,boolq,4,0.5113065326633166,0.5093523171412618,87,850,148,0.17411764705882352,0.51992376992377,0.48534351659351654,0.04193380058773809,0.03458025333025344,0.5286984640258691,1237,0.23809523809523808,0.06756756756756757,0.5367825383993533,0.21176470588235294,0.12162162162162163,0.5432497978981407,0.20588235294117646,0.23648648648648649,0.5569927243330639
gptj-6b,llama31-70b,geometry_of_truth,4,0.6389980353634578,0.5517354289456451,186,2050,255,0.12439024390243902,0.8183800316784093,0.3413911191217434,0.09293799520460012,0.4769889125566659,0.46520874751491054,2515,0.8431372549019608,0.33725490196078434,0.49940357852882705,0.6439024390243903,0.5176470588235295,0.5176938369781312,0.43902439024390244,0.7058823529411765,0.536779324055666
gptj-6b,llama31-70b,imdb,4,0.6265099575579497,0.549624551093699,143,1799,178,0.09894385769872151,0.5838017869396752,0.5434552814533962,0.04630075370397024,0.04034650548627905,0.5688,2500,0.12222222222222222,0.06179775280898876,0.5732,0.14444444444444443,0.14606741573033707,0.5792,0.13055555555555556,0.2640449438202247,0.5876
gptj-6b,llama31-70b,rte,4,0.5883928571428572,0.5348214285714286,184,97,7,0.07216494845360824,0.6714285714285715,0.5051587301587301,0.07423393087274409,0.16626984126984135,0.5267175572519084,131,0.2,0.14285714285714285,0.5343511450381679,0.1,0.14285714285714285,0.5343511450381679,0.15789473684210525,0.42857142857142855,0.549618320610687
gptj-6b,llama31-70b,truthfulqa,4,0.59317456420329,0.5390375644488092,165,566,224,0.3957597173144876,0.598514515455305,0.4589272660818714,0.062074083781206435,0.1395872493734336,0.4614443084455324,817,0.35714285714285715,0.044642857142857144,0.47368421052631576,0.42105263157894735,0.10714285714285714,0.4908200734394125,0.4778761061946903,0.24107142857142858,0.5275397796817626
gptj-6b,llama31-70b-base,boolq,4,0.5113065326633166,0.5142378559463987,122,864,167,0.19328703703703703,0.4891536868873444,0.4719563741956546,0.008321810724298332,0.01719731269168978,0.5335489086499596,1237,0.27906976744186046,0.0718562874251497,0.5432497978981407,0.23255813953488372,0.11976047904191617,0.549717057396928,0.20809248554913296,0.2155688622754491,0.5626515763945028
gptj-6b,llama31-70b-base,geometry_of_truth,4,0.6389980353634578,0.5764571054354944,310,2138,346,0.1618334892422825,0.5880728736581338,0.27581721588563174,0.10976211270210601,0.312255657772502,0.4441351888667992,2515,0.38317757009345793,0.11849710982658959,0.46043737574552684,0.29906542056074764,0.18497109826589594,0.46958250497017895,0.2850467289719626,0.35260115606936415,0.4926441351888668
gptj-6b,llama31-70b-base,imdb,4,0.6265099575579497,0.5677440417890957,255,1857,415,0.22347872913301023,0.43512023127182803,0.5367720535400966,0.04039192908573491,-0.10165182226826858,0.542,2500,0.11827956989247312,0.02650602409638554,0.5464,0.15053763440860216,0.06746987951807229,0.5532,0.15902964959568733,0.14216867469879518,0.5656
gptj-6b,llama31-70b-base,rte,4,0.5883928571428572,0.54921875,303,102,20,0.19607843137254902,0.5451219512195122,0.4672256097560976,0.016922104976134583,0.07789634146341462,0.4351145038167939,131,0.0,0.0,0.4351145038167939,0.0,0.0,0.4351145038167939,0.2,0.2,0.46564885496183206
gptj-6b,llama31-70b-base,truthfulqa,4,0.59317456420329,0.5535232015713234,256,628,259,0.4124203821656051,0.5945213506189115,0.5384504713773006,0.0452035273829915,0.056070879241610916,0.42105263157894735,817,0.6129032258064516,0.07335907335907337,0.44430844553243576,0.5555555555555556,0.13513513513513514,0.4638922888616891,0.5079365079365079,0.2471042471042471,0.49938800489596086
gptj-6b,llama31-8b-base,boolq,4,0.5113065326633166,0.5068397543271915,149,892,239,0.2679372197309417,0.45729077896031833,0.5144377094453023,0.04876848221440436,-0.05714693048498398,0.49474535165723527,1237,0.17777777777777778,0.03347280334728033,0.5012126111560227,0.2247191011235955,0.08368200836820083,0.5109135004042037,0.2247191011235955,0.16736401673640167,0.5270816491511722
gptj-6b,llama31-8b-base,geometry_of_truth,4,0.6389980353634578,0.5803863785199738,375,2185,467,0.2137299771167048,0.6432096980453842,0.6096829015363215,0.06090050115466097,0.03352679650906265,0.40556660039761433,2515,0.43119266055045874,0.1006423982869379,0.4242544731610338,0.43577981651376146,0.20342612419700215,0.4433399602385686,0.40503432494279173,0.37901498929336186,0.47594433399602387
gptj-6b,llama31-8b-base,imdb,4,0.6265099575579497,0.6007182500816193,342,2077,733,0.3529128550794415,0.36832184272071716,0.49839644034626124,0.06020384982564278,-0.13007459762554408,0.434,2500,0.19230769230769232,0.027285129604365622,0.442,0.19230769230769232,0.054570259208731244,0.45,0.22409638554216868,0.12687585266030013,0.4712
gptj-6b,llama31-8b-base,rte,4,0.5883928571428572,0.5569196428571429,371,94,18,0.19148936170212766,0.5153508771929824,0.5129751461988303,0.06651519603491736,0.0023757309941521143,0.5343511450381679,131,0.2,0.05555555555555555,0.5419847328244275,0.2222222222222222,0.1111111111111111,0.549618320610687,0.15789473684210525,0.16666666666666666,0.5572519083969466
gptj-6b,llama31-8b-base,truthfulqa,4,0.59317456420329,0.5607660201325804,329,671,357,0.5320417287630402,0.45492337062213417,0.48340737568912917,0.01371324387208366,-0.028484005066995,0.3598531211750306,817,0.4117647058823529,0.0392156862745098,0.3769889840881273,0.43283582089552236,0.08123249299719888,0.3953488372093023,0.47761194029850745,0.1792717086834734,0.43818849449204406
gptj-6b,olmo3-7b,boolq,4,0.5113065326633166,0.5160524846454495,172,848,242,0.28537735849056606,0.5029116548018439,0.5089105501459237,0.0035461021123124447,-0.005998895344079824,0.5335489086499596,1237,0.2619047619047619,0.045454545454545456,0.5424413904607922,0.2823529411764706,0.09917355371900827,0.5529506871463218,0.3058823529411765,0.21487603305785125,0.5755860953920776
gptj-6b,olmo3-7b,geometry_of_truth,4,0.6389980353634578,0.5925016371971186,355,2180,456,0.20917431192660552,0.5525921459681687,0.5742131848618064,0.1707563618712466,-0.021621038893637645,0.4194831013916501,2515,0.47706422018348627,0.11403508771929824,0.4401590457256461,0.41284403669724773,0.19736842105263158,0.4552683896620278,0.29128440366972475,0.27850877192982454,0.46998011928429423
gptj-6b,olmo3-7b,imdb,4,0.6265099575579497,0.5861900097943193,330,1931,319,0.16519937856033143,0.5787355025397295,0.4998818617422622,0.08406254315088381,0.07885364079746732,0.5372,2500,0.23711340206185566,0.07210031347962383,0.5464,0.2694300518134715,0.16300940438871472,0.558,0.21502590673575128,0.2601880877742947,0.5704
gptj-6b,olmo3-7b,rte,4,0.5883928571428572,0.5629464285714286,389,108,19,0.17592592592592593,0.5623891188645772,0.46998817267888826,0.041657478380309816,0.09240094618568895,0.4198473282442748,131,0.2,0.05263157894736842,0.42748091603053434,0.09090909090909091,0.05263157894736842,0.42748091603053434,0.13636363636363635,0.15789473684210525,0.44274809160305345
gptj-6b,olmo3-7b,truthfulqa,4,0.59317456420329,0.570464031426467,351,702,389,0.5541310541310541,0.5667682350912062,0.4944171587670524,0.04591612105865203,0.07235107632415383,0.32313341493268055,817,0.4857142857142857,0.043701799485861184,0.34394124847001223,0.5571428571428572,0.10025706940874037,0.3708690330477356,0.6214285714285714,0.2236503856041131,0.42962056303549573
gptj-6b,qwen3-32b,boolq,4,0.5113065326633166,0.5099106644332775,99,887,98,0.1104847801578354,0.43011044722071345,0.5165347507824423,0.05279716698700341,-0.08642430356172881,0.52303961196443,1237,0.022727272727272728,0.01020408163265306,0.5238480194017785,0.0449438202247191,0.04081632653061224,0.5262732417138237,0.06779661016949153,0.12244897959183673,0.5327405012126112
gptj-6b,qwen3-32b,geometry_of_truth,4,0.6389980353634578,0.558120497707924,215,2028,233,0.11489151873767259,0.8365273112006408,0.6348936602627709,0.23275098554456827,0.2016336509378699,0.495427435387674,2515,0.6534653465346535,0.2832618025751073,0.5216699801192843,0.49261083743842365,0.4291845493562232,0.5351888667992047,0.37192118226600984,0.648068669527897,0.5554671968190855
gptj-6b,qwen3-32b,imdb,4,0.6265099575579497,0.5527260855370552,155,1839,226,0.12289287656334964,0.5101196583072272,0.5012543273952236,0.06634046219692119,0.008865330912003588,0.5468,2500,0.08695652173913043,0.035398230088495575,0.55,0.11956521739130435,0.09734513274336283,0.5556,0.11684782608695653,0.1902654867256637,0.564
gptj-6b,qwen3-32b,rte,4,0.5883928571428572,0.5383928571428571,224,105,10,0.09523809523809523,0.6210526315789474,0.4386842105263158,0.06301464016676016,0.18236842105263162,0.42748091603053434,131,0.2,0.1,0.4351145038167939,0.2,0.2,0.44274809160305345,0.09523809523809523,0.2,0.44274809160305345
gptj-6b,qwen3-32b,truthfulqa,4,0.59317456420329,0.5406334397250184,189,551,201,0.3647912885662432,0.6691826581378821,0.4578678038379531,0.05894691257074681,0.21131485429992902,0.47613219094247244,817,0.5714285714285714,0.07960199004975124,0.49571603427172584,0.6181818181818182,0.1691542288557214,0.5177478580171359,0.5636363636363636,0.30845771144278605,0.5520195838433293
gptj-6b,qwen3-8b,boolq,4,0.5113065326633166,0.509212730318258,110,865,125,0.14450867052023122,0.46798918918918914,0.4700189189189189,0.0016868394467794486,-0.0020297297297297567,0.5262732417138237,1237,0.06976744186046512,0.024,0.5286984640258691,0.10465116279069768,0.072,0.5335489086499596,0.12716763005780346,0.176,0.5440582053354891
gptj-6b,qwen3-8b,geometry_of_truth,4,0.6389980353634578,0.5648330058939096,255,2033,252,0.12395474667978357,0.6870382253593933,0.4550446512125344,0.10044942825310722,0.2319935741468589,0.5017892644135189,2515,0.6078431372549019,0.24603174603174602,0.526441351888668,0.46798029556650245,0.376984126984127,0.5395626242544732,0.3046683046683047,0.49206349206349204,0.551093439363817
gptj-6b,qwen3-8b,imdb,4,0.6265099575579497,0.5576232451844597,209,1838,238,0.1294885745375408,0.4977074579831932,0.5398247111344538,0.035931296074021644,-0.042117253151260636,0.5548,2500,0.09782608695652174,0.037815126050420166,0.5584,0.09782608695652174,0.07563025210084033,0.562,0.11684782608695653,0.18067226890756302,0.572
gptj-6b,qwen3-8b,rte,4,0.5883928571428572,0.54296875,262,105,13,0.12380952380952381,0.6797658862876255,0.42328595317725753,0.016494845873210835,0.25647993311036793,0.4198473282442748,131,0.6,0.23076923076923078,0.44274809160305345,0.3,0.23076923076923078,0.44274809160305345,0.23809523809523808,0.38461538461538464,0.4580152671755725
gptj-6b,qwen3-8b,truthfulqa,4,0.59317456420329,0.54824453719617,243,556,208,0.37410071942446044,0.6327779619805483,0.5161119860742706,0.05058200323203097,0.1166659759062777,0.4810281517747858,817,0.42857142857142855,0.057692307692307696,0.49571603427172584,0.48214285714285715,0.12980769230769232,0.5140758873929009,0.44144144144144143,0.23557692307692307,0.5410036719706243
gptj-6b,qwen3-8b-base,boolq,4,0.5113065326633166,0.5192629815745393,132,947,228,0.24076029567053855,0.5004880072225069,0.5039574335700168,0.019680307196179178,-0.0034694263475099074,0.49555375909458366,1237,0.23404255319148937,0.04824561403508772,0.5044462409054163,0.16842105263157894,0.07017543859649122,0.5084882780921585,0.21164021164021163,0.17543859649122806,0.5278900565885206
gptj-6b,qwen3-8b-base,geometry_of_truth,4,0.6389980353634578,0.5808775376555337,278,2184,389,0.17811355311355312,0.8699028291956377,0.612013519416259,0.11276275070967093,0.25788930977937863,0.4170974155069582,2515,0.908256880733945,0.2544987146529563,0.45646123260437377,0.7889908256880734,0.442159383033419,0.48548707753479126,0.5652173913043478,0.6349614395886889,0.5153081510934394
gptj-6b,qwen3-8b-base,imdb,4,0.6265099575579497,0.5669278485145283,224,1829,254,0.1388737014762165,0.526941632295963,0.5372234720659917,0.030010189621269424,-0.010281839770028722,0.5696,2500,0.13186813186813187,0.047244094488188976,0.5744,0.12021857923497267,0.08661417322834646,0.5784,0.13934426229508196,0.20078740157480315,0.59
gptj-6b,qwen3-8b-base,rte,4,0.5883928571428572,0.5534598214285714,281,108,13,0.12037037037037036,0.46477732793522264,0.4714574898785425,0.10157244425492515,-0.0066801619433198844,0.4122137404580153,131,0.0,0.0,0.4122137404580153,0.09090909090909091,0.07692307692307693,0.4198473282442748,0.09090909090909091,0.15384615384615385,0.42748091603053434
gptj-6b,qwen3-8b-base,truthfulqa,4,0.59317456420329,0.5572059906702677,247,600,284,0.47333333333333333,0.5811530575860224,0.4971780843287573,0.003801039492826917,0.0839749732572651,0.44920440636474906,817,0.6666666666666666,0.07042253521126761,0.47368421052631576,0.7166666666666667,0.15140845070422534,0.5018359853121175,0.5583333333333333,0.23591549295774647,0.5312117503059975
gptj-6b,qwen38-27b,boolq,3,0.5033621517771374,0.5072046109510087,40,818,123,0.15036674816625917,0.44802012048897466,0.47615956015675265,0.022823077935147474,-0.028139439667777988,0.5295068714632175,1237,0.12195121951219512,0.04065040650406504,0.5335489086499596,0.10975609756097561,0.07317073170731707,0.5367825383993533,0.11585365853658537,0.15447154471544716,0.5448666127728375
gptj-6b,qwen38-27b,geometry_of_truth,3,0.7619047619047619,0.5962033462033463,117,2551,460,0.18032144257154056,0.2315056245191608,0.515763468696068,0.28231889996701626,-0.28425784417690725,0.5208747514910537,2515,0.1171875,0.03260869565217391,0.5268389662027833,0.08235294117647059,0.04565217391304348,0.5292246520874752,0.045098039215686274,0.05,0.5300198807157057
gptj-6b,qwen38-27b,rte,3,0.6236577181208054,0.5463087248322148,125,99,7,0.0707070707070707,0.24068322981366458,0.4421583850931676,0.1477701912631505,-0.20147515527950305,0.5725190839694656,131,0.0,0.0,0.5725190839694656,0.0,0.0,0.5725190839694656,0.0,0.0,0.5725190839694656
gptj-6b,qwen38-27b,truthfulqa,3,0.6478818499805674,0.5540225417800233,117,587,218,0.37137989778534924,0.5668804853186147,0.5108214614256235,0.03747314208233415,0.05605902389299122,0.5483476132190942,817,0.4482758620689655,0.05963302752293578,0.5642594859241126,0.5254237288135594,0.14220183486238533,0.5862913096695227,0.4444444444444444,0.23853211009174313,0.6119951040391677
llama-8b,gemma2-9b,boolq,4,0.5194025683975433,0.510748185371301,140,1293,133,0.102861562258314,0.5633458646616543,0.5057282214156079,0.033341467625916124,0.057617643246046346,0.2231204527081649,1237,0.13846153846153847,0.06766917293233082,0.23039611964430073,0.12403100775193798,0.12030075187969924,0.2360549717057397,0.13127413127413126,0.2556390977443609,0.25060630557801133
llama-8b,gemma2-9b,geometry_of_truth,4,0.5872626064178127,0.5566470203012442,232,2397,61,0.025448477263245724,0.8309566584325174,0.5492206798787334,0.12153231112191197,0.28173597855378407,0.3121272365805169,2515,0.14166666666666666,0.2786885245901639,0.31888667992047715,0.09166666666666666,0.36065573770491804,0.32087475149105366,0.08768267223382047,0.6885245901639344,0.32882703777335986
llama-8b,gemma2-9b,imdb,4,0.5724779627815867,0.5525628468821417,159,2653,294,0.11081794195250659,0.47882908992337925,0.40955106078039527,0.06330027323979145,0.06927802914298398,0.0944,2500,0.06766917293233082,0.030612244897959183,0.098,0.07924528301886792,0.07142857142857142,0.1028,0.09981167608286252,0.18027210884353742,0.1156
llama-8b,gemma2-9b,rte,4,0.5581473214285714,0.5388392857142857,239,113,13,0.11504424778761062,0.6230769230769231,0.5509615384615385,0.07223477297005579,0.07211538461538458,0.3435114503816794,131,0.3333333333333333,0.15384615384615385,0.35877862595419846,0.2727272727272727,0.23076923076923078,0.366412213740458,0.17391304347826086,0.3076923076923077,0.37404580152671757
llama-8b,gemma2-9b,truthfulqa,4,0.5615025779523692,0.5412472379081757,199,632,242,0.3829113924050633,0.5986649713922441,0.5388111888111888,0.06540079159950543,0.059853782581055226,0.32558139534883723,817,0.46875,0.06198347107438017,0.34394124847001223,0.47619047619047616,0.12396694214876033,0.3623011015911873,0.4603174603174603,0.2396694214876033,0.39657282741738065
llama-8b,gemma4-12b,boolq,4,0.7490228922389727,0.6072026800670016,1144,1481,378,0.2552329507089804,0.5502837379537289,0.4928513865503893,0.0093137345952263,0.0574323514033395,0.5036378334680679,1237,0.2027027027027027,0.0396825396825396,0.5157639450282943,0.2635135135135135,0.1031746031746031,0.5351657235246564,0.3074324324324324,0.2407407407407407,0.5772029102667745
llama-8b,gemma4-12b,geometry_of_truth,4,0.5792403405370007,0.7917485265225933,374,2385,378,0.1584905660377358,0.927056888192912,0.601045151493582,0.1132147313630508,0.3260117366993301,0.6429423459244533,2515,0.7647058823529411,0.2407407407407407,0.6791252485089463,0.7310924369747899,0.4603174603174603,0.7121272365805169,0.610062893081761,0.7698412698412699,0.7586481113320079
llama-8b,gemma4-12b,imdb,4,0.6913157035586027,0.5009794319294809,760,1830,605,0.3306010928961748,0.6073563838758644,0.4995277449822904,0.0224865410664227,0.1078286388935739,0.418,2500,0.4891304347826087,0.0743801652892562,0.436,0.4426229508196721,0.1338842975206611,0.4504,0.4508196721311475,0.2727272727272727,0.484
llama-8b,gemma4-12b,rte,4,0.7657366071428572,0.5954241071428571,1571,132,50,0.3787878787878788,0.6741463414634146,0.5151219512195122,0.0544601978231473,0.1590243902439023,0.4198473282442748,131,0.7142857142857143,0.1,0.4580152671755725,0.6923076923076923,0.18,0.4885496183206106,0.6538461538461539,0.34,0.549618320610687
llama-8b,gemma4-12b,truthfulqa,4,0.7809968082494476,0.6350356002946231,1554,841,373,0.4435196195005945,0.4755963428885681,0.4778147269769254,0.0733540412735129,-0.0022183840883572,0.4247246022031823,817,0.3333333333333333,0.0375335120643431,0.4418604651162791,0.3333333333333333,0.0750670241286863,0.4589963280293758,0.3869047619047619,0.1742627345844504,0.5042839657282742
llama-8b,gemma4-12b-base,boolq,4,0.7490228922389727,0.3285873813512004,219,948,162,0.170886075949367,0.5053325165708542,0.4901517293374799,0.0481620563057478,0.0151807872333742,0.4502829426030719,1237,0.2553191489361702,0.074074074074074,0.459983831851253,0.1789473684210526,0.1049382716049382,0.4640258690379951,0.1789473684210526,0.2098765432098765,0.4777687954729183
llama-8b,gemma4-12b-base,geometry_of_truth,4,0.5792403405370007,0.8040275049115914,378,2908,396,0.1361760660247593,0.9645519687319052,0.5634866780865985,0.2526642330322403,0.4010652906453066,0.4528827037773359,2515,0.8620689655172413,0.3156565656565656,0.5025844930417495,0.7972508591065293,0.5858585858585859,0.5451292246520875,0.6323024054982818,0.9292929292929292,0.5992047713717694
llama-8b,gemma4-12b-base,imdb,4,0.6913157035586027,0.5584394384590271,818,2400,658,0.2741666666666666,0.5511037866547552,0.5349770902327269,0.0920896123170987,0.0161266964220283,0.2832,2500,0.3333333333333333,0.060790273556231,0.2992,0.3458333333333333,0.1261398176291793,0.3164,0.3270833333333333,0.2386018237082066,0.346
llama-8b,gemma4-12b-base,rte,4,0.5581473214285714,0.5702008928571428,271,125,29,0.232,0.6400862068965517,0.44773706896551724,0.08285451426946858,0.19234913793103448,0.26717557251908397,131,0.5,0.10344827586206896,0.2900763358778626,0.6666666666666666,0.27586206896551724,0.3282442748091603,0.48,0.41379310344827586,0.35877862595419846
llama-8b,gemma4-12b-base,truthfulqa,4,0.5615025779523692,0.5709550699729928,255,669,314,0.4693572496263079,0.5603749887862205,0.5466627792231094,0.026043082745156574,0.013712209563111144,0.3268053855569155,817,0.5454545454545454,0.05732484076433121,0.3488372093023256,0.582089552238806,0.12420382165605096,0.37454100367197063,0.5522388059701493,0.2356687898089172,0.4173806609547124
llama-8b,gemma4-31b,boolq,3,0.6176753121998079,0.3674351585014409,363,733,103,0.1405184174624829,0.5352904916011713,0.4900947757743873,0.0427429751639959,0.0451957158267838,0.4801940177849636,1237,0.1891891891891892,0.0679611650485436,0.4858528698464026,0.136986301369863,0.0970873786407767,0.4882780921584478,0.1564625850340136,0.2233009708737864,0.4987873888439774
llama-8b,gemma4-31b,geometry_of_truth,3,0.6772844272844273,0.6576576576576577,492,2449,828,0.338097182523479,0.9404479849320662,0.2517983695279647,0.0524084975456689,0.6886496154041014,0.3685884691848906,2515,0.8442622950819673,0.1243961352657004,0.4095427435387674,0.8938775510204081,0.2644927536231884,0.4556660039761431,0.9142857142857144,0.5410628019323671,0.5467196819085487
llama-8b,gemma4-31b,rte,3,0.6897651006711409,0.4444630872483222,674,97,33,0.3402061855670103,0.6846590909090908,0.4423532196969697,0.0618975054594122,0.2423058712121211,0.4045801526717557,131,0.8,0.1212121212121212,0.4351145038167939,0.7,0.2121212121212121,0.4580152671755725,0.631578947368421,0.3636363636363636,0.4961832061068702
llama-8b,gemma4-31b,truthfulqa,3,0.6787796346677031,0.4325689856198989,565,556,236,0.4244604316546763,0.5009401483050848,0.4620497881355931,0.078126441966368,0.0388903601694916,0.4296205630354957,817,0.3214285714285714,0.0381355932203389,0.4406364749082007,0.2857142857142857,0.0677966101694915,0.449204406364749,0.3513513513513513,0.1652542372881356,0.4773561811505508
llama-8b,llama31-405b,boolq,4,0.5194025683975433,0.5117252931323283,112,1278,78,0.06103286384976526,0.4940918803418804,0.5184268162393163,0.039857605571703265,-0.024334935897435905,0.2392886014551334,1237,0.046875,0.038461538461538464,0.24171382376717865,0.0859375,0.14102564102564102,0.24818108326596605,0.06640625,0.21794871794871795,0.25303152789005656
llama-8b,llama31-405b,geometry_of_truth,4,0.5872626064178127,0.5504256712508186,166,2483,149,0.060008054772452676,0.9256195257730773,0.5442093246608352,0.16648036774955802,0.3814102011122421,0.23180914512922465,2515,0.24193548387096775,0.20134228187919462,0.24373757455268388,0.3548387096774194,0.5906040268456376,0.26679920477137176,0.28169014084507044,0.9395973154362416,0.2874751491053678
llama-8b,llama31-405b,imdb,4,0.5724779627815867,0.5430950048971597,104,2606,236,0.09056024558710668,0.4249570907530573,0.5329922942144032,0.08974650429740633,-0.10803520346134587,0.1084,2500,0.06153846153846154,0.03389830508474576,0.1116,0.06896551724137931,0.07627118644067797,0.1156,0.0671785028790787,0.1483050847457627,0.1224
llama-8b,llama31-405b,rte,4,0.5581473214285714,0.5334821428571429,162,118,19,0.16101694915254236,0.6778309409888358,0.5034556087187666,0.03979791020140969,0.17437533227006918,0.25190839694656486,131,0.5,0.15789473684210525,0.2748091603053435,0.5833333333333334,0.3684210526315789,0.3053435114503817,0.3333333333333333,0.42105263157894735,0.31297709923664124
llama-8b,llama31-405b,truthfulqa,4,0.5615025779523692,0.5379327277191259,162,615,208,0.3382113821138211,0.6237478737478738,0.45446276696276694,0.048776551843234074,0.16928510678510683,0.3525091799265606,817,0.3548387096774194,0.052884615384615384,0.3659730722154223,0.45161290322580644,0.1346153846153846,0.386780905752754,0.5040650406504065,0.2980769230769231,0.4283965728274174
llama-8b,llama31-70b,boolq,4,0.5194025683975433,0.5093523171412618,111,1199,129,0.10758965804837364,0.5695283633992609,0.49289466058103315,0.017655439701819705,0.07663370281822779,0.26434923201293453,1237,0.2,0.09302325581395349,0.2740501212611156,0.16666666666666666,0.15503875968992248,0.280517380759903,0.15,0.27906976744186046,0.29345189975747776
llama-8b,llama31-70b,geometry_of_truth,4,0.5872626064178127,0.5517354289456451,191,2397,61,0.025448477263245724,0.8344725465977992,0.4358350409836066,0.19255667275869937,0.39863750561419264,0.30218687872763417,2515,0.21666666666666667,0.4262295081967213,0.3125248508946322,0.14166666666666666,0.5573770491803278,0.3157057654075547,0.07724425887265135,0.6065573770491803,0.3168986083499006
llama-8b,llama31-70b,imdb,4,0.5724779627815867,0.549624551093699,136,2621,247,0.09423884013735216,0.5165047119775981,0.4947235401055292,0.07552977349415904,0.02178117187206885,0.114,2500,0.11450381679389313,0.06072874493927125,0.12,0.09541984732824428,0.10121457489878542,0.124,0.09541984732824428,0.20242914979757085,0.134
llama-8b,llama31-70b,rte,4,0.5581473214285714,0.5348214285714286,187,120,17,0.14166666666666666,0.6864648772130211,0.4444603083952027,0.06240892543758974,0.2420045688178184,0.26717557251908397,131,0.5,0.17647058823529413,0.2900763358778626,0.3333333333333333,0.23529411764705882,0.29770992366412213,0.25,0.35294117647058826,0.31297709923664124
llama-8b,llama31-70b,truthfulqa,4,0.5615025779523692,0.5390375644488092,173,658,262,0.3981762917933131,0.6223590870537435,0.5117756766134628,0.062328919053751444,0.11058341044028075,0.3072215422276622,817,0.48484848484848486,0.061068702290076333,0.3268053855569155,0.4696969696969697,0.1183206106870229,0.34516523867809057,0.5075757575757576,0.25572519083969464,0.38922888616891066
llama-8b,llama31-70b-base,boolq,4,0.5194025683975433,0.5142378559463987,130,1182,143,0.12098138747884941,0.5032138217893752,0.5036849579679223,0.03690435518637641,-0.00047113617854710466,0.2772837510105093,1237,0.0847457627118644,0.03496503496503497,0.2813257881972514,0.11864406779661017,0.0979020979020979,0.28860145513338725,0.1271186440677966,0.2097902097902098,0.301535974130962
llama-8b,llama31-70b-base,geometry_of_truth,4,0.5872626064178127,0.5764571054354944,249,2393,60,0.025073129962390306,0.9024360622946136,0.3916648806972425,0.11191276205449485,0.5107711815973711,0.35427435387673956,2515,0.19166666666666668,0.38333333333333336,0.36341948310139166,0.1297071129707113,0.5166666666666667,0.3666003976143141,0.10647181628392484,0.85,0.3745526838966203
llama-8b,llama31-70b-base,imdb,4,0.5724779627815867,0.5677440417890957,186,2351,297,0.12632922160782645,0.4216491431681305,0.47189437379310795,0.044412725482459656,-0.05024523062497743,0.2368,2500,0.1271186440677966,0.050505050505050504,0.2428,0.09361702127659574,0.07407407407407407,0.2456,0.07234042553191489,0.11447811447811448,0.2504
llama-8b,llama31-70b-base,rte,4,0.5581473214285714,0.54921875,244,109,19,0.1743119266055046,0.639766081871345,0.5378654970760235,0.017021336568174734,0.10190058479532149,0.3435114503816794,131,0.2,0.05263157894736842,0.3511450381679389,0.09090909090909091,0.05263157894736842,0.3511450381679389,0.22727272727272727,0.2631578947368421,0.3816793893129771
llama-8b,llama31-70b-base,truthfulqa,4,0.5615025779523692,0.5535232015713234,215,654,278,0.42507645259938837,0.5475662023572632,0.45404819761212306,0.01191339906914551,0.0935180047451401,0.31334149326805383,817,0.3939393939393939,0.046762589928057555,0.3292533659730722,0.4461538461538462,0.10431654676258993,0.3488372093023256,0.48091603053435117,0.22661870503597123,0.390452876376989
llama-8b,llama31-8b-base,boolq,4,0.5194025683975433,0.5068397543271915,150,1257,196,0.15592680986475735,0.5046596395391333,0.5160370462982553,0.021220081657143047,-0.011377406759122022,0.26919967663702504,1237,0.15873015873015872,0.05102040816326531,0.2772837510105093,0.15079365079365079,0.09693877551020408,0.28455941794664513,0.13147410358565736,0.1683673469387755,0.29587712206952305
llama-8b,llama31-8b-base,geometry_of_truth,4,0.5872626064178127,0.5803863785199738,288,2355,136,0.05774946921443737,0.6375818466187737,0.5058005063224028,0.19076386885429591,0.1317813402963709,0.35149105367793243,2515,0.2288135593220339,0.19852941176470587,0.3622266401590457,0.17796610169491525,0.3088235294117647,0.36819085487077535,0.11889596602972399,0.4117647058823529,0.37375745526838966
llama-8b,llama31-8b-base,imdb,4,0.5724779627815867,0.6007182500816193,252,2116,247,0.1167296786389414,0.47981448868497956,0.5267782680556188,0.09227458352507602,-0.046963779370639225,0.4232,2500,0.09433962264150944,0.04048582995951417,0.4272,0.10849056603773585,0.0931174089068826,0.4324,0.09692671394799054,0.1659919028340081,0.4396
llama-8b,llama31-8b-base,rte,4,0.5581473214285714,0.5569196428571429,287,118,30,0.2542372881355932,0.6215909090909091,0.5108901515151515,0.07154899717125406,0.11070075757575759,0.24427480916030533,131,0.16666666666666666,0.03333333333333333,0.25190839694656486,0.5,0.2,0.2900763358778626,0.375,0.3,0.31297709923664124
llama-8b,llama31-8b-base,truthfulqa,4,0.5615025779523692,0.5607660201325804,265,707,373,0.5275813295615276,0.533688654861858,0.476960957441685,0.06422968041144002,0.05672769742017303,0.2594859241126071,817,0.5714285714285714,0.05361930294906166,0.2839657282741738,0.5492957746478874,0.10455764075067024,0.3072215422276622,0.5319148936170213,0.20107238605898123,0.35128518971848227
llama-8b,qwen3-32b,boolq,4,0.5194025683975433,0.5099106644332775,120,1179,78,0.06615776081424936,0.4797037658073081,0.5039620158829968,0.017894691184444245,-0.024258250075688714,0.2603071948261924,1237,0.01694915254237288,0.01282051282051282,0.2611156022635408,0.059322033898305086,0.08974358974358974,0.26596604688763137,0.0635593220338983,0.19230769230769232,0.27243330638641877
llama-8b,qwen3-32b,geometry_of_truth,4,0.5872626064178127,0.558120497707924,215,2462,126,0.05117790414297319,0.9215964068275714,0.6645695735485975,0.1876713878442377,0.2570268332789739,0.263220675944334,2515,0.3902439024390244,0.38095238095238093,0.2823061630218688,0.3333333333333333,0.6507936507936508,0.29582504970178924,0.22357723577235772,0.873015873015873,0.3069582504970179
llama-8b,qwen3-32b,imdb,4,0.5724779627815867,0.5527260855370552,140,2605,261,0.10019193857965451,0.46005616361330137,0.5757640768637297,0.07197139900130944,-0.11570791325042828,0.1192,2500,0.13076923076923078,0.06513409961685823,0.126,0.08461538461538462,0.0842911877394636,0.128,0.08829174664107485,0.17624521072796934,0.1376
llama-8b,qwen3-32b,rte,4,0.5581473214285714,0.5383928571428571,213,119,12,0.10084033613445378,0.7024922118380063,0.43983644859813087,0.05849779409014591,0.2626557632398754,0.2900763358778626,131,0.16666666666666666,0.08333333333333333,0.29770992366412213,0.25,0.25,0.31297709923664124,0.25,0.5,0.33587786259541985
llama-8b,qwen3-32b,truthfulqa,4,0.5615025779523692,0.5406334397250184,196,618,239,0.38673139158576053,0.6581181483975669,0.49603669643744275,0.061130850678593224,0.16208145196012413,0.3219094247246022,817,0.6774193548387096,0.08786610878661087,0.34761321909424725,0.6451612903225806,0.16736401673640167,0.3708690330477356,0.5887096774193549,0.3054393305439331,0.4112607099143207
llama-8b,qwen3-8b,boolq,4,0.7490228922389727,0.3330541596873255,100,1016,94,0.09251968503937,0.5777103429178012,0.4623217335117921,0.0314557086600837,0.115388609406009,0.4616006467259498,1237,0.1372549019607843,0.0744680851063829,0.4672594987873888,0.1372549019607843,0.1489361702127659,0.4729183508488278,0.1477832512315271,0.3191489361702128,0.4858528698464026
llama-8b,qwen3-8b,geometry_of_truth,4,0.5792403405370007,0.6365422396856582,384,2689,198,0.0736333209371513,0.8583385034609443,0.2823406688320378,0.1555356266877238,0.5759978346289065,0.2846918489065606,2515,0.6343283582089553,0.4292929292929293,0.3184890656063618,0.4126394052044609,0.5606060606060606,0.3288270377733598,0.2453531598513011,0.6666666666666666,0.3371769383697813
llama-8b,qwen3-8b,imdb,4,0.6913157035586027,0.6849493960169768,685,3217,762,0.2368666459434255,0.7164055358660616,0.5375777111364135,0.0709731521576668,0.1788278247296481,0.1648,2500,0.5527950310559007,0.1167979002624672,0.2004,0.484472049689441,0.2047244094488189,0.2272,0.432348367029549,0.3648293963254593,0.276
llama-8b,qwen3-8b,rte,4,0.7657366071428572,0.6415178571428571,840,165,38,0.2303030303030303,0.6641110650642353,0.5457936179030253,0.0594281917275563,0.11831744716121,0.3206106870229007,131,0.375,0.0789473684210526,0.3435114503816794,0.375,0.1578947368421052,0.366412213740458,0.303030303030303,0.2631578947368421,0.3969465648854962
llama-8b,qwen3-8b,truthfulqa,4,0.7809968082494476,0.663147557083231,788,973,368,0.3782117163412127,0.5511049227452389,0.5534865702479339,0.0573142516345407,-0.0023816475026949,0.2900856793145654,817,0.4693877551020408,0.0625,0.3182374541003672,0.4536082474226804,0.1195652173913043,0.3439412484700122,0.4256410256410256,0.2255434782608695,0.3916768665850673
llama-8b,qwen3-8b-base,boolq,4,0.5194025683975433,0.5192629815745393,155,1150,145,0.12608695652173912,0.54390118373649,0.5020792588780236,0.0061783806305932545,0.041821924858466364,0.33468067906224735,1237,0.08620689655172414,0.034482758620689655,0.3387227162489895,0.13043478260869565,0.10344827586206896,0.3468067906224737,0.16521739130434782,0.2620689655172414,0.3654001616814875
llama-8b,qwen3-8b-base,geometry_of_truth,4,0.5872626064178127,0.5808775376555337,263,2405,69,0.028690228690228692,0.8613758189398452,0.4438452327774469,0.08137706648967984,0.41753058616239824,0.35427435387673956,2515,0.225,0.391304347826087,0.3650099403578529,0.15416666666666667,0.5362318840579711,0.36898608349900597,0.0893970893970894,0.6231884057971014,0.3713717693836978
llama-8b,qwen3-8b-base,imdb,4,0.5724779627815867,0.5669278485145283,193,2614,303,0.11591430757459832,0.47485337023533597,0.4795668013361267,0.06098915732631846,-0.004713431100790755,0.1308,2500,0.06870229007633588,0.0297029702970297,0.1344,0.07279693486590039,0.0627062706270627,0.1384,0.08795411089866156,0.15181518151815182,0.1492
llama-8b,qwen3-8b-base,rte,4,0.5581473214285714,0.5534598214285714,270,117,13,0.1111111111111111,0.6656804733727811,0.4796597633136095,0.08104514423376896,0.18602071005917165,0.3053435114503817,131,0.5,0.23076923076923078,0.3282442748091603,0.25,0.23076923076923078,0.3282442748091603,0.21739130434782608,0.38461538461538464,0.3435114503816794
llama-8b,qwen3-8b-base,truthfulqa,4,0.5615025779523692,0.5572059906702677,234,686,323,0.4708454810495627,0.5902139890318894,0.5370131088538068,0.036223060605016864,0.053200880178082555,0.29253365973072215,817,0.5588235294117647,0.058823529411764705,0.3157894736842105,0.5797101449275363,0.1238390092879257,0.34149326805385555,0.5620437956204379,0.23839009287925697,0.386780905752754
llama-8b,qwen38-27b,boolq,3,0.5096061479346782,0.5072046109510087,43,1074,105,0.09776536312849161,0.4440611332252199,0.48083443903877343,0.03882373249510037,-0.036773305813553536,0.34761519805982216,1237,0.05555555555555555,0.02857142857142857,0.35004042037186744,0.08411214953271028,0.08571428571428572,0.35489086499595796,0.06976744186046512,0.14285714285714285,0.3597413096200485
llama-8b,qwen38-27b,geometry_of_truth,3,0.6422136422136422,0.5962033462033463,113,2686,212,0.07892777364110201,0.6723814462866643,0.5345475015634295,0.2572493805601667,0.13783394472323485,0.3256461232604374,2515,0.34328358208955223,0.2169811320754717,0.34393638170974156,0.26394052044609667,0.33490566037735847,0.3538767395626243,0.1750465549348231,0.44339622641509435,0.3630218687872763
llama-8b,qwen38-27b,rte,3,0.5721476510067114,0.5463087248322148,123,119,12,0.10084033613445378,0.5903426791277259,0.5373831775700935,0.0319836591875094,0.052959501557632405,0.31297709923664124,131,0.3333333333333333,0.16666666666666666,0.3282442748091603,0.16666666666666666,0.16666666666666666,0.3282442748091603,0.20833333333333334,0.4166666666666667,0.3511450381679389
llama-8b,qwen38-27b,truthfulqa,3,0.5806451612903226,0.5540225417800233,107,651,251,0.38556067588325654,0.5874402390438247,0.4815164342629482,0.028053338632781324,0.10592380478087648,0.3733170134638923,817,0.696969696969697,0.09163346613545817,0.401468788249694,0.6153846153846154,0.1593625498007968,0.4222766217870257,0.5230769230769231,0.27091633466135456,0.4565483476132191
llama31-70b,llama31-405b,boolq,4,0.5093523171412618,0.5117252931323283,108,1274,101,0.07927786499215071,0.5769331408844208,0.48076565968617324,0.023831519508434987,0.09616748119824758,0.185125303152789,1237,0.109375,0.06930693069306931,0.19078415521422798,0.13385826771653545,0.16831683168316833,0.19886822958771222,0.12549019607843137,0.31683168316831684,0.21099434114793855
llama31-70b,llama31-405b,geometry_of_truth,4,0.5517354289456451,0.5504256712508186,156,2630,125,0.04752851711026616,0.9032079840319361,0.6116758483033933,0.07287948218196846,0.29153213572854286,0.11013916500994035,2515,0.5227272727272727,0.552,0.13757455268389662,0.34220532319391633,0.72,0.14592445328031808,0.19391634980988592,0.816,0.15069582504970178
llama31-8b-base,qwen3-32b,boolq,4,0.5068397543271915,0.5099106644332775,98,1069,86,0.08044901777362021,0.4762591970474816,0.4668699283162602,0.052953646632568886,0.009389268731221423,0.34357316087308004,1237,0.11320754716981132,0.06976744186046512,0.34842360549717055,0.06542056074766354,0.08139534883720931,0.349232012934519,0.06542056074766354,0.16279069767441862,0.35489086499595796
llama31-8b-base,qwen3-32b,geometry_of_truth,4,0.5803863785199738,0.558120497707924,183,2530,151,0.059683794466403164,0.9043061668183805,0.5213269251647278,0.2055704380962556,0.3829792416536527,0.21153081510934393,2515,0.5158730158730159,0.4304635761589404,0.23737574552683896,0.32806324110671936,0.5496688741721855,0.24453280318091453,0.24110671936758893,0.8079470198675497,0.26003976143141155
llama31-8b-base,qwen3-32b,imdb,4,0.6007182500816193,0.5527260855370552,144,2092,213,0.10181644359464627,0.4666701646815432,0.4950752947702179,0.052382118138497455,-0.02840513008867468,0.4056,2500,0.09523809523809523,0.046948356807511735,0.4096,0.0861244019138756,0.08450704225352113,0.4128,0.08373205741626795,0.1643192488262911,0.4196
llama31-8b-base,qwen3-32b,rte,4,0.5569196428571429,0.5383928571428571,184,111,14,0.12612612612612611,0.6067746686303388,0.45139911634756996,0.07888347584894012,0.15537555228276884,0.3053435114503817,131,0.3333333333333333,0.14285714285714285,0.32061068702290074,0.18181818181818182,0.14285714285714285,0.32061068702290074,0.13636363636363635,0.21428571428571427,0.3282442748091603
llama31-8b-base,qwen3-32b,truthfulqa,4,0.5607660201325804,0.5406334397250184,172,573,209,0.3647469458987784,0.6534255218465744,0.4778412377096588,0.05289909382362998,0.17558428413691562,0.4173806609547124,817,0.7586206896551724,0.10526315789473684,0.44430844553243576,0.7017543859649122,0.19138755980861244,0.4663402692778458,0.591304347826087,0.3253588516746411,0.5006119951040392
llama31-8b-base,qwen3-8b,boolq,4,0.5068397543271915,0.509212730318258,101,1142,122,0.10683012259194395,0.5168756027000965,0.5062540180006428,0.020064255740571788,0.010621584699453623,0.3322554567502021,1237,0.15789473684210525,0.07377049180327869,0.3395311236863379,0.07894736842105263,0.07377049180327869,0.3395311236863379,0.10964912280701754,0.20491803278688525,0.35246564268391267
llama31-8b-base,qwen3-8b,geometry_of_truth,4,0.5803863785199738,0.5648330058939096,213,2520,158,0.0626984126984127,0.7610558526886676,0.4803367399436221,0.2051518689335454,0.2807191127450455,0.22743538767395627,2515,0.25396825396825395,0.20253164556962025,0.24015904572564611,0.21428571428571427,0.34177215189873417,0.2489065606361829,0.15873015873015872,0.5063291139240507,0.25924453280318094
llama31-8b-base,qwen3-8b,imdb,4,0.6007182500816193,0.5576232451844597,194,2100,233,0.11095238095238096,0.4433106289266249,0.47582072637243655,0.02172145629585111,-0.03251009744581168,0.4072,2500,0.10476190476190476,0.04721030042918455,0.4116,0.09047619047619047,0.0815450643776824,0.4148,0.0880952380952381,0.15879828326180256,0.422
llama31-8b-base,qwen3-8b,rte,4,0.5569196428571429,0.54296875,209,106,14,0.1320754716981132,0.5714285714285714,0.4497282608695652,0.0342512539978936,0.12170031055900621,0.3435114503816794,131,0.0,0.0,0.3435114503816794,0.0,0.0,0.3435114503816794,0.14285714285714285,0.21428571428571427,0.366412213740458
llama31-8b-base,qwen3-8b,truthfulqa,4,0.5607660201325804,0.54824453719617,190,551,222,0.4029038112522686,0.5393630712779649,0.499181932692571,0.03383625193171269,0.040181138585393905,0.40758873929008566,817,0.2857142857142857,0.036036036036036036,0.4173806609547124,0.34545454545454546,0.08558558558558559,0.43084455324357407,0.37272727272727274,0.18468468468468469,0.45777233782129745
llama31-8b-base,qwen3-8b-base,boolq,4,0.5068397543271915,0.5192629815745393,122,1046,162,0.15487571701720843,0.4862996480643539,0.5017701525054465,0.022083923691702496,-0.015470504441092658,0.4033953112368634,1237,0.07692307692307693,0.024691358024691357,0.40662894098625707,0.08571428571428572,0.05555555555555555,0.4106709781729992,0.12440191387559808,0.16049382716049382,0.4244139046079224
llama31-8b-base,qwen3-8b-base,geometry_of_truth,4,0.5803863785199738,0.5808775376555337,234,2715,336,0.12375690607734807,0.7480721691787265,0.32766806281150546,0.12963262833759676,0.4204041063672211,0.11013916500994035,2515,0.41911764705882354,0.16964285714285715,0.13280318091451293,0.33455882352941174,0.2708333333333333,0.1463220675944334,0.2578268876611418,0.4166666666666667,0.1658051689860835
llama31-8b-base,qwen3-8b-base,imdb,4,0.6007182500816193,0.5669278485145283,204,2059,223,0.10830500242836329,0.45466357943276964,0.5356076037789306,0.10716796509699784,-0.08094402434616094,0.4428,2500,0.05825242718446602,0.026905829596412557,0.4452,0.06796116504854369,0.06278026905829596,0.4484,0.06310679611650485,0.11659192825112108,0.4532
llama31-8b-base,qwen3-8b-base,rte,4,0.5569196428571429,0.5534598214285714,239,106,12,0.11320754716981132,0.5523049645390071,0.5527482269503545,0.028702738603833464,-0.0004432624113474004,0.366412213740458,131,0.0,0.0,0.366412213740458,0.09090909090909091,0.08333333333333333,0.37404580152671757,0.14285714285714285,0.25,0.3893129770992366
llama31-8b-base,qwen3-8b-base,truthfulqa,4,0.5607660201325804,0.5572059906702677,208,664,318,0.4789156626506024,0.5549860035627294,0.5053736321663576,0.022595728761074022,0.04961237139637187,0.3268053855569155,817,0.48484848484848486,0.050314465408805034,0.3463892288861689,0.5303030303030303,0.11006289308176101,0.36964504283965727,0.5037593984962406,0.21069182389937108,0.408812729498164
llama31-8b-base,qwen38-27b,boolq,3,0.5062439961575408,0.5072046109510087,41,1116,128,0.11469534050179211,0.4110339701417004,0.5042087076163968,0.026659763152636344,-0.0931747374746964,0.33387227162489896,1237,0.17857142857142858,0.078125,0.3419563459983832,0.09821428571428571,0.0859375,0.3427647534357316,0.07623318385650224,0.1328125,0.34761519805982216
llama31-8b-base,qwen38-27b,geometry_of_truth,3,0.694015444015444,0.5962033462033463,108,2765,320,0.11573236889692586,0.14316589979550104,0.4782352377300613,0.20555509405658723,-0.3350693379345603,0.35506958250497017,2515,0.043478260869565216,0.01875,0.357455268389662,0.025362318840579712,0.021875,0.35785288270377735,0.0216998191681736,0.0375,0.35984095427435386
llama31-8b-base,qwen38-27b,rte,3,0.598489932885906,0.5463087248322148,123,122,12,0.09836065573770492,0.5984848484848485,0.49583333333333335,0.06854386201027593,0.10265151515151516,0.35877862595419846,131,0.16666666666666666,0.08333333333333333,0.366412213740458,0.08333333333333333,0.08333333333333333,0.366412213740458,0.125,0.25,0.3816793893129771
llama31-8b-base,qwen38-27b,truthfulqa,3,0.6127089001165954,0.5540225417800233,105,677,267,0.39438700147710487,0.514204804969398,0.49182881154654245,0.02460829565115363,0.022375993422855567,0.397796817625459,817,0.4117647058823529,0.052434456928838954,0.4149326805385557,0.4117647058823529,0.10486891385767791,0.4320685434516524,0.3851851851851852,0.1947565543071161,0.4614443084455324
olmo3-7b,gemma2-9b,boolq,4,0.5160524846454495,0.510748185371301,138,982,89,0.09063136456211812,0.580708884331316,0.5035135951281502,0.016044800483169273,0.07719528920316576,0.43411479385610346,1237,0.12244897959183673,0.06741573033707865,0.43896523848019403,0.12244897959183673,0.1348314606741573,0.44381568310428454,0.14795918367346939,0.3258426966292135,0.45755860953920774
olmo3-7b,gemma2-9b,geometry_of_truth,4,0.5925016371971186,0.5566470203012442,215,2667,242,0.09073865766779153,0.9352117236090994,0.5679262162392436,0.17152865009931872,0.3672855073698559,0.1415506958250497,2515,0.9022556390977443,0.49586776859504134,0.18926441351888668,0.6966292134831461,0.768595041322314,0.215506958250497,0.4071294559099437,0.8966942148760331,0.22783300198807158
olmo3-7b,gemma2-9b,imdb,4,0.5861900097943193,0.5525628468821417,151,2647,288,0.10880241783150736,0.5136710470538364,0.42224187214450565,0.03605109424991364,0.09142917490933072,0.1192,2500,0.10606060606060606,0.04861111111111111,0.1248,0.09811320754716982,0.09027777777777778,0.1296,0.10775047258979206,0.19791666666666666,0.142
olmo3-7b,gemma2-9b,rte,4,0.5629464285714286,0.5388392857142857,224,116,13,0.11206896551724138,0.4824495892457057,0.505041075429425,0.08358176558109313,-0.02259148618371931,0.2900763358778626,131,0.16666666666666666,0.07692307692307693,0.29770992366412213,0.16666666666666666,0.15384615384615385,0.3053435114503817,0.17391304347826086,0.3076923076923077,0.32061068702290074
olmo3-7b,gemma2-9b,truthfulqa,4,0.570464031426467,0.5412472379081757,198,557,222,0.3985637342908438,0.6256958450988301,0.4889269866881807,0.05069737896910553,0.13676885841064945,0.43818849449204406,817,0.6071428571428571,0.07657657657657657,0.4589963280293758,0.625,0.15765765765765766,0.4810281517747858,0.5315315315315315,0.26576576576576577,0.5104039167686658
olmo3-7b,gemma4-12b,boolq,4,0.5160524846454495,0.518425460636516,149,900,238,0.2644444444444444,0.5150168828860849,0.5268602909441722,0.023300091766763203,-0.011843408058087257,0.5165723524656427,1237,0.3111111111111111,0.058823529411764705,0.5278900565885206,0.26666666666666666,0.10084033613445378,0.5359741309620049,0.28888888888888886,0.2184873949579832,0.5586095392077607
olmo3-7b,gemma4-12b,geometry_of_truth,4,0.5925016371971186,0.6962999345121152,353,2042,373,0.18266405484818804,0.5406441705472927,0.47586167569156534,0.15149227897505455,0.0647824948557274,0.6210735586481113,2515,0.43137254901960786,0.11796246648793565,0.6385685884691849,0.3284313725490196,0.17962466487935658,0.647713717693837,0.23774509803921567,0.26005361930294907,0.6596421471172962
olmo3-7b,gemma4-12b,imdb,4,0.5861900097943193,0.6547502448579824,341,1945,350,0.17994858611825193,0.5169422301836095,0.45448768472906403,0.05142442466977505,0.062454545454545485,0.5732,2500,0.18556701030927836,0.05142857142857143,0.5804,0.15979381443298968,0.08857142857142856,0.5856,0.17480719794344474,0.19428571428571428,0.6004
olmo3-7b,gemma4-12b,rte,4,0.5629464285714286,0.6352678571428572,384,95,22,0.23157894736842105,0.6961394769613948,0.5141656288916563,0.05450964488392382,0.1819738480697385,0.6030534351145038,131,0.8,0.18181818181818182,0.6335877862595419,0.7,0.3181818181818182,0.6564885496183206,0.42105263157894735,0.36363636363636365,0.6641221374045801
olmo3-7b,gemma4-12b,truthfulqa,4,0.570464031426467,0.650748833783452,349,656,361,0.5503048780487805,0.5360063852763041,0.5277008310249308,0.022437512010301496,0.008305554251373248,0.4259485924112607,817,0.5757575757575758,0.05263157894736842,0.44920440636474906,0.5606060606060606,0.10249307479224377,0.47123623011015914,0.5648854961832062,0.20498614958448755,0.5165238678090576
olmo3-7b,gemma4-12b-base,boolq,4,0.5160524846454495,0.5128419877163596,124,974,163,0.1673511293634497,0.5876029744388886,0.5242108129779943,0.009513350225023788,0.06339216146089433,0.41552142279708976,1237,0.20408163265306123,0.06134969325153374,0.423605497170574,0.25773195876288657,0.15337423312883436,0.4357316087308003,0.2564102564102564,0.3067484662576687,0.4559417946645109
olmo3-7b,gemma4-12b-base,geometry_of_truth,4,0.5925016371971186,0.6164047151277013,276,2643,229,0.08664396519107076,0.8267403031081427,0.6226863492798558,0.1457655599047811,0.20405395382828695,0.2755467196819085,2515,0.3409090909090909,0.1965065502183406,0.2934393638170974,0.3181818181818182,0.36681222707423583,0.3089463220675944,0.2589792060491493,0.5982532751091703,0.33001988071570576
olmo3-7b,gemma4-12b-base,imdb,4,0.5861900097943193,0.6015344433561868,245,2211,346,0.15649027589326098,0.5584326426877838,0.4794119698120225,0.045424430340444494,0.07902067287576131,0.3676,2500,0.10810810810810811,0.03468208092485549,0.3724,0.14027149321266968,0.08959537572254335,0.38,0.18778280542986425,0.2398843930635838,0.4008
olmo3-7b,gemma4-12b-base,rte,4,0.5629464285714286,0.5702008928571428,267,117,20,0.17094017094017094,0.6494845360824743,0.4,0.06960958034830696,0.24948453608247423,0.3511450381679389,131,0.3333333333333333,0.1,0.366412213740458,0.25,0.15,0.37404580152671757,0.2608695652173913,0.3,0.3969465648854962
olmo3-7b,gemma4-12b-base,truthfulqa,4,0.570464031426467,0.5709550699729928,241,655,323,0.49312977099236643,0.5296821962773695,0.5104256033421612,0.023036521403136098,0.019256592935208205,0.3684210526315789,817,0.45454545454545453,0.04643962848297214,0.386780905752754,0.48484848484848486,0.09907120743034056,0.40758873929008566,0.5114503816793893,0.20743034055727555,0.4504283965728274
olmo3-7b,gemma4-31b,boolq,3,0.5067243035542748,0.5062439961575408,82,878,168,0.19134396355353075,0.45700033534540574,0.49992664319248825,0.007092432388286304,-0.04292630784708251,0.4761519805982215,1237,0.22727272727272727,0.05952380952380952,0.48423605497170574,0.19318181818181818,0.10119047619047619,0.4898949070331447,0.1590909090909091,0.16666666666666666,0.4987873888439774
olmo3-7b,gemma4-31b,geometry_of_truth,3,0.6702059202059202,0.6444658944658944,183,2537,691,0.27236893969255027,0.7553830161196501,0.4750491146814092,0.07339059759114366,0.2803339014382409,0.3467196819085487,2515,0.6535433070866141,0.12011577424023155,0.3797216699801193,0.5787401574803149,0.21273516642547033,0.405168986083499,0.5305719921104537,0.38929088277858176,0.4536779324055666
olmo3-7b,gemma4-31b,rte,3,0.5855704697986577,0.5731543624161074,200,104,27,0.25961538461538464,0.594997594997595,0.5188792688792688,0.0554386963328191,0.07611832611832614,0.3969465648854962,131,0.4,0.07407407407407407,0.4122137404580153,0.4,0.14814814814814814,0.42748091603053434,0.3333333333333333,0.25925925925925924,0.45038167938931295
olmo3-7b,gemma4-31b,truthfulqa,3,0.5940536338904003,0.5864749319860085,173,652,382,0.5858895705521472,0.5989625751405856,0.49221931355439213,0.027669277220869846,0.10674326158619346,0.3671970624235006,817,0.8181818181818182,0.07068062827225131,0.40024479804161567,0.7538461538461538,0.12827225130890052,0.42717258261933905,0.7230769230769231,0.24607329842931938,0.48225214198286415
olmo3-7b,llama-8b,boolq,4,0.5160524846454495,0.5194025683975433,157,1001,121,0.12087912087912088,0.5299398948159278,0.5090204733283246,0.02834800769034055,0.020919421487603285,0.43411479385610346,1237,0.1,0.04132231404958678,0.4381568310428456,0.1,0.08264462809917356,0.4421988682295877,0.115,0.19008264462809918,0.45270816491511723
olmo3-7b,llama-8b,geometry_of_truth,4,0.5925016371971186,0.5872626064178127,279,2321,65,0.028005170185264973,0.8928259683578833,0.6386115657392253,0.18956580793655756,0.254214402618658,0.41312127236580515,2515,0.20689655172413793,0.36923076923076925,0.4226640159045726,0.17672413793103448,0.6307692307692307,0.4294234592445328,0.1206896551724138,0.8615384615384616,0.43538767395626243
olmo3-7b,llama-8b,imdb,4,0.5861900097943193,0.5724779627815867,205,2640,298,0.11287878787878788,0.48796130193318393,0.5180430023097335,0.04391816374083538,-0.030081700376549614,0.1544,2500,0.11363636363636363,0.050335570469798654,0.1604,0.10606060606060606,0.09395973154362416,0.1656,0.08522727272727272,0.15100671140939598,0.1724
olmo3-7b,llama-8b,rte,4,0.5629464285714286,0.5581473214285714,277,125,24,0.192,0.6749174917491748,0.49845297029702973,0.05628079979159523,0.17646452145214508,0.2366412213740458,131,0.3333333333333333,0.08333333333333333,0.25190839694656486,0.3333333333333333,0.16666666666666666,0.26717557251908397,0.28,0.2916666666666667,0.2900763358778626
olmo3-7b,llama-8b,truthfulqa,4,0.570464031426467,0.5615025779523692,247,711,369,0.5189873417721519,0.5354046815321954,0.501860172110493,0.008058562944543225,0.033544509421702395,0.3108935128518972,817,0.5,0.04878048780487805,0.3329253365973072,0.5352112676056338,0.10298102981029811,0.3574051407588739,0.5774647887323944,0.2222222222222222,0.4112607099143207
olmo3-7b,llama31-405b,boolq,4,0.5160524846454495,0.5117252931323283,111,1034,72,0.06963249516441006,0.5617348117348118,0.4429032397782398,0.02673189403185136,0.11883157195657196,0.38884397736459175,1237,0.09615384615384616,0.06944444444444445,0.3928860145513339,0.0970873786407767,0.1388888888888889,0.396928051738076,0.0821256038647343,0.2361111111111111,0.40258690379951495
olmo3-7b,llama31-405b,geometry_of_truth,4,0.5925016371971186,0.5504256712508186,154,2546,125,0.049096622152395915,0.8916745146633622,0.4447269723254853,0.08589386507068165,0.4469475423378769,0.2242544731610338,2515,0.5511811023622047,0.56,0.25208747514910534,0.35294117647058826,0.72,0.26003976143141155,0.19646365422396855,0.8,0.26401590457256463
olmo3-7b,llama31-405b,imdb,4,0.5861900097943193,0.5430950048971597,101,2594,214,0.08249807247494217,0.47956687347836324,0.5581505733134375,0.11608536280808324,-0.0785836998350743,0.146,2500,0.1,0.06074766355140187,0.1512,0.07722007722007722,0.09345794392523364,0.154,0.08285163776493257,0.20093457943925233,0.1632
olmo3-7b,llama31-405b,rte,4,0.5629464285714286,0.5334821428571429,160,119,16,0.13445378151260504,0.6377427184466019,0.4974211165048543,0.025071678132595858,0.1403216019417476,0.24427480916030533,131,0.3333333333333333,0.125,0.2595419847328244,0.3333333333333333,0.25,0.2748091603053435,0.2916666666666667,0.4375,0.29770992366412213
olmo3-7b,llama31-405b,truthfulqa,4,0.570464031426467,0.5379327277191259,154,560,196,0.35,0.694368131868132,0.4702532798833819,0.027341047505047195,0.22411485198475006,0.4455324357405141,817,0.75,0.10714285714285714,0.47123623011015914,0.5892857142857143,0.1683673469387755,0.48592411260709917,0.5803571428571429,0.33163265306122447,0.5250917992656059
olmo3-7b,llama31-70b,boolq,4,0.5160524846454495,0.5093523171412618,102,989,122,0.12335692618806876,0.6109819048159284,0.5103711687182105,0.042276933504513836,0.10061073609771787,0.41552142279708976,1237,0.20408163265306123,0.08196721311475409,0.423605497170574,0.2222222222222222,0.18032786885245902,0.4333063864187551,0.20707070707070707,0.3360655737704918,0.4486661277283751
olmo3-7b,llama31-70b,geometry_of_truth,4,0.5925016371971186,0.5517354289456451,160,2644,219,0.08282904689863843,0.8792468107141176,0.5201360448147625,0.14703007219184697,0.3591107658993551,0.14990059642147116,2515,0.6363636363636364,0.3835616438356164,0.18330019880715706,0.5113636363636364,0.6164383561643836,0.20357852882703778,0.32514177693761814,0.7853881278538812,0.21829025844930416
olmo3-7b,llama31-70b,imdb,4,0.5861900097943193,0.549624551093699,118,2619,240,0.09163802978235967,0.47454812946616226,0.4996273819532016,0.04406593156099237,-0.02507925248703935,0.1396,2500,0.12213740458015267,0.06666666666666667,0.146,0.11068702290076336,0.12083333333333333,0.1512,0.09351145038167939,0.20416666666666666,0.1592
olmo3-7b,llama31-70b,rte,4,0.5629464285714286,0.5348214285714286,169,119,13,0.1092436974789916,0.6240928882438317,0.5074383164005806,0.12165677499451766,0.11665457184325112,0.2748091603053435,131,0.5,0.23076923076923078,0.29770992366412213,0.3333333333333333,0.3076923076923077,0.3053435114503817,0.16666666666666666,0.3076923076923077,0.3053435114503817
olmo3-7b,llama31-70b,truthfulqa,4,0.570464031426467,0.5390375644488092,157,594,246,0.41414141414141414,0.7075156527427342,0.48620164003364175,0.02147813446507095,0.22131401270909246,0.41003671970624234,817,0.7666666666666667,0.09349593495934959,0.43818849449204406,0.7288135593220338,0.17479674796747968,0.46266829865361075,0.6470588235294118,0.3130081300813008,0.5042839657282742
olmo3-7b,llama31-70b-base,boolq,4,0.5160524846454495,0.5142378559463987,118,950,130,0.1368421052631579,0.5537148217636023,0.45575281425891184,0.02014094929541986,0.09796200750469047,0.4381568310428456,1237,0.20833333333333334,0.07692307692307693,0.4462409054163298,0.16842105263157894,0.12307692307692308,0.4510913500404204,0.18421052631578946,0.2692307692307692,0.4664510913500404
olmo3-7b,llama31-70b-base,geometry_of_truth,4,0.5925016371971186,0.5764571054354944,228,2682,261,0.09731543624161074,0.8496979652814375,0.5280673892710811,0.13076389716958006,0.3216305760103564,0.16779324055666003,2515,0.5522388059701493,0.2835249042145594,0.19721669980119283,0.4216417910447761,0.4329501915708812,0.21272365805168986,0.31343283582089554,0.6436781609195402,0.2345924453280318
olmo3-7b,llama31-70b-base,imdb,4,0.5861900097943193,0.5677440417890957,199,2371,315,0.13285533530156052,0.521970539188438,0.5347110277314557,0.05739847700065941,-0.01274048854301768,0.2424,2500,0.15126050420168066,0.05714285714285714,0.2496,0.15611814345991562,0.11746031746031746,0.2572,0.1540084388185654,0.23174603174603176,0.2716
olmo3-7b,llama31-70b-base,rte,4,0.5629464285714286,0.54921875,240,111,17,0.15315315315315314,0.6176470588235294,0.5042240300375469,0.02387576531557672,0.11342302878598254,0.32061068702290074,131,0.3333333333333333,0.11764705882352941,0.33587786259541985,0.36363636363636365,0.23529411764705882,0.3511450381679389,0.18181818181818182,0.23529411764705882,0.3511450381679389
olmo3-7b,llama31-70b-base,truthfulqa,4,0.570464031426467,0.5535232015713234,202,609,266,0.4367816091954023,0.5714066507376313,0.5004712948552138,0.029267854636848417,0.0709353558824175,0.40636474908200737,817,0.6,0.06766917293233082,0.4283965728274174,0.5081967213114754,0.11654135338345864,0.44430844553243576,0.5163934426229508,0.23684210526315788,0.4834761321909425
olmo3-7b,llama31-8b-base,boolq,4,0.5160524846454495,0.5068397543271915,135,960,188,0.19583333333333333,0.5032452320582075,0.4895529021056113,0.04017903197375365,0.013692329952596172,0.4219886822958771,1237,0.22916666666666666,0.05851063829787234,0.4308811641067098,0.25,0.1276595744680851,0.4413904607922393,0.21354166666666666,0.21808510638297873,0.4551333872271625
olmo3-7b,llama31-8b-base,geometry_of_truth,4,0.5925016371971186,0.5803863785199738,278,2588,286,0.11051004636785162,0.2844865820539148,0.4384345020748149,0.2134036212052321,-0.15394792002090008,0.20556660039761432,2515,0.031007751937984496,0.013986013986013986,0.20715705765407555,0.03088803088803089,0.027972027972027972,0.20874751491053678,0.021235521235521235,0.038461538461538464,0.2099403578528827
olmo3-7b,llama31-8b-base,imdb,4,0.5861900097943193,0.6007182500816193,267,2171,297,0.136803316444035,0.5477668898159826,0.48070575912091384,0.06259195046066372,0.0670611306950688,0.4032,2500,0.1834862385321101,0.06734006734006734,0.4112,0.16589861751152074,0.12121212121212122,0.4176,0.15207373271889402,0.2222222222222222,0.4296
olmo3-7b,llama31-8b-base,rte,4,0.5629464285714286,0.5569196428571429,281,114,20,0.17543859649122806,0.5505319148936171,0.5235372340425531,0.04182619509857095,0.026994680851063935,0.3435114503816794,131,0.3333333333333333,0.1,0.35877862595419846,0.18181818181818182,0.1,0.35877862595419846,0.2608695652173913,0.3,0.3893129770992366
olmo3-7b,llama31-8b-base,truthfulqa,4,0.570464031426467,0.5607660201325804,249,710,380,0.5352112676056338,0.5442663476874002,0.4945653907496013,0.033668713689651686,0.04970095693779891,0.30599755201958384,817,0.6388888888888888,0.060526315789473685,0.33414932680538556,0.5915492957746479,0.11052631578947368,0.3574051407588739,0.6126760563380281,0.22894736842105262,0.412484700122399
olmo3-7b,qwen3-32b,boolq,4,0.5160524846454495,0.5099106644332775,111,1006,82,0.08151093439363817,0.47657322352444303,0.48009383908774156,0.04394384876962964,-0.0035206155632985237,0.3936944219886823,1237,0.08,0.04878048780487805,0.396928051738076,0.07920792079207921,0.0975609756097561,0.40016168148746967,0.07462686567164178,0.18292682926829268,0.4058205335489086
olmo3-7b,qwen3-32b,geometry_of_truth,4,0.5925016371971186,0.558120497707924,199,2571,146,0.056787242318164136,0.8610591724332721,0.40923527750317756,0.20063140488350842,0.45182389493009456,0.220675944333996,2515,0.5193798449612403,0.4589041095890411,0.24731610337972168,0.3229571984435798,0.5684931506849316,0.2536779324055666,0.20038910505836577,0.7054794520547946,0.2616302186878728
olmo3-7b,qwen3-32b,imdb,4,0.5861900097943193,0.5527260855370552,140,2635,269,0.10208728652751423,0.5326087981220953,0.4713368915899657,0.11936194215810798,0.06127190653212955,0.1328,2500,0.14393939393939395,0.07063197026022305,0.1404,0.10606060606060606,0.10408921933085502,0.144,0.10056925996204934,0.1970260223048327,0.154
olmo3-7b,qwen3-32b,rte,4,0.5629464285714286,0.5383928571428571,202,126,12,0.09523809523809523,0.5694444444444444,0.458516081871345,0.1409505484842188,0.1109283625730994,0.2366412213740458,131,0.16666666666666666,0.08333333333333333,0.24427480916030533,0.15384615384615385,0.16666666666666666,0.25190839694656486,0.12,0.25,0.2595419847328244
olmo3-7b,qwen3-32b,truthfulqa,4,0.570464031426467,0.5406334397250184,188,562,225,0.400355871886121,0.6383646554566436,0.5287207385426971,0.06187165160044815,0.10964391691394648,0.41982864137086906,817,0.6071428571428571,0.07555555555555556,0.44063647490820074,0.5714285714285714,0.14222222222222222,0.4589963280293758,0.5267857142857143,0.26222222222222225,0.4920440636474908
olmo3-7b,qwen3-8b,boolq,4,0.5160524846454495,0.509212730318258,140,1019,114,0.11187438665358194,0.5426383638654647,0.49097605893185997,0.021984703022257187,0.05166230493360474,0.38884397736459175,1237,0.11764705882352941,0.05263157894736842,0.3936944219886823,0.12745098039215685,0.11403508771929824,0.3993532740501213,0.15196078431372548,0.2719298245614035,0.41390460792239286
olmo3-7b,qwen3-8b,geometry_of_truth,4,0.5925016371971186,0.5648330058939096,235,2578,171,0.06633048875096974,0.7821825717874523,0.6679780221916098,0.06597599477893538,0.11420454959584248,0.22226640159045727,2515,0.4418604651162791,0.3333333333333333,0.24493041749502983,0.29069767441860467,0.43859649122807015,0.25208747514910534,0.18604651162790697,0.5614035087719298,0.26043737574552683
olmo3-7b,qwen3-8b,imdb,4,0.5861900097943193,0.5576232451844597,189,2690,324,0.1204460966542751,0.5606143618964132,0.5505926291182701,0.03033225769999801,0.010021732778143111,0.1064,2500,0.1791044776119403,0.07407407407407407,0.116,0.16356877323420074,0.13580246913580246,0.124,0.1449814126394052,0.24074074074074073,0.1376
olmo3-7b,qwen3-8b,rte,4,0.5629464285714286,0.54296875,247,126,17,0.1349206349206349,0.6233135456017269,0.5468159740960604,0.05677317919227822,0.0764975715056665,0.1984732824427481,131,0.16666666666666666,0.058823529411764705,0.20610687022900764,0.15384615384615385,0.11764705882352941,0.21374045801526717,0.12,0.17647058823529413,0.22137404580152673
olmo3-7b,qwen3-8b,truthfulqa,4,0.570464031426467,0.54824453719617,225,559,242,0.4329159212880143,0.5777433063065411,0.5028515003780275,0.02284130716994882,0.07489180592851363,0.40024479804161567,817,0.42857142857142855,0.049586776859504134,0.4149326805385557,0.5178571428571429,0.11983471074380166,0.4357405140758874,0.49107142857142855,0.22727272727272727,0.4675642594859241
olmo3-7b,qwen3-8b-base,boolq,4,0.5160524846454495,0.5192629815745393,148,1027,202,0.1966893865628043,0.5373957395739574,0.4760621062106211,0.023791963571667324,0.06133363336333625,0.38237671786580435,1237,0.2549019607843137,0.06435643564356436,0.3928860145513339,0.2524271844660194,0.12871287128712872,0.4033953112368634,0.22439024390243903,0.22772277227722773,0.4195634599838319
olmo3-7b,qwen3-8b-base,geometry_of_truth,4,0.5925016371971186,0.5808775376555337,248,2705,280,0.10351201478743069,0.6278188512518409,0.5417054491899853,0.099900290151044,0.08611340206185558,0.15984095427435388,2515,0.1037037037037037,0.05,0.1654075546719682,0.08518518518518518,0.08214285714285714,0.16898608349900596,0.066543438077634,0.12857142857142856,0.17415506958250496
olmo3-7b,qwen3-8b-base,imdb,4,0.5861900097943193,0.5669278485145283,206,2604,286,0.1098310291858679,0.5268180913133459,0.4614366435979896,0.034444460401026764,0.06538144771535631,0.1644,2500,0.1076923076923077,0.04895104895104895,0.17,0.11153846153846154,0.10139860139860139,0.176,0.12476007677543186,0.22727272727272727,0.1904
olmo3-7b,qwen3-8b-base,rte,4,0.5629464285714286,0.5534598214285714,261,126,14,0.1111111111111111,0.5267857142857143,0.46795280612244894,0.04427778709954495,0.05883290816326536,0.2366412213740458,131,0.0,0.0,0.2366412213740458,0.0,0.0,0.2366412213740458,0.08,0.14285714285714285,0.25190839694656486
olmo3-7b,qwen3-8b-base,truthfulqa,4,0.570464031426467,0.5572059906702677,228,665,326,0.49022556390977445,0.5805327831767921,0.4902139095499213,0.04951821040425488,0.09031887362687085,0.3488372093023256,817,0.5757575757575758,0.05828220858895705,0.37209302325581395,0.5909090909090909,0.1196319018404908,0.39657282741738065,0.5413533834586466,0.22085889570552147,0.4369645042839657
olmo3-7b,qwen38-27b,boolq,3,0.5067243035542748,0.5072046109510087,49,901,96,0.10654827968923418,0.4416666666666667,0.5375226449275362,0.017178269916098273,-0.0958559782608695,0.465642683912692,1237,0.13333333333333333,0.0625,0.47049312853678255,0.08888888888888889,0.08333333333333333,0.4721099434114794,0.07777777777777778,0.14583333333333334,0.47696038803556995
olmo3-7b,qwen38-27b,geometry_of_truth,3,0.6702059202059202,0.5962033462033463,102,2936,436,0.14850136239782016,0.3956880733944954,0.45543142201834863,0.19171327677471622,-0.05974334862385322,0.19244532803180914,2515,0.0,0.0,0.19244532803180914,0.0,0.0,0.19244532803180914,0.0,0.0,0.19244532803180914
olmo3-7b,qwen38-27b,rte,3,0.5855704697986577,0.5463087248322148,125,125,15,0.12,0.5018181818181818,0.5075757575757576,0.04004244763358654,-0.005757575757575739,0.25190839694656486,131,0.16666666666666666,0.06666666666666667,0.2595419847328244,0.25,0.2,0.2748091603053435,0.12,0.2,0.2748091603053435
olmo3-7b,qwen38-27b,truthfulqa,3,0.5940536338904003,0.5540225417800233,104,643,263,0.40902021772939345,0.5892735641384831,0.5266810086051632,0.0420194175008318,0.06259255553331988,0.40758873929008566,817,0.53125,0.06463878326996197,0.4283965728274174,0.53125,0.12927756653992395,0.44920440636474906,0.5116279069767442,0.2509505703422053,0.4883720930232558
qwen3-1.7b,gemma2-9b,boolq,4,0.5065605806811837,0.510748185371301,127,926,90,0.09719222462203024,0.5644338118022328,0.5040835991493886,0.02319293327705623,0.06035021265284424,0.4397736459175424,1237,0.06521739130434782,0.03333333333333333,0.4421988682295877,0.07526881720430108,0.07777777777777778,0.44543249797898143,0.0918918918918919,0.18888888888888888,0.4535165723524656
qwen3-1.7b,gemma2-9b,geometry_of_truth,4,0.5794040602488539,0.5566470203012442,206,2715,256,0.09429097605893186,0.9121689457096379,0.5453321186203741,0.2662879803998823,0.3668368270892638,0.09145129224652088,2515,0.8161764705882353,0.43359375,0.13558648111332008,0.6691176470588235,0.7109375,0.16381709741550696,0.3720073664825046,0.7890625,0.1717693836978131
qwen3-1.7b,gemma2-9b,imdb,4,0.5835781913157035,0.5525628468821417,161,2487,248,0.09971853638922397,0.5607558097653043,0.5074044792462074,0.024585750001086662,0.05335133051909691,0.202,2500,0.1532258064516129,0.07661290322580645,0.2096,0.1285140562248996,0.12903225806451613,0.2148,0.1267605633802817,0.2540322580645161,0.2272
qwen3-1.7b,gemma2-9b,rte,4,0.5555803571428571,0.5388392857142857,227,122,12,0.09836065573770492,0.5462121212121211,0.49166666666666664,0.07103257507484213,0.05454545454545451,0.2595419847328244,131,0.0,0.0,0.2595419847328244,0.08333333333333333,0.08333333333333333,0.26717557251908397,0.041666666666666664,0.08333333333333333,0.26717557251908397
qwen3-1.7b,gemma2-9b,truthfulqa,4,0.5574515099435305,0.5412472379081757,187,567,220,0.3880070546737213,0.567906733036416,0.5657944720985068,0.030618377477732436,0.0021122609379092827,0.390452876376989,817,0.5,0.06363636363636363,0.40758873929008566,0.43859649122807015,0.11363636363636363,0.42105263157894735,0.4247787610619469,0.21818181818181817,0.44920440636474906
qwen3-1.7b,gemma4-12b,boolq,4,0.5065605806811837,0.518425460636516,154,688,192,0.27906976744186046,0.5298324092741935,0.499309580813172,0.012908948922452406,0.0305228284610215,0.5982215036378334,1237,0.2647058823529412,0.046875,0.6054971705739692,0.30434782608695654,0.109375,0.6151980598221504,0.35507246376811596,0.2552083333333333,0.6378334680679062
qwen3-1.7b,gemma4-12b,geometry_of_truth,4,0.5794040602488539,0.6962999345121152,369,2096,384,0.183206106870229,0.7097753602024921,0.4240239698938863,0.18329952446314984,0.2857513903086058,0.5733598409542744,2515,0.44761904761904764,0.12239583333333333,0.5920477137176938,0.4,0.21875,0.6067594433399602,0.3556085918854415,0.3880208333333333,0.6326043737574553
qwen3-1.7b,gemma4-12b,imdb,4,0.5835781913157035,0.6547502448579824,341,1950,440,0.22564102564102564,0.5552769416014448,0.4806667670078266,0.027409003305078162,0.07461017459361818,0.552,2500,0.2857142857142857,0.06363636363636363,0.5632,0.28205128205128205,0.125,0.574,0.2743589743589744,0.2431818181818182,0.5948
qwen3-1.7b,gemma4-12b,rte,4,0.5555803571428571,0.6352678571428572,390,94,20,0.2127659574468085,0.5317567567567568,0.5116554054054054,0.03743564907147312,0.020101351351351382,0.5877862595419847,131,0.2,0.05,0.5954198473282443,0.1111111111111111,0.05,0.5954198473282443,0.3684210526315789,0.35,0.6412213740458015
qwen3-1.7b,gemma4-12b,truthfulqa,4,0.5574515099435305,0.650748833783452,329,629,337,0.5357710651828299,0.4537213934392911,0.5045374171781635,0.01072580968572712,-0.050816023738872396,0.4320685434516524,817,0.3548387096774194,0.032640949554896145,0.4455324357405141,0.36507936507936506,0.06824925816023739,0.4602203182374541,0.42857142857142855,0.16023738872403562,0.4981640146878825
qwen3-1.7b,gemma4-12b-base,boolq,4,0.5065605806811837,0.5128419877163596,123,873,133,0.15234822451317298,0.5859581385897176,0.49310861613493184,0.025722248842574003,0.09284952245478573,0.47130153597413094,1237,0.2727272727272727,0.09022556390977443,0.48100242522231207,0.19540229885057472,0.12781954887218044,0.4850444624090542,0.1657142857142857,0.21804511278195488,0.49474535165723527
qwen3-1.7b,gemma4-12b-base,geometry_of_truth,4,0.5794040602488539,0.6164047151277013,281,2747,297,0.1081179468511103,0.7852167937882223,0.6395581667010238,0.18431475671046207,0.14565862708719846,0.18250497017892645,2515,0.5547445255474452,0.2558922558922559,0.21272365805168986,0.4,0.37037037037037035,0.22624254473161035,0.33879781420765026,0.6262626262626263,0.25646123260437376
qwen3-1.7b,gemma4-12b-base,imdb,4,0.5835781913157035,0.6015344433561868,252,2130,366,0.17183098591549295,0.4574024509621699,0.49938276767902057,0.06315196387807032,-0.04198031671685065,0.4024,2500,0.08490566037735849,0.02459016393442623,0.406,0.12206572769953052,0.07103825136612021,0.4128,0.13380281690140844,0.1557377049180328,0.4252
qwen3-1.7b,gemma4-12b-base,rte,4,0.5555803571428571,0.5702008928571428,271,111,16,0.14414414414414414,0.6421052631578947,0.4927631578947368,0.08648751370978834,0.14934210526315794,0.366412213740458,131,0.16666666666666666,0.0625,0.37404580152671757,0.2727272727272727,0.1875,0.3893129770992366,0.2727272727272727,0.375,0.4122137404580153
qwen3-1.7b,gemma4-12b-base,truthfulqa,4,0.5574515099435305,0.5709550699729928,234,628,291,0.46337579617834396,0.4760622839487289,0.5080378720670562,0.020751936357498398,-0.03197558811832729,0.39412484700122397,817,0.3548387096774194,0.037800687285223365,0.40758873929008566,0.38095238095238093,0.08247422680412371,0.423500611995104,0.40476190476190477,0.17525773195876287,0.4565483476132191
qwen3-1.7b,gemma4-31b,boolq,3,0.5038424591738713,0.5062439961575408,76,850,151,0.1776470588235294,0.5294318278714152,0.485646476991729,0.01287871944982421,0.04378535087968616,0.4826192400970089,1237,0.19047619047619047,0.052980132450331126,0.4890864995957963,0.15294117647058825,0.08609271523178808,0.4931285367825384,0.24705882352941178,0.2781456953642384,0.5165723524656427
qwen3-1.7b,gemma4-31b,geometry_of_truth,3,0.6618404118404119,0.6444658944658944,196,2436,590,0.24220032840722497,0.805814679471877,0.550675532989331,0.14166226203750418,0.255139146482546,0.4107355864811133,2515,0.9098360655737705,0.188135593220339,0.45487077534791254,0.860655737704918,0.3559322033898305,0.494234592445328,0.6899383983572895,0.5694915254237288,0.5443339960238569
qwen3-1.7b,gemma4-31b,rte,3,0.5820469798657718,0.5731543624161074,186,109,24,0.22018348623853212,0.5887254901960784,0.5060049019607843,0.07391514427667026,0.08272058823529416,0.4122137404580153,131,0.4,0.08333333333333333,0.42748091603053434,0.2727272727272727,0.125,0.4351145038167939,0.3181818181818182,0.2916666666666667,0.46564885496183206
qwen3-1.7b,gemma4-31b,truthfulqa,3,0.5932763311309756,0.5864749319860085,162,600,336,0.56,0.5495017135642136,0.5081225198412699,0.039570538684834296,0.04137919372294374,0.43329253365973075,817,0.7,0.0625,0.4589963280293758,0.6666666666666666,0.11904761904761904,0.48225214198286415,0.6166666666666667,0.22023809523809523,0.5238678090575275
qwen3-1.7b,gptj-6b,boolq,4,0.5065605806811837,0.5113065326633166,156,914,275,0.30087527352297594,0.5055171432636221,0.5211722862427088,0.018681050508689408,-0.015655142979086767,0.4874696847210994,1237,0.2826086956521739,0.04727272727272727,0.49797898140662894,0.37362637362637363,0.12363636363636364,0.5149555375909458,0.31693989071038253,0.2109090909090909,0.534357316087308
qwen3-1.7b,gptj-6b,geometry_of_truth,4,0.5794040602488539,0.6389980353634578,351,2178,418,0.1919191919191919,0.38720231622444545,0.6670396775772075,0.10058337871852534,-0.27983736135276205,0.4107355864811133,2515,0.3211009174311927,0.08373205741626795,0.4246520874751491,0.23394495412844038,0.12200956937799043,0.431013916500994,0.1743119266055046,0.18181818181818182,0.44095427435387674
qwen3-1.7b,gptj-6b,imdb,4,0.5835781913157035,0.6265099575579497,319,1950,403,0.20666666666666667,0.44370678219751347,0.5040877965998386,0.05119353879689328,-0.06038101440232513,0.5208,2500,0.08163265306122448,0.019851116625310174,0.524,0.10256410256410256,0.04962779156327544,0.5288,0.12564102564102564,0.12158808933002481,0.5404
qwen3-1.7b,gptj-6b,rte,4,0.5555803571428571,0.5883928571428572,374,112,19,0.16964285714285715,0.5285795132993775,0.5428692699490663,0.048520741644073766,-0.01428975664968879,0.37404580152671757,131,0.3333333333333333,0.10526315789473684,0.3893129770992366,0.2727272727272727,0.15789473684210525,0.3969465648854962,0.22727272727272727,0.2631578947368421,0.4122137404580153
qwen3-1.7b,gptj-6b,truthfulqa,4,0.5574515099435305,0.59317456420329,324,652,342,0.5245398773006135,0.48551216751556314,0.4942180720618751,0.023856281548237226,-0.008705904546311982,0.38555691554467564,817,0.42424242424242425,0.04093567251461988,0.40269277845777235,0.5076923076923077,0.09649122807017543,0.4259485924112607,0.5230769230769231,0.19883040935672514,0.46878824969400246
qwen3-1.7b,llama-8b,boolq,4,0.5065605806811837,0.5194025683975433,150,897,130,0.14492753623188406,0.5698024270384114,0.5166207000300873,0.016695245301323675,0.05318172700832413,0.42683912691996767,1237,0.06666666666666667,0.023076923076923078,0.42926434923201295,0.18888888888888888,0.13076923076923078,0.44058205335489087,0.19553072625698323,0.2692307692307692,0.4551333872271625
qwen3-1.7b,llama-8b,geometry_of_truth,4,0.5794040602488539,0.5872626064178127,276,2385,88,0.03689727463312369,0.6635334626192266,0.6737617247793565,0.1099402884837345,-0.010228262160129842,0.3558648111332008,2515,0.2773109243697479,0.375,0.36898608349900597,0.15966386554621848,0.4318181818181818,0.3709741550695825,0.0880503144654088,0.4772727272727273,0.37256461232604376
qwen3-1.7b,llama-8b,imdb,4,0.5835781913157035,0.5724779627815867,212,2498,274,0.10968775020016013,0.5040992753242661,0.4810671079924382,0.07969652528265314,0.023032167331827946,0.2244,2500,0.088,0.040145985401459854,0.2288,0.124,0.11313868613138686,0.2368,0.106,0.19343065693430658,0.2456
qwen3-1.7b,llama-8b,rte,4,0.5555803571428571,0.5581473214285714,281,116,17,0.14655172413793102,0.5757575757575757,0.4753416518122401,0.04517895163447908,0.1004159239453356,0.29770992366412213,131,0.16666666666666666,0.058823529411764705,0.3053435114503817,0.16666666666666666,0.11764705882352941,0.31297709923664124,0.13043478260869565,0.17647058823529413,0.32061068702290074
qwen3-1.7b,llama-8b,truthfulqa,4,0.5574515099435305,0.5615025779523692,241,671,346,0.5156482861400894,0.5178835037794576,0.4845108937305469,0.026353867470621586,0.03337261004891068,0.31456548347613217,817,0.47058823529411764,0.046242774566473986,0.33414932680538556,0.5522388059701493,0.1069364161849711,0.3598531211750306,0.5447761194029851,0.21098265895953758,0.4039167686658507
qwen3-1.7b,llama31-405b,boolq,4,0.5065605806811837,0.5117252931323283,93,877,44,0.05017103762827822,0.5095219906144276,0.4799874495252647,0.06887281175002823,0.029534541089162925,0.4413904607922393,1237,0.0,0.0,0.4413904607922393,0.03409090909090909,0.06818181818181818,0.44381568310428454,0.04,0.1590909090909091,0.44704931285367827
qwen3-1.7b,llama31-405b,geometry_of_truth,4,0.5794040602488539,0.5504256712508186,137,2590,136,0.05250965250965251,0.9256645812359174,0.5555717855601898,0.2746084817293847,0.3700927956757276,0.17654075546719683,2515,0.6307692307692307,0.6029411764705882,0.2091451292246521,0.38223938223938225,0.7279411764705882,0.21590457256461232,0.22972972972972974,0.875,0.2238568588469185
qwen3-1.7b,llama31-405b,imdb,4,0.5835781913157035,0.5430950048971597,100,2443,192,0.07859189521080638,0.46648480305049606,0.5195092690285799,0.0463793143705051,-0.0530244659780838,0.2144,2500,0.08196721311475409,0.052083333333333336,0.2184,0.07377049180327869,0.09375,0.2216,0.06748466257668712,0.171875,0.2276
qwen3-1.7b,llama31-405b,rte,4,0.5555803571428571,0.5334821428571429,148,119,12,0.10084033613445378,0.6806853582554517,0.43477414330218067,0.07224202468392979,0.24591121495327106,0.2595419847328244,131,0.3333333333333333,0.16666666666666666,0.2748091603053435,0.3333333333333333,0.3333333333333333,0.2900763358778626,0.25,0.5,0.3053435114503817
qwen3-1.7b,llama31-405b,truthfulqa,4,0.5574515099435305,0.5379327277191259,138,555,187,0.33693693693693694,0.5894414089746571,0.4606850151127645,0.04503577464322761,0.12875639386189264,0.4149326805385557,817,0.5357142857142857,0.08021390374331551,0.43329253365973075,0.42857142857142855,0.12834224598930483,0.44430844553243576,0.40540540540540543,0.24064171122994651,0.4700122399020808
qwen3-1.7b,llama31-70b,boolq,4,0.5065605806811837,0.5093523171412618,92,849,97,0.11425206124852769,0.5550559333187103,0.49459516889668786,0.02317897347510418,0.06046076442202242,0.46321746160064675,1237,0.09523809523809523,0.041237113402061855,0.4664510913500404,0.1411764705882353,0.12371134020618557,0.47291835084882783,0.1411764705882353,0.24742268041237114,0.4826192400970089
qwen3-1.7b,llama31-70b,geometry_of_truth,4,0.5794040602488539,0.5517354289456451,166,2706,247,0.09127864005912786,0.8617538152008735,0.6262222719811384,0.16543359494357318,0.23553154321973502,0.08866799204771372,2515,0.8518518518518519,0.46558704453441296,0.13439363817097416,0.5608856088560885,0.6153846153846154,0.14910536779324055,0.3234750462107209,0.708502024291498,0.15825049701789265
qwen3-1.7b,llama31-70b,imdb,4,0.5835781913157035,0.549624551093699,133,2462,212,0.08610885458976442,0.5112264150943396,0.5381006289308177,0.10088879297353925,-0.026874213836478034,0.2128,2500,0.06504065040650407,0.03773584905660377,0.216,0.08943089430894309,0.10377358490566038,0.2216,0.08943089430894309,0.20754716981132076,0.2304
qwen3-1.7b,llama31-70b,rte,4,0.5555803571428571,0.5348214285714286,173,115,7,0.06086956521739131,0.6719576719576719,0.4814814814814815,0.11656734305221318,0.19047619047619035,0.32061068702290074,131,0.16666666666666666,0.14285714285714285,0.3282442748091603,0.16666666666666666,0.2857142857142857,0.33587786259541985,0.13043478260869565,0.42857142857142855,0.3435114503816794
qwen3-1.7b,llama31-70b,truthfulqa,4,0.5574515099435305,0.5390375644488092,155,579,231,0.39896373056994816,0.6255162462059014,0.4968558740110464,0.024019943848193243,0.128660372194855,0.39412484700122397,817,0.6206896551724138,0.07792207792207792,0.41615667074663404,0.5344827586206896,0.1341991341991342,0.4320685434516524,0.49137931034482757,0.24675324675324675,0.4638922888616891
qwen3-1.7b,llama31-70b-base,boolq,4,0.5065605806811837,0.5142378559463987,111,863,114,0.1320973348783314,0.549785679151149,0.4704723256739981,0.03568865564351506,0.07931335347715085,0.47130153597413094,1237,0.06976744186046512,0.02631578947368421,0.4737267582861762,0.12790697674418605,0.09649122807017543,0.4801940177849636,0.14450867052023122,0.21929824561403508,0.49151172190784154
qwen3-1.7b,llama31-70b-base,geometry_of_truth,4,0.5794040602488539,0.5764571054354944,237,2758,302,0.10949963741841914,0.7762986172530577,0.4547398451150851,0.12396212888074468,0.3215587721379726,0.09622266401590457,2515,0.4927536231884058,0.2251655629139073,0.12326043737574553,0.39492753623188404,0.3609271523178808,0.13956262425447316,0.2826086956521739,0.5165562913907285,0.15825049701789265
qwen3-1.7b,llama31-70b-base,imdb,4,0.5835781913157035,0.5677440417890957,207,2286,324,0.14173228346456693,0.3828827978505179,0.5528278023181183,0.06493582260381853,-0.16994500446760047,0.286,2500,0.02631578947368421,0.009259259259259259,0.2872,0.056768558951965066,0.040123456790123455,0.2912,0.06783369803063458,0.09567901234567901,0.2984
qwen3-1.7b,llama31-70b-base,rte,4,0.5555803571428571,0.54921875,240,114,12,0.10526315789473684,0.5506535947712419,0.48223039215686275,0.10291422350487449,0.06842320261437912,0.3511450381679389,131,0.3333333333333333,0.16666666666666666,0.366412213740458,0.2727272727272727,0.25,0.37404580152671757,0.21739130434782608,0.4166666666666667,0.3893129770992366
qwen3-1.7b,llama31-70b-base,truthfulqa,4,0.5574515099435305,0.5535232015713234,201,610,259,0.4245901639344262,0.5312455312455312,0.5251267751267752,0.02268589446080095,0.006118756118756008,0.3708690330477356,817,0.4,0.04633204633204633,0.38555691554467564,0.36065573770491804,0.08494208494208494,0.397796817625459,0.45901639344262296,0.21621621621621623,0.4394124847001224
qwen3-1.7b,llama31-8b-base,boolq,4,0.5065605806811837,0.5068397543271915,123,785,135,0.17197452229299362,0.5376752136752136,0.4924330484330484,0.05126923549896634,0.04524216524216523,0.5149555375909458,1237,0.20512820512820512,0.05925925925925926,0.5214227970897333,0.16666666666666666,0.0962962962962963,0.5254648342764754,0.15286624203821655,0.17777777777777778,0.534357316087308
qwen3-1.7b,llama31-8b-base,geometry_of_truth,4,0.5794040602488539,0.5803863785199738,261,2689,355,0.1320193380438825,0.2481504278455653,0.5502495262922867,0.14600504295337638,-0.30209909844672145,0.1117296222664016,2515,0.022388059701492536,0.008450704225352112,0.11292246520874752,0.011152416356877323,0.008450704225352112,0.11292246520874752,0.00929368029739777,0.014084507042253521,0.11371769383697813
qwen3-1.7b,llama31-8b-base,imdb,4,0.5835781913157035,0.6007182500816193,254,2196,379,0.1725865209471767,0.4798422404642173,0.4121395265761795,0.07617877491581826,0.06770271388803778,0.3884,2500,0.09090909090909091,0.026385224274406333,0.3924,0.12272727272727273,0.0712401055408971,0.3992,0.1252847380410023,0.14511873350923482,0.4104
qwen3-1.7b,llama31-8b-base,rte,4,0.5555803571428571,0.5569196428571429,267,104,14,0.1346153846153846,0.3873015873015873,0.49424603174603177,0.07880631677165313,-0.10694444444444445,0.3893129770992366,131,0.0,0.0,0.3893129770992366,0.1,0.07142857142857142,0.3969465648854962,0.047619047619047616,0.07142857142857142,0.3969465648854962
qwen3-1.7b,llama31-8b-base,truthfulqa,4,0.5574515099435305,0.5607660201325804,226,647,335,0.517774343122102,0.47608113279755077,0.5079434557979334,0.034592137147014285,-0.031862323000382664,0.3635250917992656,817,0.375,0.03582089552238806,0.37821297429620565,0.49230769230769234,0.0955223880597015,0.40269277845777235,0.49612403100775193,0.191044776119403,0.4418604651162791
qwen3-1.7b,olmo3-7b,boolq,4,0.5065605806811837,0.5160524846454495,171,874,180,0.20594965675057209,0.520260967018892,0.5080411463336536,0.01963069933881932,0.012219820685238414,0.4858528698464026,1237,0.2727272727272727,0.06666666666666667,0.49555375909458366,0.21839080459770116,0.10555555555555556,0.5012126111560227,0.2342857142857143,0.22777777777777777,0.5189975747776879
qwen3-1.7b,olmo3-7b,geometry_of_truth,4,0.5794040602488539,0.5925016371971186,297,2682,302,0.11260253542132737,0.6020368412265569,0.5907569981635039,0.2409629309994413,0.011279843063052963,0.15904572564612326,2515,0.4253731343283582,0.18874172185430463,0.18170974155069583,0.2835820895522388,0.25165562913907286,0.18926441351888668,0.20149253731343283,0.3576158940397351,0.20198807157057655
qwen3-1.7b,olmo3-7b,imdb,4,0.5835781913157035,0.5861900097943193,253,2569,324,0.1261191124951343,0.5055019384640765,0.4713725975418626,0.04574709989003541,0.034129340922213924,0.2044,2500,0.1171875,0.046296296296296294,0.2104,0.15953307392996108,0.12654320987654322,0.2208,0.14785992217898833,0.2345679012345679,0.2348
qwen3-1.7b,olmo3-7b,rte,4,0.5555803571428571,0.5629464285714286,316,124,16,0.12903225806451613,0.5914351851851851,0.4929108796296296,0.08368061058441661,0.09852430555555552,0.2595419847328244,131,0.3333333333333333,0.125,0.2748091603053435,0.16666666666666666,0.125,0.2748091603053435,0.12,0.1875,0.2824427480916031
qwen3-1.7b,olmo3-7b,truthfulqa,4,0.5574515099435305,0.570464031426467,271,695,374,0.5381294964028777,0.5500358172155864,0.47612116214370204,0.018089954853458014,0.07391465507188433,0.30966952264381886,817,0.4857142857142857,0.045454545454545456,0.33047735618115054,0.5714285714285714,0.10695187165775401,0.35862913096695226,0.6115107913669064,0.22727272727272727,0.41370869033047736
qwen3-1.7b,qwen3-32b,boolq,4,0.5065605806811837,0.5099106644332775,103,1008,87,0.08630952380952381,0.5152195889026171,0.4872234078400539,0.062175844454661025,0.027996181062563186,0.3928860145513339,1237,0.12,0.06896551724137931,0.39773645917542444,0.10891089108910891,0.12643678160919541,0.40177849636216656,0.10396039603960396,0.2413793103448276,0.40986257073565074
qwen3-1.7b,qwen3-32b,geometry_of_truth,4,0.5794040602488539,0.558120497707924,188,2605,145,0.05566218809980806,0.6990552284833194,0.5796460611157835,0.0944564528485582,0.11940916736753582,0.18250497017892645,2515,0.23846153846153847,0.21379310344827587,0.19483101391650098,0.18076923076923077,0.32413793103448274,0.20119284294234593,0.11132437619961612,0.4,0.20556660039761432
qwen3-1.7b,qwen3-32b,imdb,4,0.5835781913157035,0.5527260855370552,137,2478,236,0.09523809523809523,0.5477554846610926,0.5428581283357777,0.03689974443364874,0.00489735632531485,0.21,2500,0.12096774193548387,0.0635593220338983,0.216,0.10887096774193548,0.11440677966101695,0.2208,0.11290322580645161,0.23728813559322035,0.2324
qwen3-1.7b,qwen3-32b,rte,4,0.5555803571428571,0.5383928571428571,202,125,8,0.064,0.38888888888888884,0.40411324786324787,0.05442626371127404,-0.015224358974359031,0.25190839694656486,131,0.0,0.0,0.25190839694656486,0.0,0.0,0.25190839694656486,0.04,0.125,0.2595419847328244
qwen3-1.7b,qwen3-32b,truthfulqa,4,0.5574515099435305,0.5406334397250184,172,553,213,0.38517179023508136,0.5211819939243303,0.5374136978735156,0.02127566932516254,-0.016231703949185272,0.39657282741738065,817,0.4642857142857143,0.06103286384976526,0.412484700122399,0.4,0.10328638497652583,0.423500611995104,0.4144144144144144,0.215962441314554,0.4528763769889841
qwen3-1.7b,qwen3-8b,boolq,4,0.5065605806811837,0.509212730318258,134,936,92,0.09829059829059829,0.5075339995878838,0.46876931794766125,0.0363336115061166,0.038764681640222565,0.4316895715440582,1237,0.1276595744680851,0.06521739130434782,0.43654001616814875,0.09574468085106383,0.09782608695652174,0.43896523848019403,0.09090909090909091,0.18478260869565216,0.44543249797898143
qwen3-1.7b,qwen3-8b,geometry_of_truth,4,0.5794040602488539,0.5648330058939096,241,2604,162,0.06221198156682028,0.8686438964216742,0.684404733015844,0.124094934393692,0.18423916340583013,0.1904572564612326,2515,0.5307692307692308,0.42592592592592593,0.21789264413518886,0.36923076923076925,0.5925925925925926,0.2286282306163022,0.21880998080614203,0.7037037037037037,0.23578528827037773
qwen3-1.7b,qwen3-8b,imdb,4,0.5835781913157035,0.5576232451844597,198,2517,278,0.11044894715931665,0.48952834159648617,0.4657269271675112,0.05710361973592402,0.023801414428974987,0.194,2500,0.07936507936507936,0.03597122302158273,0.198,0.0873015873015873,0.07913669064748201,0.2028,0.09145129224652088,0.16546762589928057,0.2124
qwen3-1.7b,qwen3-8b,rte,4,0.5555803571428571,0.54296875,252,127,15,0.11811023622047244,0.6125,0.5372023809523809,0.07898800552619877,0.07529761904761911,0.183206106870229,131,0.3333333333333333,0.13333333333333333,0.1984732824427481,0.23076923076923078,0.2,0.20610687022900764,0.24,0.4,0.22900763358778625
qwen3-1.7b,qwen3-8b,truthfulqa,4,0.5574515099435305,0.54824453719617,220,568,220,0.3873239436619718,0.4972048066875653,0.5054532392894462,0.030604672606941052,-0.008248432601880906,0.401468788249694,817,0.32142857142857145,0.04090909090909091,0.412484700122399,0.3508771929824561,0.09090909090909091,0.4259485924112607,0.37719298245614036,0.19545454545454546,0.4541003671970624
qwen3-1.7b,qwen3-8b-base,boolq,4,0.5065605806811837,0.5192629815745393,132,985,192,0.1949238578680203,0.509733606557377,0.48972125893232443,0.0076359587233730325,0.02001234762505255,0.4058205335489086,1237,0.1836734693877551,0.046875,0.4130962004850445,0.14285714285714285,0.07291666666666667,0.4171382376717866,0.16751269035532995,0.171875,0.43249797898140663
qwen3-1.7b,qwen3-8b-base,geometry_of_truth,4,0.5794040602488539,0.5808775376555337,244,2791,333,0.11931207452525977,0.6376042437881331,0.7608370168378304,0.08242725006979543,-0.12323277304969738,0.07872763419483102,2515,0.14285714285714285,0.06006006006006006,0.08667992047713717,0.13978494623655913,0.11711711711711711,0.09423459244532803,0.11827956989247312,0.1981981981981982,0.10497017892644135
qwen3-1.7b,qwen3-8b-base,imdb,4,0.5835781913157035,0.5669278485145283,200,2458,258,0.10496338486574451,0.4925528541226215,0.48644423890063426,0.12761336312953256,0.006108615221987246,0.2376,2500,0.10569105691056911,0.050387596899224806,0.2428,0.09349593495934959,0.08914728682170543,0.2468,0.09349593495934959,0.17829457364341086,0.256
qwen3-1.7b,qwen3-8b-base,rte,4,0.5555803571428571,0.5534598214285714,262,129,13,0.10077519379844961,0.6538461538461539,0.4104774535809018,0.09118097419622272,0.24336870026525204,0.20610687022900764,131,0.3333333333333333,0.15384615384615385,0.22137404580152673,0.15384615384615385,0.15384615384615385,0.22137404580152673,0.19230769230769232,0.38461538461538464,0.24427480916030533
qwen3-1.7b,qwen3-8b-base,truthfulqa,4,0.5574515099435305,0.5572059906702677,222,652,306,0.46932515337423314,0.5442498772148552,0.503062544863803,0.038161156700310596,0.04118733235105221,0.34516523867809057,817,0.5757575757575758,0.06209150326797386,0.3684210526315789,0.5538461538461539,0.11764705882352941,0.38922888616891066,0.5230769230769231,0.2222222222222222,0.4283965728274174
qwen3-1.7b,qwen38-27b,boolq,3,0.5038424591738713,0.5072046109510087,47,812,71,0.0874384236453202,0.445629241033244,0.5071800574024443,0.04302942000951119,-0.061550816369200345,0.4850444624090542,1237,0.0975609756097561,0.056338028169014086,0.48827809215844786,0.04938271604938271,0.056338028169014086,0.48827809215844786,0.06790123456790123,0.15492957746478872,0.4939369442198868
qwen3-1.7b,qwen38-27b,geometry_of_truth,3,0.6618404118404119,0.5962033462033463,103,2927,427,0.1458831568158524,0.06198220140515223,0.3505466042154566,0.09557839057872435,-0.2885644028103044,0.18330019880715706,2515,0.0136986301369863,0.00468384074941452,0.18409542743538768,0.010238907849829351,0.00702576112412178,0.18449304174950298,0.006837606837606838,0.00936768149882904,0.1848906560636183
qwen3-1.7b,qwen38-27b,rte,3,0.5820469798657718,0.5463087248322148,114,127,16,0.12598425196850394,0.6373873873873874,0.408643018018018,0.07744663279108588,0.22874436936936943,0.20610687022900764,131,0.3333333333333333,0.125,0.22137404580152673,0.23076923076923078,0.1875,0.22900763358778625,0.2,0.3125,0.24427480916030533
qwen3-1.7b,qwen38-27b,truthfulqa,3,0.5932763311309756,0.5540225417800233,100,627,245,0.39074960127591707,0.5971364462015173,0.5339779891013997,0.03155542981303318,0.06315845710011758,0.40514075887392903,817,0.45161290322580644,0.05714285714285714,0.4222766217870257,0.3968253968253968,0.10204081632653061,0.4357405140758874,0.448,0.22857142857142856,0.47368421052631576
qwen3-32b,llama31-405b,boolq,4,0.5099106644332775,0.5117252931323283,98,1279,63,0.04925723221266615,0.48111163324979117,0.5020134972848789,0.013746978432186993,-0.020901864035087703,0.16006467259498788,1237,0.03125,0.031746031746031744,0.16168148746968472,0.046875,0.09523809523809523,0.16491511721907842,0.046875,0.19047619047619047,0.16976556184316896
qwen3-32b,llama31-405b,geometry_of_truth,4,0.558120497707924,0.5504256712508186,155,2655,151,0.05687382297551789,0.9615000105791,0.5067931045426655,0.24729876226251016,0.4547069060364345,0.1021868787276342,2515,0.7142857142857143,0.6291390728476821,0.13996023856858847,0.45112781954887216,0.7947019867549668,0.14990059642147116,0.263653483992467,0.9271523178807947,0.15785288270377734
qwen3-32b,llama31-405b,imdb,4,0.5527260855370552,0.5430950048971597,99,2608,216,0.08282208588957055,0.3482209215904868,0.4440529968722904,0.06142784625179173,-0.0958320752818036,0.0796,2500,0.023076923076923078,0.013888888888888888,0.0808,0.038314176245210725,0.046296296296296294,0.0836,0.028735632183908046,0.06944444444444445,0.0856
qwen3-32b,llama31-405b,rte,4,0.5383928571428571,0.5334821428571429,157,123,11,0.08943089430894309,0.5957792207792207,0.45961850649350655,0.12648069795139244,0.1361607142857142,0.19083969465648856,131,0.3333333333333333,0.18181818181818182,0.20610687022900764,0.16666666666666666,0.18181818181818182,0.20610687022900764,0.12,0.2727272727272727,0.21374045801526717
qwen3-32b,llama31-405b,truthfulqa,4,0.5406334397250184,0.5379327277191259,152,710,167,0.2352112676056338,0.6934197902537467,0.4564214113210044,0.07585453661364504,0.23699837893274228,0.20930232558139536,817,0.5277777777777778,0.11377245508982035,0.23255813953488372,0.4788732394366197,0.20359281437125748,0.25091799265605874,0.43661971830985913,0.3712574850299401,0.28518971848225216
qwen3-32b,llama31-70b,boolq,4,0.5099106644332775,0.5093523171412618,95,1250,106,0.0848,0.49891971236310856,0.5072651405198575,0.02863028902397198,-0.008345428156748935,0.19805982215036377,1237,0.016129032258064516,0.009433962264150943,0.19886822958771222,0.064,0.07547169811320754,0.20452708164915118,0.08,0.18867924528301888,0.21422797089733225
qwen3-32b,llama31-70b,geometry_of_truth,4,0.558120497707924,0.5517354289456451,171,2642,132,0.04996214988644966,0.9173940601231437,0.4371551672099481,0.22695325904452165,0.4802388929131956,0.11769383697813121,2515,0.5227272727272727,0.5227272727272727,0.14512922465208747,0.3560606060606061,0.7121212121212122,0.1550695825049702,0.20454545454545456,0.8181818181818182,0.1606361829025845
qwen3-32b,llama31-70b,imdb,4,0.5527260855370552,0.549624551093699,121,2616,228,0.0871559633027523,0.4318926503864351,0.4865822166387493,0.07061976349370716,-0.05468956625231419,0.0844,2500,0.061068702290076333,0.03508771929824561,0.0876,0.04580152671755725,0.05263157894736842,0.0892,0.05736137667304015,0.13157894736842105,0.0964
qwen3-32b,llama31-70b,rte,4,0.5383928571428571,0.5348214285714286,173,128,13,0.1015625,0.5839464882943144,0.5076923076923077,0.037473121726901135,0.07625418060200673,0.1450381679389313,131,0.3333333333333333,0.15384615384615385,0.16030534351145037,0.15384615384615385,0.15384615384615385,0.16030534351145037,0.19230769230769232,0.38461538461538464,0.183206106870229
qwen3-32b,llama31-70b,truthfulqa,4,0.5406334397250184,0.5390375644488092,157,689,188,0.2728592162554427,0.6626958848260924,0.4762602454665138,0.07481590576644297,0.18643563935957863,0.24479804161566707,817,0.5882352941176471,0.10638297872340426,0.2692778457772338,0.5507246376811594,0.20212765957446807,0.2913096695226438,0.4855072463768116,0.35638297872340424,0.3268053855569155
qwen3-32b,llama31-70b-base,boolq,4,0.5099106644332775,0.5142378559463987,95,1180,89,0.07542372881355933,0.47957239518429645,0.489791346975767,0.028945604037790666,-0.010218951791470532,0.2611156022635408,1237,0.05084745762711865,0.033707865168539325,0.2635408245755861,0.07627118644067797,0.10112359550561797,0.26839126919967665,0.07627118644067797,0.20224719101123595,0.27566693613581245
qwen3-32b,llama31-70b-base,geometry_of_truth,4,0.558120497707924,0.5764571054354944,178,2636,130,0.04931714719271624,0.893569279882129,0.47654245196144634,0.2526161841585348,0.41702682792068263,0.1705765407554672,2515,0.3939393939393939,0.4,0.19125248508946321,0.29924242424242425,0.6076923076923076,0.20198807157057655,0.18975332068311196,0.7692307692307693,0.210337972166998
qwen3-32b,llama31-70b-base,imdb,4,0.5527260855370552,0.5677440417890957,128,2301,236,0.10256410256410256,0.47461115443017193,0.5669773669306849,0.025334780195433,-0.09236621250051297,0.2408,2500,0.12173913043478261,0.059322033898305086,0.2464,0.10869565217391304,0.1059322033898305,0.2508,0.08478260869565217,0.1652542372881356,0.2564
qwen3-32b,llama31-70b-base,rte,4,0.5383928571428571,0.54921875,184,119,14,0.11764705882352941,0.5952380952380952,0.4653061224489796,0.07918817342334279,0.1299319727891156,0.2366412213740458,131,0.16666666666666666,0.07142857142857142,0.24427480916030533,0.16666666666666666,0.14285714285714285,0.25190839694656486,0.125,0.21428571428571427,0.2595419847328244
qwen3-32b,llama31-70b-base,truthfulqa,4,0.5406334397250184,0.5535232015713234,149,638,187,0.29310344827586204,0.6297236088549509,0.46684729122449226,0.012356816903741278,0.16287631763045868,0.29253365973072215,817,0.59375,0.10160427807486631,0.3157894736842105,0.5625,0.1925133689839572,0.33659730722154224,0.390625,0.26737967914438504,0.3537331701346389
qwen3-8b,gemma2-9b,boolq,4,0.509212730318258,0.510748185371301,126,1298,118,0.09090909090909091,0.5612754955472565,0.5315516374604998,0.02437591717373141,0.029723858086756705,0.19078415521422798,1237,0.1076923076923077,0.059322033898305086,0.19644300727566694,0.11538461538461539,0.1271186440677966,0.2029102667744543,0.11153846153846154,0.2457627118644068,0.21422797089733225
qwen3-8b,gemma2-9b,geometry_of_truth,4,0.5648330058939096,0.5566470203012442,204,2642,152,0.05753217259651779,0.856940921581061,0.7183153667300782,0.13832108228296097,0.13862555485098282,0.13320079522862824,2515,0.5984848484848485,0.5197368421052632,0.16461232604373757,0.3484848484848485,0.6052631578947368,0.16978131212723657,0.20075757575757575,0.6973684210526315,0.1753479125248509
qwen3-8b,gemma2-9b,imdb,4,0.5576232451844597,0.5525628468821417,147,2636,282,0.10698027314112292,0.4370017534662593,0.436496728068114,0.056967023807985684,0.0005050253981452868,0.0768,2500,0.06818181818181818,0.031914893617021274,0.0804,0.07575757575757576,0.07092198581560284,0.0848,0.0872865275142315,0.16312056737588654,0.0952
qwen3-8b,gemma2-9b,rte,4,0.54296875,0.5388392857142857,214,127,15,0.11811023622047244,0.5648809523809524,0.49226190476190473,0.02406117015643779,0.07261904761904764,0.16793893129770993,131,0.16666666666666666,0.06666666666666667,0.17557251908396945,0.15384615384615385,0.13333333333333333,0.183206106870229,0.08,0.13333333333333333,0.183206106870229
qwen3-8b,gemma2-9b,truthfulqa,4,0.54824453719617,0.5412472379081757,184,680,191,0.28088235294117647,0.6334650263921455,0.55532179145387,0.04164492918661791,0.07814323493827557,0.22888616891064872,817,0.5,0.08900523560209424,0.24969400244798043,0.45588235294117646,0.16230366492146597,0.2668298653610771,0.41911764705882354,0.29842931937172773,0.29865361077111385
qwen3-8b,gemma4-12b,boolq,4,0.509212730318258,0.518425460636516,109,903,128,0.14174972314507198,0.4657762096774194,0.4839264112903226,0.036972558887421604,-0.018150201612903205,0.49797898140662894,1237,0.13333333333333333,0.046875,0.5028294260307195,0.1,0.0703125,0.5052546483427648,0.12154696132596685,0.171875,0.5157639450282943
qwen3-8b,gemma4-12b,geometry_of_truth,4,0.5648330058939096,0.6962999345121152,257,1966,235,0.11953204476093592,0.9050481212434087,0.39175424364221884,0.20360152735319936,0.5132938776011899,0.6508946322067595,2515,0.7448979591836735,0.31063829787234043,0.679920477137177,0.6243654822335025,0.5234042553191489,0.6998011928429424,0.4732824427480916,0.7914893617021277,0.7248508946322068
qwen3-8b,gemma4-12b,imdb,4,0.5576232451844597,0.6547502448579824,221,1845,269,0.14579945799457994,0.5323014360387222,0.510030216254977,0.031097423844958016,0.022271219783745133,0.5908,2500,0.16304347826086957,0.055762081784386616,0.5968,0.14673913043478262,0.10037174721189591,0.6016,0.15718157181571815,0.21561338289962825,0.614
qwen3-8b,gemma4-12b,rte,4,0.54296875,0.6352678571428572,263,97,18,0.18556701030927836,0.6223628691983122,0.4120956399437412,0.10201875698483749,0.21026722925457098,0.5725190839694656,131,0.2,0.05555555555555555,0.5801526717557252,0.5,0.2777777777777778,0.6106870229007634,0.3684210526315789,0.3888888888888889,0.6259541984732825
qwen3-8b,gemma4-12b,truthfulqa,4,0.54824453719617,0.650748833783452,245,568,202,0.35563380281690143,0.5726478385543473,0.4662629172753341,0.023335566593592805,0.10638492127901322,0.5299877600979193,817,0.5,0.06930693069306931,0.5471236230110159,0.45614035087719296,0.12871287128712872,0.5618115055079559,0.45614035087719296,0.25742574257425743,0.5936352509179926
qwen3-8b,gemma4-12b-base,boolq,4,0.509212730318258,0.5128419877163596,103,1192,121,0.10151006711409397,0.5417042850197931,0.5093602179163677,0.014716243783425205,0.03234406710342541,0.28698464025869036,1237,0.15,0.0743801652892562,0.2942603071948262,0.13445378151260504,0.1322314049586777,0.29991915925626517,0.12605042016806722,0.24793388429752067,0.3112368633791431
qwen3-8b,gemma4-12b-base,geometry_of_truth,4,0.5648330058939096,0.6164047151277013,232,2631,149,0.056632459141011025,0.8331422483491879,0.44441590187605795,0.23771582511764822,0.38872634647313,0.25924453280318094,2515,0.4393939393939394,0.38926174496644295,0.2823061630218688,0.29277566539923955,0.5167785234899329,0.28986083499005966,0.188212927756654,0.6644295302013423,0.2986083499005964
qwen3-8b,gemma4-12b-base,imdb,4,0.5576232451844597,0.6015344433561868,189,2138,292,0.13657623947614594,0.4734802386500245,0.5266009253625017,0.09423184177210388,-0.053120686712477216,0.3636,2500,0.14953271028037382,0.0547945205479452,0.37,0.12149532710280374,0.08904109589041095,0.374,0.1261682242990654,0.18493150684931506,0.3852
qwen3-8b,gemma4-12b-base,rte,4,0.54296875,0.5702008928571428,225,112,15,0.13392857142857142,0.6034364261168385,0.538831615120275,0.030330232527307505,0.06460481099656346,0.33587786259541985,131,0.3333333333333333,0.13333333333333333,0.3511450381679389,0.18181818181818182,0.13333333333333333,0.3511450381679389,0.18181818181818182,0.26666666666666666,0.366412213740458
qwen3-8b,gemma4-12b-base,truthfulqa,4,0.54824453719617,0.5709550699729928,203,612,209,0.3415032679738562,0.5343298467237346,0.473037149607608,0.034747789024566045,0.061292697116126615,0.3623011015911873,817,0.3225806451612903,0.04784688995215311,0.37454100367197063,0.29508196721311475,0.0861244019138756,0.3843329253365973,0.3524590163934426,0.20574162679425836,0.4149326805385557
qwen3-8b,gemma4-31b,boolq,3,0.5038424591738713,0.5062439961575408,54,1056,140,0.13257575757575757,0.49708359326263263,0.5216098721147848,0.032841023694608396,-0.024526278852152195,0.3120452708164915,1237,0.07547169811320754,0.02857142857142857,0.3152789005658852,0.07547169811320754,0.05714285714285714,0.3185125303152789,0.11374407582938388,0.17142857142857143,0.3314470493128537
qwen3-8b,gemma4-31b,geometry_of_truth,3,0.6135778635778636,0.6444658944658944,146,2312,505,0.21842560553633217,0.9475899554537636,0.6237662117069482,0.27801430713606673,0.32382374374681533,0.3992047713717694,2515,0.896551724137931,0.20594059405940593,0.4405566600397614,0.9264069264069265,0.42376237623762375,0.4842942345924453,0.8614718614718615,0.7881188118811882,0.557455268389662
qwen3-8b,gemma4-31b,rte,3,0.5572147651006711,0.5731543624161074,143,105,19,0.18095238095238095,0.5104039167686658,0.4983170134638923,0.08008649282524603,0.012086903304773522,0.40458015267175573,131,0.2,0.05263157894736842,0.4122137404580153,0.2,0.10526315789473684,0.4198473282442748,0.19047619047619047,0.21052631578947367,0.4351145038167939
qwen3-8b,gemma4-31b,truthfulqa,3,0.5660707345511077,0.5864749319860085,126,539,215,0.39888682745825604,0.6300459374102785,0.4922121734137238,0.03675860845417791,0.13783376399655467,0.5055079559363526,817,0.6666666666666666,0.08372093023255814,0.5275397796817626,0.6111111111111112,0.15348837209302327,0.5458996328029376,0.5833333333333334,0.2930232558139535,0.5826193390452876
qwen3-8b,llama-8b,boolq,4,0.509212730318258,0.5194025683975433,143,1251,112,0.08952837729816147,0.5472375517371127,0.4998471403486768,0.01658432584901422,0.04739041138843597,0.25222312045270817,1237,0.07936507936507936,0.044642857142857144,0.2562651576394503,0.088,0.09821428571428571,0.2611156022635408,0.104,0.23214285714285715,0.27324171382376716
qwen3-8b,llama-8b,geometry_of_truth,4,0.5648330058939096,0.5872626064178127,251,2394,71,0.029657477025898077,0.8536678530069786,0.6669950828518246,0.1642893665454134,0.18667277015515393,0.32842942345924453,2515,0.225,0.38028169014084506,0.33916500994035786,0.13807531380753138,0.4647887323943662,0.3415506958250497,0.1022964509394572,0.6901408450704225,0.34791252485089463
qwen3-8b,llama-8b,imdb,4,0.5576232451844597,0.5724779627815867,181,2624,290,0.11051829268292683,0.4820302573648908,0.5480512956889164,0.039554404655204024,-0.06602103832402562,0.1136,2500,0.09923664122137404,0.04482758620689655,0.1188,0.10687022900763359,0.09655172413793103,0.1248,0.09904761904761905,0.1793103448275862,0.1344
qwen3-8b,llama-8b,rte,4,0.54296875,0.5581473214285714,249,116,14,0.1206896551724138,0.6190476190476191,0.4711134453781512,0.02927964439492229,0.14793417366946787,0.29770992366412213,131,0.3333333333333333,0.14285714285714285,0.31297709923664124,0.25,0.21428571428571427,0.32061068702290074,0.17391304347826086,0.2857142857142857,0.3282442748091603
qwen3-8b,llama-8b,truthfulqa,4,0.54824453719617,0.5615025779523692,224,613,251,0.4094616639477977,0.5916884946402237,0.5104223988025797,0.04088400524592392,0.08126609583764399,0.31456548347613217,817,0.3548387096774194,0.043824701195219126,0.32802937576499386,0.4918032786885246,0.11952191235059761,0.35128518971848227,0.4634146341463415,0.22709163346613545,0.3843329253365973
qwen3-8b,llama31-405b,boolq,4,0.509212730318258,0.5117252931323283,100,1295,74,0.05714285714285714,0.5223565088429953,0.4911321026185891,0.01759719661357055,0.031224406224406254,0.18916734033953111,1237,0.07692307692307693,0.06756756756756757,0.19320937752627323,0.09230769230769231,0.16216216216216217,0.19886822958771222,0.07335907335907337,0.25675675675675674,0.20452708164915118
qwen3-8b,llama31-405b,geometry_of_truth,4,0.5648330058939096,0.5504256712508186,145,2598,112,0.04311008468052348,0.7481288070336741,0.6497780427537065,0.10135895000809607,0.09835076427996758,0.15467196819085488,2515,0.38461538461538464,0.44642857142857145,0.1745526838966203,0.23846153846153847,0.5535714285714286,0.17932405566600398,0.13846153846153847,0.6428571428571429,0.18330019880715706
qwen3-8b,llama31-405b,imdb,4,0.5576232451844597,0.5430950048971597,102,2584,215,0.08320433436532508,0.45298477426448214,0.49731169073399634,0.05055914756183012,-0.0443269164695142,0.098,2500,0.03875968992248062,0.023255813953488372,0.1,0.05426356589147287,0.06511627906976744,0.1036,0.058027079303675046,0.13953488372093023,0.11
qwen3-8b,llama31-405b,rte,4,0.54296875,0.5334821428571429,151,124,12,0.0967741935483871,0.6532738095238095,0.5459449404761905,0.06923716918621861,0.10732886904761907,0.21374045801526717,131,0.3333333333333333,0.16666666666666666,0.22900763358778625,0.25,0.25,0.2366412213740458,0.2,0.4166666666666667,0.25190839694656486
qwen3-8b,llama31-405b,truthfulqa,4,0.54824453719617,0.5379327277191259,147,652,153,0.23466257668711657,0.66852659567501,0.49581188520832514,0.060102392306038886,0.1727147104666849,0.26560587515299877,817,0.5757575757575758,0.12418300653594772,0.28886168910648713,0.47692307692307695,0.20261437908496732,0.30354957160342716,0.36923076923076925,0.3137254901960784,0.3243574051407589
qwen3-8b,llama31-70b,boolq,4,0.509212730318258,0.5093523171412618,98,1243,119,0.09573612228479485,0.5158721851730016,0.4984430604982206,0.0044635182789679335,0.01742912467478097,0.22392886014551333,1237,0.0967741935483871,0.05042016806722689,0.22877930476960387,0.0967741935483871,0.10084033613445378,0.23362974939369444,0.09236947791164658,0.19327731092436976,0.2425222312045271
qwen3-8b,llama31-70b,geometry_of_truth,4,0.5648330058939096,0.5517354289456451,164,2628,138,0.05251141552511415,0.8554595192363658,0.666809266049706,0.07339167137400844,0.18865025318665973,0.13439363817097416,2515,0.5343511450381679,0.5072463768115942,0.16222664015904573,0.3269961977186312,0.6231884057971014,0.16858846918489065,0.19771863117870722,0.7536231884057971,0.17574552683896622
qwen3-8b,llama31-70b,imdb,4,0.5576232451844597,0.549624551093699,123,2611,242,0.09268479509766372,0.5489047580839284,0.4915829115050113,0.10130081193274232,0.057321846578917035,0.0908,2500,0.12213740458015267,0.06611570247933884,0.0972,0.10727969348659004,0.11570247933884298,0.102,0.1053639846743295,0.22727272727272727,0.1128
qwen3-8b,llama31-70b,rte,4,0.54296875,0.5348214285714286,168,122,11,0.09016393442622951,0.7108927108927109,0.5911138411138411,0.05181232149516303,0.11977886977886976,0.21374045801526717,131,0.16666666666666666,0.09090909090909091,0.22137404580152673,0.08333333333333333,0.09090909090909091,0.22137404580152673,0.20833333333333334,0.45454545454545453,0.25190839694656486
qwen3-8b,llama31-70b,truthfulqa,4,0.54824453719617,0.5390375644488092,158,644,191,0.296583850931677,0.6648752354865181,0.4964662575269003,0.05900821077306947,0.16840897795961773,0.2594859241126071,817,0.59375,0.09947643979057591,0.2827417380660955,0.546875,0.18324607329842932,0.3023255813953488,0.4728682170542636,0.3193717277486911,0.33414932680538556
qwen3-8b,llama31-70b-base,boolq,4,0.509212730318258,0.5142378559463987,103,1172,94,0.08020477815699659,0.4862037658390242,0.5191869300911854,0.050733706877335416,-0.032983164252161246,0.29991915925626517,1237,0.11864406779661017,0.07446808510638298,0.3055780113177041,0.08547008547008547,0.10638297872340426,0.3080032336297494,0.07264957264957266,0.18085106382978725,0.31366208569118836
qwen3-8b,llama31-70b-base,geometry_of_truth,4,0.5648330058939096,0.5764571054354944,201,2638,151,0.05724033358605004,0.7625986254350435,0.33271621704385984,0.09589111414763188,0.4298824083911837,0.1753479125248509,2515,0.21212121212121213,0.18543046357615894,0.18648111332007952,0.20075757575757575,0.3509933774834437,0.19642147117296221,0.1534090909090909,0.5364238410596026,0.20755467196819086
qwen3-8b,llama31-70b-base,imdb,4,0.5576232451844597,0.5677440417890957,156,2322,276,0.11886304909560723,0.47989006474279966,0.4792653923526995,0.035552451247004534,0.0006246723901001672,0.2264,2500,0.06896551724137931,0.028985507246376812,0.2296,0.09482758620689655,0.07971014492753623,0.2352,0.08620689655172414,0.14492753623188406,0.2424
qwen3-8b,llama31-70b-base,rte,4,0.54296875,0.54921875,205,114,13,0.11403508771929824,0.674028941355674,0.47524752475247534,0.09946144617346643,0.1987814166031987,0.2900763358778626,131,0.5,0.23076923076923078,0.31297709923664124,0.36363636363636365,0.3076923076923077,0.32061068702290074,0.2608695652173913,0.46153846153846156,0.33587786259541985
qwen3-8b,llama31-70b-base,truthfulqa,4,0.54824453719617,0.5535232015713234,186,635,193,0.30393700787401573,0.5776850397392915,0.4448749208730922,0.04263478524488907,0.1328101188661993,0.2998776009791922,817,0.28125,0.046632124352331605,0.3108935128518972,0.3125,0.10362694300518134,0.3243574051407589,0.3858267716535433,0.2538860103626943,0.3598531211750306
qwen3-8b,llama31-8b-base,boolq,4,0.509212730318258,0.5068397543271915,101,1142,122,0.10683012259194395,0.505464480874317,0.5245560109289618,0.009588938751473573,-0.019091530054644812,0.3322554567502021,1237,0.12280701754385964,0.05737704918032787,0.3379143088116411,0.10526315789473684,0.09836065573770492,0.3419563459983832,0.11842105263157894,0.22131147540983606,0.35408245755860956
qwen3-8b,llama31-8b-base,geometry_of_truth,4,0.5648330058939096,0.5803863785199738,213,2520,158,0.0626984126984127,0.7485583982679341,0.4005381890481141,0.14870870104580508,0.34802020921982,0.22743538767395627,2515,0.23015873015873015,0.18354430379746836,0.2389662027833002,0.17857142857142858,0.2848101265822785,0.24532803180914514,0.16468253968253968,0.5253164556962026,0.26043737574552683
qwen3-8b,llama31-8b-base,imdb,4,0.5576232451844597,0.6007182500816193,194,2100,233,0.11095238095238096,0.43191781357253034,0.48084071437274,0.04111176998582908,-0.04892290080020967,0.4072,2500,0.12380952380952381,0.055793991416309016,0.4124,0.11428571428571428,0.10300429184549356,0.4168,0.1,0.18025751072961374,0.424
qwen3-8b,llama31-8b-base,rte,4,0.54296875,0.5569196428571429,209,106,14,0.1320754716981132,0.5559006211180124,0.4704968944099379,0.1131331336844823,0.0854037267080745,0.3435114503816794,131,0.0,0.0,0.3435114503816794,0.09090909090909091,0.07142857142857142,0.3511450381679389,0.14285714285714285,0.21428571428571427,0.366412213740458
qwen3-8b,llama31-8b-base,truthfulqa,4,0.54824453719617,0.5607660201325804,190,551,222,0.4029038112522686,0.5325447027574688,0.519835565048331,0.04909160005565477,0.012709137709137841,0.40758873929008566,817,0.32142857142857145,0.04054054054054054,0.4186046511627907,0.4,0.0990990990990991,0.43451652386780903,0.4090909090909091,0.20270270270270271,0.46266829865361075
qwen3-8b,qwen3-32b,boolq,4,0.509212730318258,0.5099106644332775,107,1300,90,0.06923076923076923,0.5043526170798899,0.48069100091827366,0.04933077617774875,0.023661616161616217,0.18431689571544058,1237,0.1076923076923077,0.07777777777777778,0.18997574777687956,0.1,0.14444444444444443,0.1948261924009701,0.07307692307692308,0.2111111111111111,0.19967663702506064
qwen3-8b,qwen3-32b,geometry_of_truth,4,0.5648330058939096,0.558120497707924,199,2607,116,0.04449558879938627,0.8640138983097773,0.5445829122773017,0.19040507832714654,0.31943098603247555,0.16461232604373757,2515,0.3384615384615385,0.3793103448275862,0.18210735586481114,0.21839080459770116,0.49137931034482757,0.18727634194831014,0.15163147792706333,0.6810344827586207,0.1960238568588469
qwen3-8b,qwen3-32b,imdb,4,0.5576232451844597,0.5527260855370552,134,2633,269,0.10216483099126472,0.5734357996968152,0.5107907333673001,0.033943513472922175,0.06264506632951516,0.0856,2500,0.17424242424242425,0.08550185873605948,0.0948,0.1444866920152091,0.1412639405204461,0.1008,0.15370018975332067,0.30111524163568776,0.118
qwen3-8b,qwen3-32b,rte,4,0.54296875,0.5383928571428571,202,132,10,0.07575757575757576,0.5377049180327869,0.5442622950819672,0.05552635919488509,-0.006557377049180357,0.17557251908396945,131,0.0,0.0,0.17557251908396945,0.15384615384615385,0.2,0.19083969465648856,0.07692307692307693,0.2,0.19083969465648856
qwen3-8b,qwen3-32b,truthfulqa,4,0.54824453719617,0.5406334397250184,186,687,191,0.2780203784570597,0.6034981422057084,0.503425308224962,0.025237091387112616,0.1000728339807464,0.2178702570379437,817,0.5,0.08900523560209424,0.2386780905752754,0.43478260869565216,0.15706806282722513,0.25458996328029376,0.38686131386861317,0.2774869109947644,0.2827417380660955
qwen3-8b,qwen3-8b-base,boolq,4,0.509212730318258,0.5192629815745393,135,1167,120,0.10282776349614396,0.4967924227952881,0.5077025628780643,0.03470158629916407,-0.010910140082776132,0.3185125303152789,1237,0.10344827586206896,0.05,0.32336297493936944,0.09401709401709402,0.09166666666666666,0.32740501212611156,0.11158798283261803,0.21666666666666667,0.3395311236863379
qwen3-8b,qwen3-8b-base,geometry_of_truth,4,0.5648330058939096,0.5808775376555337,243,2652,163,0.0614630467571644,0.8059806707796513,0.5621932823441547,0.13787478151883162,0.24378738843549663,0.17296222664015903,2515,0.3533834586466165,0.2883435582822086,0.19165009940357852,0.24528301886792453,0.3987730061349693,0.1988071570576541,0.17735849056603772,0.5766871165644172,0.210337972166998
qwen3-8b,qwen3-8b-base,imdb,4,0.5576232451844597,0.5669278485145283,188,2594,282,0.1087124132613724,0.534818339100346,0.47610255773147814,0.057178773293117054,0.0587157813688679,0.1204,2500,0.06923076923076923,0.031914893617021274,0.124,0.10424710424710425,0.09574468085106383,0.1312,0.1233140655105973,0.22695035460992907,0.146
qwen3-8b,qwen3-8b-base,rte,4,0.54296875,0.5534598214285714,245,140,16,0.11428571428571428,0.6129032258064516,0.5122227822580646,0.02946622543733977,0.10068044354838701,0.11450381679389313,131,0.0,0.0,0.11450381679389313,0.07142857142857142,0.0625,0.12213740458015267,0.17857142857142858,0.3125,0.15267175572519084
qwen3-8b,qwen3-8b-base,truthfulqa,4,0.54824453719617,0.5572059906702677,221,661,252,0.3812405446293495,0.5698664959056157,0.5052586641828696,0.0393454625090736,0.06460783172274609,0.24479804161566707,817,0.36363636363636365,0.047619047619047616,0.2594859241126071,0.42424242424242425,0.1111111111111111,0.27906976744186046,0.4696969696969697,0.24603174603174602,0.32068543451652387
qwen3-8b,qwen38-27b,truthfulqa,3,0.5660707345511077,0.5540225417800233,105,647,195,0.30139103554868624,0.5740186067619697,0.486476060812344,0.027558304824286183,0.08754254594962568,0.30354957160342716,817,0.46875,0.07692307692307693,0.3219094247246022,0.4,0.13333333333333333,0.3353733170134639,0.37209302325581395,0.24615384615384617,0.3623011015911873
qwen3-8b-base,gemma2-9b,boolq,4,0.5192629815745393,0.510748185371301,131,1161,111,0.09560723514211886,0.4970313170313171,0.5240540540540541,0.03551756318099297,-0.027022737022737053,0.3379143088116411,1237,0.08620689655172414,0.04504504504504504,0.3419563459983832,0.04310344827586207,0.04504504504504504,0.3419563459983832,0.0603448275862069,0.12612612612612611,0.349232012934519
qwen3-8b-base,gemma2-9b,geometry_of_truth,4,0.5808775376555337,0.5566470203012442,211,2755,246,0.08929219600725953,0.8919418548509918,0.23296457954615415,0.16389768350602213,0.6589772753048376,0.0827037773359841,2515,0.5942028985507246,0.3333333333333333,0.11530815109343936,0.47101449275362317,0.5284552845528455,0.13439363817097416,0.3393829401088929,0.7601626016260162,0.15705765407554673
qwen3-8b-base,gemma2-9b,imdb,4,0.5669278485145283,0.5525628468821417,145,2589,265,0.10235612205484743,0.5183515734095412,0.4599292046893775,0.05954499138848071,0.05842236872016371,0.118,2500,0.10077519379844961,0.04905660377358491,0.1232,0.09652509652509653,0.09433962264150944,0.128,0.10424710424710425,0.2037735849056604,0.1396
qwen3-8b-base,gemma2-9b,rte,4,0.5534598214285714,0.5388392857142857,221,123,12,0.0975609756097561,0.5945945945945946,0.45063813813813813,0.05710488502369344,0.1439564564564565,0.20610687022900764,131,0.0,0.0,0.20610687022900764,0.0,0.0,0.20610687022900764,0.08,0.16666666666666666,0.22137404580152673
qwen3-8b-base,gemma2-9b,truthfulqa,4,0.5572059906702677,0.5412472379081757,184,624,220,0.3525641025641026,0.5879837983798379,0.5470437668766877,0.020812786332144,0.04094003150315029,0.31211750305997554,817,0.3548387096774194,0.05,0.32558139534883723,0.3709677419354839,0.10454545454545454,0.3402692778457772,0.408,0.2318181818181818,0.37454100367197063
qwen3-8b-base,gemma4-12b,boolq,4,0.5192629815745393,0.518425460636516,113,816,190,0.23284313725490197,0.5189423238607701,0.49617243988565657,0.0117151659653835,0.022769883975113536,0.5335489086499596,1237,0.34146341463414637,0.07368421052631578,0.5448666127728375,0.35365853658536583,0.15263157894736842,0.5569927243330639,0.25766871165644173,0.22105263157894736,0.5675020210185934
qwen3-8b-base,gemma4-12b,geometry_of_truth,4,0.5808775376555337,0.6962999345121152,280,2095,351,0.1675417661097852,0.8934139679552523,0.46721196319820174,0.16881361808502948,0.42620200475705056,0.5829025844930418,2515,0.6,0.1794871794871795,0.6079522862823061,0.6,0.358974358974359,0.6330019880715706,0.5560859188544153,0.6638176638176638,0.6755467196819086
qwen3-8b-base,gemma4-12b,imdb,4,0.5669278485145283,0.6547502448579824,242,1858,296,0.15931108719052745,0.5585376509672284,0.5067210696612106,0.038432719400815316,0.05181658130601785,0.5968,2500,0.1827956989247312,0.057432432432432436,0.6036,0.1881720430107527,0.11824324324324324,0.6108,0.20698924731182797,0.26013513513513514,0.6276
qwen3-8b-base,gemma4-12b,rte,4,0.5534598214285714,0.6352678571428572,281,98,15,0.15306122448979592,0.5020080321285141,0.4799196787148594,0.07354004744634057,0.02208835341365467,0.6106870229007634,131,0.2,0.06666666666666667,0.6183206106870229,0.2,0.13333333333333333,0.6259541984732825,0.15,0.2,0.6335877862595419
qwen3-8b-base,gemma4-12b,truthfulqa,4,0.5572059906702677,0.650748833783452,244,621,284,0.4573268921095008,0.5423684540477285,0.5098554979730012,0.02517002817544636,0.03251295607472726,0.4834761321909425,817,0.5483870967741935,0.05985915492957746,0.5042839657282742,0.46774193548387094,0.10211267605633803,0.5189718482252142,0.49193548387096775,0.2147887323943662,0.5581395348837209
qwen3-8b-base,gemma4-12b-base,boolq,4,0.5192629815745393,0.5128419877163596,112,1031,137,0.13288069835111543,0.5267721549992652,0.49777511063211355,0.026672054167856306,0.02899704436715167,0.396928051738076,1237,0.09615384615384616,0.0364963503649635,0.4009700889248181,0.0970873786407767,0.072992700729927,0.40501212611156023,0.1262135922330097,0.1897810218978102,0.417946645109135
qwen3-8b-base,gemma4-12b-base,geometry_of_truth,4,0.5808775376555337,0.6164047151277013,240,2772,273,0.09848484848484848,0.8757891434962264,0.5820122920963258,0.24310519527151012,0.2937768513999006,0.1848906560636183,2515,0.6834532374100719,0.34798534798534797,0.22266401590457258,0.5054151624548736,0.5128205128205128,0.24055666003976142,0.34657039711191334,0.7032967032967034,0.26123260437375745
qwen3-8b-base,gemma4-12b-base,imdb,4,0.5669278485145283,0.6015344433561868,200,2124,305,0.1435969868173258,0.5361674131886552,0.5251674041763175,0.05378652134993673,0.011000009012337775,0.3808,2500,0.1320754716981132,0.04590163934426229,0.3864,0.16981132075471697,0.1180327868852459,0.3952,0.15529411764705883,0.21639344262295082,0.4072
qwen3-8b-base,gemma4-12b-base,rte,4,0.5534598214285714,0.5702008928571428,239,114,15,0.13157894736842105,0.54006734006734,0.523063973063973,0.09355347760209179,0.01700336700336702,0.3282442748091603,131,0.0,0.0,0.3282442748091603,0.09090909090909091,0.06666666666666667,0.33587786259541985,0.21739130434782608,0.3333333333333333,0.366412213740458
qwen3-8b-base,gemma4-12b-base,truthfulqa,4,0.5572059906702677,0.5709550699729928,208,672,286,0.4255952380952381,0.5447842313127287,0.4908465886445161,0.019742709639608887,0.053937642668212604,0.32802937576499386,817,0.5,0.05944055944055944,0.3488372093023256,0.44776119402985076,0.1048951048951049,0.36474908200734396,0.4626865671641791,0.21678321678321677,0.4039167686658507
qwen3-8b-base,gemma4-31b,boolq,3,0.5084053794428435,0.5062439961575408,57,988,162,0.16396761133603238,0.4696962903177592,0.4980046632589006,0.043286353616974575,-0.028308372941141358,0.39531123686337916,1237,0.16326530612244897,0.04938271604938271,0.40177849636216656,0.13131313131313133,0.08024691358024691,0.4058205335489086,0.15656565656565657,0.19135802469135801,0.42037186742118027
qwen3-8b-base,gemma4-31b,geometry_of_truth,3,0.6344916344916345,0.6444658944658944,154,2353,502,0.2133446663833404,0.8686701061771284,0.5901270660200904,0.2279587680202298,0.278543040157038,0.4226640159045726,2515,0.847457627118644,0.199203187250996,0.46242544731610336,0.7617021276595745,0.3565737051792829,0.49383697813121274,0.6305732484076433,0.5916334661354582,0.5407554671968191
qwen3-8b-base,gemma4-31b,rte,3,0.565771812080537,0.5731543624161074,155,102,18,0.17647058823529413,0.5601851851851851,0.4050925925925926,0.12989130065559676,0.1550925925925925,0.4351145038167939,131,0.2,0.05555555555555555,0.44274809160305345,0.3,0.16666666666666666,0.4580152671755725,0.25,0.2777777777777778,0.4732824427480916
qwen3-8b-base,gemma4-31b,truthfulqa,3,0.5757870190439176,0.5864749319860085,126,594,305,0.5134680134680135,0.6151681887798514,0.5275001418117874,0.029985148444429083,0.08766804696806396,0.4504283965728274,817,0.7,0.06885245901639345,0.47613219094247244,0.6610169491525424,0.12786885245901639,0.4981640146878825,0.6638655462184874,0.25901639344262295,0.5471236230110159
qwen3-8b-base,llama-8b,boolq,4,0.5192629815745393,0.5194025683975433,155,1150,145,0.12608695652173912,0.5406827929318923,0.4800154400411734,0.013548776105428994,0.06066735289071884,0.33468067906224735,1237,0.08620689655172414,0.034482758620689655,0.3387227162489895,0.08695652173913043,0.06896551724137931,0.3427647534357316,0.1565217391304348,0.2482758620689655,0.36378334680679064
qwen3-8b-base,llama-8b,geometry_of_truth,4,0.5808775376555337,0.5872626064178127,263,2405,69,0.028690228690228692,0.8384144828270796,0.44896981089934485,0.09788344079674585,0.3894446719277348,0.35427435387673956,2515,0.15,0.2608695652173913,0.3614314115308151,0.1125,0.391304347826087,0.3650099403578529,0.0893970893970894,0.6231884057971014,0.3713717693836978
qwen3-8b-base,llama-8b,imdb,4,0.5669278485145283,0.5724779627815867,193,2614,303,0.11591430757459832,0.5436204806114535,0.4889008372927297,0.06599912190792494,0.05471964331872381,0.1308,2500,0.10687022900763359,0.0462046204620462,0.1364,0.11877394636015326,0.10231023102310231,0.1432,0.124282982791587,0.2145214521452145,0.1568
qwen3-8b-base,llama-8b,rte,4,0.5534598214285714,0.5581473214285714,270,117,13,0.1111111111111111,0.5865384615384616,0.505362426035503,0.07543358898182582,0.0811760355029586,0.3053435114503817,131,0.16666666666666666,0.07692307692307693,0.31297709923664124,0.08333333333333333,0.07692307692307693,0.31297709923664124,0.08695652173913043,0.15384615384615385,0.32061068702290074
qwen3-8b-base,llama-8b,truthfulqa,4,0.5572059906702677,0.5615025779523692,234,686,323,0.4708454810495627,0.5894549207242705,0.5215588192649832,0.06350687704451716,0.06789610145928737,0.29253365973072215,817,0.6764705882352942,0.07120743034055728,0.32068543451652387,0.6086956521739131,0.13003095975232198,0.34394124847001223,0.5985401459854015,0.25386996904024767,0.3929008567931457
qwen3-8b-base,llama31-405b,boolq,4,0.5192629815745393,0.5117252931323283,108,1116,57,0.051075268817204304,0.5461623842420026,0.48406722661232876,0.021052785063688066,0.062095157629673825,0.35246564268391267,1237,0.05357142857142857,0.05263157894736842,0.35489086499595796,0.05357142857142857,0.10526315789473684,0.35731608730800324,0.053811659192825115,0.21052631578947367,0.36216653193209375
qwen3-8b-base,llama31-405b,geometry_of_truth,4,0.5808775376555337,0.5504256712508186,155,2640,136,0.051515151515151514,0.8904106370982898,0.2859968168577335,0.14225365391672984,0.6044138202405563,0.15984095427435388,2515,0.5833333333333334,0.5661764705882353,0.1904572564612326,0.3446969696969697,0.6691176470588235,0.1960238568588469,0.1893939393939394,0.7352941176470589,0.1996023856858847
qwen3-8b-base,llama31-405b,imdb,4,0.5669278485145283,0.5430950048971597,107,2563,215,0.08388607101053452,0.48298997662533183,0.4950611108910106,0.06446705930711184,-0.012071134265678796,0.1256,2500,0.078125,0.046511627906976744,0.1296,0.08203125,0.09767441860465116,0.134,0.07407407407407407,0.17674418604651163,0.1408
qwen3-8b-base,qwen3-32b,truthfulqa,4,0.5572059906702677,0.5406334397250184,184,642,215,0.3348909657320872,0.5749142203583683,0.4887615053646316,0.05889169451212369,0.08615271499373667,0.31334149326805383,817,0.40625,0.06046511627906977,0.3292533659730722,0.421875,0.12558139534883722,0.3463892288861689,0.390625,0.23255813953488372,0.37454100367197063
qwen3-8b-base,qwen3-8b,truthfulqa,4,0.5572059906702677,0.54824453719617,221,661,252,0.3812405446293495,0.528767415686731,0.5062264718438313,0.05701259181887907,0.02254094384289973,0.24479804161566707,817,0.42424242424242425,0.05555555555555555,0.26193390452876375,0.42424242424242425,0.1111111111111111,0.27906976744186046,0.4318181818181818,0.2261904761904762,0.31456548347613217
qwen3-8b-base,qwen38-27b,truthfulqa,3,0.5757870190439176,0.5540225417800233,98,711,280,0.39381153305203936,0.5999337089824329,0.48801789857474315,0.02569592207596169,0.11191581040768978,0.2607099143206854,817,0.6111111111111112,0.07857142857142857,0.2876376988984088,0.5070422535211268,0.12857142857142856,0.3047735618115055,0.47183098591549294,0.2392857142857143,0.3427172582619339
qwen38-27b,gemma4-31b,truthfulqa,3,0.5540225417800233,0.5864749319860085,93,555,227,0.409009009009009,0.562533576877619,0.47996131943698295,0.020069020813528408,0.08257225744063601,0.5152998776009792,817,0.5714285714285714,0.07048458149779736,0.5348837209302325,0.5357142857142857,0.13215859030837004,0.5520195838433293,0.5315315315315315,0.2599118942731278,0.587515299877601
qwen38-27b,qwen3-32b,truthfulqa,3,0.5540225417800233,0.5553828216090168,95,659,174,0.26403641881638845,0.6018722597464155,0.5158253347553028,0.0776927895397952,0.08604692499111266,0.3317013463892289,817,0.42424242424242425,0.08045977011494253,0.3488372093023256,0.3484848484848485,0.13218390804597702,0.3598531211750306,0.3787878787878788,0.28735632183908044,0.3929008567931457
