model_a,model_b,dataset,kind,size_a,size_b,n_train,n_test,n_false_test,auroc_a,auroc_b,auroc_a_on_b,transfer_loss_a_to_b,auroc_b_on_a,transfer_loss_b_to_a,cka,map_r2_a_to_b,map_r2_b_to_a,acc_a,acc_b,n_wrong_a,n_wrong_b,n_both_wrong,n_both_wrong_say_true,n_both_wrong_say_false,both_wrong_rate,jaccard_errors,a_detects_b_error,b_detects_a_error
gemma2-9b,gemma4-12b,boolq,same-family,9,12,1962,1308,475,0.9097794907436658,0.5638819738421684,0.4881986478802046,0.07568332596196381,0.5133859859733367,0.3963935047703291,0.20584651782160265,-0.07705118347975715,0.04004901960498619,0.8600917431192661,0.6376146788990825,183,474,120,119,1,0.09174311926605505,0.22346368715083798,0.9102692529520687,0.5308755312689739
gemma2-9b,gemma4-12b,geometry_of_truth,same-family,9,12,3018,2012,1000,0.9984673913043478,0.7480750988142292,0.6225750988142293,0.12549999999999983,0.97799604743083,0.02047134387351779,0.5376438622047869,0.5907591069510633,0.6441672154064355,0.9865805168986084,0.6744532803180915,27,655,16,13,3,0.007952286282306162,0.024024024024024024,0.9984159039641778,0.5611530926392387
gemma2-9b,gemma4-12b,rte,same-family,9,12,166,111,62,0.9430546412113232,0.4427254772876893,0.4466754443712969,-0.0039499670836076195,0.9088215931533904,0.03423304805793281,0.3802006329708441,-0.007147618707413983,-0.2474350716680842,0.8378378378378378,0.40540540540540543,18,66,15,13,2,0.13513513513513514,0.21739130434782608,0.9444444444444444,0.2921146953405018
gemma2-9b,gemma4-12b,truthfulqa,same-family,9,12,980,654,327,0.9443930084448559,0.6490942588072459,0.5106659559146725,0.13842830289257346,0.7564178099486576,0.18797519849619826,0.14068213381070935,-0.15203168772552123,-0.23649932056614076,0.8608562691131498,0.5963302752293578,91,264,47,28,19,0.07186544342507645,0.1525974025974026,0.9413558663558663,0.5664513106786642
gemma2-9b,gemma4-12b-base,boolq,same-family,9,12,1962,1308,475,0.9097794907436658,0.8315284008340178,0.6161799456624755,0.21534845517154233,0.8636355594869525,0.046143931256713344,0.6535353190846745,0.5387204558732464,0.5864796737829899,0.8600917431192661,0.7293577981651376,183,354,131,112,19,0.10015290519877676,0.3226600985221675,0.8881426997832499,0.6611924711596843
gemma2-9b,gemma4-12b-base,geometry_of_truth,same-family,9,12,3018,2012,1000,0.9984673913043478,0.9973596837944664,0.9873725296442688,0.009987154150197575,0.9966590909090909,0.0018083003952569232,0.9352777650237506,0.8645146097638943,0.8809519863288257,0.9865805168986084,0.9811133200795229,27,38,15,12,3,0.007455268389662028,0.3,0.9760171705860397,0.9535404422054297
gemma2-9b,gemma4-12b-base,rte,same-family,9,12,166,111,62,0.9430546412113232,0.7890059249506254,0.7179065174456879,0.07109940750493748,0.9061882817643185,0.03686635944700467,0.8255384212910513,0.281308296165356,0.2935314476991807,0.8378378378378378,0.6396396396396397,18,40,13,11,2,0.11711711711711711,0.28888888888888886,0.9338028169014085,0.5884109916367981
gemma2-9b,gemma4-12b-base,truthfulqa,same-family,9,12,980,654,327,0.9443930084448559,0.8785549289715606,0.7565113299479094,0.12204359902365125,0.8382852172937183,0.10610779115113755,0.6496839069072275,0.4356295165138597,0.4412963834155005,0.8608562691131498,0.7981651376146789,91,132,43,18,25,0.06574923547400612,0.2388888888888889,0.9088151631255079,0.7945855210508852
gemma2-9b,gemma4-31b,boolq,same-family,9,31,1962,1308,475,0.9097794907436658,0.8310406267770266,0.5666999431351487,0.2643406836418779,0.72281291463954,0.18696657610412581,0.27027491254088615,0.2151223898498409,0.27769943583413126,0.8600917431192661,0.7844036697247706,183,282,103,81,22,0.07874617737003058,0.2845303867403315,0.856026986299476,0.7019890710382514
gemma2-9b,gemma4-31b,geometry_of_truth,same-family,9,31,3018,2012,1000,0.9984673913043478,0.9628982213438735,0.7858132411067194,0.17708498023715413,0.9856096837944663,0.012857707509881466,0.8516091749784147,0.8258927501438615,0.8077237618213147,0.9865805168986084,0.8941351888667992,27,213,16,12,4,0.007952286282306162,0.07142857142857142,0.9962394340100265,0.8121279970146468
gemma2-9b,gemma4-31b,rte,same-family,9,31,166,111,62,0.9430546412113232,0.6277156023699803,0.620803159973667,0.006912442396313279,0.9216589861751153,0.021395655036207883,0.3537375041761668,0.04180445793851639,-0.05449975354883407,0.8378378378378378,0.5585585585585585,18,49,11,9,2,0.0990990990990991,0.19642857142857142,0.9236339697169189,0.4354838709677419
gemma2-9b,gemma4-31b,truthfulqa,same-family,9,31,980,654,327,0.9443930084448559,0.7854838257161294,0.6977153064182775,0.0877685192978519,0.7854838257161294,0.15890918272872645,0.33451069032840913,0.17403826279172452,0.14090068802862454,0.8608562691131498,0.7217125382262997,91,182,50,25,25,0.0764525993883792,0.2242152466367713,0.9267670888433601,0.6628735385396133
gemma2-9b,gptj-6b,boolq,cross-family,9,6,1962,1308,475,0.9097794907436658,0.6656902761104442,0.5268212548177165,0.1388690212927277,0.6240576230492197,0.2857218676944461,0.6886725946860072,0.6195041773561252,0.564814691341997,0.8600917431192661,0.6483180428134556,183,460,122,113,9,0.09327217125382263,0.23416506717850288,0.9088699753896636,0.5457923497267759
gemma2-9b,gptj-6b,geometry_of_truth,cross-family,9,6,3018,2012,1000,0.9984673913043478,0.9835780632411067,0.8688280632411066,0.11475000000000013,0.9951798418972332,0.0032875494071146205,0.9237894656974908,0.886287501816191,0.8655741679248538,0.9865805168986084,0.9393638170974155,27,122,19,15,4,0.009443339960238568,0.14615384615384616,0.9923627374447046,0.8291445097490437
gemma2-9b,gptj-6b,rte,cross-family,9,6,166,111,62,0.9430546412113232,0.6645819618169848,0.5464121132323898,0.118169848584595,0.826201448321264,0.11685319289005924,0.7110991090670952,0.30003205940682065,0.2766692361951414,0.8378378378378378,0.46846846846846846,18,59,12,12,0,0.10810810810810811,0.18461538461538463,0.9380704041720992,0.4755077658303465
gemma2-9b,gptj-6b,truthfulqa,cross-family,9,6,980,654,327,0.9443930084448559,0.8530333211757335,0.7297459061620328,0.12328741501370066,0.846870353225037,0.09752265521981884,0.613312826101527,0.4513421309375947,0.4083510545919685,0.8608562691131498,0.7737003058103975,91,148,40,19,21,0.06116207951070336,0.20100502512562815,0.919907061211409,0.7833818046961919
gemma2-9b,llama-8b,boolq,cross-family,9,8,1962,1308,475,0.9097794907436658,0.8544310355721236,0.7521855057812599,0.10224552979086377,0.8726859164718519,0.03709357427181392,0.6261091670280587,0.6970251540622125,0.6109676102474411,0.8600917431192661,0.7859327217125383,183,280,118,92,26,0.09021406727828746,0.34202898550724636,0.8598909116175654,0.6962865816636309
gemma2-9b,llama-8b,geometry_of_truth,cross-family,9,8,3018,2012,1000,0.9984673913043478,0.9984980237154151,0.9958458498023716,0.0026521739130435096,0.9972994071146245,0.0011679841897233034,0.9594863053716972,0.905906503722347,0.8869532177084601,0.9865805168986084,0.9850894632206759,27,30,21,16,5,0.010437375745526839,0.5833333333333334,0.9624621594349142,0.9585035917529621
gemma2-9b,llama-8b,rte,cross-family,9,8,166,111,62,0.9430546412113232,0.8127057274522712,0.7903225806451614,0.022383146807109844,0.9265964450296247,0.016458196181698526,0.839728418750449,0.4493793222105027,0.2699700176031571,0.8378378378378378,0.7117117117117117,18,32,12,10,2,0.10810810810810811,0.3157894736842105,0.9054588607594937,0.6624850657108721
gemma2-9b,llama-8b,truthfulqa,cross-family,9,8,980,654,327,0.9443930084448559,0.9356301845149585,0.8233968334128254,0.11223335110213306,0.8517520971859832,0.09264091125887264,0.704246836520155,0.5977439028847731,0.45352657477150493,0.8608562691131498,0.8425076452599388,91,103,48,26,22,0.07339449541284404,0.3287671232876712,0.8809049741863867,0.8555032888958288
gemma2-9b,llama31-405b,boolq,cross-family,9,405,1962,1308,475,0.9097794907436658,0.9538838693372085,0.9125620774625639,0.041321791874644576,0.8391103809945031,0.07066910974916274,0.5303848598285164,0.44838251511877447,0.5966026964955924,0.8600917431192661,0.8990825688073395,183,132,92,62,30,0.07033639143730887,0.4125560538116592,0.7330640589569162,0.8861153612629022
gemma2-9b,llama31-405b,rte,cross-family,9,405,166,111,62,0.9430546412113232,0.9381171823568137,0.9114549045424621,0.026662277814351598,0.9285714285714286,0.014483212639894605,0.7553467638298169,0.36234345068752283,0.25982254338117783,0.8378378378378378,0.8288288288288288,18,19,9,9,0,0.08108108108108109,0.32142857142857145,0.8672768878718535,0.8685782556750299
gemma2-9b,llama31-405b,truthfulqa,cross-family,9,405,980,654,327,0.9443930084448559,0.9737021762103826,0.9472640724218874,0.026438103788495204,0.8403146012774831,0.10407840716737271,0.800459596690659,0.5099109326606568,0.4557172131332984,0.8608562691131498,0.9143730886850153,91,56,32,20,12,0.04892966360856269,0.2782608695652174,0.8403905876731964,0.9445279409755432
gemma2-9b,llama31-70b,boolq,cross-family,9,70,1962,1308,475,0.9097794907436658,0.9376559044670498,0.8838567005749669,0.053799203892082925,0.8689808555000947,0.04079863524357108,0.5787214923865766,0.5945284324229024,0.585307914069582,0.8600917431192661,0.8761467889908257,183,162,108,75,33,0.08256880733944955,0.45569620253164556,0.7620979036045935,0.8424966605950213
gemma2-9b,llama31-70b,rte,cross-family,9,70,166,111,62,0.9430546412113232,0.9420671494404212,0.9252797893350888,0.01678736010533244,0.9344963791968399,0.008558262014483287,0.8320162148071708,0.4257278119740412,0.2633278576929665,0.8378378378378378,0.8468468468468469,18,17,11,9,2,0.0990990990990991,0.4583333333333333,0.8153942428035044,0.8309438470728794
gemma2-9b,llama31-70b,truthfulqa,cross-family,9,70,980,654,327,0.9443930084448559,0.9623114403015085,0.9102208007182336,0.05209063958327487,0.8520326571837387,0.09236035126111719,0.7546778180578216,0.582041177232931,0.4577832082846299,0.8608562691131498,0.8837920489296636,91,76,43,26,17,0.06574923547400612,0.3467741935483871,0.8584046621744673,0.913668924326118
gemma2-9b,llama31-70b-base,boolq,cross-family,9,70,1962,1308,475,0.9097794907436658,0.8779857206040311,0.7167549124913123,0.16123080811271884,0.867889050356985,0.04189044038668077,0.5031173296729834,0.5234018703307155,0.5458445271698611,0.8600917431192661,0.7989296636085627,183,263,95,72,23,0.07262996941896024,0.2706552706552707,0.8585187476122037,0.7725415907710991
gemma2-9b,llama31-70b-base,geometry_of_truth,cross-family,9,70,3018,2012,1000,0.9984673913043478,0.9983873517786561,0.9960415019762846,0.0023458498023715135,0.9971363636363637,0.001331027667984097,0.9523549633642112,0.8897691486760392,0.8805304352399997,0.9865805168986084,0.9840954274353877,27,32,17,12,5,0.008449304174950299,0.40476190476190477,0.9714015151515152,0.9603134620766862
gemma2-9b,llama31-70b-base,truthfulqa,cross-family,9,70,980,654,327,0.9443930084448559,0.9157010726743914,0.8157656014738752,0.09993547120051616,0.8374061293007509,0.10698687914410498,0.6891437324304843,0.5460608555376048,0.4244456948954033,0.8608562691131498,0.8073394495412844,91,126,56,36,20,0.0856269113149847,0.34782608695652173,0.9054232804232805,0.8225948119376183
gemma2-9b,llama31-8b-base,boolq,cross-family,9,8,1962,1308,475,0.9097794907436658,0.7668970746193213,0.6013597017754471,0.16553737284387426,0.8631629493902824,0.046616541353383445,0.5774111735795229,0.6628700780682621,0.5788744286708511,0.8600917431192661,0.713302752293578,183,375,117,98,19,0.08944954128440367,0.2653061224489796,0.890852447302608,0.634749241044323
gemma2-9b,llama31-8b-base,geometry_of_truth,cross-family,9,8,3018,2012,1000,0.9984673913043478,0.9974249011857708,0.9794258893280632,0.01799901185770758,0.996346837944664,0.0021205533596837522,0.9604321867557564,0.9073047632414881,0.8737108932208799,0.9865805168986084,0.9806163021868787,27,39,18,14,4,0.008946322067594433,0.375,0.9739950875277789,0.9288366452094411
gemma2-9b,llama31-8b-base,rte,cross-family,9,8,166,111,62,0.9430546412113232,0.7590520078999341,0.749177090190915,0.009874917709019049,0.9331797235023042,0.009874917709019049,0.7999723606487417,0.4484327190176599,0.25368997995809184,0.8378378378378378,0.6486486486486487,18,39,11,9,2,0.0990990990990991,0.2391304347826087,0.9198717948717949,0.5919952210274791
gemma2-9b,llama31-8b-base,truthfulqa,cross-family,9,8,980,654,327,0.9443930084448559,0.8842222409262221,0.7339356021285152,0.15028663879770698,0.8104443135164454,0.13394869492841044,0.6883940673247279,0.6088928322195464,0.4373757171209054,0.8608562691131498,0.7859327217125383,91,140,51,25,26,0.0779816513761468,0.2833333333333333,0.911923290717065,0.7812347510393691
gemma2-9b,olmo3-7b,boolq,cross-family,9,7,1962,1308,475,0.9097794907436658,0.8341062740885827,0.6023681051367915,0.23173816895179122,0.7779490743665887,0.13183041637707715,0.6018674485155353,0.45088078574234447,0.5234593110980412,0.8600917431192661,0.7576452599388379,183,317,105,90,15,0.08027522935779817,0.26582278481012656,0.8777610481717159,0.7138020643594415
gemma2-9b,olmo3-7b,geometry_of_truth,cross-family,9,7,3018,2012,1000,0.9984673913043478,0.9942687747035572,0.9904604743083004,0.003808300395256814,0.9966620553359684,0.0018053359683793957,0.9322649005092893,0.8144500611888595,0.8644086637233426,0.9865805168986084,0.9602385685884692,27,80,20,17,3,0.009940357852882704,0.22988505747126436,0.990236801242236,0.9341729638958858
gemma2-9b,olmo3-7b,rte,cross-family,9,7,166,111,62,0.9430546412113232,0.8581303489137591,0.8508887425938116,0.0072416063199474134,0.9265964450296247,0.016458196181698526,0.738677908532087,0.18242274511558632,0.25269312778750863,0.8378378378378378,0.7387387387387387,18,29,12,10,2,0.10810810810810811,0.34285714285714286,0.8940285954583683,0.6869772998805257
gemma2-9b,olmo3-7b,truthfulqa,cross-family,9,7,980,654,327,0.9443930084448559,0.8972495768220035,0.8122866575017067,0.08496291932029676,0.834918497320652,0.10947451112420381,0.6213646924868017,0.2882065586594059,0.38794520274310385,0.8608562691131498,0.7981651376146789,91,132,44,22,22,0.0672782874617737,0.24581005586592178,0.9143155694879832,0.8085023324810181
gemma2-9b,qwen3-1.7b,boolq,cross-family,9,1.7,1962,1308,475,0.9097794907436658,0.8171352751626967,0.609280343716434,0.20785493144626266,0.7903633032160233,0.11941618752764249,0.6855684978499786,0.6150986837643722,0.4992983768149194,0.8600917431192661,0.7477064220183486,183,330,113,93,20,0.0863914373088685,0.2825,0.8833829088430315,0.6856053430479659
gemma2-9b,qwen3-1.7b,geometry_of_truth,cross-family,9,1.7,3018,2012,1000,0.9984673913043478,0.9934357707509882,0.9866521739130435,0.0067835968379447165,0.9950494071146245,0.0034179841897232777,0.8937973024598752,0.8381983897923659,0.8468634339931791,0.9865805168986084,0.9587475149105368,27,83,18,14,4,0.008946322067594433,0.1956521739130435,0.9881329360989837,0.9406474484560127
gemma2-9b,qwen3-1.7b,rte,cross-family,9,1.7,166,111,62,0.9430546412113232,0.8772218564845293,0.8429888084265965,0.03423304805793281,0.9354838709677419,0.007570770243581326,0.6819312024990951,0.30896725179137585,0.23454034961630021,0.8378378378378378,0.6936936936936937,18,34,10,8,2,0.09009009009009009,0.23809523809523808,0.9079449961802903,0.6756272401433692
gemma2-9b,qwen3-1.7b,truthfulqa,cross-family,9,1.7,980,654,327,0.9443930084448559,0.8749731130002151,0.7803402257572783,0.09463288724293673,0.8498536412011708,0.09453936724368506,0.5670499731762578,0.3974610258781248,0.3230892949180829,0.8608562691131498,0.8012232415902141,91,130,39,22,17,0.05963302752293578,0.21428571428571427,0.908587786259542,0.7975328401616146
gemma2-9b,qwen3-32b,boolq,cross-family,9,32,1962,1308,475,0.9097794907436658,0.9175105831806406,0.86156315157642,0.055947431604220554,0.8437252795855185,0.06605421115814736,0.5352485259805411,0.570413184396,0.5752270823721243,0.8600917431192661,0.8707951070336392,183,169,104,77,27,0.07951070336391437,0.41935483870967744,0.7652357772571186,0.7980133576199149
gemma2-9b,qwen3-32b,geometry_of_truth,cross-family,9,32,3018,2012,1000,0.9984673913043478,0.9991205533596839,0.9980424901185772,0.0010780632411067081,0.9974545454545455,0.001012845849802324,0.8318234642946719,0.7980433845597461,0.8784491385630085,0.9865805168986084,0.9870775347912525,27,26,17,11,6,0.008449304174950299,0.4722222222222222,0.9609187388643582,0.976564978076313
gemma2-9b,qwen3-32b,rte,cross-family,9,32,166,111,62,0.9430546412113232,0.9634628044766294,0.9539170506912442,0.009545753785385136,0.933179723502304,0.00987491770901916,0.5689954445255071,0.3394588184329653,0.2653640669419629,0.8378378378378378,0.8918918918918919,18,12,10,8,2,0.09009009009009009,0.5,0.7474747474747475,0.9050179211469533
gemma2-9b,qwen3-32b,truthfulqa,cross-family,9,32,980,654,327,0.9443930084448559,0.9692412722460698,0.8930318248557454,0.07620944739032443,0.849657249202742,0.09473575924211386,0.40873695413393135,0.41331442399519813,0.42584784294627975,0.8608562691131498,0.900611620795107,91,65,32,23,9,0.04892966360856269,0.25806451612903225,0.8811806190414,0.9273515117209612
gemma2-9b,qwen3-8b,boolq,cross-family,9,8,1962,1308,475,0.9097794907436658,0.8986440892146333,0.7953295002211411,0.10331458899349222,0.8752536804195363,0.03452581032412949,0.6521235184571925,0.5138189463667294,0.5518072314245572,0.8600917431192661,0.827217125382263,183,226,116,86,30,0.08868501529051988,0.39590443686006827,0.822362717353966,0.7692580449301761
gemma2-9b,qwen3-8b,geometry_of_truth,cross-family,9,8,3018,2012,1000,0.9984673913043478,0.9976422924901186,0.99525,0.0023922924901186304,0.9973369565217391,0.001130434782608658,0.8916631480090109,0.8098662149285539,0.880000535048732,0.9865805168986084,0.9796222664015904,27,41,24,19,5,0.011928429423459244,0.5454545454545454,0.9735803294106,0.9533725160929192
gemma2-9b,qwen3-8b,rte,cross-family,9,8,166,111,62,0.9430546412113232,0.9338380513495721,0.934825543120474,-0.0009874917709018494,0.9292297564186964,0.01382488479262678,0.6530335724252109,0.23978684985998466,0.27728123476214284,0.8378378378378378,0.8198198198198198,18,20,9,7,2,0.08108108108108109,0.3103448275862069,0.8527472527472528,0.8333333333333333
gemma2-9b,qwen3-8b,truthfulqa,cross-family,9,8,980,654,327,0.9443930084448559,0.9380804084953567,0.8281382973748936,0.10994211112046304,0.835629249314966,0.10876375912988989,0.4787606253932923,0.33500221533742947,0.41717854906524987,0.8608562691131498,0.8547400611620795,91,95,48,26,22,0.07339449541284404,0.34782608695652173,0.8767724319743904,0.8694981750043916
gemma2-9b,qwen3-8b-base,boolq,cross-family,9,8,1962,1308,475,0.9097794907436658,0.8936298730018324,0.5917937701396347,0.30183610286219764,0.7953825740822645,0.11439691666140128,0.21696054816777388,0.46367758018914107,0.5441695172453918,0.8600917431192661,0.8226299694189603,183,232,113,86,27,0.0863914373088685,0.3741721854304636,0.8311835021151135,0.767256830601093
gemma2-9b,qwen3-8b-base,geometry_of_truth,cross-family,9,8,3018,2012,1000,0.9984673913043478,0.9982579051383399,0.996552371541502,0.0017055335968378937,0.9973586956521739,0.0011086956521738633,0.8561048140799604,0.8295547155468556,0.88160555596088,0.9865805168986084,0.9781312127236581,27,44,24,19,5,0.011928429423459244,0.5106382978723404,0.9761525314116778,0.9581304226140499
gemma2-9b,qwen3-8b-base,rte,cross-family,9,8,166,111,62,0.9430546412113232,0.9157340355497038,0.9433838051349571,-0.027649769585253337,0.9328505595786702,0.010204081632652962,0.49608270866924653,0.24639774099381095,0.26873965348991313,0.8378378378378378,0.8018018018018018,18,22,8,7,1,0.07207207207207207,0.25,0.8769152196118488,0.8315412186379928
gemma2-9b,qwen3-8b-base,truthfulqa,cross-family,9,8,980,654,327,0.9443930084448559,0.9195073366439414,0.8424188012606496,0.07708853538329175,0.8550627051594983,0.08933030328535752,0.4143853313309038,0.3559043213807269,0.4194595621194732,0.8608562691131498,0.827217125382263,91,113,45,24,21,0.06880733944954129,0.2830188679245283,0.8983036984934487,0.8450803193254347
gemma2-9b,qwen38-27b,boolq,cross-family,9,27,1962,1308,475,0.9097794907436658,0.9392279016869906,0.6515271371706577,0.28770076451633286,0.8351829152713717,0.07459657547229415,0.6580657689869217,0.6196926805642846,0.5908233660517757,0.8600917431192661,0.8914373088685015,183,142,100,71,29,0.0764525993883792,0.4444444444444444,0.7364953011378736,0.8402720097146327
gemma2-9b,qwen38-27b,geometry_of_truth,cross-family,9,27,3018,2012,1000,0.9984673913043478,0.9983764822134387,0.9968359683794465,0.0015405138339921187,0.9969762845849802,0.0014911067193675853,0.9321384290672139,0.8758928376982734,0.8900132899511859,0.9865805168986084,0.9826043737574552,27,35,21,17,4,0.010437375745526839,0.5121951219512195,0.974680251463256,0.9681126970799515
gemma2-9b,qwen38-27b,rte,cross-family,9,27,166,111,62,0.9430546412113232,0.967083607636603,0.9601711652402896,0.00691244239631339,0.9335088874259381,0.009545753785385136,0.8161973774627317,0.4026918389331905,0.27432152705902013,0.8378378378378378,0.8558558558558559,18,16,8,7,1,0.07207207207207207,0.3076923076923077,0.8217105263157896,0.918757467144564
gemma2-9b,qwen38-27b,truthfulqa,cross-family,9,27,980,654,327,0.9443930084448559,0.9541471443668228,0.8794620729643035,0.07468507140251934,0.8339832973281337,0.11040971111672215,0.6779323300130347,0.49588600265860205,0.4438451058619699,0.8608562691131498,0.8776758409785933,91,80,36,25,11,0.05504587155963303,0.26666666666666666,0.8821428571428571,0.8994983701910877
gemma4-12b,gemma4-12b-base,boolq,same-family,12,12,1962,1308,475,0.5638819738421684,0.8315284008340178,0.5709458520250206,0.2605825488089972,0.5123219814241486,0.051559992418019784,0.15207497607457865,0.016422553646512017,-0.08957081759250296,0.6376146788990825,0.7293577981651376,474,354,301,298,3,0.2301223241590214,0.571157495256167,0.5062893081761006,0.828724362282326
gemma4-12b,gemma4-12b-base,geometry_of_truth,same-family,12,12,3018,2012,1000,0.7480750988142292,0.9973596837944664,0.9593656126482213,0.03799407114624509,0.6033942687747036,0.1446808300395256,0.5162075077457482,0.6401566027558541,0.5652832341484857,0.6744532803180915,0.9811133200795229,655,38,22,14,8,0.010934393638170975,0.03278688524590164,0.6014104409961073,0.996664172765474
gemma4-12b,gemma4-12b-base,imdb,same-family,12,12,3000,2000,1018,0.5940754804556677,0.9185276029433537,0.5354184755860899,0.38310912735726377,0.5152059267202573,0.07886955373541038,0.10798590756340394,-0.02429601784822477,-0.21737297910015907,0.556,0.8415,888,317,180,109,71,0.09,0.17560975609756097,0.5345662976021113,0.9165117230539893
gemma4-12b,gemma4-12b-base,rte,same-family,12,12,166,111,62,0.4427254772876893,0.7890059249506254,0.6056616194865042,0.18334430546412117,0.4555628703094141,-0.012837393021724819,0.32491324278819833,-0.248263163514028,-0.01460094258744249,0.40540540540540543,0.6396396396396397,66,40,32,29,3,0.2882882882882883,0.43243243243243246,0.35035211267605637,0.7794612794612795
gemma4-12b,gemma4-12b-base,truthfulqa,same-family,12,12,980,654,327,0.6490942588072459,0.8785549289715606,0.5820871793433027,0.29646774962825795,0.5297720917618233,0.11932216704542264,0.13599956993952947,-0.21968825709434325,-0.12501554138610138,0.5963302752293578,0.7981651376146789,264,132,72,22,50,0.11009174311926606,0.2222222222222222,0.5771798444212237,0.8741161616161616
gemma4-12b,gemma4-31b,boolq,same-family,12,31,1962,1308,475,0.5638819738421684,0.8310406267770266,0.5189107221836103,0.3121299045934163,0.4788374297087256,0.08504454413344281,0.3309960789331739,0.21188920072282635,0.12404547480107142,0.6376146788990825,0.7844036697247706,474,282,189,188,1,0.1444954128440367,0.3333333333333333,0.5357997041461021,0.8302623723805767
gemma4-12b,gemma4-31b,geometry_of_truth,same-family,12,31,3018,2012,1000,0.7480750988142292,0.9628982213438735,0.5507756916996047,0.41212252964426876,0.48809486166007904,0.25998023715415014,0.4638891811323676,0.7137130350294703,0.6424803131959256,0.6744532803180915,0.8941351888667992,655,213,119,67,52,0.059145129224652086,0.1588785046728972,0.6283041961235636,0.9574105430141703
gemma4-12b,gemma4-31b,rte,same-family,12,31,166,111,62,0.4427254772876893,0.6277156023699803,0.4924292297564187,0.13528637261356158,0.4937458854509546,-0.05102040816326531,0.23701509883806623,-0.15293146480183784,-0.030512626340233107,0.40540540540540543,0.5585585585585585,66,49,40,35,5,0.36036036036036034,0.5333333333333333,0.3834759710335747,0.634006734006734
gemma4-12b,gemma4-31b,truthfulqa,same-family,12,31,980,654,327,0.6490942588072459,0.7854838257161294,0.5873617073011063,0.19812211841502314,0.5036145479710836,0.1454797108361623,0.17985760789232014,-0.08900288667027545,-0.02283650684347882,0.5963302752293578,0.7217125382262997,264,182,89,34,55,0.13608562691131498,0.24929971988795518,0.6091683739988825,0.7778749028749029
gemma4-12b,gptj-6b,boolq,cross-family,12,6,1962,1308,475,0.5638819738421684,0.6656902761104442,0.47498325646047895,0.19070701964996523,0.495500094774752,0.06838187906741644,0.14293113443335284,0.09253422648520626,-0.025569585978374,0.6376146788990825,0.6483180428134556,474,460,406,405,1,0.3103975535168196,0.7689393939393939,0.5643150123051681,0.6606992886703296
gemma4-12b,gptj-6b,geometry_of_truth,cross-family,12,6,3018,2012,1000,0.7480750988142292,0.9835780632411067,0.5857509881422924,0.3978270750988143,0.5444772727272728,0.20359782608695642,0.4441674841940292,0.7110552322915131,0.621817673031023,0.6744532803180915,0.9393638170974155,655,122,72,48,24,0.03578528827037773,0.10212765957446808,0.5930653135571168,0.9810324750938025
gemma4-12b,gptj-6b,imdb,cross-family,12,6,3000,2000,1018,0.5940754804556677,0.9469618156282635,0.6418459580904212,0.3051158575378423,0.5074063996734942,0.0866690807821735,0.06790238048930636,0.027699089491637463,-0.1680271820416015,0.556,0.8845,888,231,133,75,58,0.0665,0.13488843813387424,0.5210931898325907,0.9458223961371444
gemma4-12b,gptj-6b,rte,cross-family,12,6,166,111,62,0.4427254772876893,0.6645819618169848,0.5852534562211982,0.07932850559578664,0.43054641211323247,0.012179065174456827,0.25407567615509413,-0.2586878266090382,-0.011959630140544686,0.40540540540540543,0.46846846846846846,66,59,50,47,3,0.45045045045045046,0.6666666666666666,0.44132985658409385,0.6212121212121212
gemma4-12b,gptj-6b,truthfulqa,cross-family,12,6,980,654,327,0.6490942588072459,0.8530333211757335,0.6569966987440263,0.19603662243170716,0.5315957317472342,0.11749852706001174,0.11244232031895428,-0.19012581364223435,-0.07082924562145276,0.5963302752293578,0.7737003058103975,264,148,84,25,59,0.12844036697247707,0.25609756097560976,0.5630141010575793,0.8522727272727272
gemma4-12b,llama-8b,boolq,cross-family,12,8,1962,1308,475,0.5638819738421684,0.8544310355721236,0.4047918114614267,0.44963922411069696,0.4867125797687496,0.07716939407341883,0.1886989739599355,0.1680419050079125,-0.009983248390838195,0.6376146788990825,0.7859327217125383,474,280,195,192,3,0.14908256880733944,0.3488372093023256,0.549061978877154,0.8553132177802062
gemma4-12b,llama-8b,geometry_of_truth,cross-family,12,8,3018,2012,1000,0.7480750988142292,0.9984980237154151,0.9716096837944665,0.026888339920948523,0.6206096837944663,0.12746541501976283,0.5281683423029833,0.706247874606011,0.60089987231235,0.6744532803180915,0.9850894632206759,655,30,17,13,4,0.008449304174950299,0.025449101796407185,0.56895391860074,0.9983900273954108
gemma4-12b,llama-8b,imdb,cross-family,12,8,3000,2000,1018,0.5940754804556677,0.9719108991313186,0.3117610105674239,0.6601498885638947,0.49081702471600797,0.10325845573965975,0.09183316049845028,0.07966141668570936,-0.10585470371865147,0.556,0.918,888,164,87,59,28,0.0435,0.09015544041450778,0.5539049630692385,0.9708928802903624
gemma4-12b,llama-8b,rte,cross-family,12,8,166,111,62,0.4427254772876893,0.8127057274522712,0.716919025674786,0.09578670177748516,0.41935483870967744,0.02337063857801186,0.28368572565617933,-0.17555263308098512,-0.10751650186418371,0.40540540540540543,0.7117117117117117,66,32,29,27,2,0.26126126126126126,0.42028985507246375,0.2923259493670886,0.8033670033670034
gemma4-12b,llama-8b,truthfulqa,cross-family,12,8,980,654,327,0.6490942588072459,0.9356301845149585,0.6948161864414705,0.24081399807348802,0.5323064837415481,0.11678777506569782,0.13182582211511978,-0.15190092984142378,-0.11629027309608331,0.5963302752293578,0.8425076452599388,264,103,53,23,30,0.08103975535168195,0.16878980891719744,0.5764981586876464,0.9330128205128205
gemma4-12b,llama31-405b,boolq,cross-family,12,405,1962,1308,475,0.5638819738421684,0.9538838693372085,0.5289972831237758,0.42488658621343267,0.5108308586592532,0.053051115182915276,0.24649676645353075,0.08070586292387505,0.1243065746187787,0.6376146788990825,0.8990825688073395,474,132,84,83,1,0.06422018348623854,0.16091954022988506,0.546794475365904,0.9546236428578657
gemma4-12b,llama31-405b,geometry_of_truth,cross-family,12,405,3018,2012,1000,0.7480750988142292,0.9992994071146246,0.984655138339921,0.014644268774703595,0.5931254940711462,0.15494960474308295,0.5332456265898332,0.6982068094576757,0.6359770777292515,0.6744532803180915,0.992544731610338,655,15,8,7,1,0.003976143141153081,0.012084592145015106,0.5780337172425305,0.9992473293693429
gemma4-12b,llama31-405b,imdb,cross-family,12,405,3000,2000,1018,0.5940754804556677,0.9815920358196056,0.9115763507376391,0.07001568508196654,0.48173008054609695,0.11234539990957076,0.10905165924848169,0.019520618645680665,-0.2790735796163364,0.556,0.9395,888,121,67,41,26,0.0335,0.07112526539278131,0.5526414173179861,0.9814736048998639
gemma4-12b,llama31-405b,rte,cross-family,12,405,166,111,62,0.4427254772876893,0.9381171823568137,0.9233048057932851,0.014812376563528629,0.4499670836076366,-0.007241606319947302,0.3300840834263873,-0.17306816176175377,-0.03184084311625668,0.40540540540540543,0.8288288288288288,66,19,16,15,1,0.14414414414414414,0.2318840579710145,0.2763157894736842,0.9511784511784511
gemma4-12b,llama31-405b,truthfulqa,cross-family,12,405,980,654,327,0.6490942588072459,0.9737021762103826,0.8818935929448513,0.09180858326553132,0.5238990358088077,0.12519522299843822,0.1233875884058644,-0.1033935040629268,-0.06272272968337012,0.5963302752293578,0.9143730886850153,264,56,32,17,15,0.04892966360856269,0.1111111111111111,0.5347885809842332,0.972921522921523
gemma4-12b,llama31-70b,boolq,cross-family,12,70,1962,1308,475,0.5638819738421684,0.9376559044670498,0.5454451254185886,0.39221077904846124,0.5058671889808555,0.05801478486131295,0.2135770715510193,0.1268503771680234,-0.0010099585011991152,0.6376146788990825,0.8761467889908257,474,162,103,102,1,0.07874617737003058,0.19324577861163228,0.5382005041690905,0.9382367523702556
gemma4-12b,llama31-70b,geometry_of_truth,cross-family,12,70,3018,2012,1000,0.7480750988142292,0.9990503952569171,0.978899209486166,0.020151185770751034,0.5853162055335969,0.1627588932806323,0.5271901662562607,0.7216149446577749,0.6245146880164423,0.6744532803180915,0.9895626242544732,655,21,12,10,2,0.005964214711729622,0.018072289156626505,0.5810671832771279,0.9990076898411966
gemma4-12b,llama31-70b,imdb,cross-family,12,70,3000,2000,1018,0.5940754804556677,0.9821732241246164,0.893610529811659,0.08856269431295738,0.4852072071351118,0.10886827332055593,0.10398276089953126,0.04829193056157122,-0.21666210930404373,0.556,0.939,888,122,68,37,31,0.034,0.07218683651804671,0.5497957366574138,0.9814209443256204
gemma4-12b,llama31-70b,rte,cross-family,12,70,166,111,62,0.4427254772876893,0.9420671494404212,0.9186965108624094,0.023370638578011804,0.3505595786701778,0.09216589861751151,0.3265795145414322,-0.173282489488517,-0.07215742665675062,0.40540540540540543,0.8468468468468469,66,17,15,14,1,0.13513513513513514,0.22058823529411764,0.24655819774718402,0.9552188552188553
gemma4-12b,llama31-70b,truthfulqa,cross-family,12,70,980,654,327,0.6490942588072459,0.9623114403015085,0.8139980734880155,0.14831336681349305,0.524319875805441,0.12477438300180488,0.1290176315780067,-0.12821099410353987,-0.10952066596071153,0.5963302752293578,0.8837920489296636,264,76,38,21,17,0.0581039755351682,0.12582781456953643,0.5807912948461118,0.9612762237762238
gemma4-12b,llama31-70b-base,boolq,cross-family,12,70,1962,1308,475,0.5638819738421684,0.8779857206040311,0.4025829279080053,0.4754027926960258,0.5188349023820055,0.04504707146016296,0.1916643844615307,0.09450582384059203,0.0031056595056642156,0.6376146788990825,0.7989296636085627,474,263,179,176,3,0.13685015290519878,0.3207885304659498,0.5479833354558189,0.877892622610772
gemma4-12b,llama31-70b-base,geometry_of_truth,cross-family,12,70,3018,2012,1000,0.7480750988142292,0.9983873517786561,0.9578764822134387,0.04051086956521743,0.5473191699604744,0.20075592885375482,0.5199966895263478,0.7023762914639543,0.6237171765758024,0.6744532803180915,0.9840954274353877,655,32,18,14,4,0.008946322067594433,0.026905829596412557,0.6113794191919192,0.9980975096615232
gemma4-12b,llama31-70b-base,rte,cross-family,12,70,166,111,62,0.4427254772876893,0.8225806451612903,0.7307439104674127,0.09183673469387754,0.4427254772876893,0.0,0.3008180687288547,-0.1901819238471687,-0.07875857952035048,0.40540540540540543,0.6846846846846847,66,35,28,24,4,0.25225225225225223,0.3835616438356164,0.35075187969924804,0.816161616161616
gemma4-12b,llama31-70b-base,truthfulqa,cross-family,12,70,980,654,327,0.6490942588072459,0.9157010726743914,0.7209830822321353,0.19471799044225613,0.5153513078771895,0.1337429509300564,0.12419703530954679,-0.14108814627583,-0.08475155246511012,0.5963302752293578,0.8073394495412844,264,126,63,33,30,0.0963302752293578,0.1926605504587156,0.6076088263588264,0.9126651126651126
gemma4-12b,llama31-8b-base,boolq,cross-family,12,8,1962,1308,475,0.5638819738421684,0.7668970746193213,0.4654249068048272,0.30147216781449415,0.4952751626966576,0.06860681114551082,0.18732286469445877,0.14964064863719828,-0.00533095776920911,0.6376146788990825,0.713302752293578,474,375,292,286,6,0.22324159021406728,0.5242369838420108,0.5533033226152198,0.7659872102318144
gemma4-12b,llama31-8b-base,geometry_of_truth,cross-family,12,8,3018,2012,1000,0.7480750988142292,0.9974249011857708,0.8833824110671937,0.11404249011857703,0.5910049407114624,0.1570701581027668,0.5295820809575431,0.7248595379756073,0.5991402670978361,0.6744532803180915,0.9806163021868787,655,39,19,13,6,0.009443339960238568,0.028148148148148148,0.6344626821058652,0.9970264447282117
gemma4-12b,llama31-8b-base,imdb,cross-family,12,8,3000,2000,1018,0.5940754804556677,0.9481712074712207,0.4943931833914188,0.45377802407980194,0.4984344927756593,0.0956409876800084,0.0950224227355363,0.07462630946678228,-0.10138392822933384,0.556,0.891,888,218,133,65,68,0.0665,0.1366906474820144,0.5123353823659633,0.9467348418562447
gemma4-12b,llama31-8b-base,rte,cross-family,12,8,166,111,62,0.4427254772876893,0.7590520078999341,0.6537195523370639,0.10533245556287019,0.3861092824226465,0.05661619486504277,0.2914594516536257,-0.17762106289022306,-0.1196745727782429,0.40540540540540543,0.6486486486486487,66,39,32,27,5,0.2882882882882883,0.4383561643835616,0.3571937321937322,0.7518518518518519
gemma4-12b,llama31-8b-base,truthfulqa,cross-family,12,8,980,654,327,0.6490942588072459,0.8842222409262221,0.5812361473501109,0.3029860935761113,0.5254982277960142,0.12359603101123173,0.12413646025182998,-0.13265761385255326,-0.09388119720342392,0.5963302752293578,0.7859327217125383,264,140,75,30,45,0.11467889908256881,0.22796352583586627,0.5860617009449695,0.8800407925407926
gemma4-12b,olmo3-7b,boolq,cross-family,12,7,1962,1308,475,0.5638819738421684,0.8341062740885827,0.5822859670183863,0.2518203070701964,0.49641245972073045,0.06746951412143798,0.19574353898762045,-0.008918432523413067,-0.047822835386452045,0.6376146788990825,0.7576452599388379,474,317,249,249,0,0.19036697247706422,0.45940959409594095,0.5117317688852671,0.8330500156836556
gemma4-12b,olmo3-7b,geometry_of_truth,cross-family,12,7,3018,2012,1000,0.7480750988142292,0.9942687747035572,0.935705533596838,0.05856324110671929,0.6320839920948617,0.11599110671936752,0.5628077881991852,0.6164540710362352,0.6233154633714415,0.6744532803180915,0.9602385685884692,655,80,49,30,19,0.024353876739562623,0.07142857142857142,0.6120665113871636,0.99329459348473
gemma4-12b,olmo3-7b,imdb,cross-family,12,7,3000,2000,1018,0.5940754804556677,0.9686388389838309,0.633025100132443,0.3356137388513879,0.528041085311641,0.06603439514402676,0.08357092313239685,-0.015259055459148074,-0.19034726740353913,0.556,0.9135,888,173,94,60,34,0.047,0.09720785935884178,0.5535844794365823,0.9681282001425885
gemma4-12b,olmo3-7b,rte,cross-family,12,7,166,111,62,0.4427254772876893,0.8581303489137591,0.836405529953917,0.02172481895984202,0.4809084924292298,-0.03818301514154049,0.3137706569423605,-0.29211282512257397,0.027131853484308577,0.40540540540540543,0.7387387387387387,66,29,24,21,3,0.21621621621621623,0.3380281690140845,0.30740117746005047,0.858922558922559
gemma4-12b,olmo3-7b,truthfulqa,cross-family,12,7,980,654,327,0.6490942588072459,0.8972495768220035,0.7011194343910445,0.19613014243095894,0.5767284833861721,0.07236577542107381,0.1748505846574683,-0.23921189354930417,-0.04204225971831099,0.5963302752293578,0.7981651376146789,264,132,66,29,37,0.10091743119266056,0.2,0.5934488563798909,0.8942404817404818
gemma4-12b,qwen3-1.7b,boolq,cross-family,12,1.7,1962,1308,475,0.5638819738421684,0.8171352751626967,0.6136298730018322,0.20350540216086443,0.4747557970556644,0.08912617678650403,0.18608423713702574,0.12973885895504933,0.007041506924049812,0.6376146788990825,0.7477064220183486,474,330,238,237,1,0.1819571865443425,0.4204946996466431,0.534851583317841,0.8171083386455392
gemma4-12b,qwen3-1.7b,geometry_of_truth,cross-family,12,1.7,3018,2012,1000,0.7480750988142292,0.9934357707509882,0.8951729249011859,0.09826284584980227,0.606895256916996,0.1411798418972332,0.49310797057069294,0.6195114728968516,0.5664720998816467,0.6744532803180915,0.9587475149105368,655,83,48,29,19,0.02385685884691849,0.06956521739130435,0.6000924381819658,0.9920063903874172
gemma4-12b,qwen3-1.7b,imdb,cross-family,12,1.7,3000,2000,1018,0.5940754804556677,0.9536549842148856,0.4153175628903764,0.5383374213245091,0.5054517663723046,0.08862371408336311,0.10791084701880675,0.09656358305319257,-0.05309256034176402,0.556,0.8855,888,229,130,73,57,0.065,0.13171225937183384,0.5358751747587897,0.9526551056452136
gemma4-12b,qwen3-1.7b,rte,cross-family,12,1.7,166,111,62,0.4427254772876893,0.8772218564845293,0.6780776826859777,0.19914417379855165,0.45622119815668205,-0.013495720868992755,0.21081856376420982,-0.21455937357105737,-0.046452352533383534,0.40540540540540543,0.6936936936936937,66,34,29,27,2,0.26126126126126126,0.4084507042253521,0.32085561497326204,0.8494949494949494
gemma4-12b,qwen3-1.7b,truthfulqa,cross-family,12,1.7,980,654,327,0.6490942588072459,0.8749731130002151,0.5582489315340085,0.3167241814662066,0.5592589475259284,0.0898353112813175,0.10186232958381092,-0.1891477658282168,-0.1605867051429717,0.5963302752293578,0.8012232415902141,264,130,74,34,40,0.11314984709480122,0.23125,0.5828978273634763,0.873057498057498
gemma4-12b,qwen3-32b,boolq,cross-family,12,32,1962,1308,475,0.5638819738421684,0.9175105831806406,0.20524673027105578,0.7122638529095848,0.4945043280470083,0.06937764579516015,0.13373038251781535,0.12042356405323962,-0.01274379777615775,0.6376146788990825,0.8707951070336392,474,169,116,114,2,0.08868501529051988,0.22011385199240988,0.5299988051389416,0.9169499843163444
gemma4-12b,qwen3-32b,geometry_of_truth,cross-family,12,32,3018,2012,1000,0.7480750988142292,0.9991205533596839,0.9418211462450593,0.057299407114624556,0.6381353754940712,0.109939723320158,0.42717265896103884,0.6273500229984176,0.6219535069458328,0.6744532803180915,0.9870775347912525,655,26,15,10,5,0.007455268389662028,0.02252252252252252,0.5929584011155009,0.9990639432515597
gemma4-12b,qwen3-32b,imdb,cross-family,12,32,3000,2000,1018,0.5940754804556677,0.9749198740391887,0.27324753220043296,0.7016723418387557,0.5091869765804121,0.0848885038752556,0.07702217340044952,0.05891579879564013,-0.16133147105287038,0.556,0.928,888,144,79,47,32,0.0395,0.08289611752360965,0.54408749401341,0.9743350589798431
gemma4-12b,qwen3-32b,rte,cross-family,12,32,166,111,62,0.4427254772876893,0.9634628044766294,0.9572086899275839,0.006254114549045453,0.4137590520078999,0.028966425279789376,0.2129557206833733,-0.22043347996695828,-0.022991158339877638,0.40540540540540543,0.8918918918918919,66,12,11,10,1,0.0990990990990991,0.16417910447761194,0.21296296296296294,0.9646464646464646
gemma4-12b,qwen3-32b,truthfulqa,cross-family,12,32,980,654,327,0.6490942588072459,0.9692412722460698,0.767163257862694,0.2020780143833758,0.5511881715904946,0.09790608721675131,0.05320963146654644,-0.18112716924918248,-0.01778324330733083,0.5963302752293578,0.900611620795107,264,65,33,20,13,0.05045871559633028,0.11148648648648649,0.5900483217970485,0.9666083916083916
gemma4-12b,qwen3-8b,boolq,cross-family,12,8,1962,1308,475,0.5638819738421684,0.8986440892146333,0.46903645668793836,0.429607632526695,0.504765274530865,0.05911669931130348,0.16362024987948764,0.04513487957276208,-0.06651269800265913,0.6376146788990825,0.827217125382263,474,226,159,157,2,0.12155963302752294,0.29390018484288355,0.5280781247444097,0.8987746511651438
gemma4-12b,qwen3-8b,geometry_of_truth,cross-family,12,8,3018,2012,1000,0.7480750988142292,0.9976422924901186,0.9609446640316206,0.036697628458498,0.5921689723320158,0.15590612648221336,0.46647909126930803,0.5740812165674578,0.5948424615639921,0.6744532803180915,0.9796222664015904,655,41,21,15,6,0.010437375745526839,0.03111111111111111,0.6145945477719618,0.9976542327878627
gemma4-12b,qwen3-8b,imdb,cross-family,12,8,3000,2000,1018,0.5940754804556677,0.9709705944726091,0.1740924059395244,0.7968781885330847,0.4982894457804329,0.09578603467523483,0.0880461211722503,0.049208750493177744,-0.18913101003544663,0.556,0.9185,888,163,90,47,43,0.045,0.09365244536940687,0.5568127548583813,0.9704300748590315
gemma4-12b,qwen3-8b,rte,cross-family,12,8,166,111,62,0.4427254772876893,0.9338380513495721,0.9186965108624094,0.015141540487162652,0.4163923633969717,0.026333113890717574,0.20006963634393957,-0.2695396446609126,0.007821884384674682,0.40540540540540543,0.8198198198198198,66,20,17,14,3,0.15315315315315314,0.2463768115942029,0.27087912087912086,0.9484848484848485
gemma4-12b,qwen3-8b,truthfulqa,cross-family,12,8,980,654,327,0.6490942588072459,0.9380804084953567,0.7393971700848226,0.19868323841053404,0.5666657314666741,0.08242852734057182,0.059774712774365274,-0.23690247387342023,-0.08944474602861718,0.5963302752293578,0.8547400611620795,264,95,46,20,26,0.07033639143730887,0.14696485623003194,0.5820732511062989,0.9356351981351981
gemma4-12b,qwen3-8b-base,boolq,cross-family,12,8,1962,1308,475,0.5638819738421684,0.8936298730018324,0.4830378467176344,0.410592026284198,0.5000720288115247,0.06380994503064374,0.04048401418651782,0.029984377066884282,-0.07083833866447464,0.6376146788990825,0.8226299694189603,474,232,168,167,1,0.12844036697247707,0.31226765799256506,0.5123221381874119,0.893328375274464
gemma4-12b,qwen3-8b-base,geometry_of_truth,cross-family,12,8,3018,2012,1000,0.7480750988142292,0.9982579051383399,0.9485266798418971,0.049731225296442805,0.6277272727272728,0.12034782608695638,0.3964767331284128,0.5994778012504041,0.594453195415098,0.6744532803180915,0.9781312127236581,655,44,24,18,6,0.011928429423459244,0.035555555555555556,0.5931841278640059,0.9980513818650256
gemma4-12b,qwen3-8b-base,imdb,cross-family,12,8,3000,2000,1018,0.5940754804556677,0.9755150668816697,0.19312857365786518,0.7823864932238045,0.5050286292758853,0.0890468511797824,0.11390822087568828,0.05996542622278356,-0.17770370196911456,0.556,0.929,888,142,78,51,27,0.039,0.0819327731092437,0.5496634272805834,0.9748231819949447
gemma4-12b,qwen3-8b-base,rte,cross-family,12,8,166,111,62,0.4427254772876893,0.9157340355497038,0.9094799210006583,0.006254114549045453,0.5302830809743253,-0.08755760368663601,0.13736224702169392,-0.2555572366369696,0.006687829287116864,0.40540540540540543,0.8018018018018018,66,22,19,16,3,0.17117117117117117,0.2753623188405797,0.29775280898876405,0.932996632996633
gemma4-12b,qwen3-8b-base,truthfulqa,cross-family,12,8,980,654,327,0.6490942588072459,0.9195073366439414,0.6857166905142664,0.23379064612967493,0.5803757633569939,0.06871849545025199,0.05342036916972451,-0.1829449782916388,-0.037669410177880946,0.5963302752293578,0.827217125382263,264,113,64,30,34,0.09785932721712538,0.20447284345047922,0.5512407374086009,0.9155788655788656
gemma4-12b,qwen38-27b,boolq,cross-family,12,27,1962,1308,475,0.5638819738421684,0.9392279016869906,0.587686864219372,0.35154103746761856,0.47051999747267326,0.09336197636949517,0.1948886042715325,0.143400044367885,-0.021896823705649826,0.6376146788990825,0.8914373088685015,474,142,96,96,0,0.07339449541284404,0.18461538461538463,0.5274019761795472,0.9385124811543172
gemma4-12b,qwen38-27b,geometry_of_truth,cross-family,12,27,3018,2012,1000,0.7480750988142292,0.9983764822134387,0.9754999999999999,0.022876482213438742,0.6053498023715416,0.1427252964426876,0.5517228930984758,0.645275402760443,0.5927164296515091,0.6744532803180915,0.9826043737574552,655,35,24,18,6,0.011928429423459244,0.036036036036036036,0.5397788857576414,0.9982403933238452
gemma4-12b,qwen38-27b,rte,cross-family,12,27,166,111,62,0.4427254772876893,0.967083607636603,0.9414088215931534,0.025674786043449527,0.5095457537853851,-0.06682027649769584,0.2489705294833831,-0.17248310440407577,-0.042420744686225476,0.40540540540540543,0.8558558558558559,66,16,14,12,2,0.12612612612612611,0.20588235294117646,0.256578947368421,0.9717171717171718
gemma4-12b,qwen38-27b,truthfulqa,cross-family,12,27,980,654,327,0.6490942588072459,0.9541471443668228,0.7991658016066736,0.1549813427601492,0.5571547475427621,0.09193951126448385,0.12265689200948228,-0.14558555104513027,-0.07601110709009218,0.5963302752293578,0.8776758409785933,264,80,39,23,16,0.05963302752293578,0.12786885245901639,0.6071646341463415,0.9531662781662782
gemma4-12b-base,gemma4-31b,boolq,same-family,12,31,1962,1308,475,0.8315284008340178,0.8310406267770266,0.5499184937132747,0.2811221330637519,0.565110254628167,0.2664181462058508,0.1831673388859977,0.19460179540669753,0.22961180299908324,0.7293577981651376,0.7844036697247706,354,282,156,141,15,0.11926605504587157,0.325,0.7484896243761492,0.794984543225669
gemma4-12b-base,gemma4-31b,geometry_of_truth,same-family,12,31,3018,2012,1000,0.9973596837944664,0.9628982213438735,0.782350790513834,0.18054743083003943,0.9816274703557313,0.0157322134387351,0.8535078307482329,0.8256971035669899,0.7894155559460154,0.9811133200795229,0.8941351888667992,38,213,17,12,5,0.008449304174950299,0.07264957264957266,0.9949215396138178,0.8607422812350023
gemma4-12b-base,gemma4-31b,rte,same-family,12,31,166,111,62,0.7890059249506254,0.6277156023699803,0.521724818959842,0.10599078341013823,0.6813693219223174,0.10763660302830802,0.3366602290192614,0.027841099880380082,-0.06621112559827558,0.6396396396396397,0.5585585585585585,40,49,26,25,1,0.23423423423423423,0.4126984126984127,0.7248189598420014,0.5369718309859155
gemma4-12b-base,gemma4-31b,truthfulqa,same-family,12,31,980,654,327,0.8785549289715606,0.7854838257161294,0.7032516903739865,0.08223213534214291,0.5771867313825062,0.3013681975890544,0.3543276681966797,0.1815268941280117,0.15551666853177903,0.7981651376146789,0.7217125382262997,132,182,72,18,54,0.11009174311926606,0.2975206611570248,0.8409736449990687,0.686941251596424
gemma4-12b-base,gptj-6b,boolq,cross-family,12,6,1962,1308,475,0.8315284008340178,0.6656902761104442,0.5038149996840842,0.16187527642636002,0.5389473684210526,0.2925810324129652,0.6047182618375518,0.5981284118749812,0.4942971076754946,0.7293577981651376,0.6483180428134556,354,460,293,283,10,0.22400611620795108,0.5623800383877159,0.8203983798195242,0.5758862476163403
gemma4-12b-base,gptj-6b,geometry_of_truth,cross-family,12,6,3018,2012,1000,0.9973596837944664,0.9835780632411067,0.9032717391304348,0.08030632411067196,0.9755573122529644,0.021802371541501997,0.9385867234873564,0.8764110962355681,0.8427698927988398,0.9811133200795229,0.9393638170974155,38,122,16,11,5,0.007952286282306162,0.1111111111111111,0.9909185532136352,0.8907374820028795
gemma4-12b-base,gptj-6b,imdb,cross-family,12,6,3000,2000,1018,0.9185276029433537,0.9469618156282635,0.5947186888551891,0.35224312677307446,0.6125154550074224,0.30601214793593123,0.7270440404051212,0.6671360215780809,0.6121850543381485,0.8415,0.8845,317,231,103,68,35,0.0515,0.23146067415730337,0.8074143681831641,0.8899591573557059
gemma4-12b-base,gptj-6b,rte,cross-family,12,6,166,111,62,0.7890059249506254,0.6645819618169848,0.5088874259381173,0.1556945358788675,0.5358788676761027,0.25312705727452267,0.7320010011975155,0.2929732803331395,0.2570079359794065,0.6396396396396397,0.46846846846846846,40,59,33,33,0,0.2972972972972973,0.5,0.7653194263363755,0.448943661971831
gemma4-12b-base,gptj-6b,truthfulqa,cross-family,12,6,980,654,327,0.8785549289715606,0.8530333211757335,0.7120332183037342,0.14100010287199927,0.7351233061190134,0.14343162285254718,0.665565955239001,0.4531990442819226,0.40575998782965794,0.7981651376146789,0.7737003058103975,132,148,75,12,63,0.11467889908256881,0.36585365853658536,0.8068582416408504,0.7599849065366306
gemma4-12b-base,llama-8b,boolq,cross-family,12,8,1962,1308,475,0.8315284008340178,0.8544310355721236,0.7853844695773046,0.06904656599481906,0.6146660769570986,0.21686232387691917,0.5415606650249529,0.6805736504330104,0.5465103043884127,0.7293577981651376,0.7859327217125383,354,280,190,170,20,0.1452599388379205,0.42792792792792794,0.7169191217342967,0.8087979248836301
gemma4-12b-base,llama-8b,geometry_of_truth,cross-family,12,8,3018,2012,1000,0.9973596837944664,0.9984980237154151,0.9963804347826087,0.0021175889328063358,0.9902490118577075,0.00711067193675885,0.9515247266509099,0.8990306463229683,0.8634467152037579,0.9811133200795229,0.9850894632206759,38,30,17,13,4,0.008449304174950299,0.3333333333333333,0.9608139926000673,0.9725243960966246
gemma4-12b-base,llama-8b,imdb,cross-family,12,8,3000,2000,1018,0.9185276029433537,0.9719108991313186,0.8656204610293735,0.10629043810194505,0.636038076336733,0.28248952660662063,0.762857889841808,0.7739068557335987,0.6911969193858452,0.8415,0.918,317,164,91,66,25,0.0455,0.23333333333333334,0.7616471385302087,0.9401193227506087
gemma4-12b-base,llama-8b,rte,cross-family,12,8,166,111,62,0.7890059249506254,0.8127057274522712,0.7238314680710993,0.08887425938117188,0.7011191573403555,0.08788676761026992,0.8737927652996623,0.4440115417394612,0.2498494086305757,0.6396396396396397,0.7117117117117117,40,32,28,27,1,0.25225225225225223,0.6363636363636364,0.6064082278481013,0.7556338028169015
gemma4-12b-base,llama-8b,truthfulqa,cross-family,12,8,980,654,327,0.8785549289715606,0.9356301845149585,0.8506485611948114,0.08498162332014714,0.7648720178810239,0.11368291109053674,0.7947703789393121,0.5887221690834605,0.4345416610198862,0.7981651376146789,0.8425076452599388,132,103,54,13,41,0.08256880733944955,0.2983425414364641,0.7820908145824891,0.8928654359688842
gemma4-12b-base,llama31-405b,boolq,cross-family,12,405,1962,1308,475,0.8315284008340178,0.9538838693372085,0.9074088582801542,0.046475011057054316,0.5804410185126682,0.25108738232134964,0.5046442262914506,0.4343614453437098,0.5482582840343058,0.7293577981651376,0.8990825688073395,354,132,98,80,18,0.07492354740061162,0.25257731958762886,0.6201105442176871,0.9446576413317699
gemma4-12b-base,llama31-405b,geometry_of_truth,cross-family,12,405,3018,2012,1000,0.9973596837944664,0.9992994071146246,0.9983102766798418,0.00098913043478277,0.9872934782608697,0.010066205533596717,0.8743417008158321,0.8737706229494814,0.8783431378878613,0.9811133200795229,0.992544731610338,38,15,11,9,2,0.0054671968190854875,0.2619047619047619,0.9324653647137373,0.9875886524822695
gemma4-12b-base,llama31-405b,imdb,cross-family,12,405,3000,2000,1018,0.9185276029433537,0.9815920358196056,0.9755190681780898,0.006072967641515881,0.5793977248628556,0.3391298780804981,0.6830232204622233,0.6445384421762821,0.6679979068747064,0.8415,0.9395,317,121,70,48,22,0.035,0.19021739130434784,0.7371689706587379,0.9589061893756642
gemma4-12b-base,llama31-405b,rte,cross-family,12,405,166,111,62,0.7890059249506254,0.9381171823568137,0.8982883475971033,0.03982883475971044,0.7314022383146808,0.05760368663594462,0.7735402735554003,0.3597224511827898,0.24704075770465284,0.6396396396396397,0.8288288288288288,40,19,15,14,1,0.13513513513513514,0.3409090909090909,0.5554919908466819,0.930281690140845
gemma4-12b-base,llama31-405b,truthfulqa,cross-family,12,405,980,654,327,0.8785549289715606,0.9737021762103826,0.9331332005349344,0.04056897567544815,0.7345154261238767,0.14403950284768396,0.6589646596252126,0.5033914700685416,0.44670558172537334,0.7981651376146789,0.9143730886850153,132,56,27,10,17,0.04128440366972477,0.16770186335403728,0.7709925943621596,0.9576367119470568
gemma4-12b-base,llama31-70b,boolq,cross-family,12,70,1962,1308,475,0.8315284008340178,0.9376559044670498,0.89796929298035,0.03968661148669983,0.6356984899222847,0.19582991091173307,0.5286424197011578,0.5868758104729408,0.531221482717142,0.7293577981651376,0.8761467889908257,354,162,122,98,24,0.09327217125382263,0.3096446700507614,0.6424062223945877,0.9227694275663576
gemma4-12b-base,llama31-70b,geometry_of_truth,cross-family,12,70,3018,2012,1000,0.9973596837944664,0.9990503952569171,0.998292490118577,0.0007579051383400648,0.9900612648221344,0.007298418972331966,0.9385500293272485,0.9034265404645583,0.8710815366663524,0.9811133200795229,0.9895626242544732,38,21,13,11,2,0.0064612326043737576,0.2826086956521739,0.9496065628662315,0.9817895803338132
gemma4-12b-base,llama31-70b,imdb,cross-family,12,70,3000,2000,1018,0.9185276029433537,0.9821732241246164,0.971847878712703,0.010325345411913434,0.6465454807357583,0.2719821222075953,0.7588295404484321,0.7453222410962861,0.6928526403566101,0.8415,0.939,317,122,74,45,29,0.037,0.20273972602739726,0.72913720560764,0.9572230000880957
gemma4-12b-base,llama31-70b,rte,cross-family,12,70,166,111,62,0.7890059249506254,0.9420671494404212,0.911784068466096,0.030283080974325194,0.685319289005925,0.1036866359447004,0.8726721788746128,0.4214681532643334,0.24661788095532644,0.6396396396396397,0.8468468468468469,40,17,15,14,1,0.13513513513513514,0.35714285714285715,0.5087609511889862,0.9341549295774647
gemma4-12b-base,llama31-70b,truthfulqa,cross-family,12,70,980,654,327,0.8785549289715606,0.9623114403015085,0.9053016487575868,0.05700979154392172,0.7557257619541939,0.12282916701736668,0.7395785743921685,0.574007876033404,0.44131096738646935,0.7981651376146789,0.8837920489296636,132,76,39,13,26,0.05963302752293578,0.23076923076923078,0.7701238390092879,0.9365058632300011
gemma4-12b-base,llama31-70b-base,boolq,cross-family,12,70,1962,1308,475,0.8315284008340178,0.8779857206040311,0.7675971441208063,0.11038857648322487,0.7002893789094585,0.13123902192455927,0.49568689360908275,0.5210413069506312,0.4966376055859253,0.7293577981651376,0.7989296636085627,354,263,176,155,21,0.1345565749235474,0.39909297052154197,0.7192752014845271,0.8417161165002546
gemma4-12b-base,llama31-70b-base,geometry_of_truth,cross-family,12,70,3018,2012,1000,0.9973596837944664,0.9983873517786561,0.9961343873517787,0.0022529644268773907,0.9885375494071147,0.008822134387351688,0.9489409195908284,0.8894127206102347,0.8638833654355952,0.9811133200795229,0.9840954274353877,38,32,16,13,3,0.007952286282306162,0.2962962962962963,0.9626420454545455,0.9707913400522583
gemma4-12b-base,llama31-70b-base,imdb,cross-family,12,70,3000,2000,1018,0.9185276029433537,0.9586415998783605,0.7104061715995983,0.24823542827876222,0.6403814836006867,0.278146119342667,0.7562108333093741,0.7151269213655721,0.6748493491608958,0.8415,0.895,317,210,116,77,39,0.058,0.2822384428223844,0.790047885075818,0.9134788223672988
gemma4-12b-base,llama31-70b-base,rte,cross-family,12,70,166,111,62,0.7890059249506254,0.8225806451612903,0.7425938117182358,0.07998683344305446,0.6382488479262672,0.15075707702435814,0.842186222962592,0.40273493671408545,0.2287776176438957,0.6396396396396397,0.6846846846846847,40,35,26,24,2,0.23423423423423423,0.5306122448979592,0.6432330827067669,0.7661971830985915
gemma4-12b-base,llama31-70b-base,truthfulqa,cross-family,12,70,980,654,327,0.8785549289715606,0.9157010726743914,0.8057683135538536,0.10993275912053779,0.7153344742773241,0.16322045469423652,0.7285903328552152,0.5616786093132424,0.42918329625898455,0.7981651376146789,0.8073394495412844,132,126,51,18,33,0.0779816513761468,0.2463768115942029,0.8187530062530062,0.8658423313595728
gemma4-12b-base,llama31-8b-base,boolq,cross-family,12,8,1962,1308,475,0.8315284008340178,0.7668970746193213,0.6745359196310103,0.09236115498831099,0.6779604473368295,0.15356795349718833,0.5454458146974018,0.668757999091029,0.534593328409255,0.7293577981651376,0.713302752293578,354,375,251,226,25,0.1918960244648318,0.5251046025104602,0.7671454090746694,0.6919008871359367
gemma4-12b-base,llama31-8b-base,geometry_of_truth,cross-family,12,8,3018,2012,1000,0.9973596837944664,0.9974249011857708,0.9859693675889328,0.01145553359683793,0.98801185770751,0.00934782608695639,0.9456824346333804,0.9047580233824983,0.8561327334454076,0.9811133200795229,0.9806163021868787,38,39,16,13,3,0.007952286282306162,0.26229508196721313,0.9702002677167401,0.9533541300058657
gemma4-12b-base,llama31-8b-base,imdb,cross-family,12,8,3000,2000,1018,0.9185276029433537,0.9481712074712207,0.7663562994410189,0.18181490803020184,0.7428106706572929,0.17571693228606078,0.790023691816434,0.7952425683182419,0.708469543080655,0.8415,0.891,317,218,115,65,50,0.0575,0.27380952380952384,0.7950941628311659,0.8863322405723593
gemma4-12b-base,llama31-8b-base,rte,cross-family,12,8,166,111,62,0.7890059249506254,0.7590520078999341,0.6464779460171165,0.1125740618828176,0.7100065832784725,0.07899934167215283,0.8412059629923967,0.4531869946757653,0.2431535793306958,0.6396396396396397,0.6486486486486487,40,39,31,28,3,0.27927927927927926,0.6458333333333334,0.6531339031339031,0.6661971830985915
gemma4-12b-base,llama31-8b-base,truthfulqa,cross-family,12,8,980,654,327,0.8785549289715606,0.8842222409262221,0.7379289060965687,0.14629333482965345,0.721628370226973,0.1569265587445876,0.7391115401125739,0.623928603675848,0.4421739311619832,0.7981651376146789,0.7859327217125383,132,140,75,17,58,0.11467889908256881,0.38071065989847713,0.8028210116731518,0.8037124114710321
gemma4-12b-base,olmo3-7b,boolq,cross-family,12,7,1962,1308,475,0.8315284008340178,0.8341062740885827,0.5489429455992924,0.2851633284892904,0.5674808870916788,0.26404751374233904,0.5280121760649673,0.4260679770336855,0.4554555503041938,0.7293577981651376,0.7576452599388379,354,317,211,197,14,0.16131498470948014,0.45869565217391306,0.749190665516462,0.7841026187684326
gemma4-12b-base,olmo3-7b,geometry_of_truth,cross-family,12,7,3018,2012,1000,0.9973596837944664,0.9942687747035572,0.9901017786561266,0.004166996047430649,0.99048814229249,0.00687154150197633,0.9085211493611295,0.8031377836951171,0.8381961678753677,0.9811133200795229,0.9602385685884692,38,80,23,19,4,0.01143141153081511,0.24210526315789474,0.9875258799171842,0.9408094704847224
gemma4-12b-base,olmo3-7b,imdb,cross-family,12,7,3000,2000,1018,0.9185276029433537,0.9686388389838309,0.9135609937619789,0.055077845221851995,0.6003325077325053,0.3181950952108483,0.7818800427343555,0.5936058603231459,0.5928344902198944,0.8415,0.9135,317,173,88,62,26,0.044,0.21890547263681592,0.7681153917948816,0.9339769939139025
gemma4-12b-base,olmo3-7b,rte,cross-family,12,7,166,111,62,0.7890059249506254,0.8581303489137591,0.8229098090849243,0.035220539828834774,0.7208689927583937,0.06813693219223171,0.7565894699957323,0.1763983801245268,0.2364521780236155,0.6396396396396397,0.7387387387387387,40,29,21,20,1,0.1891891891891892,0.4375,0.6206896551724138,0.8232394366197183
gemma4-12b-base,olmo3-7b,truthfulqa,cross-family,12,7,980,654,327,0.8785549289715606,0.8972495768220035,0.7781425057748599,0.11910707104714358,0.7068989703448083,0.17165595862675231,0.7014753788139212,0.2811470299206996,0.3780123331609243,0.7981651376146789,0.7981651376146789,132,132,64,15,49,0.09785932721712538,0.32,0.8059038662486938,0.8393562057355162
gemma4-12b-base,qwen3-1.7b,boolq,cross-family,12,1.7,1962,1308,475,0.8315284008340178,0.8171352751626967,0.5694168193593228,0.24771845580337393,0.5126934984520124,0.3188349023820054,0.6345126557239266,0.5823892187110737,0.4245215945705728,0.7293577981651376,0.7477064220183486,354,330,207,193,14,0.15825688073394495,0.4339622641509434,0.760187767242982,0.7603578154425612
gemma4-12b-base,qwen3-1.7b,geometry_of_truth,cross-family,12,1.7,3018,2012,1000,0.9973596837944664,0.9934357707509882,0.9856195652173914,0.007816205533596854,0.9880701581027667,0.009289525691699718,0.8838039656096082,0.8256497061183524,0.8188445090900809,0.9811133200795229,0.9587475149105368,38,83,22,16,6,0.010934393638170975,0.2222222222222222,0.9836984016938672,0.9282114861622139
gemma4-12b-base,qwen3-1.7b,imdb,cross-family,12,1.7,3000,2000,1018,0.9185276029433537,0.9536549842148856,0.6411797422364847,0.31247524197840093,0.565681280734958,0.3528463222083956,0.7899285924056499,0.6246827667745907,0.5185137259095846,0.8415,0.8855,317,229,110,69,41,0.055,0.25229357798165136,0.802950988635439,0.9039738637066528
gemma4-12b-base,qwen3-1.7b,rte,cross-family,12,1.7,166,111,62,0.7890059249506254,0.8772218564845293,0.7261356155365373,0.15108624094799206,0.7620144832126399,0.02699144173798551,0.7968058068627611,0.29155972035459765,0.20213565790612997,0.6396396396396397,0.6936936936936937,40,34,22,21,1,0.1981981981981982,0.4230769230769231,0.6382734912146677,0.7820422535211267
gemma4-12b-base,qwen3-1.7b,truthfulqa,cross-family,12,1.7,980,654,327,0.8785549289715606,0.8749731130002151,0.6742230826062153,0.20075003039399975,0.6703981146368151,0.20815681433474553,0.7399635201269024,0.39230678111905726,0.31468782623521674,0.7981651376146789,0.8012232415902141,132,130,63,16,47,0.0963302752293578,0.3165829145728643,0.8035085143863769,0.8052798095901544
gemma4-12b-base,qwen3-32b,boolq,cross-family,12,32,1962,1308,475,0.8315284008340178,0.9175105831806406,0.853811840525684,0.06369874265495656,0.6254451254185884,0.20608327541542937,0.5164826545245927,0.5581519021318277,0.5145269960524053,0.7293577981651376,0.8707951070336392,354,169,124,106,18,0.09480122324159021,0.3107769423558897,0.6439729649697907,0.8927915763540962
gemma4-12b-base,qwen3-32b,geometry_of_truth,cross-family,12,32,3018,2012,1000,0.9973596837944664,0.9991205533596839,0.9977895256916997,0.0013310276679842081,0.9905998023715415,0.006759881422924829,0.819113028370797,0.7812079762410422,0.8520287601308172,0.9811133200795229,0.9870775347912525,38,26,16,12,4,0.007952286282306162,0.3333333333333333,0.9505190177395615,0.9864421692529195
gemma4-12b-base,qwen3-32b,imdb,cross-family,12,32,3000,2000,1018,0.9185276029433537,0.9749198740391887,0.9471508768841106,0.02776899715507808,0.606587534361133,0.3119400685822207,0.4719245796295353,0.7108184971850962,0.6531005279313533,0.8415,0.928,317,144,81,53,28,0.0405,0.2131578947368421,0.7466138350095786,0.9435025707061334
gemma4-12b-base,qwen3-32b,rte,cross-family,12,32,166,111,62,0.7890059249506254,0.9634628044766294,0.9535878867676103,0.009874917709019049,0.7156023699802502,0.0734035549703752,0.613491030464868,0.33956380293376454,0.2515875947383709,0.6396396396396397,0.8918918918918919,40,12,10,9,1,0.09009009009009009,0.23809523809523808,0.5084175084175084,0.9559859154929577
gemma4-12b-base,qwen3-32b,truthfulqa,cross-family,12,32,980,654,327,0.8785549289715606,0.9692412722460698,0.8715315770277474,0.0977096952183224,0.7329442901364456,0.14561063883511505,0.411224513327971,0.407104102861226,0.41093672225473876,0.7981651376146789,0.900611620795107,132,65,27,12,15,0.04128440366972477,0.1588235294117647,0.8037612642026905,0.9535295483571347
gemma4-12b-base,qwen3-8b,boolq,cross-family,12,8,1962,1308,475,0.8315284008340178,0.8986440892146333,0.8386908447589562,0.05995324445567718,0.6320894673658938,0.19943893346812402,0.6691461393308988,0.4833396260271945,0.4751661836741261,0.7293577981651376,0.827217125382263,354,226,154,138,16,0.11773700305810397,0.3615023474178404,0.6897706639621807,0.8708619076383706
gemma4-12b-base,qwen3-8b,geometry_of_truth,cross-family,12,8,3018,2012,1000,0.9973596837944664,0.9976422924901186,0.9950869565217392,0.002555335968379424,0.9888409090909092,0.00851877470355722,0.8869885931619794,0.795544226467556,0.8505165439473896,0.9811133200795229,0.9796222664015904,38,41,19,14,5,0.009443339960238568,0.31666666666666665,0.9675167984556559,0.9761238201887699
gemma4-12b-base,qwen3-8b,imdb,cross-family,12,8,3000,2000,1018,0.9185276029433537,0.9709705944726091,0.9552625050516368,0.01570808942097235,0.5977586738103146,0.3207689291330391,0.7264031831003193,0.6589113633157482,0.6151700803470791,0.8415,0.9185,317,163,90,58,32,0.045,0.23076923076923078,0.7568755406086877,0.9389047273626974
gemma4-12b-base,qwen3-8b,rte,cross-family,12,8,166,111,62,0.7890059249506254,0.9338380513495721,0.9124423963133641,0.021395655036207994,0.7261356155365372,0.06287030941408822,0.7875521808908614,0.23175971389019945,0.25776438974732596,0.6396396396396397,0.8198198198198198,40,20,16,14,2,0.14414414414414414,0.36363636363636365,0.5225274725274726,0.9242957746478873
gemma4-12b-base,qwen3-8b,truthfulqa,cross-family,12,8,980,654,327,0.8785549289715606,0.9380804084953567,0.839790889281673,0.09828951921368367,0.7321026101431791,0.1464523188283815,0.5912112210825524,0.322844196128925,0.3984204364930115,0.7981651376146789,0.8547400611620795,132,95,46,13,33,0.07033639143730887,0.2541436464088398,0.7815836550230675,0.8975386044351562
gemma4-12b-base,qwen3-8b-base,boolq,cross-family,12,8,1962,1308,475,0.8315284008340178,0.8936298730018324,0.714624376066216,0.1790054969356164,0.634328678839957,0.19719972199406077,0.3085308291731786,0.4497828924553088,0.47946719870939336,0.7293577981651376,0.8226299694189603,354,232,163,148,15,0.1246177370030581,0.38534278959810875,0.6954837520830663,0.8630032334861244
gemma4-12b-base,qwen3-8b-base,geometry_of_truth,cross-family,12,8,3018,2012,1000,0.9973596837944664,0.9982579051383399,0.9968122529644269,0.0014456521739130146,0.9866521739130435,0.010707509881422883,0.8391700261209065,0.8182222620832057,0.8537913983916198,0.9811133200795229,0.9781312127236581,38,44,23,18,5,0.01143141153081511,0.3898305084745763,0.9692696784922396,0.9718445048792193
gemma4-12b-base,qwen3-8b-base,imdb,cross-family,12,8,3000,2000,1018,0.9185276029433537,0.9755150668816697,0.9165449605672238,0.05897010631444588,0.5950778052088876,0.323449797734466,0.710406544068084,0.701015785696788,0.6584856536456407,0.8415,0.929,317,142,82,59,23,0.041,0.21750663129973474,0.7393191224851802,0.946226038450941
gemma4-12b-base,qwen3-8b-base,rte,cross-family,12,8,166,111,62,0.7890059249506254,0.9157340355497038,0.9229756418696511,-0.007241606319947302,0.7472021066491112,0.04180381830151414,0.6038975471001129,0.2456169169064446,0.2567208615845268,0.6396396396396397,0.8018018018018018,40,22,16,16,0,0.14414414414414414,0.34782608695652173,0.559244126659857,0.9007042253521126
gemma4-12b-base,qwen3-8b-base,truthfulqa,cross-family,12,8,980,654,327,0.8785549289715606,0.9195073366439414,0.8081998335344014,0.11130750310953996,0.7280999541752005,0.15045497479636016,0.49606705629131603,0.3546446964395451,0.4115796049331788,0.7981651376146789,0.827217125382263,132,113,58,17,41,0.08868501529051988,0.31016042780748665,0.7945136014918293,0.8634186694531522
gemma4-12b-base,qwen38-27b,boolq,cross-family,12,27,1962,1308,475,0.8315284008340178,0.9392279016869906,0.8394364061414039,0.09979149554558664,0.6718746445946799,0.15965375623933786,0.6016866517692749,0.6064550067313735,0.5283255669761923,0.7293577981651376,0.8914373088685015,354,142,103,90,13,0.07874617737003058,0.26208651399491095,0.6464559224989732,0.923136599983418
gemma4-12b-base,qwen38-27b,geometry_of_truth,cross-family,12,27,3018,2012,1000,0.9973596837944664,0.9983764822134387,0.9959970355731225,0.0023794466403161962,0.988755928853755,0.008603754940711417,0.9053120460439171,0.8673039790323338,0.8626741683621525,0.9811133200795229,0.9826043737574552,38,35,17,14,3,0.008449304174950299,0.30357142857142855,0.9671074499602573,0.9796832506798913
gemma4-12b-base,qwen38-27b,rte,cross-family,12,27,166,111,62,0.7890059249506254,0.967083607636603,0.9427254772876893,0.024358130348913654,0.7518104015799867,0.037195523370638695,0.858339408786396,0.4006592188873003,0.2574423621229568,0.6396396396396397,0.8558558558558559,40,16,13,12,1,0.11711711711711711,0.3023255813953488,0.5098684210526316,0.9647887323943662
gemma4-12b-base,qwen38-27b,truthfulqa,cross-family,12,27,980,654,327,0.8785549289715606,0.9541471443668228,0.8392765292857878,0.11487061508103502,0.7328788261369694,0.1456761028345912,0.7824299168075719,0.48966622438199214,0.42457238982660217,0.7981651376146789,0.8776758409785933,132,80,38,17,21,0.0581039755351682,0.21839080459770116,0.7934451219512195,0.9272611169162893
gemma4-31b,gptj-6b,boolq,cross-family,31,6,1962,1308,475,0.8310406267770266,0.6656902761104442,0.4882466670878878,0.1774436090225564,0.5986579895115941,0.2323826372654325,0.1857683808258226,0.34568495572419755,0.2527232717363411,0.7844036697247706,0.6483180428134556,282,460,194,177,17,0.14831804281345565,0.354014598540146,0.8268432116488926,0.5940856870308159
gemma4-31b,gptj-6b,geometry_of_truth,cross-family,31,6,3018,2012,1000,0.9628982213438735,0.9835780632411067,0.7535306324110672,0.23004743083003953,0.7202500000000001,0.24264822134387343,0.8563363909822663,0.8371928963423516,0.830615217011664,0.8941351888667992,0.9393638170974155,213,122,54,32,22,0.0268389662027833,0.19217081850533807,0.8688698065747247,0.9531168854893303
gemma4-31b,gptj-6b,rte,cross-family,31,6,166,111,62,0.6277156023699803,0.6645819618169848,0.49670836076366026,0.16787360105332455,0.46543778801843316,0.1622778143515471,0.2786361563447646,-0.06688429231489401,0.011833224332241543,0.5585585585585585,0.46846846846846846,49,59,39,37,2,0.35135135135135137,0.5652173913043478,0.6199478487614081,0.5092165898617511
gemma4-31b,gptj-6b,truthfulqa,cross-family,31,6,980,654,327,0.7854838257161294,0.8530333211757335,0.677608506579132,0.17542481459660153,0.6961628744306969,0.08932095128543249,0.3045021047995471,0.20333863162336763,0.2000192573754762,0.7217125382262997,0.7737003058103975,182,148,83,20,63,0.12691131498470948,0.3360323886639676,0.685463625681017,0.8112311417396164
gemma4-31b,llama-8b,boolq,cross-family,31,8,1962,1308,475,0.8310406267770266,0.8544310355721236,0.5870550325393316,0.2673760030327921,0.6061287672963922,0.2249118594806344,0.22552471322958478,0.43065874781012303,0.26706750637199794,0.7844036697247706,0.7859327217125383,282,280,130,105,25,0.09938837920489296,0.30092592592592593,0.769538632573652,0.7913089461241757
gemma4-31b,llama-8b,geometry_of_truth,cross-family,31,8,3018,2012,1000,0.9628982213438735,0.9984980237154151,0.9882193675889328,0.010278656126482266,0.7253053359683795,0.23759288537549395,0.8848841516256772,0.8419637117184366,0.8276892511940859,0.8941351888667992,0.9850894632206759,213,30,17,11,6,0.008449304174950299,0.0752212389380531,0.8082576522031618,0.9958792965314586
gemma4-31b,llama-8b,rte,cross-family,31,8,166,111,62,0.6277156023699803,0.8127057274522712,0.7975641869651086,0.015141540487162652,0.6053324555628703,0.022383146807109955,0.3197017661430497,0.06749895910589931,-0.03033900261044309,0.5585585585585585,0.7117117117117117,49,32,23,21,2,0.2072072072072072,0.39655172413793105,0.4513449367088608,0.7626728110599078
gemma4-31b,llama-8b,truthfulqa,cross-family,31,8,980,654,327,0.7854838257161294,0.9356301845149585,0.7065716503474269,0.22905853416753164,0.6795069625639444,0.10597686315218502,0.35086866249029963,0.2871932710567441,0.17081364782026542,0.7217125382262997,0.8425076452599388,182,103,54,21,33,0.08256880733944955,0.23376623376623376,0.6608108822441106,0.9168141180853046
gemma4-31b,llama31-405b,boolq,cross-family,31,405,1962,1308,475,0.8310406267770266,0.9538838693372085,0.8703228659885007,0.08356100334870775,0.5872875465975864,0.2437530801794402,0.29669597585889995,0.2858667698051226,0.3493513011909797,0.7844036697247706,0.8990825688073395,282,132,76,59,17,0.0581039755351682,0.22485207100591717,0.6750927643784786,0.9267346854132968
gemma4-31b,llama31-405b,geometry_of_truth,cross-family,31,405,3018,2012,1000,0.9628982213438735,0.9992994071146246,0.9939693675889327,0.0053300395256918875,0.7077450592885375,0.255153162055336,0.7952222777629909,0.8209724099019353,0.854154493704766,0.8941351888667992,0.992544731610338,213,15,9,8,1,0.0044731610337972166,0.0410958904109589,0.8374228008679686,0.9982932615146131
gemma4-31b,llama31-405b,rte,cross-family,31,405,166,111,62,0.6277156023699803,0.9381171823568137,0.9075049374588545,0.030612244897959218,0.5928242264647794,0.03489137590520086,0.3373903226008702,0.03973882616798807,0.01260502391988605,0.5585585585585585,0.8288288288288288,49,19,11,10,1,0.0990990990990991,0.19298245614035087,0.44794050343249425,0.9302172481895985
gemma4-31b,llama31-405b,truthfulqa,cross-family,31,405,980,654,327,0.7854838257161294,0.9737021762103826,0.9217331126261351,0.051969063584247466,0.7262482581900138,0.059235567526115585,0.32425005532157614,0.26560803091320273,0.23144381596795294,0.7217125382262997,0.9143730886850153,182,56,28,11,17,0.04281345565749235,0.13333333333333333,0.6789894887720973,0.9656826224622834
gemma4-31b,llama31-70b,boolq,cross-family,31,70,1962,1308,475,0.8310406267770266,0.9376559044670498,0.7686813672837557,0.16897453718329414,0.6265697858090604,0.2044708409679662,0.25707969375398315,0.3743716260134725,0.27164914466233536,0.7844036697247706,0.8761467889908257,282,162,90,68,22,0.06880733944954129,0.2542372881355932,0.7013983151272273,0.897170033041627
gemma4-31b,llama31-70b,geometry_of_truth,cross-family,31,70,3018,2012,1000,0.9628982213438735,0.9990503952569171,0.9823162055335968,0.016734189723320303,0.7670543478260868,0.19584387351778665,0.8654304092464693,0.8449746728789334,0.8388583846229187,0.8941351888667992,0.9895626242544732,213,21,10,8,2,0.004970178926441352,0.044642857142857144,0.8398507569778287,0.9975260121037509
gemma4-31b,llama31-70b,rte,cross-family,31,70,166,111,62,0.6277156023699803,0.9420671494404212,0.923633969716919,0.018433179723502224,0.544107965766952,0.08360763660302828,0.34809078450649394,0.06196508744063434,-0.004372782785003082,0.5585585585585585,0.8468468468468469,49,17,11,10,1,0.0990990990990991,0.2,0.39111389236545685,0.923304805793285
gemma4-31b,llama31-70b,truthfulqa,cross-family,31,70,980,654,327,0.7854838257161294,0.9623114403015085,0.8622450411020397,0.1000663991994688,0.6787120425703036,0.1067717831458258,0.3455192932232479,0.28904018308045587,0.19317426831981,0.7217125382262997,0.8837920489296636,182,76,37,17,20,0.05657492354740061,0.167420814479638,0.6797031506100892,0.9525749674054759
gemma4-31b,llama31-70b-base,boolq,cross-family,31,70,1962,1308,475,0.8310406267770266,0.8779857206040311,0.6944588361660454,0.1835268844379857,0.6431869589941239,0.1878536677829027,0.23683112820406546,0.32798761530364784,0.2554820098081143,0.7844036697247706,0.7989296636085627,282,263,113,90,23,0.0863914373088685,0.26157407407407407,0.7845652846253204,0.8260233918128657
gemma4-31b,llama31-70b-base,geometry_of_truth,cross-family,31,70,3018,2012,1000,0.9628982213438735,0.9983873517786561,0.9759288537549408,0.022458498023715356,0.7166511857707509,0.24624703557312255,0.8880205276374047,0.8263462671934226,0.8325687742056433,0.8941351888667992,0.9840954274353877,213,32,16,10,6,0.007952286282306162,0.06986899563318777,0.8592645202020203,0.9955635238147433
gemma4-31b,llama31-70b-base,rte,cross-family,31,70,166,111,62,0.6277156023699803,0.8225806451612903,0.7699144173798552,0.05266622778143504,0.5487162606978275,0.07899934167215272,0.32938898621755724,0.047018113578836784,-0.02881358512994936,0.5585585585585585,0.6846846846846847,49,35,19,17,2,0.17117117117117117,0.2923076923076923,0.5285714285714286,0.7702435813034892
gemma4-31b,llama31-70b-base,truthfulqa,cross-family,31,70,980,654,327,0.7854838257161294,0.9157010726743914,0.7133799062929608,0.2023211663814306,0.6577729147378166,0.12771091097831277,0.3165457590293381,0.2779171255080618,0.1914225206274639,0.7217125382262997,0.8073394495412844,182,126,62,28,34,0.09480122324159021,0.25203252032520324,0.6992995430495431,0.8949641460234681
gemma4-31b,llama31-8b-base,boolq,cross-family,31,8,1962,1308,475,0.8310406267770266,0.7668970746193213,0.5255550641309155,0.24134201048840587,0.6647905477980667,0.16625007897895994,0.22277129885532215,0.40680234441396723,0.25775392301438926,0.7844036697247706,0.713302752293578,282,375,159,138,21,0.12155963302752294,0.3192771084337349,0.8036270096463023,0.6938361467103535
gemma4-31b,llama31-8b-base,geometry_of_truth,cross-family,31,8,3018,2012,1000,0.9628982213438735,0.9974249011857708,0.9494555335968379,0.04796936758893289,0.7530869565217391,0.2098112648221344,0.8932395065451384,0.8481441829775415,0.8162259298573042,0.8941351888667992,0.9806163021868787,213,39,21,11,10,0.010437375745526839,0.09090909090909091,0.8547051866869404,0.9920848045471271
gemma4-31b,llama31-8b-base,rte,cross-family,31,8,166,111,62,0.6277156023699803,0.7590520078999341,0.7340355497037524,0.0250164581961817,0.5381830151415404,0.08953258722843982,0.3142153194739385,0.0694308165883537,-0.03907981856739284,0.5585585585585585,0.6486486486486487,49,39,26,23,3,0.23423423423423423,0.41935483870967744,0.5078347578347578,0.717577353522054
gemma4-31b,llama31-8b-base,truthfulqa,cross-family,31,8,980,654,327,0.7854838257161294,0.8842222409262221,0.6737554826099561,0.21046675831626604,0.6690327226477383,0.11645110306839113,0.32477096068154326,0.3138615520488437,0.16859501628463258,0.7217125382262997,0.7859327217125383,182,140,78,24,54,0.11926605504587157,0.319672131147541,0.6759866592551418,0.8480978766995717
gemma4-31b,olmo3-7b,boolq,cross-family,31,7,1962,1308,475,0.8310406267770266,0.8341062740885827,0.5689442092626524,0.2651620648259303,0.5548063435900675,0.2762342831869591,0.21316115179743803,0.20326585103243688,0.20579144366063717,0.7844036697247706,0.7576452599388379,282,317,148,127,21,0.11314984709480122,0.328159645232816,0.7809178505604065,0.7554746796068185
gemma4-31b,olmo3-7b,geometry_of_truth,cross-family,31,7,3018,2012,1000,0.9628982213438735,0.9942687747035572,0.9694318181818182,0.024836956521739006,0.8206610671936759,0.14223715415019755,0.8350103434091135,0.7588138341194591,0.8231626645638991,0.8941351888667992,0.9602385685884692,213,80,38,23,15,0.018886679920477135,0.14901960784313725,0.8709174430641822,0.98348586982335
gemma4-31b,olmo3-7b,rte,cross-family,31,7,166,111,62,0.6277156023699803,0.8581303489137591,0.8354180381830152,0.022712310730743868,0.6030283080974326,0.024687294272547677,0.2838252537279616,-0.13860266791492948,0.020805405352658735,0.5585585585585585,0.7387387387387387,49,29,19,17,2,0.17117117117117117,0.3220338983050847,0.45920941968040374,0.8271889400921658
gemma4-31b,olmo3-7b,truthfulqa,cross-family,31,7,980,654,327,0.7854838257161294,0.8972495768220035,0.720711874234305,0.1765377025876984,0.6989871784081025,0.08649664730802686,0.3576536221966416,0.07176346542028822,0.18773696816208751,0.7217125382262997,0.7981651376146789,182,132,74,27,47,0.11314984709480122,0.30833333333333335,0.6766080343666551,0.8636384801639039
gemma4-31b,qwen3-1.7b,boolq,cross-family,31,1.7,1962,1308,475,0.8310406267770266,0.8171352751626967,0.6332444556770076,0.18389081948568908,0.5828824161243445,0.24815821065268207,0.24814754084158633,0.3713915113318703,0.26475486544964255,0.7844036697247706,0.7477064220183486,282,330,152,127,25,0.1162079510703364,0.33043478260869563,0.7899020883683461,0.7320413918958151
gemma4-31b,qwen3-1.7b,geometry_of_truth,cross-family,31,1.7,3018,2012,1000,0.9628982213438735,0.9934357707509882,0.9423843873517787,0.05105138339920956,0.8310049407114626,0.1318932806324109,0.7560176422343834,0.7842964623750305,0.8006484183842073,0.8941351888667992,0.9587475149105368,213,83,34,25,9,0.016898608349900597,0.1297709923664122,0.8859325326188112,0.9821314397409098
gemma4-31b,qwen3-1.7b,rte,cross-family,31,1.7,166,111,62,0.6277156023699803,0.8772218564845293,0.7261356155365372,0.15108624094799217,0.5674786043449638,0.060236998025016475,0.31493146110847925,-0.01748875853445364,0.0006696559040206829,0.5585585585585585,0.6936936936936937,49,34,22,21,1,0.1981981981981982,0.36065573770491804,0.5168067226890757,0.7890059249506255
gemma4-31b,qwen3-1.7b,truthfulqa,cross-family,31,1.7,980,654,327,0.7854838257161294,0.8749731130002151,0.6910379784716962,0.18393513452851884,0.6899531464803748,0.09553067923575465,0.33444251909091466,0.17928711384654805,0.12556505397978934,0.7217125382262997,0.8012232415902141,182,130,64,22,42,0.09785932721712538,0.25806451612903225,0.6898708162066941,0.839192587073943
gemma4-31b,qwen3-32b,boolq,cross-family,31,32,1962,1308,475,0.8310406267770266,0.9175105831806406,0.6131193530043597,0.3043912301762809,0.5567700764516333,0.27427055032539327,0.20628168880148323,0.3462986887089874,0.2523270493619074,0.7844036697247706,0.8707951070336392,282,169,101,81,20,0.077217125382263,0.2885714285714286,0.6924479586058568,0.8645051359683684
gemma4-31b,qwen3-32b,geometry_of_truth,cross-family,31,32,3018,2012,1000,0.9628982213438735,0.9991205533596839,0.9852588932806324,0.01386166007905143,0.7970642292490118,0.16583399209486172,0.7339765885714515,0.7504877138978089,0.830686161848746,0.8941351888667992,0.9870775347912525,213,26,13,8,5,0.0064612326043737576,0.05752212389380531,0.8428615694476722,0.9976512773136875
gemma4-31b,qwen3-32b,rte,cross-family,31,32,166,111,62,0.6277156023699803,0.9634628044766294,0.9394338380513496,0.02402896642527974,0.5608953258722844,0.06682027649769584,0.2648917773430642,0.0045407113768042295,0.023129874815810636,0.5585585585585585,0.8918918918918919,49,12,10,9,1,0.09009009009009009,0.19607843137254902,0.26262626262626265,0.9509545753785384
gemma4-31b,qwen3-32b,truthfulqa,cross-family,31,32,980,654,327,0.7854838257161294,0.9692412722460698,0.8438870652489034,0.12535420699716637,0.7172796902617624,0.06820413545436699,0.18007300039848229,0.18038466029684208,0.2237195510892147,0.7217125382262997,0.900611620795107,182,65,33,16,17,0.05045871559633028,0.1542056074766355,0.6824082538853338,0.9607352393369342
gemma4-31b,qwen3-8b,boolq,cross-family,31,8,1962,1308,475,0.8310406267770266,0.8986440892146333,0.6632059139445252,0.23543817527010813,0.5363012573450432,0.2947393694319834,0.18505552965310504,0.2501985093845396,0.2241871418501078,0.7844036697247706,0.827217125382263,282,226,122,100,22,0.09327217125382263,0.3160621761658031,0.7398868041810478,0.840822999184328
gemma4-31b,qwen3-8b,geometry_of_truth,cross-family,31,8,3018,2012,1000,0.9628982213438735,0.9976422924901186,0.9793112648221344,0.018331027667984223,0.7256254940711463,0.2372727272727272,0.7447361475696519,0.739217429307614,0.8297326752593692,0.8941351888667992,0.9796222664015904,213,41,21,14,7,0.010437375745526839,0.09012875536480687,0.8364207842991672,0.9937263007356723
gemma4-31b,qwen3-8b,rte,cross-family,31,8,166,111,62,0.6277156023699803,0.9338380513495721,0.9371296905859118,-0.003291639236339683,0.6191573403554971,0.008558262014483176,0.23864416762525067,-0.0830795932729953,0.052285905826295775,0.5585585585585585,0.8198198198198198,49,20,11,10,1,0.0990990990990991,0.1896551724137931,0.5109890109890111,0.9160631994733377
gemma4-31b,qwen3-8b,truthfulqa,cross-family,31,8,980,654,327,0.7854838257161294,0.9380804084953567,0.7917590176659279,0.14632139082942874,0.7153905862768752,0.07009323943925416,0.23407300172315895,0.09121277474277412,0.19216885986407206,0.7217125382262997,0.8547400611620795,182,95,49,21,28,0.07492354740061162,0.2149122807017544,0.6770925524903494,0.9205159247532129
gemma4-31b,qwen3-8b-base,boolq,cross-family,31,8,1962,1308,475,0.8310406267770266,0.8936298730018324,0.569078157578821,0.3245517154230114,0.48356100334870783,0.3474796234283188,0.040307904543575614,0.22018313484876906,0.2082127650929395,0.7844036697247706,0.8226299694189603,282,232,118,98,20,0.09021406727828746,0.29797979797979796,0.7474402320215356,0.8355660625164172
gemma4-31b,qwen3-8b-base,geometry_of_truth,cross-family,31,8,3018,2012,1000,0.9628982213438735,0.9982579051383399,0.9786363636363636,0.01962154150197626,0.8050513833992095,0.15784683794466403,0.727920198731914,0.7571682967289242,0.8278470277586828,0.8941351888667992,0.9781312127236581,213,44,24,16,8,0.011928429423459244,0.10300429184549356,0.8253302845528455,0.9951511924987018
gemma4-31b,qwen3-8b-base,rte,cross-family,31,8,166,111,62,0.6277156023699803,0.9157340355497038,0.9137590520079,0.0019749835418038098,0.6023699802501645,0.025345622119815725,0.22229425041641213,-0.06545539262805544,0.04423339986699748,0.5585585585585585,0.8018018018018018,49,22,14,11,3,0.12612612612612611,0.24561403508771928,0.4693564862104188,0.9035549703752469
gemma4-31b,qwen3-8b-base,truthfulqa,cross-family,31,8,980,654,327,0.7854838257161294,0.9195073366439414,0.7523496899812024,0.1671576466627389,0.7192155542462755,0.06626827146985392,0.19871186879595296,0.1408892616294688,0.2165863347831367,0.7217125382262997,0.827217125382263,182,113,59,23,36,0.09021406727828746,0.25,0.6706525117367051,0.8936720059601416
gemma4-31b,qwen38-27b,boolq,cross-family,31,27,1962,1308,475,0.8310406267770266,0.9392279016869906,0.5148164528969482,0.42441144879004233,0.5243975484930814,0.3066430782839452,0.24394844277313912,0.3763982850369827,0.26040482370624485,0.7844036697247706,0.8914373088685015,282,142,87,69,18,0.06651376146788991,0.258160237388724,0.6730787814364748,0.8993509186678281
gemma4-31b,qwen38-27b,geometry_of_truth,cross-family,31,27,3018,2012,1000,0.9628982213438735,0.9983764822134387,0.9817084980237154,0.01666798418972326,0.7725909090909091,0.19030731225296438,0.800236541674887,0.8012755750714733,0.8316410133096065,0.8941351888667992,0.9826043737574552,213,35,19,14,5,0.009443339960238568,0.08296943231441048,0.8304935327697087,0.9963386023012263
gemma4-31b,qwen38-27b,rte,cross-family,31,27,166,111,62,0.6277156023699803,0.967083607636603,0.9601711652402896,0.00691244239631339,0.5585911784068467,0.06912442396313356,0.32325809318937554,0.0626292079495595,0.020845524743450916,0.5585585585585585,0.8558558558558559,49,16,11,10,1,0.0990990990990991,0.2037037037037037,0.4006578947368421,0.9535878867676102
gemma4-31b,qwen38-27b,truthfulqa,cross-family,31,27,980,654,327,0.7854838257161294,0.9541471443668228,0.7704832178361343,0.18366392653068853,0.7149416902804665,0.0705421354356629,0.3592716606462588,0.23892042212645148,0.20658057889575354,0.7217125382262997,0.8776758409785933,182,80,36,18,18,0.05504587155963303,0.1592920353982301,0.720927700348432,0.945334326690259
gptj-6b,llama-8b,boolq,cross-family,6,8,1962,1308,475,0.6656902761104442,0.8544310355721236,0.438625134264232,0.41580590130789163,0.4655335818537942,0.20015669425665,0.6171845984853781,0.6821360179351733,0.6458555114076743,0.6483180428134556,0.7859327217125383,460,280,192,179,13,0.14678899082568808,0.35036496350364965,0.5825979710950528,0.8487797374897456
gptj-6b,llama-8b,geometry_of_truth,cross-family,6,8,3018,2012,1000,0.9835780632411067,0.9984980237154151,0.9949150197628459,0.0035830039525691637,0.8568913043478261,0.12668675889328063,0.9373348511863168,0.8956615276871047,0.8892658138987017,0.9393638170974155,0.9850894632206759,122,30,18,14,4,0.008946322067594433,0.13432835820895522,0.86715438950555,0.9917989417989418
gptj-6b,llama-8b,imdb,cross-family,6,8,3000,2000,1018,0.9469618156282635,0.9719108991313186,0.9546853180430459,0.017225581088272657,0.6180042333716125,0.32895758225665106,0.686416094236445,0.7395239797182667,0.6998680860209744,0.8845,0.918,231,164,107,76,31,0.0535,0.3715277777777778,0.7874355704341356,0.9146190158061273
gptj-6b,llama-8b,rte,cross-family,6,8,166,111,62,0.6645819618169848,0.8127057274522712,0.650757077024358,0.16194865042791318,0.5398288347597103,0.12475312705727448,0.7411875684433481,0.44064184996863764,0.28275383161368695,0.46846846846846846,0.7117117117117117,59,32,28,28,0,0.25225225225225223,0.4444444444444444,0.403876582278481,0.8001955671447196
gptj-6b,llama-8b,truthfulqa,cross-family,6,8,980,654,327,0.8530333211757335,0.9356301845149585,0.8211242974310057,0.11450588708395282,0.7188695302490438,0.13416379092668973,0.6918115546782595,0.5737222094659714,0.4679086298063313,0.7737003058103975,0.8425076452599388,148,103,61,21,40,0.09327217125382263,0.32105263157894737,0.7460398569238631,0.9086636043157782
gptj-6b,llama31-405b,boolq,cross-family,6,405,1962,1308,475,0.6656902761104442,0.9538838693372085,0.7705060971757125,0.18337777216149598,0.4562355468503191,0.2094547292601251,0.5209460366867855,0.4490086175250173,0.6286009289727352,0.6483180428134556,0.8990825688073395,460,132,88,79,9,0.0672782874617737,0.1746031746031746,0.5442434549577407,0.9547964520098442
gptj-6b,llama31-405b,geometry_of_truth,cross-family,6,405,3018,2012,1000,0.9835780632411067,0.9992994071146246,0.9974525691699605,0.0018468379446641148,0.8343804347826087,0.14919762845849804,0.8545248116843875,0.8699087409444248,0.9007061214240295,0.9393638170974155,0.992544731610338,122,15,10,9,1,0.004970178926441352,0.07874015748031496,0.8334167918544484,0.9965565096712637
gptj-6b,llama31-405b,imdb,cross-family,6,405,3000,2000,1018,0.9469618156282635,0.9815920358196056,0.9791852560229515,0.002406779796654157,0.5957110103673591,0.35125080526090446,0.5854456913464166,0.5825601139347911,0.635024477753013,0.8845,0.9395,231,121,80,53,27,0.04,0.29411764705882354,0.7651291569720134,0.9441854546433406
gptj-6b,llama31-405b,rte,cross-family,6,405,166,111,62,0.6645819618169848,0.9381171823568137,0.8689927583936801,0.06912442396313367,0.576366030283081,0.08821593153390384,0.6207130352420396,0.35217713608201273,0.27172102898879236,0.46846846846846846,0.8288288288288288,59,19,16,15,1,0.14414414414414414,0.25806451612903225,0.3827231121281464,0.9367666232073011
gptj-6b,llama31-405b,truthfulqa,cross-family,6,405,980,654,327,0.8530333211757335,0.9737021762103826,0.926652264586782,0.047049911623600615,0.7316443621468451,0.12138895902888835,0.5423508168018797,0.49086423421862935,0.47083695676108894,0.7737003058103975,0.9143730886850153,148,56,27,12,15,0.04128440366972477,0.15254237288135594,0.7598841376015288,0.961328917850657
gptj-6b,llama31-70b,boolq,cross-family,6,70,1962,1308,475,0.6656902761104442,0.9376559044670498,0.6056637391798825,0.33199216528716735,0.4815366146458584,0.18415366146458578,0.5584294095485292,0.5863887133547929,0.6145012374385725,0.6483180428134556,0.8761467889908257,460,162,111,101,10,0.08486238532110092,0.2172211350293542,0.5379527287613384,0.9359259639048401
gptj-6b,llama31-70b,geometry_of_truth,cross-family,6,70,3018,2012,1000,0.9835780632411067,0.9990503952569171,0.9969199604743083,0.00213043478260877,0.8339298418972333,0.14964822134387346,0.9296656182289812,0.897178544952346,0.8934174985900581,0.9393638170974155,0.9895626242544732,122,21,13,11,2,0.0064612326043737576,0.1,0.8621176245485638,0.995034261427704
gptj-6b,llama31-70b,imdb,cross-family,6,70,3000,2000,1018,0.9469618156282635,0.9821732241246164,0.9732703395900271,0.008902884534589317,0.676650234676035,0.2703115809522285,0.6761084498485548,0.6851855040606674,0.6686964112033063,0.8845,0.939,231,122,74,47,27,0.037,0.26523297491039427,0.774725466575883,0.9445207138819348
gptj-6b,llama31-70b,rte,cross-family,6,70,166,111,62,0.6645819618169848,0.9420671494404212,0.8815009874917709,0.06056616194865039,0.5032916392363397,0.16129032258064513,0.7109068583504787,0.4183487108319085,0.2766669791171862,0.46846846846846846,0.8468468468468469,59,17,14,14,0,0.12612612612612611,0.22580645161290322,0.3617021276595745,0.940026075619296
gptj-6b,llama31-70b,truthfulqa,cross-family,6,70,980,654,327,0.8530333211757335,0.9623114403015085,0.8955101048359192,0.0668013354655893,0.7062349783501203,0.14679834282561322,0.6255899468342542,0.5558436400229754,0.46795267739353763,0.7737003058103975,0.8837920489296636,148,76,36,13,23,0.05504587155963303,0.19148936170212766,0.7605855035512656,0.9490305522914219
gptj-6b,llama31-70b-base,boolq,cross-family,6,70,1962,1308,475,0.6656902761104442,0.8779857206040311,0.5311556201427939,0.3468301004612372,0.4541858848802679,0.21150439123017628,0.5201260979751064,0.5214218860454086,0.5773774053372849,0.6483180428134556,0.7989296636085627,460,263,186,169,17,0.14220183486238533,0.3463687150837989,0.5710080593810832,0.8744231952420017
gptj-6b,llama31-70b-base,geometry_of_truth,cross-family,6,70,3018,2012,1000,0.9835780632411067,0.9983873517786561,0.9888596837944664,0.009527667984189692,0.816794466403162,0.16678359683794475,0.9350248912346382,0.8809661383338534,0.8849214564992716,0.9393638170974155,0.9840954274353877,122,32,18,12,6,0.008946322067594433,0.1323529411764706,0.8647569444444445,0.9913001994969208
gptj-6b,llama31-70b-base,imdb,cross-family,6,70,3000,2000,1018,0.9469618156282635,0.9586415998783605,0.6812307187528759,0.2774108811254846,0.4894135699966789,0.45754824563158464,0.682741026361464,0.6400327323735644,0.6412614099832201,0.8845,0.895,231,210,103,68,35,0.0515,0.3047337278106509,0.8385421654695397,0.883204980435054
gptj-6b,llama31-70b-base,rte,cross-family,6,70,166,111,62,0.6645819618169848,0.8225806451612903,0.6691902567478604,0.1533903884134299,0.5381830151415405,0.12639894667544427,0.7054450387062052,0.39367373094120794,0.2549580358479637,0.46846846846846846,0.6846846846846847,59,35,27,27,0,0.24324324324324326,0.40298507462686567,0.4402255639097744,0.8018252933507171
gptj-6b,llama31-70b-base,truthfulqa,cross-family,6,70,980,654,327,0.8530333211757335,0.9157010726743914,0.7925352336597182,0.12316583901467315,0.6909351064725191,0.1620982147032144,0.6040261909818943,0.537142958667462,0.4538033457270064,0.7737003058103975,0.8073394495412844,148,126,53,21,32,0.08103975535168195,0.2398190045248869,0.7940265752765753,0.8851351351351351
gptj-6b,llama31-8b-base,boolq,cross-family,6,8,1962,1308,475,0.6656902761104442,0.7668970746193213,0.5100524420294433,0.256844632589878,0.4893182536172364,0.17637202249320777,0.5664427521122088,0.6572286165178055,0.6201803546574852,0.6483180428134556,0.713302752293578,460,375,291,277,14,0.22247706422018348,0.5349264705882353,0.6012775991425509,0.7597415914684168
gptj-6b,llama31-8b-base,geometry_of_truth,cross-family,6,8,3018,2012,1000,0.9835780632411067,0.9974249011857708,0.9692173913043478,0.028207509881422954,0.8833596837944664,0.10021837944664036,0.9332330473766287,0.8997683900140669,0.8804387884010134,0.9393638170974155,0.9806163021868787,122,39,17,13,4,0.008449304174950299,0.11805555555555555,0.9039468725226454,0.9860178679850812
gptj-6b,llama31-8b-base,imdb,cross-family,6,8,3000,2000,1018,0.9469618156282635,0.9481712074712207,0.6508898883238169,0.29728131914740386,0.6141499845950089,0.3328118310332546,0.725069521325482,0.7480801592434367,0.7064291297039704,0.8845,0.891,231,218,102,60,42,0.051,0.29394812680115273,0.8443352999927923,0.8473885263031673
gptj-6b,llama31-8b-base,rte,cross-family,6,8,166,111,62,0.6645819618169848,0.7590520078999341,0.5516787360105333,0.2073732718894008,0.5154707044107966,0.14911125740618825,0.7075672386036028,0.4503468250254753,0.2771977061267591,0.46846846846846846,0.6486486486486487,59,39,33,32,1,0.2972972972972973,0.5076923076923077,0.431980056980057,0.7548891786179922
gptj-6b,llama31-8b-base,truthfulqa,cross-family,6,8,980,654,327,0.8530333211757335,0.8842222409262221,0.7270244741838043,0.1571977667424178,0.6986411544108707,0.15439216676486278,0.6239798357088548,0.608782056452698,0.4775672867475146,0.7737003058103975,0.7859327217125383,148,140,88,27,61,0.1345565749235474,0.44,0.7669955530850473,0.8264207883773101
gptj-6b,olmo3-7b,boolq,cross-family,6,7,1962,1308,475,0.6656902761104442,0.8341062740885827,0.48305553800467554,0.3510507360839072,0.503936311366652,0.16175396474379222,0.6268022905430088,0.4768174532332079,0.5963566254903665,0.6483180428134556,0.7576452599388379,460,317,256,241,15,0.19571865443425077,0.491362763915547,0.5615969593852559,0.8286941140278917
gptj-6b,olmo3-7b,geometry_of_truth,cross-family,6,7,3018,2012,1000,0.9835780632411067,0.9942687747035572,0.9862964426877471,0.007972332015810157,0.9095622529644268,0.07401581027667992,0.8856264565931825,0.8165770015521767,0.8813786192096401,0.9393638170974155,0.9602385685884692,122,80,37,29,8,0.018389662027833,0.22424242424242424,0.9116783126293996,0.9699453551912569
gptj-6b,olmo3-7b,imdb,cross-family,6,7,3000,2000,1018,0.9469618156282635,0.9686388389838309,0.8746083731128885,0.09403046587094233,0.6216054001496485,0.32535641547861505,0.71584545134881,0.5986870724898063,0.6465331169988747,0.8845,0.9135,231,173,101,71,30,0.0505,0.3333333333333333,0.8152440432687593,0.9016515800009299
gptj-6b,olmo3-7b,rte,cross-family,6,7,166,111,62,0.6645819618169848,0.8581303489137591,0.7603686635944701,0.09776168531928897,0.587557603686636,0.0770243581303488,0.7051464915844438,0.18151098003044674,0.27599871300388157,0.46846846846846846,0.7387387387387387,59,29,25,24,1,0.22522522522522523,0.3968253968253968,0.39655172413793105,0.8451760104302477
gptj-6b,olmo3-7b,truthfulqa,cross-family,6,7,980,654,327,0.8530333211757335,0.8972495768220035,0.7336363381309092,0.16361323869109423,0.7225542182195662,0.13047910295616727,0.6592553808011057,0.31239708673239786,0.4374390957619826,0.7737003058103975,0.7981651376146789,148,132,76,22,54,0.1162079510703364,0.37254901960784315,0.7626407755718101,0.8379713705800662
gptj-6b,qwen3-1.7b,boolq,cross-family,6,1.7,1962,1308,475,0.6656902761104442,0.8171352751626967,0.46438364819612055,0.35275162696657614,0.4901598534150502,0.17553042269539398,0.6819763269677471,0.6547685642853083,0.5950070346290777,0.6483180428134556,0.7477064220183486,460,330,246,233,13,0.18807339449541285,0.4522058823529412,0.5802348639771953,0.8093468006562757
gptj-6b,qwen3-1.7b,geometry_of_truth,cross-family,6,1.7,3018,2012,1000,0.9835780632411067,0.9934357707509882,0.9760731225296444,0.017362648221343813,0.8788754940711463,0.10470256916996046,0.8847832124609971,0.842494956641909,0.8647327115331747,0.9393638170974155,0.9587475149105368,122,83,39,26,13,0.019383697813121274,0.23493975903614459,0.9019718063545005,0.966931216931217
gptj-6b,qwen3-1.7b,imdb,cross-family,6,1.7,3000,2000,1018,0.9469618156282635,0.9536549842148856,0.742097439570421,0.21155754464446463,0.5221871886491223,0.42477462697914126,0.6950398911211739,0.677901266097388,0.6333934725088186,0.8845,0.8855,231,229,121,71,50,0.0605,0.35693215339233036,0.837158095369601,0.858704137392662
gptj-6b,qwen3-1.7b,rte,cross-family,6,1.7,166,111,62,0.6645819618169848,0.8772218564845293,0.6313364055299538,0.24588545095457548,0.5796576695194208,0.08492429229756404,0.6456114561553941,0.30901388314579936,0.2576194093403582,0.46846846846846846,0.6936936936936937,59,34,27,27,0,0.24324324324324326,0.4090909090909091,0.4182582123758595,0.8477835723598436
gptj-6b,qwen3-1.7b,truthfulqa,cross-family,6,1.7,980,654,327,0.8530333211757335,0.8749731130002151,0.717560250259518,0.1574128627406971,0.6904768584761851,0.16255646269954838,0.6219147177625458,0.4202135029745332,0.3904929845299414,0.7737003058103975,0.8012232415902141,148,130,74,22,52,0.11314984709480122,0.3627450980392157,0.7513505578391074,0.8063107573977139
gptj-6b,qwen3-32b,boolq,cross-family,6,32,1962,1308,475,0.6656902761104442,0.9175105831806406,0.6165514626903393,0.30095912049030127,0.49109749162823024,0.17459278448221394,0.447764712679519,0.5597207142298195,0.6102421291553072,0.6483180428134556,0.8707951070336392,460,169,118,109,9,0.09021406727828746,0.2309197651663405,0.5443215526959702,0.9149738515176374
gptj-6b,qwen3-32b,geometry_of_truth,cross-family,6,32,3018,2012,1000,0.9835780632411067,0.9991205533596839,0.9957144268774704,0.0034061264822135007,0.9076353754940713,0.0759426877470355,0.8253047098508195,0.7913849885271927,0.8815267585890691,0.9393638170974155,0.9870775347912525,122,26,15,11,4,0.007455268389662028,0.11278195488721804,0.8658494073901929,0.9953378436984994
gptj-6b,qwen3-32b,imdb,cross-family,6,32,3000,2000,1018,0.9469618156282635,0.9749198740391887,0.9513432352082075,0.023576638830981156,0.591013488370232,0.3559483272580315,0.42823402114694087,0.6686119618518621,0.6544037672310413,0.8845,0.928,231,144,83,54,29,0.0415,0.2842465753424658,0.7909258261494253,0.9233430974527639
gptj-6b,qwen3-32b,rte,cross-family,6,32,166,111,62,0.6645819618169848,0.9634628044766294,0.8943383805134958,0.06912442396313356,0.510533245556287,0.15404871626069783,0.54172071585375,0.3302269707274764,0.27624485577472335,0.46846846846846846,0.8918918918918919,59,12,10,10,0,0.09009009009009009,0.16393442622950818,0.3409090909090909,0.9612125162972621
gptj-6b,qwen3-32b,truthfulqa,cross-family,6,32,980,654,327,0.8530333211757335,0.9692412722460698,0.8691094090471247,0.10013186319894507,0.7235174742118602,0.1295158469638733,0.3478069317073667,0.39589788047440766,0.4422686010825767,0.7737003058103975,0.900611620795107,148,65,30,14,16,0.045871559633027525,0.16393442622950818,0.755099908580384,0.9577769469073817
gptj-6b,qwen3-8b,boolq,cross-family,6,8,1962,1308,475,0.6656902761104442,0.8986440892146333,0.47180893409995583,0.4268351551146775,0.4957730460605295,0.16991723004991466,0.6223152280722679,0.5143247740453096,0.602115427093386,0.6483180428134556,0.827217125382263,460,226,164,151,13,0.12538226299694188,0.31417624521072796,0.5537884612238888,0.8970211238720261
gptj-6b,qwen3-8b,geometry_of_truth,cross-family,6,8,3018,2012,1000,0.9835780632411067,0.9976422924901186,0.9905978260869565,0.007044466403162142,0.8108023715415018,0.17277569169960494,0.9020997377482026,0.7999998203471667,0.883599524430559,0.9393638170974155,0.9796222664015904,122,41,23,18,5,0.01143141153081511,0.16428571428571428,0.8621598544752571,0.9884551999306097
gptj-6b,qwen3-8b,imdb,cross-family,6,8,3000,2000,1018,0.9469618156282635,0.9709705944726091,0.9624328282363487,0.008537766236260458,0.6183833562074112,0.3285784594208523,0.6583762778831104,0.6583359782150031,0.6657271538199068,0.8845,0.9185,231,163,87,57,30,0.0435,0.28338762214983715,0.8185291436090452,0.914481975533417
gptj-6b,qwen3-8b,rte,cross-family,6,8,166,111,62,0.6645819618169848,0.9338380513495721,0.8749177090190915,0.0589203423304806,0.5592495062541145,0.1053324555628703,0.6149884130362765,0.22514437037212476,0.2884066607124679,0.46846846846846846,0.8198198198198198,59,20,15,14,1,0.13513513513513514,0.234375,0.37142857142857144,0.9335071707953064
gptj-6b,qwen3-8b,truthfulqa,cross-family,6,8,980,654,327,0.8530333211757335,0.9380804084953567,0.8470667452234659,0.09101366327189075,0.7370124101039006,0.11602091107183288,0.5282048962779832,0.31975520514203637,0.4379074160543852,0.7737003058103975,0.8547400611620795,148,95,54,20,34,0.08256880733944955,0.2857142857142857,0.7385180303172959,0.9056591176156394
gptj-6b,qwen3-8b-base,boolq,cross-family,6,8,1962,1308,475,0.6656902761104442,0.8936298730018324,0.6559853415050231,0.2376445314968093,0.5240917419599419,0.14159853415050228,0.21742167645759386,0.4691780807021547,0.5970549715319964,0.6483180428134556,0.8226299694189603,460,232,175,164,11,0.13379204892966362,0.33849129593810445,0.5366699782079221,0.8909787735849057
gptj-6b,qwen3-8b-base,geometry_of_truth,cross-family,6,8,3018,2012,1000,0.9835780632411067,0.9982579051383399,0.9932262845849803,0.005031620553359595,0.8952509881422925,0.08832707509881421,0.8652273991012998,0.8186509021578928,0.885282694056114,0.9393638170974155,0.9781312127236581,122,44,26,19,7,0.012922465208747515,0.18571428571428572,0.8610610679970436,0.9899080579408448
gptj-6b,qwen3-8b-base,imdb,cross-family,6,8,3000,2000,1018,0.9469618156282635,0.9755150668816697,0.9414890424497537,0.034026024431915936,0.5309230190581748,0.4160387965700887,0.6288394492725333,0.6838059097492245,0.6873680593856386,0.8845,0.929,231,142,87,62,25,0.0435,0.3041958041958042,0.7875498415682469,0.9217842643506861
gptj-6b,qwen3-8b-base,rte,cross-family,6,8,166,111,62,0.6645819618169848,0.9157340355497038,0.8604344963791969,0.055299539170506895,0.5493745885450955,0.11520737327188935,0.5313179287874451,0.23594437716270034,0.2839967349500032,0.46846846846846846,0.8018018018018018,59,22,17,15,2,0.15315315315315314,0.265625,0.38355464759959135,0.9139504563233376
gptj-6b,qwen3-8b-base,truthfulqa,cross-family,6,8,980,654,327,0.8530333211757335,0.9195073366439414,0.8116226655070187,0.10788467113692268,0.7350952501192379,0.11793807105649556,0.4863381784487495,0.35896189034545467,0.4549709544141334,0.7737003058103975,0.827217125382263,148,113,62,19,43,0.09480122324159021,0.31155778894472363,0.7584119869792093,0.8753204785813481
gptj-6b,qwen38-27b,boolq,cross-family,6,27,1962,1308,475,0.6656902761104442,0.9392279016869906,0.7410728501927086,0.19815505149428192,0.48460478928413464,0.18108548682630954,0.605564263971113,0.6079644203544232,0.6268293433328151,0.6483180428134556,0.8914373088685015,460,142,97,91,6,0.07415902140672782,0.19207920792079208,0.5295218998381369,0.9370001025430681
gptj-6b,qwen38-27b,geometry_of_truth,cross-family,6,27,3018,2012,1000,0.9835780632411067,0.9983764822134387,0.9947420948616602,0.0036343873517784564,0.9113745059288537,0.07220355731225303,0.8930536172566326,0.8623553901482642,0.8898212336062968,0.9393638170974155,0.9826043737574552,122,35,23,18,5,0.01143141153081511,0.17164179104477612,0.8519546209986271,0.9908318154219793
gptj-6b,qwen38-27b,rte,cross-family,6,27,166,111,62,0.6645819618169848,0.967083607636603,0.8933508887425938,0.07373271889400912,0.5352205398288348,0.12936142198815004,0.7043694560521909,0.3931518971025626,0.2845117899257009,0.46846846846846846,0.8558558558558559,59,16,12,12,0,0.10810810810810811,0.19047619047619047,0.3269736842105263,0.9638200782268579
gptj-6b,qwen38-27b,truthfulqa,cross-family,6,27,980,654,327,0.8530333211757335,0.9541471443668228,0.8179539694563682,0.13619317491045457,0.7374893621000851,0.1155439590756484,0.6455048038753987,0.4779859266760885,0.4614899831814582,0.7737003058103975,0.8776758409785933,148,80,37,13,24,0.05657492354740061,0.193717277486911,0.7571864111498258,0.9374532635402201
llama-8b,llama31-405b,boolq,same-family,8,405,1962,1308,475,0.8544310355721236,0.9538838693372085,0.9075225879825614,0.04636128135464712,0.7155367410121943,0.1388942945599293,0.7127298654370169,0.49922780436274283,0.7013010215926593,0.7859327217125383,0.8990825688073395,280,132,97,72,25,0.07415902140672782,0.30793650793650795,0.6515280354566069,0.9317884936075598
llama-8b,llama31-405b,geometry_of_truth,same-family,8,405,3018,2012,1000,0.9984980237154151,0.9992994071146246,0.9984752964426877,0.000824110671936884,0.9965978260869566,0.0019001976284584998,0.9309478632124304,0.8940330474506848,0.9254505707663266,0.9850894632206759,0.992544731610338,30,15,13,10,3,0.0064612326043737576,0.40625,0.9313303288265732,0.9834174234779685
llama-8b,llama31-405b,imdb,same-family,8,405,3000,2000,1018,0.9719108991313186,0.9815920358196056,0.9809328222344039,0.0006592135852017122,0.9630970434420754,0.0088138556892432,0.822440373762122,0.675078354015243,0.769243699753528,0.918,0.9395,164,121,100,65,35,0.05,0.5405405405405406,0.8234774079759323,0.9117547425474255
llama-8b,llama31-405b,rte,same-family,8,405,166,111,62,0.8127057274522712,0.9381171823568137,0.9058591178406846,0.032258064516129115,0.7876892692560895,0.0250164581961817,0.8149296523864361,0.3699900593327289,0.44668522145768885,0.7117117117117117,0.8288288288288288,32,19,14,14,0,0.12612612612612611,0.3783783783783784,0.6212814645308924,0.913370253164557
llama-8b,llama31-405b,truthfulqa,same-family,8,405,980,654,327,0.9356301845149585,0.9737021762103826,0.9489380804084954,0.02476409580188721,0.8459632092322944,0.0896669752826641,0.7586044637774431,0.5400458326589767,0.6202217943277567,0.8425076452599388,0.9143730886850153,103,56,32,13,19,0.04892966360856269,0.25196850393700787,0.8207118967988533,0.9431395697143763
llama-8b,llama31-70b,boolq,same-family,8,70,1962,1308,475,0.8544310355721236,0.9376559044670498,0.8900865609401655,0.047569343526884356,0.7793416313893978,0.0750894041827258,0.9034552075716398,0.6435886352885952,0.7068740608284277,0.7859327217125383,0.8761467889908257,280,162,114,85,29,0.0871559633027523,0.3475609756097561,0.6733512162540667,0.8992426347971095
llama-8b,llama31-70b,geometry_of_truth,same-family,8,70,3018,2012,1000,0.9984980237154151,0.9990503952569171,0.9979752964426877,0.0010750988142294027,0.9970049407114625,0.0014930830039525667,0.9857074568061939,0.9200796953553501,0.9221431342738736,0.9850894632206759,0.9895626242544732,30,21,17,13,4,0.008449304174950299,0.5,0.9486498768266723,0.9762361251261352
llama-8b,llama31-70b,imdb,same-family,8,70,3000,2000,1018,0.9719108991313186,0.9821732241246164,0.9814289829904889,0.0007442411341275212,0.9610563822678547,0.010854516863463837,0.9391104681662006,0.7805936497072042,0.805131964223432,0.918,0.939,164,122,93,57,36,0.0465,0.48186528497409326,0.8262801375722343,0.9109078590785907
llama-8b,llama31-70b,rte,same-family,8,70,166,111,62,0.8127057274522712,0.9420671494404212,0.9226464779460171,0.019420671494404185,0.7774851876234364,0.035220539828834774,0.9541072215908342,0.4541451409004932,0.4716086088066026,0.7117117117117117,0.8468468468468469,32,17,15,14,1,0.13513513513513514,0.4411764705882353,0.5563204005006258,0.9066455696202531
llama-8b,llama31-70b,truthfulqa,same-family,8,70,980,654,327,0.9356301845149585,0.9623114403015085,0.913652984690776,0.048658455610732454,0.8449344892405241,0.09069569527443444,0.9061320947535085,0.6199997252706773,0.6353772986987869,0.8425076452599388,0.8837920489296636,103,76,48,23,25,0.07339449541284404,0.366412213740458,0.8400792205427062,0.9205504554825296
llama-8b,llama31-70b-base,boolq,same-family,8,70,1962,1308,475,0.8544310355721236,0.8779857206040311,0.7183193277310924,0.1596663928729387,0.7830921842421179,0.07133885133000573,0.7830400399432125,0.5749167601014884,0.6593691555166631,0.7859327217125383,0.7989296636085627,280,263,137,110,27,0.10474006116207951,0.3374384236453202,0.779260283442793,0.816446637020567
llama-8b,llama31-70b-base,geometry_of_truth,same-family,8,70,3018,2012,1000,0.9984980237154151,0.9983873517786561,0.9964891304347826,0.0018982213438735185,0.9969140316205534,0.0015839920948617081,0.9855380586024335,0.9024170390343462,0.9131029901937103,0.9850894632206759,0.9840954274353877,30,32,17,13,4,0.008449304174950299,0.37777777777777777,0.9703282828282829,0.963757147662294
llama-8b,llama31-70b-base,imdb,same-family,8,70,3000,2000,1018,0.9719108991313186,0.9586415998783605,0.7637464538510477,0.19489514602731284,0.9565409192578395,0.0153699798734791,0.9006618182919814,0.7251986983367782,0.7648246681966915,0.918,0.895,164,210,96,71,25,0.048,0.34532374100719426,0.9094839052939612,0.8380360274190977
llama-8b,llama31-70b-base,rte,same-family,8,70,166,111,62,0.8127057274522712,0.8225806451612903,0.782422646477946,0.04015799868334424,0.7982225148123766,0.014483212639894605,0.9291244415484786,0.4232972943792227,0.4435502551253312,0.7117117117117117,0.6846846846846847,32,35,23,22,1,0.2072072072072072,0.5227272727272727,0.7357142857142857,0.694620253164557
llama-8b,llama31-70b-base,truthfulqa,same-family,8,70,980,654,327,0.9356301845149585,0.9157010726743914,0.8006434175948527,0.11505765507953869,0.8232565534139475,0.11237363110101095,0.8838464584841417,0.5849357834952851,0.6012239520563663,0.8425076452599388,0.8073394495412844,103,126,58,26,32,0.08868501529051988,0.3391812865497076,0.893262987012987,0.8387926629429281
llama-8b,llama31-8b-base,boolq,same-family,8,8,1962,1308,475,0.8544310355721236,0.7668970746193213,0.691125292222152,0.07577178239716931,0.8209869210842231,0.03344411448790052,0.917450529853407,0.8287711174805563,0.8278699165129297,0.7859327217125383,0.713302752293578,280,375,194,162,32,0.14831804281345565,0.420824295010846,0.8201500535905681,0.6526681489716509
llama-8b,llama31-8b-base,geometry_of_truth,same-family,8,8,3018,2012,1000,0.9984980237154151,0.9974249011857708,0.9884051383399209,0.009019762845849821,0.9969367588932806,0.0015612648221344783,0.9872534661159019,0.9508891870086782,0.9430103079446673,0.9850894632206759,0.9806163021868787,30,39,20,14,6,0.009940357852882704,0.40816326530612246,0.9722016452883153,0.9330137907837202
llama-8b,llama31-8b-base,imdb,same-family,8,8,3000,2000,1018,0.9719108991313186,0.9481712074712207,0.7886415198524322,0.1595296876187885,0.9618946538678531,0.01001624526346545,0.9468393743032848,0.8996925904602705,0.8968630695777835,0.918,0.891,164,218,101,67,34,0.0505,0.3594306049822064,0.9091372439996294,0.7888271162123387
llama-8b,llama31-8b-base,rte,same-family,8,8,166,111,62,0.8127057274522712,0.7590520078999341,0.7491770901909152,0.009874917709018938,0.7886767610269915,0.02402896642527974,0.9480305213145489,0.5270460084895623,0.5111558844532813,0.7117117117117117,0.6486486486486487,32,39,29,27,2,0.26126126126126126,0.6904761904761905,0.74002849002849,0.5652689873417721
llama-8b,llama31-8b-base,truthfulqa,same-family,8,8,980,654,327,0.9356301845149585,0.8842222409262221,0.8172151614622788,0.06700707946394335,0.8703625770370993,0.0652676074778592,0.9336261514725642,0.7426564685359193,0.7180089570698789,0.8425076452599388,0.7859327217125383,103,140,76,30,46,0.1162079510703364,0.4550898203592814,0.8988604780433574,0.7545328000281925
llama-8b,olmo3-7b,boolq,cross-family,8,7,1962,1308,475,0.8544310355721236,0.8341062740885827,0.5495419220319707,0.284564352056612,0.7458014784861313,0.10862955708599231,0.8893621595327755,0.49236333003679456,0.6471998135302348,0.7859327217125383,0.7576452599388379,280,317,156,134,22,0.11926605504587157,0.35374149659863946,0.8017233970084068,0.7556072818232351
llama-8b,olmo3-7b,geometry_of_truth,cross-family,8,7,3018,2012,1000,0.9984980237154151,0.9942687747035572,0.9896541501976285,0.004614624505928755,0.9957124505928854,0.0027855731225296942,0.962322372808371,0.825192919413034,0.8961081289815551,0.9850894632206759,0.9602385685884692,30,80,20,16,4,0.009940357852882704,0.2222222222222222,0.9881081780538302,0.9237806929027919
llama-8b,olmo3-7b,imdb,cross-family,8,7,3000,2000,1018,0.9719108991313186,0.9686388389838309,0.9545482736406595,0.014090565343171324,0.9534159067537882,0.018494992377530384,0.8663807301474726,0.6352907794930093,0.7201762240966998,0.918,0.9135,164,173,114,80,34,0.057,0.5112107623318386,0.8714434415052315,0.8538245921674904
llama-8b,olmo3-7b,rte,cross-family,8,7,166,111,62,0.8127057274522712,0.8581303489137591,0.8462804476629361,0.01184990125082297,0.7850559578670178,0.027649769585253448,0.8179044328644002,0.13994274944921425,0.4027890912543567,0.7117117117117117,0.7387387387387387,32,29,20,19,1,0.18018018018018017,0.4878048780487805,0.6610597140454163,0.7598892405063291
llama-8b,olmo3-7b,truthfulqa,cross-family,8,7,980,654,327,0.9356301845149585,0.8972495768220035,0.803299385573605,0.09395019124839843,0.8376212252990303,0.09800895921592823,0.79904188366258,0.3026374089336189,0.5418240153729301,0.8425076452599388,0.7981651376146789,103,132,58,21,37,0.08868501529051988,0.327683615819209,0.8957244862417276,0.8086092365161313
llama-8b,qwen3-1.7b,boolq,cross-family,8,1.7,1962,1308,475,0.8544310355721236,0.8171352751626967,0.6092727617362735,0.20786251342642315,0.7483692424338155,0.1060617931383081,0.7849564337638992,0.6378054041723074,0.6238904118366626,0.7859327217125383,0.7477064220183486,280,330,167,141,26,0.12767584097859327,0.37697516930022573,0.8023548367106649,0.7203376876042246
llama-8b,qwen3-1.7b,geometry_of_truth,cross-family,8,1.7,3018,2012,1000,0.9984980237154151,0.9934357707509882,0.9887588932806325,0.0046768774703557225,0.9952055335968379,0.0032924901185771294,0.9142612888668595,0.8578164023861197,0.8819673903494525,0.9850894632206759,0.9587475149105368,30,83,21,15,6,0.010437375745526839,0.22826086956521738,0.9875333370808272,0.9219475277497478
llama-8b,qwen3-1.7b,imdb,cross-family,8,1.7,3000,2000,1018,0.9719108991313186,0.9536549842148856,0.8320125720733518,0.12164241214153382,0.9526686646473457,0.019242234483972886,0.701775520989809,0.675620115689846,0.675353527671361,0.918,0.8855,164,229,118,75,43,0.059,0.4290909090909091,0.9125059485796146,0.8052300866145917
llama-8b,qwen3-1.7b,rte,cross-family,8,1.7,166,111,62,0.8127057274522712,0.8772218564845293,0.8423304805793285,0.03489137590520086,0.7735352205398288,0.03917050691244239,0.7830728666169834,0.27919617645672157,0.3912159143688718,0.7117117117117117,0.6936936936936937,32,34,19,18,1,0.17117117117117117,0.40425531914893614,0.7173414820473645,0.7337816455696202
llama-8b,qwen3-1.7b,truthfulqa,cross-family,8,1.7,980,654,327,0.9356301845149585,0.8749731130002151,0.7351700661186394,0.13980304688157563,0.8313834413489325,0.104246743166026,0.6927264186628148,0.413783235079195,0.4966993587365922,0.8425076452599388,0.8012232415902141,103,130,52,23,29,0.07951070336391437,0.287292817679558,0.8947005284791545,0.7699857276267335
llama-8b,qwen3-32b,boolq,cross-family,8,32,1962,1308,475,0.8544310355721236,0.9175105831806406,0.8737246477538383,0.043785935426802314,0.7576040942692868,0.09682694130283687,0.6289103411613485,0.6045603487458254,0.6911977481008599,0.7859327217125383,0.8707951070336392,280,169,120,94,26,0.09174311926605505,0.364741641337386,0.6735223984497976,0.8656163146192328
llama-8b,qwen3-32b,geometry_of_truth,cross-family,8,32,3018,2012,1000,0.9984980237154151,0.9991205533596839,0.9979229249011858,0.0011976284584980235,0.9968033596837945,0.001694664031620552,0.877627594697779,0.8084430735905392,0.9060078109818221,0.9850894632206759,0.9870775347912525,30,26,18,13,5,0.008946322067594433,0.47368421052631576,0.9578782244945387,0.9791624621594349
llama-8b,qwen3-32b,imdb,cross-family,8,32,3000,2000,1018,0.9719108991313186,0.9749198740391887,0.9704344207523237,0.004485453286865004,0.9613964924635582,0.010514406667760379,0.5685079552288517,0.7392309234365344,0.7659955050590278,0.918,0.928,164,144,110,70,40,0.055,0.5555555555555556,0.8484681812739464,0.8769229236410011
llama-8b,qwen3-32b,rte,cross-family,8,32,166,111,62,0.8127057274522712,0.9634628044766294,0.9598420013166555,0.0036208031599738177,0.7695852534562212,0.04312047399605001,0.671638657015645,0.3393405194019401,0.4450098308532391,0.7117117117117117,0.8918918918918919,32,12,10,9,1,0.09009009009009009,0.29411764705882354,0.5395622895622896,0.9375
llama-8b,qwen3-32b,truthfulqa,cross-family,8,32,980,654,327,0.9356301845149585,0.9692412722460698,0.8802476409580189,0.08899363128805093,0.8347408093220734,0.1008893751928851,0.5035132062424185,0.42632597768630165,0.5794682684858372,0.8425076452599388,0.900611620795107,103,65,30,18,12,0.045871559633027525,0.21739130434782608,0.8529711375212224,0.9343470829735874
llama-8b,qwen3-8b,boolq,cross-family,8,8,1962,1308,475,0.8544310355721236,0.8986440892146333,0.8282454034245277,0.07039868579010566,0.776533771403298,0.07789726416882559,0.5998773030977419,0.5430269163503942,0.6640250806403813,0.7859327217125383,0.827217125382263,280,226,140,113,27,0.10703363914373089,0.3825136612021858,0.7345868843341568,0.8391189549749862
llama-8b,qwen3-8b,geometry_of_truth,cross-family,8,8,3018,2012,1000,0.9984980237154151,0.9976422924901186,0.9954486166007905,0.0021936758893280617,0.9966916996047431,0.0018063241106719419,0.8891888899842526,0.8278566265564234,0.9073184802794156,0.9850894632206759,0.9796222664015904,30,41,25,18,7,0.01242544731610338,0.5434782608695652,0.9730482236329213,0.9535149680457451
llama-8b,qwen3-8b,imdb,cross-family,8,8,3000,2000,1018,0.9719108991313186,0.9709705944726091,0.9645014984855094,0.006469095987099771,0.9530497881313547,0.018861110999963904,0.6099297822415837,0.7030563045538131,0.7524854067552869,0.918,0.9185,164,163,110,71,39,0.055,0.5069124423963134,0.8628198149156233,0.8582483128752856
llama-8b,qwen3-8b,rte,cross-family,8,8,166,111,62,0.8127057274522712,0.9338380513495721,0.93449637919684,-0.0006583278472679366,0.7860434496379197,0.026662277814351487,0.69455400837532,0.2032432586797298,0.42318176091202897,0.7117117117117117,0.8198198198198198,32,20,14,13,1,0.12612612612612611,0.3684210526315789,0.6423076923076924,0.899129746835443
llama-8b,qwen3-8b,truthfulqa,cross-family,8,8,980,654,327,0.9356301845149585,0.9380804084953567,0.8542116731663066,0.08386873532905004,0.8451589372387286,0.0904712472762299,0.48952809697652855,0.3434506577105133,0.5644396112538319,0.8425076452599388,0.8547400611620795,103,95,51,24,27,0.0779816513761468,0.3469387755102041,0.8587515299877602,0.8756541504413863
llama-8b,qwen3-8b-base,boolq,cross-family,8,8,1962,1308,475,0.8544310355721236,0.8936298730018324,0.6970847286282934,0.19654514437353898,0.7597927592089467,0.0946382763631769,0.142693798161848,0.5038119805613444,0.6617835017060261,0.7859327217125383,0.8226299694189603,280,232,143,115,28,0.10932721712538226,0.3875338753387534,0.7426211383156005,0.8299089772095609
llama-8b,qwen3-8b-base,geometry_of_truth,cross-family,8,8,3018,2012,1000,0.9984980237154151,0.9982579051383399,0.9970859683794467,0.001171936758893155,0.9959713438735178,0.0025266798418972503,0.8072470723604471,0.8450255871016202,0.9091265475723749,0.9850894632206759,0.9781312127236581,30,44,24,18,6,0.011928429423459244,0.48,0.976140983000739,0.9587285570131181
llama-8b,qwen3-8b-base,imdb,cross-family,8,8,3000,2000,1018,0.9719108991313186,0.9755150668816697,0.9690779812659303,0.006437085615739413,0.9505899911571349,0.021320907974183623,0.5538089334653785,0.7263638685276282,0.7697590315637114,0.918,0.929,164,142,111,78,33,0.0555,0.5692307692307692,0.8388127473127245,0.8757704979010574
llama-8b,qwen3-8b-base,rte,cross-family,8,8,166,111,62,0.8127057274522712,0.9157340355497038,0.9364713627386438,-0.020737327188940058,0.7840684660961158,0.028637261356155408,0.5036822230595287,0.21519014199964526,0.4196205007578855,0.7117117117117117,0.8018018018018018,32,22,17,16,1,0.15315315315315314,0.4594594594594595,0.6384065372829417,0.8742088607594938
llama-8b,qwen3-8b-base,truthfulqa,cross-family,8,8,980,654,327,0.9356301845149585,0.9195073366439414,0.8210681854314544,0.09843915121248692,0.8479364812165081,0.08769370329845039,0.4115134461180844,0.3677449187035411,0.5668391429842541,0.8425076452599388,0.827217125382263,103,113,50,18,32,0.0764525993883792,0.30120481927710846,0.8796885479201085,0.8441492079713847
llama-8b,qwen38-27b,boolq,cross-family,8,27,1962,1308,475,0.8544310355721236,0.9392279016869906,0.7769330890250837,0.16229481266190682,0.7947835976495862,0.05964743792253746,0.9344339063938495,0.6456573470000779,0.6994654379120977,0.7859327217125383,0.8914373088685015,280,142,95,77,18,0.07262996941896024,0.290519877675841,0.6736887879593167,0.9038354641467482
llama-8b,qwen38-27b,geometry_of_truth,cross-family,8,27,3018,2012,1000,0.9984980237154151,0.9983764822134387,0.9965474308300395,0.0018290513833991717,0.9961274703557312,0.0023705533596838357,0.9559949081208062,0.8834592182723996,0.9130994362777902,0.9850894632206759,0.9826043737574552,30,35,20,16,4,0.009940357852882704,0.4444444444444444,0.9720210997904473,0.97238479650185
llama-8b,qwen38-27b,rte,cross-family,8,27,166,111,62,0.8127057274522712,0.967083607636603,0.9552337063857801,0.011849901250822859,0.7649769585253456,0.04772876892692557,0.9438163248660407,0.4035692649639868,0.4523862584243187,0.7117117117117117,0.8558558558558559,32,16,12,11,1,0.10810810810810811,0.3333333333333333,0.5914473684210526,0.9477848101265822
llama-8b,qwen38-27b,truthfulqa,cross-family,8,27,980,654,327,0.9356301845149585,0.9541471443668228,0.874047265007622,0.08009987935920082,0.8310187133518502,0.10461147116310832,0.886139494424209,0.5064214172453088,0.5938352481064584,0.8425076452599388,0.8776758409785933,103,80,31,17,14,0.047400611620795105,0.20394736842105263,0.8761977351916377,0.9122337145172943
llama31-405b,llama31-70b,boolq,same-family,405,70,1962,1308,475,0.9538838693372085,0.9376559044670498,0.8904024767801857,0.047253427686864136,0.9177051873380933,0.036178681999115225,0.7779572733394632,0.6943412322677744,0.5612503612767925,0.8990825688073395,0.8761467889908257,132,162,104,70,34,0.07951070336391437,0.5473684210526316,0.8698748195548661,0.7769209956709957
llama31-405b,llama31-70b,geometry_of_truth,same-family,405,70,3018,2012,1000,0.9992994071146246,0.9990503952569171,0.9982855731225297,0.0007648221343873329,0.9985622529644269,0.0007371541501977052,0.9525349973880336,0.9373236702488533,0.913099034697785,0.992544731610338,0.9895626242544732,15,21,14,11,3,0.006958250497017893,0.6363636363636364,0.9734280452512496,0.9470539142046405
llama31-405b,llama31-70b,imdb,same-family,405,70,3000,2000,1018,0.9815920358196056,0.9821732241246164,0.9808998115389387,0.0012734125856777023,0.9808387917685332,0.0007532440510724658,0.8776173056563865,0.8064723597608222,0.7355952891349951,0.9395,0.939,121,122,101,60,41,0.0505,0.7112676056338029,0.8766432724034987,0.8754040966049287
llama31-405b,llama31-70b,rte,same-family,405,70,166,111,62,0.9381171823568137,0.9420671494404212,0.9259381171823567,0.016129032258064502,0.9111257406188282,0.02699144173798551,0.8806092908583856,0.46267602598313995,0.40838937123427677,0.8288288288288288,0.8468468468468469,19,17,14,14,0,0.12612612612612611,0.6363636363636364,0.8310387984981226,0.8415331807780321
llama31-405b,llama31-70b,truthfulqa,same-family,405,70,980,654,327,0.9737021762103826,0.9623114403015085,0.9078173367374613,0.05449410356404716,0.9499480964004152,0.023754079809967354,0.8806067968486986,0.6583394192387604,0.5967565213132104,0.9143730886850153,0.8837920489296636,56,76,36,18,18,0.05504587155963303,0.375,0.9235339646694591,0.8692367415193502
llama31-405b,llama31-70b-base,boolq,same-family,405,70,1962,1308,475,0.9538838693372085,0.8779857206040311,0.7315903203386617,0.14639540026536946,0.9243823845327604,0.02950148480444803,0.7992294146813747,0.6775732141402043,0.5575561765425217,0.8990825688073395,0.7989296636085627,132,263,88,63,25,0.0672782874617737,0.28664495114006516,0.9260319828260591,0.7125914759843331
llama31-405b,llama31-70b-base,geometry_of_truth,same-family,405,70,3018,2012,1000,0.9992994071146246,0.9983873517786561,0.9955326086956522,0.00285474308300393,0.9984367588932805,0.0008626482213440756,0.9055773476333963,0.923374762966215,0.9063068190065016,0.992544731610338,0.9840954274353877,15,32,12,9,3,0.005964214711729622,0.34285714285714286,0.983917297979798,0.9391086629944917
llama31-405b,llama31-70b-base,imdb,same-family,405,70,3000,2000,1018,0.9815920358196056,0.9586415998783605,0.7899579463746254,0.16868365350373515,0.9801615723494412,0.0014304634701644003,0.8495057945767669,0.7764509657089607,0.7170780153175735,0.9395,0.895,121,210,81,56,25,0.0405,0.324,0.9385075818036712,0.7956051882705325
llama31-405b,llama31-70b-base,rte,same-family,405,70,166,111,62,0.9381171823568137,0.8225806451612903,0.7850559578670178,0.037524687294272496,0.8907175773535221,0.047399605003291656,0.8719080764587672,0.45341842223028095,0.4030812836014832,0.8288288288288288,0.6846846846846847,19,35,13,13,0,0.11711711711711711,0.3170731707317073,0.9154135338345865,0.6064073226544623
llama31-405b,llama31-70b-base,truthfulqa,same-family,405,70,980,654,327,0.9737021762103826,0.9157010726743914,0.8122118415023052,0.1034892311720862,0.940689616474483,0.03301255973589956,0.8173222549727935,0.6360214292130109,0.5703798497532304,0.9143730886850153,0.8073394495412844,56,126,38,20,18,0.0581039755351682,0.2638888888888889,0.9578072390572391,0.7627806975633064
llama31-405b,llama31-8b-base,boolq,same-family,405,8,1962,1308,475,0.9538838693372085,0.7668970746193213,0.6014607948442535,0.1654362797750678,0.92375055285272,0.03013331648448847,0.6906857349528814,0.6822579423928201,0.4885379455467441,0.8990825688073395,0.713302752293578,132,375,89,70,19,0.06804281345565749,0.21291866028708134,0.9447402643801357,0.6005720470006185
llama31-405b,llama31-8b-base,geometry_of_truth,same-family,405,8,3018,2012,1000,0.9992994071146246,0.9974249011857708,0.9833339920948617,0.014090909090909043,0.9978349802371542,0.0014644268774703928,0.8925788782694237,0.9284967824026249,0.8882501332728329,0.992544731610338,0.9806163021868787,15,39,14,11,3,0.006958250497017893,0.35,0.9872769568664146,0.8868636287764982
llama31-405b,llama31-8b-base,imdb,same-family,405,8,3000,2000,1018,0.9815920358196056,0.9481712074712207,0.6470576466775234,0.30111356079369733,0.9772386253146019,0.0043534105050037075,0.8161559034988416,0.7785839548192394,0.6812162447064958,0.9395,0.891,121,218,76,47,29,0.038,0.2889733840304182,0.940678446030128,0.765155546954376
llama31-405b,llama31-8b-base,rte,same-family,405,8,166,111,62,0.9381171823568137,0.7590520078999341,0.750164581961817,0.008887425938117088,0.8917050691244239,0.04641211323238981,0.8292658948421964,0.46023131888726665,0.36742681710508873,0.8288288288288288,0.6486486486486487,19,39,12,12,0,0.10810810810810811,0.2608695652173913,0.9245014245014245,0.584096109839817
llama31-405b,llama31-8b-base,truthfulqa,same-family,405,8,980,654,327,0.9737021762103826,0.8842222409262221,0.7763843297889254,0.1078379111372968,0.9307016805543866,0.04300049565599595,0.7825407850235542,0.6427406895884815,0.536284779546882,0.9143730886850153,0.7859327217125383,56,140,33,14,19,0.05045871559633028,0.20245398773006135,0.9597276264591439,0.7532847587195414
llama31-405b,olmo3-7b,boolq,cross-family,405,7,1962,1308,475,0.9538838693372085,0.8341062740885827,0.51921905604347,0.31488721804511277,0.8969255070449232,0.056958362292285236,0.673444615013309,0.5117647820221047,0.424902895723417,0.8990825688073395,0.7576452599388379,132,317,83,65,18,0.06345565749235474,0.226775956284153,0.9368735018956094,0.6617063492063493
llama31-405b,olmo3-7b,geometry_of_truth,cross-family,405,7,3018,2012,1000,0.9992994071146246,0.9942687747035572,0.9902282608695653,0.004040513833991954,0.9980237154150198,0.0012756916996048417,0.924547775902734,0.8465662699859089,0.8787594511781056,0.992544731610338,0.9602385685884692,15,80,13,12,1,0.0064612326043737576,0.15853658536585366,0.9953416149068323,0.9125020864630279
llama31-405b,olmo3-7b,imdb,cross-family,405,7,3000,2000,1018,0.9815920358196056,0.9686388389838309,0.9608713223084279,0.007767516675402986,0.9814569920654294,0.00013504375417627834,0.7625011712514039,0.5694855288528438,0.5746972356706411,0.9395,0.9135,121,173,96,64,32,0.048,0.48484848484848486,0.916619999936723,0.8166116142312378
llama31-405b,olmo3-7b,rte,cross-family,405,7,166,111,62,0.9381171823568137,0.8581303489137591,0.8578011849901249,0.0003291639236341348,0.9111257406188282,0.02699144173798551,0.6980746213721339,0.1608676222845986,0.33647838448562495,0.8288288288288288,0.7387387387387387,19,29,15,13,2,0.13513513513513514,0.45454545454545453,0.9091673675357443,0.6790617848970251
llama31-405b,olmo3-7b,truthfulqa,cross-family,405,7,980,654,327,0.9737021762103826,0.8972495768220035,0.8279232013766145,0.069326375445389,0.9517436803860505,0.02195849582433207,0.6368705380945695,0.3355795813138016,0.4810903538566361,0.9143730886850153,0.7981651376146789,56,132,31,13,18,0.047400611620795105,0.19745222929936307,0.954559967491002,0.7864906832298137
llama31-405b,qwen3-1.7b,boolq,cross-family,405,1.7,1962,1308,475,0.9538838693372085,0.8171352751626967,0.412843874391862,0.4042914007708347,0.9189587413912933,0.03492512794591518,0.6771499673774551,0.6243920751199874,0.40921095524961837,0.8990825688073395,0.7477064220183486,132,330,79,62,17,0.06039755351681957,0.206266318537859,0.9386007312387681,0.6623118944547517
llama31-405b,qwen3-1.7b,geometry_of_truth,cross-family,405,1.7,3018,2012,1000,0.9992994071146246,0.9934357707509882,0.9880454545454546,0.005390316205533652,0.998300395256917,0.0009990118577075657,0.920747609627557,0.8714391271685096,0.856963070897703,0.992544731610338,0.9587475149105368,15,83,12,9,3,0.005964214711729622,0.13953488372093023,0.9943600217354643,0.9264897346019029
llama31-405b,qwen3-1.7b,imdb,cross-family,405,1.7,3000,2000,1018,0.9815920358196056,0.9536549842148856,0.8888910006842218,0.06476398353066382,0.9809318219102992,0.000660213909306484,0.6510550708664491,0.6002277334778265,0.5244671526011604,0.9395,0.8855,121,229,91,54,37,0.0455,0.35135135135135137,0.9461829228299705,0.7686962029213711
llama31-405b,qwen3-1.7b,rte,cross-family,405,1.7,166,111,62,0.9381171823568137,0.8772218564845293,0.835088874259381,0.042132982225148274,0.9177090190915076,0.020408163265306145,0.7262059986145445,0.27012203088957687,0.3059246405387046,0.8288288288288288,0.6936936936936937,19,34,10,10,0,0.09009009009009009,0.23255813953488372,0.9144385026737967,0.7019450800915332
llama31-405b,qwen3-1.7b,truthfulqa,cross-family,405,1.7,980,654,327,0.9737021762103826,0.8749731130002151,0.7583910819328713,0.11658203106734377,0.9372106725023146,0.036491503708067974,0.6155052506531069,0.41268424875391974,0.40954732226629975,0.9143730886850153,0.8012232415902141,56,130,20,10,10,0.03058103975535168,0.12048192771084337,0.9618027011156782,0.8036012900143336
llama31-405b,qwen3-32b,boolq,cross-family,405,32,1962,1308,475,0.9538838693372085,0.9175105831806406,0.8081481013458015,0.1093624818348391,0.9162165918999179,0.03766727743729059,0.5385519257092153,0.6037303271928476,0.4718389687923694,0.8990825688073395,0.8707951070336392,132,169,97,70,27,0.07415902140672782,0.47549019607843135,0.8769448961250136,0.729140898783756
llama31-405b,qwen3-32b,geometry_of_truth,cross-family,405,32,3018,2012,1000,0.9992994071146246,0.9991205533596839,0.9981225296442688,0.0009980237154150196,0.9984268774703557,0.0008725296442688713,0.8489454376519335,0.845456177615124,0.8915524732594131,0.992544731610338,0.9870775347912525,15,26,12,9,3,0.005964214711729622,0.41379310344827586,0.9811952901076768,0.9706893673844099
llama31-405b,qwen3-32b,imdb,cross-family,405,32,3000,2000,1018,0.9815920358196056,0.9749198740391887,0.971668820697906,0.003251053341282617,0.980933822558509,0.0006582132610966074,0.5562467800515737,0.697346704489738,0.6335482312407795,0.9395,0.928,121,144,101,61,40,0.0505,0.6158536585365854,0.8981456537356322,0.8311129095395389
llama31-405b,qwen3-32b,rte,cross-family,405,32,166,111,62,0.9381171823568137,0.9634628044766294,0.956550362080316,0.00691244239631339,0.9157340355497038,0.022383146807109955,0.602108585812391,0.33576825089654183,0.36329364739257297,0.8288288288288288,0.8918918918918919,19,12,7,7,0,0.06306306306306306,0.2916666666666667,0.8274410774410774,0.8884439359267734
llama31-405b,qwen3-32b,truthfulqa,cross-family,405,32,980,654,327,0.9737021762103826,0.9692412722460698,0.8902355768781154,0.07900569536795443,0.9495646644034827,0.024137511806899825,0.4542243797032815,0.4561418014934774,0.5222490284697134,0.9143730886850153,0.900611620795107,56,65,21,12,9,0.03211009174311927,0.21,0.9236776805537417,0.9075489727663641
llama31-405b,qwen3-8b,boolq,cross-family,405,8,1962,1308,475,0.9538838693372085,0.8986440892146333,0.7814140392999305,0.11723004991470287,0.9183774562456561,0.035506413091552336,0.5747560659921499,0.5446060028411175,0.42468167225711295,0.8990825688073395,0.827217125382263,132,226,86,62,24,0.06574923547400612,0.3161764705882353,0.913635025272766,0.7403756957328386
llama31-405b,qwen3-8b,geometry_of_truth,cross-family,405,8,3018,2012,1000,0.9992994071146246,0.9976422924901186,0.9954683794466404,0.0021739130434782483,0.9984545454545455,0.0008448616600791325,0.858043856866102,0.8482066299752871,0.884276019379849,0.992544731610338,0.9796222664015904,15,41,15,12,3,0.007455268389662028,0.36585365853658536,0.9876130724777566,0.9542981138374228
llama31-405b,qwen3-8b,imdb,cross-family,405,8,3000,2000,1018,0.9815920358196056,0.9709705944726091,0.9646365422396856,0.006334052232923493,0.9814830004921595,0.00010903532744610533,0.5282923960810874,0.6334933829495812,0.5848133052876974,0.9395,0.9185,121,163,93,57,36,0.0465,0.4869109947643979,0.9114186573868437,0.8133612480702324
llama31-405b,qwen3-8b,rte,cross-family,405,8,166,111,62,0.9381171823568137,0.9338380513495721,0.9377880184331797,-0.0039499670836076195,0.9055299539170507,0.03258722843976303,0.6638150784876583,0.2047857245931779,0.3455470159660765,0.8288288288288288,0.8198198198198198,19,20,12,10,2,0.10810810810810811,0.4444444444444444,0.8637362637362638,0.8215102974828374
llama31-405b,qwen3-8b,truthfulqa,cross-family,405,8,980,654,327,0.9737021762103826,0.9380804084953567,0.835376745316986,0.10270366317837065,0.9509394083924847,0.022762767817897878,0.46637853921342304,0.3545128603761799,0.4855381320007157,0.9143730886850153,0.8547400611620795,56,95,29,15,14,0.04434250764525994,0.23770491803278687,0.9408341964033519,0.8448698041089345
llama31-405b,qwen3-8b-base,boolq,cross-family,405,8,1962,1308,475,0.9538838693372085,0.8936298730018324,0.6655487458141152,0.22808112718771723,0.9059809186832628,0.047902950653945675,0.20020318830111744,0.5189376698061678,0.4223276139644997,0.8990825688073395,0.8226299694189603,132,232,85,64,21,0.06498470948012232,0.3046594982078853,0.9185080438405333,0.7266607400535972
llama31-405b,qwen3-8b-base,geometry_of_truth,cross-family,405,8,3018,2012,1000,0.9992994071146246,0.9982579051383399,0.9971729249011858,0.0010849802371540873,0.9985256916996047,0.0007737154150199155,0.6956224165172367,0.8647789643600211,0.8876437469799245,0.992544731610338,0.9781312127236581,15,44,15,12,3,0.007455268389662028,0.3409090909090909,0.9889712675535847,0.9542647304289769
llama31-405b,qwen3-8b-base,imdb,cross-family,405,8,3000,2000,1018,0.9815920358196056,0.9755150668816697,0.9674904669112793,0.0080245999703904,0.9815010063260498,9.102949355588308e-05,0.5409230442767343,0.6701844809886368,0.6171675634535184,0.9395,0.929,121,142,94,64,30,0.047,0.5562130177514792,0.8952038387483134,0.8318298373937253
llama31-405b,qwen3-8b-base,rte,cross-family,405,8,166,111,62,0.9381171823568137,0.9157340355497038,0.944700460829493,-0.02896642527978921,0.9075049374588544,0.03061224489795933,0.4741679603031681,0.21829508742223191,0.3433894713146922,0.8288288288288288,0.8018018018018018,19,22,11,9,2,0.0990990990990991,0.36666666666666664,0.8687436159346272,0.8203661327231121
llama31-405b,qwen3-8b-base,truthfulqa,cross-family,405,8,980,654,327,0.9737021762103826,0.9195073366439414,0.8447193932422449,0.07478794340169648,0.9487229844102162,0.02497919180016639,0.3909730183696514,0.391615507669139,0.4984900162805409,0.9143730886850153,0.827217125382263,56,113,30,13,17,0.045871559633027525,0.2158273381294964,0.9502723569921319,0.8069756330625896
llama31-405b,qwen38-27b,boolq,cross-family,405,27,1962,1308,475,0.9538838693372085,0.9392279016869906,0.76359385859607,0.17563404309092057,0.9236722057243949,0.030211663612813577,0.7070143806955685,0.633107780551371,0.4626110907808818,0.8990825688073395,0.8914373088685015,132,142,92,66,26,0.07033639143730887,0.5054945054945055,0.8538339815910904,0.7878401360544218
llama31-405b,qwen38-27b,geometry_of_truth,cross-family,405,27,3018,2012,1000,0.9992994071146246,0.9983764822134387,0.9967322134387352,0.0016442687747034723,0.9984614624505929,0.0008379446640317534,0.9454114390911919,0.8971471660081809,0.8899228045736697,0.992544731610338,0.9826043737574552,15,35,13,11,2,0.0064612326043737576,0.35135135135135137,0.9876291639569333,0.9556668335837089
llama31-405b,qwen38-27b,rte,cross-family,405,27,166,111,62,0.9381171823568137,0.967083607636603,0.9591836734693877,0.007899934167215239,0.9203423304805793,0.0177748518762344,0.7891128478798871,0.38663247142571466,0.3608563943458202,0.8288288288288288,0.8558558558558559,19,16,10,9,1,0.09009009009009009,0.4,0.8394736842105264,0.8935926773455378
llama31-405b,qwen38-27b,truthfulqa,cross-family,405,27,980,654,327,0.9737021762103826,0.9541471443668228,0.8785081689719346,0.07563897539488817,0.9490970644072234,0.024605111803159163,0.7484929902908976,0.5203204045334768,0.524750914044988,0.9143730886850153,0.8776758409785933,56,80,26,15,11,0.039755351681957186,0.23636363636363636,0.9439677700348432,0.8612040133779264
llama31-70b,llama31-70b-base,boolq,same-family,70,70,1962,1308,475,0.9376559044670498,0.8779857206040311,0.80203449800973,0.0759512225943011,0.9162241738800784,0.021431730586971454,0.8613146396188653,0.7645443993507706,0.7755440026597584,0.8761467889908257,0.7989296636085627,162,263,104,76,28,0.07951070336391437,0.32398753894080995,0.891047355686139,0.7309643849783466
llama31-70b,llama31-70b-base,geometry_of_truth,same-family,70,70,3018,2012,1000,0.9990503952569171,0.9983873517786561,0.9968250988142293,0.0015622529644268024,0.9984525691699604,0.0005978260869566876,0.9792060756338038,0.9427678442418738,0.9481946684922248,0.9895626242544732,0.9840954274353877,21,32,18,13,5,0.008946322067594433,0.5142857142857142,0.9777146464646465,0.9412116428691014
llama31-70b,llama31-70b-base,imdb,same-family,70,70,3000,2000,1018,0.9821732241246164,0.9586415998783605,0.8472405059239194,0.11140109395444109,0.9788871594396584,0.0032860646849579567,0.9367619328555453,0.8617945228780572,0.8716566072023111,0.939,0.895,122,210,77,50,27,0.0385,0.30196078431372547,0.9378744346900771,0.8065870563382741
llama31-70b,llama31-70b-base,rte,same-family,70,70,166,111,62,0.9420671494404212,0.8225806451612903,0.7639894667544438,0.05859117840684647,0.923304805793285,0.018762343647136248,0.970400079498918,0.4906917300055116,0.4926821006787987,0.8468468468468469,0.6846846846846847,17,35,15,14,1,0.13513513513513514,0.40540540540540543,0.9180451127819549,0.5294117647058824
llama31-70b,llama31-70b-base,truthfulqa,same-family,70,70,980,654,327,0.9623114403015085,0.9157010726743914,0.8282972813736218,0.08740379130076958,0.9227711846178305,0.03954025568367803,0.9397443322667351,0.7055227818021176,0.703797414543087,0.8837920489296636,0.8073394495412844,76,126,52,26,26,0.07951070336391437,0.3466666666666667,0.9355910293410294,0.7891094518302678
llama31-70b,llama31-8b-base,boolq,same-family,70,8,1962,1308,475,0.9376559044670498,0.7668970746193213,0.6308814051936564,0.1360156694256649,0.8840538320591396,0.05360207240791026,0.8816079649419303,0.7069134621101674,0.6474147696598667,0.8761467889908257,0.713302752293578,162,375,105,86,19,0.08027522935779817,0.24305555555555555,0.9233554841014647,0.6157865253269558
llama31-70b,llama31-8b-base,geometry_of_truth,same-family,70,8,3018,2012,1000,0.9990503952569171,0.9974249011857708,0.9876452569169961,0.009779644268774645,0.9975464426877471,0.0015039525691700195,0.969293711766315,0.9256689826359507,0.9151259072899731,0.9895626242544732,0.9806163021868787,21,39,16,11,5,0.007952286282306162,0.36363636363636365,0.9823904765617892,0.9122958073234316
llama31-70b,llama31-8b-base,imdb,same-family,70,8,3000,2000,1018,0.9821732241246164,0.9481712074712207,0.7618088260596433,0.18636238141157746,0.9805176877308248,0.001655536393791568,0.9230934131810397,0.8088848494299743,0.77930607505741,0.939,0.891,122,218,80,47,33,0.04,0.3076923076923077,0.9413142639442335,0.7580963354807171
llama31-70b,llama31-8b-base,rte,same-family,70,8,166,111,62,0.9420671494404212,0.7590520078999341,0.6836734693877551,0.07537853851217902,0.9183673469387754,0.023699802501645828,0.9361643723484722,0.4838968099146195,0.45000728863829764,0.8468468468468469,0.6486486486486487,17,39,13,12,1,0.11711711711711711,0.3023255813953488,0.9202279202279202,0.5181476846057572
llama31-70b,llama31-8b-base,truthfulqa,same-family,70,8,980,654,327,0.9623114403015085,0.8842222409262221,0.7628052258975581,0.12141701502866409,0.8885989768912083,0.07371246341030024,0.9120181118042976,0.654790405166914,0.6119648210572568,0.8837920489296636,0.7859327217125383,76,140,45,19,26,0.06880733944954129,0.2631578947368421,0.9384936075597554,0.7528683299945366
llama31-70b,olmo3-7b,boolq,cross-family,70,7,1962,1308,475,0.9376559044670498,0.8341062740885827,0.5508409679661338,0.28326530612244893,0.7705212611360335,0.16713464333101635,0.8280779198093325,0.4770402941785893,0.5600236104401377,0.8761467889908257,0.7576452599388379,162,317,95,74,21,0.07262996941896024,0.24739583333333334,0.9132603526374594,0.6928231314502402
llama31-70b,olmo3-7b,geometry_of_truth,cross-family,70,7,3018,2012,1000,0.9990503952569171,0.9942687747035572,0.989755928853755,0.004512845849802272,0.9981373517786563,0.0009130434782608221,0.958852483256371,0.8332333905548809,0.8997670449618516,0.9895626242544732,0.9602385685884692,21,80,16,14,2,0.007952286282306162,0.18823529411764706,0.9933100414078675,0.9262155891990146
llama31-70b,olmo3-7b,imdb,cross-family,70,7,3000,2000,1018,0.9821732241246164,0.9686388389838309,0.9582534741256167,0.010385364858214174,0.9780658933494453,0.004107330775171114,0.8433996689045905,0.6025774086662772,0.6752676447583871,0.939,0.9135,122,173,86,55,31,0.043,0.41148325358851673,0.9154683599570982,0.8240541908902039
llama31-70b,olmo3-7b,rte,cross-family,70,7,166,111,62,0.9420671494404212,0.8581303489137591,0.8426596445029625,0.015470704410796565,0.9265964450296248,0.015470704410796454,0.7938355708897423,0.15010333365304962,0.3874544691868297,0.8468468468468469,0.7387387387387387,17,29,14,12,2,0.12612612612612611,0.4375,0.8927670311185871,0.6376720901126408
llama31-70b,olmo3-7b,truthfulqa,cross-family,70,7,980,654,327,0.9623114403015085,0.8972495768220035,0.8277081053783351,0.0695414714436684,0.9058440647532475,0.05646737554826098,0.7371823180815047,0.3141694505408985,0.5355274116160149,0.8837920489296636,0.7981651376146789,76,132,41,15,26,0.06269113149847094,0.24550898203592814,0.9395100429583187,0.8000364232380258
llama31-70b,qwen3-1.7b,boolq,cross-family,70,1.7,1962,1308,475,0.9376559044670498,0.8171352751626967,0.5785253048587856,0.23860997030391107,0.8648410943324699,0.07281481013457991,0.7628857502570002,0.5972193046094849,0.5252335966281471,0.8761467889908257,0.7477064220183486,162,330,105,81,24,0.08027522935779817,0.2713178294573643,0.9149934932143521,0.6627938293150626
llama31-70b,qwen3-1.7b,geometry_of_truth,cross-family,70,1.7,3018,2012,1000,0.9990503952569171,0.9934357707509882,0.987893280632411,0.005542490118577215,0.998403162055336,0.00064723320158111,0.9228146079924118,0.8597645160086711,0.8833772771159649,0.9895626242544732,0.9587475149105368,21,83,17,12,5,0.008449304174950299,0.19540229885057472,0.9918741841393568,0.9308555164908756
llama31-70b,qwen3-1.7b,imdb,cross-family,70,1.7,3000,2000,1018,0.9821732241246164,0.9536549842148856,0.9207913363929913,0.032863647821894326,0.9800995522549307,0.002073671869685656,0.7037223760758469,0.6340677408028683,0.6155184110438807,0.939,0.8855,122,229,89,50,39,0.0445,0.33969465648854963,0.9447355378625552,0.766925923986103
llama31-70b,qwen3-1.7b,rte,cross-family,70,1.7,166,111,62,0.9420671494404212,0.8772218564845293,0.803159973666886,0.07406188281764337,0.9285714285714286,0.013495720868992644,0.7986179705712658,0.27204759398237544,0.3691666196139314,0.8468468468468469,0.6936936936936937,17,34,12,10,2,0.10810810810810811,0.3076923076923077,0.9098548510313216,0.6220275344180225
llama31-70b,qwen3-1.7b,truthfulqa,cross-family,70,1.7,980,654,327,0.9623114403015085,0.8749731130002151,0.7414172020686625,0.1335559109315526,0.9070504727435962,0.05526096755791232,0.6532123591859194,0.40195257623957925,0.4675012311985508,0.8837920489296636,0.8012232415902141,76,130,36,17,19,0.05504587155963303,0.21176470588235294,0.9431884908984145,0.7681433254416317
llama31-70b,qwen3-32b,boolq,cross-family,70,32,1962,1308,475,0.9376559044670498,0.9175105831806406,0.8889619005496935,0.02854868263094712,0.8964453149680924,0.041210589498957395,0.6362460411285337,0.5867090793575236,0.6050732414850333,0.8761467889908257,0.8707951070336392,162,169,106,79,27,0.08103975535168195,0.4711111111111111,0.8313167888368806,0.7765819921142784
llama31-70b,qwen3-32b,geometry_of_truth,cross-family,70,32,3018,2012,1000,0.9990503952569171,0.9991205533596839,0.9979644268774703,0.0011561264822135264,0.9982895256916997,0.0007608695652173703,0.887329626423263,0.8275404082444823,0.910278645193303,0.9895626242544732,0.9870775347912525,21,26,15,11,4,0.007455268389662028,0.46875,0.9743396080254086,0.9746956542536653
llama31-70b,qwen3-32b,imdb,cross-family,70,32,3000,2000,1018,0.9821732241246164,0.9749198740391887,0.971459752959959,0.003460121079229661,0.9796764151585112,0.0024968089661051573,0.6072155081877669,0.7263628172743504,0.732329958131144,0.939,0.928,122,144,103,56,47,0.0515,0.6319018404907976,0.8983402179118773,0.8316093158050943
llama31-70b,qwen3-32b,rte,cross-family,70,32,166,111,62,0.9420671494404212,0.9634628044766294,0.95687952600395,0.006583278472679366,0.9298880842659645,0.012179065174456771,0.6818869530187845,0.3401524108206103,0.42762724001237384,0.8468468468468469,0.8918918918918919,17,12,10,8,2,0.09009009009009009,0.5263157894736842,0.7424242424242424,0.8698372966207759
llama31-70b,qwen3-32b,truthfulqa,cross-family,70,32,980,654,327,0.9623114403015085,0.9692412722460698,0.8953698248370414,0.0738714474090284,0.9124465767004273,0.04986486360108122,0.5632642448931745,0.4411075186699943,0.5781499368703067,0.8837920489296636,0.900611620795107,76,65,27,16,11,0.04128440366972477,0.23684210526315788,0.9021287710591617,0.9199144053906392
llama31-70b,qwen3-8b,boolq,cross-family,70,8,1962,1308,475,0.9376559044670498,0.8986440892146333,0.7949352372527958,0.10370885196183754,0.8739900170594553,0.06366588740759449,0.5883048756064981,0.5081501300272686,0.5512247596618439,0.8761467889908257,0.827217125382263,162,226,103,74,29,0.07874617737003058,0.36140350877192984,0.8782081690739862,0.7575733092021631
llama31-70b,qwen3-8b,geometry_of_truth,cross-family,70,8,3018,2012,1000,0.9990503952569171,0.9976422924901186,0.9959061264822134,0.00173616600790516,0.9979851778656127,0.001065217391304385,0.885422514341029,0.8335164041528884,0.9064527693798736,0.9895626242544732,0.9796222664015904,21,41,18,14,4,0.008946322067594433,0.4090909090909091,0.9823786365717538,0.9511372605295257
llama31-70b,qwen3-8b,imdb,cross-family,70,8,3000,2000,1018,0.9821732241246164,0.9709705944726091,0.9651967237384914,0.005773870734117725,0.9798794809518284,0.0022937431727879654,0.5836773119886172,0.6664696442817137,0.6923428073582116,0.939,0.9185,122,163,97,52,45,0.0485,0.5159574468085106,0.9115656027599012,0.8175552994989439
llama31-70b,qwen3-8b,rte,cross-family,70,8,166,111,62,0.9420671494404212,0.9338380513495721,0.9242922975641871,0.009545753785385025,0.9279131007241607,0.014154048716260581,0.7065691725091608,0.19466819917757772,0.3997543879903348,0.8468468468468469,0.8198198198198198,17,20,12,10,2,0.10810810810810811,0.48,0.8620879120879121,0.7991239048811014
llama31-70b,qwen3-8b,truthfulqa,cross-family,70,8,980,654,327,0.9623114403015085,0.9380804084953567,0.8269505933843952,0.11112981511096143,0.9125494486996043,0.0497619916019042,0.4631903588161011,0.341202654072306,0.5452759139216155,0.8837920489296636,0.8547400611620795,76,95,39,17,22,0.05963302752293578,0.29545454545454547,0.9199510403916769,0.8557184483700601
llama31-70b,qwen3-8b-base,boolq,cross-family,70,8,1962,1308,475,0.9376559044670498,0.8936298730018324,0.6701990269792127,0.22343084602261964,0.8821633916724585,0.05549251279459133,0.14565843137323498,0.47208184961040234,0.5509893410036732,0.8761467889908257,0.8226299694189603,162,232,101,77,24,0.077217125382263,0.3447098976109215,0.8826031918984745,0.754529980824338
llama31-70b,qwen3-8b-base,geometry_of_truth,cross-family,70,8,3018,2012,1000,0.9990503952569171,0.9982579051383399,0.9971215415019763,0.001136363636363602,0.9981660079051383,0.0008843873517787593,0.7943247055224475,0.8510372234438667,0.909969594756642,0.9895626242544732,0.9781312127236581,21,44,19,15,4,0.009443339960238568,0.41304347826086957,0.9843634515890614,0.9557054363684199
llama31-70b,qwen3-8b-base,imdb,cross-family,70,8,3000,2000,1018,0.9821732241246164,0.9755150668816697,0.968862911583353,0.006652155298316642,0.9799084903508737,0.0022647337737427,0.5538311097438385,0.6997989682090777,0.7192415003896453,0.939,0.929,122,142,90,57,33,0.045,0.5172413793103449,0.8953592383147106,0.8396881928804623
llama31-70b,qwen3-8b-base,rte,cross-family,70,8,166,111,62,0.9420671494404212,0.9157340355497038,0.9410796576695194,-0.025345622119815614,0.9259381171823567,0.016129032258064502,0.5109036952060553,0.21012050479914224,0.3973444846801427,0.8468468468468469,0.8018018018018018,17,22,11,10,1,0.0990990990990991,0.39285714285714285,0.8610827374872319,0.7878598247809763
llama31-70b,qwen3-8b-base,truthfulqa,cross-family,70,8,980,654,327,0.9623114403015085,0.9195073366439414,0.8449157852406737,0.07459155140326768,0.9152334726781322,0.04707796762337635,0.3819720764397143,0.37570979626804224,0.5563254291188691,0.8837920489296636,0.827217125382263,76,113,35,13,22,0.053516819571865444,0.22727272727272727,0.9326059575024946,0.831383172464032
llama31-70b,qwen38-27b,boolq,cross-family,70,27,1962,1308,475,0.9376559044670498,0.9392279016869906,0.8706564731155619,0.06857142857142862,0.8984014658494976,0.03925443861755218,0.8896384840947372,0.6216001381874937,0.6040038673641746,0.8761467889908257,0.8914373088685015,162,142,98,70,28,0.07492354740061162,0.47572815533980584,0.8006486604015173,0.818030508693685
llama31-70b,qwen38-27b,geometry_of_truth,cross-family,70,27,3018,2012,1000,0.9990503952569171,0.9983764822134387,0.9966116600790514,0.0017648221343872228,0.9983517786561265,0.0006986166007906247,0.9691973590708278,0.8894287568668641,0.9151654382551628,0.9895626242544732,0.9826043737574552,21,35,16,14,2,0.007952286282306162,0.4,0.9841173495194739,0.9665159886154361
llama31-70b,qwen38-27b,rte,cross-family,70,27,166,111,62,0.9420671494404212,0.967083607636603,0.956221198156682,0.010862409479920898,0.9305464121132323,0.011520737327188946,0.9236515280891101,0.3988128218972855,0.4317908603577376,0.8468468468468469,0.8558558558558559,17,16,10,9,1,0.09009009009009009,0.43478260869565216,0.819078947368421,0.8923654568210263
llama31-70b,qwen38-27b,truthfulqa,cross-family,70,27,980,654,327,0.9623114403015085,0.9541471443668228,0.8711949050304407,0.08295223933638207,0.9057973047536215,0.05651413554788698,0.8638807894855314,0.5158788383542363,0.5896190424169145,0.8837920489296636,0.8776758409785933,76,80,34,18,16,0.05198776758409786,0.2786885245901639,0.9086672473867596,0.8950555454379894
llama31-70b-base,llama31-8b-base,boolq,same-family,70,8,1962,1308,475,0.8779857206040311,0.7668970746193213,0.6842484362165919,0.0826486384027294,0.7736778922095153,0.1043078283945158,0.7904203716810837,0.6625013511268196,0.5950430909715869,0.7989296636085627,0.713302752293578,263,375,172,143,29,0.13149847094801223,0.36909871244635195,0.8526216505894962,0.6659341059180963
llama31-70b-base,llama31-8b-base,geometry_of_truth,same-family,70,8,3018,2012,1000,0.9983873517786561,0.9974249011857708,0.986203557312253,0.011221343873517808,0.9955770750988142,0.0028102766798419054,0.9865388200496235,0.921863501083512,0.9035407426163891,0.9840954274353877,0.9806163021868787,32,39,19,11,8,0.009443339960238568,0.36538461538461536,0.9706161383809635,0.9470170454545455
llama31-70b-base,llama31-8b-base,imdb,same-family,70,8,3000,2000,1018,0.9586415998783605,0.9481712074712207,0.7534831285336449,0.1946880789375759,0.7488826379747038,0.20975896190365673,0.9251683996304977,0.7950826522211955,0.7518822707678109,0.895,0.891,210,218,98,60,38,0.049,0.296969696969697,0.8807880023476354,0.8498191008246874
llama31-70b-base,llama31-8b-base,rte,same-family,70,8,166,111,62,0.8225806451612903,0.7590520078999341,0.749835418038183,0.009216589861751112,0.7472021066491112,0.07537853851217902,0.9319892519067812,0.47300797757960844,0.43550225378941065,0.6846846846846847,0.6486486486486487,35,39,24,21,3,0.21621621621621623,0.48,0.7578347578347578,0.6349624060150376
llama31-70b-base,llama31-8b-base,truthfulqa,same-family,70,8,980,654,327,0.9157010726743914,0.8842222409262221,0.7202910342376716,0.16393120668855055,0.7694919058440648,0.1462091668303266,0.9099145299977858,0.649601683211289,0.6072564044432147,0.8073394495412844,0.7859327217125383,126,140,60,28,32,0.09174311926605505,0.2912621359223301,0.865633685380767,0.8125300625300625
llama31-70b-base,olmo3-7b,boolq,cross-family,70,7,1962,1308,475,0.8779857206040311,0.8341062740885827,0.49755481139824353,0.3365514626903392,0.6327440449864157,0.24524167561761545,0.7343205028519216,0.4455649018262958,0.4994108243131703,0.7989296636085627,0.7576452599388379,263,317,139,115,24,0.10626911314984709,0.31519274376417233,0.8367484012261774,0.7606018156348353
llama31-70b-base,olmo3-7b,geometry_of_truth,cross-family,70,7,3018,2012,1000,0.9983873517786561,0.9942687747035572,0.9884871541501977,0.005781620553359512,0.9949752964426877,0.0034120553359684447,0.9420967719311777,0.8252734351764489,0.8819362609598999,0.9840954274353877,0.9602385685884692,32,80,19,15,4,0.009443339960238568,0.20430107526881722,0.987791149068323,0.945407196969697
llama31-70b-base,olmo3-7b,imdb,cross-family,70,7,3000,2000,1018,0.9586415998783605,0.9686388389838309,0.9475920198144199,0.02104681916941098,0.7907001868605429,0.16794141301781762,0.8580255138264662,0.5741608442610169,0.6298761528130232,0.895,0.9135,210,173,89,64,25,0.0445,0.30272108843537415,0.8515903072410946,0.8989146049481245
llama31-70b-base,olmo3-7b,rte,cross-family,70,7,166,111,62,0.8225806451612903,0.8581303489137591,0.8341013824884793,0.02402896642527974,0.7863726135615537,0.03620803159973651,0.7812613308671732,0.13389052109204713,0.3643043049934903,0.6846846846846847,0.7387387387387387,35,29,17,16,1,0.15315315315315314,0.3617021276595745,0.6976450798990749,0.7992481203007519
llama31-70b-base,olmo3-7b,truthfulqa,cross-family,70,7,980,654,327,0.9157010726743914,0.8972495768220035,0.8068063855455488,0.09044319127645462,0.8170748814634009,0.09862619121099048,0.7192119306650339,0.3014740496644214,0.5178394317653663,0.8073394495412844,0.7981651376146789,126,132,49,19,30,0.07492354740061162,0.23444976076555024,0.875,0.8484397546897546
llama31-70b-base,qwen3-1.7b,boolq,cross-family,70,1.7,1962,1308,475,0.8779857206040311,0.8171352751626967,0.5871839262020598,0.22995134896063685,0.688140519365641,0.1898452012383901,0.6320240621385044,0.5667062265914191,0.46907774432303295,0.7989296636085627,0.7477064220183486,263,330,154,129,25,0.11773700305810397,0.35079726651480636,0.8401716552023302,0.7277275456182801
llama31-70b-base,qwen3-1.7b,geometry_of_truth,cross-family,70,1.7,3018,2012,1000,0.9983873517786561,0.9934357707509882,0.9875671936758894,0.005868577075098802,0.9954822134387351,0.0029051383399210096,0.8897251898025081,0.8470146596417103,0.8624837055473309,0.9840954274353877,0.9587475149105368,32,83,21,14,7,0.010437375745526839,0.22340425531914893,0.9859718813043777,0.935479797979798
llama31-70b-base,qwen3-1.7b,imdb,cross-family,70,1.7,3000,2000,1018,0.9586415998783605,0.9536549842148856,0.79141641891973,0.16223856529515557,0.7698374273264538,0.18880417255190673,0.671013195243708,0.6011470954293294,0.5662966138428724,0.895,0.8855,210,229,102,67,35,0.051,0.3026706231454006,0.8847689238803725,0.8657728119180633
llama31-70b-base,qwen3-1.7b,rte,cross-family,70,1.7,166,111,62,0.8225806451612903,0.8772218564845293,0.7366688610928241,0.14055299539170518,0.7995391705069124,0.02304147465437789,0.761934999494522,0.24482047869276036,0.3392133214391295,0.6846846846846847,0.6936936936936937,35,34,17,16,1,0.15315315315315314,0.3269230769230769,0.7364400305576776,0.7515037593984962
llama31-70b-base,qwen3-1.7b,truthfulqa,cross-family,70,1.7,980,654,327,0.9157010726743914,0.8749731130002151,0.7413797940689617,0.13359331893125337,0.7707170178342639,0.14498405484012744,0.6245588032847803,0.382591073173441,0.4421722967497824,0.8073394495412844,0.8012232415902141,126,130,38,19,19,0.0581039755351682,0.1743119266055046,0.8902231356429829,0.8254569504569504
llama31-70b-base,qwen3-32b,boolq,cross-family,70,32,1962,1308,475,0.8779857206040311,0.9175105831806406,0.8228015416692993,0.0947090415113413,0.7211044417767107,0.1568812788273204,0.5481462800449612,0.5494929307675457,0.5429472476825765,0.7989296636085627,0.8707951070336392,263,169,104,77,27,0.07951070336391437,0.3170731707317073,0.7497908993147732,0.8641002783488273
llama31-70b-base,qwen3-32b,geometry_of_truth,cross-family,70,32,3018,2012,1000,0.9983873517786561,0.9991205533596839,0.9977934782608696,0.0013270750988142455,0.9961403162055336,0.0022470355731225578,0.8607245731968431,0.819603978906099,0.8925127624389224,0.9840954274353877,0.9870775347912525,32,26,16,11,5,0.007952286282306162,0.38095238095238093,0.9579169571616701,0.9834280303030304
llama31-70b-base,qwen3-32b,imdb,cross-family,70,32,3000,2000,1018,0.9586415998783605,0.9749198740391887,0.9670193142578195,0.007900559781369165,0.7785382463918309,0.18010335348652962,0.5293307775282089,0.7010694617543634,0.6892100285187628,0.895,0.928,210,144,85,56,29,0.0425,0.3159851301115242,0.8266059027777778,0.9163846767757382
llama31-70b-base,qwen3-32b,rte,cross-family,70,32,166,111,62,0.8225806451612903,0.9634628044766294,0.9423963133640553,0.02106649111257408,0.782422646477946,0.04015799868334424,0.6694590892874862,0.320388609723827,0.4055623454523496,0.6846846846846847,0.8918918918918919,35,12,9,8,1,0.08108108108108109,0.23684210526315788,0.5067340067340067,0.9458646616541353
llama31-70b-base,qwen3-32b,truthfulqa,cross-family,70,32,980,654,327,0.9157010726743914,0.9692412722460698,0.8787887289696901,0.09045254327637975,0.8268477213852183,0.08885335128917304,0.5560634876248556,0.4244590041027274,0.5591469427610305,0.8073394495412844,0.900611620795107,126,65,28,20,8,0.04281345565749235,0.17177914110429449,0.8314222280266423,0.9512085137085138
llama31-70b-base,qwen3-8b,boolq,cross-family,70,8,1962,1308,475,0.8779857206040311,0.8986440892146333,0.8291830416377077,0.06946104757692562,0.6996196373286157,0.17836608327541548,0.528034343588438,0.4796866594850182,0.4872902239064165,0.7989296636085627,0.827217125382263,263,226,123,98,25,0.09403669724770643,0.3360655737704918,0.798492630821324,0.8421671184528898
llama31-70b-base,qwen3-8b,geometry_of_truth,cross-family,70,8,3018,2012,1000,0.9983873517786561,0.9976422924901186,0.9954298418972332,0.00221245059288544,0.9958458498023716,0.0025415019762845548,0.8695856814329901,0.8193562216914254,0.8871657294098141,0.9840954274353877,0.9796222664015904,32,41,19,13,6,0.009443339960238568,0.35185185185185186,0.9718355174419324,0.9651041666666667
llama31-70b-base,qwen3-8b,imdb,cross-family,70,8,3000,2000,1018,0.9586415998783605,0.9709705944726091,0.9635141785938643,0.007456415878744793,0.773652663462962,0.18498893641539849,0.575923249727356,0.6323279473165357,0.6363376274922646,0.895,0.9185,210,163,89,59,30,0.0445,0.31338028169014087,0.8481286172774362,0.9037563181697259
llama31-70b-base,qwen3-8b,rte,cross-family,70,8,166,111,62,0.8225806451612903,0.9338380513495721,0.9321922317314022,0.001645819618169897,0.8008558262014484,0.021724818959841907,0.6745577838336762,0.17079243244387632,0.3753208075607751,0.6846846846846847,0.8198198198198198,35,20,14,13,1,0.12612612612612611,0.34146341463414637,0.6274725274725275,0.8992481203007519
llama31-70b-base,qwen3-8b,truthfulqa,cross-family,70,8,980,654,327,0.9157010726743914,0.9380804084953567,0.8208343854333249,0.1172460230620318,0.8181503614547971,0.09755071121959424,0.45270202517924213,0.31874424798103185,0.517868421089202,0.8073394495412844,0.8547400611620795,126,95,41,20,21,0.06269113149847094,0.22777777777777777,0.8440071556350627,0.9017556517556518
llama31-70b-base,qwen3-8b-base,boolq,cross-family,70,8,1962,1308,475,0.8779857206040311,0.8936298730018324,0.7631616857269223,0.13046818727491005,0.6837657168130409,0.19422000379099025,0.21042912789667942,0.446417030386408,0.48933823653497377,0.7989296636085627,0.8226299694189603,263,232,127,103,24,0.09709480122324159,0.3451086956521739,0.803082136905525,0.8321028981024978
llama31-70b-base,qwen3-8b-base,geometry_of_truth,cross-family,70,8,3018,2012,1000,0.9983873517786561,0.9982579051383399,0.996935770750988,0.0013221343873518476,0.9955978260869566,0.002789525691699546,0.8148059325747631,0.8388343109060469,0.890305761585148,0.9840954274353877,0.9781312127236581,32,44,22,15,7,0.010934393638170975,0.4074074074074074,0.9740622690317812,0.9703282828282828
llama31-70b-base,qwen3-8b-base,imdb,cross-family,70,8,3000,2000,1018,0.9586415998783605,0.9755150668816697,0.963868293327038,0.011646773554631618,0.7765616059603311,0.18207999391802943,0.5396266078749186,0.6737863944963183,0.6750615721309882,0.895,0.929,210,142,87,65,22,0.0435,0.3283018867924528,0.8224010370078383,0.9114950784783187
llama31-70b-base,qwen3-8b-base,rte,cross-family,70,8,166,111,62,0.8225806451612903,0.9157340355497038,0.9193548387096774,-0.0036208031599735957,0.7890059249506254,0.03357472021066488,0.48756734205622415,0.18828573492643474,0.37466676911657104,0.6846846846846847,0.8018018018018018,35,22,15,14,1,0.13513513513513514,0.35714285714285715,0.6475995914198162,0.8819548872180452
llama31-70b-base,qwen3-8b-base,truthfulqa,cross-family,70,8,980,654,327,0.9157010726743914,0.9195073366439414,0.8396599612827204,0.079847375361221,0.815241889478065,0.10045918319632641,0.3668201975494368,0.35838205907693566,0.5353325862996063,0.8073394495412844,0.827217125382263,126,113,49,26,23,0.07492354740061162,0.2578947368421053,0.8624474506404071,0.8739478114478114
llama31-70b-base,qwen38-27b,boolq,cross-family,70,27,1962,1308,475,0.8779857206040311,0.9392279016869906,0.7265230302647375,0.21270487142225303,0.7479244329310673,0.13006128767296388,0.7527810057814255,0.5824911044266399,0.534478365710847,0.7989296636085627,0.8914373088685015,263,142,86,65,21,0.06574923547400612,0.26959247648902823,0.7486229555721982,0.9028835483108046
llama31-70b-base,qwen38-27b,geometry_of_truth,cross-family,70,27,3018,2012,1000,0.9983873517786561,0.9983764822134387,0.9963152173913044,0.002061264822134312,0.9955691699604744,0.0028181818181817198,0.9329355441587363,0.8779313337155448,0.8945275614934846,0.9840954274353877,0.9826043737574552,32,35,18,14,4,0.008946322067594433,0.3673469387755102,0.9714285714285713,0.9675189393939394
llama31-70b-base,qwen38-27b,rte,cross-family,70,27,166,111,62,0.8225806451612903,0.967083607636603,0.9473337722185649,0.019749835418038098,0.7741935483870969,0.048387096774193394,0.896145640093024,0.3736591952509313,0.4024246342449538,0.6846846846846847,0.8558558558558559,35,16,11,10,1,0.0990990990990991,0.275,0.5782894736842106,0.9522556390977444
llama31-70b-base,qwen38-27b,truthfulqa,cross-family,70,27,980,654,327,0.9157010726743914,0.9541471443668228,0.8519297851845617,0.10221735918226105,0.8167101534663187,0.09899091920807268,0.830261606090535,0.4953226157874454,0.5626841810603438,0.8073394495412844,0.8776758409785933,126,80,39,24,15,0.05963302752293578,0.23353293413173654,0.8262412891986063,0.9238666426166426
llama31-8b-base,olmo3-7b,boolq,cross-family,8,7,1962,1308,475,0.7668970746193213,0.8341062740885827,0.5553471915081822,0.2787590825804005,0.6256675301699627,0.14122954444935865,0.8335207079411212,0.47665307375269894,0.6291178246963646,0.713302752293578,0.7576452599388379,375,317,209,194,15,0.15978593272171254,0.432712215320911,0.6907530550984093,0.792583065380493
llama31-8b-base,olmo3-7b,geometry_of_truth,cross-family,8,7,3018,2012,1000,0.9974249011857708,0.9942687747035572,0.9863181818181818,0.007950592885375474,0.9781778656126483,0.019247035573122462,0.9407467641683145,0.8149688158236386,0.8981795287095244,0.9806163021868787,0.9602385685884692,39,80,24,18,6,0.011928429423459244,0.25263157894736843,0.9770768633540372,0.9424538968380833
llama31-8b-base,olmo3-7b,imdb,cross-family,8,7,3000,2000,1018,0.9481712074712207,0.9686388389838309,0.922941032894658,0.04569780608917284,0.6456511909858794,0.3025200164853413,0.8748071376402463,0.6397663007652694,0.7269936706897419,0.891,0.9135,218,173,90,60,30,0.045,0.29900332225913623,0.8191703762762162,0.9030184618869634
llama31-8b-base,olmo3-7b,rte,cross-family,8,7,166,111,62,0.7590520078999341,0.8581303489137591,0.825543120473996,0.03258722843976303,0.7297564186965109,0.029295589203423233,0.7750908522350142,0.12186424762957693,0.4028246465306127,0.6486486486486487,0.7387387387387387,39,29,21,20,1,0.1891891891891892,0.44680851063829785,0.6261564339781328,0.8055555555555556
llama31-8b-base,olmo3-7b,truthfulqa,cross-family,8,7,980,654,327,0.8842222409262221,0.8972495768220035,0.7438019620495842,0.1534476147724193,0.7267532661859739,0.15746897474024824,0.7421228398332758,0.309010287974294,0.5672338493246034,0.7859327217125383,0.7981651376146789,140,132,71,20,51,0.10856269113149847,0.35323383084577115,0.8084581446650412,0.8425792106725959
llama31-8b-base,qwen3-1.7b,boolq,cross-family,8,1.7,1962,1308,475,0.7668970746193213,0.8171352751626967,0.6708434952928539,0.14629177986984276,0.5474417135275164,0.21945536109180497,0.7060200909539616,0.5946439130426003,0.584721427814531,0.713302752293578,0.7477064220183486,375,330,204,186,18,0.1559633027522936,0.40718562874251496,0.7013385387618516,0.7752997499106824
llama31-8b-base,qwen3-1.7b,geometry_of_truth,cross-family,8,1.7,3018,2012,1000,0.9974249011857708,0.9934357707509882,0.9851007905138339,0.008334980237154288,0.9766235177865613,0.02080138339920945,0.8781849495469449,0.8391940136440245,0.8810747101629754,0.9806163021868787,0.9587475149105368,39,83,22,14,8,0.010934393638170975,0.22,0.9752290655624051,0.9411672969706422
llama31-8b-base,qwen3-1.7b,imdb,cross-family,8,1.7,3000,2000,1018,0.9481712074712207,0.9536549842148856,0.49293170987399915,0.46072327434088645,0.6215113696837775,0.32665983778744323,0.7229988350500144,0.666601011861885,0.6645911472157763,0.891,0.8855,218,229,95,56,39,0.0475,0.26988636363636365,0.857665592429215,0.8742419094101053
llama31-8b-base,qwen3-1.7b,rte,cross-family,8,1.7,166,111,62,0.7590520078999341,0.8772218564845293,0.80348913759052,0.07373271889400934,0.7527978933508886,0.006254114549045453,0.7379922179380726,0.2580135657003043,0.3853830315021445,0.6486486486486487,0.6936936936936937,39,34,19,18,1,0.17117117117117117,0.35185185185185186,0.6470588235294118,0.767094017094017
llama31-8b-base,qwen3-1.7b,truthfulqa,cross-family,8,1.7,980,654,327,0.8842222409262221,0.8749731130002151,0.6878021864975825,0.18717092650263256,0.6855109465159124,0.19871129441030977,0.645631231403682,0.40584206789113775,0.5139398188086132,0.7859327217125383,0.8012232415902141,140,130,73,25,48,0.11162079510703364,0.37055837563451777,0.8073399882560188,0.8004307948860478
llama31-8b-base,qwen3-32b,boolq,cross-family,8,32,1962,1308,475,0.7668970746193213,0.9175105831806406,0.794108801415303,0.12340178176533756,0.5705844443040373,0.196312630315284,0.6332090676687157,0.5882789314004309,0.6751419354375322,0.713302752293578,0.8707951070336392,375,169,117,98,19,0.08944954128440367,0.27400468384074944,0.6003709264329241,0.9005559128260092
llama31-8b-base,qwen3-32b,geometry_of_truth,cross-family,8,32,3018,2012,1000,0.9974249011857708,0.9991205533596839,0.9974881422924902,0.0016324110671936953,0.9860088932806323,0.011416007905138414,0.8553144581863186,0.7973399673496173,0.9056384046318254,0.9806163021868787,0.9870775347912525,39,26,17,12,5,0.008449304174950299,0.3541666666666667,0.9258463087768223,0.9851846075870404
llama31-8b-base,qwen3-32b,imdb,cross-family,8,32,3000,2000,1018,0.9481712074712207,0.9749198740391887,0.938229986515631,0.03668988752355762,0.6599638282803628,0.2882073791908579,0.5790134836350824,0.7418135970904647,0.7723233225079162,0.891,0.928,218,144,84,51,33,0.042,0.302158273381295,0.788991409243295,0.9186899576807833
llama31-8b-base,qwen3-32b,rte,cross-family,8,32,166,111,62,0.7590520078999341,0.9634628044766294,0.967412771560237,-0.0039499670836076195,0.6938775510204082,0.06517445687952594,0.6903471453362306,0.33399839562203715,0.4546324554709742,0.6486486486486487,0.8918918918918919,39,12,9,8,1,0.08108108108108109,0.21428571428571427,0.5429292929292928,0.9465811965811965
llama31-8b-base,qwen3-32b,truthfulqa,cross-family,8,32,980,654,327,0.8842222409262221,0.9692412722460698,0.843709377250325,0.1255318949957448,0.73468376212253,0.1495384788036922,0.5575158995885011,0.4239473052724354,0.6042451076109312,0.7859327217125383,0.900611620795107,140,65,35,18,17,0.053516819571865444,0.20588235294117646,0.7711636411127073,0.9538771539744302
llama31-8b-base,qwen3-8b,boolq,cross-family,8,8,1962,1308,475,0.7668970746193213,0.8986440892146333,0.8343716433941998,0.06427244582043357,0.6356302521008403,0.13126682251848099,0.5679954392853259,0.5049747882321293,0.623389157576691,0.713302752293578,0.827217125382263,375,226,149,128,21,0.11391437308868502,0.32964601769911506,0.6482300884955752,0.8752983208288674
llama31-8b-base,qwen3-8b,geometry_of_truth,cross-family,8,8,3018,2012,1000,0.9974249011857708,0.9976422924901186,0.9952895256916997,0.0023527667984188927,0.9868873517786562,0.0105375494071146,0.8675398646581662,0.8062411489347054,0.9034937215669605,0.9806163021868787,0.9796222664015904,39,41,22,15,7,0.010934393638170975,0.3793103448275862,0.9514051304896611,0.9675620881905727
llama31-8b-base,qwen3-8b,imdb,cross-family,8,8,3000,2000,1018,0.9481712074712207,0.9709705944726091,0.9590017165561642,0.011968877916444964,0.7111604159747758,0.237010791496445,0.6177083316279246,0.694747233520139,0.7458735359849237,0.891,0.9185,218,163,82,49,33,0.041,0.27424749163879597,0.8156770675047005,0.9113587454566049
llama31-8b-base,qwen3-8b,rte,cross-family,8,8,166,111,62,0.7590520078999341,0.9338380513495721,0.9256089532587228,0.008229098090849263,0.7290980908492429,0.02995391705069117,0.673115702083048,0.18286257211389556,0.4203920337900112,0.6486486486486487,0.8198198198198198,39,20,14,13,1,0.12612612612612611,0.3111111111111111,0.5785714285714286,0.9155982905982906
llama31-8b-base,qwen3-8b,truthfulqa,cross-family,8,8,980,654,327,0.8842222409262221,0.9380804084953567,0.8185150894518791,0.11956531904347756,0.7628706898970344,0.12135155102918771,0.4533477130830054,0.3326054672044819,0.5809416241953356,0.7859327217125383,0.8547400611620795,140,95,55,22,33,0.08409785932721713,0.3055555555555556,0.7725826193390453,0.9057809894385769
llama31-8b-base,qwen3-8b-base,boolq,cross-family,8,8,1962,1308,475,0.7668970746193213,0.8936298730018324,0.679406078220762,0.21422379478107034,0.659922916535035,0.10697415808428634,0.19361595884235916,0.47646685498751884,0.6315830026065179,0.713302752293578,0.8226299694189603,375,232,153,139,14,0.11697247706422019,0.3370044052863436,0.6421292142033072,0.8719542693819221
llama31-8b-base,qwen3-8b-base,geometry_of_truth,cross-family,8,8,3018,2012,1000,0.9974249011857708,0.9982579051383399,0.9959802371541502,0.002277667984189713,0.9764772727272728,0.020947628458497958,0.8265362567882829,0.8266300977646241,0.9069945360144686,0.9806163021868787,0.9781312127236581,39,44,23,16,7,0.01143141153081511,0.38333333333333336,0.9551113266814487,0.9749697843970524
llama31-8b-base,qwen3-8b-base,imdb,cross-family,8,8,3000,2000,1018,0.9481712074712207,0.9755150668816697,0.8905625422636936,0.08495252461797609,0.5442653419707986,0.4039058655004222,0.5784425981303966,0.733627776910247,0.7816375525453448,0.891,0.929,218,142,90,60,30,0.045,0.3333333333333333,0.772222137994815,0.9186127328329163
llama31-8b-base,qwen3-8b-base,rte,cross-family,8,8,166,111,62,0.7590520078999341,0.9157340355497038,0.9371296905859119,-0.021395655036208105,0.728768926925609,0.030283080974325083,0.495562020591013,0.19976767539194606,0.4226458041051978,0.6486486486486487,0.8018018018018018,39,22,17,15,2,0.15315315315315314,0.38636363636363635,0.5760980592441266,0.8942307692307692
llama31-8b-base,qwen3-8b-base,truthfulqa,cross-family,8,8,980,654,327,0.8842222409262221,0.9195073366439414,0.78882248968942,0.13068484695452132,0.7553984419568126,0.12882379896940954,0.37329065306455794,0.36831003686913444,0.5915802228596438,0.7859327217125383,0.827217125382263,140,113,68,25,43,0.10397553516819572,0.3675675675675676,0.7925343104378976,0.8665369649805448
llama31-8b-base,qwen38-27b,boolq,cross-family,8,27,1962,1308,475,0.7668970746193213,0.9392279016869906,0.8007935805901307,0.13843432109685982,0.6805459025715549,0.08635117204776643,0.8752761295097946,0.6213597668512967,0.675903811338403,0.713302752293578,0.8914373088685015,375,142,94,81,13,0.07186544342507645,0.2222222222222222,0.6165354045369991,0.9265480528760272
llama31-8b-base,qwen38-27b,geometry_of_truth,cross-family,8,27,3018,2012,1000,0.9974249011857708,0.9983764822134387,0.9955167984189723,0.002859683794466328,0.9831640316205533,0.014260869565217438,0.9253417849868262,0.8699969106999287,0.9113674944614516,0.9806163021868787,0.9826043737574552,39,35,16,13,3,0.007952286282306162,0.27586206896551724,0.9490136570561456,0.9799602323677337
llama31-8b-base,qwen38-27b,rte,cross-family,8,27,166,111,62,0.7590520078999341,0.967083607636603,0.9493087557603687,0.017774851876234288,0.718235681369322,0.04081632653061207,0.8972762238090805,0.3907573901396548,0.45506803522689343,0.6486486486486487,0.8558558558558559,39,16,12,11,1,0.10810810810810811,0.27906976744186046,0.5625,0.9554843304843305
llama31-8b-base,qwen38-27b,truthfulqa,cross-family,8,27,980,654,327,0.8842222409262221,0.9541471443668228,0.8512470891900233,0.10290005517679945,0.7321119621431043,0.1521102787831179,0.8590891957861828,0.5030569312663248,0.6168342287118571,0.7859327217125383,0.8776758409785933,140,80,43,19,24,0.06574923547400612,0.24293785310734464,0.7864547038327526,0.9294052251250695
olmo3-7b,qwen3-1.7b,boolq,cross-family,7,1.7,1962,1308,475,0.8341062740885827,0.8171352751626967,0.5282744676818095,0.28886080748088716,0.5574979465470399,0.27660832754154285,0.7148079738587307,0.5965190141948578,0.4194464080628435,0.7576452599388379,0.7477064220183486,317,330,194,166,28,0.14831804281345565,0.4282560706401766,0.7721323666108943,0.7397333095652672
olmo3-7b,qwen3-1.7b,geometry_of_truth,cross-family,7,1.7,3018,2012,1000,0.9942687747035572,0.9934357707509882,0.9874930830039526,0.005942687747035658,0.9891798418972332,0.0050889328063240535,0.8985906284434606,0.8457568998793634,0.7946913799030713,0.9602385685884692,0.9587475149105368,80,83,34,26,8,0.016898608349900597,0.26356589147286824,0.9586776343320403,0.9580615942028985
olmo3-7b,qwen3-1.7b,imdb,cross-family,7,1.7,3000,2000,1018,0.9686388389838309,0.9536549842148856,0.8350845673998376,0.11857041681504799,0.9512922186788518,0.01734662030497902,0.7072281497700239,0.6210539821606982,0.5371722936805994,0.9135,0.8855,173,229,127,80,47,0.0635,0.4618181818181818,0.8988334619623779,0.7980833420339102
olmo3-7b,qwen3-1.7b,rte,cross-family,7,1.7,166,111,62,0.8581303489137591,0.8772218564845293,0.8235681369321921,0.05365371955233722,0.8551678736010534,0.002962475312705659,0.6428739572183384,0.28897526906194737,0.1342595328408447,0.7387387387387387,0.6936936936936937,29,34,16,13,3,0.14414414414414414,0.3404255319148936,0.7906799083269671,0.714465937762826
olmo3-7b,qwen3-1.7b,truthfulqa,cross-family,7,1.7,980,654,327,0.8972495768220035,0.8749731130002151,0.7622721619018227,0.1127009510983924,0.7872981137016151,0.10995146312038839,0.6362274112254392,0.3897780538448715,0.22240769850145314,0.7981651376146789,0.8012232415902141,132,130,66,28,38,0.10091743119266056,0.336734693877551,0.8306224310041104,0.7876320678044817
olmo3-7b,qwen3-32b,boolq,cross-family,7,32,1962,1308,475,0.8341062740885827,0.9175105831806406,0.6879560245150691,0.2295545586655715,0.49637707714664814,0.3377291969419346,0.5739254876839196,0.5396064438389885,0.47065623782982147,0.7576452599388379,0.8707951070336392,317,169,106,90,16,0.08103975535168195,0.2789473684210526,0.6871853749006448,0.889300232056967
olmo3-7b,qwen3-32b,geometry_of_truth,cross-family,7,32,3018,2012,1000,0.9942687747035572,0.9991205533596839,0.9978794466403162,0.0012411067193676129,0.9904881422924903,0.0037806324110669642,0.8440701803637325,0.804117305266955,0.8238402386842005,0.9602385685884692,0.9870775347912525,80,26,18,13,5,0.008946322067594433,0.20454545454545456,0.9355101092261213,0.9935235507246377
olmo3-7b,qwen3-32b,imdb,cross-family,7,32,3000,2000,1018,0.9686388389838309,0.9749198740391887,0.9670283171747648,0.007891556864423888,0.9468307731705072,0.021808065813323618,0.47460516698076916,0.6610638985167965,0.5967986837133112,0.9135,0.928,173,144,105,69,36,0.0525,0.49528301886792453,0.8366446659482759,0.883440745908356
olmo3-7b,qwen3-32b,rte,cross-family,7,32,166,111,62,0.8581303489137591,0.9634628044766294,0.9519420671494403,0.011520737327189057,0.8489137590520079,0.009216589861751112,0.5553562077584476,0.315869772870617,0.17456026821033221,0.7387387387387387,0.8918918918918919,29,12,11,9,2,0.0990990990990991,0.36666666666666664,0.5816498316498316,0.9348191757779646
olmo3-7b,qwen3-32b,truthfulqa,cross-family,7,32,980,654,327,0.8972495768220035,0.9692412722460698,0.9062929607496565,0.06294831149641333,0.8239673054082616,0.07328227141374188,0.3780722485408862,0.396279107602154,0.3198510188098448,0.7981651376146789,0.900611620795107,132,65,32,16,16,0.04892966360856269,0.19393939393939394,0.811231552827478,0.9493643329850227
olmo3-7b,qwen3-8b,boolq,cross-family,7,8,1962,1308,475,0.8341062740885827,0.8986440892146333,0.7041005876034624,0.19454350161117095,0.6115094458836166,0.22259682820496618,0.5775004510406001,0.4847461203817557,0.44568147052767026,0.7576452599388379,0.827217125382263,317,226,138,119,19,0.10550458715596331,0.34074074074074073,0.7225434707931886,0.8595116299057448
olmo3-7b,qwen3-8b,geometry_of_truth,cross-family,7,8,3018,2012,1000,0.9942687747035572,0.9976422924901186,0.9950009881422925,0.0026413043478260567,0.9894782608695654,0.004790513833991872,0.8653402026881076,0.8110801633295133,0.8234531516730262,0.9602385685884692,0.9796222664015904,80,41,27,19,8,0.01341948310139165,0.2872340425531915,0.9354419571592976,0.9839156314699794
olmo3-7b,qwen3-8b,imdb,cross-family,7,8,3000,2000,1018,0.9686388389838309,0.9709705944726091,0.9641903976888513,0.0067801967837578525,0.9412749730912815,0.027363865892549355,0.6240341554862884,0.6348660141215922,0.5896537957908036,0.9135,0.9185,173,163,114,69,45,0.057,0.5135135135135135,0.8523866934285361,0.8657643377595539
olmo3-7b,qwen3-8b,rte,cross-family,7,8,166,111,62,0.8581303489137591,0.9338380513495721,0.9371296905859119,-0.003291639236339794,0.8528637261356156,0.005266622778143493,0.5671341684327251,0.2202387002063637,0.18670057969981857,0.7387387387387387,0.8198198198198198,29,20,14,11,3,0.12612612612612611,0.4,0.6895604395604396,0.8910849453322119
olmo3-7b,qwen3-8b,truthfulqa,cross-family,7,8,980,654,327,0.8972495768220035,0.9380804084953567,0.842895753256834,0.09518465523852271,0.8181503614547971,0.07909921536720632,0.47425061357871506,0.3167967674586213,0.2994264068922089,0.7981651376146789,0.8547400611620795,132,95,58,27,31,0.08868501529051988,0.3431952662721893,0.789511345447698,0.8942296528503425
olmo3-7b,qwen3-8b-base,boolq,cross-family,7,8,1962,1308,475,0.8341062740885827,0.8936298730018324,0.5589132495103304,0.334716623491502,0.5706627914323623,0.2634434826562204,0.17537586522011975,0.4514120265497752,0.44378299064526583,0.7576452599388379,0.8226299694189603,317,232,145,128,17,0.11085626911314984,0.3589108910891089,0.720861107550314,0.8516554351943517
olmo3-7b,qwen3-8b-base,geometry_of_truth,cross-family,7,8,3018,2012,1000,0.9942687747035572,0.9982579051383399,0.9965701581027667,0.0016877470355731727,0.989998023715415,0.0042707509881422245,0.758875319320054,0.830230387320681,0.8270282743616202,0.9602385685884692,0.9781312127236581,80,44,31,22,9,0.015407554671968192,0.3333333333333333,0.9342779933481153,0.9853713768115941
olmo3-7b,qwen3-8b-base,imdb,cross-family,7,8,3000,2000,1018,0.9686388389838309,0.9755150668816697,0.9661220235356255,0.009393043346044183,0.9379138840984479,0.03072495488538296,0.572022575625159,0.660427548996851,0.6130175240622008,0.9135,0.929,173,142,115,78,37,0.0575,0.575,0.8258653102685002,0.8822796143904376
olmo3-7b,qwen3-8b-base,rte,cross-family,7,8,166,111,62,0.8581303489137591,0.9157340355497038,0.933838051349572,-0.0181040157998682,0.8531928900592495,0.00493745885450958,0.4263454934553666,0.23926081811743594,0.18834774918716268,0.7387387387387387,0.8018018018018018,29,22,16,13,3,0.14414414414414414,0.45714285714285713,0.686414708886619,0.8654331370899915
olmo3-7b,qwen3-8b-base,truthfulqa,cross-family,7,8,980,654,327,0.8972495768220035,0.9195073366439414,0.8385938332912493,0.0809135033526921,0.812090265503278,0.08515931131872545,0.3825350443860831,0.35648060836490714,0.3215475701480238,0.7981651376146789,0.827217125382263,132,113,62,26,36,0.09480122324159021,0.33879781420765026,0.8227471251206385,0.8683095321026355
olmo3-7b,qwen38-27b,boolq,cross-family,7,27,1962,1308,475,0.8341062740885827,0.9392279016869906,0.6755392683389145,0.263688633348076,0.5730536425096354,0.2610526315789473,0.8548232461156507,0.5835429908562979,0.47755939062297226,0.7576452599388379,0.8914373088685015,317,142,88,74,14,0.0672782874617737,0.2371967654986523,0.6742081994540139,0.9162939642906027
olmo3-7b,qwen38-27b,geometry_of_truth,cross-family,7,27,3018,2012,1000,0.9942687747035572,0.9983764822134387,0.996554347826087,0.0018221343873516815,0.9902826086956521,0.003986166007905134,0.9604455996733654,0.8656211455024846,0.8275386905531716,0.9602385685884692,0.9826043737574552,80,35,26,21,5,0.012922465208747515,0.29213483146067415,0.9445191126526483,0.9905473602484471
olmo3-7b,qwen38-27b,rte,cross-family,7,27,166,111,62,0.8581303489137591,0.967083607636603,0.9608294930875576,0.006254114549045342,0.8584595128373931,-0.0003291639236340238,0.7884280101136392,0.3756904053388931,0.16895017911503474,0.7387387387387387,0.8558558558558559,29,16,12,10,2,0.10810810810810811,0.36363636363636365,0.6256578947368422,0.9440706476030278
olmo3-7b,qwen38-27b,truthfulqa,cross-family,7,27,980,654,327,0.8972495768220035,0.9541471443668228,0.8767499929860001,0.0773971513808227,0.8157281934741746,0.08152138334782888,0.7720825178814413,0.4651832238932214,0.32014468969854737,0.7981651376146789,0.8776758409785933,132,80,35,16,19,0.053516819571865444,0.1977401129943503,0.8251088850174215,0.930062115406943
qwen3-1.7b,qwen3-32b,boolq,same-family,1.7,32,1962,1308,475,0.8171352751626967,0.9175105831806406,0.8717103683578695,0.04580021482277108,0.6900284324256019,0.12710684273709483,0.6371198599620823,0.517798569526098,0.6189728311562156,0.7477064220183486,0.8707951070336392,330,169,107,87,20,0.08180428134556575,0.2729591836734694,0.6670961239746274,0.8882103240998946
qwen3-1.7b,qwen3-32b,geometry_of_truth,same-family,1.7,32,3018,2012,1000,0.9934357707509882,0.9991205533596839,0.9975711462450593,0.0015494071146245902,0.9879209486166007,0.005514822134387476,0.8356244298543037,0.7704508916305141,0.8530892333400566,0.9587475149105368,0.9870775347912525,83,26,18,12,6,0.008946322067594433,0.1978021978021978,0.939751336277016,0.9932545110457381
qwen3-1.7b,qwen3-32b,imdb,same-family,1.7,32,3000,2000,1018,0.9536549842148856,0.9749198740391887,0.9706224816840657,0.004297392355122942,0.9284338125552678,0.02522117165961779,0.49908807706989533,0.6200558293186487,0.6410360494213527,0.8855,0.928,229,144,108,62,46,0.054,0.4075471698113208,0.7817513769157088,0.9193163016971637
qwen3-1.7b,qwen3-32b,rte,same-family,1.7,32,166,111,62,0.8772218564845293,0.9634628044766294,0.956550362080316,0.00691244239631339,0.8196181698485846,0.05760368663594473,0.6241110451987061,0.28614583814186356,0.28659797644691487,0.6936936936936937,0.8918918918918919,34,12,10,8,2,0.09009009009009009,0.2777777777777778,0.5185185185185185,0.9461420932009168
qwen3-1.7b,qwen3-32b,truthfulqa,same-family,1.7,32,980,654,327,0.8749731130002151,0.9692412722460698,0.8719617690243058,0.09727950322176404,0.7446436420428508,0.13032947095736425,0.35450547147403016,0.32537004622080135,0.4031967088685603,0.8012232415902141,0.900611620795107,130,65,30,17,13,0.045871559633027525,0.18181818181818182,0.7776413739062296,0.951556077510276
qwen3-1.7b,qwen3-8b,boolq,same-family,1.7,8,1962,1308,475,0.8171352751626967,0.8986440892146333,0.8289732735199343,0.06967081569469902,0.6421355910785368,0.1749996840841599,0.784959827786507,0.48674369509371396,0.6394488605088419,0.7477064220183486,0.827217125382263,330,226,155,127,28,0.11850152905198777,0.3865336658354115,0.686527734611421,0.863757203941253
qwen3-1.7b,qwen3-8b,geometry_of_truth,same-family,1.7,8,3018,2012,1000,0.9934357707509882,0.9976422924901186,0.9958191699604744,0.0018231225296442277,0.9862332015810276,0.007202569169960649,0.9275813954740242,0.7988969238891813,0.867243774330553,0.9587475149105368,0.9796222664015904,83,41,26,17,9,0.012922465208747515,0.2653061224489796,0.9356523245597752,0.9831799983760859
qwen3-1.7b,qwen3-8b,imdb,same-family,1.7,8,3000,2000,1018,0.9536549842148856,0.9709705944726091,0.9652737486945772,0.005696845778031978,0.878352586237941,0.0753023979769446,0.7885623643251519,0.6322000573864841,0.6804842797631832,0.8855,0.9185,229,163,121,65,56,0.0605,0.44649446494464945,0.7948408815386517,0.907066542722514
qwen3-1.7b,qwen3-8b,rte,same-family,1.7,8,166,111,62,0.8772218564845293,0.9338380513495721,0.9321922317314022,0.001645819618169897,0.8179723502304148,0.059249506254114515,0.7883785934096338,0.21104275262900818,0.32549307292616325,0.6936936936936937,0.8198198198198198,34,20,15,13,2,0.13513513513513514,0.38461538461538464,0.6675824175824175,0.906035141329259
qwen3-1.7b,qwen3-8b,truthfulqa,same-family,1.7,8,980,654,327,0.8749731130002151,0.9380804084953567,0.8418202732654378,0.09626013522991883,0.748057122015543,0.1269159909846721,0.6416273568819773,0.2742183514688128,0.42549816645763805,0.8012232415902141,0.8547400611620795,130,95,50,21,29,0.0764525993883792,0.2857142857142857,0.7600979192166464,0.8951262477980036
qwen3-1.7b,qwen3-8b-base,boolq,same-family,1.7,8,1962,1308,475,0.8171352751626967,0.8936298730018324,0.6910696910343084,0.202560181967524,0.5807544070259683,0.23638086813672843,0.19777525259993964,0.430276401715717,0.6207525169378791,0.7477064220183486,0.8226299694189603,330,232,161,132,29,0.12308868501529052,0.4014962593516209,0.6908369119343675,0.8526089111978683
qwen3-1.7b,qwen3-8b-base,geometry_of_truth,same-family,1.7,8,3018,2012,1000,0.9934357707509882,0.9982579051383399,0.9966976284584981,0.001560276679841821,0.9871857707509881,0.006250000000000089,0.7949189588538178,0.8128190934067365,0.8646574764256512,0.9587475149105368,0.9781312127236581,83,44,27,18,9,0.01341948310139165,0.27,0.9405834257206209,0.9856346068566646
qwen3-1.7b,qwen3-8b-base,imdb,same-family,1.7,8,3000,2000,1018,0.9536549842148856,0.9755150668816697,0.9686448409284609,0.006870225953208742,0.865362377410281,0.0882926068046046,0.7558986849260422,0.6230884319006194,0.6715253304271955,0.8855,0.929,229,142,109,70,39,0.0545,0.41603053435114506,0.7744280537909913,0.9185790476848005
qwen3-1.7b,qwen3-8b-base,rte,same-family,1.7,8,166,111,62,0.8772218564845293,0.9157340355497038,0.9427254772876893,-0.02699144173798551,0.8344305464121132,0.0427913100724161,0.5865063876784669,0.21480039708158438,0.3097657012054842,0.6936936936936937,0.8018018018018018,34,22,14,13,1,0.12612612612612611,0.3333333333333333,0.6664964249233911,0.8789152024446141
qwen3-1.7b,qwen3-8b-base,truthfulqa,same-family,1.7,8,980,654,327,0.8749731130002151,0.9195073366439414,0.8267354973861161,0.09277183925782528,0.7561091939511265,0.11886391904908855,0.5359598202962942,0.2940182864468305,0.4226508148146324,0.8012232415902141,0.827217125382263,130,113,50,20,30,0.0764525993883792,0.25906735751295334,0.7963293147727086,0.8718731650029361
qwen3-1.7b,qwen38-27b,boolq,same-family,1.7,27,1962,1308,475,0.8171352751626967,0.9392279016869906,0.7899564036140773,0.1492714980729133,0.6600012636633601,0.1571340114993366,0.849238393335578,0.5658357989006113,0.6387243561808409,0.7477064220183486,0.8914373088685015,330,142,89,74,15,0.06804281345565749,0.23237597911227154,0.6484429734496171,0.9183739232818987
qwen3-1.7b,qwen38-27b,geometry_of_truth,same-family,1.7,27,3018,2012,1000,0.9934357707509882,0.9983764822134387,0.9962391304347826,0.002137351778656038,0.9880652173913045,0.005370553359683727,0.9467430320016028,0.8518981638150634,0.8626242728575451,0.9587475149105368,0.9826043737574552,83,35,23,18,5,0.01143141153081511,0.24210526315789474,0.9326685454151311,0.9858844397808965
qwen3-1.7b,qwen38-27b,rte,same-family,1.7,27,166,111,62,0.8772218564845293,0.967083607636603,0.9595128373930217,0.007570770243581215,0.8196181698485845,0.05760368663594484,0.8305005381102802,0.368453455041422,0.30845412510269876,0.6936936936936937,0.8558558558558559,34,16,13,11,2,0.11711711711711711,0.35135135135135137,0.594078947368421,0.9484339190221542
qwen3-1.7b,qwen38-27b,truthfulqa,same-family,1.7,27,980,654,327,0.8749731130002151,0.9541471443668228,0.8557828091537376,0.09836433521308519,0.768949489848404,0.10602362315181102,0.7338356304881501,0.41695492636375076,0.42194781197499676,0.8012232415902141,0.8776758409785933,130,80,38,18,20,0.0581039755351682,0.22093023255813954,0.7831445993031358,0.9292425132119789
qwen3-32b,qwen3-8b,boolq,same-family,32,8,1962,1308,475,0.9175105831806406,0.8986440892146333,0.7624009603841536,0.13624312883047973,0.8617552284071526,0.05575535477348803,0.5804108288804616,0.5427612178428611,0.5690551690132852,0.8707951070336392,0.827217125382263,169,226,113,87,26,0.0863914373088685,0.40070921985815605,0.8345369931133757,0.7513909741234656
qwen3-32b,qwen3-8b,geometry_of_truth,same-family,32,8,3018,2012,1000,0.9991205533596839,0.9976422924901186,0.9960563241106719,0.0015859683794466894,0.9980256916996048,0.001094861660079105,0.7936864062452902,0.8315351770698379,0.8145158952302185,0.9870775347912525,0.9796222664015904,26,41,19,12,7,0.009443339960238568,0.3958333333333333,0.9862889953100444,0.9576845611588813
qwen3-32b,qwen3-8b,imdb,same-family,32,8,3000,2000,1018,0.9749198740391887,0.9709705944726091,0.9653277661962474,0.0056428282763617554,0.9696171559585305,0.005302718080658186,0.3812452012350225,0.6813320767437605,0.7010973664845173,0.928,0.9185,144,163,121,66,55,0.0605,0.6505376344086021,0.877631240586312,0.8340779154693487
qwen3-32b,qwen3-8b,rte,same-family,32,8,166,111,62,0.9634628044766294,0.9338380513495721,0.9252797893350889,0.008558262014483176,0.9506254114549044,0.01283739302172493,0.5247642508859872,0.22893100505832165,0.3390578984341609,0.8918918918918919,0.8198198198198198,12,20,9,7,2,0.08108108108108109,0.391304347826087,0.921978021978022,0.7550505050505051
qwen3-32b,qwen3-8b,truthfulqa,same-family,32,8,980,654,327,0.9692412722460698,0.9380804084953567,0.8276706973786343,0.11040971111672238,0.8902823368777413,0.07895893536832854,0.2646642676285634,0.35528989454075155,0.4171249806878137,0.900611620795107,0.8547400611620795,65,95,31,17,14,0.047400611620795105,0.24031007751937986,0.9368421052631579,0.8479038788037091
qwen3-32b,qwen3-8b-base,boolq,same-family,32,8,1962,1308,475,0.9175105831806406,0.8936298730018324,0.6913072597460037,0.20232261325582868,0.8009654388071018,0.1165451443735388,0.3045303791786564,0.5260714905616933,0.5705010298689401,0.8707951070336392,0.8226299694189603,169,232,116,90,26,0.08868501529051988,0.4070175438596491,0.8410380079476991,0.7519676244603644
qwen3-32b,qwen3-8b-base,geometry_of_truth,same-family,32,8,3018,2012,1000,0.9991205533596839,0.9982579051383399,0.9971758893280632,0.0010820158102766708,0.998147233201581,0.0009733201581028084,0.6900836655609383,0.8458960552649911,0.8143092529114156,0.9870775347912525,0.9781312127236581,26,44,19,13,6,0.009443339960238568,0.37254901960784315,0.9878626201034737,0.9661089162599736
qwen3-32b,qwen3-8b-base,imdb,same-family,32,8,3000,2000,1018,0.9749198740391887,0.9755150668816697,0.9650216670201145,0.010493399861555175,0.9700142846282196,0.00490558941096908,0.4133167428486034,0.7048071454055758,0.7187060462957127,0.928,0.929,144,142,104,67,37,0.052,0.5714285714285714,0.8545801179520611,0.8582188397988507
qwen3-32b,qwen3-8b-base,rte,same-family,32,8,166,111,62,0.9634628044766294,0.9157340355497038,0.934825543120474,-0.01909150757077016,0.9476629361421988,0.01579986833443059,0.433236728323348,0.2491217512286893,0.34017661944885014,0.8918918918918919,0.8018018018018018,12,22,9,8,1,0.08108108108108109,0.36,0.8998978549540348,0.7255892255892256
qwen3-32b,qwen3-8b-base,truthfulqa,same-family,32,8,980,654,327,0.9692412722460698,0.9195073366439414,0.8414087852687298,0.0780985513752116,0.9048153447614772,0.06442592748459264,0.292878544353857,0.38817663730806273,0.4292372124708026,0.900611620795107,0.827217125382263,65,113,33,20,13,0.05045871559633028,0.22758620689655173,0.9428132105409518,0.8238474598406686
qwen3-32b,qwen38-27b,boolq,same-family,32,27,1962,1308,475,0.9175105831806406,0.9392279016869906,0.7937928855752827,0.14543501611170784,0.8531850634990837,0.06432551968155686,0.7004581308786804,0.6354331136478264,0.6005436121303522,0.8707951070336392,0.8914373088685015,169,142,94,70,24,0.07186544342507645,0.43317972350230416,0.7414357500060397,0.8323557984529146
qwen3-32b,qwen38-27b,geometry_of_truth,same-family,32,27,3018,2012,1000,0.9991205533596839,0.9983764822134387,0.9967934782608695,0.001583003952569162,0.9978745059288537,0.0012460474308301217,0.8754451240697517,0.8779413626148241,0.809062202560906,0.9870775347912525,0.9826043737574552,26,35,19,14,5,0.009443339960238568,0.4523809523809524,0.9848110412602067,0.9677163219459292
qwen3-32b,qwen38-27b,rte,same-family,32,27,166,111,62,0.9634628044766294,0.967083607636603,0.9585253456221199,0.008558262014483065,0.9611586570111916,0.0023041474654377225,0.7047644813387082,0.4054316782640184,0.35110541214780433,0.8918918918918919,0.8558558558558559,12,16,8,7,1,0.07207207207207207,0.4,0.868421052631579,0.8493265993265994
qwen3-32b,qwen38-27b,truthfulqa,same-family,32,27,980,654,327,0.9692412722460698,0.9541471443668228,0.8808461689532306,0.07330097541359215,0.9038427367692581,0.06539853547681174,0.5749037302976475,0.5038382855187689,0.44090259204468507,0.900611620795107,0.8776758409785933,65,80,25,14,11,0.0382262996941896,0.20833333333333334,0.9357578397212544,0.8947629619955596
qwen3-8b,qwen3-8b-base,boolq,same-family,8,8,1962,1308,475,0.8986440892146333,0.8936298730018324,0.7729146395400266,0.1207152334618058,0.8801819675238515,0.018462121690781874,0.45962361577696115,0.7184744262630601,0.7396914666159344,0.827217125382263,0.8226299694189603,226,232,149,116,33,0.11391437308868502,0.48220064724919093,0.8049208434816048,0.787749660576121
qwen3-8b,qwen3-8b-base,geometry_of_truth,same-family,8,8,3018,2012,1000,0.9976422924901186,0.9982579051383399,0.9969624505928854,0.001295454545454544,0.9959664031620553,0.0016758893280632847,0.880212718937976,0.9023709875008974,0.8906972852952512,0.9796222664015904,0.9781312127236581,41,44,33,23,10,0.016401590457256462,0.6346153846153846,0.9670408351810791,0.9677642895150412
qwen3-8b,qwen3-8b-base,imdb,same-family,8,8,3000,2000,1018,0.9709705944726091,0.9755150668816697,0.9650016605380143,0.010513406343655385,0.9640493519900448,0.006921242482564316,0.8513674997347099,0.8465267587619727,0.8402414151932316,0.9185,0.929,163,142,111,68,43,0.0555,0.5721649484536082,0.8331387680225595,0.8756274400446179
qwen3-8b,qwen3-8b-base,rte,same-family,8,8,166,111,62,0.9338380513495721,0.9157340355497038,0.9407504937458854,-0.02501645819618159,0.935154707044108,-0.0013166556945358732,0.7175905473835169,0.3170338889197487,0.29668394914089435,0.8198198198198198,0.8018018018018018,20,22,14,12,2,0.12612612612612611,0.5,0.8462717058222676,0.8252747252747252
qwen3-8b,qwen3-8b-base,truthfulqa,same-family,8,8,980,654,327,0.9380804084953567,0.9195073366439414,0.8585697051314423,0.06093763151249909,0.843354001253168,0.09472640724218873,0.6482278662210675,0.5198347494012434,0.4982880242805179,0.8547400611620795,0.827217125382263,95,113,56,25,31,0.0856269113149847,0.3684210526315789,0.8756154613711088,0.8141041333207797
qwen3-8b,qwen38-27b,boolq,same-family,8,27,1962,1308,475,0.8986440892146333,0.9392279016869906,0.8164225690276111,0.12280533265937943,0.8288848170847285,0.06975927212990485,0.6636535438356944,0.6110980209963883,0.5457940101331371,0.827217125382263,0.8914373088685015,226,142,100,72,28,0.0764525993883792,0.373134328358209,0.7313011861909019,0.8717877414816875
qwen3-8b,qwen38-27b,geometry_of_truth,same-family,8,27,3018,2012,1000,0.9976422924901186,0.9983764822134387,0.9967272727272727,0.0016492094861659812,0.9955286561264822,0.002113636363636373,0.8951538917014901,0.8820970858118132,0.8344122772356575,0.9796222664015904,0.9826043737574552,41,35,25,19,6,0.01242544731610338,0.49019607843137253,0.9706481682202471,0.9791736273527119
qwen3-8b,qwen38-27b,rte,same-family,8,27,166,111,62,0.9338380513495721,0.967083607636603,0.9595128373930217,0.007570770243581215,0.9265964450296248,0.007241606319947302,0.7030143139132141,0.3999553863722751,0.23211074243382368,0.8198198198198198,0.8558558558558559,20,16,12,10,2,0.10810810810810811,0.5,0.7960526315789473,0.9236263736263736
qwen3-8b,qwen38-27b,truthfulqa,same-family,8,27,980,654,327,0.9380804084953567,0.9541471443668228,0.8769276809845785,0.07721946338224428,0.82998999336008,0.10809041513527673,0.5189564870130736,0.49078653687089946,0.3582149415208761,0.8547400611620795,0.8776758409785933,95,80,33,17,16,0.05045871559633028,0.2323943661971831,0.8782665505226481,0.9125129460502778
qwen3-8b-base,qwen38-27b,boolq,same-family,8,27,1962,1308,475,0.8936298730018324,0.9392279016869906,0.7345270739874897,0.20470082769950082,0.6374170720919947,0.25621280090983767,0.1798074467287068,0.6130187697769451,0.5169037387789173,0.8226299694189603,0.8914373088685015,232,142,98,75,23,0.07492354740061162,0.35507246376811596,0.7328231826637354,0.8833362709908986
qwen3-8b-base,qwen38-27b,geometry_of_truth,same-family,8,27,3018,2012,1000,0.9982579051383399,0.9983764822134387,0.996846837944664,0.0015296442687746659,0.997094861660079,0.0011630434782609056,0.7648056117263775,0.8852569345797606,0.8520893320157121,0.9781312127236581,0.9826043737574552,44,35,24,19,5,0.011928429423459244,0.43636363636363634,0.974738059108317,0.9811876385809313
qwen3-8b-base,qwen38-27b,rte,same-family,8,27,166,111,62,0.9157340355497038,0.967083607636603,0.9601711652402896,0.00691244239631339,0.9384463462804477,-0.022712310730743868,0.5229343418490815,0.4035709072104441,0.25423180773326315,0.8018018018018018,0.8558558558558559,22,16,10,9,1,0.09009009009009009,0.35714285714285715,0.7743421052631578,0.9131767109295199
qwen3-8b-base,qwen38-27b,truthfulqa,same-family,8,27,980,654,327,0.9195073366439414,0.9541471443668228,0.902570864779433,0.05157627958738975,0.8512564411899485,0.06825089545399288,0.4556842657920618,0.5019257764965761,0.39224347854340635,0.827217125382263,0.8776758409785933,113,80,35,19,16,0.053516819571865444,0.22151898734177214,0.8424869337979094,0.9233801711023506
gemma2-9b,gemma4-12b,imdb,same-family,9,12,3000,2000,1018,0.9717328414406267,0.5940754804556677,0.49409108551170583,0.09998439494396189,0.17452354562878372,0.797209295811843,0.10187370856238102,-0.17437848240069687,0.011213414135043842,0.9265,0.556,147,888,83,49,34,0.0415,0.08718487394957983,0.9704989386868882,0.5443168092925244
gemma2-9b,gemma4-12b-base,imdb,same-family,9,12,3000,2000,1018,0.9717328414406267,0.9185276029433537,0.6567037720221351,0.2618238309212185,0.9549674094406589,0.016765431999967717,0.762092856276678,0.6806034576153421,0.7142127154812894,0.9265,0.8415,147,317,81,55,26,0.0405,0.21148825065274152,0.9360538020771829,0.755582967131807
gemma2-9b,gptj-6b,imdb,cross-family,9,6,3000,2000,1018,0.9717328414406267,0.9469618156282635,0.6787969302053865,0.2681648854228771,0.9523575638506876,0.019375277589939066,0.6882026705680052,0.6783387631350895,0.6601715184252949,0.9265,0.8845,147,231,82,54,28,0.041,0.27702702702702703,0.9114034636928928,0.812633310204816
gemma2-9b,llama-8b,imdb,cross-family,9,8,3000,2000,1018,0.9717328414406267,0.9719108991313186,0.9589116873867134,0.012999211744605166,0.9682877252229722,0.0034451162176544203,0.7672132856985521,0.787478238540425,0.7370874855997662,0.9265,0.918,147,164,102,70,32,0.051,0.4880382775119617,0.8560364525213879,0.8469038991743486
gemma2-9b,llama31-405b,geometry_of_truth,cross-family,9,405,3018,2012,1000,0.9984673913043478,0.9992994071146246,0.9984505928853755,0.0008488142292490952,0.9971778656126482,0.0012895256916996,0.8963185869925405,0.8822087362368497,0.9007898372928741,0.9865805168986084,0.992544731610338,27,15,15,12,3,0.007455268389662028,0.5555555555555556,0.9390752795860458,0.9799048418695774
gemma2-9b,llama31-405b,imdb,cross-family,9,405,3000,2000,1018,0.9717328414406267,0.9815920358196056,0.9807977784802274,0.0007942573393782126,0.9643174388501875,0.007415402590439157,0.6803430382165041,0.6323233014258454,0.6865867131765209,0.9265,0.9395,147,121,90,58,32,0.045,0.5056179775280899,0.8083647447428955,0.9005877580389955
gemma2-9b,llama31-70b,geometry_of_truth,cross-family,9,70,3018,2012,1000,0.9984673913043478,0.9990503952569171,0.9982658102766799,0.0007845849802371463,0.9973498023715415,0.0011175889328063349,0.9563375640634019,0.9089004542025213,0.8930302592199624,0.9865805168986084,0.9895626242544732,27,21,17,13,4,0.008449304174950299,0.5483870967741935,0.9511372605295257,0.9719563392107472
gemma2-9b,llama31-70b,imdb,cross-family,9,70,3000,2000,1018,0.9717328414406267,0.9821732241246164,0.9808137836659078,0.0013594404587086162,0.9654818161084192,0.006251025332207449,0.7419915818779872,0.7424439066401942,0.7218237832848176,0.9265,0.939,147,122,94,55,39,0.047,0.5371428571428571,0.8067834633984532,0.899607549441795
gemma2-9b,llama31-70b-base,imdb,cross-family,9,70,3000,2000,1018,0.9717328414406267,0.9586415998783605,0.7849013080237998,0.17374029185456075,0.9570800939504399,0.014652747490186746,0.7283272175770525,0.6856738929001058,0.6809263376489189,0.9265,0.895,147,210,81,55,26,0.0405,0.29347826086956524,0.9035514764565045,0.8360114688077065
gemma2-9b,llama31-70b-base,rte,cross-family,9,70,166,111,62,0.9430546412113232,0.8225806451612903,0.8067807768268598,0.015799868334430478,0.922317314022383,0.02073732718894017,0.8096693335431782,0.3997500582452017,0.2371103218784949,0.8378378378378378,0.6846846846846847,18,35,11,10,1,0.0990990990990991,0.2619047619047619,0.9109022556390978,0.6009557945041816
gemma2-9b,llama31-8b-base,imdb,cross-family,9,8,3000,2000,1018,0.9717328414406267,0.9481712074712207,0.6598317854985014,0.28833942197271933,0.9549373997175086,0.016795441723118087,0.7433886091617651,0.7776002171889216,0.723820125268567,0.9265,0.891,147,218,79,52,27,0.0395,0.2762237762237762,0.9064009102235403,0.8027761563340933
gemma2-9b,olmo3-7b,imdb,cross-family,9,7,3000,2000,1018,0.9717328414406267,0.9686388389838309,0.9539010639447181,0.014737775039112777,0.9610903932874251,0.010642448153201589,0.7762722918970679,0.6054258420212465,0.6394549925171888,0.9265,0.9135,147,173,111,72,39,0.0555,0.5311004784688995,0.861391902452297,0.8363969440987404
gemma2-9b,qwen3-1.7b,imdb,cross-family,9,1.7,3000,2000,1018,0.9717328414406267,0.9536549842148856,0.9343717364426075,0.019283247772278078,0.962373809114153,0.009359032326473615,0.6923497427747389,0.656747224753778,0.5923262484407966,0.9265,0.8855,147,229,111,64,47,0.0555,0.4188679245283019,0.9050988882012235,0.7822248165321174
gemma2-9b,qwen3-32b,imdb,cross-family,9,32,3000,2000,1018,0.9717328414406267,0.9749198740391887,0.9711236440606756,0.0037962299785130327,0.9636022071151054,0.008130634325521302,0.4452642913002276,0.715594325259759,0.6916189599100384,0.9265,0.928,147,144,109,66,43,0.0545,0.5989010989010989,0.8310434626436782,0.859275820419911
gemma2-9b,qwen3-8b,imdb,cross-family,9,8,3000,2000,1018,0.9717328414406267,0.9709705944726091,0.9645505143666547,0.006420080105954407,0.9599940380683342,0.011738803372292494,0.6766387402551685,0.6851813417179462,0.6802516983165774,0.9265,0.9185,147,163,114,63,51,0.057,0.5816326530612245,0.8528909832315293,0.8401782731441201
gemma2-9b,qwen3-8b-base,imdb,cross-family,9,8,3000,2000,1018,0.9717328414406267,0.9755150668816697,0.9669462905981537,0.008568776283515933,0.9593678351785978,0.012365006262028855,0.6593734904059666,0.6993551028891327,0.6905399606775915,0.9265,0.929,147,142,102,67,35,0.051,0.5454545454545454,0.8287004047969194,0.8620989680275781
gemma4-12b,llama31-70b-base,imdb,cross-family,12,70,3000,2000,1018,0.5940754804556677,0.9586415998783605,0.6689317338817777,0.28970986599658277,0.48978669088784765,0.10428878956782006,0.087488184421987,0.028122913787454795,-0.23508266016985546,0.556,0.895,888,210,119,71,48,0.0595,0.12155260469867211,0.533365256717212,0.9579029344092294
