overseer,target,dataset,n,n_false,auroc_a,auroc_b,gate_a_edge_a,gate_a_edge_b,conf_wrong_a,conf_wrong_b,transfer_a_to_b,gap_a_to_b,transfer_b_to_a,gap_b_to_a,cka,map_r2_a_to_b,map_r2_b_to_a,fa_rate,row2_n,p_overseer,p_target,rho,rho_over_max,fa_independent,frechet_hi,coverage_strong,coverage_target
gemma2-9b,gemma4-12b,boolq,1308,475,0.9097794907436658,0.5638819738421684,0.03949897873362973,0.06143355209187862,0.12102874432677761,0.3516819571865443,0.4881986478802046,0.07568332596196381,0.5133859859733367,0.3963935047703291,0.20584651782160265,-0.07705117300840558,0.04004902382130826,0.2505263157894737,119,0.25473684210526315,0.9642105263157895,0.06061723255471023,0.538162372386971,0.24561994459833794,0.25473684210526315,0.016528925619834545,0.740174672489083
gemma2-9b,gemma4-12b,geometry_of_truth,2012,1000,0.9984673913043478,0.7480750988142292,0.07388008475840868,0.2826014006995602,0.014577259475218658,0.4846077457795432,0.6225750988142293,0.12549999999999983,0.97799604743083,0.02047134387351779,0.5376438622047869,0.5907591083576487,0.6441672161997377,0.013,13,0.021,0.338,0.08701835458531262,0.4245432311897569,0.007098000000000001,0.021,0.38095238095238104,0.9615384615384616
gemma2-9b,gemma4-12b,imdb,2000,1018,0.9717328414406267,0.5940754804556677,-0.00011345483589886296,0.10790438247011958,0.025565388397246803,0.49201596806387227,0.49409108551170583,0.09998439494396189,0.17452354562878372,0.797209295811843,0.10187370856238102,-0.17437848240069687,0.011213414135043842,0.0481335952848723,49,0.08349705304518663,0.44106090373280943,0.0823164895813702,0.24226196629794278,0.036827285675136344,0.08349705304518663,0.4235294117647058,0.8908685968819599
gemma2-9b,gemma4-12b,rte,111,62,0.9430546412113232,0.4427254772876893,0.006666666666666599,-0.04487179487179482,0.017241379310344827,0.5535714285714286,0.4466754443712969,-0.0039499670836076195,0.9088215931533904,0.03423304805793281,0.3802006329708441,-0.007147673325141213,-0.2474353341590778,0.20967741935483872,13,0.22580645161290322,0.8225806451612904,0.14983792845720334,0.5974025974025977,0.18574401664932363,0.22580645161290322,0.0714285714285714,0.7450980392156863
gemma2-9b,gemma4-12b,truthfulqa,654,327,0.9443930084448559,0.6490942588072459,0.14681540808543103,0.1617931547619047,0.25914634146341464,0.46646341463414637,0.5106659559146722,0.13842830289257368,0.7564178099486576,0.18797519849619826,0.14068213381070935,-0.15203143249648243,-0.23649948285665467,0.0856269113149847,28,0.1712538226299694,0.40672782874617736,0.08631425412183248,0.1572164948453608,0.06965369544277043,0.1712538226299694,0.5,0.7894736842105263
gemma2-9b,gemma4-12b-base,boolq,1308,475,0.9097794907436658,0.8315284008340178,0.03949897873362973,0.04747755834829448,0.12102874432677761,0.1491628614916286,0.6161799456624755,0.21534845517154233,0.8636355594869525,0.046143931256713344,0.6535353190846745,0.5387204588049692,0.5864796765863327,0.23578947368421052,112,0.25473684210526315,0.6421052631578947,0.345768692965554,0.7921730675741372,0.1635678670360111,0.25473684210526315,0.07438016528925617,0.6327868852459017
gemma2-9b,gemma4-12b-base,geometry_of_truth,2012,1000,0.9984673913043478,0.9973596837944664,0.07388008475840868,0.13830955334987594,0.014577259475218658,0.09343936381709742,0.9873725296442688,0.009987154150197575,0.9966590909090909,0.0018083003952569232,0.9352777650237506,0.8645146096774637,0.8809519859212185,0.012,12,0.021,0.026,0.501984182874378,0.5599882663537693,0.000546,0.021,0.4285714285714286,0.5384615384615384
gemma2-9b,gemma4-12b-base,imdb,2000,1018,0.9717328414406267,0.9185276029433537,-0.00011345483589886296,0.36237361462181594,0.025565388397246803,0.4132804757185332,0.6567037720221351,0.2618238309212185,0.9549674094406589,0.016765431999967717,0.762092856276678,0.6806034576153421,0.7142127154812894,0.054027504911591355,55,0.08349705304518663,0.17779960707269155,0.37044796523098417,0.5707358212102046,0.014845743223161867,0.08349705304518663,0.3529411764705882,0.6961325966850829
gemma2-9b,gemma4-12b-base,rte,111,62,0.9430546412113232,0.7890059249506254,0.006666666666666599,0.14822134387351782,0.017241379310344827,0.375,0.7179065174456879,0.07109940750493748,0.9061882817643185,0.03686635944700467,0.8255384212910513,0.2813083025622478,0.29353143966491135,0.1774193548387097,11,0.22580645161290322,0.5645161290322581,0.24093544077473364,0.5079365079365079,0.12747138397502603,0.22580645161290322,0.2142857142857142,0.6857142857142857
gemma2-9b,gemma4-12b-base,truthfulqa,654,327,0.9443930084448559,0.8785549289715606,0.14681540808543103,0.2616019634091923,0.25914634146341464,0.43902439024390244,0.7565206819478345,0.12203424702372612,0.8383039212935687,0.10608908715128718,0.6496839069072275,0.435629469260587,0.4412963986056381,0.05504587155963303,18,0.1712538226299694,0.12538226299694188,0.26911682147215416,0.3231032310323102,0.02147219182822246,0.12538226299694188,0.5609756097560975,0.5609756097560975
gemma2-9b,gemma4-31b,boolq,1308,475,0.9097794907436658,0.8310406267770266,0.03949897873362973,0.16187880058712512,0.12102874432677761,0.21712538226299694,0.566702470461869,0.26433815631515767,0.72281291463954,0.18696657610412581,0.27027491254088615,0.2151223967058461,0.2776993578875332,0.1705263157894737,81,0.25473684210526315,0.4168421052631579,0.2995091406044998,0.43312348957245583,0.10618504155124654,0.25473684210526315,0.3305785123966941,0.5909090909090908
gemma2-9b,gemma4-31b,geometry_of_truth,2012,1000,0.9984673913043478,0.9628982213438735,0.07388008475840868,0.45529668495876263,0.014577259475218658,0.4393638170974155,0.7858132411067194,0.17708498023715413,0.9856096837944663,0.012857707509881466,0.8516091749784147,0.8258927500917543,0.807723759827677,0.012,12,0.021,0.113,0.21207474178365543,0.5168304074730227,0.002373,0.021,0.4285714285714286,0.8938053097345133
gemma2-9b,gemma4-31b,rte,111,62,0.9430546412113232,0.6277156023699803,0.006666666666666599,-0.000645161290322549,0.017241379310344827,0.4107142857142857,0.620803159973667,0.006912442396313279,0.9216589861751153,0.021395655036207883,0.3537375041761668,0.041804438269865574,-0.05449988625249769,0.14516129032258066,9,0.22580645161290322,0.6129032258064516,0.03321171422210231,0.07738095238095237,0.1383975026014568,0.22580645161290322,0.3571428571428571,0.763157894736842
gemma2-9b,gemma4-31b,truthfulqa,654,327,0.9443930084448559,0.7854838257161294,0.14681540808543103,0.44235373335328443,0.25914634146341464,0.5443425076452599,0.6977153064182775,0.0877685192978519,0.7854744737162042,0.1589185347286517,0.33451069032840913,0.17403820177392026,0.14090053184170237,0.0764525993883792,25,0.1712538226299694,0.25382262996941896,0.20118372330483653,0.25812353629976575,0.043468095652255234,0.1712538226299694,0.5535714285714286,0.6987951807228916
gemma2-9b,gptj-6b,boolq,1308,475,0.9097794907436658,0.6656902761104442,0.03949897873362973,0.20653974953779597,0.12102874432677761,0.6237482117310443,0.5268187274909963,0.13887154861944784,0.6240576230492197,0.2857218676944461,0.6886725946860072,0.6195041798292678,0.5648146701140211,0.23789473684210527,113,0.25473684210526315,0.8757894736842106,0.1029791805768848,0.46771256478498374,0.22309584487534626,0.25473684210526315,0.06611570247933873,0.7283653846153846
gemma2-9b,gptj-6b,geometry_of_truth,2012,1000,0.9984673913043478,0.9835780632411067,0.07388008475840868,0.5482477023411999,0.014577259475218658,0.5464190981432361,0.8688280632411066,0.11475000000000013,0.9951798418972332,0.0032875494071146205,0.9237894656974908,0.8862875016462142,0.8655741671831352,0.015,15,0.021,0.074,0.35823726488692204,0.6914532551681579,0.001554,0.021,0.2857142857142858,0.7972972972972973
gemma2-9b,gptj-6b,imdb,2000,1018,0.9717328414406267,0.9469618156282635,-0.00011345483589886296,0.48659038116650455,0.025565388397246803,0.5482625482625483,0.6787969302053865,0.2681648854228771,0.9523575638506876,0.019375277589939066,0.6882026705680052,0.6783387631350895,0.6601715184252949,0.05304518664047151,54,0.08349705304518663,0.13163064833005894,0.44965387452275973,0.5800106467926537,0.01099077122598724,0.08349705304518663,0.3647058823529411,0.5970149253731343
gemma2-9b,gptj-6b,rte,111,62,0.9430546412113232,0.6645819618169848,0.006666666666666599,0.27960526315789475,0.017241379310344827,0.3709677419354839,0.5467412771560237,0.11784068466096109,0.826201448321264,0.11685319289005924,0.7110991090670952,0.30003205081633844,0.2766692759584506,0.1935483870967742,12,0.22580645161290322,0.9032258064516129,-0.08417937871268423,-0.13888888888888873,0.2039542143600416,0.22580645161290322,0.1428571428571429,0.7857142857142857
gemma2-9b,gptj-6b,truthfulqa,654,327,0.9443930084448559,0.8530333211757335,0.14681540808543103,0.32313192572626537,0.25914634146341464,0.5137614678899083,0.7297459061620327,0.12328741501370077,0.846870353225037,0.09752265521981884,0.613312826101527,0.45134206375084673,0.4083509471484983,0.0581039755351682,19,0.1712538226299694,0.14678899082568808,0.24726220741798238,0.27098708487084866,0.025138175798894595,0.14678899082568808,0.6041666666666667,0.6041666666666667
gemma2-9b,llama-8b,boolq,1308,475,0.9097794907436658,0.8544310355721236,0.03949897873362973,0.04359931113662474,0.12102874432677761,0.13302752293577982,0.7521804511278196,0.10225058444430402,0.8726859164718519,0.03709357427181392,0.6261091670280587,0.6970251558958143,0.610967555550622,0.1936842105263158,92,0.25473684210526315,0.4105263157894737,0.41573198594640187,0.5934179456906729,0.10457617728531855,0.25473684210526315,0.23966942148760328,0.5282051282051282
gemma2-9b,llama-8b,geometry_of_truth,2012,1000,0.9984673913043478,0.9984980237154151,0.07388008475840868,0.004826841706890184,0.014577259475218658,0.006958250497017893,0.9958458498023716,0.0026521739130435096,0.9972994071146245,0.0011679841897233034,0.9594863053716972,0.9059065034988314,0.8869532165477446,0.016,16,0.021,0.02,0.7761370657218201,0.7957099080694583,0.00042,0.02,0.19999999999999996,0.19999999999999996
gemma2-9b,llama-8b,imdb,2000,1018,0.9717328414406267,0.9719108991313186,-0.00011345483589886296,0.003963849690819643,0.025565388397246803,0.019,0.9589116873867134,0.012999211744605166,0.9682877252229722,0.0034451162176544203,0.7672132856985521,0.787478238540425,0.7370874855997662,0.068762278978389,70,0.08349705304518663,0.10903732809430255,0.6919085661101985,0.8019326804591735,0.0091042955677954,0.08349705304518663,0.17647058823529393,0.36936936936936926
gemma2-9b,llama-8b,rte,111,62,0.9430546412113232,0.8127057274522712,0.006666666666666599,0.0039525691699604515,0.017241379310344827,0.21428571428571427,0.7903225806451614,0.022383146807109844,0.9265964450296247,0.016458196181698526,0.839728418750449,0.4493793621750025,0.2699700945756789,0.16129032258064516,10,0.22580645161290322,0.4838709677419355,0.24900596027799862,0.4464285714285713,0.10926118626430802,0.22580645161290322,0.2857142857142857,0.6666666666666667
gemma2-9b,llama-8b,truthfulqa,654,327,0.9443930084448559,0.9356301845149585,0.14681540808543103,0.2551085448614602,0.25914634146341464,0.3780487804878049,0.8233968334128254,0.11223335110213306,0.8517520971859832,0.09264091125887264,0.704246836520155,0.5977438928193725,0.45352645444579187,0.07951070336391437,26,0.1712538226299694,0.1345565749235474,0.43923293133735364,0.5063737001006373,0.023043327815653374,0.1345565749235474,0.40909090909090906,0.40909090909090906
gemma2-9b,llama31-405b,boolq,1308,475,0.9097794907436658,0.9538838693372085,0.03949897873362973,-1.0338054378222772e-05,0.12102874432677761,0.03211009174311927,0.9125595501358438,0.0413243192013647,0.8391103809945031,0.07066910974916274,0.5303848598285164,0.4483825196855268,0.5966024662406486,0.13052631578947368,62,0.25473684210526315,0.17894736842105263,0.5085957667549471,0.6369225656364242,0.04558448753462604,0.17894736842105263,0.2705882352941177,0.2705882352941177
gemma2-9b,llama31-405b,geometry_of_truth,2012,1000,0.9984673913043478,0.9992994071146246,0.07388008475840868,0.02268716373487989,0.014577259475218658,0.01485148514851485,0.9984505928853755,0.0008488142292490952,0.9971778656126482,0.0012895256916996,0.8963185869925405,0.8822087362368497,0.9007898372928741,0.012,12,0.021,0.012,0.7524780730584623,0.9999999999999997,0.000252,0.012,0.0,0.0
gemma2-9b,llama31-405b,imdb,2000,1018,0.9717328414406267,0.9815920358196056,-0.00011345483589886296,-0.002429182194380375,0.025565388397246803,0.006789524733268671,0.9807977784802274,0.0007942573393782126,0.9643174388501875,0.007415402590439157,0.6803430382165041,0.6323233014258454,0.6865867131765209,0.05697445972495088,58,0.08349705304518663,0.06974459724950884,0.7259306992123993,0.8002204006461059,0.005823468336157417,0.06974459724950884,0.18309859154929575,0.18309859154929575
gemma2-9b,llama31-405b,rte,111,62,0.9430546412113232,0.9381171823568137,0.006666666666666599,0.014102564102564163,0.017241379310344827,0.08928571428571429,0.9114549045424621,0.026662277814351598,0.9285714285714286,0.014483212639894605,0.7553467638298169,0.36234341327271147,0.259822529056559,0.14516129032258066,9,0.22580645161290322,0.25806451612903225,0.47492269448299645,0.5186335403726707,0.0582726326742976,0.22580645161290322,0.3571428571428571,0.4375
gemma2-9b,llama31-405b,truthfulqa,654,327,0.9443930084448559,0.9737021762103826,0.14681540808543103,0.059963167587476884,0.25914634146341464,0.09063444108761329,0.9472734244218126,0.02642875178856996,0.8403146012774831,0.10407840716737271,0.800459596690659,0.5099108264867711,0.45571652557727094,0.06116207951070336,20,0.1712538226299694,0.08868501529051988,0.42926559744145204,0.6255248759384143,0.015187647878498816,0.08868501529051988,0.31034482758620696,0.31034482758620696
gemma2-9b,llama31-70b,boolq,1308,475,0.9097794907436658,0.9376559044670498,0.03949897873362973,-0.0013040046669641203,0.12102874432677761,0.03765060240963856,0.8838567005749669,0.053799203892082925,0.8689808555000947,0.04079863524357108,0.5787214923865766,0.5945284354181652,0.5853076929025993,0.15789473684210525,75,0.25473684210526315,0.2231578947368421,0.5570002199843219,0.6075844792666025,0.05684653739612188,0.2231578947368421,0.2924528301886793,0.2924528301886793
gemma2-9b,llama31-70b,geometry_of_truth,2012,1000,0.9984673913043478,0.9990503952569171,0.07388008475840868,0.004721374045801641,0.014577259475218658,0.0107421875,0.9982658102766799,0.0007845849802371463,0.9973498023715415,0.0011175889328063349,0.9563375640634019,0.9089004542025213,0.8930302592199624,0.013,13,0.021,0.016,0.703902273710421,0.8084780388151175,0.00033600000000000004,0.016,0.1875,0.1875
gemma2-9b,llama31-70b,imdb,2000,1018,0.9717328414406267,0.9821732241246164,-0.00011345483589886296,0.001270650367035886,0.025565388397246803,0.008620689655172414,0.9808137836659078,0.0013594404587086162,0.9654818161084192,0.006251025332207449,0.7419915818779872,0.7424439066401942,0.7218237832848176,0.054027504911591355,55,0.08349705304518663,0.0618860510805501,0.7330415115202179,0.861447115466408,0.005167302889829821,0.0618860510805501,0.12698412698412698,0.12698412698412698
gemma2-9b,llama31-70b,rte,111,62,0.9430546412113232,0.9420671494404212,0.006666666666666599,-0.003906250000000111,0.017241379310344827,0.03571428571428571,0.9252797893350888,0.01678736010533244,0.9344963791968399,0.008558262014483287,0.8320162148071708,0.4257278325415893,0.2633278559375508,0.14516129032258066,9,0.22580645161290322,0.24193548387096775,0.5055918317219449,0.5288753799392097,0.05463059313215401,0.22580645161290322,0.3571428571428571,0.4
gemma2-9b,llama31-70b,truthfulqa,654,327,0.9443930084448559,0.9623114403015085,0.14681540808543103,0.12582825337927372,0.25914634146341464,0.19756838905775076,0.9102208007182336,0.05209063958327487,0.8520326571837387,0.09236035126111719,0.7546778180578216,0.5820411136161143,0.4577829126254276,0.07951070336391437,26,0.1712538226299694,0.1162079510703364,0.4937335969184918,0.6189551369197903,0.019901055840791552,0.1162079510703364,0.3157894736842105,0.3157894736842105
gemma2-9b,llama31-70b-base,boolq,1308,475,0.9097794907436658,0.8779857206040311,0.03949897873362973,0.11658356417359172,0.12102874432677761,0.13082706766917293,0.7167549124913123,0.16123080811271884,0.867889050356985,0.04189044038668077,0.5031173296729834,0.523401874197936,0.5458444038810254,0.15157894736842106,72,0.25473684210526315,0.37684210526315787,0.2632482426395386,0.35015077060531596,0.095995567867036,0.25473684210526315,0.4049586776859504,0.5977653631284916
gemma2-9b,llama31-70b-base,geometry_of_truth,2012,1000,0.9984673913043478,0.9983873517786561,0.07388008475840868,0.04919332892741901,0.014577259475218658,0.060077519379844964,0.9960415019762846,0.0023458498023715135,0.9971363636363637,0.001331027667984097,0.9523549633642112,0.8897691487555062,0.8805304282032667,0.012,12,0.021,0.019,0.5926293134618839,0.62367614644374,0.000399,0.019,0.36842105263157887,0.36842105263157887
gemma2-9b,llama31-70b-base,imdb,2000,1018,0.9717328414406267,0.9586415998783605,-0.00011345483589886296,0.3592676684727091,0.025565388397246803,0.42120075046904315,0.7849013080237998,0.17374029185456075,0.9570800939504399,0.014652747490186746,0.7283272175770525,0.6856738929001058,0.6809263376489189,0.054027504911591355,55,0.08349705304518663,0.12573673870333987,0.47459433966521025,0.5962987442167877,0.010498647141241541,0.08349705304518663,0.3529411764705882,0.5703125
gemma2-9b,llama31-70b-base,rte,111,62,0.9430546412113232,0.8225806451612903,0.006666666666666599,-0.005639097744360777,0.017241379310344827,0.3050847457627119,0.8067807768268598,0.015799868334430478,0.922317314022383,0.02073732718894017,0.8096693335431782,0.3997500582452017,0.2371103218784949,0.16129032258064516,10,0.22580645161290322,0.4838709677419355,0.24900596027799873,0.4464285714285715,0.10926118626430802,0.22580645161290322,0.2857142857142857,0.6666666666666667
gemma2-9b,llama31-70b-base,truthfulqa,654,327,0.9443930084448559,0.9157010726743914,0.14681540808543103,0.2955903598634094,0.25914634146341464,0.3657142857142857,0.8157749534738004,0.09992611920059102,0.8374061293007509,0.10698687914410498,0.6891437324304843,0.546060825969558,0.4244454025699398,0.11009174311926606,36,0.1712538226299694,0.20489296636085627,0.49325515642757983,0.5508241758241759,0.03508870371929037,0.1712538226299694,0.3571428571428571,0.4626865671641791
gemma2-9b,llama31-8b-base,boolq,1308,475,0.9097794907436658,0.7668970746193213,0.03949897873362973,0.04830470980975743,0.12102874432677761,0.19850746268656716,0.6013571744487268,0.1655399001705945,0.8631629493902824,0.046616541353383445,0.5774111735795229,0.6628700803281746,0.5788744321623267,0.2063157894736842,98,0.25473684210526315,0.6189473684210526,0.22989886625351033,0.5011643303958723,0.1576686980609418,0.25473684210526315,0.1900826446280992,0.6666666666666666
gemma2-9b,llama31-8b-base,geometry_of_truth,2012,1000,0.9984673913043478,0.9974249011857708,0.07388008475840868,0.06514907222692867,0.014577259475218658,0.11925708699902249,0.9794258893280632,0.01799901185770758,0.996346837944664,0.0021205533596837522,0.9604321867557564,0.9073047631409085,0.8737108917395026,0.014,14,0.021,0.022,0.6436840513511983,0.6591683708248124,0.000462,0.021,0.33333333333333337,0.36363636363636354
gemma2-9b,llama31-8b-base,imdb,2000,1018,0.9717328414406267,0.9481712074712207,-0.00011345483589886296,0.25079113924050633,0.025565388397246803,0.3602199816681943,0.6598317854985014,0.28833942197271933,0.9549373997175086,0.016795441723118087,0.7433886091617651,0.7776002171889216,0.723820125268567,0.05108055009823183,52,0.08349705304518663,0.11296660117878192,0.4756071974575075,0.5623216728551885,0.009432378290959198,0.08349705304518663,0.388235294117647,0.5478260869565217
gemma2-9b,llama31-8b-base,rte,111,62,0.9430546412113232,0.7590520078999341,0.006666666666666599,0.10225921521997616,0.017241379310344827,0.41379310344827586,0.749177090190915,0.009874917709019049,0.9331797235023042,0.009874917709019049,0.7999723606487417,0.44843270055513995,0.2536899944862675,0.14516129032258066,9,0.22580645161290322,0.532258064516129,0.11971005425242183,0.23645320197044334,0.12018730489073881,0.22580645161290322,0.3571428571428571,0.7272727272727273
gemma2-9b,llama31-8b-base,truthfulqa,654,327,0.9443930084448559,0.8842222409262221,0.14681540808543103,0.3671417854463616,0.25914634146341464,0.6085626911314985,0.7339356021285152,0.15028663879770698,0.8104443135164454,0.13394869492841044,0.6883940673247279,0.6088927608814149,0.4373755386461231,0.0764525993883792,25,0.1712538226299694,0.1651376146788991,0.34437743541432037,0.35198851988519875,0.028280447773756417,0.1651376146788991,0.5370370370370371,0.5370370370370371
gemma2-9b,olmo3-7b,boolq,1308,475,0.9097794907436658,0.8341062740885827,0.03949897873362973,0.1841299624728422,0.12102874432677761,0.24770642201834864,0.6023731597902319,0.23173311429835086,0.7779490743665887,0.13183041637707715,0.6018674485155353,0.45088078991548175,0.5234592812553074,0.18947368421052632,90,0.25473684210526315,0.5326315789473685,0.24744591464052124,0.45182786091877,0.1356808864265928,0.25473684210526315,0.25619834710743794,0.6442687747035574
gemma2-9b,olmo3-7b,geometry_of_truth,2012,1000,0.9984673913043478,0.9942687747035572,0.07388008475840868,0.022741228070175423,0.014577259475218658,0.019880715705765408,0.9904604743083004,0.003808300395256814,0.9966620553359684,0.0018053359683793957,0.9322649005092893,0.8144500613390642,0.8644086638511796,0.017,17,0.021,0.052,0.4996993086227378,0.7990757484428369,0.001092,0.021,0.19047619047619047,0.673076923076923
gemma2-9b,olmo3-7b,imdb,2000,1018,0.9717328414406267,0.9686388389838309,-0.00011345483589886296,0.15151949541284404,0.025565388397246803,0.128,0.9539010639447181,0.014737775039112777,0.9610903932874251,0.010642448153201589,0.7762722918970679,0.6054258420212465,0.6394549925171888,0.07072691552062868,72,0.08349705304518663,0.10707269155206287,0.7223452297642244,0.8287193425224879,0.0089402542062135,0.08349705304518663,0.15294117647058825,0.33944954128440363
gemma2-9b,olmo3-7b,rte,111,62,0.9430546412113232,0.8581303489137591,0.006666666666666599,0.007309941520467822,0.017241379310344827,0.25,0.8508887425938116,0.0072416063199474134,0.9265964450296247,0.016458196181698526,0.738677908532087,0.1824226813202413,0.2526930186803854,0.16129032258064516,10,0.22580645161290322,0.3870967741935484,0.36277410919527137,0.5338345864661652,0.0874089490114464,0.22580645161290322,0.2857142857142857,0.5833333333333333
gemma2-9b,olmo3-7b,truthfulqa,654,327,0.9443930084448559,0.8972495768220035,0.14681540808543103,0.37460721232979205,0.25914634146341464,0.5045871559633027,0.8122960095016318,0.08495356732037163,0.834918497320652,0.10947451112420381,0.6213646924868017,0.288206567167936,0.3879451061049797,0.0672782874617737,22,0.1712538226299694,0.1834862385321101,0.24589075119796983,0.2564205457463884,0.031422719748618246,0.1712538226299694,0.6071428571428572,0.6333333333333333
gemma2-9b,qwen3-1.7b,boolq,1308,475,0.9097794907436658,0.8171352751626967,0.03949897873362973,0.22837342250026982,0.12102874432677761,0.22324159021406728,0.609280343716434,0.20785493144626266,0.7903633032160233,0.11941618752764249,0.6855684978499786,0.6150986861849921,0.4992983829250772,0.1957894736842105,93,0.25473684210526315,0.511578947368421,0.30060614455736867,0.5262182958107723,0.1303180055401662,0.25473684210526315,0.23140495867768596,0.617283950617284
gemma2-9b,qwen3-1.7b,geometry_of_truth,2012,1000,0.9984673913043478,0.9934357707509882,0.07388008475840868,0.34411173291343944,0.014577259475218658,0.24652087475149106,0.9866521739130435,0.0067835968379447165,0.9950494071146245,0.0034179841897232777,0.8937973024598752,0.8381983895403999,0.8468634336944398,0.014,14,0.021,0.051,0.4098696377543084,0.6487530734106076,0.001071,0.021,0.33333333333333337,0.7254901960784313
gemma2-9b,qwen3-1.7b,imdb,2000,1018,0.9717328414406267,0.9536549842148856,-0.00011345483589886296,0.14734994199181772,0.025565388397246803,0.2057942057942058,0.9343717364426075,0.019283247772278078,0.962373809114153,0.009359032326473615,0.6923497427747389,0.656747224753778,0.5923262484407966,0.06286836935166994,64,0.08349705304518663,0.1237721021611002,0.5766550328265696,0.7180427327881822,0.010334605779659643,0.08349705304518663,0.24705882352941178,0.4920634920634921
gemma2-9b,qwen3-1.7b,rte,111,62,0.9430546412113232,0.8772218564845293,0.006666666666666599,0.25320056899004273,0.017241379310344827,0.3392857142857143,0.8429888084265965,0.03423304805793281,0.9354838709677419,0.007570770243581326,0.6819312024990951,0.30896724877614545,0.23454029218629435,0.12903225806451613,8,0.22580645161290322,0.4838709677419355,0.0946222649056395,0.16964285714285715,0.10926118626430802,0.22580645161290322,0.4285714285714286,0.7333333333333334
gemma2-9b,qwen3-1.7b,truthfulqa,654,327,0.9443930084448559,0.8749731130002151,0.14681540808543103,0.3389193929688095,0.25914634146341464,0.43119266055045874,0.7803402257572783,0.09463288724293673,0.8498536412011708,0.09453936724368506,0.5670499731762578,0.39746092650088327,0.3230892427083617,0.0672782874617737,22,0.1712538226299694,0.1743119266055046,0.2618660006174458,0.2646825396825396,0.02985158376118733,0.1712538226299694,0.6071428571428572,0.6140350877192984
gemma2-9b,qwen3-32b,boolq,1308,475,0.9097794907436658,0.9175105831806406,0.03949897873362973,0.01116746986681294,0.12102874432677761,0.05963302752293578,0.8615656789031403,0.05594490427750032,0.8437252795855185,0.06605421115814736,0.5352485259805411,0.5704131874526295,0.5752269998779933,0.16210526315789472,77,0.25473684210526315,0.24842105263157896,0.524900523580843,0.5337786076797855,0.06328199445983379,0.24842105263157896,0.34745762711864414,0.34745762711864414
gemma2-9b,qwen3-32b,geometry_of_truth,2012,1000,0.9984673913043478,0.9991205533596839,0.07388008475840868,0.1296819531985801,0.014577259475218658,0.020874751491053677,0.9980424901185772,0.0010780632411067081,0.9974545454545455,0.001012845849802324,0.8318234642946719,0.7980433845724629,0.878449138503343,0.011,11,0.021,0.016,0.5927364060998048,0.680796731358529,0.00033600000000000004,0.016,0.3125,0.3125
gemma2-9b,qwen3-32b,imdb,2000,1018,0.9717328414406267,0.9749198740391887,-0.00011345483589886296,-0.0009083050676402804,0.025565388397246803,0.016966067864271458,0.9711236440606756,0.0037962299785130327,0.9636022071151054,0.008130634325521302,0.4452642913002276,0.715594325259759,0.6916189599100384,0.06483300589390963,66,0.08349705304518663,0.07858546168958742,0.7828056452913332,0.8090568060021435,0.006561654463275963,0.07858546168958742,0.17499999999999993,0.17499999999999993
gemma2-9b,qwen3-32b,rte,111,62,0.9430546412113232,0.9634628044766294,0.006666666666666599,0.12364864864864855,0.017241379310344827,0.15789473684210525,0.9539170506912442,0.009545753785385136,0.933179723502304,0.00987491770901916,0.5689954445255071,0.33945872393411636,0.2653639440568428,0.12903225806451613,8,0.22580645161290322,0.16129032258064516,0.602231807681353,0.7416666666666666,0.036420395421436005,0.16129032258064516,0.19999999999999996,0.19999999999999996
gemma2-9b,qwen3-32b,truthfulqa,654,327,0.9443930084448559,0.9692412722460698,0.14681540808543103,0.16423754215061814,0.25914634146341464,0.22935779816513763,0.8930318248557454,0.07620944739032443,0.849657249202742,0.09473575924211386,0.40873695413393135,0.4133144093378852,0.4258478418444436,0.07033639143730887,23,0.1712538226299694,0.12232415902140673,0.4000981695793659,0.4871771217712175,0.02094847983241216,0.12232415902140673,0.42500000000000004,0.42500000000000004
gemma2-9b,qwen3-8b,boolq,1308,475,0.9097794907436658,0.8986440892146333,0.03949897873362973,0.05791505791505802,0.12102874432677761,0.11297709923664122,0.795329500221141,0.10331458899349233,0.8752536804195363,0.03452581032412949,0.6521235184571925,0.5138189495468188,0.5518071592509558,0.18105263157894738,86,0.25473684210526315,0.3368421052631579,0.4625160745922786,0.5638200183654729,0.08580609418282548,0.25473684210526315,0.28925619834710736,0.4624999999999999
gemma2-9b,qwen3-8b,geometry_of_truth,2012,1000,0.9984673913043478,0.9976422924901186,0.07388008475840868,0.3637252771136711,0.014577259475218658,0.042743538767395624,0.99525,0.0023922924901186304,0.9973369565217391,0.001130434782608658,0.8916631480090109,0.8098662147337318,0.8800005352542766,0.019,19,0.021,0.024,0.8428422422086739,0.9024199843871974,0.000504,0.021,0.09523809523809534,0.20833333333333337
gemma2-9b,qwen3-8b,imdb,2000,1018,0.9717328414406267,0.9709705944726091,-0.00011345483589886296,0.005154241786803793,0.025565388397246803,0.101,0.9645505143666547,0.006420080105954407,0.9599940380683342,0.011738803372292494,0.6766387402551685,0.6851813417179462,0.6802516983165774,0.0618860510805501,63,0.08349705304518663,0.08447937131630648,0.7127288442750519,0.7172936127240597,0.00705377854802166,0.08349705304518663,0.2588235294117647,0.2674418604651162
gemma2-9b,qwen3-8b,rte,111,62,0.9430546412113232,0.9338380513495721,0.006666666666666599,0.0714285714285714,0.017241379310344827,0.25,0.934825543120474,-0.0009874917709018494,0.9292297564186964,0.01382488479262678,0.6530335724252109,0.23978688355674238,0.27728123016042583,0.11290322580645161,7,0.22580645161290322,0.24193548387096775,0.3254384204187231,0.3404255319148936,0.05463059313215401,0.22580645161290322,0.5,0.5333333333333334
gemma2-9b,qwen3-8b,truthfulqa,654,327,0.9443930084448559,0.9380804084953567,0.14681540808543103,0.3347204266321915,0.25914634146341464,0.345565749235474,0.8281382973748936,0.10994211112046304,0.835629249314966,0.10876375912988989,0.4787606253932923,0.33500207894139844,0.41717849220943437,0.07951070336391437,26,0.1712538226299694,0.14067278287461774,0.42310768384957864,0.475373014599711,0.024090751807273984,0.14067278287461774,0.4347826086956522,0.4347826086956522
gemma2-9b,qwen3-8b-base,boolq,1308,475,0.9097794907436658,0.8936298730018324,0.03949897873362973,0.20082443197618294,0.12102874432677761,0.172782874617737,0.5917937701396347,0.30183610286219764,0.7953825740822645,0.11439691666140128,0.21696054816777388,0.4636775839447558,0.5441694455424937,0.18105263157894738,86,0.25473684210526315,0.35789473684210527,0.4303276522455621,0.5495190353610621,0.09116897506925208,0.25473684210526315,0.28925619834710736,0.49411764705882355
gemma2-9b,qwen3-8b-base,geometry_of_truth,2012,1000,0.9984673913043478,0.9982579051383399,0.07388008475840868,0.33702642975354036,0.014577259475218658,0.11232604373757456,0.996552371541502,0.0017055335968378937,0.9973586956521739,0.0011086956521738633,0.8561048140799604,0.8295547152929414,0.8816055560000657,0.019,19,0.021,0.031,0.7383608684682321,0.9017150719937098,0.000651,0.021,0.09523809523809534,0.3870967741935484
gemma2-9b,qwen3-8b-base,imdb,2000,1018,0.9717328414406267,0.9755150668816697,-0.00011345483589886296,0.03611020442703605,0.025565388397246803,0.091,0.9669462905981537,0.008568776283515933,0.9593678351785978,0.012365006262028855,0.6593734904059666,0.6993551028891327,0.6905399606775915,0.06581532416502947,67,0.08349705304518663,0.09233791748526522,0.725540576715547,0.7666921313980138,0.007709943994349257,0.08349705304518663,0.21176470588235285,0.2872340425531914
gemma2-9b,qwen3-8b-base,rte,111,62,0.9430546412113232,0.9157340355497038,0.006666666666666599,-0.09999999999999998,0.017241379310344827,0.17857142857142858,0.9433838051349571,-0.027649769585253337,0.9328505595786702,0.010204081632652962,0.49608270866924653,0.24639773588648817,0.2687395772270197,0.11290322580645161,7,0.22580645161290322,0.27419354838709675,0.27336362019353616,0.31111111111111106,0.0619146722164412,0.22580645161290322,0.5,0.588235294117647
gemma2-9b,qwen3-8b-base,truthfulqa,654,327,0.9443930084448559,0.9195073366439414,0.14681540808543103,0.3811862269270455,0.25914634146341464,0.4115853658536585,0.8424094492607244,0.07709788738321699,0.8550533531595732,0.08933965528528265,0.4143853313309038,0.3559042975862644,0.41945959486878137,0.07339449541284404,24,0.1712538226299694,0.1651376146788991,0.32251538505895583,0.32964329643296425,0.028280447773756417,0.1651376146788991,0.5555555555555556,0.5555555555555556
gemma2-9b,qwen38-27b,boolq,1308,475,0.9097794907436658,0.9392279016869906,0.03949897873362973,0.28872057448797483,0.12102874432677761,0.1173780487804878,0.6515220825172174,0.2877058191697731,0.8351829152713717,0.07459657547229415,0.6580657689869217,0.6196926830250773,0.5908232789498062,0.14947368421052631,71,0.25473684210526315,0.21052631578947367,0.5395679762860718,0.6108757062146891,0.05362880886426592,0.21052631578947367,0.2899999999999999,0.2899999999999999
gemma2-9b,qwen38-27b,geometry_of_truth,2012,1000,0.9984673913043478,0.9983764822134387,0.07388008475840868,0.3612122252747253,0.014577259475218658,0.09542743538767395,0.9968359683794465,0.0015405138339921187,0.9969762845849802,0.0014911067193675853,0.9321384290672139,0.8758928374189434,0.8900132896834559,0.017,17,0.021,0.025,0.7359564533193952,0.8046398046398049,0.0005250000000000001,0.021,0.19047619047619047,0.31999999999999995
gemma2-9b,qwen38-27b,rte,111,62,0.9430546412113232,0.967083607636603,0.006666666666666599,0.40421455938697326,0.017241379310344827,0.44642857142857145,0.9601711652402896,0.00691244239631339,0.9335088874259381,0.009545753785385136,0.8161973774627317,0.40269180596907694,0.27432145305565125,0.11290322580645161,7,0.22580645161290322,0.20967741935483872,0.3851644432598217,0.40384615384615385,0.04734651404786681,0.20967741935483872,0.46153846153846156,0.46153846153846156
gemma2-9b,qwen38-27b,truthfulqa,654,327,0.9443930084448559,0.9541471443668228,0.14681540808543103,0.4319339375327689,0.25914634146341464,0.4923547400611621,0.8794527209643782,0.07469442340244459,0.8339832973281337,0.11040971111672215,0.6779323300130347,0.4958859535028858,0.44384500690131057,0.0764525993883792,25,0.1712538226299694,0.1345565749235474,0.41544539100159433,0.478950016772895,0.023043327815653374,0.1345565749235474,0.43181818181818177,0.43181818181818177
gemma4-12b,gemma2-9b,boolq,1308,475,0.5638819738421684,0.9097794907436658,0.06143355209187862,0.03949897873362973,0.3516819571865443,0.12102874432677761,0.5133859859733367,0.3963935047703291,0.4881986478802046,0.07568332596196381,0.20584651782160174,0.04004902382130826,-0.07705117300840558,0.2505263157894737,119,0.9642105263157895,0.25473684210526315,0.060617232554710236,0.538162372386971,0.24561994459833794,0.25473684210526315,0.016528925619834545,0.016528925619834545
gemma4-12b,gemma2-9b,geometry_of_truth,2012,1000,0.7480750988142292,0.9984673913043478,0.2826014006995602,0.07388008475840868,0.4846077457795432,0.014577259475218658,0.97799604743083,0.02047134387351779,0.6225750988142293,0.12549999999999983,0.5376438622047865,0.6441672161997377,0.5907591083576487,0.013,13,0.338,0.021,0.08701835458531262,0.424543231189757,0.007098000000000001,0.021,0.38095238095238104,0.38095238095238104
gemma4-12b,gemma2-9b,imdb,2000,1018,0.5940754804556677,0.9717328414406267,0.10790438247011958,-0.00011345483589886296,0.49201596806387227,0.025565388397246803,0.17452354562878372,0.797209295811843,0.49409108551170583,0.09998439494396189,0.1018737085623809,0.011213414135043842,-0.17437848240069687,0.0481335952848723,49,0.44106090373280943,0.08349705304518663,0.0823164895813702,0.24226196629794278,0.036827285675136344,0.08349705304518663,0.4235294117647058,0.4235294117647058
gemma4-12b,gemma2-9b,rte,111,62,0.4427254772876893,0.9430546412113232,-0.04487179487179482,0.006666666666666599,0.5535714285714286,0.017241379310344827,0.9088215931533904,0.03423304805793281,0.4466754443712969,-0.0039499670836076195,0.38020063297084566,-0.2474353341590778,-0.007147673325141213,0.20967741935483872,13,0.8225806451612904,0.22580645161290322,0.14983792845720334,0.5974025974025977,0.18574401664932363,0.22580645161290322,0.0714285714285714,0.0714285714285714
gemma4-12b,gemma2-9b,truthfulqa,654,327,0.6490942588072459,0.9443930084448559,0.1617931547619047,0.14681540808543103,0.46646341463414637,0.25914634146341464,0.7564178099486576,0.18797519849619826,0.5106659559146722,0.13842830289257368,0.140682133810709,-0.23649948285665467,-0.15203143249648243,0.0856269113149847,28,0.40672782874617736,0.1712538226299694,0.08631425412183248,0.1572164948453608,0.06965369544277043,0.1712538226299694,0.5,0.5
gemma4-12b,gemma4-12b-base,boolq,1308,475,0.5638819738421684,0.8315284008340178,0.06143355209187862,0.04747755834829448,0.3516819571865443,0.1491628614916286,0.5709458520250206,0.2605825488089972,0.5123219814241486,0.051559992418019784,0.15207497607457865,0.01642255800307113,-0.08957080540422568,0.6273684210526316,298,0.9642105263157895,0.6421052631578947,0.09257236609131791,0.3587270973963362,0.6191246537396122,0.6421052631578947,0.022950819672131195,0.022950819672131195
gemma4-12b,gemma4-12b-base,geometry_of_truth,2012,1000,0.7480750988142292,0.9973596837944664,0.2826014006995602,0.13830955334987594,0.4846077457795432,0.09343936381709742,0.9593656126482213,0.03799407114624509,0.6033942687747036,0.1446808300395256,0.5162075077457482,0.6401566040381379,0.5652832401724613,0.014,14,0.338,0.026,0.06923901959463365,0.30281199163374384,0.008788,0.026,0.46153846153846145,0.46153846153846145
gemma4-12b,gemma4-12b-base,imdb,2000,1018,0.5940754804556677,0.9185276029433537,0.10790438247011958,0.36237361462181594,0.49201596806387227,0.4132804757185332,0.5354184755860899,0.38310912735726377,0.5152059267202573,0.07886955373541038,0.10798590756340394,-0.02429598989755344,-0.21737291777860213,0.10707269155206287,109,0.44106090373280943,0.17779960707269155,0.15092902209368583,0.2883123440367418,0.07842045537881975,0.17779960707269155,0.39779005524861877,0.39779005524861877
gemma4-12b,gemma4-12b-base,rte,111,62,0.4427254772876893,0.7890059249506254,-0.04487179487179482,0.14822134387351782,0.5535714285714286,0.375,0.6056616194865042,0.18334430546412117,0.4555628703094141,-0.012837393021724819,0.32491324278819833,-0.24826341451579625,-0.014601245880821567,0.46774193548387094,29,0.8225806451612904,0.5645161290322581,0.017854431128926356,0.033766233766233805,0.4643600416233091,0.5645161290322581,0.1714285714285716,0.1714285714285716
gemma4-12b,gemma4-12b-base,truthfulqa,654,327,0.6490942588072459,0.8785549289715606,0.1617931547619047,0.2616019634091923,0.46646341463414637,0.43902439024390244,0.5820684753434523,0.2964864536281083,0.5298001477615988,0.11929411104564713,0.13599956993952947,-0.2196883312149931,-0.12501593546844036,0.0672782874617737,22,0.40672782874617736,0.12538226299694188,0.10009148685948176,0.21888358058838314,0.050996455592028346,0.12538226299694188,0.46341463414634143,0.46341463414634143
gemma4-12b,gemma4-31b,boolq,1308,475,0.5638819738421684,0.8310406267770266,0.06143355209187862,0.16187880058712512,0.3516819571865443,0.21712538226299694,0.51890566753017,0.31213495924685664,0.4788374297087256,0.08504454413344281,0.3309960789331739,0.21188920417719703,0.12404560049488178,0.3957894736842105,188,0.9642105263157895,0.4168421052631579,-0.06697402667298964,-0.2939052877468661,0.40192354570637123,0.4168421052631579,0.0505050505050505,0.0505050505050505
gemma4-12b,gemma4-31b,geometry_of_truth,2012,1000,0.7480750988142292,0.9628982213438735,0.2826014006995602,0.45529668495876263,0.4846077457795432,0.4393638170974155,0.5507756916996047,0.41212252964426876,0.48809486166007904,0.25998023715415014,0.4638891811323676,0.713713035325226,0.6424803138151141,0.067,67,0.338,0.113,0.19235105818216933,0.38507606341737266,0.038194000000000006,0.113,0.4070796460176991,0.4070796460176991
gemma4-12b,gemma4-31b,rte,111,62,0.4427254772876893,0.6277156023699803,-0.04487179487179482,-0.000645161290322549,0.5535714285714286,0.4107142857142857,0.4924292297564187,0.13528637261356158,0.4937458854509546,-0.05102040816326531,0.23701509883806623,-0.15293159400132206,-0.030512594938115978,0.5645161290322581,35,0.8225806451612904,0.6129032258064516,0.3243464396914988,0.5550239234449764,0.504162330905307,0.6129032258064516,0.07894736842105254,0.07894736842105254
gemma4-12b,gemma4-31b,truthfulqa,654,327,0.6490942588072459,0.7854838257161294,0.1617931547619047,0.44235373335328443,0.46646341463414637,0.5443425076452599,0.5873617073011064,0.19812211841502303,0.5036051959711584,0.14548906283608753,0.17985760789232014,-0.08900271776588098,-0.02283662263984554,0.10397553516819572,34,0.40672782874617736,0.25382262996941896,0.003455942009912107,0.004906222829462143,0.10323672717410617,0.25382262996941896,0.5903614457831325,0.5903614457831325
gemma4-12b,gptj-6b,boolq,1308,475,0.5638819738421684,0.6656902761104442,0.06143355209187862,0.20653974953779597,0.3516819571865443,0.6237482117310443,0.47498831111391926,0.19070196499652492,0.495500094774752,0.06838187906741644,0.14293113443335284,0.09253423038160047,-0.025569352938399792,0.8526315789473684,405,0.9642105263157895,0.8757894736842106,0.1336094033541038,0.26117081447963775,0.8444454293628809,0.8757894736842106,0.02644230769230771,0.02644230769230771
gemma4-12b,gptj-6b,geometry_of_truth,2012,1000,0.7480750988142292,0.9835780632411067,0.2826014006995602,0.5482477023411999,0.4846077457795432,0.5464190981432361,0.5857509881422924,0.3978270750988143,0.5444772727272728,0.20359782608695642,0.4441674841940292,0.7110552324904369,0.6218176760344754,0.048,48,0.338,0.074,0.18564894706144042,0.46925777741487706,0.025012,0.074,0.3513513513513513,0.3513513513513513
gemma4-12b,gptj-6b,imdb,2000,1018,0.5940754804556677,0.9469618156282635,0.10790438247011958,0.48659038116650455,0.49201596806387227,0.5482625482625483,0.6418459580904212,0.3051158575378423,0.5074063996734942,0.0866690807821735,0.06790238048930636,0.027699115647608075,-0.16802715123179301,0.07367387033398821,75,0.44106090373280943,0.13163064833005894,0.09303107392783656,0.2122603152952286,0.05805713271139142,0.13163064833005894,0.4402985074626865,0.4402985074626865
gemma4-12b,gptj-6b,rte,111,62,0.4427254772876893,0.6645819618169848,-0.04487179487179482,0.27960526315789475,0.5535714285714286,0.3709677419354839,0.5852534562211982,0.07932850559578664,0.43054641211323247,0.012179065174456827,0.25407567615509413,-0.2586879955594066,-0.011959454021744476,0.7580645161290323,47,0.8225806451612904,0.9032258064516129,0.13359091493217237,0.18954248366013077,0.7429760665972945,0.8225806451612904,0.07843137254901966,0.1607142857142857
gemma4-12b,gptj-6b,truthfulqa,654,327,0.6490942588072459,0.8530333211757335,0.1617931547619047,0.32313192572626537,0.46646341463414637,0.5137614678899083,0.6569966987440263,0.19603662243170716,0.5315957317472342,0.11749852706001174,0.11244232031895428,-0.1901260475144071,-0.07082936257535,0.0764525993883792,25,0.40672782874617736,0.14678899082568808,0.09634877117682672,0.1923324742268042,0.05970316752237466,0.14678899082568808,0.47916666666666674,0.47916666666666674
gemma4-12b,llama-8b,boolq,1308,475,0.5638819738421684,0.8544310355721236,0.06143355209187862,0.04359931113662474,0.3516819571865443,0.13302752293577982,0.40478675680798637,0.44964427876413726,0.4867125797687496,0.07716939407341883,0.1886989739599355,0.16804190859597035,-0.00998323540286683,0.40421052631578946,192,0.9642105263157895,0.4105263157894737,0.09166600053527298,0.5701357466063343,0.3958337950138504,0.4105263157894737,0.015384615384615441,0.015384615384615441
gemma4-12b,llama-8b,geometry_of_truth,2012,1000,0.7480750988142292,0.9984980237154151,0.2826014006995602,0.004826841706890184,0.4846077457795432,0.006958250497017893,0.9716096837944665,0.026888339920948523,0.6206096837944663,0.12746541501976283,0.5281683423029833,0.7062478750563186,0.6008998738644733,0.013,13,0.338,0.02,0.09422566455931078,0.47129909365558925,0.00676,0.02,0.3500000000000001,0.3500000000000001
gemma4-12b,llama-8b,imdb,2000,1018,0.5940754804556677,0.9719108991313186,0.10790438247011958,0.003963849690819643,0.49201596806387227,0.019,0.3117620108915289,0.6601488882397897,0.49081702471600797,0.10325845573965975,0.09183316049845028,0.07966144122168162,-0.10585464844818548,0.05795677799607073,59,0.44106090373280943,0.10903732809430255,0.06374320914132038,0.16186133409332,0.048092102469883935,0.10903732809430255,0.46846846846846846,0.46846846846846846
gemma4-12b,llama-8b,rte,111,62,0.4427254772876893,0.8127057274522712,-0.04487179487179482,0.0039525691699604515,0.5535714285714286,0.21428571428571427,0.716919025674786,0.09578670177748516,0.41935483870967744,0.02337063857801186,0.28368572565617933,-0.17555285674689913,-0.1075165507685163,0.43548387096774194,27,0.8225806451612904,0.4838709677419355,0.1962209820503186,0.43636363636363645,0.3980228928199792,0.4838709677419355,0.09999999999999998,0.09999999999999998
gemma4-12b,llama-8b,truthfulqa,654,327,0.6490942588072459,0.9356301845149585,0.1617931547619047,0.2551085448614602,0.46646341463414637,0.3780487804878049,0.6948255384413956,0.2408046460735629,0.532297131741623,0.11679712706562295,0.13182582211511978,-0.15190125293335854,-0.116290700906726,0.07033639143730887,23,0.40672782874617736,0.1345565749235474,0.09311295194294078,0.19552483598875348,0.054727903562176765,0.1345565749235474,0.4772727272727272,0.4772727272727272
gemma4-12b,llama31-405b,boolq,1308,475,0.5638819738421684,0.9538838693372085,0.06143355209187862,-1.0338054378222772e-05,0.3516819571865443,0.03211009174311927,0.5289972831237758,0.42488658621343267,0.5108308586592532,0.053051115182915276,0.24649676645353075,0.08070586710555316,0.1243047794621811,0.17473684210526316,83,0.9642105263157895,0.17894736842105263,0.030811031137066392,0.3425605536332179,0.17254293628808864,0.17894736842105263,0.02352941176470591,0.02352941176470591
gemma4-12b,llama31-405b,geometry_of_truth,2012,1000,0.7480750988142292,0.9992994071146246,0.2826014006995602,0.02268716373487989,0.4846077457795432,0.01485148514851485,0.9846561264822136,0.014643280632411049,0.5931254940711462,0.15494960474308295,0.5332456265898332,0.6982068101225112,0.6359759117454851,0.007,7,0.338,0.012,0.05715857137746349,0.3705941591137967,0.004056000000000001,0.012,0.41666666666666663,0.41666666666666663
gemma4-12b,llama31-405b,imdb,2000,1018,0.5940754804556677,0.9815920358196056,0.10790438247011958,-0.002429182194380375,0.49201596806387227,0.006789524733268671,0.9115463410144886,0.07004569480511702,0.48173008054609695,0.11234539990957076,0.10905165924848169,0.019520645429120242,-0.2790787862621753,0.04027504911591356,41,0.44106090373280943,0.06974459724950884,0.07522278337706323,0.24404069407658602,0.03076161509334918,0.06974459724950884,0.4225352112676056,0.4225352112676056
gemma4-12b,llama31-405b,rte,111,62,0.4427254772876893,0.9381171823568137,-0.04487179487179482,0.014102564102564163,0.5535714285714286,0.08928571428571429,0.9233048057932851,0.014812376563528629,0.4499670836076366,-0.007241606319947302,0.3300840834263873,-0.17306827475230646,-0.03184139456644397,0.24193548387096775,15,0.8225806451612904,0.25806451612903225,0.17741262163857038,0.6477272727272728,0.21227887617065558,0.25806451612903225,0.0625,0.0625
gemma4-12b,llama31-405b,truthfulqa,654,327,0.6490942588072459,0.9737021762103826,0.1617931547619047,0.059963167587476884,0.46646341463414637,0.09063444108761329,0.8818935929448513,0.09180858326553132,0.523908387808733,0.12518587099851297,0.1233875884058644,-0.10339353754417813,-0.0627288058550759,0.05198776758409786,17,0.40672782874617736,0.08868501529051988,0.11397923540422208,0.30252399573409167,0.03607066371143469,0.08868501529051988,0.4137931034482759,0.4137931034482759
gemma4-12b,llama31-70b,boolq,1308,475,0.5638819738421684,0.9376559044670498,0.06143355209187862,-0.0013040046669641203,0.3516819571865443,0.03765060240963856,0.545452707398749,0.39220319706830087,0.5058671889808555,0.05801478486131295,0.2135770715510193,0.12685038103183155,-0.0010114977187001273,0.21473684210526317,102,0.9642105263157895,0.2231578947368421,-0.0056156852756424225,-0.015622509166268155,0.21517119113573407,0.2231578947368421,0.037735849056603765,0.037735849056603765
gemma4-12b,llama31-70b,geometry_of_truth,2012,1000,0.7480750988142292,0.9990503952569171,0.2826014006995602,0.004721374045801641,0.4846077457795432,0.0107421875,0.9789061264822134,0.020144268774703655,0.5853162055335969,0.1627588932806323,0.5271901662562607,0.7216149451627049,0.624514662705616,0.01,10,0.338,0.016,0.07736722038290478,0.43353474320241675,0.0054080000000000005,0.016,0.375,0.375
gemma4-12b,llama31-70b,imdb,2000,1018,0.5940754804556677,0.9821732241246164,0.10790438247011958,0.001270650367035886,0.49201596806387227,0.008620689655172414,0.8936255346732342,0.08854768945138214,0.4852072071351118,0.10886827332055593,0.10398276089953126,0.04829195616804427,-0.21666267833648,0.036345776031434185,37,0.44106090373280943,0.0618860510805501,0.07564936234023503,0.2616397467012581,0.027295517618042234,0.0618860510805501,0.4126984126984127,0.4126984126984127
gemma4-12b,llama31-70b,rte,111,62,0.4427254772876893,0.9420671494404212,-0.04487179487179482,-0.003906250000000111,0.5535714285714286,0.03571428571428571,0.9186965108624094,0.023370638578011804,0.3505595786701778,0.09216589861751151,0.3265795145414322,-0.17328269696761178,-0.07215741004418086,0.22580645161290322,14,0.8225806451612904,0.24193548387096775,0.16378013908240327,0.6242424242424243,0.1990114464099896,0.24193548387096775,0.06666666666666676,0.06666666666666676
gemma4-12b,llama31-70b,truthfulqa,654,327,0.6490942588072459,0.9623114403015085,0.1617931547619047,0.12582825337927372,0.46646341463414637,0.19756838905775076,0.8139887214880901,0.1483227188134184,0.5243105238055158,0.12478373500173012,0.1290176315780067,-0.12821103395822386,-0.10952264690503899,0.06422018348623854,21,0.40672782874617736,0.1162079510703364,0.10770364441562683,0.24593054801953335,0.04726500762187994,0.1162079510703364,0.4473684210526315,0.4473684210526315
gemma4-12b,llama31-70b-base,boolq,1308,475,0.5638819738421684,0.8779857206040311,0.06143355209187862,0.11658356417359172,0.3516819571865443,0.13082706766917293,0.40257534592784483,0.4754103746761863,0.5188349023820055,0.04504707146016296,0.1916643844615307,0.09450582796931395,0.0031052917321098272,0.3705263157894737,176,0.9642105263157895,0.37684210526315787,0.07966158562254702,0.5317121261912587,0.3633551246537396,0.37684210526315787,0.016759776536312776,0.016759776536312776
gemma4-12b,llama31-70b-base,geometry_of_truth,2012,1000,0.7480750988142292,0.9983873517786561,0.2826014006995602,0.04919332892741901,0.4846077457795432,0.060077519379844964,0.9578557312252965,0.04053162055335957,0.5473191699604744,0.20075592885375482,0.5199966895263478,0.7023762923809062,0.6237174273495751,0.014,14,0.338,0.019,0.11734266622825187,0.6024805215455561,0.006422000000000001,0.019,0.26315789473684204,0.26315789473684204
gemma4-12b,llama31-70b-base,imdb,2000,1018,0.5940754804556677,0.9586415998783605,0.10790438247011958,0.3592676684727091,0.49201596806387227,0.42120075046904315,0.6689317338817777,0.28970986599658277,0.48978669088784765,0.10428878956782006,0.087488184421987,0.028122913787454795,-0.23508266016985546,0.06974459724950884,71,0.44106090373280943,0.12573673870333987,0.08678775477797641,0.203289762741652,0.0554575596049112,0.12573673870333987,0.4453125,0.4453125
gemma4-12b,llama31-70b-base,rte,111,62,0.4427254772876893,0.8225806451612903,-0.04487179487179482,-0.005639097744360777,0.5535714285714286,0.3050847457627119,0.7307439104674127,0.09183673469387754,0.4427254772876893,0.0,0.3008180687288547,-0.19018201566697313,-0.07875991527088533,0.3870967741935484,24,0.8225806451612904,0.4838709677419355,-0.05723111976467624,-0.11931818181818199,0.3980228928199792,0.4838709677419355,0.20000000000000007,0.20000000000000007
gemma4-12b,llama31-70b-base,truthfulqa,654,327,0.6490942588072459,0.9157010726743914,0.1617931547619047,0.2955903598634094,0.46646341463414637,0.3657142857142857,0.7210017862319857,0.19469928644240564,0.5153419558772644,0.13375230292998153,0.12419703530954679,-0.1410882706028198,-0.08475196758134196,0.10091743119266056,33,0.40672782874617736,0.20489296636085627,0.08867620291119481,0.1446376365594707,0.08333567133331463,0.20489296636085627,0.5074626865671641,0.5074626865671641
gemma4-12b,llama31-8b-base,boolq,1308,475,0.5638819738421684,0.7668970746193213,0.06143355209187862,0.04830470980975743,0.3516819571865443,0.19850746268656716,0.4654122701712263,0.301484804448095,0.4952751626966576,0.06860681114551082,0.18732286469445877,0.14964065238932434,-0.005331053016466747,0.6021052631578947,286,0.9642105263157895,0.6189473684210526,0.05885544744128439,0.23969587835134115,0.596795567867036,0.6189473684210526,0.027210884353741527,0.027210884353741527
gemma4-12b,llama31-8b-base,geometry_of_truth,2012,1000,0.7480750988142292,0.9974249011857708,0.2826014006995602,0.06514907222692867,0.4846077457795432,0.11925708699902249,0.8833824110671937,0.11404249011857703,0.5910049407114624,0.1570701581027668,0.5295820809575431,0.7248595384127596,0.5991402680968891,0.013,13,0.338,0.022,0.08018977753720681,0.3820379016753639,0.007436,0.022,0.40909090909090906,0.40909090909090906
gemma4-12b,llama31-8b-base,imdb,2000,1018,0.5940754804556677,0.9481712074712207,0.10790438247011958,0.25079113924050633,0.49201596806387227,0.3602199816681943,0.4943931833914188,0.45377802407980194,0.4984344927756593,0.0956409876800084,0.0950224227355363,0.0746263341753104,-0.10138387456412867,0.06385068762278978,65,0.44106090373280943,0.11296660117878192,0.08923658401050921,0.2221288301367769,0.04982515120753741,0.11296660117878192,0.4347826086956522,0.4347826086956522
gemma4-12b,llama31-8b-base,rte,111,62,0.4427254772876893,0.7590520078999341,-0.04487179487179482,0.10225921521997616,0.5535714285714286,0.41379310344827586,0.6537195523370639,0.10533245556287019,0.3861092824226465,0.05661619486504277,0.2914594516536257,-0.17762110759623173,-0.11967419600363538,0.43548387096774194,27,0.8225806451612904,0.532258064516129,-0.012283018612119381,-0.028213166144200597,0.43782518210197713,0.532258064516129,0.18181818181818177,0.18181818181818177
gemma4-12b,llama31-8b-base,truthfulqa,654,327,0.6490942588072459,0.8842222409262221,0.1617931547619047,0.3671417854463616,0.46646341463414637,0.6085626911314985,0.5812361473501109,0.3029860935761113,0.5254795237961638,0.12361473501108211,0.12413646025182998,-0.13265803818040012,-0.09388170214426994,0.09174311926605505,30,0.40672782874617736,0.1651376146788991,0.13474742418139976,0.2508591065292097,0.0671660634626715,0.1651376146788991,0.4444444444444444,0.4444444444444444
gemma4-12b,olmo3-7b,boolq,1308,475,0.5638819738421684,0.8341062740885827,0.06143355209187862,0.1841299624728422,0.3516819571865443,0.24770642201834864,0.5822910216718266,0.2518152524167562,0.49641245972073045,0.06746951412143798,0.19574353898762045,-0.008918427996210454,-0.047823000900846235,0.5242105263157895,249,0.9642105263157895,0.5326315789473685,0.11481488959939777,0.5582422692397121,0.5135689750692521,0.5326315789473685,0.015810276679842028,0.015810276679842028
gemma4-12b,olmo3-7b,geometry_of_truth,2012,1000,0.7480750988142292,0.9942687747035572,0.2826014006995602,0.022741228070175423,0.4846077457795432,0.019880715705765408,0.935705533596838,0.05856324110671929,0.6320839920948617,0.11599110671936752,0.5628077881991852,0.61645407216636,0.6233154694138752,0.03,30,0.338,0.052,0.11829550902662962,0.360910992330932,0.017576,0.052,0.423076923076923,0.423076923076923
gemma4-12b,olmo3-7b,imdb,2000,1018,0.5940754804556677,0.9686388389838309,0.10790438247011958,0.15151949541284404,0.49201596806387227,0.128,0.633025100132443,0.3356137388513879,0.528041085311641,0.06603439514402676,0.08357092313239685,-0.0152590275656721,-0.19034722012691496,0.05893909626719057,60,0.44106090373280943,0.10707269155206287,0.07629716783104667,0.19572402895793364,0.047225578101057195,0.10707269155206287,0.4495412844036697,0.4495412844036697
gemma4-12b,olmo3-7b,rte,111,62,0.4427254772876893,0.8581303489137591,-0.04487179487179482,0.007309941520467822,0.5535714285714286,0.25,0.836405529953917,0.02172481895984202,0.4809084924292298,-0.03818301514154049,0.3137706569423605,-0.29211312637334097,0.027131887036720093,0.3387096774193548,21,0.8225806451612904,0.3870967741935484,0.10904750989627972,0.2954545454545455,0.3184183142559834,0.3870967741935484,0.125,0.125
gemma4-12b,olmo3-7b,truthfulqa,654,327,0.6490942588072459,0.8972495768220035,0.1617931547619047,0.37460721232979205,0.46646341463414637,0.5045871559633027,0.701091378391269,0.19615819843073445,0.5767097793863217,0.07238447942092419,0.1748505846574683,-0.23921226742415413,-0.04204259428636892,0.08868501529051988,29,0.40672782874617736,0.1834862385321101,0.07392665217145516,0.12912371134020614,0.07462895940296832,0.1834862385321101,0.5166666666666667,0.5166666666666667
gemma4-12b,qwen3-1.7b,boolq,1308,475,0.5638819738421684,0.8171352751626967,0.06143355209187862,0.22837342250026982,0.3516819571865443,0.22324159021406728,0.6136298730018322,0.20350540216086443,0.4747557970556644,0.08912617678650403,0.18608423713702574,0.12973886261329282,0.007041522970984926,0.49894736842105264,237,0.9642105263157895,0.511578947368421,0.06114272646626658,0.3100944081336239,0.4932698060941828,0.511578947368421,0.024691358024691246,0.024691358024691246
gemma4-12b,qwen3-1.7b,geometry_of_truth,2012,1000,0.7480750988142292,0.9934357707509882,0.2826014006995602,0.34411173291343944,0.4846077457795432,0.24652087475149106,0.8951729249011859,0.09826284584980227,0.606895256916996,0.1411798418972332,0.49310797057069294,0.6195114737212025,0.5664721022590375,0.029,29,0.338,0.051,0.11302529154206005,0.34837983531781297,0.017238,0.051,0.43137254901960775,0.43137254901960775
gemma4-12b,qwen3-1.7b,imdb,2000,1018,0.5940754804556677,0.9536549842148856,0.10790438247011958,0.14734994199181772,0.49201596806387227,0.2057942057942058,0.4153175628903764,0.5383374213245091,0.5054517663723046,0.08862371408336311,0.10791084701880675,0.09656360663999175,-0.05309253314335605,0.07170923379174853,73,0.44106090373280943,0.1237721021611002,0.10469034043300382,0.24744051106089765,0.05459103523608447,0.1237721021611002,0.4206349206349207,0.4206349206349207
gemma4-12b,qwen3-1.7b,rte,111,62,0.4427254772876893,0.8772218564845293,-0.04487179487179482,0.25320056899004273,0.5535714285714286,0.3392857142857143,0.6780776826859777,0.19914417379855165,0.45622119815668205,-0.013495720868992755,0.21081856376420982,-0.21455954479068406,-0.04645237465140584,0.43548387096774194,27,0.8225806451612904,0.4838709677419355,0.19622098205031857,0.4363636363636364,0.3980228928199792,0.4838709677419355,0.09999999999999998,0.09999999999999998
gemma4-12b,qwen3-1.7b,truthfulqa,654,327,0.6490942588072459,0.8749731130002151,0.1617931547619047,0.3389193929688095,0.46646341463414637,0.43119266055045874,0.5582489315340085,0.3167241814662066,0.5592589475259284,0.0898353112813175,0.10186232958381092,-0.1891476988681482,-0.16058632894831226,0.10397553516819572,34,0.40672782874617736,0.1743119266055046,0.17749620193346824,0.3198589256646771,0.07089751143281992,0.1743119266055046,0.4035087719298246,0.4035087719298246
gemma4-12b,qwen3-32b,boolq,1308,475,0.5638819738421684,0.9175105831806406,0.06143355209187862,0.01116746986681294,0.3516819571865443,0.05963302752293578,0.20524420294433562,0.712266380236305,0.4945043280470083,0.06937764579516015,0.13373038251781535,0.1204235679485306,-0.012743929644401852,0.24,114,0.9642105263157895,0.24842105263157896,0.005852933016177045,0.052841475573280214,0.2395301939058172,0.24842105263157896,0.033898305084745894,0.033898305084745894
gemma4-12b,qwen3-32b,geometry_of_truth,2012,1000,0.7480750988142292,0.9991205533596839,0.2826014006995602,0.1296819531985801,0.4846077457795432,0.020874751491053677,0.9418211462450593,0.057299407114624556,0.6381353754940712,0.109939723320158,0.42717265896103884,0.6273500244112362,0.6219535112173972,0.01,10,0.338,0.016,0.07736722038290478,0.43353474320241675,0.0054080000000000005,0.016,0.375,0.375
gemma4-12b,qwen3-32b,imdb,2000,1018,0.5940754804556677,0.9749198740391887,0.10790438247011958,-0.0009083050676402804,0.49201596806387227,0.016966067864271458,0.27324753220043296,0.7016723418387557,0.5091869765804121,0.0848885038752556,0.07702217340044952,0.05891582407905793,-0.16133142433894365,0.04616895874263261,47,0.44106090373280943,0.07858546168958742,0.08613290375736807,0.26199472759226705,0.0346609747530695,0.07858546168958742,0.4125,0.4125
gemma4-12b,qwen3-32b,rte,111,62,0.4427254772876893,0.9634628044766294,-0.04487179487179482,0.12364864864864855,0.5535714285714286,0.15789473684210525,0.9572086899275839,0.006254114549045453,0.4137590520078999,0.028966425279789376,0.2129557206833733,-0.2204338686169156,-0.022991208546722097,0.16129032258064516,10,0.8225806451612904,0.16129032258064516,0.20366180229346847,1.0000000000000007,0.13267429760665975,0.16129032258064516,0.0,0.0
gemma4-12b,qwen3-32b,truthfulqa,654,327,0.6490942588072459,0.9692412722460698,0.1617931547619047,0.16423754215061814,0.46646341463414637,0.22935779816513763,0.7671726098626191,0.20206866238345067,0.5511881715904946,0.09790608721675131,0.05320963146654644,-0.1811271061525639,-0.017783665575087593,0.06116207951070336,20,0.40672782874617736,0.12232415902140673,0.07088628250275462,0.15721649484536077,0.04975263960197888,0.12232415902140673,0.5,0.5
gemma4-12b,qwen3-8b,boolq,1308,475,0.5638819738421684,0.8986440892146333,0.06143355209187862,0.05791505791505802,0.3516819571865443,0.11297709923664122,0.4690364566879383,0.42960763252669504,0.504765274530865,0.05911669931130348,0.16362024987948764,0.045134883750486576,-0.06651252517157458,0.33052631578947367,157,0.9642105263157895,0.3368421052631579,0.06537283217582332,0.47610294117647195,0.32478670360110806,0.3368421052631579,0.018750000000000044,0.018750000000000044
gemma4-12b,qwen3-8b,geometry_of_truth,2012,1000,0.7480750988142292,0.9976422924901186,0.2826014006995602,0.3637252771136711,0.4846077457795432,0.042743538767395624,0.9609446640316206,0.036697628458498,0.5921689723320158,0.15590612648221336,0.46647909126930803,0.5740812181334871,0.5948424674277752,0.015,15,0.338,0.024,0.095142654442557,0.4335347432024169,0.008112000000000001,0.024,0.375,0.375
gemma4-12b,qwen3-8b,imdb,2000,1018,0.5940754804556677,0.9709705944726091,0.10790438247011958,0.005154241786803793,0.49201596806387227,0.101,0.1740924059395244,0.7968781885330847,0.4982894457804329,0.09578603467523483,0.0880461211722503,0.0492087757474422,-0.18913094137647946,0.04616895874263261,47,0.44106090373280943,0.08447937131630648,0.06451479332152003,0.18866227980545228,0.037260547859549714,0.08447937131630648,0.4534883720930233,0.4534883720930233
gemma4-12b,qwen3-8b,rte,111,62,0.4427254772876893,0.9338380513495721,-0.04487179487179482,0.0714285714285714,0.5535714285714286,0.25,0.9186965108624094,0.015141540487162652,0.41606319947333775,0.026662277814351543,0.20006963634393957,-0.2695399526497215,0.007821732571912543,0.22580645161290322,14,0.8225806451612904,0.24193548387096775,0.1637801390824033,0.6242424242424244,0.1990114464099896,0.24193548387096775,0.06666666666666676,0.06666666666666676
gemma4-12b,qwen3-8b,truthfulqa,654,327,0.6490942588072459,0.9380804084953567,0.1617931547619047,0.3347204266321915,0.46646341463414637,0.345565749235474,0.7393971700848226,0.19868323841053404,0.5666750834665993,0.08241917534064658,0.059774712774365274,-0.23690248121834978,-0.0894454885573992,0.06116207951070336,20,0.40672782874617736,0.14067278287461774,0.02310753873530551,0.047288211564320906,0.057215535542275715,0.14067278287461774,0.5652173913043479,0.5652173913043479
gemma4-12b,qwen3-8b-base,boolq,1308,475,0.5638819738421684,0.8936298730018324,0.06143355209187862,0.20082443197618294,0.3516819571865443,0.172782874617737,0.48303531939091426,0.4105945536109181,0.5000720288115247,0.06380994503064374,0.04048401418651782,0.029984381364263513,-0.07083827419108779,0.35157894736842105,167,0.9642105263157895,0.35789473684210527,0.07291318081923691,0.506920415224913,0.3450858725761773,0.35789473684210527,0.01764705882352946,0.01764705882352946
gemma4-12b,qwen3-8b-base,geometry_of_truth,2012,1000,0.7480750988142292,0.9982579051383399,0.2826014006995602,0.33702642975354036,0.4846077457795432,0.11232604373757456,0.9485266798418971,0.049731225296442805,0.6277272727272728,0.12034782608695638,0.3964767331284128,0.5994778023460388,0.5944532005590036,0.018,18,0.338,0.031,0.09174940336818374,0.36653347626936944,0.010478000000000001,0.031,0.4193548387096775,0.4193548387096775
gemma4-12b,qwen3-8b-base,imdb,2000,1018,0.5940754804556677,0.9755150668816697,0.10790438247011958,0.03611020442703605,0.49201596806387227,0.091,0.19312857365786518,0.7823864932238045,0.5050286292758853,0.0890468511797824,0.11390822087568828,0.05996545141614318,-0.1777036549735962,0.05009823182711198,51,0.44106090373280943,0.09233791748526522,0.06519727700876811,0.18158022660135367,0.04072664533485666,0.09233791748526522,0.45744680851063824,0.45744680851063824
gemma4-12b,qwen3-8b-base,rte,111,62,0.4427254772876893,0.9157340355497038,-0.04487179487179482,-0.09999999999999998,0.5535714285714286,0.17857142857142858,0.9094799210006583,0.006254114549045453,0.5306122448979592,-0.08788676761026992,0.13736224702169392,-0.25555750804308786,0.006687388821617346,0.25806451612903225,16,0.8225806451612904,0.27419354838709675,0.19080856474547128,0.6684491978609625,0.22554630593132152,0.27419354838709675,0.05882352941176461,0.05882352941176461
gemma4-12b,qwen3-8b-base,truthfulqa,654,327,0.6490942588072459,0.9195073366439414,0.1617931547619047,0.3811862269270455,0.46646341463414637,0.4115853658536585,0.6857166905142664,0.23379064612967493,0.5803851153569191,0.06870914345032686,0.05342036916972451,-0.18294506082098816,-0.037669695302664064,0.09174311926605505,30,0.40672782874617736,0.1651376146788991,0.13474742418139976,0.2508591065292097,0.0671660634626715,0.1651376146788991,0.4444444444444444,0.4444444444444444
gemma4-12b,qwen38-27b,boolq,1308,475,0.5638819738421684,0.9392279016869906,0.06143355209187862,0.28872057448797483,0.3516819571865443,0.1173780487804878,0.5876944461995325,0.35153345548745807,0.47051999747267326,0.09336197636949517,0.1948886042715325,0.14340004807801698,-0.02189706893551424,0.20210526315789473,96,0.9642105263157895,0.21052631578947367,-0.011704615784096019,-0.03137254901960778,0.2029916897506925,0.21052631578947367,0.039999999999999925,0.039999999999999925
gemma4-12b,qwen38-27b,geometry_of_truth,2012,1000,0.7480750988142292,0.9983764822134387,0.2826014006995602,0.3612122252747253,0.4846077457795432,0.09542743538767395,0.9754999999999999,0.022876482213438742,0.6053498023715416,0.1427252964426876,0.5517228930984758,0.6452754034062425,0.5927164326891903,0.018,18,0.338,0.025,0.1293134547575551,0.5770392749244712,0.008450000000000001,0.025,0.28000000000000014,0.28000000000000014
gemma4-12b,qwen38-27b,rte,111,62,0.4427254772876893,0.967083607636603,-0.04487179487179482,0.40421455938697326,0.5535714285714286,0.44642857142857145,0.9414088215931534,0.025674786043449527,0.5095457537853851,-0.06682027649769584,0.2489705294833831,-0.17248337609334308,-0.04242103064795644,0.1935483870967742,12,0.8225806451612904,0.20967741935483872,0.13549830799325566,0.5664335664335665,0.17247658688865766,0.20967741935483872,0.07692307692307698,0.07692307692307698
gemma4-12b,qwen38-27b,truthfulqa,654,327,0.6490942588072459,0.9541471443668228,0.1617931547619047,0.4319339375327689,0.46646341463414637,0.4923547400611621,0.7991938576064491,0.15495328676037368,0.5571453955428368,0.0919488632644091,0.12265689200948228,-0.14558577203960676,-0.07601112198998794,0.07033639143730887,23,0.40672782874617736,0.1345565749235474,0.09311295194294081,0.19552483598875356,0.054727903562176765,0.1345565749235474,0.4772727272727272,0.4772727272727272
gemma4-12b-base,gemma2-9b,boolq,1308,475,0.8315284008340178,0.9097794907436658,0.04747755834829448,0.03949897873362973,0.1491628614916286,0.12102874432677761,0.8636355594869525,0.046143931256713344,0.6161799456624755,0.21534845517154233,0.6535353190846775,0.5864796765863327,0.5387204588049692,0.23578947368421052,112,0.6421052631578947,0.25473684210526315,0.34576869296555396,0.7921730675741371,0.1635678670360111,0.25473684210526315,0.07438016528925617,0.07438016528925617
gemma4-12b-base,gemma2-9b,geometry_of_truth,2012,1000,0.9973596837944664,0.9984673913043478,0.13830955334987594,0.07388008475840868,0.09343936381709742,0.014577259475218658,0.9966590909090909,0.0018083003952569232,0.9873725296442688,0.009987154150197575,0.9352777650237513,0.8809519859212185,0.8645146096774637,0.012,12,0.026,0.021,0.501984182874378,0.5599882663537693,0.000546,0.021,0.4285714285714286,0.4285714285714286
gemma4-12b-base,gemma2-9b,imdb,2000,1018,0.9185276029433537,0.9717328414406267,0.36237361462181594,-0.00011345483589886296,0.4132804757185332,0.025565388397246803,0.9549674094406589,0.016765431999967717,0.6567037720221351,0.2618238309212185,0.7620928562766773,0.7142127154812894,0.6806034576153421,0.054027504911591355,55,0.17779960707269155,0.08349705304518663,0.3704479652309841,0.5707358212102046,0.014845743223161867,0.08349705304518663,0.3529411764705882,0.3529411764705882
gemma4-12b-base,gemma2-9b,rte,111,62,0.7890059249506254,0.9430546412113232,0.14822134387351782,0.006666666666666599,0.375,0.017241379310344827,0.9061882817643185,0.03686635944700467,0.7179065174456879,0.07109940750493748,0.8255384212910504,0.29353143966491135,0.2813083025622478,0.1774193548387097,11,0.5645161290322581,0.22580645161290322,0.24093544077473364,0.5079365079365079,0.12747138397502603,0.22580645161290322,0.2142857142857142,0.2142857142857142
gemma4-12b-base,gemma2-9b,truthfulqa,654,327,0.8785549289715606,0.9443930084448559,0.2616019634091923,0.14681540808543103,0.43902439024390244,0.25914634146341464,0.8383039212935687,0.10608908715128718,0.7565206819478345,0.12203424702372612,0.649683906907227,0.4412963986056381,0.435629469260587,0.05504587155963303,18,0.12538226299694188,0.1712538226299694,0.26911682147215416,0.32310323103231026,0.02147219182822246,0.12538226299694188,0.5609756097560975,0.6785714285714286
gemma4-12b-base,gemma4-12b,boolq,1308,475,0.8315284008340178,0.5638819738421684,0.04747755834829448,0.06143355209187862,0.1491628614916286,0.3516819571865443,0.5123219814241486,0.051559992418019784,0.5709458520250206,0.2605825488089972,0.15207497607457848,-0.08957080540422568,0.01642255800307113,0.6273684210526316,298,0.6421052631578947,0.9642105263157895,0.09257236609131791,0.3587270973963362,0.6191246537396122,0.6421052631578947,0.022950819672131195,0.3493449781659389
gemma4-12b-base,gemma4-12b,geometry_of_truth,2012,1000,0.9973596837944664,0.7480750988142292,0.13830955334987594,0.2826014006995602,0.09343936381709742,0.4846077457795432,0.6033942687747036,0.1446808300395256,0.9593656126482213,0.03799407114624509,0.5162075077457473,0.5652832401724613,0.6401566040381379,0.014,14,0.026,0.338,0.06923901959463366,0.3028119916337439,0.008788,0.026,0.46153846153846145,0.9585798816568047
gemma4-12b-base,gemma4-12b,imdb,2000,1018,0.9185276029433537,0.5940754804556677,0.36237361462181594,0.10790438247011958,0.4132804757185332,0.49201596806387227,0.5152059267202573,0.07886955373541038,0.5354184755860899,0.38310912735726377,0.10798590756340394,-0.21737291777860213,-0.02429598989755344,0.10707269155206287,109,0.17779960707269155,0.44106090373280943,0.15092902209368586,0.28831234403674183,0.07842045537881975,0.17779960707269155,0.39779005524861877,0.7572383073496659
gemma4-12b-base,gemma4-12b,rte,111,62,0.7890059249506254,0.4427254772876893,0.14822134387351782,-0.04487179487179482,0.375,0.5535714285714286,0.4555628703094141,-0.012837393021724819,0.6056616194865042,0.18334430546412117,0.32491324278819883,-0.014601245880821567,-0.24826341451579625,0.46774193548387094,29,0.5645161290322581,0.8225806451612904,0.017854431128926356,0.033766233766233805,0.4643600416233091,0.5645161290322581,0.1714285714285716,0.43137254901960786
gemma4-12b-base,gemma4-12b,truthfulqa,654,327,0.8785549289715606,0.6490942588072459,0.2616019634091923,0.1617931547619047,0.43902439024390244,0.46646341463414637,0.5298001477615988,0.11929411104564713,0.5820684753434523,0.2964864536281083,0.1359995699395293,-0.12501593546844036,-0.2196883312149931,0.0672782874617737,22,0.12538226299694188,0.40672782874617736,0.10009148685948176,0.21888358058838314,0.050996455592028346,0.12538226299694188,0.46341463414634143,0.8345864661654135
gemma4-12b-base,gemma4-31b,boolq,1308,475,0.8315284008340178,0.8310406267770266,0.04747755834829448,0.16187880058712512,0.1491628614916286,0.21712538226299694,0.5499109117331143,0.28112971504391226,0.565110254628167,0.2664181462058508,0.1831673388859977,0.19460180372296032,0.22961166301354718,0.2968421052631579,141,0.6421052631578947,0.4168421052631579,0.12348349678773576,0.19563279857397511,0.26765650969529087,0.4168421052631579,0.28787878787878785,0.28787878787878785
gemma4-12b-base,gemma4-31b,geometry_of_truth,2012,1000,0.9973596837944664,0.9628982213438735,0.13830955334987594,0.45529668495876263,0.09343936381709742,0.4393638170974155,0.782350790513834,0.18054743083003943,0.9816274703557313,0.0157322134387351,0.8535078307482329,0.8256971037166063,0.789415554610763,0.012,12,0.026,0.113,0.17986922928143176,0.3929407683635415,0.002938,0.026,0.5384615384615384,0.8938053097345133
gemma4-12b-base,gemma4-31b,rte,111,62,0.7890059249506254,0.6277156023699803,0.14822134387351782,-0.000645161290322549,0.375,0.4107142857142857,0.521724818959842,0.10599078341013823,0.6813693219223174,0.10763660302830802,0.3366602290192614,0.02784109379189781,-0.06621122920921962,0.4032258064516129,25,0.5645161290322581,0.6129032258064516,0.23697872437845258,0.2619047619047618,0.34599375650364206,0.5645161290322581,0.2857142857142858,0.3421052631578948
gemma4-12b-base,gemma4-31b,truthfulqa,654,327,0.8785549289715606,0.7854838257161294,0.2616019634091923,0.44235373335328443,0.43902439024390244,0.5443425076452599,0.7032423383740614,0.08224148734206804,0.577177379382581,0.30137754958897967,0.3543276681966797,0.18152709891281638,0.15551640240339948,0.05504587155963303,18,0.12538226299694188,0.25382262996941896,0.1611268123319425,0.2482007197121152,0.03182485574540115,0.12538226299694188,0.5609756097560975,0.7831325301204819
gemma4-12b-base,gptj-6b,boolq,1308,475,0.8315284008340178,0.6656902761104442,0.04747755834829448,0.20653974953779597,0.1491628614916286,0.6237482117310443,0.503812472357364,0.16187780375308014,0.5389473684210526,0.2925810324129652,0.6047182618375518,0.5981284149771036,0.4942971039455447,0.5957894736842105,283,0.6421052631578947,0.8757894736842106,0.21150088677597656,0.4192831342039455,0.5623490304709141,0.6421052631578947,0.0721311475409836,0.31971153846153844
gemma4-12b-base,gptj-6b,geometry_of_truth,2012,1000,0.9973596837944664,0.9835780632411067,0.13830955334987594,0.5482477023411999,0.09343936381709742,0.5464190981432361,0.9032717391304348,0.08030632411067196,0.9755573122529644,0.021802371541501997,0.9385867234873564,0.8764110963366148,0.8427698926551243,0.011,11,0.026,0.074,0.21787479003058685,0.37697291908954966,0.0019239999999999997,0.026,0.5769230769230769,0.8513513513513513
gemma4-12b-base,gptj-6b,imdb,2000,1018,0.9185276029433537,0.9469618156282635,0.36237361462181594,0.48659038116650455,0.4132804757185332,0.5482625482625483,0.5947186888551891,0.35224312677307446,0.6125154550074224,0.30601214793593123,0.7270440404051212,0.6671360333895722,0.612185061708249,0.06679764243614932,68,0.17779960707269155,0.13163064833005894,0.3356930418802303,0.40095222810677783,0.02340387755180812,0.13163064833005894,0.4925373134328358,0.4925373134328358
gemma4-12b-base,gptj-6b,rte,111,62,0.7890059249506254,0.6645819618169848,0.14822134387351782,0.27960526315789475,0.375,0.3709677419354839,0.5088874259381173,0.1556945358788675,0.5362080315997366,0.25279789335088876,0.7320010011975155,0.29297326727860895,0.2570079152351973,0.532258064516129,33,0.5645161290322581,0.9032258064516129,0.15262051274998567,0.4095238095238095,0.5098855359001041,0.5645161290322581,0.05714285714285727,0.4107142857142857
gemma4-12b-base,gptj-6b,truthfulqa,654,327,0.8785549289715606,0.8530333211757335,0.2616019634091923,0.32313192572626537,0.43902439024390244,0.5137614678899083,0.7120332183037342,0.14100010287199927,0.7351233061190134,0.14343162285254718,0.665565955239001,0.4531990073147405,0.40575993486789286,0.03669724770642202,12,0.12538226299694188,0.14678899082568808,0.1560885999538817,0.1709939680041962,0.018404735852762113,0.12538226299694188,0.7073170731707317,0.75
gemma4-12b-base,llama-8b,boolq,1308,475,0.8315284008340178,0.8544310355721236,0.04747755834829448,0.04359931113662474,0.1491628614916286,0.13302752293577982,0.7853844695773046,0.06904656599481906,0.6146660769570986,0.21686232387691917,0.5415606650249529,0.6805736527471773,0.5465102387702708,0.35789473684210527,170,0.6421052631578947,0.4105263157894737,0.39985162657330703,0.6417797888386123,0.263601108033241,0.4105263157894737,0.1282051282051282,0.1282051282051282
gemma4-12b-base,llama-8b,geometry_of_truth,2012,1000,0.9973596837944664,0.9984980237154151,0.13830955334987594,0.004826841706890184,0.09343936381709742,0.006958250497017893,0.9963804347826087,0.0021175889328063358,0.9902490118577075,0.00711067193675885,0.9515247266509099,0.8990306462097155,0.8634467144859295,0.013,13,0.026,0.02,0.5601707105060516,0.6406570841889117,0.00052,0.02,0.3500000000000001,0.3500000000000001
gemma4-12b-base,llama-8b,imdb,2000,1018,0.9185276029433537,0.9719108991313186,0.36237361462181594,0.003963849690819643,0.4132804757185332,0.019,0.8656204610293735,0.10629043810194505,0.636038076336733,0.28248952660662063,0.762857889841808,0.773906862972722,0.691196927180322,0.06483300589390963,66,0.17779960707269155,0.10903732809430255,0.3813520583379587,0.5069262811198295,0.019386794091423146,0.10903732809430255,0.4054054054054054,0.4054054054054054
gemma4-12b-base,llama-8b,rte,111,62,0.7890059249506254,0.8127057274522712,0.14822134387351782,0.0039525691699604515,0.375,0.21428571428571427,0.7238314680710993,0.08887425938117188,0.7011191573403555,0.08788676761026992,0.8737927652996623,0.4440116298973774,0.24984942234082863,0.43548387096774194,27,0.5645161290322581,0.4838709677419355,0.6551384198826604,0.7703703703703704,0.2731529656607701,0.4838709677419355,0.09999999999999998,0.09999999999999998
gemma4-12b-base,llama-8b,truthfulqa,654,327,0.8785549289715606,0.9356301845149585,0.2616019634091923,0.2551085448614602,0.43902439024390244,0.3780487804878049,0.8506579131947365,0.084972271320222,0.7648626658810986,0.11369226309046199,0.7947703789393121,0.5887221406647449,0.43454153550640784,0.039755351681957186,13,0.12538226299694188,0.1345565749235474,0.20250673350736398,0.21089373437903994,0.016871007865031935,0.12538226299694188,0.6829268292682926,0.7045454545454546
gemma4-12b-base,llama31-405b,boolq,1308,475,0.8315284008340178,0.9538838693372085,0.04747755834829448,-1.0338054378222772e-05,0.1491628614916286,0.03211009174311927,0.9074088582801542,0.046475011057054316,0.5804410185126682,0.25108738232134964,0.5046442262914506,0.43436145084150357,0.5482579562735379,0.16842105263157894,80,0.6421052631578947,0.17894736842105263,0.29125339249601795,0.8356401384083045,0.11490304709141275,0.17894736842105263,0.05882352941176472,0.05882352941176472
gemma4-12b-base,llama31-405b,geometry_of_truth,2012,1000,0.9973596837944664,0.9992994071146246,0.13830955334987594,0.02268716373487989,0.09343936381709742,0.01485148514851485,0.9983102766798418,0.00098913043478277,0.9872934782608697,0.010066205533596717,0.8743417008158321,0.8737706233392653,0.8783431086043431,0.009,9,0.026,0.012,0.5014002711730968,0.7433264887063655,0.000312,0.012,0.2500000000000001,0.2500000000000001
gemma4-12b-base,llama31-405b,imdb,2000,1018,0.9185276029433537,0.9815920358196056,0.36237361462181594,-0.002429182194380375,0.4132804757185332,0.006789524733268671,0.9755170675298797,0.006074968289725979,0.5793977248628556,0.3391298780804981,0.6830232204622233,0.64453845534546,0.6679969813563403,0.047151277013752456,48,0.17779960707269155,0.06974459724950884,0.35682323045190334,0.6060040049135916,0.012400561986405795,0.06974459724950884,0.3239436619718309,0.3239436619718309
gemma4-12b-base,llama31-405b,rte,111,62,0.7890059249506254,0.9381171823568137,0.14822134387351782,0.014102564102564163,0.375,0.08928571428571429,0.8982883475971033,0.03982883475971044,0.7314022383146808,0.05760368663594462,0.7735402735554003,0.3597224032508506,0.2470406533156907,0.22580645161290322,14,0.5645161290322581,0.25806451612903225,0.36931411380257884,0.7129629629629628,0.14568158168574402,0.25806451612903225,0.125,0.125
gemma4-12b-base,llama31-405b,truthfulqa,654,327,0.8785549289715606,0.9737021762103826,0.2616019634091923,0.059963167587476884,0.43902439024390244,0.09063444108761329,0.9331519045347848,0.04055027167559777,0.7345154261238767,0.14403950284768396,0.6589646596252126,0.5033914404791038,0.4467047574987115,0.03058103975535168,10,0.12538226299694188,0.08868501529051988,0.2067235737594321,0.2509042681456474,0.011119527911043776,0.08868501529051988,0.6551724137931034,0.6551724137931034
gemma4-12b-base,llama31-70b,boolq,1308,475,0.8315284008340178,0.9376559044670498,0.04747755834829448,-0.0013040046669641203,0.1491628614916286,0.03765060240963856,0.8979768749605106,0.03967902950653923,0.6356984899222847,0.19582991091173307,0.5286424197011578,0.5868758139829873,0.5312212373695392,0.2063157894736842,98,0.6421052631578947,0.2231578947368421,0.3157614446304528,0.7891231964483906,0.14329085872576178,0.2231578947368421,0.07547169811320764,0.07547169811320764
gemma4-12b-base,llama31-70b,geometry_of_truth,2012,1000,0.9973596837944664,0.9990503952569171,0.13830955334987594,0.004721374045801641,0.09343936381709742,0.0107421875,0.998292490118577,0.0007579051383400648,0.9900612648221344,0.007298418972331966,0.9385500293272485,0.9034265405614635,0.8710815220157476,0.011,11,0.026,0.016,0.5300613498594353,0.6791581108829567,0.000416,0.016,0.3125,0.3125
gemma4-12b-base,llama31-70b,imdb,2000,1018,0.9185276029433537,0.9821732241246164,0.36237361462181594,0.001270650367035886,0.4132804757185332,0.008620689655172414,0.9718488790368079,0.01032434508780844,0.6465454807357583,0.2719821222075953,0.7588295404484321,0.745322249286233,0.6928524157281648,0.04420432220039293,45,0.17779960707269155,0.0618860510805501,0.36039008191651,0.6525004266939752,0.011003315565402325,0.0618860510805501,0.2857142857142857,0.2857142857142857
gemma4-12b-base,llama31-70b,rte,111,62,0.7890059249506254,0.9420671494404212,0.14822134387351782,-0.003906250000000111,0.375,0.03571428571428571,0.911784068466096,0.030283080974325194,0.685319289005925,0.1036866359447004,0.8726721788746128,0.42146817531836245,0.24661792847092634,0.22580645161290322,14,0.5645161290322581,0.24193548387096775,0.4202267140490003,0.8469135802469137,0.13657648283038504,0.24193548387096775,0.06666666666666676,0.06666666666666676
gemma4-12b-base,llama31-70b,truthfulqa,654,327,0.8785549289715606,0.9623114403015085,0.2616019634091923,0.12582825337927372,0.43902439024390244,0.19756838905775076,0.9053016487575868,0.05700979154392172,0.7557257619541939,0.12282916701736668,0.7395785743921685,0.5740078387017131,0.44131059496706815,0.039755351681957186,13,0.12538226299694188,0.1162079510703364,0.237312540608972,0.24779168200220825,0.014570415883436673,0.1162079510703364,0.6578947368421053,0.6578947368421053
gemma4-12b-base,llama31-70b-base,boolq,1308,475,0.8315284008340178,0.8779857206040311,0.04747755834829448,0.11658356417359172,0.1491628614916286,0.13082706766917293,0.7675870348139255,0.11039868579010559,0.7002893789094585,0.13123902192455927,0.49568689360908275,0.5210413114600002,0.4966373765204788,0.3263157894736842,155,0.6421052631578947,0.37684210526315787,0.363071397539513,0.6253697009530069,0.24197229916897506,0.37684210526315787,0.13407821229050265,0.13407821229050265
gemma4-12b-base,llama31-70b-base,geometry_of_truth,2012,1000,0.9973596837944664,0.9983873517786561,0.13830955334987594,0.04919332892741901,0.09343936381709742,0.060077519379844964,0.9961333992094862,0.002253952569169937,0.9885375494071147,0.008822134387351688,0.9489409195908284,0.8894127211974222,0.8638833263353294,0.013,13,0.026,0.019,0.5756267498461899,0.6757808278396195,0.000494,0.019,0.3157894736842105,0.3157894736842105
gemma4-12b-base,llama31-70b-base,imdb,2000,1018,0.9185276029433537,0.9586415998783605,0.36237361462181594,0.3592676684727091,0.4132804757185332,0.42120075046904315,0.7103931673862331,0.24824843249212736,0.6403814836006867,0.278146119342667,0.7562108333093741,0.7151269311678177,0.6748491805096141,0.0756385068762279,77,0.17779960707269155,0.12573673870333987,0.4203186570424493,0.5154009856630825,0.022355942736055515,0.12573673870333987,0.3984374999999999,0.3984374999999999
gemma4-12b-base,llama31-70b-base,rte,111,62,0.7890059249506254,0.8225806451612903,0.14822134387351782,-0.005639097744360777,0.375,0.3050847457627119,0.7425938117182358,0.07998683344305446,0.6382488479262672,0.15075707702435814,0.842186222962592,0.40273493543896677,0.22877748708033174,0.3870967741935484,24,0.5645161290322581,0.4838709677419355,0.45985677549455983,0.5407407407407409,0.2731529656607701,0.4838709677419355,0.20000000000000007,0.20000000000000007
gemma4-12b-base,llama31-70b-base,truthfulqa,654,327,0.8785549289715606,0.9157010726743914,0.2616019634091923,0.2955903598634094,0.43902439024390244,0.3657142857142857,0.8057496095540031,0.10995146312038828,0.715325122277399,0.16322980669416165,0.7285903328552152,0.5616786048830442,0.42918311671697873,0.05504587155963303,18,0.12538226299694188,0.20489296636085627,0.21963032055726958,0.29446529080675415,0.025689943794480447,0.12538226299694188,0.5609756097560975,0.7313432835820896
gemma4-12b-base,llama31-8b-base,boolq,1308,475,0.8315284008340178,0.7668970746193213,0.04747755834829448,0.04830470980975743,0.1491628614916286,0.19850746268656716,0.6745283376508497,0.09236873696847159,0.6779604473368295,0.15356795349718833,0.5454458146974018,0.6687580016065615,0.5345932829955633,0.47578947368421054,226,0.6421052631578947,0.6189473684210526,0.3365851317928463,0.3537414965986395,0.39742936288088637,0.6189473684210526,0.23129251700680264,0.23129251700680264
gemma4-12b-base,llama31-8b-base,geometry_of_truth,2012,1000,0.9973596837944664,0.9974249011857708,0.13830955334987594,0.06514907222692867,0.09343936381709742,0.11925708699902249,0.9859693675889328,0.01145553359683793,0.98801185770751,0.00934782608695639,0.9456824346333804,0.9047580234768035,0.856132732422317,0.013,13,0.026,0.022,0.5324199549631652,0.5799887997013251,0.0005719999999999999,0.022,0.40909090909090906,0.40909090909090906
gemma4-12b-base,llama31-8b-base,imdb,2000,1018,0.9185276029433537,0.9481712074712207,0.36237361462181594,0.25079113924050633,0.4132804757185332,0.3602199816681943,0.7663562994410189,0.18181490803020184,0.7428106706572929,0.17571693228606078,0.790023691816434,0.7952425745661271,0.7084695495809463,0.06385068762278978,65,0.17779960707269155,0.11296660117878192,0.36160161337073304,0.47119630149083186,0.02008541730192488,0.11296660117878192,0.4347826086956522,0.4347826086956522
gemma4-12b-base,llama31-8b-base,rte,111,62,0.7890059249506254,0.7590520078999341,0.14822134387351782,0.10225921521997616,0.375,0.41379310344827586,0.6464779460171165,0.1125740618828176,0.7100065832784725,0.07899934167215283,0.8412059629923967,0.4531870466831287,0.24315355637208902,0.45161290322580644,28,0.5645161290322581,0.532258064516129,0.6109480166140205,0.6520763187429854,0.300468262226847,0.532258064516129,0.1515151515151515,0.1515151515151515
gemma4-12b-base,llama31-8b-base,truthfulqa,654,327,0.8785549289715606,0.8842222409262221,0.2616019634091923,0.3671417854463616,0.43902439024390244,0.6085626911314985,0.7379289060965688,0.14629333482965334,0.7216190182270479,0.15693591074451274,0.7391115401125739,0.6239285514157797,0.4421737826926937,0.05198776758409786,17,0.12538226299694188,0.1651376146788991,0.2544151526276385,0.29884749396944527,0.020705327834357377,0.12538226299694188,0.5853658536585366,0.6851851851851852
gemma4-12b-base,olmo3-7b,boolq,1308,475,0.8315284008340178,0.8341062740885827,0.04747755834829448,0.1841299624728422,0.1491628614916286,0.24770642201834864,0.5489429455992924,0.2851633284892904,0.5674808870916788,0.26404751374233904,0.5280121760649673,0.42606798224128306,0.4554555181708687,0.4147368421052632,197,0.6421052631578947,0.5326315789473685,0.30408671910392315,0.3815391769355964,0.342005540166205,0.5326315789473685,0.22134387351778662,0.22134387351778662
gemma4-12b-base,olmo3-7b,geometry_of_truth,2012,1000,0.9973596837944664,0.9942687747035572,0.13830955334987594,0.022741228070175423,0.09343936381709742,0.019880715705765408,0.9901017786561266,0.004166996047430649,0.99048814229249,0.00687154150197633,0.9085211493611295,0.8031377848990344,0.8381961687812534,0.019,19,0.026,0.052,0.49948620956309125,0.7160012982797791,0.001352,0.026,0.26923076923076916,0.6346153846153846
gemma4-12b-base,olmo3-7b,imdb,2000,1018,0.9185276029433537,0.9686388389838309,0.36237361462181594,0.15151949541284404,0.4132804757185332,0.128,0.9135609937619789,0.055077845221851995,0.6003325077325053,0.3181950952108483,0.7818800427343555,0.59360587644896,0.5928345024545676,0.060903732809430254,62,0.17779960707269155,0.10707269155206287,0.35412975160947663,0.475562570561091,0.019037482486172277,0.10707269155206287,0.4311926605504587,0.4311926605504587
gemma4-12b-base,olmo3-7b,rte,111,62,0.7890059249506254,0.8581303489137591,0.14822134387351782,0.007309941520467822,0.375,0.25,0.8229098090849243,0.035220539828834774,0.7208689927583937,0.06813693219223171,0.7565894699957323,0.17639829807719176,0.23645217544934927,0.3225806451612903,20,0.5645161290322581,0.3870967741935484,0.43087040796082293,0.6172839506172839,0.21852237252861603,0.3870967741935484,0.16666666666666663,0.16666666666666663
gemma4-12b-base,olmo3-7b,truthfulqa,654,327,0.8785549289715606,0.8972495768220035,0.2616019634091923,0.37460721232979205,0.43902439024390244,0.5045871559633027,0.7781425057748599,0.11910707104714358,0.7068989703448083,0.17165595862675231,0.7014753788139212,0.28114675858639193,0.37801220839031824,0.045871559633027525,15,0.12538226299694188,0.1834862385321101,0.17839088607508455,0.22334886270211013,0.023005919815952642,0.12538226299694188,0.6341463414634145,0.75
gemma4-12b-base,qwen3-1.7b,boolq,1308,475,0.8315284008340178,0.8171352751626967,0.04747755834829448,0.22837342250026982,0.1491628614916286,0.22324159021406728,0.5694168193593228,0.24771845580337393,0.5126934984520124,0.3188349023820054,0.6345126557239266,0.5823892219679919,0.42452160226297264,0.4063157894736842,193,0.6421052631578947,0.511578947368421,0.3247902637954421,0.42507867344468664,0.32848753462603875,0.511578947368421,0.20576131687242794,0.20576131687242794
gemma4-12b-base,qwen3-1.7b,geometry_of_truth,2012,1000,0.9973596837944664,0.9934357707509882,0.13830955334987594,0.34411173291343944,0.09343936381709742,0.24652087475149106,0.9856195652173914,0.007816205533596854,0.9880701581027667,0.009289525691699718,0.8838039656096082,0.8256497062903388,0.8188445094257809,0.016,16,0.026,0.051,0.41914488249185994,0.5947150847045471,0.001326,0.026,0.3846153846153846,0.6862745098039216
gemma4-12b-base,qwen3-1.7b,imdb,2000,1018,0.9185276029433537,0.9536549842148856,0.36237361462181594,0.14734994199181772,0.4132804757185332,0.2057942057942058,0.6411797422364847,0.31247524197840093,0.565681280734958,0.3528463222083956,0.7899285924056499,0.6246827807233943,0.5185137356794132,0.06777996070726916,69,0.17779960707269155,0.1237721021611002,0.36352839934684944,0.44979234226546067,0.02200663113080465,0.1237721021611002,0.45238095238095233,0.45238095238095233
gemma4-12b-base,qwen3-1.7b,rte,111,62,0.7890059249506254,0.8772218564845293,0.14822134387351782,0.25320056899004273,0.375,0.3392857142857143,0.7261356155365373,0.15108624094799206,0.7620144832126399,0.02699144173798551,0.7968058068627611,0.29155970175292134,0.20213562164538346,0.3387096774193548,21,0.5645161290322581,0.4838709677419355,0.2645751311064591,0.31111111111111117,0.2731529656607701,0.4838709677419355,0.30000000000000004,0.30000000000000004
gemma4-12b-base,qwen3-1.7b,truthfulqa,654,327,0.8785549289715606,0.8749731130002151,0.2616019634091923,0.3389193929688095,0.43902439024390244,0.43119266055045874,0.6742324346061406,0.2007406783940745,0.6703700586370395,0.20818487033452115,0.7399635201269024,0.3923067953755809,0.31468782198188405,0.04892966360856269,16,0.12538226299694188,0.1743119266055046,0.21550349269431762,0.2615176151761517,0.021855623825155008,0.12538226299694188,0.6097560975609756,0.7192982456140351
gemma4-12b-base,qwen3-32b,boolq,1308,475,0.8315284008340178,0.9175105831806406,0.04747755834829448,0.01116746986681294,0.1491628614916286,0.05963302752293578,0.8538118405256839,0.06369874265495667,0.6254451254185884,0.20608327541542937,0.5164826545245927,0.5581519058700288,0.5145268388053443,0.2231578947368421,106,0.6421052631578947,0.24842105263157896,0.3072592370529664,0.7158524426719839,0.15951246537396122,0.24842105263157896,0.10169491525423735,0.10169491525423735
gemma4-12b-base,qwen3-32b,geometry_of_truth,2012,1000,0.9973596837944664,0.9991205533596839,0.13830955334987594,0.1296819531985801,0.09343936381709742,0.020874751491053677,0.9977895256916997,0.0013310276679842081,0.9905998023715415,0.006759881422924829,0.819113028370797,0.7812079773922747,0.8520287604200808,0.012,12,0.026,0.016,0.5801427321212866,0.7433264887063653,0.000416,0.016,0.25,0.25
gemma4-12b-base,qwen3-32b,imdb,2000,1018,0.9185276029433537,0.9749198740391887,0.36237361462181594,-0.0009083050676402804,0.4132804757185332,0.016966067864271458,0.9471508768841106,0.02776899715507808,0.606587534361133,0.3119400685822207,0.4719245796295353,0.7108185077219322,0.6531005369732278,0.05206286836935167,53,0.17779960707269155,0.07858546168958742,0.3702224134894278,0.5895161290322584,0.013972464210034698,0.07858546168958742,0.3374999999999999,0.3374999999999999
gemma4-12b-base,qwen3-32b,rte,111,62,0.7890059249506254,0.9634628044766294,0.14822134387351782,0.12364864864864855,0.375,0.15789473684210525,0.9535878867676103,0.009874917709019049,0.7156023699802502,0.0734035549703752,0.613491030464868,0.3395637366404076,0.2515875235909528,0.14516129032258066,9,0.5645161290322581,0.16129032258064516,0.2967192748075663,0.7703703703703706,0.09105098855359002,0.16129032258064516,0.09999999999999987,0.09999999999999987
gemma4-12b-base,qwen3-32b,truthfulqa,654,327,0.8785549289715606,0.9692412722460698,0.2616019634091923,0.16423754215061814,0.43902439024390244,0.22935779816513763,0.8715315770277474,0.0977096952183224,0.7329442901364456,0.14561063883511505,0.411224513327971,0.4071040814942588,0.41093671677035537,0.03669724770642202,12,0.12538226299694188,0.12232415902140673,0.19685670456325136,0.19965034965034964,0.01533727987730176,0.12232415902140673,0.7,0.7
gemma4-12b-base,qwen3-8b,boolq,1308,475,0.8315284008340178,0.8986440892146333,0.04747755834829448,0.05791505791505802,0.1491628614916286,0.11297709923664122,0.8386883174322359,0.059955771782397416,0.6320894673658938,0.19943893346812402,0.6691461393308988,0.4833396302125774,0.4751661694335404,0.2905263157894737,138,0.6421052631578947,0.3368421052631579,0.3276613096546129,0.6158088235294118,0.21628808864265928,0.3368421052631579,0.13749999999999996,0.13749999999999996
gemma4-12b-base,qwen3-8b,geometry_of_truth,2012,1000,0.9973596837944664,0.9976422924901186,0.13830955334987594,0.3637252771136711,0.09343936381709742,0.042743538767395624,0.9950869565217392,0.002555335968379424,0.9888409090909092,0.00851877470355722,0.8869885931619794,0.7955442269695152,0.8505165447744074,0.014,14,0.026,0.024,0.5491987979125071,0.572210814510609,0.000624,0.024,0.41666666666666663,0.41666666666666663
gemma4-12b-base,qwen3-8b,imdb,2000,1018,0.9185276029433537,0.9709705944726091,0.36237361462181594,0.005154241786803793,0.4132804757185332,0.101,0.9552625050516368,0.01570808942097235,0.5977586738103146,0.3207689291330391,0.7264031831003193,0.6589113752219115,0.6151700963782674,0.05697445972495088,58,0.17779960707269155,0.08447937131630648,0.39455755163499157,0.6040121141396465,0.015020399025787301,0.08447937131630648,0.32558139534883723,0.32558139534883723
gemma4-12b-base,qwen3-8b,rte,111,62,0.7890059249506254,0.9338380513495721,0.14822134387351782,0.0714285714285714,0.375,0.25,0.9124423963133641,0.021395655036207994,0.7261356155365372,0.06287030941408822,0.7875521808908614,0.23175964753067302,0.257764347692904,0.22580645161290322,14,0.5645161290322581,0.24193548387096775,0.4202267140490003,0.8469135802469137,0.13657648283038504,0.24193548387096775,0.06666666666666676,0.06666666666666676
gemma4-12b-base,qwen3-8b,truthfulqa,654,327,0.8785549289715606,0.9380804084953567,0.2616019634091923,0.3347204266321915,0.43902439024390244,0.345565749235474,0.839790889281673,0.09828951921368367,0.7321026101431791,0.1464523188283815,0.5912112210825524,0.3228441705501415,0.3984204571443686,0.039755351681957186,13,0.12538226299694188,0.14067278287461774,0.192098566643544,0.20527731967711133,0.017637871858897022,0.12538226299694188,0.6829268292682926,0.7173913043478262
gemma4-12b-base,qwen3-8b-base,boolq,1308,475,0.8315284008340178,0.8936298730018324,0.04747755834829448,0.20082443197618294,0.1491628614916286,0.172782874617737,0.7146218487394957,0.17900802426233664,0.634328678839957,0.19719972199406077,0.3085308291731786,0.4497828970064657,0.47946719953528105,0.31157894736842107,148,0.6421052631578947,0.35789473684210527,0.35583413693346183,0.6384083044982698,0.2298060941828255,0.35789473684210527,0.12941176470588234,0.12941176470588234
gemma4-12b-base,qwen3-8b-base,geometry_of_truth,2012,1000,0.9973596837944664,0.9982579051383399,0.13830955334987594,0.33702642975354036,0.09343936381709742,0.11232604373757456,0.9968122529644269,0.0014456521739130146,0.9866521739130435,0.010707509881422883,0.8391700261209065,0.818222262218354,0.8537913990458412,0.018,18,0.026,0.031,0.6234017750488237,0.6824640787489084,0.000806,0.026,0.3076923076923077,0.4193548387096775
gemma4-12b-base,qwen3-8b-base,imdb,2000,1018,0.9185276029433537,0.9755150668816697,0.36237361462181594,0.03611020442703605,0.4132804757185332,0.091,0.9165449605672238,0.05897010631444588,0.5950778052088876,0.323449797734466,0.710406544068084,0.7010157956254774,0.658485662500386,0.05795677799607073,59,0.17779960707269155,0.09233791748526522,0.3752762240633555,0.5471415135107656,0.01641764544679077,0.09233791748526522,0.3723404255319148,0.3723404255319148
gemma4-12b-base,qwen3-8b-base,rte,111,62,0.7890059249506254,0.9157340355497038,0.14822134387351782,-0.09999999999999998,0.375,0.17857142857142858,0.9229756418696511,-0.007241606319947302,0.7472021066491112,0.04180381830151414,0.6038975471001129,0.24561694935984635,0.2567208553796636,0.25806451612903225,16,0.5645161290322581,0.27419354838709675,0.466921513862023,0.8649237472766886,0.15478668054110303,0.27419354838709675,0.05882352941176461,0.05882352941176461
gemma4-12b-base,qwen3-8b-base,truthfulqa,654,327,0.8785549289715606,0.9195073366439414,0.2616019634091923,0.3811862269270455,0.43902439024390244,0.4115853658536585,0.8081998335344014,0.11130750310953996,0.7280999541752005,0.15045497479636016,0.49606705629131603,0.3546446780300223,0.41157958120844085,0.05198776758409786,17,0.12538226299694188,0.1651376146788991,0.2544151526276385,0.29884749396944527,0.020705327834357377,0.12538226299694188,0.5853658536585366,0.6851851851851852
gemma4-12b-base,qwen38-27b,boolq,1308,475,0.8315284008340178,0.9392279016869906,0.04747755834829448,0.28872057448797483,0.1491628614916286,0.1173780487804878,0.8394338788146838,0.09979402287230676,0.6718746445946799,0.15965375623933786,0.6016866517692749,0.6064550097342241,0.5283255016127655,0.18947368421052632,90,0.6421052631578947,0.21052631578947367,0.27780884857837235,0.7205882352941175,0.13518005540166203,0.21052631578947367,0.09999999999999987,0.09999999999999987
gemma4-12b-base,qwen38-27b,geometry_of_truth,2012,1000,0.9973596837944664,0.9983764822134387,0.13830955334987594,0.3612122252747253,0.09343936381709742,0.09542743538767395,0.9959970355731225,0.0023794466403161962,0.988755928853755,0.008603754940711417,0.9053120460439171,0.8673039788673704,0.8626741684810446,0.014,14,0.026,0.025,0.5373321187717135,0.5482546201232034,0.00065,0.025,0.44000000000000006,0.44000000000000006
gemma4-12b-base,qwen38-27b,rte,111,62,0.7890059249506254,0.967083607636603,0.14822134387351782,0.40421455938697326,0.375,0.44642857142857145,0.9427254772876893,0.024358130348913654,0.7518104015799867,0.037195523370638695,0.858339408786396,0.40065919190624677,0.2574422763382882,0.1935483870967742,12,0.5645161290322581,0.20967741935483872,0.3724879452539562,0.8233618233618234,0.11836628511966703,0.20967741935483872,0.07692307692307698,0.07692307692307698
gemma4-12b-base,qwen38-27b,truthfulqa,654,327,0.8785549289715606,0.9541471443668228,0.2616019634091923,0.4319339375327689,0.43902439024390244,0.4923547400611621,0.8392671772858625,0.11487996708096027,0.7328788261369694,0.1456761028345912,0.7824299168075719,0.4896661407310843,0.42457241280791436,0.05198776758409786,17,0.12538226299694188,0.1345565749235474,0.31075307900292265,0.32362320089631996,0.016871007865031935,0.12538226299694188,0.5853658536585366,0.6136363636363635
gemma4-31b,gemma2-9b,boolq,1308,475,0.8310406267770266,0.9097794907436658,0.16187880058712512,0.03949897873362973,0.21712538226299694,0.12102874432677761,0.72281291463954,0.18696657610412581,0.566702470461869,0.26433815631515767,0.2702749125408873,0.2776993578875332,0.2151223967058461,0.1705263157894737,81,0.4168421052631579,0.25473684210526315,0.2995091406044998,0.43312348957245583,0.10618504155124654,0.25473684210526315,0.3305785123966941,0.3305785123966941
gemma4-31b,gemma2-9b,geometry_of_truth,2012,1000,0.9628982213438735,0.9984673913043478,0.45529668495876263,0.07388008475840868,0.4393638170974155,0.014577259475218658,0.9856096837944663,0.012857707509881466,0.7858132411067194,0.17708498023715413,0.8516091749784138,0.807723759827677,0.8258927500917543,0.012,12,0.113,0.021,0.2120747417836554,0.5168304074730226,0.002373,0.021,0.4285714285714286,0.4285714285714286
gemma4-31b,gemma2-9b,rte,111,62,0.6277156023699803,0.9430546412113232,-0.000645161290322549,0.006666666666666599,0.4107142857142857,0.017241379310344827,0.9216589861751153,0.021395655036207883,0.620803159973667,0.006912442396313279,0.3537375041761668,-0.05449988625249769,0.041804438269865574,0.14516129032258066,9,0.6129032258064516,0.22580645161290322,0.03321171422210231,0.07738095238095237,0.1383975026014568,0.22580645161290322,0.3571428571428571,0.3571428571428571
gemma4-31b,gemma2-9b,truthfulqa,654,327,0.7854838257161294,0.9443930084448559,0.44235373335328443,0.14681540808543103,0.5443425076452599,0.25914634146341464,0.7854744737162042,0.1589185347286517,0.6977153064182775,0.0877685192978519,0.33451069032840797,0.14090053184170237,0.17403820177392026,0.0764525993883792,25,0.25382262996941896,0.1712538226299694,0.20118372330483653,0.25812353629976575,0.043468095652255234,0.1712538226299694,0.5535714285714286,0.5535714285714286
gemma4-31b,gemma4-12b,boolq,1308,475,0.8310406267770266,0.5638819738421684,0.16187880058712512,0.06143355209187862,0.21712538226299694,0.3516819571865443,0.4788374297087256,0.08504454413344281,0.51890566753017,0.31213495924685664,0.33099607893317384,0.12404560049488178,0.21188920417719703,0.3957894736842105,188,0.4168421052631579,0.9642105263157895,-0.06697402667298966,-0.29390528774686614,0.40192354570637123,0.4168421052631579,0.0505050505050505,0.5895196506550219
gemma4-31b,gemma4-12b,geometry_of_truth,2012,1000,0.9628982213438735,0.7480750988142292,0.45529668495876263,0.2826014006995602,0.4393638170974155,0.4846077457795432,0.48809486166007904,0.25998023715415014,0.5507756916996047,0.41212252964426876,0.4638891811323678,0.6424803138151141,0.713713035325226,0.067,67,0.113,0.338,0.19235105818216933,0.38507606341737266,0.038194000000000006,0.113,0.4070796460176991,0.8017751479289941
gemma4-31b,gemma4-12b,rte,111,62,0.6277156023699803,0.4427254772876893,-0.000645161290322549,-0.04487179487179482,0.4107142857142857,0.5535714285714286,0.4937458854509546,-0.05102040816326531,0.4924292297564187,0.13528637261356158,0.23701509883806623,-0.030512594938115978,-0.15293159400132206,0.5645161290322581,35,0.6129032258064516,0.8225806451612904,0.3243464396914988,0.5550239234449764,0.504162330905307,0.6129032258064516,0.07894736842105254,0.3137254901960784
gemma4-31b,gemma4-12b,truthfulqa,654,327,0.7854838257161294,0.6490942588072459,0.44235373335328443,0.1617931547619047,0.5443425076452599,0.46646341463414637,0.5036051959711584,0.14548906283608753,0.5873617073011064,0.19812211841502303,0.17985760789232014,-0.02283662263984554,-0.08900271776588098,0.10397553516819572,34,0.25382262996941896,0.40672782874617736,0.003455942009912107,0.004906222829462142,0.10323672717410617,0.25382262996941896,0.5903614457831325,0.7443609022556391
gemma4-31b,gemma4-12b-base,boolq,1308,475,0.8310406267770266,0.8315284008340178,0.16187880058712512,0.04747755834829448,0.21712538226299694,0.1491628614916286,0.565110254628167,0.2664181462058508,0.5499109117331143,0.28112971504391226,0.1831673388859978,0.22961166301354718,0.19460180372296032,0.2968421052631579,141,0.4168421052631579,0.6421052631578947,0.12348349678773576,0.19563279857397511,0.26765650969529087,0.4168421052631579,0.28787878787878785,0.5377049180327869
gemma4-31b,gemma4-12b-base,geometry_of_truth,2012,1000,0.9628982213438735,0.9973596837944664,0.45529668495876263,0.13830955334987594,0.4393638170974155,0.09343936381709742,0.9816274703557313,0.0157322134387351,0.782350790513834,0.18054743083003943,0.8535078307482327,0.789415554610763,0.8256971037166063,0.012,12,0.113,0.026,0.17986922928143176,0.3929407683635415,0.002938,0.026,0.5384615384615384,0.5384615384615384
gemma4-31b,gemma4-12b-base,rte,111,62,0.6277156023699803,0.7890059249506254,-0.000645161290322549,0.14822134387351782,0.4107142857142857,0.375,0.6813693219223174,0.10763660302830802,0.521724818959842,0.10599078341013823,0.33666022901926124,-0.06621122920921962,0.02784109379189781,0.4032258064516129,25,0.6129032258064516,0.5645161290322581,0.23697872437845258,0.26190476190476175,0.34599375650364206,0.5645161290322581,0.2857142857142858,0.2857142857142858
gemma4-31b,gemma4-12b-base,truthfulqa,654,327,0.7854838257161294,0.8785549289715606,0.44235373335328443,0.2616019634091923,0.5443425076452599,0.43902439024390244,0.577177379382581,0.30137754958897967,0.7032423383740614,0.08224148734206804,0.3543276681966802,0.15551640240339948,0.18152709891281638,0.05504587155963303,18,0.25382262996941896,0.12538226299694188,0.16112681233194248,0.24820071971211513,0.03182485574540115,0.12538226299694188,0.5609756097560975,0.5609756097560975
gemma4-31b,gptj-6b,boolq,1308,475,0.8310406267770266,0.6656902761104442,0.16187880058712512,0.20653974953779597,0.21712538226299694,0.6237482117310443,0.48825930372148857,0.1774309723889556,0.598655462184874,0.23238516459215264,0.1857683808258226,0.34568486622327843,0.252723131283199,0.3726315789473684,177,0.4168421052631579,0.8757894736842106,0.04652521302561412,0.14612223934257842,0.3650659279778394,0.4168421052631579,0.10606060606060608,0.5745192307692308
gemma4-31b,gptj-6b,geometry_of_truth,2012,1000,0.9628982213438735,0.9835780632411067,0.45529668495876263,0.5482477023411999,0.4393638170974155,0.5464190981432361,0.7535306324110672,0.23004743083003953,0.7202500000000001,0.24264822134387343,0.8563363909822663,0.8371928947465269,0.8306152160401697,0.032,32,0.113,0.074,0.2852254956175888,0.360126755842652,0.008362,0.074,0.5675675675675675,0.5675675675675675
gemma4-31b,gptj-6b,rte,111,62,0.6277156023699803,0.6645819618169848,-0.000645161290322549,0.27960526315789475,0.4107142857142857,0.3709677419354839,0.49703752468729423,0.16754443712969058,0.46543778801843316,0.1622778143515471,0.2786361563447646,-0.06688439556833581,0.011833089014590348,0.5967741935483871,37,0.6129032258064516,0.9032258064516129,0.2998755311270915,0.7280701754385959,0.5535900104058272,0.6129032258064516,0.02631578947368418,0.3392857142857142
gemma4-31b,gptj-6b,truthfulqa,654,327,0.7854838257161294,0.8530333211757335,0.44235373335328443,0.32313192572626537,0.5443425076452599,0.5137614678899083,0.6775991545792068,0.17543416659652666,0.6961722264306222,0.08931159928550725,0.3045021047995471,0.20333845495347436,0.20001919011818914,0.06116207951070336,20,0.25382262996941896,0.14678899082568808,0.15520445024080856,0.21823770491803274,0.03725836770193306,0.14678899082568808,0.5833333333333334,0.5833333333333334
gemma4-31b,llama-8b,boolq,1308,475,0.8310406267770266,0.8544310355721236,0.16187880058712512,0.04359931113662474,0.21712538226299694,0.13302752293577982,0.5870575598660517,0.26737347570607195,0.6061312946231124,0.22490933215391418,0.22552471322958478,0.4306586337293812,0.26706763199478334,0.22105263157894736,105,0.4168421052631579,0.4105263157894737,0.20585546216329573,0.20855317967231324,0.1711246537396122,0.4105263157894737,0.46153846153846156,0.46153846153846156
gemma4-31b,llama-8b,geometry_of_truth,2012,1000,0.9628982213438735,0.9984980237154151,0.45529668495876263,0.004826841706890184,0.4393638170974155,0.006958250497017893,0.9882193675889328,0.010278656126482266,0.7253053359683795,0.23759288537549395,0.8848841516256772,0.8419637100757704,0.8276892501257778,0.011,11,0.113,0.02,0.1971888550329702,0.492671927846674,0.0022600000000000003,0.02,0.45000000000000007,0.45000000000000007
gemma4-31b,llama-8b,rte,111,62,0.6277156023699803,0.8127057274522712,-0.000645161290322549,0.0039525691699604515,0.4107142857142857,0.21428571428571427,0.7975641869651086,0.015141540487162652,0.6053324555628703,0.022383146807109955,0.3197017661430497,0.06749871211813163,-0.030339442648648296,0.3387096774193548,21,0.6129032258064516,0.4838709677419355,0.17313384691436978,0.22500000000000003,0.29656607700312176,0.4838709677419355,0.30000000000000004,0.30000000000000004
gemma4-31b,llama-8b,truthfulqa,654,327,0.7854838257161294,0.9356301845149585,0.44235373335328443,0.2551085448614602,0.5443425076452599,0.3780487804878049,0.7065716503474269,0.22905853416753164,0.6795256665637947,0.10595815915233475,0.35086866249029963,0.28719328945774647,0.1708134203570153,0.06422018348623854,21,0.25382262996941896,0.1345565749235474,0.2024545128328873,0.29945976154992543,0.034153503726771964,0.1345565749235474,0.5227272727272727,0.5227272727272727
gemma4-31b,llama31-405b,boolq,1308,475,0.8310406267770266,0.9538838693372085,0.16187880058712512,-1.0338054378222772e-05,0.21712538226299694,0.03211009174311927,0.8703304479686611,0.08355342136854738,0.5872774372907057,0.24376318948632092,0.29669597585889995,0.28586671560998533,0.3493506439065788,0.12421052631578948,59,0.4168421052631579,0.17894736842105263,0.26254868769519935,0.4754724994691018,0.07459279778393352,0.17894736842105263,0.3058823529411765,0.3058823529411765
gemma4-31b,llama31-405b,geometry_of_truth,2012,1000,0.9628982213438735,0.9992994071146246,0.45529668495876263,0.02268716373487989,0.4393638170974155,0.01485148514851485,0.9939693675889327,0.0053300395256918875,0.7077450592885375,0.255153162055336,0.7952222777629909,0.8209724086190466,0.8541545360296332,0.008,8,0.113,0.012,0.1927345156638896,0.6242014280345732,0.001356,0.012,0.33333333333333337,0.33333333333333337
gemma4-31b,llama31-405b,rte,111,62,0.6277156023699803,0.9381171823568137,-0.000645161290322549,0.014102564102564163,0.4107142857142857,0.08928571428571429,0.9075049374588545,0.030612244897959218,0.5924950625411455,0.035220539828834774,0.3373903226008702,0.03973855723525743,0.012605779981123,0.16129032258064516,10,0.6129032258064516,0.25806451612903225,0.014646873128709534,0.03125000000000006,0.15816857440166493,0.25806451612903225,0.375,0.375
gemma4-31b,llama31-405b,truthfulqa,654,327,0.7854838257161294,0.9737021762103826,0.44235373335328443,0.059963167587476884,0.5443425076452599,0.09063444108761329,0.9217331126261351,0.051969063584247466,0.7262482581900138,0.059235567526115585,0.32425005532157614,0.26560803091320273,0.23144381596795294,0.03363914373088685,11,0.25382262996941896,0.08868501529051988,0.08995097415480975,0.16817410966647825,0.02251026381991789,0.08868501529051988,0.6206896551724138,0.6206896551724138
gemma4-31b,llama31-70b,boolq,1308,475,0.8310406267770266,0.9376559044670498,0.16187880058712512,-0.0013040046669641203,0.21712538226299694,0.03765060240963856,0.7686813672837557,0.16897453718329414,0.6265697858090604,0.2044708409679662,0.25707969375398315,0.3743716260134725,0.27164914466233536,0.1431578947368421,68,0.4168421052631579,0.2231578947368421,0.24423100753563984,0.38525985968258303,0.09302160664819945,0.2231578947368421,0.3584905660377359,0.3584905660377359
gemma4-31b,llama31-70b,geometry_of_truth,2012,1000,0.9628982213438735,0.9990503952569171,0.45529668495876263,0.004721374045801641,0.4393638170974155,0.0107421875,0.9823162055335968,0.016734189723320303,0.7670543478260868,0.19584387351778665,0.8654304092464693,0.8449746728789334,0.8388583846229187,0.008,8,0.113,0.016,0.15587353167914936,0.43630214205186013,0.0018080000000000001,0.016,0.5,0.5
gemma4-31b,llama31-70b,rte,111,62,0.6277156023699803,0.9420671494404212,-0.000645161290322549,-0.003906250000000111,0.4107142857142857,0.03571428571428571,0.923633969716919,0.018433179723502224,0.544107965766952,0.08360763660302828,0.34809078450649394,0.06196508744063434,-0.004372782785003082,0.16129032258064516,10,0.6129032258064516,0.24193548387096775,0.06235596816830203,0.1388888888888889,0.14828303850156088,0.24193548387096775,0.33333333333333337,0.33333333333333337
gemma4-31b,llama31-70b,truthfulqa,654,327,0.7854838257161294,0.9623114403015085,0.44235373335328443,0.12582825337927372,0.5443425076452599,0.19756838905775076,0.8622450411020397,0.1000663991994688,0.6787120425703036,0.1067717831458258,0.3455192932232479,0.28904018308045587,0.19317426831981,0.05198776758409786,17,0.25382262996941896,0.1162079510703364,0.16126510425017818,0.2593830888697153,0.02949620776403034,0.1162079510703364,0.5526315789473684,0.5526315789473684
gemma4-31b,llama31-70b-base,boolq,1308,475,0.8310406267770266,0.8779857206040311,0.16187880058712512,0.11658356417359172,0.21712538226299694,0.13082706766917293,0.6944588361660454,0.1835268844379857,0.6431869589941239,0.1878536677829027,0.23683112820406546,0.32798761530364784,0.2554820098081143,0.18947368421052632,90,0.4168421052631579,0.37684210526315787,0.135566907123052,0.14738922614605818,0.15708365650969527,0.37684210526315787,0.4972067039106145,0.4972067039106145
gemma4-31b,llama31-70b-base,geometry_of_truth,2012,1000,0.9628982213438735,0.9983873517786561,0.45529668495876263,0.04919332892741901,0.4393638170974155,0.060077519379844964,0.9759288537549408,0.022458498023715356,0.7166511857707509,0.24624703557312255,0.8880205276374047,0.8263462671934226,0.8325687742056433,0.01,10,0.113,0.019,0.1816867522050506,0.46597045036492013,0.002147,0.019,0.4736842105263158,0.4736842105263158
gemma4-31b,llama31-70b-base,rte,111,62,0.6277156023699803,0.8225806451612903,-0.000645161290322549,-0.005639097744360777,0.4107142857142857,0.3050847457627119,0.7699144173798552,0.05266622778143504,0.5487162606978275,0.07899934167215272,0.32938898621755724,0.047018113578836784,-0.02881358512994936,0.27419354838709675,17,0.6129032258064516,0.4838709677419355,-0.09191056070762836,-0.11197916666666657,0.29656607700312176,0.4838709677419355,0.43333333333333335,0.43333333333333335
gemma4-31b,llama31-70b-base,truthfulqa,654,327,0.7854838257161294,0.9157010726743914,0.44235373335328443,0.2955903598634094,0.5443425076452599,0.3657142857142857,0.7133799062929608,0.2023211663814306,0.6577729147378166,0.12771091097831277,0.3165457590293381,0.2779171255080618,0.1914225206274639,0.0856269113149847,28,0.25382262996941896,0.20489296636085627,0.1913995269306568,0.21990457548323944,0.05200647158394823,0.20489296636085627,0.582089552238806,0.582089552238806
gemma4-31b,llama31-8b-base,boolq,1308,475,0.8310406267770266,0.7668970746193213,0.16187880058712512,0.04830470980975743,0.21712538226299694,0.19850746268656716,0.5255550641309155,0.24134201048840587,0.6647905477980667,0.16625007897895994,0.22277129885532215,0.40680234441396723,0.25775392301438926,0.2905263157894737,138,0.4168421052631579,0.6189473684210526,0.13582892862062032,0.20475472961660804,0.258003324099723,0.4168421052631579,0.303030303030303,0.5306122448979591
gemma4-31b,llama31-8b-base,geometry_of_truth,2012,1000,0.9628982213438735,0.9974249011857708,0.45529668495876263,0.06514907222692867,0.4393638170974155,0.11925708699902249,0.9494555335968379,0.04796936758893289,0.7530869565217391,0.2098112648221344,0.8932395065451384,0.8481441829775415,0.8162259298573042,0.011,11,0.113,0.022,0.18333772854680608,0.4363021420518598,0.002486,0.022,0.5,0.5
gemma4-31b,llama31-8b-base,rte,111,62,0.6277156023699803,0.7590520078999341,-0.000645161290322549,0.10225921521997616,0.4107142857142857,0.41379310344827586,0.7340355497037524,0.0250164581961817,0.5381830151415404,0.08953258722843982,0.3142153194739385,0.0694308165883537,-0.03907981856739284,0.3709677419354839,23,0.6129032258064516,0.532258064516129,0.18410901684838202,0.21717171717171718,0.3262226847034339,0.532258064516129,0.303030303030303,0.303030303030303
gemma4-31b,llama31-8b-base,truthfulqa,654,327,0.7854838257161294,0.8842222409262221,0.44235373335328443,0.3671417854463616,0.5443425076452599,0.6085626911314985,0.6737554826099561,0.21046675831626604,0.6690327226477383,0.11645110306839113,0.32477096068154326,0.3138615520488437,0.16859501628463258,0.07339449541284404,24,0.25382262996941896,0.1651376146788991,0.1948058294976654,0.25546448087431695,0.04191566366467469,0.1651376146788991,0.5555555555555556,0.5555555555555556
gemma4-31b,olmo3-7b,boolq,1308,475,0.8310406267770266,0.8341062740885827,0.16187880058712512,0.1841299624728422,0.21712538226299694,0.24770642201834864,0.5689391546092122,0.26516711947937055,0.5547962342831869,0.2762443924938397,0.21316115179743803,0.20326572342945692,0.2057914166728928,0.2673684210526316,127,0.4168421052631579,0.5326315789473685,0.18433544732915735,0.23275548275548272,0.22202326869806097,0.4168421052631579,0.35858585858585856,0.4980237154150198
gemma4-31b,olmo3-7b,geometry_of_truth,2012,1000,0.9628982213438735,0.9942687747035572,0.45529668495876263,0.022741228070175423,0.4393638170974155,0.019880715705765408,0.9694318181818182,0.024836956521739006,0.8206610671936759,0.14223715415019755,0.8350103434091135,0.7588138326911679,0.823162665177074,0.023,23,0.113,0.052,0.2436118147603291,0.3712600815193822,0.005876,0.052,0.5576923076923077,0.5576923076923077
gemma4-31b,olmo3-7b,rte,111,62,0.6277156023699803,0.8581303489137591,-0.000645161290322549,0.007309941520467822,0.4107142857142857,0.25,0.8354180381830152,0.022712310730743868,0.6033574720210665,0.024358130348913765,0.2838252537279616,-0.1386026645633489,0.020805245334525546,0.27419354838709675,17,0.6129032258064516,0.3870967741935484,0.15570175438596495,0.24652777777777785,0.2372528616024974,0.3870967741935484,0.29166666666666674,0.29166666666666674
gemma4-31b,olmo3-7b,truthfulqa,654,327,0.7854838257161294,0.8972495768220035,0.44235373335328443,0.37460721232979205,0.5443425076452599,0.5045871559633027,0.7207305782341553,0.17651899858784814,0.6989778264081774,0.086505999307952,0.3576536221966416,0.07176321380078499,0.18773688205423023,0.08256880733944955,27,0.25382262996941896,0.1834862385321101,0.21368926036707436,0.26290983606557367,0.046572959627416324,0.1834862385321101,0.55,0.55
gemma4-31b,qwen3-1.7b,boolq,1308,475,0.8310406267770266,0.8171352751626967,0.16187880058712512,0.22837342250026982,0.21712538226299694,0.22324159021406728,0.6332444556770076,0.18389081948568908,0.5828672521640235,0.24817337461300315,0.24814754084158633,0.37139145866700796,0.2647548762610683,0.2673684210526316,127,0.4168421052631579,0.511578947368421,0.21959963924919404,0.26582636711947066,0.21324764542936286,0.4168421052631579,0.35858585858585856,0.47736625514403286
gemma4-31b,qwen3-1.7b,geometry_of_truth,2012,1000,0.9628982213438735,0.9934357707509882,0.45529668495876263,0.34411173291343944,0.4393638170974155,0.24652087475149106,0.9423843873517787,0.05105138339920956,0.8310049407114626,0.1318932806324109,0.7560176422343834,0.7842964599817382,0.8006484182078304,0.025,25,0.113,0.051,0.2761964670752133,0.4252492428764064,0.005763,0.051,0.5098039215686274,0.5098039215686274
gemma4-31b,qwen3-1.7b,rte,111,62,0.6277156023699803,0.8772218564845293,-0.000645161290322549,0.25320056899004273,0.4107142857142857,0.3392857142857143,0.7261356155365372,0.15108624094799217,0.5674786043449638,0.060236998025016475,0.31493146110847925,-0.0174888957457231,0.0006698086092846722,0.3387096774193548,21,0.6129032258064516,0.4838709677419355,0.17313384691436978,0.22500000000000003,0.29656607700312176,0.4838709677419355,0.30000000000000004,0.30000000000000004
gemma4-31b,qwen3-1.7b,truthfulqa,654,327,0.7854838257161294,0.8749731130002151,0.44235373335328443,0.3389193929688095,0.5443425076452599,0.43119266055045874,0.6910379784716962,0.18393513452851884,0.6899531464803748,0.09553067923575465,0.33444251909091466,0.17928692909433208,0.12556516992493538,0.0672782874617737,22,0.25382262996941896,0.1743119266055046,0.13951186440474717,0.17709232096635025,0.04424431164604551,0.1743119266055046,0.6140350877192984,0.6140350877192984
gemma4-31b,qwen3-32b,boolq,1308,475,0.8310406267770266,0.9175105831806406,0.16187880058712512,0.01116746986681294,0.21712538226299694,0.05963302752293578,0.6131218803310797,0.3043887028495609,0.556780185758514,0.27426044101851266,0.20628168880148323,0.346298678777591,0.2523270257283522,0.1705263157894737,81,0.4168421052631579,0.24842105263157896,0.31437327124980774,0.4623080217830263,0.10355235457063712,0.24842105263157896,0.31355932203389836,0.31355932203389836
gemma4-31b,qwen3-32b,geometry_of_truth,2012,1000,0.9628982213438735,0.9991205533596839,0.45529668495876263,0.1296819531985801,0.4393638170974155,0.020874751491053677,0.9852588932806324,0.01386166007905143,0.7970642292490118,0.16583399209486172,0.7339765885714515,0.7504877123897721,0.8306861621377429,0.008,8,0.113,0.016,0.15587353167914936,0.43630214205186013,0.0018080000000000001,0.016,0.5,0.5
gemma4-31b,qwen3-32b,rte,111,62,0.6277156023699803,0.9634628044766294,-0.000645161290322549,0.12364864864864855,0.4107142857142857,0.15789473684210525,0.9394338380513496,0.02402896642527974,0.5608953258722844,0.06682027649769584,0.2648917773430642,0.004540516125249416,0.023129973824666195,0.14516129032258066,9,0.6129032258064516,0.16129032258064516,0.25847640894500723,0.7416666666666667,0.09885535900104059,0.16129032258064516,0.09999999999999987,0.09999999999999987
gemma4-31b,qwen3-32b,truthfulqa,654,327,0.7854838257161294,0.9692412722460698,0.44235373335328443,0.16423754215061814,0.5443425076452599,0.22935779816513763,0.8438777132489782,0.12536355899709162,0.7172703382618373,0.06821348745429212,0.18007300039848229,0.18038454011339788,0.22371935958340428,0.04892966360856269,16,0.25382262996941896,0.12232415902140673,0.12539579828168235,0.1959016393442623,0.03104863975161088,0.12232415902140673,0.6,0.6
gemma4-31b,qwen3-8b,boolq,1308,475,0.8310406267770266,0.8986440892146333,0.16187880058712512,0.05791505791505802,0.21712538226299694,0.11297709923664122,0.6632109685979655,0.23543312061666788,0.5363113666519239,0.2947292601251027,0.18505552965310504,0.2501984133196058,0.2241873201368484,0.21052631578947367,100,0.4168421052631579,0.3368421052631579,0.30089760520574194,0.35694945848375453,0.14040997229916896,0.3368421052631579,0.375,0.375
gemma4-31b,qwen3-8b,geometry_of_truth,2012,1000,0.9628982213438735,0.9976422924901186,0.45529668495876263,0.3637252771136711,0.4393638170974155,0.042743538767395624,0.9793112648221344,0.018331027667984223,0.7256254940711463,0.2372727272727272,0.7447361475696519,0.7392174272318757,0.8297326761061696,0.014,14,0.113,0.024,0.23296218951163639,0.5302517850432166,0.002712,0.024,0.41666666666666663,0.41666666666666663
gemma4-31b,qwen3-8b,rte,111,62,0.6277156023699803,0.9338380513495721,-0.000645161290322549,0.0714285714285714,0.4107142857142857,0.25,0.9371296905859118,-0.003291639236339683,0.6191573403554971,0.008558262014483176,0.23864416762525067,-0.08307976165385522,0.05228590510943598,0.16129032258064516,10,0.6129032258064516,0.24193548387096775,0.06235596816830203,0.1388888888888889,0.14828303850156088,0.24193548387096775,0.33333333333333337,0.33333333333333337
gemma4-31b,qwen3-8b,truthfulqa,654,327,0.7854838257161294,0.9380804084953567,0.44235373335328443,0.3347204266321915,0.5443425076452599,0.345565749235474,0.7917777216657782,0.14630268682957848,0.7153905862768752,0.07009323943925416,0.23407300172315895,0.09121246945834405,0.19216858188599995,0.06422018348623854,21,0.25382262996941896,0.14067278287461774,0.18844793776541843,0.2716500356379187,0.035705935714352516,0.14067278287461774,0.5434782608695652,0.5434782608695652
gemma4-31b,qwen3-8b-base,boolq,1308,475,0.8310406267770266,0.8936298730018324,0.16187880058712512,0.20082443197618294,0.21712538226299694,0.172782874617737,0.5690756302521008,0.32455424274973155,0.48355847602198776,0.34748215075503885,0.040307904543575614,0.22018325899174285,0.20821301806420411,0.2063157894736842,98,0.4168421052631579,0.35789473684210527,0.2417163665290681,0.2737311531110639,0.14918559556786704,0.35789473684210527,0.42352941176470593,0.42352941176470593
gemma4-31b,qwen3-8b-base,geometry_of_truth,2012,1000,0.9628982213438735,0.9982579051383399,0.45529668495876263,0.33702642975354036,0.4393638170974155,0.11232604373757456,0.9786363636363636,0.01962154150197626,0.8050513833992095,0.15784683794466403,0.727920198731914,0.7571682947215113,0.8278470284823429,0.016,16,0.113,0.031,0.22775189685313943,0.454485943921155,0.003503,0.031,0.4838709677419355,0.4838709677419355
gemma4-31b,qwen3-8b-base,rte,111,62,0.6277156023699803,0.9157340355497038,-0.000645161290322549,-0.09999999999999998,0.4107142857142857,0.17857142857142858,0.9137590520079,0.0019749835418038098,0.6023699802501645,0.025345622119815725,0.22229425041641213,-0.0654556148272114,0.044233297030213614,0.1774193548387097,11,0.6129032258064516,0.27419354838709675,0.04309971159206155,0.08823529411764705,0.16805411030176898,0.27419354838709675,0.3529411764705882,0.3529411764705882
gemma4-31b,qwen3-8b-base,truthfulqa,654,327,0.7854838257161294,0.9195073366439414,0.44235373335328443,0.3811862269270455,0.5443425076452599,0.4115853658536585,0.7523496899812024,0.1671576466627389,0.7192249062462007,0.06625891946992868,0.19871186879595296,0.1408890689569724,0.21658631093780456,0.07033639143730887,23,0.25382262996941896,0.1651376146788991,0.17588084249655528,0.23064663023679416,0.04191566366467469,0.1651376146788991,0.5740740740740742,0.5740740740740742
gemma4-31b,qwen38-27b,boolq,1308,475,0.8310406267770266,0.9392279016869906,0.16187880058712512,0.28872057448797483,0.21712538226299694,0.1173780487804878,0.5148265622038288,0.4244013394831617,0.5243773298793202,0.30666329689770644,0.24394844277313912,0.3763981988612095,0.2604047430665737,0.14526315789473684,69,0.4168421052631579,0.21052631578947367,0.2861009191091629,0.46841155234657045,0.0877562326869806,0.21052631578947367,0.30999999999999994,0.30999999999999994
gemma4-31b,qwen38-27b,geometry_of_truth,2012,1000,0.9628982213438735,0.9983764822134387,0.45529668495876263,0.3612122252747253,0.4393638170974155,0.09542743538767395,0.9817084980237154,0.01666798418972326,0.7725909090909091,0.19030731225296438,0.800236541674887,0.8012755731722003,0.8316410133828809,0.014,14,0.113,0.025,0.22608626953033412,0.503945885005637,0.0028250000000000003,0.025,0.44000000000000006,0.44000000000000006
gemma4-31b,qwen38-27b,rte,111,62,0.6277156023699803,0.967083607636603,-0.000645161290322549,0.40421455938697326,0.4107142857142857,0.44642857142857145,0.9601711652402896,0.00691244239631339,0.5585911784068467,0.06912442396313356,0.32325809318937554,0.06262909840229403,0.020845380705082683,0.16129032258064516,10,0.6129032258064516,0.20967741935483872,0.16531163063339505,0.4038461538461535,0.12851196670135276,0.20967741935483872,0.23076923076923084,0.23076923076923084
gemma4-31b,qwen38-27b,truthfulqa,654,327,0.7854838257161294,0.9541471443668228,0.44235373335328443,0.4319339375327689,0.5443425076452599,0.4923547400611621,0.7704925698360594,0.1836545745307634,0.7149510422803917,0.07053278343573766,0.3592716606462588,0.2389201941649327,0.20658076330367392,0.05504587155963303,18,0.25382262996941896,0.1345565749235474,0.1406791233806128,0.20808494783904616,0.034153503726771964,0.1345565749235474,0.5909090909090908,0.5909090909090908
gptj-6b,gemma2-9b,boolq,1308,475,0.6656902761104442,0.9097794907436658,0.20653974953779597,0.03949897873362973,0.6237482117310443,0.12102874432677761,0.6240576230492197,0.2857218676944461,0.5268187274909963,0.13887154861944784,0.6886725946860055,0.5648146701140211,0.6195041798292678,0.23789473684210527,113,0.8757894736842106,0.25473684210526315,0.10297918057688478,0.4677125647849837,0.22309584487534626,0.25473684210526315,0.06611570247933873,0.06611570247933873
gptj-6b,gemma2-9b,geometry_of_truth,2012,1000,0.9835780632411067,0.9984673913043478,0.5482477023411999,0.07388008475840868,0.5464190981432361,0.014577259475218658,0.9951798418972332,0.0032875494071146205,0.8688280632411066,0.11475000000000013,0.923789465697493,0.8655741671831352,0.8862875016462142,0.015,15,0.074,0.021,0.3582372648869221,0.691453255168158,0.001554,0.021,0.2857142857142858,0.2857142857142858
gptj-6b,gemma2-9b,imdb,2000,1018,0.9469618156282635,0.9717328414406267,0.48659038116650455,-0.00011345483589886296,0.5482625482625483,0.025565388397246803,0.9523575638506876,0.019375277589939066,0.6787969302053865,0.2681648854228771,0.6882026705680052,0.6601715184252949,0.6783387631350895,0.05304518664047151,54,0.13163064833005894,0.08349705304518663,0.44965387452275973,0.5800106467926537,0.01099077122598724,0.08349705304518663,0.3647058823529411,0.3647058823529411
gptj-6b,gemma2-9b,rte,111,62,0.6645819618169848,0.9430546412113232,0.27960526315789475,0.006666666666666599,0.3709677419354839,0.017241379310344827,0.826201448321264,0.11685319289005924,0.5467412771560237,0.11784068466096109,0.7110991090670943,0.2766692759584506,0.30003205081633844,0.1935483870967742,12,0.9032258064516129,0.22580645161290322,-0.08417937871268423,-0.13888888888888873,0.2039542143600416,0.22580645161290322,0.1428571428571429,0.1428571428571429
gptj-6b,gemma2-9b,truthfulqa,654,327,0.8530333211757335,0.9443930084448559,0.32313192572626537,0.14681540808543103,0.5137614678899083,0.25914634146341464,0.846870353225037,0.09752265521981884,0.7297459061620327,0.12328741501370077,0.6133128261015248,0.4083509471484983,0.45134206375084673,0.0581039755351682,19,0.14678899082568808,0.1712538226299694,0.24726220741798238,0.27098708487084866,0.025138175798894595,0.14678899082568808,0.6041666666666667,0.6607142857142857
gptj-6b,gemma4-12b,boolq,1308,475,0.6656902761104442,0.5638819738421684,0.20653974953779597,0.06143355209187862,0.6237482117310443,0.3516819571865443,0.495500094774752,0.06838187906741644,0.47498831111391926,0.19070196499652492,0.14293113443335312,-0.025569352938399792,0.09253423038160047,0.8526315789473684,405,0.8757894736842106,0.9642105263157895,0.1336094033541038,0.2611708144796378,0.8444454293628809,0.8757894736842106,0.02644230769230771,0.11572052401746735
gptj-6b,gemma4-12b,geometry_of_truth,2012,1000,0.9835780632411067,0.7480750988142292,0.5482477023411999,0.2826014006995602,0.5464190981432361,0.4846077457795432,0.5444772727272728,0.20359782608695642,0.5857509881422924,0.3978270750988143,0.4441674841940282,0.6218176760344754,0.7110552324904369,0.048,48,0.074,0.338,0.18564894706144044,0.4692577774148771,0.025012,0.074,0.3513513513513513,0.8579881656804733
gptj-6b,gemma4-12b,imdb,2000,1018,0.9469618156282635,0.5940754804556677,0.48659038116650455,0.10790438247011958,0.5482625482625483,0.49201596806387227,0.5074063996734942,0.0866690807821735,0.6418459580904212,0.3051158575378423,0.06790238048930627,-0.16802715123179301,0.027699115647608075,0.07367387033398821,75,0.13163064833005894,0.44106090373280943,0.09303107392783655,0.2122603152952286,0.05805713271139142,0.13163064833005894,0.4402985074626865,0.8329621380846325
gptj-6b,gemma4-12b,rte,111,62,0.6645819618169848,0.4427254772876893,0.27960526315789475,-0.04487179487179482,0.3709677419354839,0.5535714285714286,0.43054641211323247,0.012179065174456827,0.5852534562211982,0.07932850559578664,0.2540756761550945,-0.011959454021744476,-0.2586879955594066,0.7580645161290323,47,0.9032258064516129,0.8225806451612904,0.13359091493217237,0.18954248366013077,0.7429760665972945,0.8225806451612904,0.07843137254901966,0.07843137254901966
gptj-6b,gemma4-12b,truthfulqa,654,327,0.8530333211757335,0.6490942588072459,0.32313192572626537,0.1617931547619047,0.5137614678899083,0.46646341463414637,0.5315957317472342,0.11749852706001174,0.6569966987440263,0.19603662243170716,0.11244232031895447,-0.07082936257535,-0.1901260475144071,0.0764525993883792,25,0.14678899082568808,0.40672782874617736,0.0963487711768267,0.19233247422680416,0.05970316752237466,0.14678899082568808,0.47916666666666674,0.8120300751879699
gptj-6b,gemma4-12b-base,boolq,1308,475,0.6656902761104442,0.8315284008340178,0.20653974953779597,0.04747755834829448,0.6237482117310443,0.1491628614916286,0.5389473684210526,0.2925810324129652,0.503812472357364,0.16187780375308014,0.6047182618375544,0.4942971039455447,0.5981284149771036,0.5957894736842105,283,0.8757894736842106,0.6421052631578947,0.21150088677597653,0.4192831342039454,0.5623490304709141,0.6421052631578947,0.0721311475409836,0.0721311475409836
gptj-6b,gemma4-12b-base,geometry_of_truth,2012,1000,0.9835780632411067,0.9973596837944664,0.5482477023411999,0.13830955334987594,0.5464190981432361,0.09343936381709742,0.9755573122529644,0.021802371541501997,0.9032717391304348,0.08030632411067196,0.9385867234873568,0.8427698926551243,0.8764110963366148,0.011,11,0.074,0.026,0.21787479003058685,0.37697291908954966,0.0019239999999999997,0.026,0.5769230769230769,0.5769230769230769
gptj-6b,gemma4-12b-base,imdb,2000,1018,0.9469618156282635,0.9185276029433537,0.48659038116650455,0.36237361462181594,0.5482625482625483,0.4132804757185332,0.6125154550074224,0.30601214793593123,0.5947186888551891,0.35224312677307446,0.7270440404051208,0.612185061708249,0.6671360333895722,0.06679764243614932,68,0.13163064833005894,0.17779960707269155,0.3356930418802303,0.40095222810677783,0.02340387755180812,0.13163064833005894,0.4925373134328358,0.6243093922651933
gptj-6b,gemma4-12b-base,rte,111,62,0.6645819618169848,0.7890059249506254,0.27960526315789475,0.14822134387351782,0.3709677419354839,0.375,0.5362080315997366,0.25279789335088876,0.5088874259381173,0.1556945358788675,0.732001001197517,0.2570079152351973,0.29297326727860895,0.532258064516129,33,0.9032258064516129,0.5645161290322581,0.15262051274998567,0.4095238095238095,0.5098855359001041,0.5645161290322581,0.05714285714285727,0.05714285714285727
gptj-6b,gemma4-12b-base,truthfulqa,654,327,0.8530333211757335,0.8785549289715606,0.32313192572626537,0.2616019634091923,0.5137614678899083,0.43902439024390244,0.7351233061190134,0.14343162285254718,0.7120332183037342,0.14100010287199927,0.665565955239,0.40575993486789286,0.4531990073147405,0.03669724770642202,12,0.14678899082568808,0.12538226299694188,0.1560885999538817,0.1709939680041962,0.018404735852762113,0.12538226299694188,0.7073170731707317,0.7073170731707317
gptj-6b,gemma4-31b,boolq,1308,475,0.6656902761104442,0.8310406267770266,0.20653974953779597,0.16187880058712512,0.6237482117310443,0.21712538226299694,0.598655462184874,0.23238516459215264,0.48825930372148857,0.1774309723889556,0.1857683808258224,0.252723131283199,0.34568486622327843,0.3726315789473684,177,0.8757894736842106,0.4168421052631579,0.04652521302561411,0.1461222393425784,0.3650659279778394,0.4168421052631579,0.10606060606060608,0.10606060606060608
gptj-6b,gemma4-31b,geometry_of_truth,2012,1000,0.9835780632411067,0.9628982213438735,0.5482477023411999,0.45529668495876263,0.5464190981432361,0.4393638170974155,0.7202500000000001,0.24264822134387343,0.7535306324110672,0.23004743083003953,0.8563363909822663,0.8306152160401697,0.8371928947465269,0.032,32,0.074,0.113,0.2852254956175888,0.36012675584265197,0.008362,0.074,0.5675675675675675,0.7168141592920354
gptj-6b,gemma4-31b,rte,111,62,0.6645819618169848,0.6277156023699803,0.27960526315789475,-0.000645161290322549,0.3709677419354839,0.4107142857142857,0.46543778801843316,0.1622778143515471,0.49703752468729423,0.16754443712969058,0.2786361563447646,0.011833089014590348,-0.06688439556833581,0.5967741935483871,37,0.9032258064516129,0.6129032258064516,0.2998755311270915,0.7280701754385959,0.5535900104058272,0.6129032258064516,0.02631578947368418,0.02631578947368418
gptj-6b,gemma4-31b,truthfulqa,654,327,0.8530333211757335,0.7854838257161294,0.32313192572626537,0.44235373335328443,0.5137614678899083,0.5443425076452599,0.6961722264306222,0.08931159928550725,0.6775991545792068,0.17543416659652666,0.3045021047995469,0.20001919011818914,0.20333845495347436,0.06116207951070336,20,0.14678899082568808,0.25382262996941896,0.15520445024080856,0.21823770491803274,0.03725836770193306,0.14678899082568808,0.5833333333333334,0.7590361445783133
gptj-6b,llama-8b,boolq,1308,475,0.6656902761104442,0.8544310355721236,0.20653974953779597,0.04359931113662474,0.6237482117310443,0.13302752293577982,0.438625134264232,0.41580590130789163,0.4655335818537942,0.20015669425665,0.6171845984853781,0.6821360179351733,0.6458555114076743,0.37684210526315787,179,0.8757894736842106,0.4105263157894737,0.10667239494636857,0.33941764450239026,0.35953462603878117,0.4105263157894737,0.08205128205128209,0.08205128205128209
gptj-6b,llama-8b,geometry_of_truth,2012,1000,0.9835780632411067,0.9984980237154151,0.5482477023411999,0.004826841706890184,0.5464190981432361,0.006958250497017893,0.9949150197628459,0.0035830039525691637,0.8568913043478261,0.12668675889328063,0.9373348511863168,0.8956615276871047,0.8892658138987017,0.014,14,0.074,0.02,0.3416291654089763,0.6760259179265657,0.00148,0.02,0.30000000000000004,0.30000000000000004
gptj-6b,llama-8b,imdb,2000,1018,0.9469618156282635,0.9719108991313186,0.48659038116650455,0.003963849690819643,0.5482625482625483,0.019,0.9546853180430459,0.017225581088272657,0.6180042333716125,0.32895758225665106,0.686416094236445,0.7395239797182667,0.6998680860209744,0.07465618860510806,76,0.13163064833005894,0.10903732809430255,0.5722616707329455,0.6368880192409604,0.014352654189230395,0.10903732809430255,0.3153153153153153,0.3153153153153153
gptj-6b,llama-8b,rte,111,62,0.6645819618169848,0.8127057274522712,0.27960526315789475,0.0039525691699604515,0.3709677419354839,0.21428571428571427,0.650757077024358,0.16194865042791318,0.5398288347597103,0.12475312705727448,0.7411875684433481,0.44064184996863764,0.28275383161368695,0.45161290322580644,28,0.9032258064516129,0.4838709677419355,0.09860132971832691,0.31111111111111106,0.43704474505723206,0.4838709677419355,0.06666666666666676,0.06666666666666676
gptj-6b,llama-8b,truthfulqa,654,327,0.8530333211757335,0.9356301845149585,0.32313192572626537,0.2551085448614602,0.5137614678899083,0.3780487804878049,0.8211242974310057,0.11450588708395282,0.7188695302490438,0.13416379092668973,0.6918115546782595,0.5737222094659714,0.4679086298063313,0.06422018348623854,21,0.14678899082568808,0.1345565749235474,0.3682207387189879,0.3873411534701858,0.019751423841988608,0.1345565749235474,0.5227272727272727,0.5227272727272727
gptj-6b,llama31-405b,boolq,1308,475,0.6656902761104442,0.9538838693372085,0.20653974953779597,-1.0338054378222772e-05,0.6237482117310443,0.03211009174311927,0.7705060971757125,0.18337777216149598,0.4562355468503191,0.2094547292601251,0.5209460366867855,0.4490086175250173,0.6286009289727352,0.16631578947368422,79,0.8757894736842106,0.17894736842105263,0.07590029488168536,0.4317048853439679,0.1567202216066482,0.17894736842105263,0.07058823529411762,0.07058823529411762
gptj-6b,llama31-405b,geometry_of_truth,2012,1000,0.9835780632411067,0.9992994071146246,0.5482477023411999,0.02268716373487989,0.5464190981432361,0.01485148514851485,0.9974525691699605,0.0018468379446641148,0.8343804347826087,0.14919762845849804,0.8545248116843875,0.8699087409444248,0.9007061214240295,0.009,9,0.074,0.012,0.2846017023298142,0.7300215982721383,0.000888,0.012,0.2500000000000001,0.2500000000000001
gptj-6b,llama31-405b,imdb,2000,1018,0.9469618156282635,0.9815920358196056,0.48659038116650455,-0.002429182194380375,0.5482625482625483,0.006789524733268671,0.9791852560229515,0.002406779796654157,0.5957110103673591,0.35125080526090446,0.5854456913464166,0.5825601139347911,0.635024477753013,0.05206286836935167,53,0.13163064833005894,0.06974459724950884,0.49795644149800583,0.7080492001784461,0.009180526553471693,0.06974459724950884,0.25352112676056326,0.25352112676056326
gptj-6b,llama31-405b,rte,111,62,0.6645819618169848,0.9381171823568137,0.27960526315789475,0.014102564102564163,0.3709677419354839,0.08928571428571429,0.8689927583936801,0.06912442396313367,0.576366030283081,0.08821593153390384,0.6207130352420396,0.35217713608201273,0.27172102898879236,0.24193548387096775,15,0.9032258064516129,0.25806451612903225,0.06837075428432737,0.3541666666666666,0.2330905306971904,0.25806451612903225,0.0625,0.0625
gptj-6b,llama31-405b,truthfulqa,654,327,0.8530333211757335,0.9737021762103826,0.32313192572626537,0.059963167587476884,0.5137614678899083,0.09063444108761329,0.926652264586782,0.047049911623600615,0.7316443621468451,0.12138895902888835,0.5423508168018797,0.49086423421862935,0.47083695676108894,0.03669724770642202,12,0.14678899082568808,0.08868501529051988,0.23536064742506174,0.3129403040415276,0.01301798389585613,0.08868501529051988,0.5862068965517242,0.5862068965517242
gptj-6b,llama31-70b,boolq,1308,475,0.6656902761104442,0.9376559044670498,0.20653974953779597,-0.0013040046669641203,0.6237482117310443,0.03765060240963856,0.6056637391798825,0.33199216528716735,0.4815366146458584,0.18415366146458578,0.5584294095485292,0.5863887133547929,0.6145012374385725,0.21263157894736842,101,0.8757894736842106,0.2231578947368421,0.12519327275859934,0.6202430444515508,0.1954393351800554,0.2231578947368421,0.047169811320754707,0.047169811320754707
gptj-6b,llama31-70b,geometry_of_truth,2012,1000,0.9835780632411067,0.9990503952569171,0.5482477023411999,0.004721374045801641,0.5464190981432361,0.0107421875,0.9969199604743083,0.00213043478260877,0.8339298418972333,0.14964822134387346,0.9296656182289812,0.897178544952346,0.8934174985900581,0.011,11,0.074,0.016,0.2988516486199649,0.6625269978401725,0.001184,0.016,0.3125,0.3125
gptj-6b,llama31-70b,imdb,2000,1018,0.9469618156282635,0.9821732241246164,0.48659038116650455,0.001270650367035886,0.5482625482625483,0.008620689655172414,0.9732703395900271,0.008902884534589317,0.676650234676035,0.2703115809522285,0.6761084498485548,0.6851855040606674,0.6686964112033063,0.04616895874263261,47,0.13163064833005894,0.0618860510805501,0.4667559020002658,0.7075342957695896,0.008146101026319954,0.0618860510805501,0.25396825396825395,0.25396825396825395
gptj-6b,llama31-70b,rte,111,62,0.6645819618169848,0.9420671494404212,0.27960526315789475,-0.003906250000000111,0.3709677419354839,0.03571428571428571,0.8815009874917709,0.06056616194865039,0.5032916392363397,0.16129032258064513,0.7109068583504787,0.4183487108319085,0.2766669791171862,0.22580645161290322,14,0.9032258064516129,0.24193548387096775,0.05752992848417943,0.31111111111111117,0.21852237252861603,0.24193548387096775,0.06666666666666676,0.06666666666666676
gptj-6b,llama31-70b,truthfulqa,654,327,0.8530333211757335,0.9623114403015085,0.32313192572626537,0.12582825337927372,0.5137614678899083,0.19756838905775076,0.8955101048359192,0.0668013354655893,0.7062349783501203,0.14679834282561322,0.6255899468342542,0.5558436400229754,0.46795267739353763,0.039755351681957186,13,0.14678899082568808,0.1162079510703364,0.20012730007142043,0.22891907187323146,0.017058047863535618,0.1162079510703364,0.6578947368421053,0.6578947368421053
gptj-6b,llama31-70b-base,boolq,1308,475,0.6656902761104442,0.8779857206040311,0.20653974953779597,0.11658356417359172,0.6237482117310443,0.13082706766917293,0.5311556201427939,0.3468301004612372,0.4541858848802679,0.21150439123017628,0.5201260979751064,0.5214218860454086,0.5773774053372849,0.35578947368421054,169,0.8757894736842106,0.37684210526315787,0.16114091794343977,0.5502319856074237,0.3300343490304709,0.37684210526315787,0.05586592178770933,0.05586592178770933
gptj-6b,llama31-70b-base,geometry_of_truth,2012,1000,0.9835780632411067,0.9983873517786561,0.5482477023411999,0.04919332892741901,0.5464190981432361,0.060077519379844964,0.9888596837944664,0.009527667984189692,0.816794466403162,0.16678359683794475,0.9350248912346382,0.8809661383338534,0.8849214564992716,0.012,12,0.074,0.019,0.29643352010359963,0.6021370921905197,0.001406,0.019,0.36842105263157887,0.36842105263157887
gptj-6b,llama31-70b-base,imdb,2000,1018,0.9469618156282635,0.9586415998783605,0.48659038116650455,0.3592676684727091,0.5482625482625483,0.42120075046904315,0.6812307187528759,0.2774108811254846,0.4894135699966789,0.45754824563158464,0.682741026361464,0.6400327323735644,0.6412614099832201,0.06679764243614932,68,0.13163064833005894,0.12573673870333987,0.4482556153220637,0.4601951357466065,0.01655080843442784,0.12573673870333987,0.4687499999999999,0.4687499999999999
gptj-6b,llama31-70b-base,rte,111,62,0.6645819618169848,0.8225806451612903,0.27960526315789475,-0.005639097744360777,0.3709677419354839,0.3050847457627119,0.6691902567478604,0.1533903884134299,0.5381830151415405,0.12639894667544427,0.7054450387062052,0.39367373094120794,0.2549580358479637,0.43548387096774194,27,0.9032258064516129,0.4838709677419355,-0.010564428184106465,-0.031250000000000076,0.43704474505723206,0.4838709677419355,0.09999999999999998,0.09999999999999998
gptj-6b,llama31-70b-base,truthfulqa,654,327,0.8530333211757335,0.9157010726743914,0.32313192572626537,0.2955903598634094,0.5137614678899083,0.3657142857142857,0.7925352336597182,0.12316583901467315,0.6909351064725191,0.1620982147032144,0.6040261909818943,0.537142958667462,0.4538033457270064,0.06422018348623854,21,0.14678899082568808,0.20489296636085627,0.23903694918193535,0.292548076923077,0.030076031759391747,0.14678899082568808,0.5625,0.6865671641791045
gptj-6b,llama31-8b-base,boolq,1308,475,0.6656902761104442,0.7668970746193213,0.20653974953779597,0.04830470980975743,0.6237482117310443,0.19850746268656716,0.5100524420294433,0.256844632589878,0.4893182536172364,0.17637202249320777,0.5664427521122088,0.6572286165178055,0.6201803546574852,0.5831578947368421,277,0.8757894736842106,0.6189473684210526,0.2565316516397062,0.5344748068719012,0.5420675900277008,0.6189473684210526,0.05782312925170063,0.05782312925170063
gptj-6b,llama31-8b-base,geometry_of_truth,2012,1000,0.9835780632411067,0.9974249011857708,0.5482477023411999,0.06514907222692867,0.5464190981432361,0.11925708699902249,0.9692173913043478,0.028207509881422954,0.8833596837944664,0.10021837944664036,0.9332330473766287,0.8997683900140669,0.8804387884010134,0.013,13,0.074,0.022,0.29616567960543383,0.5582171608089536,0.0016279999999999999,0.022,0.40909090909090906,0.40909090909090906
gptj-6b,llama31-8b-base,imdb,2000,1018,0.9469618156282635,0.9481712074712207,0.48659038116650455,0.25079113924050633,0.5482625482625483,0.3602199816681943,0.6508898883238169,0.29728131914740386,0.6141499845950089,0.3328118310332546,0.725069521325482,0.7480801592434367,0.7064291297039704,0.05893909626719057,60,0.13163064833005894,0.11296660117878192,0.41177472382591335,0.44924257328349365,0.014869866952806265,0.11296660117878192,0.4782608695652173,0.4782608695652173
gptj-6b,llama31-8b-base,rte,111,62,0.6645819618169848,0.7590520078999341,0.27960526315789475,0.10225921521997616,0.3709677419354839,0.41379310344827586,0.5516787360105333,0.2073732718894008,0.5154707044107966,0.14911125740618825,0.7075672386036028,0.4503468250254753,0.2771977061267591,0.5161290322580645,32,0.9032258064516129,0.532258064516129,0.2398354082246081,0.6868686868686872,0.48074921956295524,0.532258064516129,0.030303030303030276,0.030303030303030276
gptj-6b,llama31-8b-base,truthfulqa,654,327,0.8530333211757335,0.8842222409262221,0.32313192572626537,0.3671417854463616,0.5137614678899083,0.6085626911314985,0.7270244741838043,0.1571977667424178,0.6986411544108707,0.15439216676486278,0.6239798357088548,0.608782056452698,0.4775672867475146,0.08256880733944955,27,0.14678899082568808,0.1651376146788991,0.4438894470372855,0.4759615384615386,0.02424038380607693,0.14678899082568808,0.4375,0.5
gptj-6b,olmo3-7b,boolq,1308,475,0.6656902761104442,0.8341062740885827,0.20653974953779597,0.1841299624728422,0.6237482117310443,0.24770642201834864,0.48305553800467554,0.3510507360839072,0.503936311366652,0.16175396474379222,0.6268022905430088,0.4768174532332079,0.5963566254903665,0.5073684210526316,241,0.8757894736842106,0.5326315789473685,0.24851413847188436,0.6181416225631405,0.46647313019390585,0.5326315789473685,0.04743083003952575,0.04743083003952575
gptj-6b,olmo3-7b,geometry_of_truth,2012,1000,0.9835780632411067,0.9942687747035572,0.5482477023411999,0.022741228070175423,0.5464190981432361,0.019880715705765408,0.9862964426877471,0.007972332015810157,0.9095622529644268,0.07401581027667992,0.8856264565931825,0.8165770015521767,0.8813786192096401,0.029,29,0.074,0.052,0.4327582248430223,0.5223459046353214,0.0038479999999999994,0.052,0.4423076923076923,0.4423076923076923
gptj-6b,olmo3-7b,imdb,2000,1018,0.9469618156282635,0.9686388389838309,0.48659038116650455,0.15151949541284404,0.5482625482625483,0.128,0.8746083731128885,0.09403046587094233,0.6216054001496485,0.32535641547861505,0.71584545134881,0.5986870724898063,0.6465331169988747,0.06974459724950884,71,0.13163064833005894,0.10707269155206287,0.5323426843945406,0.5985304495827976,0.01409404780744246,0.10707269155206287,0.3486238532110092,0.3486238532110092
gptj-6b,olmo3-7b,rte,111,62,0.6645819618169848,0.8581303489137591,0.27960526315789475,0.007309941520467822,0.3709677419354839,0.25,0.7603686635944701,0.09776168531928897,0.587557603686636,0.0770243581303488,0.7051464915844438,0.18151098003044674,0.27599871300388157,0.3870967741935484,24,0.9032258064516129,0.3870967741935484,0.26013299085723607,0.9999999999999996,0.3496357960457856,0.3870967741935484,0.0,0.0
gptj-6b,olmo3-7b,truthfulqa,654,327,0.8530333211757335,0.8972495768220035,0.32313192572626537,0.37460721232979205,0.5137614678899083,0.5045871559633027,0.7336363381309092,0.16361323869109423,0.7225542182195662,0.13047910295616727,0.6592553808011057,0.31239708673239786,0.4374390957619826,0.0672782874617737,22,0.14678899082568808,0.1834862385321101,0.2945277126240427,0.3366104868913858,0.026933759784529925,0.14678899082568808,0.5416666666666667,0.6333333333333333
gptj-6b,qwen3-1.7b,boolq,1308,475,0.6656902761104442,0.8171352751626967,0.20653974953779597,0.22837342250026982,0.6237482117310443,0.22324159021406728,0.46438364819612055,0.35275162696657614,0.4901598534150502,0.17553042269539398,0.6819763269677471,0.6547685642853083,0.5950070346290777,0.4905263157894737,233,0.8757894736842106,0.511578947368421,0.2577287853610983,0.6686894050359211,0.4480354570637119,0.511578947368421,0.04115226337448552,0.04115226337448552
gptj-6b,qwen3-1.7b,geometry_of_truth,2012,1000,0.9835780632411067,0.9934357707509882,0.5482477023411999,0.34411173291343944,0.5464190981432361,0.24652087475149106,0.9760731225296444,0.017362648221343813,0.8788754940711463,0.10470256916996046,0.8847832124609971,0.842494956641909,0.8647327115331747,0.026,26,0.074,0.051,0.38594175069234665,0.4706305848473298,0.0037739999999999996,0.051,0.4901960784313726,0.4901960784313726
gptj-6b,qwen3-1.7b,imdb,2000,1018,0.9469618156282635,0.9536549842148856,0.48659038116650455,0.14734994199181772,0.5482625482625483,0.2057942057942058,0.742097439570421,0.21155754464446463,0.5221871886491223,0.42477462697914126,0.6950398911211739,0.677901266097388,0.6333934725088186,0.06974459724950884,71,0.13163064833005894,0.1237721021611002,0.4800831852750755,0.49732457085398263,0.01629220205263991,0.1237721021611002,0.4365079365079365,0.4365079365079365
gptj-6b,qwen3-1.7b,rte,111,62,0.6645819618169848,0.8772218564845293,0.27960526315789475,0.25320056899004273,0.3709677419354839,0.3392857142857143,0.6313364055299538,0.24588545095457548,0.5796576695194208,0.08492429229756404,0.6456114561553941,0.30901388314579936,0.2576194093403582,0.43548387096774194,27,0.9032258064516129,0.4838709677419355,-0.010564428184106448,-0.03125000000000003,0.43704474505723206,0.4838709677419355,0.09999999999999998,0.09999999999999998
gptj-6b,qwen3-1.7b,truthfulqa,654,327,0.8530333211757335,0.8749731130002151,0.32313192572626537,0.3389193929688095,0.5137614678899083,0.43119266055045874,0.717560250259518,0.1574128627406971,0.6904768584761851,0.16255646269954838,0.6219147177625458,0.4202135029745332,0.3904929845299414,0.0672782874617737,22,0.14678899082568808,0.1743119266055046,0.31052604638301107,0.34398148148148133,0.02558707179530343,0.14678899082568808,0.5416666666666667,0.6140350877192984
gptj-6b,qwen3-32b,boolq,1308,475,0.6656902761104442,0.9175105831806406,0.20653974953779597,0.01116746986681294,0.6237482117310443,0.05963302752293578,0.6165514626903393,0.30095912049030127,0.49109749162823024,0.17459278448221394,0.447764712679519,0.5597207142298195,0.6102421291553072,0.2294736842105263,109,0.8757894736842106,0.24842105263157896,0.0835641276068949,0.38595231255386386,0.2175645429362881,0.24842105263157896,0.0762711864406781,0.0762711864406781
gptj-6b,qwen3-32b,geometry_of_truth,2012,1000,0.9835780632411067,0.9991205533596839,0.5482477023411999,0.1296819531985801,0.5464190981432361,0.020874751491053677,0.9957144268774704,0.0034061264822135007,0.9076353754940713,0.0759426877470355,0.8253047098508195,0.7913849885271927,0.8815267585890691,0.011,11,0.074,0.016,0.2988516486199649,0.6625269978401725,0.001184,0.016,0.3125,0.3125
gptj-6b,qwen3-32b,imdb,2000,1018,0.9469618156282635,0.9749198740391887,0.48659038116650455,-0.0009083050676402804,0.5482625482625483,0.016966067864271458,0.9513432352082075,0.023576638830981156,0.591013488370232,0.3559483272580315,0.42823402114694087,0.6686119618518621,0.6544037672310413,0.05304518664047151,54,0.13163064833005894,0.07858546168958742,0.4693620362688023,0.6257352941176471,0.010344255271517402,0.07858546168958742,0.32500000000000007,0.32500000000000007
gptj-6b,qwen3-32b,rte,111,62,0.6645819618169848,0.9634628044766294,0.27960526315789475,0.12364864864864855,0.3709677419354839,0.15789473684210525,0.8943383805134958,0.06912442396313356,0.510533245556287,0.15404871626069783,0.54172071585375,0.3302269707274764,0.27624485577472335,0.16129032258064516,10,0.9032258064516129,0.16129032258064516,0.14354231294080363,1.0000000000000007,0.14568158168574402,0.16129032258064516,0.0,0.0
gptj-6b,qwen3-32b,truthfulqa,654,327,0.8530333211757335,0.9692412722460698,0.32313192572626537,0.16423754215061814,0.5137614678899083,0.22935779816513763,0.8691094090471247,0.10013186319894507,0.7235174742118602,0.1295158469638733,0.3478069317073667,0.39589788047440766,0.4422686010825767,0.04281345565749235,14,0.14678899082568808,0.12232415902140673,0.21436866939257787,0.23817204301075268,0.01795583985635328,0.12232415902140673,0.65,0.65
gptj-6b,qwen3-8b,boolq,1308,475,0.6656902761104442,0.8986440892146333,0.20653974953779597,0.05791505791505802,0.6237482117310443,0.11297709923664122,0.47180893409995583,0.4268351551146775,0.4957730460605295,0.16991723004991466,0.6223152280722679,0.5143247740453096,0.602115427093386,0.3178947368421053,151,0.8757894736842106,0.3368421052631579,0.14685285240950527,0.5471398305084748,0.2950027700831025,0.3368421052631579,0.05624999999999991,0.05624999999999991
gptj-6b,qwen3-8b,geometry_of_truth,2012,1000,0.9835780632411067,0.9976422924901186,0.5482477023411999,0.3637252771136711,0.5464190981432361,0.042743538767395624,0.9905978260869565,0.007044466403162142,0.8108023715415018,0.17277569169960494,0.9020997377482026,0.7999998203471667,0.883599524430559,0.018,18,0.074,0.024,0.4049543371885112,0.7300215982721382,0.001776,0.024,0.2500000000000001,0.2500000000000001
gptj-6b,qwen3-8b,imdb,2000,1018,0.9469618156282635,0.9709705944726091,0.48659038116650455,0.005154241786803793,0.5482625482625483,0.101,0.9624328282363487,0.008537766236260458,0.6183833562074112,0.3285784594208523,0.6583762778831104,0.6583359782150031,0.6657271538199068,0.055992141453831044,57,0.13163064833005894,0.08447937131630648,0.4772389904542105,0.6116752604440703,0.011120074416881207,0.08447937131630648,0.33720930232558133,0.33720930232558133
gptj-6b,qwen3-8b,rte,111,62,0.6645819618169848,0.9338380513495721,0.27960526315789475,0.0714285714285714,0.3709677419354839,0.25,0.8749177090190915,0.0589203423304806,0.5592495062541145,0.1053324555628703,0.6149884130362765,0.22514437037212476,0.2884066607124679,0.22580645161290322,14,0.9032258064516129,0.24193548387096775,0.05752992848417941,0.31111111111111106,0.21852237252861603,0.24193548387096775,0.06666666666666676,0.06666666666666676
gptj-6b,qwen3-8b,truthfulqa,654,327,0.8530333211757335,0.9380804084953567,0.32313192572626537,0.3347204266321915,0.5137614678899083,0.345565749235474,0.8470667452234659,0.09101366327189075,0.7370124101039006,0.11602091107183288,0.5282048962779832,0.31975520514203637,0.4379074160543852,0.06116207951070336,20,0.14678899082568808,0.14067278287461774,0.3292559651433142,0.33754090696587197,0.020649215834806275,0.14067278287461774,0.5652173913043479,0.5652173913043479
gptj-6b,qwen3-8b-base,boolq,1308,475,0.6656902761104442,0.8936298730018324,0.20653974953779597,0.20082443197618294,0.6237482117310443,0.172782874617737,0.6559853415050231,0.2376445314968093,0.5240917419599419,0.14159853415050228,0.21742167645759386,0.4691780807021547,0.5970549715319964,0.3452631578947368,164,0.8757894736842106,0.35789473684210527,0.20126923353896767,0.7158524426719834,0.3134404432132964,0.35789473684210527,0.03529411764705892,0.03529411764705892
gptj-6b,qwen3-8b-base,geometry_of_truth,2012,1000,0.9835780632411067,0.9982579051383399,0.5482477023411999,0.33702642975354036,0.5464190981432361,0.11232604373757456,0.9932262845849803,0.005031620553359595,0.8952509881422925,0.08832707509881421,0.8652273991012998,0.8186509021578928,0.885282694056114,0.019,19,0.074,0.031,0.36822086036758095,0.5819689263568595,0.002294,0.031,0.3870967741935484,0.3870967741935484
gptj-6b,qwen3-8b-base,imdb,2000,1018,0.9469618156282635,0.9755150668816697,0.48659038116650455,0.03611020442703605,0.5482625482625483,0.091,0.9414890424497537,0.034026024431915936,0.5309230190581748,0.4160387965700887,0.6288394492725333,0.6838059097492245,0.6873680593856386,0.060903732809430254,62,0.13163064833005894,0.09233791748526522,0.4980637083202543,0.6079715028400886,0.012154499944032946,0.09233791748526522,0.34042553191489355,0.34042553191489355
gptj-6b,qwen3-8b-base,rte,111,62,0.6645819618169848,0.9157340355497038,0.27960526315789475,-0.09999999999999998,0.3709677419354839,0.17857142857142858,0.8604344963791969,0.055299539170506895,0.5493745885450955,0.11520737327188935,0.5313179287874451,0.23594437716270034,0.2839967349500032,0.24193548387096775,15,0.9032258064516129,0.27419354838709675,-0.04339326459702212,-0.08148148148148124,0.2476586888657648,0.27419354838709675,0.11764705882352933,0.11764705882352933
gptj-6b,qwen3-8b-base,truthfulqa,654,327,0.8530333211757335,0.9195073366439414,0.32313192572626537,0.3811862269270455,0.5137614678899083,0.4115853658536585,0.8116226655070187,0.10788467113692268,0.7350952501192379,0.11793807105649556,0.4863381784487495,0.35896189034545467,0.4549709544141334,0.0581039755351682,19,0.14678899082568808,0.1651376146788991,0.257707822305918,0.27632783882783885,0.02424038380607693,0.14678899082568808,0.6041666666666667,0.6481481481481481
gptj-6b,qwen38-27b,boolq,1308,475,0.6656902761104442,0.9392279016869906,0.20653974953779597,0.28872057448797483,0.6237482117310443,0.1173780487804878,0.7410728501927086,0.19815505149428192,0.48460478928413464,0.18108548682630954,0.605564263971113,0.6079644203544232,0.6268293433328151,0.19157894736842104,91,0.8757894736842106,0.21052631578947367,0.05356302059388773,0.2754237288135592,0.18437673130193905,0.21052631578947367,0.08999999999999997,0.08999999999999997
gptj-6b,qwen38-27b,geometry_of_truth,2012,1000,0.9835780632411067,0.9983764822134387,0.5482477023411999,0.3612122252747253,0.5464190981432361,0.09542743538767395,0.9947420948616602,0.0036343873517784564,0.9113745059288537,0.07220355731225303,0.8930536172566326,0.8623553901482642,0.8898212336062968,0.018,18,0.074,0.025,0.3951653542956048,0.6976241900647948,0.00185,0.025,0.28000000000000014,0.28000000000000014
gptj-6b,qwen38-27b,rte,111,62,0.6645819618169848,0.967083607636603,0.27960526315789475,0.40421455938697326,0.3709677419354839,0.44642857142857145,0.8933508887425938,0.07373271889400912,0.5352205398288348,0.12936142198815004,0.7043694560521909,0.3931518971025626,0.2845117899257009,0.1935483870967742,12,0.9032258064516129,0.20967741935483872,0.03458443043821727,0.205128205128205,0.18938605619146723,0.20967741935483872,0.07692307692307698,0.07692307692307698
gptj-6b,qwen38-27b,truthfulqa,654,327,0.8530333211757335,0.9541471443668228,0.32313192572626537,0.4319339375327689,0.5137614678899083,0.4923547400611621,0.8179539694563682,0.13619317491045457,0.7374893621000851,0.1155439590756484,0.6455048038753987,0.4779859266760885,0.4614899831814582,0.039755351681957186,13,0.14678899082568808,0.1345565749235474,0.16564125344267408,0.17424242424242428,0.019751423841988608,0.1345565749235474,0.7045454545454546,0.7045454545454546
llama-8b,gemma2-9b,boolq,1308,475,0.8544310355721236,0.9097794907436658,0.04359931113662474,0.03949897873362973,0.13302752293577982,0.12102874432677761,0.8726859164718519,0.03709357427181392,0.7521804511278196,0.10225058444430402,0.6261091670280582,0.610967555550622,0.6970251558958143,0.1936842105263158,92,0.4105263157894737,0.25473684210526315,0.41573198594640187,0.5934179456906729,0.10457617728531855,0.25473684210526315,0.23966942148760328,0.23966942148760328
llama-8b,gemma2-9b,geometry_of_truth,2012,1000,0.9984980237154151,0.9984673913043478,0.004826841706890184,0.07388008475840868,0.006958250497017893,0.014577259475218658,0.9972994071146245,0.0011679841897233034,0.9958458498023716,0.0026521739130435096,0.9594863053716953,0.8869532165477446,0.9059065034988314,0.016,16,0.02,0.021,0.7761370657218201,0.7957099080694583,0.00042,0.02,0.19999999999999996,0.23809523809523814
llama-8b,gemma2-9b,imdb,2000,1018,0.9719108991313186,0.9717328414406267,0.003963849690819643,-0.00011345483589886296,0.019,0.025565388397246803,0.9682877252229722,0.0034451162176544203,0.9589116873867134,0.012999211744605166,0.7672132856985512,0.7370874855997662,0.787478238540425,0.068762278978389,70,0.10903732809430255,0.08349705304518663,0.6919085661101985,0.8019326804591737,0.0091042955677954,0.08349705304518663,0.17647058823529393,0.17647058823529393
llama-8b,gemma2-9b,rte,111,62,0.8127057274522712,0.9430546412113232,0.0039525691699604515,0.006666666666666599,0.21428571428571427,0.017241379310344827,0.9265964450296247,0.016458196181698526,0.7903225806451614,0.022383146807109844,0.83972841875045,0.2699700945756789,0.4493793621750025,0.16129032258064516,10,0.4838709677419355,0.22580645161290322,0.24900596027799862,0.4464285714285713,0.10926118626430802,0.22580645161290322,0.2857142857142857,0.2857142857142857
llama-8b,gemma2-9b,truthfulqa,654,327,0.9356301845149585,0.9443930084448559,0.2551085448614602,0.14681540808543103,0.3780487804878049,0.25914634146341464,0.8517520971859832,0.09264091125887264,0.8233968334128254,0.11223335110213306,0.7042468365201537,0.45352645444579187,0.5977438928193725,0.07951070336391437,26,0.1345565749235474,0.1712538226299694,0.43923293133735364,0.5063737001006373,0.023043327815653374,0.1345565749235474,0.40909090909090906,0.5357142857142857
llama-8b,gemma4-12b,boolq,1308,475,0.8544310355721236,0.5638819738421684,0.04359931113662474,0.06143355209187862,0.13302752293577982,0.3516819571865443,0.4867125797687496,0.07716939407341883,0.40478675680798637,0.44964427876413726,0.18869897395993565,-0.00998323540286683,0.16804190859597035,0.40421052631578946,192,0.4105263157894737,0.9642105263157895,0.09166600053527298,0.5701357466063343,0.3958337950138504,0.4105263157894737,0.015384615384615441,0.5807860262008734
llama-8b,gemma4-12b,geometry_of_truth,2012,1000,0.9984980237154151,0.7480750988142292,0.004826841706890184,0.2826014006995602,0.006958250497017893,0.4846077457795432,0.6206096837944663,0.12746541501976283,0.9716096837944665,0.026888339920948523,0.5281683423029837,0.6008998738644733,0.7062478750563186,0.013,13,0.02,0.338,0.09422566455931078,0.47129909365558925,0.00676,0.02,0.3500000000000001,0.9615384615384616
llama-8b,gemma4-12b,imdb,2000,1018,0.9719108991313186,0.5940754804556677,0.003963849690819643,0.10790438247011958,0.019,0.49201596806387227,0.49081702471600797,0.10325845573965975,0.3117620108915289,0.6601488882397897,0.09183316049845036,-0.10585464844818548,0.07966144122168162,0.05795677799607073,59,0.10903732809430255,0.44106090373280943,0.06374320914132038,0.16186133409332,0.048092102469883935,0.10903732809430255,0.46846846846846846,0.8685968819599109
llama-8b,gemma4-12b,rte,111,62,0.8127057274522712,0.4427254772876893,0.0039525691699604515,-0.04487179487179482,0.21428571428571427,0.5535714285714286,0.41935483870967744,0.02337063857801186,0.716919025674786,0.09578670177748516,0.2836857256561791,-0.1075165507685163,-0.17555285674689913,0.43548387096774194,27,0.4838709677419355,0.8225806451612904,0.19622098205031857,0.4363636363636363,0.3980228928199792,0.4838709677419355,0.09999999999999998,0.47058823529411764
llama-8b,gemma4-12b,truthfulqa,654,327,0.9356301845149585,0.6490942588072459,0.2551085448614602,0.1617931547619047,0.3780487804878049,0.46646341463414637,0.532297131741623,0.11679712706562295,0.6948255384413956,0.2408046460735629,0.1318258221151197,-0.116290700906726,-0.15190125293335854,0.07033639143730887,23,0.1345565749235474,0.40672782874617736,0.0931129519429408,0.1955248359887535,0.054727903562176765,0.1345565749235474,0.4772727272727272,0.8270676691729323
llama-8b,gemma4-12b-base,boolq,1308,475,0.8544310355721236,0.8315284008340178,0.04359931113662474,0.04747755834829448,0.13302752293577982,0.1491628614916286,0.6146660769570986,0.21686232387691917,0.7853844695773046,0.06904656599481906,0.5415606650249526,0.5465102387702708,0.6805736527471773,0.35789473684210527,170,0.4105263157894737,0.6421052631578947,0.39985162657330703,0.6417797888386123,0.263601108033241,0.4105263157894737,0.1282051282051282,0.4426229508196722
llama-8b,gemma4-12b-base,geometry_of_truth,2012,1000,0.9984980237154151,0.9973596837944664,0.004826841706890184,0.13830955334987594,0.006958250497017893,0.09343936381709742,0.9902490118577075,0.00711067193675885,0.9963804347826087,0.0021175889328063358,0.9515247266509099,0.8634467144859295,0.8990306462097155,0.013,13,0.02,0.026,0.5601707105060516,0.6406570841889117,0.00052,0.02,0.3500000000000001,0.5
llama-8b,gemma4-12b-base,imdb,2000,1018,0.9719108991313186,0.9185276029433537,0.003963849690819643,0.36237361462181594,0.019,0.4132804757185332,0.636038076336733,0.28248952660662063,0.8656204610293735,0.10629043810194505,0.7628578898418077,0.691196927180322,0.773906862972722,0.06483300589390963,66,0.10903732809430255,0.17779960707269155,0.3813520583379587,0.5069262811198295,0.019386794091423146,0.10903732809430255,0.4054054054054054,0.6353591160220995
llama-8b,gemma4-12b-base,rte,111,62,0.8127057274522712,0.7890059249506254,0.0039525691699604515,0.14822134387351782,0.21428571428571427,0.375,0.7011191573403555,0.08788676761026992,0.7238314680710993,0.08887425938117188,0.8737927652996617,0.24984942234082863,0.4440116298973774,0.43548387096774194,27,0.4838709677419355,0.5645161290322581,0.6551384198826604,0.7703703703703704,0.2731529656607701,0.4838709677419355,0.09999999999999998,0.22857142857142865
llama-8b,gemma4-12b-base,truthfulqa,654,327,0.9356301845149585,0.8785549289715606,0.2551085448614602,0.2616019634091923,0.3780487804878049,0.43902439024390244,0.7648626658810986,0.11369226309046199,0.8506579131947365,0.084972271320222,0.7947703789393121,0.43454153550640784,0.5887221406647449,0.039755351681957186,13,0.1345565749235474,0.12538226299694188,0.20250673350736398,0.21089373437903994,0.016871007865031935,0.12538226299694188,0.6829268292682926,0.6829268292682926
llama-8b,gemma4-31b,boolq,1308,475,0.8544310355721236,0.8310406267770266,0.04359931113662474,0.16187880058712512,0.13302752293577982,0.21712538226299694,0.6061312946231124,0.22490933215391418,0.5870575598660517,0.26737347570607195,0.22552471322958462,0.26706763199478334,0.4306586337293812,0.22105263157894736,105,0.4105263157894737,0.4168421052631579,0.20585546216329573,0.20855317967231324,0.1711246537396122,0.4105263157894737,0.46153846153846156,0.4696969696969697
llama-8b,gemma4-31b,geometry_of_truth,2012,1000,0.9984980237154151,0.9628982213438735,0.004826841706890184,0.45529668495876263,0.006958250497017893,0.4393638170974155,0.7253053359683795,0.23759288537549395,0.9882193675889328,0.010278656126482266,0.884884151625678,0.8276892501257778,0.8419637100757704,0.011,11,0.02,0.113,0.1971888550329702,0.492671927846674,0.0022600000000000003,0.02,0.45000000000000007,0.9026548672566372
llama-8b,gemma4-31b,rte,111,62,0.8127057274522712,0.6277156023699803,0.0039525691699604515,-0.000645161290322549,0.21428571428571427,0.4107142857142857,0.6053324555628703,0.022383146807109955,0.7975641869651086,0.015141540487162652,0.31970176614304935,-0.030339442648648296,0.06749871211813163,0.3387096774193548,21,0.4838709677419355,0.6129032258064516,0.17313384691436978,0.22500000000000003,0.29656607700312176,0.4838709677419355,0.30000000000000004,0.44736842105263164
llama-8b,gemma4-31b,truthfulqa,654,327,0.9356301845149585,0.7854838257161294,0.2551085448614602,0.44235373335328443,0.3780487804878049,0.5443425076452599,0.6795256665637947,0.10595815915233475,0.7065716503474269,0.22905853416753164,0.35086866249029985,0.1708134203570153,0.28719328945774647,0.06422018348623854,21,0.1345565749235474,0.25382262996941896,0.20245451283288732,0.2994597615499255,0.034153503726771964,0.1345565749235474,0.5227272727272727,0.7469879518072289
llama-8b,gptj-6b,boolq,1308,475,0.8544310355721236,0.6656902761104442,0.04359931113662474,0.20653974953779597,0.13302752293577982,0.6237482117310443,0.4655335818537942,0.20015669425665,0.438625134264232,0.41580590130789163,0.617184598485377,0.6458555114076743,0.6821360179351733,0.37684210526315787,179,0.4105263157894737,0.8757894736842106,0.10667239494636858,0.33941764450239026,0.35953462603878117,0.4105263157894737,0.08205128205128209,0.5697115384615385
llama-8b,gptj-6b,geometry_of_truth,2012,1000,0.9984980237154151,0.9835780632411067,0.004826841706890184,0.5482477023411999,0.006958250497017893,0.5464190981432361,0.8568913043478261,0.12668675889328063,0.9949150197628459,0.0035830039525691637,0.9373348511863165,0.8892658138987017,0.8956615276871047,0.014,14,0.02,0.074,0.3416291654089763,0.6760259179265657,0.00148,0.02,0.30000000000000004,0.8108108108108107
llama-8b,gptj-6b,imdb,2000,1018,0.9719108991313186,0.9469618156282635,0.003963849690819643,0.48659038116650455,0.019,0.5482625482625483,0.6180042333716125,0.32895758225665106,0.9546853180430459,0.017225581088272657,0.6864160942364456,0.6998680860209744,0.7395239797182667,0.07465618860510806,76,0.10903732809430255,0.13163064833005894,0.5722616707329455,0.6368880192409604,0.014352654189230395,0.10903732809430255,0.3153153153153153,0.4328358208955224
llama-8b,gptj-6b,rte,111,62,0.8127057274522712,0.6645819618169848,0.0039525691699604515,0.27960526315789475,0.21428571428571427,0.3709677419354839,0.5398288347597103,0.12475312705727448,0.650757077024358,0.16194865042791318,0.7411875684433485,0.28275383161368695,0.44064184996863764,0.45161290322580644,28,0.4838709677419355,0.9032258064516129,0.09860132971832691,0.31111111111111106,0.43704474505723206,0.4838709677419355,0.06666666666666676,0.5
llama-8b,gptj-6b,truthfulqa,654,327,0.9356301845149585,0.8530333211757335,0.2551085448614602,0.32313192572626537,0.3780487804878049,0.5137614678899083,0.7188695302490438,0.13416379092668973,0.8211242974310057,0.11450588708395282,0.691811554678259,0.4679086298063313,0.5737222094659714,0.06422018348623854,21,0.1345565749235474,0.14678899082568808,0.36822073871898786,0.3873411534701857,0.019751423841988608,0.1345565749235474,0.5227272727272727,0.5625
llama-8b,llama31-405b,boolq,1308,475,0.8544310355721236,0.9538838693372085,0.04359931113662474,-1.0338054378222772e-05,0.13302752293577982,0.03211009174311927,0.9075225879825614,0.04636128135464712,0.7155367410121943,0.1388942945599293,0.7127298654370169,0.49922780436274283,0.7013010215926593,0.15157894736842106,72,0.4105263157894737,0.17894736842105263,0.4142772053877493,0.7405462184873949,0.07346260387811634,0.17894736842105263,0.15294117647058814,0.15294117647058814
llama-8b,llama31-405b,geometry_of_truth,2012,1000,0.9984980237154151,0.9992994071146246,0.004826841706890184,0.02268716373487989,0.006958250497017893,0.01485148514851485,0.9984752964426877,0.000824110671936884,0.9965978260869566,0.0019001976284584998,0.9309478632124304,0.8940330474506848,0.9254505707663266,0.01,10,0.02,0.012,0.6402545694372763,0.8299319727891156,0.00024,0.012,0.16666666666666663,0.16666666666666663
llama-8b,llama31-405b,imdb,2000,1018,0.9719108991313186,0.9815920358196056,0.003963849690819643,-0.002429182194380375,0.019,0.006789524733268671,0.9809328222344039,0.0006592135852017122,0.9630970434420754,0.0088138556892432,0.822440373762122,0.675078354015243,0.769243699753528,0.06385068762278978,65,0.10903732809430255,0.06974459724950884,0.7084632186920218,0.9051508610649567,0.007604764533099687,0.06974459724950884,0.08450704225352113,0.08450704225352113
llama-8b,llama31-405b,rte,111,62,0.8127057274522712,0.9381171823568137,0.0039525691699604515,0.014102564102564163,0.21428571428571427,0.08928571428571429,0.9058591178406846,0.032258064516129115,0.7876892692560895,0.0250164581961817,0.8149296523864361,0.3699900593327289,0.44668522145768885,0.22580645161290322,14,0.4838709677419355,0.25806451612903225,0.4615908612487965,0.7578124999999997,0.12486992715920915,0.25806451612903225,0.125,0.125
llama-8b,llama31-405b,truthfulqa,654,327,0.9356301845149585,0.9737021762103826,0.2551085448614602,0.059963167587476884,0.3780487804878049,0.09063444108761329,0.9489380804084954,0.02476409580188721,0.8459632092322944,0.0896669752826641,0.7586044637774431,0.5400458326589767,0.6202217943277567,0.039755351681957186,13,0.1345565749235474,0.08868501529051988,0.2867875428858901,0.3624954307298649,0.011933151904534783,0.08868501529051988,0.5517241379310345,0.5517241379310345
llama-8b,llama31-70b,boolq,1308,475,0.8544310355721236,0.9376559044670498,0.04359931113662474,-0.0013040046669641203,0.13302752293577982,0.03765060240963856,0.8900865609401655,0.047569343526884356,0.7793416313893978,0.0750894041827258,0.9034552075716398,0.6435886352885952,0.7068740608284277,0.17894736842105263,85,0.4105263157894737,0.2231578947368421,0.42639686418781875,0.6639150943396225,0.09161218836565097,0.2231578947368421,0.19811320754716988,0.19811320754716988
llama-8b,llama31-70b,geometry_of_truth,2012,1000,0.9984980237154151,0.9990503952569171,0.004826841706890184,0.004721374045801641,0.006958250497017893,0.0107421875,0.9979752964426877,0.0010750988142294027,0.9970049407114625,0.0014930830039525667,0.9857074568061939,0.9200796953553501,0.9221431342738736,0.013,13,0.02,0.016,0.7218279215752792,0.8086734693877549,0.00032,0.016,0.1875,0.1875
llama-8b,llama31-70b,imdb,2000,1018,0.9719108991313186,0.9821732241246164,0.003963849690819643,0.001270650367035886,0.019,0.008620689655172414,0.9814289829904889,0.0007442411341275212,0.9610563822678547,0.010854516863463837,0.9391104681662006,0.7805936497072042,0.805131964223432,0.055992141453831044,57,0.10903732809430255,0.0618860510805501,0.6557133199204316,0.8931065259620933,0.006747889656130708,0.0618860510805501,0.09523809523809523,0.09523809523809523
llama-8b,llama31-70b,rte,111,62,0.8127057274522712,0.9420671494404212,0.0039525691699604515,-0.003906250000000111,0.21428571428571427,0.03571428571428571,0.9226464779460171,0.019420671494404185,0.7774851876234364,0.035220539828834774,0.9541072215908342,0.4541451409004932,0.4716086088066026,0.22580645161290322,14,0.4838709677419355,0.24193548387096775,0.5080963870509994,0.8708333333333332,0.1170655567117586,0.24193548387096775,0.06666666666666676,0.06666666666666676
llama-8b,llama31-70b,truthfulqa,654,327,0.9356301845149585,0.9623114403015085,0.2551085448614602,0.12582825337927372,0.3780487804878049,0.19756838905775076,0.913652984690776,0.048658455610732454,0.8449344892405241,0.09069569527443444,0.9061320947535085,0.6199997252706773,0.6353772986987869,0.07033639143730887,23,0.1345565749235474,0.1162079510703364,0.5001742685138667,0.5438906453412685,0.01563654387490765,0.1162079510703364,0.39473684210526316,0.39473684210526316
llama-8b,llama31-70b-base,boolq,1308,475,0.8544310355721236,0.8779857206040311,0.04359931113662474,0.11658356417359172,0.13302752293577982,0.13082706766917293,0.7183193277310924,0.1596663928729387,0.7830921842421179,0.07133885133000573,0.7830400399432125,0.5749167601014884,0.6593691555166631,0.23157894736842105,110,0.4105263157894737,0.37684210526315787,0.322482098909243,0.3460694333599361,0.15470360110803322,0.37684210526315787,0.3854748603351955,0.3854748603351955
llama-8b,llama31-70b-base,geometry_of_truth,2012,1000,0.9984980237154151,0.9983873517786561,0.004826841706890184,0.04919332892741901,0.006958250497017893,0.060077519379844964,0.9964891304347826,0.0018982213438735185,0.9969140316205534,0.0015839920948617081,0.9855380586024335,0.9024170390343462,0.9131029901937103,0.013,13,0.02,0.019,0.6602676433866426,0.6777658431793769,0.00038,0.019,0.3157894736842105,0.3157894736842105
llama-8b,llama31-70b-base,imdb,2000,1018,0.9719108991313186,0.9586415998783605,0.003963849690819643,0.3592676684727091,0.019,0.42120075046904315,0.7637464538510477,0.19489514602731284,0.9565409192578395,0.0153699798734791,0.9006618182919814,0.7251986983367782,0.7648246681966915,0.06974459724950884,71,0.10903732809430255,0.12573673870333987,0.5422339488809198,0.5878125316327563,0.01370999803150366,0.10903732809430255,0.36036036036036045,0.4453125
llama-8b,llama31-70b-base,rte,111,62,0.8127057274522712,0.8225806451612903,0.0039525691699604515,-0.005639097744360777,0.21428571428571427,0.3050847457627119,0.782422646477946,0.04015799868334424,0.7982225148123766,0.014483212639894605,0.9291244415484786,0.4232972943792227,0.4435502551253312,0.3548387096774194,22,0.4838709677419355,0.4838709677419355,0.4833333333333334,0.4833333333333334,0.2341311134235172,0.4838709677419355,0.2666666666666666,0.2666666666666666
llama-8b,llama31-70b-base,truthfulqa,654,327,0.9356301845149585,0.9157010726743914,0.2551085448614602,0.2955903598634094,0.3780487804878049,0.3657142857142857,0.8006434175948527,0.11505765507953869,0.8232565534139475,0.11237363110101095,0.8838464584841417,0.5849357834952851,0.6012239520563663,0.07951070336391437,26,0.1345565749235474,0.20489296636085627,0.3771049595011892,0.4854895104895106,0.027569695779442432,0.1345565749235474,0.40909090909090906,0.6119402985074627
llama-8b,llama31-8b-base,boolq,1308,475,0.8544310355721236,0.7668970746193213,0.04359931113662474,0.04830470980975743,0.13302752293577982,0.19850746268656716,0.691125292222152,0.07577178239716931,0.8209869210842231,0.03344411448790052,0.917450529853407,0.8287711174805563,0.8278699165129297,0.3410526315789474,162,0.4105263157894737,0.6189473684210526,0.36399023193481056,0.5558861028474288,0.25409418282548474,0.4105263157894737,0.16923076923076918,0.44897959183673464
llama-8b,llama31-8b-base,geometry_of_truth,2012,1000,0.9984980237154151,0.9974249011857708,0.004826841706890184,0.06514907222692867,0.006958250497017893,0.11925708699902249,0.9884051383399209,0.009019762845849821,0.9969367588932806,0.0015612648221344783,0.9872534661159019,0.9508891870086782,0.9430103079446673,0.014,14,0.02,0.022,0.6603145789049178,0.6932515337423312,0.00043999999999999996,0.02,0.30000000000000004,0.36363636363636354
llama-8b,llama31-8b-base,imdb,2000,1018,0.9719108991313186,0.9481712074712207,0.003963849690819643,0.25079113924050633,0.019,0.3602199816681943,0.7886415198524322,0.1595296876187885,0.9618946538678531,0.01001624526346545,0.9468393743032848,0.8996925904602705,0.8968630695777835,0.06581532416502947,67,0.10903732809430255,0.11296660117878192,0.5422169963565073,0.553121227539832,0.01231757635642907,0.10903732809430255,0.39639639639639634,0.417391304347826
llama-8b,llama31-8b-base,rte,111,62,0.8127057274522712,0.7590520078999341,0.0039525691699604515,0.10225921521997616,0.21428571428571427,0.41379310344827586,0.7491770901909152,0.009874917709018938,0.7886767610269915,0.02402896642527974,0.9480305213145489,0.5270460084895623,0.5111558844532813,0.43548387096774194,27,0.4838709677419355,0.532258064516129,0.7136158973164913,0.7862068965517238,0.25754422476586886,0.4838709677419355,0.09999999999999998,0.18181818181818177
llama-8b,llama31-8b-base,truthfulqa,654,327,0.9356301845149585,0.8842222409262221,0.2551085448614602,0.3671417854463616,0.3780487804878049,0.6085626911314985,0.8172151614622788,0.06700707946394335,0.8703625770370993,0.0652676074778592,0.9336261514725642,0.7426564685359193,0.7180089570698789,0.09174311926605505,30,0.1345565749235474,0.1651376146788991,0.5486871600868496,0.6188811188811191,0.022220351822237184,0.1345565749235474,0.3181818181818181,0.4444444444444444
llama-8b,olmo3-7b,boolq,1308,475,0.8544310355721236,0.8341062740885827,0.04359931113662474,0.1841299624728422,0.13302752293577982,0.24770642201834864,0.5495444493586908,0.2845618247298919,0.7457989511594112,0.10863208441271244,0.8893621595327755,0.49236331145673085,0.6471998044919997,0.28210526315789475,134,0.4105263157894737,0.5326315789473685,0.25849865228777635,0.3306768306768307,0.21865927977839336,0.4105263157894737,0.3128205128205128,0.4703557312252965
llama-8b,olmo3-7b,geometry_of_truth,2012,1000,0.9984980237154151,0.9942687747035572,0.004826841706890184,0.022741228070175423,0.006958250497017893,0.019880715705765408,0.9896541501976285,0.004614624505928755,0.9957124505928854,0.0027855731225296942,0.962322372808371,0.8251929188320323,0.8961081290202015,0.016,16,0.02,0.052,0.4812798922710939,0.7890295358649787,0.00104,0.02,0.19999999999999996,0.6923076923076923
llama-8b,olmo3-7b,imdb,2000,1018,0.9719108991313186,0.9686388389838309,0.003963849690819643,0.15151949541284404,0.019,0.128,0.9545482736406595,0.014090565343171324,0.9534159067537882,0.018494992377530384,0.8663807301474726,0.6352907923041647,0.720176232366929,0.07858546168958742,80,0.10903732809430255,0.10707269155206287,0.6942722022641129,0.7013847445454822,0.011674920198702336,0.10707269155206287,0.2660550458715596,0.2660550458715596
llama-8b,olmo3-7b,rte,111,62,0.8127057274522712,0.8581303489137591,0.0039525691699604515,0.007309941520467822,0.21428571428571427,0.25,0.8462804476629361,0.01184990125082297,0.7850559578670178,0.027649769585253448,0.8179044328644002,0.13994267814733952,0.40278910088792597,0.3064516129032258,19,0.4838709677419355,0.3870967741935484,0.4894771721406256,0.5963541666666666,0.18730489073881373,0.3870967741935484,0.20833333333333326,0.20833333333333326
llama-8b,olmo3-7b,truthfulqa,654,327,0.9356301845149585,0.8972495768220035,0.2551085448614602,0.37460721232979205,0.3780487804878049,0.5045871559633027,0.8032713295738295,0.09397824724817394,0.8376212252990303,0.09800895921592823,0.79904188366258,0.30263736065596103,0.5418239666231064,0.06422018348623854,21,0.1345565749235474,0.1834862385321101,0.2992825778345752,0.359805924412666,0.02468927980248576,0.1345565749235474,0.5227272727272727,0.65
llama-8b,qwen3-1.7b,boolq,1308,475,0.8544310355721236,0.8171352751626967,0.04359931113662474,0.22837342250026982,0.13302752293577982,0.22324159021406728,0.6092727617362735,0.20786251342642315,0.7483692424338155,0.1060617931383081,0.7849564337638992,0.6378053659649946,0.6238904163384078,0.2968421052631579,141,0.4105263157894737,0.511578947368421,0.3530945265038939,0.43302387267904513,0.21001662049861494,0.4105263157894737,0.27692307692307694,0.41975308641975306
llama-8b,qwen3-1.7b,geometry_of_truth,2012,1000,0.9984980237154151,0.9934357707509882,0.004826841706890184,0.34411173291343944,0.006958250497017893,0.24652087475149106,0.9887588932806325,0.0046768774703557225,0.9952055335968379,0.0032924901185771294,0.9142612888668595,0.8578164008118955,0.8819673900822418,0.015,15,0.02,0.051,0.45390079297810315,0.7365648050579557,0.0010199999999999999,0.02,0.25,0.7058823529411764
llama-8b,qwen3-1.7b,imdb,2000,1018,0.9719108991313186,0.9536549842148856,0.003963849690819643,0.14734994199181772,0.019,0.2057942057942058,0.8320125720733518,0.12164241214153382,0.9526686646473457,0.019242234483972886,0.701775520989809,0.6756201255788477,0.6753535337993911,0.07367387033398821,75,0.10903732809430255,0.1237721021611002,0.5862746690622758,0.6298630469034052,0.013495779312261416,0.10903732809430255,0.32432432432432434,0.40476190476190477
llama-8b,qwen3-1.7b,rte,111,62,0.8127057274522712,0.8772218564845293,0.0039525691699604515,0.25320056899004273,0.21428571428571427,0.3392857142857143,0.8423304805793285,0.03489137590520086,0.7735352205398288,0.03917050691244239,0.7830728666169834,0.27919622408806255,0.39121592274451245,0.2903225806451613,18,0.4838709677419355,0.4838709677419355,0.22499999999999992,0.22499999999999992,0.2341311134235172,0.4838709677419355,0.4,0.4
llama-8b,qwen3-1.7b,truthfulqa,654,327,0.9356301845149585,0.8749731130002151,0.2551085448614602,0.3389193929688095,0.3780487804878049,0.43119266055045874,0.7351700661186394,0.13980304688157563,0.8313927933488577,0.10423739116610076,0.6927264186628148,0.413783162470145,0.49669933370334385,0.07033639143730887,23,0.1345565749235474,0.1743119266055046,0.3621252755623516,0.4219696969696969,0.023454815812361474,0.1345565749235474,0.4772727272727272,0.5964912280701755
llama-8b,qwen3-32b,boolq,1308,475,0.8544310355721236,0.9175105831806406,0.04359931113662474,0.01116746986681294,0.13302752293577982,0.05963302752293578,0.873719593100398,0.043790990080242564,0.7576066215960069,0.09682441397611674,0.6289103411613485,0.6045603034834732,0.6911976643863544,0.19789473684210526,94,0.4105263157894737,0.24842105263157896,0.451217384064506,0.6549636803874093,0.10198337950138504,0.24842105263157896,0.2033898305084746,0.2033898305084746
llama-8b,qwen3-32b,geometry_of_truth,2012,1000,0.9984980237154151,0.9991205533596839,0.004826841706890184,0.1296819531985801,0.006958250497017893,0.020874751491053677,0.9979229249011858,0.0011976284584980235,0.9968033596837945,0.001694664031620552,0.877627594697779,0.8084430727109385,0.9060078109420777,0.013,13,0.02,0.016,0.7218279215752792,0.8086734693877549,0.00032,0.016,0.1875,0.1875
llama-8b,qwen3-32b,imdb,2000,1018,0.9719108991313186,0.9749198740391887,0.003963849690819643,-0.0009083050676402804,0.019,0.016966067864271458,0.9704344207523237,0.004485453286865004,0.9613964924635582,0.010514406667760379,0.5685079552288517,0.7392309316622767,0.7659955111693769,0.068762278978389,70,0.10903732809430255,0.07858546168958742,0.7176849264158043,0.8597023153252482,0.008568748769689789,0.07858546168958742,0.12499999999999989,0.12499999999999989
llama-8b,qwen3-32b,rte,111,62,0.8127057274522712,0.9634628044766294,0.0039525691699604515,0.12364864864864855,0.21428571428571427,0.15789473684210525,0.9598420013166555,0.0036208031599738177,0.7695852534562212,0.04312047399605001,0.671638657015645,0.33934047636214393,0.44500975406767884,0.14516129032258066,9,0.4838709677419355,0.16129032258064516,0.36515934351163193,0.8062499999999996,0.07804370447450572,0.16129032258064516,0.09999999999999987,0.09999999999999987
llama-8b,qwen3-32b,truthfulqa,654,327,0.9356301845149585,0.9692412722460698,0.2551085448614602,0.16423754215061814,0.3780487804878049,0.22935779816513763,0.8802476409580189,0.08899363128805093,0.8347408093220734,0.1008893751928851,0.5035132062424185,0.42632582536434915,0.5794681989483728,0.05504587155963303,18,0.1345565749235474,0.12232415902140673,0.34509504501793925,0.3644876325088339,0.01645951986832384,0.12232415902140673,0.55,0.55
llama-8b,qwen3-8b,boolq,1308,475,0.8544310355721236,0.8986440892146333,0.04359931113662474,0.05791505791505802,0.13302752293577982,0.11297709923664122,0.8282479307512479,0.07039615846338543,0.776533771403298,0.07789726416882559,0.5998773030977419,0.5430268832429892,0.6640250408370469,0.23789473684210527,113,0.4105263157894737,0.3368421052631579,0.4284381258058729,0.5016741071428571,0.1382825484764543,0.3368421052631579,0.29374999999999996,0.29374999999999996
llama-8b,qwen3-8b,geometry_of_truth,2012,1000,0.9984980237154151,0.9976422924901186,0.004826841706890184,0.3637252771136711,0.006958250497017893,0.042743538767395624,0.9954486166007905,0.0021936758893280617,0.9966916996047431,0.0018063241106719419,0.8891888899842526,0.8278566250811791,0.9073184804143679,0.018,18,0.02,0.024,0.8176652413868596,0.8975409836065572,0.00048,0.02,0.10000000000000009,0.2500000000000001
llama-8b,qwen3-8b,imdb,2000,1018,0.9719108991313186,0.9709705944726091,0.003963849690819643,0.005154241786803793,0.019,0.101,0.9645014984855094,0.006469095987099771,0.9530497881313547,0.018861110999963904,0.6099297822415837,0.7030563124531254,0.7524854166442769,0.06974459724950884,71,0.10903732809430255,0.08447937131630648,0.6983398399902315,0.8042357888259277,0.009211404927416521,0.08447937131630648,0.17441860465116277,0.17441860465116277
llama-8b,qwen3-8b,rte,111,62,0.8127057274522712,0.9338380513495721,0.0039525691699604515,0.0714285714285714,0.21428571428571427,0.25,0.93449637919684,-0.0006583278472679366,0.7860434496379197,0.026662277814351487,0.69455400837532,0.2032431699084839,0.4231817622174434,0.20967741935483872,13,0.4838709677419355,0.24193548387096775,0.43273280811042053,0.7416666666666667,0.1170655567117586,0.24193548387096775,0.1333333333333333,0.1333333333333333
llama-8b,qwen3-8b,truthfulqa,654,327,0.9356301845149585,0.9380804084953567,0.2551085448614602,0.3347204266321915,0.3780487804878049,0.345565749235474,0.8542116731663066,0.08386873532905004,0.8451589372387286,0.0904712472762299,0.48952809697652855,0.34345047826003394,0.564439587299155,0.07339449541284404,24,0.1345565749235474,0.14067278287461774,0.4590602982489338,0.47104496926560985,0.018928447848572415,0.1345565749235474,0.4545454545454545,0.4782608695652174
llama-8b,qwen3-8b-base,boolq,1308,475,0.8544310355721236,0.8936298730018324,0.04359931113662474,0.20082443197618294,0.13302752293577982,0.172782874617737,0.6970822013015733,0.1965476717002591,0.7597952865356669,0.09463574903645677,0.142693798161848,0.5038118012776027,0.6617834588571594,0.24210526315789474,115,0.4105263157894737,0.35789473684210527,0.40361051377963664,0.45115546218487396,0.1469252077562327,0.35789473684210527,0.32352941176470584,0.32352941176470584
llama-8b,qwen3-8b-base,geometry_of_truth,2012,1000,0.9984980237154151,0.9982579051383399,0.004826841706890184,0.33702642975354036,0.006958250497017893,0.11232604373757456,0.9970859683794467,0.001171936758893155,0.9959713438735178,0.0025266798418972503,0.8072470723604471,0.845025585684164,0.9091265475675762,0.018,18,0.02,0.031,0.7162736932079375,0.8968008255933955,0.00062,0.02,0.10000000000000009,0.4193548387096775
llama-8b,qwen3-8b-base,imdb,2000,1018,0.9719108991313186,0.9755150668816697,0.003963849690819643,0.03611020442703605,0.019,0.091,0.9690779812659303,0.006437085615739413,0.9505899911571349,0.021320907974183623,0.5538089334653785,0.7263638755047435,0.7697590373960437,0.07662082514734773,78,0.10903732809430255,0.09233791748526522,0.7375563062356996,0.8089563442726782,0.0100682798043855,0.09233791748526522,0.17021276595744683,0.17021276595744683
llama-8b,qwen3-8b-base,rte,111,62,0.8127057274522712,0.9157340355497038,0.0039525691699604515,-0.09999999999999998,0.21428571428571427,0.17857142857142858,0.9364713627386438,-0.020737327188940058,0.7840684660961158,0.028637261356155408,0.5036822230595287,0.21519002174105661,0.4196205710208538,0.25806451612903225,16,0.4838709677419355,0.27419354838709675,0.5624458337512505,0.8860294117647057,0.13267429760665972,0.27419354838709675,0.05882352941176461,0.05882352941176461
llama-8b,qwen3-8b-base,truthfulqa,654,327,0.9356301845149585,0.9195073366439414,0.2551085448614602,0.3811862269270455,0.3780487804878049,0.4115853658536585,0.8210681854314544,0.09843915121248692,0.8479364812165081,0.08769370329845039,0.4115134461180844,0.36774479202233357,0.5668391265158751,0.05504587155963303,18,0.1345565749235474,0.1651376146788991,0.25906536614270137,0.29220779220779225,0.022220351822237184,0.1345565749235474,0.5909090909090908,0.6666666666666667
llama-8b,qwen38-27b,boolq,1308,475,0.8544310355721236,0.9392279016869906,0.04359931113662474,0.28872057448797483,0.13302752293577982,0.1173780487804878,0.7769356163518039,0.1622922853351867,0.7947835976495863,0.05964743792253735,0.9344339063938495,0.6456573247995292,0.6994653779804897,0.16210526315789472,77,0.4105263157894737,0.21052631578947367,0.37735382553501373,0.6098214285714286,0.08642659279778393,0.21052631578947367,0.22999999999999998,0.22999999999999998
llama-8b,qwen38-27b,geometry_of_truth,2012,1000,0.9984980237154151,0.9983764822134387,0.004826841706890184,0.3612122252747253,0.006958250497017893,0.09542743538767395,0.9965474308300395,0.0018290513833991717,0.9961274703557312,0.0023705533596838357,0.9559949081208062,0.8834592171712775,0.9130994361069403,0.016,16,0.02,0.025,0.7091389668511001,0.7948717948717947,0.0005,0.02,0.19999999999999996,0.36
llama-8b,qwen38-27b,rte,111,62,0.8127057274522712,0.967083607636603,0.0039525691699604515,0.40421455938697326,0.21428571428571427,0.44642857142857145,0.9552337063857801,0.011849901250822859,0.7649769585253456,0.04772876892692557,0.9438163248660407,0.403569309823098,0.45238628671285586,0.1774193548387097,11,0.4838709677419355,0.20967741935483872,0.3734027557491328,0.7019230769230768,0.10145681581685745,0.20967741935483872,0.15384615384615385,0.15384615384615385
llama-8b,qwen38-27b,truthfulqa,654,327,0.9356301845149585,0.9541471443668228,0.2551085448614602,0.4319339375327689,0.3780487804878049,0.4923547400611621,0.8740472650076219,0.08009987935920093,0.831009361351925,0.10462082316303345,0.886139494424209,0.5064212823801828,0.5938351454595552,0.05198776758409786,17,0.1345565749235474,0.1345565749235474,0.2909572759396081,0.2909572759396081,0.01810547185515622,0.1345565749235474,0.6136363636363635,0.6136363636363635
llama31-405b,gemma2-9b,boolq,1308,475,0.9538838693372085,0.9097794907436658,-1.0338054378222772e-05,0.03949897873362973,0.03211009174311927,0.12102874432677761,0.8391103809945031,0.07066910974916274,0.9125595501358438,0.0413243192013647,0.5303848598285164,0.5966024662406486,0.4483825196855268,0.13052631578947368,62,0.17894736842105263,0.25473684210526315,0.5085957667549471,0.6369225656364242,0.04558448753462604,0.17894736842105263,0.2705882352941177,0.4876033057851239
llama31-405b,gemma2-9b,geometry_of_truth,2012,1000,0.9992994071146246,0.9984673913043478,0.02268716373487989,0.07388008475840868,0.01485148514851485,0.014577259475218658,0.9971778656126482,0.0012895256916996,0.9984505928853755,0.0008488142292490952,0.8963185869925401,0.9007898372928741,0.8822087362368497,0.012,12,0.012,0.021,0.7524780730584623,0.9999999999999999,0.000252,0.012,0.0,0.4285714285714286
llama31-405b,gemma2-9b,imdb,2000,1018,0.9815920358196056,0.9717328414406267,-0.002429182194380375,-0.00011345483589886296,0.006789524733268671,0.025565388397246803,0.9643174388501875,0.007415402590439157,0.9807977784802274,0.0007942573393782126,0.6803430382165045,0.6865867131765209,0.6323233014258454,0.05697445972495088,58,0.06974459724950884,0.08349705304518663,0.7259306992123992,0.800220400646106,0.005823468336157417,0.06974459724950884,0.18309859154929575,0.3176470588235294
llama31-405b,gemma2-9b,rte,111,62,0.9381171823568137,0.9430546412113232,0.014102564102564163,0.006666666666666599,0.08928571428571429,0.017241379310344827,0.9285714285714286,0.014483212639894605,0.9114549045424621,0.026662277814351598,0.7553467638298169,0.259822529056559,0.36234341327271147,0.14516129032258066,9,0.25806451612903225,0.22580645161290322,0.47492269448299645,0.5186335403726707,0.0582726326742976,0.22580645161290322,0.3571428571428571,0.3571428571428571
llama31-405b,gemma2-9b,truthfulqa,654,327,0.9737021762103826,0.9443930084448559,0.059963167587476884,0.14681540808543103,0.09063444108761329,0.25914634146341464,0.8403146012774831,0.10407840716737271,0.9472734244218126,0.02642875178856996,0.8004595966906599,0.45571652557727094,0.5099108264867711,0.06116207951070336,20,0.08868501529051988,0.1712538226299694,0.4292655974414521,0.6255248759384143,0.015187647878498816,0.08868501529051988,0.31034482758620696,0.6428571428571428
llama31-405b,gemma4-12b,boolq,1308,475,0.9538838693372085,0.5638819738421684,-1.0338054378222772e-05,0.06143355209187862,0.03211009174311927,0.3516819571865443,0.5108308586592532,0.053051115182915276,0.5289972831237758,0.42488658621343267,0.24649676645353014,0.1243047794621811,0.08070586710555316,0.17473684210526316,83,0.17894736842105263,0.9642105263157895,0.030811031137066392,0.3425605536332179,0.17254293628808864,0.17894736842105263,0.02352941176470591,0.8187772925764192
llama31-405b,gemma4-12b,geometry_of_truth,2012,1000,0.9992994071146246,0.7480750988142292,0.02268716373487989,0.2826014006995602,0.01485148514851485,0.4846077457795432,0.5931254940711462,0.15494960474308295,0.9846561264822136,0.014643280632411049,0.5332456265898343,0.6359759117454851,0.6982068101225112,0.007,7,0.012,0.338,0.05715857137746349,0.3705941591137967,0.004056000000000001,0.012,0.41666666666666663,0.9792899408284024
llama31-405b,gemma4-12b,imdb,2000,1018,0.9815920358196056,0.5940754804556677,-0.002429182194380375,0.10790438247011958,0.006789524733268671,0.49201596806387227,0.48173008054609695,0.11234539990957076,0.9115463410144886,0.07004569480511702,0.10905165924848138,-0.2790787862621753,0.019520645429120242,0.04027504911591356,41,0.06974459724950884,0.44106090373280943,0.07522278337706323,0.24404069407658605,0.03076161509334918,0.06974459724950884,0.4225352112676056,0.9086859688195991
llama31-405b,gemma4-12b,rte,111,62,0.9381171823568137,0.4427254772876893,0.014102564102564163,-0.04487179487179482,0.08928571428571429,0.5535714285714286,0.4499670836076366,-0.007241606319947302,0.9233048057932851,0.014812376563528629,0.3300840834263868,-0.03184139456644397,-0.17306827475230646,0.24193548387096775,15,0.25806451612903225,0.8225806451612904,0.17741262163857038,0.6477272727272728,0.21227887617065558,0.25806451612903225,0.0625,0.7058823529411764
llama31-405b,gemma4-12b,truthfulqa,654,327,0.9737021762103826,0.6490942588072459,0.059963167587476884,0.1617931547619047,0.09063444108761329,0.46646341463414637,0.523908387808733,0.12518587099851297,0.8818935929448513,0.09180858326553132,0.12338758840586464,-0.0627288058550759,-0.10339353754417813,0.05198776758409786,17,0.08868501529051988,0.40672782874617736,0.11397923540422208,0.30252399573409167,0.03607066371143469,0.08868501529051988,0.4137931034482759,0.8721804511278195
llama31-405b,gemma4-12b-base,boolq,1308,475,0.9538838693372085,0.8315284008340178,-1.0338054378222772e-05,0.04747755834829448,0.03211009174311927,0.1491628614916286,0.5804410185126682,0.25108738232134964,0.9074088582801542,0.046475011057054316,0.5046442262914499,0.5482579562735379,0.43436145084150357,0.16842105263157894,80,0.17894736842105263,0.6421052631578947,0.2912533924960179,0.8356401384083044,0.11490304709141275,0.17894736842105263,0.05882352941176472,0.7377049180327868
llama31-405b,gemma4-12b-base,geometry_of_truth,2012,1000,0.9992994071146246,0.9973596837944664,0.02268716373487989,0.13830955334987594,0.01485148514851485,0.09343936381709742,0.9872934782608697,0.010066205533596717,0.9983102766798418,0.00098913043478277,0.8743417008158315,0.8783431086043431,0.8737706233392653,0.009,9,0.012,0.026,0.5014002711730968,0.7433264887063655,0.000312,0.012,0.2500000000000001,0.6538461538461539
llama31-405b,gemma4-12b-base,imdb,2000,1018,0.9815920358196056,0.9185276029433537,-0.002429182194380375,0.36237361462181594,0.006789524733268671,0.4132804757185332,0.5793977248628556,0.3391298780804981,0.9755170675298797,0.006074968289725979,0.6830232204622252,0.6679969813563403,0.64453845534546,0.047151277013752456,48,0.06974459724950884,0.17779960707269155,0.3568232304519033,0.6060040049135914,0.012400561986405795,0.06974459724950884,0.3239436619718309,0.7348066298342542
llama31-405b,gemma4-12b-base,rte,111,62,0.9381171823568137,0.7890059249506254,0.014102564102564163,0.14822134387351782,0.08928571428571429,0.375,0.7314022383146808,0.05760368663594462,0.8982883475971033,0.03982883475971044,0.7735402735554031,0.2470406533156907,0.3597224032508506,0.22580645161290322,14,0.25806451612903225,0.5645161290322581,0.3693141138025789,0.7129629629629629,0.14568158168574402,0.25806451612903225,0.125,0.6000000000000001
llama31-405b,gemma4-12b-base,truthfulqa,654,327,0.9737021762103826,0.8785549289715606,0.059963167587476884,0.2616019634091923,0.09063444108761329,0.43902439024390244,0.7345154261238767,0.14403950284768396,0.9331519045347848,0.04055027167559777,0.6589646596252114,0.4467047574987115,0.5033914404791038,0.03058103975535168,10,0.08868501529051988,0.12538226299694188,0.2067235737594321,0.2509042681456474,0.011119527911043776,0.08868501529051988,0.6551724137931034,0.7560975609756098
llama31-405b,gemma4-31b,boolq,1308,475,0.9538838693372085,0.8310406267770266,-1.0338054378222772e-05,0.16187880058712512,0.03211009174311927,0.21712538226299694,0.5872774372907057,0.24376318948632092,0.8703304479686611,0.08355342136854738,0.2966959758589007,0.3493506439065788,0.28586671560998533,0.12421052631578948,59,0.17894736842105263,0.4168421052631579,0.26254868769519935,0.4754724994691018,0.07459279778393352,0.17894736842105263,0.3058823529411765,0.702020202020202
llama31-405b,gemma4-31b,geometry_of_truth,2012,1000,0.9992994071146246,0.9628982213438735,0.02268716373487989,0.45529668495876263,0.01485148514851485,0.4393638170974155,0.7077450592885375,0.255153162055336,0.9939693675889327,0.0053300395256918875,0.7952222777629878,0.8541545360296332,0.8209724086190466,0.008,8,0.012,0.113,0.1927345156638896,0.6242014280345732,0.001356,0.012,0.33333333333333337,0.9292035398230089
llama31-405b,gemma4-31b,rte,111,62,0.9381171823568137,0.6277156023699803,0.014102564102564163,-0.000645161290322549,0.08928571428571429,0.4107142857142857,0.5924950625411455,0.035220539828834774,0.9075049374588545,0.030612244897959218,0.3373903226008705,0.012605779981123,0.03973855723525743,0.16129032258064516,10,0.25806451612903225,0.6129032258064516,0.014646873128709534,0.03125000000000006,0.15816857440166493,0.25806451612903225,0.375,0.736842105263158
llama31-405b,gemma4-31b,truthfulqa,654,327,0.9737021762103826,0.7854838257161294,0.059963167587476884,0.44235373335328443,0.09063444108761329,0.5443425076452599,0.7262482581900138,0.059235567526115585,0.9217331126261351,0.051969063584247466,0.3242500553215755,0.23144381596795294,0.26560803091320273,0.03363914373088685,11,0.08868501529051988,0.25382262996941896,0.08995097415480975,0.16817410966647825,0.02251026381991789,0.08868501529051988,0.6206896551724138,0.8674698795180723
llama31-405b,gptj-6b,boolq,1308,475,0.9538838693372085,0.6656902761104442,-1.0338054378222772e-05,0.20653974953779597,0.03211009174311927,0.6237482117310443,0.4562355468503191,0.2094547292601251,0.7705060971757125,0.18337777216149598,0.5209460366867834,0.6286009289727352,0.4490086175250173,0.16631578947368422,79,0.17894736842105263,0.8757894736842106,0.07590029488168536,0.4317048853439679,0.1567202216066482,0.17894736842105263,0.07058823529411762,0.8100961538461539
llama31-405b,gptj-6b,geometry_of_truth,2012,1000,0.9992994071146246,0.9835780632411067,0.02268716373487989,0.5482477023411999,0.01485148514851485,0.5464190981432361,0.8343804347826087,0.14919762845849804,0.9974525691699605,0.0018468379446641148,0.8545248116843869,0.9007061214240295,0.8699087409444248,0.009,9,0.012,0.074,0.2846017023298142,0.7300215982721383,0.000888,0.012,0.2500000000000001,0.8783783783783784
llama31-405b,gptj-6b,imdb,2000,1018,0.9815920358196056,0.9469618156282635,-0.002429182194380375,0.48659038116650455,0.006789524733268671,0.5482625482625483,0.5957110103673591,0.35125080526090446,0.9791852560229515,0.002406779796654157,0.585445691346417,0.635024477753013,0.5825601139347911,0.05206286836935167,53,0.06974459724950884,0.13163064833005894,0.49795644149800594,0.7080492001784462,0.009180526553471693,0.06974459724950884,0.25352112676056326,0.6044776119402985
llama31-405b,gptj-6b,rte,111,62,0.9381171823568137,0.6645819618169848,0.014102564102564163,0.27960526315789475,0.08928571428571429,0.3709677419354839,0.576366030283081,0.08821593153390384,0.8689927583936801,0.06912442396313367,0.6207130352420407,0.27172102898879236,0.35217713608201273,0.24193548387096775,15,0.25806451612903225,0.9032258064516129,0.06837075428432736,0.3541666666666665,0.2330905306971904,0.25806451612903225,0.0625,0.7321428571428572
llama31-405b,gptj-6b,truthfulqa,654,327,0.9737021762103826,0.8530333211757335,0.059963167587476884,0.32313192572626537,0.09063444108761329,0.5137614678899083,0.7316443621468451,0.12138895902888835,0.926652264586782,0.047049911623600615,0.5423508168018794,0.47083695676108894,0.49086423421862935,0.03669724770642202,12,0.08868501529051988,0.14678899082568808,0.23536064742506174,0.3129403040415276,0.01301798389585613,0.08868501529051988,0.5862068965517242,0.75
llama31-405b,llama-8b,boolq,1308,475,0.9538838693372085,0.8544310355721236,-1.0338054378222772e-05,0.04359931113662474,0.03211009174311927,0.13302752293577982,0.7155367410121943,0.1388942945599293,0.9075225879825614,0.04636128135464712,0.7127298654370154,0.7013010215926593,0.49922780436274283,0.15157894736842106,72,0.17894736842105263,0.4105263157894737,0.4142772053877493,0.7405462184873949,0.07346260387811634,0.17894736842105263,0.15294117647058814,0.6307692307692307
llama31-405b,llama-8b,geometry_of_truth,2012,1000,0.9992994071146246,0.9984980237154151,0.02268716373487989,0.004826841706890184,0.01485148514851485,0.006958250497017893,0.9965978260869566,0.0019001976284584998,0.9984752964426877,0.000824110671936884,0.9309478632124301,0.9254505707663266,0.8940330474506848,0.01,10,0.012,0.02,0.6402545694372763,0.8299319727891156,0.00024,0.012,0.16666666666666663,0.5
llama31-405b,llama-8b,imdb,2000,1018,0.9815920358196056,0.9719108991313186,-0.002429182194380375,0.003963849690819643,0.006789524733268671,0.019,0.9630970434420754,0.0088138556892432,0.9809328222344039,0.0006592135852017122,0.8224403737621223,0.769243699753528,0.675078354015243,0.06385068762278978,65,0.06974459724950884,0.10903732809430255,0.7084632186920218,0.9051508610649567,0.007604764533099687,0.06974459724950884,0.08450704225352113,0.4144144144144144
llama31-405b,llama-8b,rte,111,62,0.9381171823568137,0.8127057274522712,0.014102564102564163,0.0039525691699604515,0.08928571428571429,0.21428571428571427,0.7876892692560895,0.0250164581961817,0.9058591178406846,0.032258064516129115,0.8149296523864364,0.44668522145768885,0.3699900593327289,0.22580645161290322,14,0.25806451612903225,0.4838709677419355,0.4615908612487965,0.7578124999999997,0.12486992715920915,0.25806451612903225,0.125,0.5333333333333334
llama31-405b,llama-8b,truthfulqa,654,327,0.9737021762103826,0.9356301845149585,0.059963167587476884,0.2551085448614602,0.09063444108761329,0.3780487804878049,0.8459632092322944,0.0896669752826641,0.9489380804084954,0.02476409580188721,0.7586044637774431,0.6202217943277567,0.5400458326589767,0.039755351681957186,13,0.08868501529051988,0.1345565749235474,0.2867875428858901,0.3624954307298649,0.011933151904534783,0.08868501529051988,0.5517241379310345,0.7045454545454546
llama31-405b,llama31-70b,boolq,1308,475,0.9538838693372085,0.9376559044670498,-1.0338054378222772e-05,-0.0013040046669641203,0.03211009174311927,0.03765060240963856,0.8904024767801857,0.047253427686864136,0.9177051873380933,0.036178681999115225,0.7779572733394632,0.6943412322677744,0.5612503612767925,0.14736842105263157,70,0.17894736842105263,0.2231578947368421,0.6731699691945736,0.7728359636537542,0.03993351800554017,0.17894736842105263,0.17647058823529416,0.339622641509434
llama31-405b,llama31-70b,geometry_of_truth,2012,1000,0.9992994071146246,0.9990503952569171,0.02268716373487989,0.004721374045801641,0.01485148514851485,0.0107421875,0.9982855731225297,0.0007648221343873329,0.9985622529644269,0.0007371541501977052,0.9525349973880336,0.9373236702488533,0.913099034697785,0.011,11,0.012,0.016,0.7910768948228023,0.9153116531165314,0.000192,0.012,0.08333333333333337,0.3125
llama31-405b,llama31-70b,imdb,2000,1018,0.9815920358196056,0.9821732241246164,-0.002429182194380375,0.001270650367035886,0.006789524733268671,0.008620689655172414,0.9808998115389387,0.0012734125856777023,0.9808387917685332,0.0007532440510724658,0.8776173056563865,0.8064723597608222,0.7355952891349951,0.05893909626719057,60,0.06974459724950884,0.0618860510805501,0.8900082139920366,0.9488107809121532,0.0043162177079754975,0.0618860510805501,0.04761904761904756,0.04761904761904756
llama31-405b,llama31-70b,rte,111,62,0.9381171823568137,0.9420671494404212,0.014102564102564163,-0.003906250000000111,0.08928571428571429,0.03571428571428571,0.9259381171823567,0.016129032258064502,0.9111257406188282,0.02699144173798551,0.8806092908583856,0.46267602598313995,0.40838937123427677,0.22580645161290322,14,0.25806451612903225,0.24193548387096775,0.8718186958429,0.9101449275362318,0.062434963579604576,0.24193548387096775,0.06666666666666676,0.06666666666666676
llama31-405b,llama31-70b,truthfulqa,654,327,0.9737021762103826,0.9623114403015085,0.059963167587476884,0.12582825337927372,0.09063444108761329,0.19756838905775076,0.9078173367374613,0.05449410356404716,0.9499480964004152,0.023754079809967354,0.8806067968486986,0.6583394192387604,0.5967565213132104,0.05504587155963303,18,0.08868501529051988,0.1162079510703364,0.49106990602044853,0.5708149385514857,0.010305903917552768,0.08868501529051988,0.3793103448275862,0.5263157894736842
llama31-405b,llama31-70b-base,boolq,1308,475,0.9538838693372085,0.8779857206040311,-1.0338054378222772e-05,0.11658356417359172,0.03211009174311927,0.13082706766917293,0.7315903203386617,0.14639540026536946,0.9243823845327604,0.02950148480444803,0.7992294146813747,0.6775732141402043,0.5575561765425217,0.13263157894736843,63,0.17894736842105263,0.37684210526315787,0.3509930647375586,0.584658187599364,0.0674349030470914,0.17894736842105263,0.2588235294117647,0.6480446927374302
llama31-405b,llama31-70b-base,geometry_of_truth,2012,1000,0.9992994071146246,0.9983873517786561,0.02268716373487989,0.04919332892741901,0.01485148514851485,0.060077519379844964,0.9955326086956522,0.00285474308300393,0.9984367588932805,0.0008626482213440756,0.9055773476333963,0.923374762966215,0.9063068190065016,0.009,9,0.012,0.019,0.5900899573641334,0.7451580020387361,0.000228,0.012,0.2500000000000001,0.5263157894736843
llama31-405b,llama31-70b-base,imdb,2000,1018,0.9815920358196056,0.9586415998783605,-0.002429182194380375,0.3592676684727091,0.006789524733268671,0.42120075046904315,0.7899579463746254,0.16868365350373515,0.9801615723494412,0.0014304634701644003,0.8495057945767669,0.7764509657089607,0.7170780153175735,0.0550098231827112,56,0.06974459724950884,0.12573673870333987,0.5475359728319313,0.7583478398480772,0.008769458200331169,0.06974459724950884,0.21126760563380276,0.5625
llama31-405b,llama31-70b-base,rte,111,62,0.9381171823568137,0.8225806451612903,0.014102564102564163,-0.005639097744360777,0.08928571428571429,0.3050847457627119,0.7850559578670178,0.037524687294272496,0.8907175773535221,0.047399605003291656,0.8719080764587672,0.45341842223028095,0.4030812836014832,0.20967741935483872,13,0.25806451612903225,0.4838709677419355,0.3878314968224425,0.6367187499999999,0.12486992715920915,0.25806451612903225,0.1875,0.5666666666666667
llama31-405b,llama31-70b-base,truthfulqa,654,327,0.9737021762103826,0.9157010726743914,0.059963167587476884,0.2955903598634094,0.09063444108761329,0.3657142857142857,0.8122118415023052,0.1034892311720862,0.940689616474483,0.03301255973589956,0.8173222549727935,0.6360214292130109,0.5703798497532304,0.06116207951070336,20,0.08868501529051988,0.20489296636085627,0.37466514910250837,0.6096816976127319,0.018170935854632513,0.08868501529051988,0.31034482758620696,0.7014925373134329
llama31-405b,llama31-8b-base,boolq,1308,475,0.9538838693372085,0.7668970746193213,-1.0338054378222772e-05,0.04830470980975743,0.03211009174311927,0.19850746268656716,0.6014607948442535,0.1654362797750678,0.92375055285272,0.03013331648448847,0.6906857349528814,0.6822579423928201,0.4885379455467441,0.14736842105263157,70,0.17894736842105263,0.6189473684210526,0.19666420837942614,0.5368865778355542,0.11075900277008309,0.17894736842105263,0.17647058823529416,0.7619047619047619
llama31-405b,llama31-8b-base,geometry_of_truth,2012,1000,0.9992994071146246,0.9974249011857708,0.02268716373487989,0.06514907222692867,0.01485148514851485,0.11925708699902249,0.9833339920948617,0.014090909090909043,0.9978349802371542,0.0014644268774703928,0.8925788782694237,0.9284967824026249,0.8882501332728329,0.011,11,0.012,0.022,0.6721909169172547,0.9147920927062031,0.00026399999999999997,0.012,0.08333333333333337,0.5
llama31-405b,llama31-8b-base,imdb,2000,1018,0.9815920358196056,0.9481712074712207,-0.002429182194380375,0.25079113924050633,0.006789524733268671,0.3602199816681943,0.6470576466775234,0.30111356079369733,0.9772386253146019,0.0043534105050037075,0.8161559034988416,0.7785839548192394,0.6812162447064958,0.04616895874263261,47,0.06974459724950884,0.11296660117878192,0.47488193520334854,0.6189228393617521,0.007878810101860034,0.06974459724950884,0.3380281690140845,0.5913043478260869
llama31-405b,llama31-8b-base,rte,111,62,0.9381171823568137,0.7590520078999341,0.014102564102564163,0.10225921521997616,0.08928571428571429,0.41379310344827586,0.750164581961817,0.008887425938117088,0.8917050691244239,0.04641211323238981,0.8292658948421964,0.46023131888726665,0.36742681710508873,0.1935483870967742,12,0.25806451612903225,0.532258064516129,0.257370564496006,0.46551724137931033,0.13735691987513007,0.25806451612903225,0.25,0.6363636363636364
llama31-405b,llama31-8b-base,truthfulqa,654,327,0.9737021762103826,0.8842222409262221,0.059963167587476884,0.3671417854463616,0.09063444108761329,0.6085626911314985,0.7763843297889254,0.1078379111372968,0.9307016805543866,0.04300049565599595,0.7825407850235542,0.6427406895884815,0.536284779546882,0.04281345565749235,14,0.08868501529051988,0.1651376146788991,0.2668514906286399,0.38044713906782873,0.014645231882838146,0.08868501529051988,0.5172413793103449,0.7407407407407407
llama31-405b,olmo3-7b,boolq,1308,475,0.9538838693372085,0.8341062740885827,-1.0338054378222772e-05,0.1841299624728422,0.03211009174311927,0.24770642201834864,0.51921905604347,0.31488721804511277,0.8969255070449232,0.056958362292285236,0.673444615013309,0.5117647820221047,0.424902895723417,0.1368421052631579,65,0.17894736842105263,0.5326315789473685,0.21715062151173914,0.49655537890831986,0.09531301939058172,0.17894736842105263,0.23529411764705876,0.7430830039525691
llama31-405b,olmo3-7b,geometry_of_truth,2012,1000,0.9992994071146246,0.9942687747035572,0.02268716373487989,0.022741228070175423,0.01485148514851485,0.019880715705765408,0.9902282608695653,0.004040513833991954,0.9980237154150198,0.0012756916996048417,0.924547775902734,0.8465662699859089,0.8787594511781056,0.012,12,0.012,0.052,0.4705596103921583,0.9999999999999999,0.000624,0.012,0.0,0.7692307692307692
llama31-405b,olmo3-7b,imdb,2000,1018,0.9815920358196056,0.9686388389838309,-0.002429182194380375,0.15151949541284404,0.006789524733268671,0.128,0.9608713223084279,0.007767516675402986,0.9814569920654294,0.00013504375417627834,0.7625011712514039,0.5694855288528438,0.5746972356706411,0.06286836935166994,64,0.06974459724950884,0.10707269155206287,0.7034138030424184,0.889586141712763,0.007467741748719512,0.06974459724950884,0.09859154929577463,0.4128440366972478
llama31-405b,olmo3-7b,rte,111,62,0.9381171823568137,0.8581303489137591,0.014102564102564163,0.007309941520467822,0.08928571428571429,0.25,0.8578011849901249,0.0003291639236341348,0.9111257406188282,0.02699144173798551,0.6980746213721339,0.1608676222845986,0.33647838448562495,0.20967741935483872,13,0.25806451612903225,0.3870967741935484,0.5150817050262844,0.6940789473684211,0.09989594172736732,0.25806451612903225,0.1875,0.45833333333333326
llama31-405b,olmo3-7b,truthfulqa,654,327,0.9737021762103826,0.8972495768220035,0.059963167587476884,0.37460721232979205,0.09063444108761329,0.5045871559633027,0.8279232013766145,0.069326375445389,0.9517436803860505,0.02195849582433207,0.6368705380945695,0.3355795813138016,0.4810903538566361,0.039755351681957186,13,0.08868501529051988,0.1834862385321101,0.21340683546404318,0.3242929097249129,0.016272479869820163,0.08868501529051988,0.5517241379310345,0.7833333333333333
llama31-405b,qwen3-1.7b,boolq,1308,475,0.9538838693372085,0.8171352751626967,-1.0338054378222772e-05,0.22837342250026982,0.03211009174311927,0.22324159021406728,0.412843874391862,0.4042914007708347,0.9189587413912933,0.03492512794591518,0.6771499673774551,0.6243920751199874,0.40921095524961837,0.13052631578947368,62,0.17894736842105263,0.511578947368421,0.20344496597597783,0.44599391480730205,0.09154570637119112,0.17894736842105263,0.2705882352941177,0.7448559670781894
llama31-405b,qwen3-1.7b,geometry_of_truth,2012,1000,0.9992994071146246,0.9934357707509882,0.02268716373487989,0.34411173291343944,0.01485148514851485,0.24652087475149106,0.9880454545454546,0.005390316205533652,0.998300395256917,0.0009990118577075657,0.920747609627557,0.8714391271685096,0.856963070897703,0.009,9,0.012,0.051,0.3501637077540063,0.7365648050579557,0.000612,0.012,0.2500000000000001,0.8235294117647058
llama31-405b,qwen3-1.7b,imdb,2000,1018,0.9815920358196056,0.9536549842148856,-0.002429182194380375,0.14734994199181772,0.006789524733268671,0.2057942057942058,0.8888910006842218,0.06476398353066382,0.9809318219102992,0.000660213909306484,0.6510550708664491,0.6002277334778265,0.5244671526011604,0.05304518664047151,54,0.06974459724950884,0.1237721021611002,0.5294578229005152,0.72674161561296,0.008632435415950995,0.06974459724950884,0.23943661971830987,0.5714285714285714
llama31-405b,qwen3-1.7b,rte,111,62,0.9381171823568137,0.8772218564845293,0.014102564102564163,0.25320056899004273,0.08928571428571429,0.3392857142857143,0.835088874259381,0.042132982225148274,0.9177090190915076,0.020408163265306145,0.7262059986145445,0.27012203088957687,0.3059246405387046,0.16129032258064516,10,0.25806451612903225,0.4838709677419355,0.16655340354338016,0.2734374999999999,0.12486992715920915,0.25806451612903225,0.375,0.6666666666666667
llama31-405b,qwen3-1.7b,truthfulqa,654,327,0.9737021762103826,0.8749731130002151,0.059963167587476884,0.3389193929688095,0.09063444108761329,0.43119266055045874,0.7583910819328713,0.11658203106734377,0.9372106725023146,0.036491503708067974,0.6155052506531069,0.41268424875391974,0.40954732226629975,0.03058103975535168,10,0.08868501529051988,0.1743119266055046,0.1402114817700764,0.20651340996168574,0.015458855876329154,0.08868501529051988,0.6551724137931034,0.8245614035087719
llama31-405b,qwen3-32b,boolq,1308,475,0.9538838693372085,0.9175105831806406,-1.0338054378222772e-05,0.01116746986681294,0.03211009174311927,0.05963302752293578,0.8081531559992419,0.10935742718139874,0.9162140645731977,0.03766980476401083,0.5385519257092153,0.6037299143540185,0.47183883001371185,0.14736842105263157,70,0.17894736842105263,0.24842105263157896,0.6213629261110344,0.7652001977261491,0.044454293628808865,0.17894736842105263,0.17647058823529416,0.4067796610169493
llama31-405b,qwen3-32b,geometry_of_truth,2012,1000,0.9992994071146246,0.9991205533596839,0.02268716373487989,0.1296819531985801,0.01485148514851485,0.020874751491053677,0.9981225296442688,0.0009980237154150196,0.9984268774703557,0.0008725296442688713,0.8489454376519335,0.8454560369926034,0.8915524735145609,0.009,9,0.012,0.016,0.6446896085861622,0.7459349593495935,0.000192,0.012,0.2500000000000001,0.4375
llama31-405b,qwen3-32b,imdb,2000,1018,0.9815920358196056,0.9749198740391887,-0.002429182194380375,-0.0009083050676402804,0.006789524733268671,0.016966067864271458,0.971668820697906,0.003251053341282617,0.9809328222344041,0.0006592135852014902,0.5562467800515737,0.6973457473771514,0.6335482422231679,0.05992141453831041,61,0.06974459724950884,0.07858546168958742,0.794268080817706,0.8471425568335386,0.005480911375206981,0.06974459724950884,0.14084507042253525,0.23750000000000004
llama31-405b,qwen3-32b,rte,111,62,0.9381171823568137,0.9634628044766294,0.014102564102564163,0.12364864864864855,0.08928571428571429,0.15789473684210525,0.956550362080316,0.00691244239631339,0.9157340355497038,0.022383146807109955,0.602108585812391,0.33576825089654183,0.36329364739257297,0.11290322580645161,7,0.25806451612903225,0.16129032258064516,0.4429043888457902,0.5956521739130436,0.04162330905306972,0.16129032258064516,0.30000000000000004,0.30000000000000004
llama31-405b,qwen3-32b,truthfulqa,654,327,0.9737021762103826,0.9692412722460698,0.059963167587476884,0.16423754215061814,0.09063444108761329,0.22935779816513763,0.8902355768781154,0.07900569536795443,0.9495646644034827,0.024137511806899825,0.4542243797032815,0.4561418014934774,0.5222490284697134,0.03669724770642202,12,0.08868501529051988,0.12232415902140673,0.2774980679131122,0.33209179382434223,0.010848319913213441,0.08868501529051988,0.5862068965517242,0.7
llama31-405b,qwen3-8b,boolq,1308,475,0.9538838693372085,0.8986440892146333,-1.0338054378222772e-05,0.05791505791505802,0.03211009174311927,0.11297709923664122,0.7814140392999305,0.11723004991470287,0.9183774562456561,0.035506413091552336,0.5747560659921499,0.5446060028411175,0.42468167225711295,0.13052631578947368,62,0.17894736842105263,0.3368421052631579,0.38776823685194267,0.5919701213818861,0.060277008310249305,0.17894736842105263,0.2705882352941177,0.6125
llama31-405b,qwen3-8b,geometry_of_truth,2012,1000,0.9992994071146246,0.9976422924901186,0.02268716373487989,0.3637252771136711,0.01485148514851485,0.042743538767395624,0.9954683794466404,0.0021739130434782483,0.9984545454545455,0.0008448616600791325,0.858043856866102,0.8482066299752871,0.884276019379849,0.012,12,0.012,0.024,0.7027994916802893,1.0000000000000002,0.000288,0.012,0.0,0.5
llama31-405b,qwen3-8b,imdb,2000,1018,0.9815920358196056,0.9709705944726091,-0.002429182194380375,0.005154241786803793,0.006789524733268671,0.101,0.9646365422396856,0.006334052232923493,0.9814830004921595,0.00010903532744610533,0.5282923960810874,0.6334933829495812,0.5848133052876974,0.055992141453831044,57,0.06974459724950884,0.08447937131630648,0.7072506220939692,0.7846218944568705,0.005891979728347504,0.06974459724950884,0.19718309859154914,0.33720930232558133
llama31-405b,qwen3-8b,rte,111,62,0.9381171823568137,0.9338380513495721,0.014102564102564163,0.0714285714285714,0.08928571428571429,0.25,0.9377880184331797,-0.0039499670836076195,0.9055299539170507,0.03258722843976303,0.6638150784876583,0.2047857245931779,0.3455470159660765,0.16129032258064516,10,0.25806451612903225,0.24193548387096775,0.5275336057648121,0.5507246376811594,0.062434963579604576,0.24193548387096775,0.33333333333333337,0.33333333333333337
llama31-405b,qwen3-8b,truthfulqa,654,327,0.9737021762103826,0.9380804084953567,0.059963167587476884,0.3347204266321915,0.09063444108761329,0.345565749235474,0.835376745316986,0.10270366317837065,0.9509394083924847,0.022762767817897878,0.46637853921342304,0.3545128603761799,0.4855381320007157,0.045871559633027525,15,0.08868501529051988,0.14067278287461774,0.3378707870029571,0.43821327770278556,0.012475567900195456,0.08868501529051988,0.48275862068965514,0.6739130434782609
llama31-405b,qwen3-8b-base,boolq,1308,475,0.9538838693372085,0.8936298730018324,-1.0338054378222772e-05,0.20082443197618294,0.03211009174311927,0.172782874617737,0.6655487458141152,0.22808112718771723,0.9059809186832628,0.047902950653945675,0.20020318830111744,0.5189376698061678,0.4223276139644997,0.13473684210526315,64,0.17894736842105263,0.35789473684210527,0.3847198020961893,0.6152362584378013,0.06404432132963989,0.17894736842105263,0.24705882352941178,0.6235294117647059
llama31-405b,qwen3-8b-base,geometry_of_truth,2012,1000,0.9992994071146246,0.9982579051383399,0.02268716373487989,0.33702642975354036,0.01485148514851485,0.11232604373757456,0.9971729249011858,0.0010849802371540873,0.9985256916996047,0.0007737154150199155,0.6956224165172367,0.8647789643600211,0.8876437469799245,0.012,12,0.012,0.031,0.6161595616876017,1.0000000000000004,0.000372,0.012,0.0,0.6129032258064516
llama31-405b,qwen3-8b-base,imdb,2000,1018,0.9815920358196056,0.9755150668816697,-0.002429182194380375,0.03611020442703605,0.006789524733268671,0.091,0.9674904669112793,0.0080245999703904,0.9815010063260498,9.102949355588308e-05,0.5409230442767343,0.6701844809886368,0.6171675634535184,0.06286836935166994,64,0.06974459724950884,0.09233791748526522,0.7652237395190142,0.8913785744771662,0.006440070865868203,0.06974459724950884,0.09859154929577463,0.3191489361702128
llama31-405b,qwen3-8b-base,rte,111,62,0.9381171823568137,0.9157340355497038,0.014102564102564163,-0.09999999999999998,0.08928571428571429,0.17857142857142858,0.944700460829493,-0.02896642527978921,0.9075049374588544,0.03061224489795933,0.4741679603031681,0.21829508742223191,0.3433894713146922,0.14516129032258066,9,0.25806451612903225,0.27419354838709675,0.38115042501679075,0.3972222222222222,0.07075962539021852,0.25806451612903225,0.4375,0.47058823529411753
llama31-405b,qwen3-8b-base,truthfulqa,654,327,0.9737021762103826,0.9195073366439414,0.059963167587476884,0.3811862269270455,0.09063444108761329,0.4115853658536585,0.8447193932422449,0.07478794340169648,0.9487229844102162,0.02497919180016639,0.3909730183696514,0.391615507669139,0.4984900162805409,0.039755351681957186,13,0.08868501529051988,0.1651376146788991,0.23788056186517206,0.3391436150056841,0.014645231882838146,0.08868501529051988,0.5517241379310345,0.7592592592592593
llama31-405b,qwen38-27b,boolq,1308,475,0.9538838693372085,0.9392279016869906,-1.0338054378222772e-05,0.28872057448797483,0.03211009174311927,0.1173780487804878,0.76359385859607,0.17563404309092057,0.9236722057243949,0.030211663612813577,0.7070143806955685,0.633107780551371,0.4626110907808818,0.13894736842105262,66,0.17894736842105263,0.21052631578947367,0.6480802760795443,0.7168627450980392,0.037673130193905814,0.17894736842105263,0.22352941176470598,0.33999999999999997
llama31-405b,qwen38-27b,geometry_of_truth,2012,1000,0.9992994071146246,0.9983764822134387,0.02268716373487989,0.3612122252747253,0.01485148514851485,0.09542743538767395,0.9967322134387352,0.0016442687747034723,0.9984614624505929,0.0008379446640317534,0.9454114390911919,0.8971471660081809,0.8899228045736697,0.011,11,0.012,0.025,0.6294226544653876,0.914529914529915,0.00030000000000000003,0.012,0.08333333333333337,0.56
llama31-405b,qwen38-27b,rte,111,62,0.9381171823568137,0.967083607636603,0.014102564102564163,0.40421455938697326,0.08928571428571429,0.44642857142857145,0.9591836734693877,0.007899934167215239,0.9203423304805793,0.0177748518762344,0.7891128478798871,0.38663247142571466,0.3608563943458202,0.14516129032258066,9,0.25806451612903225,0.20967741935483872,0.5111630125684565,0.5852842809364547,0.054110301768990635,0.20967741935483872,0.3076923076923077,0.3076923076923077
llama31-405b,qwen38-27b,truthfulqa,654,327,0.9737021762103826,0.9541471443668228,0.059963167587476884,0.4319339375327689,0.09063444108761329,0.4923547400611621,0.8785081689719346,0.07563897539488817,0.9490970644072234,0.024605111803159163,0.7484929902908976,0.5203204045334768,0.524750914044988,0.045871559633027525,15,0.08868501529051988,0.1345565749235474,0.34983260273374617,0.4421835018886317,0.011933151904534783,0.08868501529051988,0.48275862068965514,0.6590909090909091
llama31-70b,gemma2-9b,boolq,1308,475,0.9376559044670498,0.9097794907436658,-0.0013040046669641203,0.03949897873362973,0.03765060240963856,0.12102874432677761,0.8689808555000947,0.04079863524357108,0.8838567005749669,0.053799203892082925,0.5787214923865781,0.5853076929025993,0.5945284354181652,0.15789473684210525,75,0.2231578947368421,0.25473684210526315,0.5570002199843219,0.6075844792666025,0.05684653739612188,0.2231578947368421,0.2924528301886793,0.3801652892561984
llama31-70b,gemma2-9b,geometry_of_truth,2012,1000,0.9990503952569171,0.9984673913043478,0.004721374045801641,0.07388008475840868,0.0107421875,0.014577259475218658,0.9973498023715415,0.0011175889328063349,0.9982658102766799,0.0007845849802371463,0.9563375640634023,0.8930302592199624,0.9089004542025213,0.013,13,0.016,0.021,0.7039022737104209,0.8084780388151175,0.00033600000000000004,0.016,0.1875,0.38095238095238104
llama31-70b,gemma2-9b,imdb,2000,1018,0.9821732241246164,0.9717328414406267,0.001270650367035886,-0.00011345483589886296,0.008620689655172414,0.025565388397246803,0.9654818161084192,0.006251025332207449,0.9808137836659078,0.0013594404587086162,0.7419915818779853,0.7218237832848176,0.7424439066401942,0.054027504911591355,55,0.0618860510805501,0.08349705304518663,0.7330415115202178,0.861447115466408,0.005167302889829821,0.0618860510805501,0.12698412698412698,0.3529411764705882
llama31-70b,gemma2-9b,rte,111,62,0.9420671494404212,0.9430546412113232,-0.003906250000000111,0.006666666666666599,0.03571428571428571,0.017241379310344827,0.9344963791968399,0.008558262014483287,0.9252797893350888,0.01678736010533244,0.8320162148071699,0.2633278559375508,0.4257278325415893,0.14516129032258066,9,0.24193548387096775,0.22580645161290322,0.5055918317219449,0.5288753799392099,0.05463059313215401,0.22580645161290322,0.3571428571428571,0.3571428571428571
llama31-70b,gemma2-9b,truthfulqa,654,327,0.9623114403015085,0.9443930084448559,0.12582825337927372,0.14681540808543103,0.19756838905775076,0.25914634146341464,0.8520326571837387,0.09236035126111719,0.9102208007182336,0.05209063958327487,0.7546778180578166,0.4577829126254276,0.5820411136161143,0.07951070336391437,26,0.1162079510703364,0.1712538226299694,0.49373359691849183,0.6189551369197904,0.019901055840791552,0.1162079510703364,0.3157894736842105,0.5357142857142857
llama31-70b,gemma4-12b,boolq,1308,475,0.9376559044670498,0.5638819738421684,-0.0013040046669641203,0.06143355209187862,0.03765060240963856,0.3516819571865443,0.5058671889808555,0.05801478486131295,0.545452707398749,0.39220319706830087,0.2135770715510191,-0.0010114977187001273,0.12685038103183155,0.21473684210526317,102,0.2231578947368421,0.9642105263157895,-0.005615685275642423,-0.01562250916626816,0.21517119113573407,0.2231578947368421,0.037735849056603765,0.777292576419214
llama31-70b,gemma4-12b,geometry_of_truth,2012,1000,0.9990503952569171,0.7480750988142292,0.004721374045801641,0.2826014006995602,0.0107421875,0.4846077457795432,0.5853162055335969,0.1627588932806323,0.9789061264822134,0.020144268774703655,0.5271901662562608,0.624514662705616,0.7216149451627049,0.01,10,0.016,0.338,0.07736722038290478,0.43353474320241675,0.0054080000000000005,0.016,0.375,0.9704142011834319
llama31-70b,gemma4-12b,imdb,2000,1018,0.9821732241246164,0.5940754804556677,0.001270650367035886,0.10790438247011958,0.008620689655172414,0.49201596806387227,0.4852072071351118,0.10886827332055593,0.8936255346732342,0.08854768945138214,0.10398276089953123,-0.21666267833648,0.04829195616804427,0.036345776031434185,37,0.0618860510805501,0.44106090373280943,0.07564936234023503,0.2616397467012581,0.027295517618042234,0.0618860510805501,0.4126984126984127,0.9175946547884187
llama31-70b,gemma4-12b,rte,111,62,0.9420671494404212,0.4427254772876893,-0.003906250000000111,-0.04487179487179482,0.03571428571428571,0.5535714285714286,0.3505595786701778,0.09216589861751151,0.9186965108624094,0.023370638578011804,0.3265795145414327,-0.07215741004418086,-0.17328269696761178,0.22580645161290322,14,0.24193548387096775,0.8225806451612904,0.16378013908240324,0.6242424242424242,0.1990114464099896,0.24193548387096775,0.06666666666666676,0.7254901960784315
llama31-70b,gemma4-12b,truthfulqa,654,327,0.9623114403015085,0.6490942588072459,0.12582825337927372,0.1617931547619047,0.19756838905775076,0.46646341463414637,0.5243105238055158,0.12478373500173012,0.8139887214880901,0.1483227188134184,0.12901763157800655,-0.10952264690503899,-0.12821103395822386,0.06422018348623854,21,0.1162079510703364,0.40672782874617736,0.10770364441562683,0.24593054801953343,0.04726500762187994,0.1162079510703364,0.4473684210526315,0.8421052631578947
llama31-70b,gemma4-12b-base,boolq,1308,475,0.9376559044670498,0.8315284008340178,-0.0013040046669641203,0.04747755834829448,0.03765060240963856,0.1491628614916286,0.6356984899222847,0.19582991091173307,0.8979768749605106,0.03967902950653923,0.5286424197011572,0.5312212373695392,0.5868758139829873,0.2063157894736842,98,0.2231578947368421,0.6421052631578947,0.3157614446304528,0.7891231964483905,0.14329085872576178,0.2231578947368421,0.07547169811320764,0.6786885245901639
llama31-70b,gemma4-12b-base,geometry_of_truth,2012,1000,0.9990503952569171,0.9973596837944664,0.004721374045801641,0.13830955334987594,0.0107421875,0.09343936381709742,0.9900612648221344,0.007298418972331966,0.998292490118577,0.0007579051383400648,0.9385500293272503,0.8710815220157476,0.9034265405614635,0.011,11,0.016,0.026,0.5300613498594352,0.6791581108829566,0.000416,0.016,0.3125,0.5769230769230769
llama31-70b,gemma4-12b-base,imdb,2000,1018,0.9821732241246164,0.9185276029433537,0.001270650367035886,0.36237361462181594,0.008620689655172414,0.4132804757185332,0.6465454807357583,0.2719821222075953,0.9718488790368079,0.01032434508780844,0.7588295404484318,0.6928524157281648,0.745322249286233,0.04420432220039293,45,0.0618860510805501,0.17779960707269155,0.36039008191651,0.6525004266939752,0.011003315565402325,0.0618860510805501,0.2857142857142857,0.7513812154696132
llama31-70b,gemma4-12b-base,rte,111,62,0.9420671494404212,0.7890059249506254,-0.003906250000000111,0.14822134387351782,0.03571428571428571,0.375,0.685319289005925,0.1036866359447004,0.911784068466096,0.030283080974325194,0.8726721788746093,0.24661792847092634,0.42146817531836245,0.22580645161290322,14,0.24193548387096775,0.5645161290322581,0.4202267140490003,0.8469135802469137,0.13657648283038504,0.24193548387096775,0.06666666666666676,0.6000000000000001
llama31-70b,gemma4-12b-base,truthfulqa,654,327,0.9623114403015085,0.8785549289715606,0.12582825337927372,0.2616019634091923,0.19756838905775076,0.43902439024390244,0.7557257619541939,0.12282916701736668,0.9053016487575868,0.05700979154392172,0.7395785743921675,0.44131059496706815,0.5740078387017131,0.039755351681957186,13,0.1162079510703364,0.12538226299694188,0.237312540608972,0.24779168200220825,0.014570415883436673,0.1162079510703364,0.6578947368421053,0.6829268292682926
llama31-70b,gemma4-31b,boolq,1308,475,0.9376559044670498,0.8310406267770266,-0.0013040046669641203,0.16187880058712512,0.03765060240963856,0.21712538226299694,0.6265697858090604,0.2044708409679662,0.7686813672837557,0.16897453718329414,0.2570796937539836,0.27164914466233536,0.3743716260134725,0.1431578947368421,68,0.2231578947368421,0.4168421052631579,0.24423100753563984,0.38525985968258303,0.09302160664819945,0.2231578947368421,0.3584905660377359,0.6565656565656566
llama31-70b,gemma4-31b,geometry_of_truth,2012,1000,0.9990503952569171,0.9628982213438735,0.004721374045801641,0.45529668495876263,0.0107421875,0.4393638170974155,0.7670543478260868,0.19584387351778665,0.9823162055335968,0.016734189723320303,0.8654304092464686,0.8388583846229187,0.8449746728789334,0.008,8,0.016,0.113,0.15587353167914936,0.4363021420518602,0.0018080000000000001,0.016,0.5,0.9292035398230089
llama31-70b,gemma4-31b,rte,111,62,0.9420671494404212,0.6277156023699803,-0.003906250000000111,-0.000645161290322549,0.03571428571428571,0.4107142857142857,0.544107965766952,0.08360763660302828,0.923633969716919,0.018433179723502224,0.34809078450649394,-0.004372782785003082,0.06196508744063434,0.16129032258064516,10,0.24193548387096775,0.6129032258064516,0.06235596816830202,0.13888888888888887,0.14828303850156088,0.24193548387096775,0.33333333333333337,0.736842105263158
llama31-70b,gemma4-31b,truthfulqa,654,327,0.9623114403015085,0.7854838257161294,0.12582825337927372,0.44235373335328443,0.19756838905775076,0.5443425076452599,0.6787120425703036,0.1067717831458258,0.8622450411020397,0.1000663991994688,0.3455192932232481,0.19317426831981,0.28904018308045587,0.05198776758409786,17,0.1162079510703364,0.25382262996941896,0.16126510425017818,0.25938308886971534,0.02949620776403034,0.1162079510703364,0.5526315789473684,0.7951807228915663
llama31-70b,gptj-6b,boolq,1308,475,0.9376559044670498,0.6656902761104442,-0.0013040046669641203,0.20653974953779597,0.03765060240963856,0.6237482117310443,0.4815366146458584,0.18415366146458578,0.6056637391798825,0.33199216528716735,0.5584294095485275,0.6145012374385725,0.5863887133547929,0.21263157894736842,101,0.2231578947368421,0.8757894736842106,0.12519327275859934,0.6202430444515508,0.1954393351800554,0.2231578947368421,0.047169811320754707,0.7572115384615384
llama31-70b,gptj-6b,geometry_of_truth,2012,1000,0.9990503952569171,0.9835780632411067,0.004721374045801641,0.5482477023411999,0.0107421875,0.5464190981432361,0.8339298418972333,0.14964822134387346,0.9969199604743083,0.00213043478260877,0.9296656182289815,0.8934174985900581,0.897178544952346,0.011,11,0.016,0.074,0.2988516486199649,0.6625269978401725,0.001184,0.016,0.3125,0.8513513513513513
llama31-70b,gptj-6b,imdb,2000,1018,0.9821732241246164,0.9469618156282635,0.001270650367035886,0.48659038116650455,0.008620689655172414,0.5482625482625483,0.676650234676035,0.2703115809522285,0.9732703395900271,0.008902884534589317,0.6761084498485567,0.6686964112033063,0.6851855040606674,0.04616895874263261,47,0.0618860510805501,0.13163064833005894,0.4667559020002658,0.7075342957695896,0.008146101026319954,0.0618860510805501,0.25396825396825395,0.6492537313432836
llama31-70b,gptj-6b,rte,111,62,0.9420671494404212,0.6645819618169848,-0.003906250000000111,0.27960526315789475,0.03571428571428571,0.3709677419354839,0.5032916392363397,0.16129032258064513,0.8815009874917709,0.06056616194865039,0.7109068583504777,0.2766669791171862,0.4183487108319085,0.22580645161290322,14,0.24193548387096775,0.9032258064516129,0.05752992848417943,0.31111111111111117,0.21852237252861603,0.24193548387096775,0.06666666666666676,0.75
llama31-70b,gptj-6b,truthfulqa,654,327,0.9623114403015085,0.8530333211757335,0.12582825337927372,0.32313192572626537,0.19756838905775076,0.5137614678899083,0.7062349783501203,0.14679834282561322,0.8955101048359192,0.0668013354655893,0.6255899468342546,0.46795267739353763,0.5558436400229754,0.039755351681957186,13,0.1162079510703364,0.14678899082568808,0.20012730007142046,0.22891907187323152,0.017058047863535618,0.1162079510703364,0.6578947368421053,0.7291666666666667
llama31-70b,llama-8b,boolq,1308,475,0.9376559044670498,0.8544310355721236,-0.0013040046669641203,0.04359931113662474,0.03765060240963856,0.13302752293577982,0.7793416313893978,0.0750894041827258,0.8900865609401655,0.047569343526884356,0.9034552075716391,0.7068740608284277,0.6435886352885952,0.17894736842105263,85,0.2231578947368421,0.4105263157894737,0.4263968641878188,0.6639150943396226,0.09161218836565097,0.2231578947368421,0.19811320754716988,0.5641025641025641
llama31-70b,llama-8b,geometry_of_truth,2012,1000,0.9990503952569171,0.9984980237154151,0.004721374045801641,0.004826841706890184,0.0107421875,0.006958250497017893,0.9970049407114625,0.0014930830039525667,0.9979752964426877,0.0010750988142294027,0.9857074568061928,0.9221431342738736,0.9200796953553501,0.013,13,0.016,0.02,0.7218279215752792,0.8086734693877549,0.00032,0.016,0.1875,0.3500000000000001
llama31-70b,llama-8b,imdb,2000,1018,0.9821732241246164,0.9719108991313186,0.001270650367035886,0.003963849690819643,0.008620689655172414,0.019,0.9610563822678547,0.010854516863463837,0.9814289829904889,0.0007442411341275212,0.9391104681661998,0.805131964223432,0.7805936497072042,0.055992141453831044,57,0.0618860510805501,0.10903732809430255,0.6557133199204317,0.8931065259620934,0.006747889656130708,0.0618860510805501,0.09523809523809523,0.4864864864864865
llama31-70b,llama-8b,rte,111,62,0.9420671494404212,0.8127057274522712,-0.003906250000000111,0.0039525691699604515,0.03571428571428571,0.21428571428571427,0.7774851876234364,0.035220539828834774,0.9226464779460171,0.019420671494404185,0.9541072215908348,0.4716086088066026,0.4541451409004932,0.22580645161290322,14,0.24193548387096775,0.4838709677419355,0.5080963870509994,0.8708333333333332,0.1170655567117586,0.24193548387096775,0.06666666666666676,0.5333333333333334
llama31-70b,llama-8b,truthfulqa,654,327,0.9623114403015085,0.9356301845149585,0.12582825337927372,0.2551085448614602,0.19756838905775076,0.3780487804878049,0.8449344892405241,0.09069569527443444,0.913652984690776,0.048658455610732454,0.9061320947535085,0.6353772986987869,0.6199997252706773,0.07033639143730887,23,0.1162079510703364,0.1345565749235474,0.5001742685138667,0.5438906453412685,0.01563654387490765,0.1162079510703364,0.39473684210526316,0.4772727272727272
llama31-70b,llama31-405b,boolq,1308,475,0.9376559044670498,0.9538838693372085,-0.0013040046669641203,-1.0338054378222772e-05,0.03765060240963856,0.03211009174311927,0.9177051873380933,0.036178681999115225,0.8904024767801857,0.047253427686864136,0.777957273339465,0.5612503612767925,0.6943412322677744,0.14736842105263157,70,0.2231578947368421,0.17894736842105263,0.6731699691945736,0.7728359636537541,0.03993351800554017,0.17894736842105263,0.17647058823529416,0.17647058823529416
llama31-70b,llama31-405b,geometry_of_truth,2012,1000,0.9990503952569171,0.9992994071146246,0.004721374045801641,0.02268716373487989,0.0107421875,0.01485148514851485,0.9985622529644269,0.0007371541501977052,0.9982855731225297,0.0007648221343873329,0.9525349973880324,0.913099034697785,0.9373236702488533,0.011,11,0.016,0.012,0.7910768948228023,0.9153116531165315,0.000192,0.012,0.08333333333333337,0.08333333333333337
llama31-70b,llama31-405b,imdb,2000,1018,0.9821732241246164,0.9815920358196056,0.001270650367035886,-0.002429182194380375,0.008620689655172414,0.006789524733268671,0.9808387917685332,0.0007532440510724658,0.9808998115389387,0.0012734125856777023,0.8776173056563821,0.7355952891349951,0.8064723597608222,0.05893909626719057,60,0.0618860510805501,0.06974459724950884,0.8900082139920367,0.9488107809121534,0.0043162177079754975,0.0618860510805501,0.04761904761904756,0.15492957746478864
llama31-70b,llama31-405b,rte,111,62,0.9420671494404212,0.9381171823568137,-0.003906250000000111,0.014102564102564163,0.03571428571428571,0.08928571428571429,0.9111257406188282,0.02699144173798551,0.9259381171823567,0.016129032258064502,0.8806092908583858,0.40838937123427677,0.46267602598313995,0.22580645161290322,14,0.24193548387096775,0.25806451612903225,0.8718186958429,0.9101449275362318,0.062434963579604576,0.24193548387096775,0.06666666666666676,0.125
llama31-70b,llama31-405b,truthfulqa,654,327,0.9623114403015085,0.9737021762103826,0.12582825337927372,0.059963167587476884,0.19756838905775076,0.09063444108761329,0.9499480964004152,0.023754079809967354,0.9078173367374613,0.05449410356404716,0.8806067968486968,0.5967565213132104,0.6583394192387604,0.05504587155963303,18,0.1162079510703364,0.08868501529051988,0.49106990602044853,0.5708149385514857,0.010305903917552768,0.08868501529051988,0.3793103448275862,0.3793103448275862
llama31-70b,llama31-70b-base,boolq,1308,475,0.9376559044670498,0.8779857206040311,-0.0013040046669641203,0.11658356417359172,0.03765060240963856,0.13082706766917293,0.80203449800973,0.0759512225943011,0.9162241738800784,0.021431730586971454,0.8613146396188653,0.7645443993507706,0.7755440026597584,0.16,76,0.2231578947368421,0.37684210526315787,0.37619884075752713,0.5458312085670576,0.08409529085872576,0.2231578947368421,0.28301886792452835,0.5754189944134078
llama31-70b,llama31-70b-base,geometry_of_truth,2012,1000,0.9990503952569171,0.9983873517786561,0.004721374045801641,0.04919332892741901,0.0107421875,0.060077519379844964,0.9968250988142293,0.0015622529644268024,0.9984525691699604,0.0005978260869566876,0.9792060756338038,0.9427678442418738,0.9481946684922248,0.013,13,0.016,0.019,0.7411362727073565,0.8088685015290522,0.000304,0.016,0.1875,0.3157894736842105
llama31-70b,llama31-70b-base,imdb,2000,1018,0.9821732241246164,0.9586415998783605,0.001270650367035886,0.3592676684727091,0.008620689655172414,0.42120075046904315,0.8472405059239194,0.11140109395444109,0.9788871594396584,0.0032860646849579567,0.9367619328555453,0.8617945228780572,0.8716566072023111,0.04911591355599214,50,0.0618860510805501,0.12573673870333987,0.5174125533069139,0.7639736044230426,0.007781350234096672,0.0618860510805501,0.2063492063492064,0.609375
llama31-70b,llama31-70b-base,rte,111,62,0.9420671494404212,0.8225806451612903,-0.003906250000000111,-0.005639097744360777,0.03571428571428571,0.3050847457627119,0.7639894667544438,0.05859117840684647,0.923304805793285,0.018762343647136248,0.970400079498918,0.4906917300055116,0.4926821006787987,0.22580645161290322,14,0.24193548387096775,0.4838709677419355,0.5080963870509995,0.8708333333333335,0.1170655567117586,0.24193548387096775,0.06666666666666676,0.5333333333333334
llama31-70b,llama31-70b-base,truthfulqa,654,327,0.9623114403015085,0.9157010726743914,0.12582825337927372,0.2955903598634094,0.19756838905775076,0.3657142857142857,0.8282972813736218,0.08740379130076958,0.9227711846178305,0.03954025568367803,0.9397443322667351,0.7055227818021176,0.703797414543087,0.07951070336391437,26,0.1162079510703364,0.20489296636085627,0.43061573386592666,0.6028340080971661,0.023810191809518468,0.1162079510703364,0.3157894736842105,0.6119402985074627
llama31-70b,llama31-8b-base,boolq,1308,475,0.9376559044670498,0.7668970746193213,-0.0013040046669641203,0.04830470980975743,0.03765060240963856,0.19850746268656716,0.6308814051936564,0.1360156694256649,0.8840538320591396,0.05360207240791026,0.8816079649419303,0.7069134621101674,0.6474147696598667,0.18105263157894738,86,0.2231578947368421,0.6189473684210526,0.21230752932277033,0.5048472844782653,0.13812299168975067,0.2231578947368421,0.18867924528301883,0.7074829931972788
llama31-70b,llama31-8b-base,geometry_of_truth,2012,1000,0.9990503952569171,0.9974249011857708,0.004721374045801641,0.06514907222692867,0.0107421875,0.11925708699902249,0.9876452569169961,0.009779644268774645,0.9975464426877471,0.0015039525691700195,0.969293711766315,0.9256689826359507,0.9151259072899731,0.011,11,0.016,0.022,0.5785351282117258,0.6804703476482618,0.000352,0.016,0.3125,0.5
llama31-70b,llama31-8b-base,imdb,2000,1018,0.9821732241246164,0.9481712074712207,0.001270650367035886,0.25079113924050633,0.008620689655172414,0.3602199816681943,0.7618088260596433,0.18636238141157746,0.9805176877308248,0.001655536393791568,0.9230934131810397,0.8088848494299743,0.77930607505741,0.04616895874263261,47,0.0618860510805501,0.11296660117878192,0.513655537599062,0.7136880592030094,0.006991056850946229,0.0618860510805501,0.25396825396825395,0.5913043478260869
llama31-70b,llama31-8b-base,rte,111,62,0.9420671494404212,0.7590520078999341,-0.003906250000000111,0.10225921521997616,0.03571428571428571,0.41379310344827586,0.6836734693877551,0.07537853851217902,0.9183673469387754,0.023699802501645828,0.9361643723484722,0.4838968099146195,0.45000728863829764,0.1935483870967742,12,0.24193548387096775,0.532258064516129,0.3031438903147751,0.5724137931034482,0.12877211238293443,0.24193548387096775,0.20000000000000007,0.6363636363636364
llama31-70b,llama31-8b-base,truthfulqa,654,327,0.9623114403015085,0.8842222409262221,0.12582825337927372,0.3671417854463616,0.19756838905775076,0.6085626911314985,0.7628052258975581,0.12141701502866409,0.8885989768912083,0.07371246341030024,0.9120181118042976,0.654790405166914,0.6119648210572568,0.0581039755351682,19,0.1162079510703364,0.1651376146788991,0.32702337226875705,0.4010989010989013,0.01919030384647757,0.1162079510703364,0.5,0.6481481481481481
llama31-70b,olmo3-7b,boolq,1308,475,0.9376559044670498,0.8341062740885827,-0.0013040046669641203,0.1841299624728422,0.03765060240963856,0.24770642201834864,0.5508409679661338,0.28326530612244893,0.7705212611360335,0.16713464333101635,0.8280779198093325,0.4770402941785893,0.5600236104401377,0.15578947368421053,74,0.2231578947368421,0.5326315789473685,0.17776505753867897,0.35407105218425977,0.11886094182825487,0.2231578947368421,0.3018867924528301,0.7075098814229249
llama31-70b,olmo3-7b,geometry_of_truth,2012,1000,0.9990503952569171,0.9942687747035572,0.004721374045801641,0.022741228070175423,0.0107421875,0.019880715705765408,0.989755928853755,0.004512845849802272,0.9981373517786563,0.0009130434782608221,0.958852483256371,0.8332333905548809,0.8997670449618516,0.014,14,0.016,0.052,0.47266825644150373,0.8681434599156118,0.000832,0.016,0.125,0.7307692307692307
llama31-70b,olmo3-7b,imdb,2000,1018,0.9821732241246164,0.9686388389838309,0.001270650367035886,0.15151949541284404,0.008620689655172414,0.128,0.9582534741256167,0.010385364858214174,0.9780658933494453,0.004107330775171114,0.8433996689045905,0.6025774086662772,0.6752676447583871,0.054027504911591355,55,0.0618860510805501,0.10707269155206287,0.6362352553014161,0.8577889534985247,0.006626306058722948,0.0618860510805501,0.12698412698412698,0.4954128440366973
llama31-70b,olmo3-7b,rte,111,62,0.9420671494404212,0.8581303489137591,-0.003906250000000111,0.007309941520467822,0.03571428571428571,0.25,0.8426596445029625,0.015470704410796565,0.9265964450296248,0.015470704410796454,0.7938355708897423,0.15010333365304962,0.3874544691868297,0.1935483870967742,12,0.24193548387096775,0.3870967741935484,0.4788938355325596,0.6736842105263157,0.09365244536940687,0.24193548387096775,0.20000000000000007,0.5
llama31-70b,olmo3-7b,truthfulqa,654,327,0.9623114403015085,0.8972495768220035,0.12582825337927372,0.37460721232979205,0.19756838905775076,0.5045871559633027,0.8277081053783351,0.0695414714436684,0.9058440647532475,0.05646737554826098,0.7371823180815047,0.3141694505408985,0.5355274116160149,0.045871559633027525,15,0.1162079510703364,0.1834862385321101,0.19790525771253803,0.2587226493199291,0.021322559829419524,0.1162079510703364,0.6052631578947368,0.75
llama31-70b,qwen3-1.7b,boolq,1308,475,0.9376559044670498,0.8171352751626967,-0.0013040046669641203,0.22837342250026982,0.03765060240963856,0.22324159021406728,0.5785253048587856,0.23860997030391107,0.8648410943324699,0.07281481013457991,0.7628857502570002,0.5972193046094849,0.5252335966281471,0.1705263157894737,81,0.2231578947368421,0.511578947368421,0.2708141960831541,0.517119388418998,0.1141628808864266,0.2231578947368421,0.23584905660377353,0.6666666666666666
llama31-70b,qwen3-1.7b,geometry_of_truth,2012,1000,0.9990503952569171,0.9934357707509882,0.004721374045801641,0.34411173291343944,0.0107421875,0.24652087475149106,0.987893280632411,0.005542490118577215,0.998403162055336,0.00064723320158111,0.9228146079924118,0.8597645160086711,0.8833772771159649,0.012,12,0.016,0.051,0.40515520590135057,0.7365648050579557,0.000816,0.016,0.25,0.7647058823529411
llama31-70b,qwen3-1.7b,imdb,2000,1018,0.9821732241246164,0.9536549842148856,0.001270650367035886,0.14734994199181772,0.008620689655172414,0.2057942057942058,0.9207913363929913,0.032863647821894326,0.9800995522549307,0.002073671869685656,0.7037223760758469,0.6340677408028683,0.6155184110438807,0.04911591355599214,50,0.0618860510805501,0.1237721021611002,0.5224501166808946,0.764502811588013,0.007659766636688912,0.0618860510805501,0.2063492063492064,0.6031746031746033
llama31-70b,qwen3-1.7b,rte,111,62,0.9420671494404212,0.8772218564845293,-0.003906250000000111,0.25320056899004273,0.03571428571428571,0.3392857142857143,0.803159973666886,0.07406188281764337,0.9285714285714286,0.013495720868992644,0.7986179705712658,0.27204759398237544,0.3691666196139314,0.16129032258064516,10,0.24193548387096775,0.4838709677419355,0.20664207128868395,0.35416666666666663,0.1170655567117586,0.24193548387096775,0.33333333333333337,0.6666666666666667
llama31-70b,qwen3-1.7b,truthfulqa,654,327,0.9623114403015085,0.8749731130002151,0.12582825337927372,0.3389193929688095,0.19756838905775076,0.43119266055045874,0.7414172020686625,0.1335559109315526,0.9070504727435962,0.05526096755791232,0.6532123591859194,0.40195257623957925,0.4675012311985508,0.05198776758409786,17,0.1162079510703364,0.1743119266055046,0.260989977559573,0.33070175438596494,0.020256431837948546,0.1162079510703364,0.5526315789473684,0.7017543859649122
llama31-70b,qwen3-32b,boolq,1308,475,0.9376559044670498,0.9175105831806406,-0.0013040046669641203,0.01116746986681294,0.03765060240963856,0.05963302752293578,0.8889619005496935,0.02854868263094712,0.8964453149680924,0.041210589498957395,0.6362460411285337,0.5867090793575236,0.6050732414850333,0.16631578947368422,79,0.2231578947368421,0.24842105263157896,0.6163026017591353,0.6610908514349134,0.055437119113573415,0.2231578947368421,0.2547169811320754,0.3305084745762712
llama31-70b,qwen3-32b,geometry_of_truth,2012,1000,0.9990503952569171,0.9991205533596839,0.004721374045801641,0.1296819531985801,0.0107421875,0.020874751491053677,0.9979644268774703,0.0011561264822135264,0.9982895256916997,0.0007608695652173703,0.887329626423263,0.8275404082444823,0.910278645193303,0.011,11,0.016,0.016,0.6824186991869918,0.6824186991869918,0.000256,0.016,0.3125,0.3125
llama31-70b,qwen3-32b,imdb,2000,1018,0.9821732241246164,0.9749198740391887,0.001270650367035886,-0.0009083050676402804,0.008620689655172414,0.016966067864271458,0.971459752959959,0.003460121079229661,0.9796764151585112,0.0024968089661051573,0.6072155081877669,0.7263628172743504,0.732329958131144,0.0550098231827112,56,0.0618860510805501,0.07858546168958742,0.7734239742666212,0.8794124615020139,0.00486334389631042,0.0618860510805501,0.11111111111111105,0.29999999999999993
llama31-70b,qwen3-32b,rte,111,62,0.9420671494404212,0.9634628044766294,-0.003906250000000111,0.12364864864864855,0.03571428571428571,0.15789473684210525,0.95687952600395,0.006583278472679366,0.9298880842659645,0.012179065174456771,0.6818869530187845,0.3401524108206103,0.42762724001237384,0.12903225806451613,8,0.24193548387096775,0.16129032258064516,0.571452146657319,0.7361702127659574,0.03902185223725286,0.16129032258064516,0.19999999999999996,0.19999999999999996
llama31-70b,qwen3-32b,truthfulqa,654,327,0.9623114403015085,0.9692412722460698,0.12582825337927372,0.16423754215061814,0.19756838905775076,0.22935779816513763,0.8953698248370414,0.0738714474090284,0.9124465767004273,0.04986486360108122,0.5632642448931745,0.4411075186699943,0.5781499368703067,0.04892966360856269,16,0.1162079510703364,0.12232415902140673,0.33059501744762254,0.340363102879149,0.01421503988627968,0.1162079510703364,0.5789473684210527,0.6
llama31-70b,qwen3-8b,boolq,1308,475,0.9376559044670498,0.8986440892146333,-0.0013040046669641203,0.05791505791505802,0.03765060240963856,0.11297709923664122,0.7949352372527958,0.10370885196183754,0.8739900170594553,0.06366588740759449,0.5883048756064981,0.5081501300272686,0.5512247596618439,0.15578947368421053,74,0.2231578947368421,0.3368421052631579,0.40968618098464504,0.544773884396526,0.07516897506925208,0.2231578947368421,0.3018867924528301,0.5375
llama31-70b,qwen3-8b,geometry_of_truth,2012,1000,0.9990503952569171,0.9976422924901186,0.004721374045801641,0.3637252771136711,0.0107421875,0.042743538767395624,0.9959061264822134,0.00173616600790516,0.9979851778656127,0.001065217391304385,0.885422514341029,0.8335164041528884,0.9064527693798736,0.014,14,0.016,0.024,0.709024875869155,0.8719262295081969,0.000384,0.016,0.125,0.41666666666666663
llama31-70b,qwen3-8b,imdb,2000,1018,0.9821732241246164,0.9709705944726091,0.001270650367035886,0.005154241786803793,0.008620689655172414,0.101,0.9651967237384914,0.005773870734117725,0.9798794809518284,0.0022937431727879654,0.5836773119886172,0.6664696442817137,0.6923428073582116,0.05108055009823183,52,0.0618860510805501,0.08447937131630648,0.6842723806538001,0.8092853736630561,0.005228094688533701,0.0618860510805501,0.17460317460317465,0.39534883720930225
llama31-70b,qwen3-8b,rte,111,62,0.9420671494404212,0.9338380513495721,-0.003906250000000111,0.0714285714285714,0.03571428571428571,0.25,0.9242922975641871,0.009545753785385025,0.9279131007241607,0.014154048716260581,0.7065691725091608,0.19466819917757772,0.3997543879903348,0.16129032258064516,10,0.24193548387096775,0.24193548387096775,0.5602836879432626,0.5602836879432626,0.0585327783558793,0.24193548387096775,0.33333333333333337,0.33333333333333337
llama31-70b,qwen3-8b,truthfulqa,654,327,0.9623114403015085,0.9380804084953567,0.12582825337927372,0.3347204266321915,0.19756838905775076,0.345565749235474,0.8269505933843952,0.11112981511096143,0.9125494486996043,0.0497619916019042,0.4631903588161011,0.341202654072306,0.5452759139216155,0.05198776758409786,17,0.1162079510703364,0.14067278287461774,0.3198645813755765,0.3569020415808204,0.016347295869221633,0.1162079510703364,0.5526315789473684,0.6304347826086957
llama31-70b,qwen3-8b-base,boolq,1308,475,0.9376559044670498,0.8936298730018324,-0.0013040046669641203,0.20082443197618294,0.03765060240963856,0.172782874617737,0.6701990269792127,0.22343084602261964,0.8821633916724585,0.05549251279459133,0.14565843137323498,0.47208184961040234,0.5509893410036732,0.16210526315789472,77,0.2231578947368421,0.35789473684210527,0.4120220538057701,0.5739251469223631,0.07986703601108033,0.2231578947368421,0.2735849056603774,0.5470588235294118
llama31-70b,qwen3-8b-base,geometry_of_truth,2012,1000,0.9990503952569171,0.9982579051383399,0.004721374045801641,0.33702642975354036,0.0107421875,0.11232604373757456,0.9971215415019763,0.001136363636363602,0.9981660079051383,0.0008843873517787593,0.7943247055224475,0.8510372234438667,0.909969594756642,0.015,15,0.016,0.031,0.6669411516302429,0.935500515995872,0.000496,0.016,0.0625,0.5161290322580645
llama31-70b,qwen3-8b-base,imdb,2000,1018,0.9821732241246164,0.9755150668816697,0.001270650367035886,0.03611020442703605,0.008620689655172414,0.091,0.968862911583353,0.006652155298316642,0.9799084903508737,0.0022647337737427,0.5538311097438385,0.6997989682090777,0.7192415003896453,0.055992141453831044,57,0.0618860510805501,0.09233791748526522,0.7207741327702104,0.8950731807874664,0.005714429078164744,0.0618860510805501,0.09523809523809523,0.3936170212765957
llama31-70b,qwen3-8b-base,rte,111,62,0.9420671494404212,0.9157340355497038,-0.003906250000000111,-0.09999999999999998,0.03571428571428571,0.17857142857142858,0.9410796576695194,-0.025345622119815614,0.9259381171823567,0.016129032258064502,0.5109036952060553,0.21012050479914224,0.3973444846801427,0.16129032258064516,10,0.24193548387096775,0.27419354838709675,0.4970128168751141,0.5407407407407407,0.06633714880332986,0.24193548387096775,0.33333333333333337,0.4117647058823529
llama31-70b,qwen3-8b-base,truthfulqa,654,327,0.9623114403015085,0.9195073366439414,0.12582825337927372,0.3811862269270455,0.19756838905775076,0.4115853658536585,0.8449157852406737,0.07459155140326768,0.9152334726781322,0.04707796762337635,0.3819720764397143,0.37570979626804224,0.5563254291188691,0.039755351681957186,13,0.1162079510703364,0.1651376146788991,0.17282489680821833,0.21197223828802778,0.01919030384647757,0.1162079510703364,0.6578947368421053,0.7592592592592593
llama31-70b,qwen38-27b,boolq,1308,475,0.9376559044670498,0.9392279016869906,-0.0013040046669641203,0.28872057448797483,0.03765060240963856,0.1173780487804878,0.8706564731155619,0.06857142857142862,0.8984014658494976,0.03925443861755218,0.8896384840947372,0.6216001381874937,0.6040038673641746,0.14736842105263157,70,0.2231578947368421,0.21052631578947367,0.5914069947771935,0.6138211382113822,0.04698060941828255,0.21052631578947367,0.30000000000000004,0.30000000000000004
llama31-70b,qwen38-27b,geometry_of_truth,2012,1000,0.9990503952569171,0.9983764822134387,0.004721374045801641,0.3612122252747253,0.0107421875,0.09542743538767395,0.9966116600790514,0.0017648221343872228,0.9983517786561265,0.0006986166007906247,0.9691973590708278,0.8894287568668641,0.9151654382551628,0.014,14,0.016,0.025,0.6942390774092476,0.8717948717948721,0.0004,0.016,0.125,0.44000000000000006
llama31-70b,qwen38-27b,rte,111,62,0.9420671494404212,0.967083607636603,-0.003906250000000111,0.40421455938697326,0.03571428571428571,0.44642857142857145,0.956221198156682,0.010862409479920898,0.9305464121132323,0.011520737327188946,0.9236515280891101,0.3988128218972855,0.4317908603577376,0.14516129032258066,9,0.24193548387096775,0.20967741935483872,0.5416794382117116,0.5941080196399345,0.050728407908428724,0.20967741935483872,0.3076923076923077,0.3076923076923077
llama31-70b,qwen38-27b,truthfulqa,654,327,0.9623114403015085,0.9541471443668228,0.12582825337927372,0.4319339375327689,0.19756838905775076,0.4923547400611621,0.8711949050304407,0.08295223933638207,0.9057973047536215,0.05651413554788698,0.8638807894855314,0.5158788383542363,0.5896190424169145,0.05504587155963303,18,0.1162079510703364,0.1345565749235474,0.3603580727504589,0.3918541937883579,0.01563654387490765,0.1162079510703364,0.5263157894736842,0.5909090909090908
llama31-70b-base,gemma2-9b,boolq,1308,475,0.8779857206040311,0.9097794907436658,0.11658356417359172,0.03949897873362973,0.13082706766917293,0.12102874432677761,0.867889050356985,0.04189044038668077,0.7167549124913123,0.16123080811271884,0.5031173296729813,0.5458444038810254,0.523401874197936,0.15157894736842106,72,0.37684210526315787,0.25473684210526315,0.2632482426395386,0.35015077060531596,0.095995567867036,0.25473684210526315,0.4049586776859504,0.4049586776859504
llama31-70b-base,gemma2-9b,geometry_of_truth,2012,1000,0.9983873517786561,0.9984673913043478,0.04919332892741901,0.07388008475840868,0.060077519379844964,0.014577259475218658,0.9971363636363637,0.001331027667984097,0.9960415019762846,0.0023458498023715135,0.9523549633642132,0.8805304282032667,0.8897691487555062,0.012,12,0.019,0.021,0.5926293134618837,0.6236761464437399,0.000399,0.019,0.36842105263157887,0.4285714285714286
llama31-70b-base,gemma2-9b,imdb,2000,1018,0.9586415998783605,0.9717328414406267,0.3592676684727091,-0.00011345483589886296,0.42120075046904315,0.025565388397246803,0.9570800939504399,0.014652747490186746,0.7849013080237998,0.17374029185456075,0.7283272175770513,0.6809263376489189,0.6856738929001058,0.054027504911591355,55,0.12573673870333987,0.08349705304518663,0.4745943396652103,0.596298744216788,0.010498647141241541,0.08349705304518663,0.3529411764705882,0.3529411764705882
llama31-70b-base,gemma2-9b,rte,111,62,0.8225806451612903,0.9430546412113232,-0.005639097744360777,0.006666666666666599,0.3050847457627119,0.017241379310344827,0.922317314022383,0.02073732718894017,0.8067807768268598,0.015799868334430478,0.8096693335431766,0.2371103218784949,0.3997500582452017,0.16129032258064516,10,0.4838709677419355,0.22580645161290322,0.24900596027799873,0.4464285714285715,0.10926118626430802,0.22580645161290322,0.2857142857142857,0.2857142857142857
llama31-70b-base,gemma2-9b,truthfulqa,654,327,0.9157010726743914,0.9443930084448559,0.2955903598634094,0.14681540808543103,0.3657142857142857,0.25914634146341464,0.8374061293007509,0.10698687914410498,0.8157749534738004,0.09992611920059102,0.6891437324304841,0.4244454025699398,0.546060825969558,0.11009174311926606,36,0.20489296636085627,0.1712538226299694,0.4932551564275798,0.5508241758241758,0.03508870371929037,0.1712538226299694,0.3571428571428571,0.3571428571428571
llama31-70b-base,gemma4-12b,boolq,1308,475,0.8779857206040311,0.5638819738421684,0.11658356417359172,0.06143355209187862,0.13082706766917293,0.3516819571865443,0.5188349023820055,0.04504707146016296,0.40257534592784483,0.4754103746761863,0.19166438446153056,0.0031052917321098272,0.09450582796931395,0.3705263157894737,176,0.37684210526315787,0.9642105263157895,0.07966158562254703,0.5317121261912588,0.3633551246537396,0.37684210526315787,0.016759776536312776,0.6157205240174672
llama31-70b-base,gemma4-12b,geometry_of_truth,2012,1000,0.9983873517786561,0.7480750988142292,0.04919332892741901,0.2826014006995602,0.060077519379844964,0.4846077457795432,0.5473191699604744,0.20075592885375482,0.9578557312252965,0.04053162055335957,0.5199966895263483,0.6237174273495751,0.7023762923809062,0.014,14,0.019,0.338,0.11734266622825186,0.602480521545556,0.006422000000000001,0.019,0.26315789473684204,0.9585798816568047
llama31-70b-base,gemma4-12b,imdb,2000,1018,0.9586415998783605,0.5940754804556677,0.3592676684727091,0.10790438247011958,0.42120075046904315,0.49201596806387227,0.48978669088784765,0.10428878956782006,0.6689317338817777,0.28970986599658277,0.08748818442198686,-0.23508266016985546,0.028122913787454795,0.06974459724950884,71,0.12573673870333987,0.44106090373280943,0.08678775477797641,0.203289762741652,0.0554575596049112,0.12573673870333987,0.4453125,0.8418708240534521
llama31-70b-base,gemma4-12b,rte,111,62,0.8225806451612903,0.4427254772876893,-0.005639097744360777,-0.04487179487179482,0.3050847457627119,0.5535714285714286,0.4427254772876893,0.0,0.7307439104674127,0.09183673469387754,0.30081806872885447,-0.07875991527088533,-0.19018201566697313,0.3870967741935484,24,0.4838709677419355,0.8225806451612904,-0.05723111976467625,-0.11931818181818199,0.3980228928199792,0.4838709677419355,0.20000000000000007,0.5294117647058825
llama31-70b-base,gemma4-12b,truthfulqa,654,327,0.9157010726743914,0.6490942588072459,0.2955903598634094,0.1617931547619047,0.3657142857142857,0.46646341463414637,0.5153419558772644,0.13375230292998153,0.7210017862319857,0.19469928644240564,0.12419703530954665,-0.08475196758134196,-0.1410882706028198,0.10091743119266056,33,0.20489296636085627,0.40672782874617736,0.08867620291119481,0.1446376365594707,0.08333567133331463,0.20489296636085627,0.5074626865671641,0.7518796992481203
llama31-70b-base,gemma4-12b-base,boolq,1308,475,0.8779857206040311,0.8315284008340178,0.11658356417359172,0.04747755834829448,0.13082706766917293,0.1491628614916286,0.7002893789094585,0.13123902192455927,0.7675870348139255,0.11039868579010559,0.4956868936090809,0.4966373765204788,0.5210413114600002,0.3263157894736842,155,0.37684210526315787,0.6421052631578947,0.36307139753951295,0.6253697009530069,0.24197229916897506,0.37684210526315787,0.13407821229050265,0.4918032786885246
llama31-70b-base,gemma4-12b-base,geometry_of_truth,2012,1000,0.9983873517786561,0.9973596837944664,0.04919332892741901,0.13830955334987594,0.060077519379844964,0.09343936381709742,0.9885375494071147,0.008822134387351688,0.9961333992094862,0.002253952569169937,0.9489409195908282,0.8638833263353294,0.8894127211974222,0.013,13,0.019,0.026,0.5756267498461899,0.6757808278396193,0.000494,0.019,0.3157894736842105,0.5
llama31-70b-base,gemma4-12b-base,imdb,2000,1018,0.9586415998783605,0.9185276029433537,0.3592676684727091,0.36237361462181594,0.42120075046904315,0.4132804757185332,0.6403814836006867,0.278146119342667,0.7103931673862331,0.24824843249212736,0.7562108333093751,0.6748491805096141,0.7151269311678177,0.0756385068762279,77,0.12573673870333987,0.17779960707269155,0.42031865704244936,0.5154009856630826,0.022355942736055515,0.12573673870333987,0.3984374999999999,0.574585635359116
llama31-70b-base,gemma4-12b-base,rte,111,62,0.8225806451612903,0.7890059249506254,-0.005639097744360777,0.14822134387351782,0.3050847457627119,0.375,0.6382488479262672,0.15075707702435814,0.7425938117182358,0.07998683344305446,0.8421862229625932,0.22877748708033174,0.40273493543896677,0.3870967741935484,24,0.4838709677419355,0.5645161290322581,0.45985677549455983,0.5407407407407409,0.2731529656607701,0.4838709677419355,0.20000000000000007,0.3142857142857144
llama31-70b-base,gemma4-12b-base,truthfulqa,654,327,0.9157010726743914,0.8785549289715606,0.2955903598634094,0.2616019634091923,0.3657142857142857,0.43902439024390244,0.715325122277399,0.16322980669416165,0.8057496095540031,0.10995146312038828,0.7285903328552155,0.42918311671697873,0.5616786048830442,0.05504587155963303,18,0.20489296636085627,0.12538226299694188,0.21963032055726955,0.29446529080675415,0.025689943794480447,0.12538226299694188,0.5609756097560975,0.5609756097560975
llama31-70b-base,gemma4-31b,boolq,1308,475,0.8779857206040311,0.8310406267770266,0.11658356417359172,0.16187880058712512,0.13082706766917293,0.21712538226299694,0.6431869589941239,0.1878536677829027,0.6944588361660454,0.1835268844379857,0.2368311282040658,0.2554820098081143,0.32798761530364784,0.18947368421052632,90,0.37684210526315787,0.4168421052631579,0.135566907123052,0.14738922614605818,0.15708365650969527,0.37684210526315787,0.4972067039106145,0.5454545454545454
llama31-70b-base,gemma4-31b,geometry_of_truth,2012,1000,0.9983873517786561,0.9628982213438735,0.04919332892741901,0.45529668495876263,0.060077519379844964,0.4393638170974155,0.7166511857707509,0.24624703557312255,0.9759288537549408,0.022458498023715356,0.888020527637404,0.8325687742056433,0.8263462671934226,0.01,10,0.019,0.113,0.18168675220505057,0.46597045036492013,0.002147,0.019,0.4736842105263158,0.911504424778761
llama31-70b-base,gemma4-31b,rte,111,62,0.8225806451612903,0.6277156023699803,-0.005639097744360777,-0.000645161290322549,0.3050847457627119,0.4107142857142857,0.5487162606978275,0.07899934167215272,0.7699144173798552,0.05266622778143504,0.3293889862175567,-0.02881358512994936,0.047018113578836784,0.27419354838709675,17,0.4838709677419355,0.6129032258064516,-0.09191056070762837,-0.11197916666666659,0.29656607700312176,0.4838709677419355,0.43333333333333335,0.5526315789473685
llama31-70b-base,gemma4-31b,truthfulqa,654,327,0.9157010726743914,0.7854838257161294,0.2955903598634094,0.44235373335328443,0.3657142857142857,0.5443425076452599,0.6577729147378166,0.12771091097831277,0.7133799062929608,0.2023211663814306,0.3165457590293376,0.1914225206274639,0.2779171255080618,0.0856269113149847,28,0.20489296636085627,0.25382262996941896,0.1913995269306568,0.21990457548323944,0.05200647158394823,0.20489296636085627,0.582089552238806,0.6626506024096386
llama31-70b-base,gptj-6b,boolq,1308,475,0.8779857206040311,0.6656902761104442,0.11658356417359172,0.20653974953779597,0.13082706766917293,0.6237482117310443,0.4541858848802679,0.21150439123017628,0.5311556201427939,0.3468301004612372,0.5201260979751053,0.5773774053372849,0.5214218860454086,0.35578947368421054,169,0.37684210526315787,0.8757894736842106,0.16114091794343977,0.5502319856074237,0.3300343490304709,0.37684210526315787,0.05586592178770933,0.59375
llama31-70b-base,gptj-6b,geometry_of_truth,2012,1000,0.9983873517786561,0.9835780632411067,0.04919332892741901,0.5482477023411999,0.060077519379844964,0.5464190981432361,0.816794466403162,0.16678359683794475,0.9888596837944664,0.009527667984189692,0.9350248912346399,0.8849214564992716,0.8809661383338534,0.012,12,0.019,0.074,0.2964335201035997,0.6021370921905198,0.001406,0.019,0.36842105263157887,0.8378378378378378
llama31-70b-base,gptj-6b,imdb,2000,1018,0.9586415998783605,0.9469618156282635,0.3592676684727091,0.48659038116650455,0.42120075046904315,0.5482625482625483,0.4894135699966789,0.45754824563158464,0.6812307187528759,0.2774108811254846,0.6827410263614646,0.6412614099832201,0.6400327323735644,0.06679764243614932,68,0.12573673870333987,0.13163064833005894,0.4482556153220637,0.4601951357466065,0.01655080843442784,0.12573673870333987,0.4687499999999999,0.4925373134328358
llama31-70b-base,gptj-6b,rte,111,62,0.8225806451612903,0.6645819618169848,-0.005639097744360777,0.27960526315789475,0.3050847457627119,0.3709677419354839,0.5381830151415405,0.12639894667544427,0.6691902567478604,0.1533903884134299,0.7054450387062049,0.2549580358479637,0.39367373094120794,0.43548387096774194,27,0.4838709677419355,0.9032258064516129,-0.010564428184106467,-0.03125000000000008,0.43704474505723206,0.4838709677419355,0.09999999999999998,0.5178571428571428
llama31-70b-base,gptj-6b,truthfulqa,654,327,0.9157010726743914,0.8530333211757335,0.2955903598634094,0.32313192572626537,0.3657142857142857,0.5137614678899083,0.6909351064725191,0.1620982147032144,0.7925352336597182,0.12316583901467315,0.6040261909818945,0.4538033457270064,0.537142958667462,0.06422018348623854,21,0.20489296636085627,0.14678899082568808,0.23903694918193535,0.292548076923077,0.030076031759391747,0.14678899082568808,0.5625,0.5625
llama31-70b-base,llama-8b,boolq,1308,475,0.8779857206040311,0.8544310355721236,0.11658356417359172,0.04359931113662474,0.13082706766917293,0.13302752293577982,0.7830921842421179,0.07133885133000573,0.7183193277310924,0.1596663928729387,0.7830400399432131,0.6593691555166631,0.5749167601014884,0.23157894736842105,110,0.37684210526315787,0.4105263157894737,0.322482098909243,0.3460694333599361,0.15470360110803322,0.37684210526315787,0.3854748603351955,0.4358974358974359
llama31-70b-base,llama-8b,geometry_of_truth,2012,1000,0.9983873517786561,0.9984980237154151,0.04919332892741901,0.004826841706890184,0.060077519379844964,0.006958250497017893,0.9969140316205534,0.0015839920948617081,0.9964891304347826,0.0018982213438735185,0.9855380586024344,0.9131029901937103,0.9024170390343462,0.013,13,0.019,0.02,0.6602676433866426,0.6777658431793769,0.00038,0.019,0.3157894736842105,0.3500000000000001
llama31-70b-base,llama-8b,imdb,2000,1018,0.9586415998783605,0.9719108991313186,0.3592676684727091,0.003963849690819643,0.42120075046904315,0.019,0.9565409192578395,0.0153699798734791,0.7637464538510477,0.19489514602731284,0.9006618182919811,0.7648246681966915,0.7251986983367782,0.06974459724950884,71,0.12573673870333987,0.10903732809430255,0.5422339488809198,0.5878125316327563,0.01370999803150366,0.10903732809430255,0.36036036036036045,0.36036036036036045
llama31-70b-base,llama-8b,rte,111,62,0.8225806451612903,0.8127057274522712,-0.005639097744360777,0.0039525691699604515,0.3050847457627119,0.21428571428571427,0.7982225148123766,0.014483212639894605,0.782422646477946,0.04015799868334424,0.9291244415484778,0.4435502551253312,0.4232972943792227,0.3548387096774194,22,0.4838709677419355,0.4838709677419355,0.4833333333333334,0.4833333333333334,0.2341311134235172,0.4838709677419355,0.2666666666666666,0.2666666666666666
llama31-70b-base,llama-8b,truthfulqa,654,327,0.9157010726743914,0.9356301845149585,0.2955903598634094,0.2551085448614602,0.3657142857142857,0.3780487804878049,0.8232565534139475,0.11237363110101095,0.8006434175948527,0.11505765507953869,0.8838464584841429,0.6012239520563663,0.5849357834952851,0.07951070336391437,26,0.20489296636085627,0.1345565749235474,0.37710495950118916,0.48548951048951056,0.027569695779442432,0.1345565749235474,0.40909090909090906,0.40909090909090906
llama31-70b-base,llama31-405b,boolq,1308,475,0.8779857206040311,0.9538838693372085,0.11658356417359172,-1.0338054378222772e-05,0.13082706766917293,0.03211009174311927,0.9243823845327604,0.02950148480444803,0.7315903203386617,0.14639540026536946,0.7992294146813723,0.5575561765425217,0.6775732141402043,0.13263157894736843,63,0.37684210526315787,0.17894736842105263,0.3509930647375586,0.584658187599364,0.0674349030470914,0.17894736842105263,0.2588235294117647,0.2588235294117647
llama31-70b-base,llama31-405b,geometry_of_truth,2012,1000,0.9983873517786561,0.9992994071146246,0.04919332892741901,0.02268716373487989,0.060077519379844964,0.01485148514851485,0.9984367588932805,0.0008626482213440756,0.9955326086956522,0.00285474308300393,0.9055773476333963,0.9063068190065016,0.923374762966215,0.009,9,0.019,0.012,0.5900899573641334,0.7451580020387361,0.000228,0.012,0.2500000000000001,0.2500000000000001
llama31-70b-base,llama31-405b,imdb,2000,1018,0.9586415998783605,0.9815920358196056,0.3592676684727091,-0.002429182194380375,0.42120075046904315,0.006789524733268671,0.9801615723494412,0.0014304634701644003,0.7899579463746254,0.16868365350373515,0.849505794576768,0.7170780153175735,0.7764509657089607,0.0550098231827112,56,0.12573673870333987,0.06974459724950884,0.5475359728319313,0.7583478398480772,0.008769458200331169,0.06974459724950884,0.21126760563380276,0.21126760563380276
llama31-70b-base,llama31-405b,rte,111,62,0.8225806451612903,0.9381171823568137,-0.005639097744360777,0.014102564102564163,0.3050847457627119,0.08928571428571429,0.8907175773535221,0.047399605003291656,0.7850559578670178,0.037524687294272496,0.8719080764587683,0.4030812836014832,0.45341842223028095,0.20967741935483872,13,0.4838709677419355,0.25806451612903225,0.38783149682244256,0.63671875,0.12486992715920915,0.25806451612903225,0.1875,0.1875
llama31-70b-base,llama31-405b,truthfulqa,654,327,0.9157010726743914,0.9737021762103826,0.2955903598634094,0.059963167587476884,0.3657142857142857,0.09063444108761329,0.940689616474483,0.03301255973589956,0.8122118415023052,0.1034892311720862,0.8173222549727961,0.5703798497532304,0.6360214292130109,0.06116207951070336,20,0.20489296636085627,0.08868501529051988,0.37466514910250837,0.6096816976127319,0.018170935854632513,0.08868501529051988,0.31034482758620696,0.31034482758620696
llama31-70b-base,llama31-70b,boolq,1308,475,0.8779857206040311,0.9376559044670498,0.11658356417359172,-0.0013040046669641203,0.13082706766917293,0.03765060240963856,0.9162241738800784,0.021431730586971454,0.80203449800973,0.0759512225943011,0.8613146396188662,0.7755440026597584,0.7645443993507706,0.16,76,0.37684210526315787,0.2231578947368421,0.3761988407575271,0.5458312085670575,0.08409529085872576,0.2231578947368421,0.28301886792452835,0.28301886792452835
llama31-70b-base,llama31-70b,geometry_of_truth,2012,1000,0.9983873517786561,0.9990503952569171,0.04919332892741901,0.004721374045801641,0.060077519379844964,0.0107421875,0.9984525691699604,0.0005978260869566876,0.9968250988142293,0.0015622529644268024,0.9792060756338011,0.9481946684922248,0.9427678442418738,0.013,13,0.019,0.016,0.7411362727073566,0.8088685015290523,0.000304,0.016,0.1875,0.1875
llama31-70b-base,llama31-70b,imdb,2000,1018,0.9586415998783605,0.9821732241246164,0.3592676684727091,0.001270650367035886,0.42120075046904315,0.008620689655172414,0.9788871594396584,0.0032860646849579567,0.8472405059239194,0.11140109395444109,0.9367619328555437,0.8716566072023111,0.8617945228780572,0.04911591355599214,50,0.12573673870333987,0.0618860510805501,0.5174125533069138,0.7639736044230425,0.007781350234096672,0.0618860510805501,0.2063492063492064,0.2063492063492064
llama31-70b-base,llama31-70b,rte,111,62,0.8225806451612903,0.9420671494404212,-0.005639097744360777,-0.003906250000000111,0.3050847457627119,0.03571428571428571,0.923304805793285,0.018762343647136248,0.7639894667544438,0.05859117840684647,0.9704000794989188,0.4926821006787987,0.4906917300055116,0.22580645161290322,14,0.4838709677419355,0.24193548387096775,0.5080963870509995,0.8708333333333335,0.1170655567117586,0.24193548387096775,0.06666666666666676,0.06666666666666676
llama31-70b-base,llama31-70b,truthfulqa,654,327,0.9157010726743914,0.9623114403015085,0.2955903598634094,0.12582825337927372,0.3657142857142857,0.19756838905775076,0.9227711846178305,0.03954025568367803,0.8282972813736218,0.08740379130076958,0.9397443322667339,0.703797414543087,0.7055227818021176,0.07951070336391437,26,0.20489296636085627,0.1162079510703364,0.43061573386592666,0.6028340080971659,0.023810191809518468,0.1162079510703364,0.3157894736842105,0.3157894736842105
llama31-70b-base,llama31-8b-base,boolq,1308,475,0.8779857206040311,0.7668970746193213,0.11658356417359172,0.04830470980975743,0.13082706766917293,0.19850746268656716,0.6842484362165919,0.0826486384027294,0.7736778922095153,0.1043078283945158,0.7904203716810837,0.6625013511268196,0.5950430909715869,0.30105263157894735,143,0.37684210526315787,0.6189473684210526,0.28812286258544506,0.4722059322818605,0.23324542936288084,0.37684210526315787,0.2011173184357542,0.5136054421768708
llama31-70b-base,llama31-8b-base,geometry_of_truth,2012,1000,0.9983873517786561,0.9974249011857708,0.04919332892741901,0.06514907222692867,0.060077519379844964,0.11925708699902249,0.986203557312253,0.011221343873517808,0.9955770750988142,0.0028102766798419054,0.9865388200496235,0.921863501083512,0.9035407426163891,0.011,11,0.019,0.022,0.5284156666241246,0.5694758368313421,0.00041799999999999997,0.019,0.42105263157894735,0.5
llama31-70b-base,llama31-8b-base,imdb,2000,1018,0.9586415998783605,0.9481712074712207,0.3592676684727091,0.25079113924050633,0.42120075046904315,0.3602199816681943,0.7534831285336449,0.1946880789375759,0.7488826379747038,0.20975896190365673,0.9251683996304977,0.7950826522211955,0.7518822707678109,0.05893909626719057,60,0.12573673870333987,0.11296660117878192,0.4262365066837659,0.45295554469956023,0.014204052014620909,0.11296660117878192,0.4782608695652173,0.4782608695652173
llama31-70b-base,llama31-8b-base,rte,111,62,0.8225806451612903,0.7590520078999341,-0.005639097744360777,0.10225921521997616,0.3050847457627119,0.41379310344827586,0.749835418038183,0.009216589861751112,0.7472021066491112,0.07537853851217902,0.9319892519067812,0.47300797757960844,0.43550225378941065,0.3387096774193548,21,0.4838709677419355,0.532258064516129,0.32550900579348735,0.35862068965517235,0.25754422476586886,0.4838709677419355,0.30000000000000004,0.36363636363636365
llama31-70b-base,llama31-8b-base,truthfulqa,654,327,0.9157010726743914,0.8842222409262221,0.2955903598634094,0.3671417854463616,0.3657142857142857,0.6085626911314985,0.7202910342376716,0.16393120668855055,0.7694919058440648,0.1462091668303266,0.9099145299977858,0.649601683211289,0.6072564044432147,0.0856269113149847,28,0.20489296636085627,0.1651376146788991,0.34558164902537014,0.3944444444444445,0.03383553572931572,0.1651376146788991,0.4814814814814815,0.4814814814814815
llama31-70b-base,olmo3-7b,boolq,1308,475,0.8779857206040311,0.8341062740885827,0.11658356417359172,0.1841299624728422,0.13082706766917293,0.24770642201834864,0.49755481139824353,0.3365514626903392,0.6327440449864157,0.24524167561761545,0.7343205028519216,0.4455649018262958,0.4994108243131703,0.24210526315789474,115,0.37684210526315787,0.5326315789473685,0.1711767398526967,0.23498917912325734,0.2007180055401662,0.37684210526315787,0.35754189944134074,0.5454545454545454
llama31-70b-base,olmo3-7b,geometry_of_truth,2012,1000,0.9983873517786561,0.9942687747035572,0.04919332892741901,0.022741228070175423,0.060077519379844964,0.019880715705765408,0.9884871541501977,0.005781620553359512,0.9949752964426877,0.0034120553359684447,0.9420967719311777,0.8252734351764489,0.8819362609598999,0.015,15,0.019,0.052,0.46225645455652214,0.7779258272262932,0.000988,0.019,0.21052631578947367,0.7115384615384615
llama31-70b-base,olmo3-7b,imdb,2000,1018,0.9586415998783605,0.9686388389838309,0.3592676684727091,0.15151949541284404,0.42120075046904315,0.128,0.9475920198144199,0.02104681916941098,0.7907001868605429,0.16794141301781762,0.8580255138264662,0.5741608442610169,0.6298761528130232,0.06286836935166994,64,0.12573673870333987,0.10707269155206287,0.48191981364737907,0.5277806411710134,0.013462971039945036,0.10707269155206287,0.4128440366972478,0.4128440366972478
llama31-70b-base,olmo3-7b,rte,111,62,0.8225806451612903,0.8581303489137591,-0.005639097744360777,0.007309941520467822,0.3050847457627119,0.25,0.8341013824884793,0.02402896642527974,0.7863726135615537,0.03620803159973651,0.7812613308671732,0.13389052109204713,0.3643043049934903,0.25806451612903225,16,0.4838709677419355,0.3870967741935484,0.29069386642412703,0.3541666666666667,0.18730489073881373,0.3870967741935484,0.33333333333333337,0.33333333333333337
llama31-70b-base,olmo3-7b,truthfulqa,654,327,0.9157010726743914,0.8972495768220035,0.2955903598634094,0.37460721232979205,0.3657142857142857,0.5045871559633027,0.8068063855455488,0.09044319127645462,0.8170748814634009,0.09862619121099048,0.7192119306650339,0.3014740496644214,0.5178394317653663,0.0581039755351682,19,0.20489296636085627,0.1834862385321101,0.13127538494634403,0.14057692307692313,0.037595039699239684,0.1834862385321101,0.6833333333333333,0.6833333333333333
llama31-70b-base,qwen3-1.7b,boolq,1308,475,0.8779857206040311,0.8171352751626967,0.11658356417359172,0.22837342250026982,0.13082706766917293,0.22324159021406728,0.5871839262020598,0.22995134896063685,0.688140519365641,0.1898452012383901,0.6320240621385044,0.5667062265914191,0.46907774432303295,0.27157894736842103,129,0.37684210526315787,0.511578947368421,0.32528452412910275,0.42809670583702564,0.19278448753462601,0.37684210526315787,0.2793296089385475,0.4691358024691358
llama31-70b-base,qwen3-1.7b,geometry_of_truth,2012,1000,0.9983873517786561,0.9934357707509882,0.04919332892741901,0.34411173291343944,0.060077519379844964,0.24652087475149106,0.9875671936758894,0.005868577075098802,0.9954822134387351,0.0029051383399210096,0.8897251898025081,0.8470146596417103,0.8624837055473309,0.014,14,0.019,0.051,0.43385863580707845,0.722699794797848,0.0009689999999999999,0.019,0.26315789473684204,0.7254901960784313
llama31-70b-base,qwen3-1.7b,imdb,2000,1018,0.9586415998783605,0.9536549842148856,0.3592676684727091,0.14734994199181772,0.42120075046904315,0.2057942057942058,0.79141641891973,0.16223856529515557,0.7698374273264538,0.18880417255190673,0.671013195243708,0.6011470954293294,0.5662966138428724,0.06581532416502947,67,0.12573673870333987,0.1237721021611002,0.46024238268050066,0.4644016408061351,0.015562700468193344,0.1237721021611002,0.46825396825396826,0.46825396825396826
llama31-70b-base,qwen3-1.7b,rte,111,62,0.8225806451612903,0.8772218564845293,-0.005639097744360777,0.25320056899004273,0.3050847457627119,0.3392857142857143,0.7366688610928241,0.14055299539170518,0.7995391705069124,0.02304147465437789,0.761934999494522,0.24482047869276036,0.3392133214391295,0.25806451612903225,16,0.4838709677419355,0.4838709677419355,0.09583333333333334,0.09583333333333334,0.2341311134235172,0.4838709677419355,0.4666666666666667,0.4666666666666667
llama31-70b-base,qwen3-1.7b,truthfulqa,654,327,0.9157010726743914,0.8749731130002151,0.2955903598634094,0.3389193929688095,0.3657142857142857,0.43119266055045874,0.7413797940689617,0.13359331893125337,0.7707170178342639,0.14498405484012744,0.6245588032847803,0.382591073173441,0.4421722967497824,0.0581039755351682,19,0.20489296636085627,0.1743119266055046,0.14621124016593615,0.16153846153846144,0.0357152877142777,0.1743119266055046,0.6666666666666667,0.6666666666666667
llama31-70b-base,qwen3-32b,boolq,1308,475,0.8779857206040311,0.9175105831806406,0.11658356417359172,0.01116746986681294,0.13082706766917293,0.05963302752293578,0.8228015416692993,0.0947090415113413,0.7211044417767107,0.1568812788273204,0.5481462800449612,0.5494929307675457,0.5429472476825765,0.16210526315789472,77,0.37684210526315787,0.24842105263157896,0.32708853517139597,0.442424415941365,0.09361551246537396,0.24842105263157896,0.34745762711864414,0.34745762711864414
llama31-70b-base,qwen3-32b,geometry_of_truth,2012,1000,0.9983873517786561,0.9991205533596839,0.04919332892741901,0.1296819531985801,0.060077519379844964,0.020874751491053677,0.9977934782608696,0.0013270750988142455,0.9961403162055336,0.0022470355731225578,0.8607245731968431,0.819603978906099,0.8925127624389224,0.011,11,0.019,0.016,0.6243851270382706,0.6814475025484201,0.000304,0.016,0.3125,0.3125
llama31-70b-base,qwen3-32b,imdb,2000,1018,0.9586415998783605,0.9749198740391887,0.3592676684727091,-0.0009083050676402804,0.42120075046904315,0.016966067864271458,0.9670193142578195,0.007900559781369165,0.7785382463918309,0.18010335348652962,0.5293307775282089,0.7010694617543634,0.6892100285187628,0.0550098231827112,56,0.12573673870333987,0.07858546168958742,0.505827454018445,0.6568539325842697,0.00988107966234498,0.07858546168958742,0.29999999999999993,0.29999999999999993
llama31-70b-base,qwen3-32b,rte,111,62,0.8225806451612903,0.9634628044766294,-0.005639097744360777,0.12364864864864855,0.3050847457627119,0.15789473684210525,0.9423963133640553,0.02106649111257408,0.782422646477946,0.04015799868334424,0.6694590892874862,0.320388609723827,0.4055623454523496,0.12903225806451613,8,0.4838709677419355,0.16129032258064516,0.27740787336542594,0.6124999999999999,0.07804370447450572,0.16129032258064516,0.19999999999999996,0.19999999999999996
llama31-70b-base,qwen3-32b,truthfulqa,654,327,0.9157010726743914,0.9692412722460698,0.2955903598634094,0.16423754215061814,0.3657142857142857,0.22935779816513763,0.8787887289696901,0.09045254327637975,0.8268477213852183,0.08885335128917304,0.5560634876248556,0.4244590041027274,0.5591469427610305,0.06116207951070336,20,0.20489296636085627,0.12232415902140673,0.27295577379240227,0.3711538461538461,0.02506335979949312,0.12232415902140673,0.5,0.5
llama31-70b-base,qwen3-8b,boolq,1308,475,0.8779857206040311,0.8986440892146333,0.11658356417359172,0.05791505791505802,0.13082706766917293,0.11297709923664122,0.8291830416377077,0.06946104757692562,0.6996196373286157,0.17836608327541548,0.528034343588438,0.4796866594850182,0.4872902239064165,0.2063157894736842,98,0.37684210526315787,0.3368421052631579,0.3465835506307005,0.3781672297297299,0.12693628808864266,0.3368421052631579,0.38749999999999996,0.38749999999999996
llama31-70b-base,qwen3-8b,geometry_of_truth,2012,1000,0.9983873517786561,0.9976422924901186,0.04919332892741901,0.3637252771136711,0.060077519379844964,0.042743538767395624,0.9954298418972332,0.00221245059288544,0.9958458498023716,0.0025415019762845548,0.8695856814329901,0.8193562216914254,0.8871657294098141,0.013,13,0.019,0.024,0.6003357570748342,0.6764452113891287,0.000456,0.019,0.3157894736842105,0.45833333333333337
llama31-70b-base,qwen3-8b,imdb,2000,1018,0.9586415998783605,0.9709705944726091,0.3592676684727091,0.005154241786803793,0.42120075046904315,0.101,0.9635141785938643,0.007456415878744793,0.773652663462962,0.18498893641539849,0.575923249727356,0.6323279473165357,0.6363376274922646,0.05795677799607073,59,0.12573673870333987,0.08447937131630648,0.5133543622371586,0.6408936503788869,0.010622160637020853,0.08447937131630648,0.313953488372093,0.313953488372093
llama31-70b-base,qwen3-8b,rte,111,62,0.8225806451612903,0.9338380513495721,-0.005639097744360777,0.0714285714285714,0.3050847457627119,0.25,0.9321922317314022,0.001645819618169897,0.8008558262014484,0.021724818959841907,0.6745577838336762,0.17079243244387632,0.3753208075607751,0.20967741935483872,13,0.4838709677419355,0.24193548387096775,0.4327328081104206,0.7416666666666668,0.1170655567117586,0.24193548387096775,0.1333333333333333,0.1333333333333333
llama31-70b-base,qwen3-8b,truthfulqa,654,327,0.9157010726743914,0.9380804084953567,0.2955903598634094,0.3347204266321915,0.3657142857142857,0.345565749235474,0.8208343854333249,0.1172460230620318,0.8181503614547971,0.09755071121959424,0.45270202517924213,0.31874424798103185,0.517868421089202,0.06116207951070336,20,0.20489296636085627,0.14067278287461774,0.23044582150562065,0.28913043478260864,0.02882286376941709,0.14067278287461774,0.5652173913043479,0.5652173913043479
llama31-70b-base,qwen3-8b-base,boolq,1308,475,0.8779857206040311,0.8936298730018324,0.11658356417359172,0.20082443197618294,0.13082706766917293,0.172782874617737,0.7631616857269223,0.13046818727491005,0.6837657168130409,0.19422000379099025,0.21042912789667942,0.446417030386408,0.48933823653497377,0.2168421052631579,103,0.37684210526315787,0.35789473684210527,0.3528641879922908,0.3675476947535771,0.1348698060941828,0.35789473684210527,0.3941176470588236,0.3941176470588236
llama31-70b-base,qwen3-8b-base,geometry_of_truth,2012,1000,0.9983873517786561,0.9982579051383399,0.04919332892741901,0.33702642975354036,0.060077519379844964,0.11232604373757456,0.996935770750988,0.0013221343873518476,0.9955978260869566,0.002789525691699546,0.8148059325747631,0.8388343109060469,0.890305761585148,0.015,15,0.019,0.031,0.609031952971281,0.7827385801966219,0.000589,0.019,0.21052631578947367,0.5161290322580645
llama31-70b-base,qwen3-8b-base,imdb,2000,1018,0.9586415998783605,0.9755150668816697,0.3592676684727091,0.03611020442703605,0.42120075046904315,0.091,0.963868293327038,0.011646773554631618,0.7765616059603311,0.18207999391802943,0.5396266078749186,0.6737863944963183,0.6750615721309882,0.06385068762278978,65,0.12573673870333987,0.09233791748526522,0.5442548491863975,0.6471192923738944,0.011610268603255352,0.09233791748526522,0.3085106382978724,0.3085106382978724
llama31-70b-base,qwen3-8b-base,rte,111,62,0.8225806451612903,0.9157340355497038,-0.005639097744360777,-0.09999999999999998,0.3050847457627119,0.17857142857142858,0.9193548387096774,-0.0036208031599735957,0.7890059249506254,0.03357472021066488,0.48756734205622415,0.18828573492643474,0.37466676911657104,0.22580645161290322,14,0.4838709677419355,0.27419354838709675,0.41775022506835635,0.6580882352941179,0.13267429760665972,0.27419354838709675,0.17647058823529405,0.17647058823529405
llama31-70b-base,qwen3-8b-base,truthfulqa,654,327,0.9157010726743914,0.9195073366439414,0.2955903598634094,0.3811862269270455,0.3657142857142857,0.4115853658536585,0.8396599612827204,0.079847375361221,0.815241889478065,0.10045918319632641,0.3668201975494368,0.35838205907693566,0.5353325862996063,0.07951070336391437,26,0.20489296636085627,0.1651376146788991,0.3047708150667944,0.3478632478632478,0.03383553572931572,0.1651376146788991,0.5185185185185186,0.5185185185185186
llama31-70b-base,qwen38-27b,boolq,1308,475,0.8779857206040311,0.9392279016869906,0.11658356417359172,0.28872057448797483,0.13082706766917293,0.1173780487804878,0.7265230302647375,0.21270487142225303,0.7479244329310673,0.13006128767296388,0.7527810057814255,0.5824911044266399,0.534478365710847,0.1368421052631579,65,0.37684210526315787,0.21052631578947367,0.29108468860178216,0.4383445945945945,0.07933518005540165,0.21052631578947367,0.34999999999999987,0.34999999999999987
llama31-70b-base,qwen38-27b,geometry_of_truth,2012,1000,0.9983873517786561,0.9983764822134387,0.04919332892741901,0.3612122252747253,0.060077519379844964,0.09542743538767395,0.9963152173913044,0.002061264822134312,0.9955691699604744,0.0028181818181817198,0.9329355441587363,0.8779313337155448,0.8945275614934846,0.014,14,0.019,0.025,0.6345321878868805,0.7300944669365723,0.000475,0.019,0.26315789473684204,0.44000000000000006
llama31-70b-base,qwen38-27b,rte,111,62,0.8225806451612903,0.967083607636603,-0.005639097744360777,0.40421455938697326,0.3050847457627119,0.44642857142857145,0.9473337722185649,0.019749835418038098,0.7741935483870969,0.048387096774193394,0.896145640093024,0.3736591952509313,0.4024246342449538,0.16129032258064516,10,0.4838709677419355,0.20967741935483872,0.2941186089804814,0.5528846153846154,0.10145681581685745,0.20967741935483872,0.23076923076923084,0.23076923076923084
llama31-70b-base,qwen38-27b,truthfulqa,654,327,0.9157010726743914,0.9541471443668228,0.2955903598634094,0.4319339375327689,0.3657142857142857,0.4923547400611621,0.8519297851845617,0.10221735918226105,0.8167101534663187,0.09899091920807268,0.830261606090535,0.4953226157874454,0.5626841810603438,0.07339449541284404,24,0.20489296636085627,0.1345565749235474,0.33269973020450605,0.4283216783216783,0.027569695779442432,0.1345565749235474,0.4545454545454545,0.4545454545454545
llama31-8b-base,gemma2-9b,boolq,1308,475,0.7668970746193213,0.9097794907436658,0.04830470980975743,0.03949897873362973,0.19850746268656716,0.12102874432677761,0.8631629493902824,0.046616541353383445,0.6013571744487268,0.1655399001705945,0.5774111735795253,0.5788744321623267,0.6628700803281746,0.2063157894736842,98,0.6189473684210526,0.25473684210526315,0.22989886625351033,0.5011643303958723,0.1576686980609418,0.25473684210526315,0.1900826446280992,0.1900826446280992
llama31-8b-base,gemma2-9b,geometry_of_truth,2012,1000,0.9974249011857708,0.9984673913043478,0.06514907222692867,0.07388008475840868,0.11925708699902249,0.014577259475218658,0.996346837944664,0.0021205533596837522,0.9794258893280632,0.01799901185770758,0.9604321867557556,0.8737108917395026,0.9073047631409085,0.014,14,0.022,0.021,0.6436840513511983,0.6591683708248123,0.000462,0.021,0.33333333333333337,0.33333333333333337
llama31-8b-base,gemma2-9b,imdb,2000,1018,0.9481712074712207,0.9717328414406267,0.25079113924050633,-0.00011345483589886296,0.3602199816681943,0.025565388397246803,0.9549373997175086,0.016795441723118087,0.6598317854985014,0.28833942197271933,0.743388609161766,0.723820125268567,0.7776002171889216,0.05108055009823183,52,0.11296660117878192,0.08349705304518663,0.4756071974575075,0.5623216728551886,0.009432378290959198,0.08349705304518663,0.388235294117647,0.388235294117647
llama31-8b-base,gemma2-9b,rte,111,62,0.7590520078999341,0.9430546412113232,0.10225921521997616,0.006666666666666599,0.41379310344827586,0.017241379310344827,0.9331797235023042,0.009874917709019049,0.749177090190915,0.009874917709019049,0.7999723606487428,0.2536899944862675,0.44843270055513995,0.14516129032258066,9,0.532258064516129,0.22580645161290322,0.11971005425242183,0.23645320197044334,0.12018730489073881,0.22580645161290322,0.3571428571428571,0.3571428571428571
llama31-8b-base,gemma2-9b,truthfulqa,654,327,0.8842222409262221,0.9443930084448559,0.3671417854463616,0.14681540808543103,0.6085626911314985,0.25914634146341464,0.8104443135164454,0.13394869492841044,0.7339356021285152,0.15028663879770698,0.6883940673247267,0.4373755386461231,0.6088927608814149,0.0764525993883792,25,0.1651376146788991,0.1712538226299694,0.3443774354143204,0.3519885198851988,0.028280447773756417,0.1651376146788991,0.5370370370370371,0.5535714285714286
llama31-8b-base,gemma4-12b,boolq,1308,475,0.7668970746193213,0.5638819738421684,0.04830470980975743,0.06143355209187862,0.19850746268656716,0.3516819571865443,0.4952751626966576,0.06860681114551082,0.4654122701712263,0.301484804448095,0.18732286469445858,-0.005331053016466747,0.14964065238932434,0.6021052631578947,286,0.6189473684210526,0.9642105263157895,0.05885544744128439,0.23969587835134115,0.596795567867036,0.6189473684210526,0.027210884353741527,0.3755458515283844
llama31-8b-base,gemma4-12b,geometry_of_truth,2012,1000,0.9974249011857708,0.7480750988142292,0.06514907222692867,0.2826014006995602,0.11925708699902249,0.4846077457795432,0.5910049407114624,0.1570701581027668,0.8833824110671937,0.11404249011857703,0.5295820809575426,0.5991402680968891,0.7248595384127596,0.013,13,0.022,0.338,0.0801897775372068,0.3820379016753637,0.007436,0.022,0.40909090909090906,0.9615384615384616
llama31-8b-base,gemma4-12b,imdb,2000,1018,0.9481712074712207,0.5940754804556677,0.25079113924050633,0.10790438247011958,0.3602199816681943,0.49201596806387227,0.4984344927756593,0.0956409876800084,0.4943931833914188,0.45377802407980194,0.09502242273553642,-0.10138387456412867,0.0746263341753104,0.06385068762278978,65,0.11296660117878192,0.44106090373280943,0.08923658401050921,0.22212883013677692,0.04982515120753741,0.11296660117878192,0.4347826086956522,0.8552338530066815
llama31-8b-base,gemma4-12b,rte,111,62,0.7590520078999341,0.4427254772876893,0.10225921521997616,-0.04487179487179482,0.41379310344827586,0.5535714285714286,0.3861092824226465,0.05661619486504277,0.6537195523370639,0.10533245556287019,0.29145945165362597,-0.11967419600363538,-0.17762110759623173,0.43548387096774194,27,0.532258064516129,0.8225806451612904,-0.012283018612119383,-0.0282131661442006,0.43782518210197713,0.532258064516129,0.18181818181818177,0.47058823529411764
llama31-8b-base,gemma4-12b,truthfulqa,654,327,0.8842222409262221,0.6490942588072459,0.3671417854463616,0.1617931547619047,0.6085626911314985,0.46646341463414637,0.5254795237961638,0.12361473501108211,0.5812361473501109,0.3029860935761113,0.1241364602518301,-0.09388170214426994,-0.13265803818040012,0.09174311926605505,30,0.1651376146788991,0.40672782874617736,0.1347474241813998,0.25085910652920973,0.0671660634626715,0.1651376146788991,0.4444444444444444,0.7744360902255639
llama31-8b-base,gemma4-12b-base,boolq,1308,475,0.7668970746193213,0.8315284008340178,0.04830470980975743,0.04747755834829448,0.19850746268656716,0.1491628614916286,0.6779604473368295,0.15356795349718833,0.6745283376508497,0.09236873696847159,0.5454458146974,0.5345932829955633,0.6687580016065615,0.47578947368421054,226,0.6189473684210526,0.6421052631578947,0.3365851317928463,0.35374149659863946,0.39742936288088637,0.6189473684210526,0.23129251700680264,0.25901639344262295
llama31-8b-base,gemma4-12b-base,geometry_of_truth,2012,1000,0.9974249011857708,0.9973596837944664,0.06514907222692867,0.13830955334987594,0.11925708699902249,0.09343936381709742,0.98801185770751,0.00934782608695639,0.9859693675889328,0.01145553359683793,0.9456824346333832,0.856132732422317,0.9047580234768035,0.013,13,0.022,0.026,0.5324199549631652,0.5799887997013251,0.0005719999999999999,0.022,0.40909090909090906,0.5
llama31-8b-base,gemma4-12b-base,imdb,2000,1018,0.9481712074712207,0.9185276029433537,0.25079113924050633,0.36237361462181594,0.3602199816681943,0.4132804757185332,0.7428106706572929,0.17571693228606078,0.7663562994410189,0.18181490803020184,0.7900236918164326,0.7084695495809463,0.7952425745661271,0.06385068762278978,65,0.11296660117878192,0.17779960707269155,0.36160161337073304,0.47119630149083186,0.02008541730192488,0.11296660117878192,0.4347826086956522,0.6408839779005525
llama31-8b-base,gemma4-12b-base,rte,111,62,0.7590520078999341,0.7890059249506254,0.10225921521997616,0.14822134387351782,0.41379310344827586,0.375,0.7100065832784725,0.07899934167215283,0.6464779460171165,0.1125740618828176,0.8412059629923965,0.24315355637208902,0.4531870466831287,0.45161290322580644,28,0.532258064516129,0.5645161290322581,0.6109480166140205,0.6520763187429854,0.300468262226847,0.532258064516129,0.1515151515151515,0.20000000000000007
llama31-8b-base,gemma4-12b-base,truthfulqa,654,327,0.8842222409262221,0.8785549289715606,0.3671417854463616,0.2616019634091923,0.6085626911314985,0.43902439024390244,0.7216190182270479,0.15693591074451274,0.7379289060965688,0.14629333482965334,0.7391115401125734,0.4421737826926937,0.6239285514157797,0.05198776758409786,17,0.1651376146788991,0.12538226299694188,0.2544151526276385,0.29884749396944527,0.020705327834357377,0.12538226299694188,0.5853658536585366,0.5853658536585366
llama31-8b-base,gemma4-31b,boolq,1308,475,0.7668970746193213,0.8310406267770266,0.04830470980975743,0.16187880058712512,0.19850746268656716,0.21712538226299694,0.6647905477980667,0.16625007897895994,0.5255550641309155,0.24134201048840587,0.2227712988553221,0.25775392301438926,0.40680234441396723,0.2905263157894737,138,0.6189473684210526,0.4168421052631579,0.13582892862062032,0.20475472961660804,0.258003324099723,0.4168421052631579,0.303030303030303,0.303030303030303
llama31-8b-base,gemma4-31b,geometry_of_truth,2012,1000,0.9974249011857708,0.9628982213438735,0.06514907222692867,0.45529668495876263,0.11925708699902249,0.4393638170974155,0.7530869565217391,0.2098112648221344,0.9494555335968379,0.04796936758893289,0.8932395065451376,0.8162259298573042,0.8481441829775415,0.011,11,0.022,0.113,0.18333772854680608,0.4363021420518598,0.002486,0.022,0.5,0.9026548672566372
llama31-8b-base,gemma4-31b,rte,111,62,0.7590520078999341,0.6277156023699803,0.10225921521997616,-0.000645161290322549,0.41379310344827586,0.4107142857142857,0.5381830151415404,0.08953258722843982,0.7340355497037524,0.0250164581961817,0.31421531947393805,-0.03907981856739284,0.0694308165883537,0.3709677419354839,23,0.532258064516129,0.6129032258064516,0.18410901684838202,0.21717171717171718,0.3262226847034339,0.532258064516129,0.303030303030303,0.39473684210526316
llama31-8b-base,gemma4-31b,truthfulqa,654,327,0.8842222409262221,0.7854838257161294,0.3671417854463616,0.44235373335328443,0.6085626911314985,0.5443425076452599,0.6690327226477383,0.11645110306839113,0.6737554826099561,0.21046675831626604,0.3247709606815435,0.16859501628463258,0.3138615520488437,0.07339449541284404,24,0.1651376146788991,0.25382262996941896,0.1948058294976654,0.25546448087431695,0.04191566366467469,0.1651376146788991,0.5555555555555556,0.7108433734939759
llama31-8b-base,gptj-6b,boolq,1308,475,0.7668970746193213,0.6656902761104442,0.04830470980975743,0.20653974953779597,0.19850746268656716,0.6237482117310443,0.4893182536172364,0.17637202249320777,0.5100524420294433,0.256844632589878,0.5664427521122093,0.6201803546574852,0.6572286165178055,0.5831578947368421,277,0.6189473684210526,0.8757894736842106,0.2565316516397062,0.5344748068719011,0.5420675900277008,0.6189473684210526,0.05782312925170063,0.3341346153846154
llama31-8b-base,gptj-6b,geometry_of_truth,2012,1000,0.9974249011857708,0.9835780632411067,0.06514907222692867,0.5482477023411999,0.11925708699902249,0.5464190981432361,0.8833596837944664,0.10021837944664036,0.9692173913043478,0.028207509881422954,0.9332330473766276,0.8804387884010134,0.8997683900140669,0.013,13,0.022,0.074,0.2961656796054338,0.5582171608089534,0.0016279999999999999,0.022,0.40909090909090906,0.8243243243243243
llama31-8b-base,gptj-6b,imdb,2000,1018,0.9481712074712207,0.9469618156282635,0.25079113924050633,0.48659038116650455,0.3602199816681943,0.5482625482625483,0.6141499845950089,0.3328118310332546,0.6508898883238169,0.29728131914740386,0.7250695213254822,0.7064291297039704,0.7480801592434367,0.05893909626719057,60,0.11296660117878192,0.13163064833005894,0.41177472382591335,0.44924257328349365,0.014869866952806265,0.11296660117878192,0.4782608695652173,0.5522388059701493
llama31-8b-base,gptj-6b,rte,111,62,0.7590520078999341,0.6645819618169848,0.10225921521997616,0.27960526315789475,0.41379310344827586,0.3709677419354839,0.5154707044107966,0.14911125740618825,0.5516787360105333,0.2073732718894008,0.7075672386036023,0.2771977061267591,0.4503468250254753,0.5161290322580645,32,0.532258064516129,0.9032258064516129,0.2398354082246081,0.6868686868686872,0.48074921956295524,0.532258064516129,0.030303030303030276,0.4285714285714286
llama31-8b-base,gptj-6b,truthfulqa,654,327,0.8842222409262221,0.8530333211757335,0.3671417854463616,0.32313192572626537,0.6085626911314985,0.5137614678899083,0.6986411544108707,0.15439216676486278,0.7270244741838043,0.1571977667424178,0.6239798357088541,0.4775672867475146,0.608782056452698,0.08256880733944955,27,0.1651376146788991,0.14678899082568808,0.44388944703728545,0.47596153846153855,0.02424038380607693,0.14678899082568808,0.4375,0.4375
llama31-8b-base,llama-8b,boolq,1308,475,0.7668970746193213,0.8544310355721236,0.04830470980975743,0.04359931113662474,0.19850746268656716,0.13302752293577982,0.8209869210842231,0.03344411448790052,0.691125292222152,0.07577178239716931,0.9174505298534065,0.8278699165129297,0.8287711174805563,0.3410526315789474,162,0.6189473684210526,0.4105263157894737,0.3639902319348105,0.5558861028474287,0.25409418282548474,0.4105263157894737,0.16923076923076918,0.16923076923076918
llama31-8b-base,llama-8b,geometry_of_truth,2012,1000,0.9974249011857708,0.9984980237154151,0.06514907222692867,0.004826841706890184,0.11925708699902249,0.006958250497017893,0.9969367588932806,0.0015612648221344783,0.9884051383399209,0.009019762845849821,0.9872534661159019,0.9430103079446673,0.9508891870086782,0.014,14,0.022,0.02,0.6603145789049177,0.6932515337423311,0.00043999999999999996,0.02,0.30000000000000004,0.30000000000000004
llama31-8b-base,llama-8b,imdb,2000,1018,0.9481712074712207,0.9719108991313186,0.25079113924050633,0.003963849690819643,0.3602199816681943,0.019,0.9618946538678531,0.01001624526346545,0.7886415198524322,0.1595296876187885,0.9468393743032848,0.8968630695777835,0.8996925904602705,0.06581532416502947,67,0.11296660117878192,0.10903732809430255,0.5422169963565073,0.553121227539832,0.01231757635642907,0.10903732809430255,0.39639639639639634,0.39639639639639634
llama31-8b-base,llama-8b,rte,111,62,0.7590520078999341,0.8127057274522712,0.10225921521997616,0.0039525691699604515,0.41379310344827586,0.21428571428571427,0.7886767610269915,0.02402896642527974,0.7491770901909152,0.009874917709018938,0.9480305213145497,0.5111558844532813,0.5270460084895623,0.43548387096774194,27,0.532258064516129,0.4838709677419355,0.7136158973164913,0.7862068965517238,0.25754422476586886,0.4838709677419355,0.09999999999999998,0.09999999999999998
llama31-8b-base,llama-8b,truthfulqa,654,327,0.8842222409262221,0.9356301845149585,0.3671417854463616,0.2551085448614602,0.6085626911314985,0.3780487804878049,0.8703625770370993,0.0652676074778592,0.8172151614622788,0.06700707946394335,0.9336261514725649,0.7180089570698789,0.7426564685359193,0.09174311926605505,30,0.1651376146788991,0.1345565749235474,0.5486871600868496,0.6188811188811191,0.022220351822237184,0.1345565749235474,0.3181818181818181,0.3181818181818181
llama31-8b-base,llama31-405b,boolq,1308,475,0.7668970746193213,0.9538838693372085,0.04830470980975743,-1.0338054378222772e-05,0.19850746268656716,0.03211009174311927,0.92375055285272,0.03013331648448847,0.6014607948442535,0.1654362797750678,0.6906857349528804,0.4885379455467441,0.6822579423928201,0.14736842105263157,70,0.6189473684210526,0.17894736842105263,0.19666420837942614,0.536886577835554,0.11075900277008309,0.17894736842105263,0.17647058823529416,0.17647058823529416
llama31-8b-base,llama31-405b,geometry_of_truth,2012,1000,0.9974249011857708,0.9992994071146246,0.06514907222692867,0.02268716373487989,0.11925708699902249,0.01485148514851485,0.9978349802371542,0.0014644268774703928,0.9833339920948617,0.014090909090909043,0.8925788782694243,0.8882501332728329,0.9284967824026249,0.011,11,0.022,0.012,0.6721909169172547,0.9147920927062028,0.00026399999999999997,0.012,0.08333333333333337,0.08333333333333337
llama31-8b-base,llama31-405b,imdb,2000,1018,0.9481712074712207,0.9815920358196056,0.25079113924050633,-0.002429182194380375,0.3602199816681943,0.006789524733268671,0.9772386253146019,0.0043534105050037075,0.6470576466775234,0.30111356079369733,0.8161559034988426,0.6812162447064958,0.7785839548192394,0.04616895874263261,47,0.11296660117878192,0.06974459724950884,0.47488193520334854,0.6189228393617521,0.007878810101860034,0.06974459724950884,0.3380281690140845,0.3380281690140845
llama31-8b-base,llama31-405b,rte,111,62,0.7590520078999341,0.9381171823568137,0.10225921521997616,0.014102564102564163,0.41379310344827586,0.08928571428571429,0.8917050691244239,0.04641211323238981,0.750164581961817,0.008887425938117088,0.8292658948421953,0.36742681710508873,0.46023131888726665,0.1935483870967742,12,0.532258064516129,0.25806451612903225,0.2573705644960059,0.4655172413793103,0.13735691987513007,0.25806451612903225,0.25,0.25
llama31-8b-base,llama31-405b,truthfulqa,654,327,0.8842222409262221,0.9737021762103826,0.3671417854463616,0.059963167587476884,0.6085626911314985,0.09063444108761329,0.9307016805543866,0.04300049565599595,0.7763843297889254,0.1078379111372968,0.7825407850235491,0.536284779546882,0.6427406895884815,0.04281345565749235,14,0.1651376146788991,0.08868501529051988,0.26685149062863994,0.38044713906782884,0.014645231882838146,0.08868501529051988,0.5172413793103449,0.5172413793103449
llama31-8b-base,llama31-70b,boolq,1308,475,0.7668970746193213,0.9376559044670498,0.04830470980975743,-0.0013040046669641203,0.19850746268656716,0.03765060240963856,0.8840538320591396,0.05360207240791026,0.6308814051936564,0.1360156694256649,0.8816079649419292,0.6474147696598667,0.7069134621101674,0.18105263157894738,86,0.6189473684210526,0.2231578947368421,0.2123075293227703,0.5048472844782653,0.13812299168975067,0.2231578947368421,0.18867924528301883,0.18867924528301883
llama31-8b-base,llama31-70b,geometry_of_truth,2012,1000,0.9974249011857708,0.9990503952569171,0.06514907222692867,0.004721374045801641,0.11925708699902249,0.0107421875,0.9975464426877471,0.0015039525691700195,0.9876452569169961,0.009779644268774645,0.9692937117663137,0.9151259072899731,0.9256689826359507,0.011,11,0.022,0.016,0.5785351282117258,0.6804703476482618,0.000352,0.016,0.3125,0.3125
llama31-8b-base,llama31-70b,imdb,2000,1018,0.9481712074712207,0.9821732241246164,0.25079113924050633,0.001270650367035886,0.3602199816681943,0.008620689655172414,0.9805176877308248,0.001655536393791568,0.7618088260596433,0.18636238141157746,0.9230934131810391,0.77930607505741,0.8088848494299743,0.04616895874263261,47,0.11296660117878192,0.0618860510805501,0.513655537599062,0.7136880592030093,0.006991056850946229,0.0618860510805501,0.25396825396825395,0.25396825396825395
llama31-8b-base,llama31-70b,rte,111,62,0.7590520078999341,0.9420671494404212,0.10225921521997616,-0.003906250000000111,0.41379310344827586,0.03571428571428571,0.9183673469387754,0.023699802501645828,0.6836734693877551,0.07537853851217902,0.9361643723484726,0.45000728863829764,0.4838968099146195,0.1935483870967742,12,0.532258064516129,0.24193548387096775,0.30314389031477507,0.5724137931034481,0.12877211238293443,0.24193548387096775,0.20000000000000007,0.20000000000000007
llama31-8b-base,llama31-70b,truthfulqa,654,327,0.8842222409262221,0.9623114403015085,0.3671417854463616,0.12582825337927372,0.6085626911314985,0.19756838905775076,0.8885989768912083,0.07371246341030024,0.7628052258975581,0.12141701502866409,0.9120181118042994,0.6119648210572568,0.654790405166914,0.0581039755351682,19,0.1651376146788991,0.1162079510703364,0.32702337226875705,0.4010989010989013,0.01919030384647757,0.1162079510703364,0.5,0.5
llama31-8b-base,llama31-70b-base,boolq,1308,475,0.7668970746193213,0.8779857206040311,0.04830470980975743,0.11658356417359172,0.19850746268656716,0.13082706766917293,0.7736778922095153,0.1043078283945158,0.6842484362165919,0.0826486384027294,0.790420371681084,0.5950430909715869,0.6625013511268196,0.30105263157894735,143,0.6189473684210526,0.37684210526315787,0.28812286258544506,0.4722059322818605,0.23324542936288084,0.37684210526315787,0.2011173184357542,0.2011173184357542
llama31-8b-base,llama31-70b-base,geometry_of_truth,2012,1000,0.9974249011857708,0.9983873517786561,0.06514907222692867,0.04919332892741901,0.11925708699902249,0.060077519379844964,0.9955770750988142,0.0028102766798419054,0.986203557312253,0.011221343873517808,0.986538820049623,0.9035407426163891,0.921863501083512,0.011,11,0.022,0.019,0.5284156666241246,0.569475836831342,0.00041799999999999997,0.019,0.42105263157894735,0.42105263157894735
llama31-8b-base,llama31-70b-base,imdb,2000,1018,0.9481712074712207,0.9586415998783605,0.25079113924050633,0.3592676684727091,0.3602199816681943,0.42120075046904315,0.7488826379747038,0.20975896190365673,0.7534831285336449,0.1946880789375759,0.9251683996304992,0.7518822707678109,0.7950826522211955,0.05893909626719057,60,0.11296660117878192,0.12573673870333987,0.42623650668376595,0.4529555446995603,0.014204052014620909,0.11296660117878192,0.4782608695652173,0.53125
llama31-8b-base,llama31-70b-base,rte,111,62,0.7590520078999341,0.8225806451612903,0.10225921521997616,-0.005639097744360777,0.41379310344827586,0.3050847457627119,0.7472021066491112,0.07537853851217902,0.749835418038183,0.009216589861751112,0.9319892519067812,0.43550225378941065,0.47300797757960844,0.3387096774193548,21,0.532258064516129,0.4838709677419355,0.32550900579348735,0.35862068965517235,0.25754422476586886,0.4838709677419355,0.30000000000000004,0.30000000000000004
llama31-8b-base,llama31-70b-base,truthfulqa,654,327,0.8842222409262221,0.9157010726743914,0.3671417854463616,0.2955903598634094,0.6085626911314985,0.3657142857142857,0.7694919058440648,0.1462091668303266,0.7202910342376716,0.16393120668855055,0.9099145299977854,0.6072564044432147,0.649601683211289,0.0856269113149847,28,0.1651376146788991,0.20489296636085627,0.34558164902537014,0.39444444444444454,0.03383553572931572,0.1651376146788991,0.4814814814814815,0.582089552238806
llama31-8b-base,olmo3-7b,boolq,1308,475,0.7668970746193213,0.8341062740885827,0.04830470980975743,0.1841299624728422,0.19850746268656716,0.24770642201834864,0.5553471915081822,0.2787590825804005,0.6256675301699627,0.14122954444935865,0.8335207079411212,0.47665307375269894,0.6291178246963646,0.40842105263157896,194,0.6189473684210526,0.5326315789473685,0.32500410400387736,0.3880069006179983,0.32967091412742383,0.5326315789473685,0.23320158102766797,0.23320158102766797
llama31-8b-base,olmo3-7b,geometry_of_truth,2012,1000,0.9974249011857708,0.9942687747035572,0.06514907222692867,0.022741228070175423,0.11925708699902249,0.019880715705765408,0.9863181818181818,0.007950592885375474,0.9781778656126483,0.019247035573122462,0.9407467641683145,0.8149688158236386,0.8981795287095244,0.018,18,0.022,0.052,0.5175685925525629,0.8082086689681623,0.0011439999999999998,0.022,0.18181818181818188,0.6538461538461539
llama31-8b-base,olmo3-7b,imdb,2000,1018,0.9481712074712207,0.9686388389838309,0.25079113924050633,0.15151949541284404,0.3602199816681943,0.128,0.922941032894658,0.04569780608917284,0.6456511909858794,0.3025200164853413,0.8748071376402463,0.6397663007652694,0.7269936706897419,0.05893909626719057,60,0.11296660117878192,0.10707269155206287,0.47858217545818926,0.49320816442642784,0.012095638043700618,0.10707269155206287,0.4495412844036697,0.4495412844036697
llama31-8b-base,olmo3-7b,rte,111,62,0.7590520078999341,0.8581303489137591,0.10225921521997616,0.007309941520467822,0.41379310344827586,0.25,0.825543120473996,0.03258722843976303,0.7297564186965109,0.029295589203423233,0.7750908522350142,0.12186424762957693,0.4028246465306127,0.3225806451612903,20,0.532258064516129,0.3870967741935484,0.4795397648143903,0.6436781609195401,0.2060353798126951,0.3870967741935484,0.16666666666666663,0.16666666666666663
llama31-8b-base,olmo3-7b,truthfulqa,654,327,0.8842222409262221,0.8972495768220035,0.3671417854463616,0.37460721232979205,0.6085626911314985,0.5045871559633027,0.7438019620495842,0.1534476147724193,0.7267532661859739,0.15746897474024824,0.7421228398332758,0.309010287974294,0.5672338493246034,0.06116207951070336,20,0.1651376146788991,0.1834862385321101,0.21473581287815763,0.22888056595921769,0.030300479757596165,0.1651376146788991,0.6296296296296297,0.6666666666666667
llama31-8b-base,qwen3-1.7b,boolq,1308,475,0.7668970746193213,0.8171352751626967,0.04830470980975743,0.22837342250026982,0.19850746268656716,0.22324159021406728,0.6708434952928539,0.14629177986984276,0.5474417135275164,0.21945536109180497,0.7060200909539616,0.5946439130426003,0.584721427814531,0.391578947368421,186,0.6189473684210526,0.511578947368421,0.30869682113336255,0.3844212536661894,0.3166404432132964,0.511578947368421,0.23456790123456794,0.23456790123456794
llama31-8b-base,qwen3-1.7b,geometry_of_truth,2012,1000,0.9974249011857708,0.9934357707509882,0.06514907222692867,0.34411173291343944,0.11925708699902249,0.24652087475149106,0.9851007905138339,0.008334980237154288,0.9766235177865613,0.02080138339920945,0.8781849495469449,0.8391940136440245,0.8810747101629754,0.014,14,0.022,0.051,0.3990703470385138,0.6168215346297538,0.001122,0.022,0.36363636363636354,0.7254901960784313
llama31-8b-base,qwen3-1.7b,imdb,2000,1018,0.9481712074712207,0.9536549842148856,0.25079113924050633,0.14734994199181772,0.3602199816681943,0.2057942057942058,0.49293170987399915,0.46072327434088645,0.6215113696837775,0.32665983778744323,0.7229988350500144,0.666601011861885,0.6645911472157763,0.0550098231827112,56,0.11296660117878192,0.1237721021611002,0.39356125112518225,0.4144862546305324,0.013982113701892458,0.11296660117878192,0.5130434782608695,0.5555555555555556
llama31-8b-base,qwen3-1.7b,rte,111,62,0.7590520078999341,0.8772218564845293,0.10225921521997616,0.25320056899004273,0.41379310344827586,0.3392857142857143,0.80348913759052,0.07373271889400934,0.7527978933508886,0.006254114549045453,0.7379922179380726,0.2580135657003043,0.3853830315021445,0.2903225806451613,18,0.532258064516129,0.4838709677419355,0.13145556003198527,0.14482758620689654,0.25754422476586886,0.4838709677419355,0.4,0.4
llama31-8b-base,qwen3-1.7b,truthfulqa,654,327,0.8842222409262221,0.8749731130002151,0.3671417854463616,0.3389193929688095,0.6085626911314985,0.43119266055045874,0.6878021864975825,0.18717092650263256,0.6855109465159124,0.19871129441030977,0.645631231403682,0.40584206789113775,0.5139398188086132,0.0764525993883792,25,0.1651376146788991,0.1743119266055046,0.3383896881951071,0.3495884773662551,0.028785455769716358,0.1651376146788991,0.5370370370370371,0.5614035087719299
llama31-8b-base,qwen3-32b,boolq,1308,475,0.7668970746193213,0.9175105831806406,0.04830470980975743,0.01116746986681294,0.19850746268656716,0.05963302752293578,0.794108801415303,0.12340178176533756,0.5705844443040373,0.196312630315284,0.6332090676687157,0.5882789314004309,0.6751419354375322,0.2063157894736842,98,0.6189473684210526,0.24842105263157896,0.25045135268934204,0.5552017979211537,0.15375955678670358,0.24842105263157896,0.16949152542372892,0.16949152542372892
llama31-8b-base,qwen3-32b,geometry_of_truth,2012,1000,0.9974249011857708,0.9991205533596839,0.06514907222692867,0.1296819531985801,0.11925708699902249,0.020874751491053677,0.9974881422924902,0.0016324110671936953,0.9860088932806323,0.011416007905138414,0.8553144581863186,0.7973399673496173,0.9056384046318254,0.012,12,0.022,0.016,0.632867878795096,0.7443762781186094,0.000352,0.016,0.25,0.25
llama31-8b-base,qwen3-32b,imdb,2000,1018,0.9481712074712207,0.9749198740391887,0.25079113924050633,-0.0009083050676402804,0.3602199816681943,0.016966067864271458,0.938229986515631,0.03668988752355762,0.6599638282803628,0.2882073791908579,0.5790134836350824,0.7418135970904647,0.7723233225079162,0.05009823182711198,51,0.11296660117878192,0.07858546168958742,0.48391791842843185,0.5913344407530455,0.008877532509138067,0.07858546168958742,0.36250000000000004,0.36250000000000004
llama31-8b-base,qwen3-32b,rte,111,62,0.7590520078999341,0.9634628044766294,0.10225921521997616,0.12364864864864855,0.41379310344827586,0.15789473684210525,0.967412771560237,-0.0039499670836076195,0.6938775510204082,0.06517445687952594,0.6903471453362306,0.33399839562203715,0.4546324554709742,0.12903225806451613,8,0.532258064516129,0.16129032258064516,0.23531545267983145,0.5724137931034483,0.08584807492195629,0.16129032258064516,0.19999999999999996,0.19999999999999996
llama31-8b-base,qwen3-32b,truthfulqa,654,327,0.8842222409262221,0.9692412722460698,0.3671417854463616,0.16423754215061814,0.6085626911314985,0.22935779816513763,0.843709377250325,0.1255318949957448,0.73468376212253,0.1495384788036922,0.5575158995885011,0.4239473052724354,0.6042451076109312,0.05504587155963303,18,0.1651376146788991,0.12232415902140673,0.28641364420498994,0.3412087912087913,0.020200319838397443,0.12232415902140673,0.55,0.55
llama31-8b-base,qwen3-8b,boolq,1308,475,0.7668970746193213,0.8986440892146333,0.04830470980975743,0.05791505791505802,0.19850746268656716,0.11297709923664122,0.8343716433941998,0.06427244582043357,0.6356302521008403,0.13126682251848099,0.5679954392853259,0.5049747882321293,0.623389157576691,0.2694736842105263,128,0.6189473684210526,0.3368421052631579,0.2656991793527334,0.4751381215469613,0.20848753462603875,0.3368421052631579,0.19999999999999996,0.19999999999999996
llama31-8b-base,qwen3-8b,geometry_of_truth,2012,1000,0.9974249011857708,0.9976422924901186,0.06514907222692867,0.3637252771136711,0.11925708699902249,0.042743538767395624,0.9952895256916997,0.0023527667984188927,0.9868873517786562,0.0105375494071146,0.8675398646581662,0.8062411489347054,0.9034937215669605,0.015,15,0.022,0.024,0.6446400093712252,0.6739940387481369,0.0005279999999999999,0.022,0.3181818181818181,0.375
llama31-8b-base,qwen3-8b,imdb,2000,1018,0.9481712074712207,0.9709705944726091,0.25079113924050633,0.005154241786803793,0.3602199816681943,0.101,0.9590017165561642,0.011968877916444964,0.7111604159747758,0.237010791496445,0.6177083316279246,0.694747233520139,0.7458735359849237,0.0481335952848723,49,0.11296660117878192,0.08447937131630648,0.43835215567089025,0.5149759200597492,0.009543347447323424,0.08447937131630648,0.43023255813953487,0.43023255813953487
llama31-8b-base,qwen3-8b,rte,111,62,0.7590520078999341,0.9338380513495721,0.10225921521997616,0.0714285714285714,0.41379310344827586,0.25,0.9256089532587228,0.008229098090849263,0.7290980908492429,0.02995391705069117,0.673115702083048,0.18286257211389556,0.4203920337900112,0.20967741935483872,13,0.532258064516129,0.24193548387096775,0.3786255015578115,0.714942528735632,0.12877211238293443,0.24193548387096775,0.1333333333333333,0.1333333333333333
llama31-8b-base,qwen3-8b,truthfulqa,654,327,0.8842222409262221,0.9380804084953567,0.3671417854463616,0.3347204266321915,0.6085626911314985,0.345565749235474,0.8185150894518791,0.11956531904347756,0.7628706898970344,0.12135155102918771,0.4533477130830054,0.3326054672044819,0.5809416241953356,0.0672782874617737,22,0.1651376146788991,0.14067278287461774,0.3412012612785113,0.3750597228858098,0.02323036781415706,0.14067278287461774,0.5217391304347827,0.5217391304347827
llama31-8b-base,qwen3-8b-base,boolq,1308,475,0.7668970746193213,0.8936298730018324,0.04830470980975743,0.20082443197618294,0.19850746268656716,0.172782874617737,0.679406078220762,0.21422379478107034,0.659922916535035,0.10697415808428634,0.19361595884235916,0.47646685498751884,0.6315830026065179,0.2926315789473684,139,0.6189473684210526,0.35789473684210527,0.30545862215023856,0.5214494637634056,0.22151800554016618,0.35789473684210527,0.1823529411764706,0.1823529411764706
llama31-8b-base,qwen3-8b-base,geometry_of_truth,2012,1000,0.9974249011857708,0.9982579051383399,0.06514907222692867,0.33702642975354036,0.11925708699902249,0.11232604373757456,0.9959802371541502,0.002277667984189713,0.9764772727272728,0.020947628458497958,0.8265362567882829,0.8266300977646241,0.9069945360144686,0.016,16,0.022,0.031,0.6025298426859628,0.7185477061638051,0.000682,0.022,0.2727272727272727,0.4838709677419355
llama31-8b-base,qwen3-8b-base,imdb,2000,1018,0.9481712074712207,0.9755150668816697,0.25079113924050633,0.03611020442703605,0.3602199816681943,0.091,0.8905625422636936,0.08495252461797609,0.5442653419707986,0.4039058655004222,0.5784425981303966,0.733627776910247,0.7816375525453448,0.05893909626719057,60,0.11296660117878192,0.09233791748526522,0.5293174084121924,0.592233924742584,0.01043110069823723,0.09233791748526522,0.36170212765957444,0.36170212765957444
llama31-8b-base,qwen3-8b-base,rte,111,62,0.7590520078999341,0.9157340355497038,0.10225921521997616,-0.09999999999999998,0.41379310344827586,0.17857142857142858,0.9371296905859119,-0.021395655036208105,0.728768926925609,0.030283080974325083,0.495562020591013,0.19976767539194606,0.4226458041051978,0.24193548387096775,15,0.532258064516129,0.27419354838709675,0.4312604976313733,0.7484787018255578,0.1459417273673257,0.27419354838709675,0.11764705882352933,0.11764705882352933
llama31-8b-base,qwen3-8b-base,truthfulqa,654,327,0.8842222409262221,0.9195073366439414,0.3671417854463616,0.3811862269270455,0.6085626911314985,0.4115853658536585,0.78882248968942,0.13068484695452132,0.7553984419568126,0.12882379896940954,0.37329065306455794,0.36831003686913444,0.5915802228596438,0.0764525993883792,25,0.1651376146788991,0.1651376146788991,0.3567358567358569,0.3567358567358569,0.027270431781836548,0.1651376146788991,0.5370370370370371,0.5370370370370371
llama31-8b-base,qwen38-27b,boolq,1308,475,0.7668970746193213,0.9392279016869906,0.04830470980975743,0.28872057448797483,0.19850746268656716,0.1173780487804878,0.8007935805901307,0.13843432109685982,0.6805459025715549,0.08635117204776643,0.8752761295097946,0.6213597668512967,0.675903811338403,0.1705263157894737,81,0.6189473684210526,0.21052631578947367,0.20315057093355177,0.5013812154696133,0.13030470914127423,0.21052631578947367,0.18999999999999995,0.18999999999999995
llama31-8b-base,qwen38-27b,geometry_of_truth,2012,1000,0.9974249011857708,0.9983764822134387,0.06514907222692867,0.3612122252747253,0.11925708699902249,0.09542743538767395,0.9955167984189723,0.002859683794466328,0.9831640316205533,0.014260869565217438,0.9253417849868262,0.8699969106999287,0.9113674944614516,0.013,13,0.022,0.025,0.5436460932372998,0.5804195804195803,0.00055,0.022,0.40909090909090906,0.4800000000000001
llama31-8b-base,qwen38-27b,rte,111,62,0.7590520078999341,0.967083607636603,0.10225921521997616,0.40421455938697326,0.41379310344827586,0.44642857142857145,0.9493087557603687,0.017774851876234288,0.718235681369322,0.04081632653061207,0.8972762238090805,0.3907573901396548,0.45506803522689343,0.1774193548387097,11,0.532258064516129,0.20967741935483872,0.3240371741355691,0.6710875331564987,0.11160249739854318,0.20967741935483872,0.15384615384615385,0.15384615384615385
llama31-8b-base,qwen38-27b,truthfulqa,654,327,0.8842222409262221,0.9541471443668228,0.3671417854463616,0.4319339375327689,0.6085626911314985,0.4923547400611621,0.8512470891900233,0.10290005517679945,0.7321119621431043,0.1521102787831179,0.8590891957861828,0.5030569312663248,0.6168342287118571,0.0581039755351682,19,0.1651376146788991,0.1345565749235474,0.28320051563804705,0.31943056943056947,0.022220351822237184,0.1345565749235474,0.5681818181818181,0.5681818181818181
olmo3-7b,gemma2-9b,boolq,1308,475,0.8341062740885827,0.9097794907436658,0.1841299624728422,0.03949897873362973,0.24770642201834864,0.12102874432677761,0.7779490743665887,0.13183041637707715,0.6023731597902319,0.23173311429835086,0.6018674485155358,0.5234592812553074,0.45088078991548175,0.18947368421052632,90,0.5326315789473685,0.25473684210526315,0.24744591464052124,0.45182786091877,0.1356808864265928,0.25473684210526315,0.25619834710743794,0.25619834710743794
olmo3-7b,gemma2-9b,geometry_of_truth,2012,1000,0.9942687747035572,0.9984673913043478,0.022741228070175423,0.07388008475840868,0.019880715705765408,0.014577259475218658,0.9966620553359684,0.0018053359683793957,0.9904604743083004,0.003808300395256814,0.9322649005092891,0.8644086638511796,0.8144500613390642,0.017,17,0.052,0.021,0.4996993086227378,0.7990757484428369,0.001092,0.021,0.19047619047619047,0.19047619047619047
olmo3-7b,gemma2-9b,imdb,2000,1018,0.9686388389838309,0.9717328414406267,0.15151949541284404,-0.00011345483589886296,0.128,0.025565388397246803,0.9610903932874251,0.010642448153201589,0.9539010639447181,0.014737775039112777,0.7762722918970689,0.6394549925171888,0.6054258420212465,0.07072691552062868,72,0.10707269155206287,0.08349705304518663,0.7223452297642244,0.8287193425224879,0.0089402542062135,0.08349705304518663,0.15294117647058825,0.15294117647058825
olmo3-7b,gemma2-9b,rte,111,62,0.8581303489137591,0.9430546412113232,0.007309941520467822,0.006666666666666599,0.25,0.017241379310344827,0.9265964450296247,0.016458196181698526,0.8508887425938116,0.0072416063199474134,0.738677908532087,0.2526930186803854,0.1824226813202413,0.16129032258064516,10,0.3870967741935484,0.22580645161290322,0.36277410919527137,0.5338345864661652,0.0874089490114464,0.22580645161290322,0.2857142857142857,0.2857142857142857
olmo3-7b,gemma2-9b,truthfulqa,654,327,0.8972495768220035,0.9443930084448559,0.37460721232979205,0.14681540808543103,0.5045871559633027,0.25914634146341464,0.834918497320652,0.10947451112420381,0.8122960095016318,0.08495356732037163,0.6213646924868017,0.3879451061049797,0.288206567167936,0.0672782874617737,22,0.1834862385321101,0.1712538226299694,0.2458907511979698,0.2564205457463884,0.031422719748618246,0.1712538226299694,0.6071428571428572,0.6071428571428572
olmo3-7b,gemma4-12b,boolq,1308,475,0.8341062740885827,0.5638819738421684,0.1841299624728422,0.06143355209187862,0.24770642201834864,0.3516819571865443,0.49641245972073045,0.06746951412143798,0.5822910216718266,0.2518152524167562,0.19574353898762037,-0.047823000900846235,-0.008918427996210454,0.5242105263157895,249,0.5326315789473685,0.9642105263157895,0.11481488959939778,0.5582422692397123,0.5135689750692521,0.5326315789473685,0.015810276679842028,0.45633187772925765
olmo3-7b,gemma4-12b,geometry_of_truth,2012,1000,0.9942687747035572,0.7480750988142292,0.022741228070175423,0.2826014006995602,0.019880715705765408,0.4846077457795432,0.6320839920948617,0.11599110671936752,0.935705533596838,0.05856324110671929,0.5628077881991859,0.6233154694138752,0.61645407216636,0.03,30,0.052,0.338,0.11829550902662962,0.360910992330932,0.017576,0.052,0.423076923076923,0.9112426035502958
olmo3-7b,gemma4-12b,imdb,2000,1018,0.9686388389838309,0.5940754804556677,0.15151949541284404,0.10790438247011958,0.128,0.49201596806387227,0.528041085311641,0.06603439514402676,0.633025100132443,0.3356137388513879,0.08357092313239689,-0.19034722012691496,-0.0152590275656721,0.05893909626719057,60,0.10707269155206287,0.44106090373280943,0.07629716783104667,0.19572402895793364,0.047225578101057195,0.10707269155206287,0.4495412844036697,0.866369710467706
olmo3-7b,gemma4-12b,rte,111,62,0.8581303489137591,0.4427254772876893,0.007309941520467822,-0.04487179487179482,0.25,0.5535714285714286,0.4809084924292298,-0.03818301514154049,0.836405529953917,0.02172481895984202,0.3137706569423607,0.027131887036720093,-0.29211312637334097,0.3387096774193548,21,0.3870967741935484,0.8225806451612904,0.1090475098962797,0.29545454545454547,0.3184183142559834,0.3870967741935484,0.125,0.5882352941176472
olmo3-7b,gemma4-12b,truthfulqa,654,327,0.8972495768220035,0.6490942588072459,0.37460721232979205,0.1617931547619047,0.5045871559633027,0.46646341463414637,0.5767097793863217,0.07238447942092419,0.701091378391269,0.19615819843073445,0.17485058465746814,-0.04204259428636892,-0.23921226742415413,0.08868501529051988,29,0.1834862385321101,0.40672782874617736,0.07392665217145515,0.12912371134020612,0.07462895940296832,0.1834862385321101,0.5166666666666667,0.7819548872180451
olmo3-7b,gemma4-12b-base,boolq,1308,475,0.8341062740885827,0.8315284008340178,0.1841299624728422,0.04747755834829448,0.24770642201834864,0.1491628614916286,0.5674808870916788,0.26404751374233904,0.5489429455992924,0.2851633284892904,0.5280121760649664,0.4554555181708687,0.42606798224128306,0.4147368421052632,197,0.5326315789473685,0.6421052631578947,0.30408671910392315,0.3815391769355964,0.342005540166205,0.5326315789473685,0.22134387351778662,0.35409836065573763
olmo3-7b,gemma4-12b-base,geometry_of_truth,2012,1000,0.9942687747035572,0.9973596837944664,0.022741228070175423,0.13830955334987594,0.019880715705765408,0.09343936381709742,0.99048814229249,0.00687154150197633,0.9901017786561266,0.004166996047430649,0.9085211493611307,0.8381961687812534,0.8031377848990344,0.019,19,0.052,0.026,0.49948620956309125,0.7160012982797791,0.001352,0.026,0.26923076923076916,0.26923076923076916
olmo3-7b,gemma4-12b-base,imdb,2000,1018,0.9686388389838309,0.9185276029433537,0.15151949541284404,0.36237361462181594,0.128,0.4132804757185332,0.6003325077325053,0.3181950952108483,0.9135609937619789,0.055077845221851995,0.7818800427343559,0.5928345024545676,0.59360587644896,0.060903732809430254,62,0.10707269155206287,0.17779960707269155,0.3541297516094766,0.47556257056109097,0.019037482486172277,0.10707269155206287,0.4311926605504587,0.6574585635359116
olmo3-7b,gemma4-12b-base,rte,111,62,0.8581303489137591,0.7890059249506254,0.007309941520467822,0.14822134387351782,0.25,0.375,0.7208689927583937,0.06813693219223171,0.8229098090849243,0.035220539828834774,0.7565894699957323,0.23645217544934927,0.17639829807719176,0.3225806451612903,20,0.3870967741935484,0.5645161290322581,0.430870407960823,0.617283950617284,0.21852237252861603,0.3870967741935484,0.16666666666666663,0.4285714285714286
olmo3-7b,gemma4-12b-base,truthfulqa,654,327,0.8972495768220035,0.8785549289715606,0.37460721232979205,0.2616019634091923,0.5045871559633027,0.43902439024390244,0.7068989703448083,0.17165595862675231,0.7781425057748599,0.11910707104714358,0.7014753788139229,0.37801220839031824,0.28114675858639193,0.045871559633027525,15,0.1834862385321101,0.12538226299694188,0.17839088607508458,0.22334886270211018,0.023005919815952642,0.12538226299694188,0.6341463414634145,0.6341463414634145
olmo3-7b,gemma4-31b,boolq,1308,475,0.8341062740885827,0.8310406267770266,0.1841299624728422,0.16187880058712512,0.24770642201834864,0.21712538226299694,0.5547962342831869,0.2762443924938397,0.5689391546092122,0.26516711947937055,0.21316115179743833,0.2057914166728928,0.20326572342945692,0.2673684210526316,127,0.5326315789473685,0.4168421052631579,0.18433544732915738,0.23275548275548277,0.22202326869806097,0.4168421052631579,0.35858585858585856,0.35858585858585856
olmo3-7b,gemma4-31b,geometry_of_truth,2012,1000,0.9942687747035572,0.9628982213438735,0.022741228070175423,0.45529668495876263,0.019880715705765408,0.4393638170974155,0.8206610671936759,0.14223715415019755,0.9694318181818182,0.024836956521739006,0.8350103434091132,0.823162665177074,0.7588138326911679,0.023,23,0.052,0.113,0.2436118147603291,0.3712600815193822,0.005876,0.052,0.5576923076923077,0.7964601769911505
olmo3-7b,gemma4-31b,rte,111,62,0.8581303489137591,0.6277156023699803,0.007309941520467822,-0.000645161290322549,0.25,0.4107142857142857,0.6033574720210665,0.024358130348913765,0.8354180381830152,0.022712310730743868,0.28382525372796136,0.020805245334525546,-0.1386026645633489,0.27419354838709675,17,0.3870967741935484,0.6129032258064516,0.15570175438596495,0.24652777777777785,0.2372528616024974,0.3870967741935484,0.29166666666666674,0.5526315789473685
olmo3-7b,gemma4-31b,truthfulqa,654,327,0.8972495768220035,0.7854838257161294,0.37460721232979205,0.44235373335328443,0.5045871559633027,0.5443425076452599,0.6989778264081774,0.086505999307952,0.7207305782341553,0.17651899858784814,0.35765362219664104,0.18773688205423023,0.07176321380078499,0.08256880733944955,27,0.1834862385321101,0.25382262996941896,0.21368926036707434,0.2629098360655736,0.046572959627416324,0.1834862385321101,0.55,0.6746987951807228
olmo3-7b,gptj-6b,boolq,1308,475,0.8341062740885827,0.6656902761104442,0.1841299624728422,0.20653974953779597,0.24770642201834864,0.6237482117310443,0.503936311366652,0.16175396474379222,0.48305553800467554,0.3510507360839072,0.6268022905430071,0.5963566254903665,0.4768174532332079,0.5073684210526316,241,0.5326315789473685,0.8757894736842106,0.24851413847188436,0.6181416225631405,0.46647313019390585,0.5326315789473685,0.04743083003952575,0.420673076923077
olmo3-7b,gptj-6b,geometry_of_truth,2012,1000,0.9942687747035572,0.9835780632411067,0.022741228070175423,0.5482477023411999,0.019880715705765408,0.5464190981432361,0.9095622529644268,0.07401581027667992,0.9862964426877471,0.007972332015810157,0.8856264565931832,0.8813786192096401,0.8165770015521767,0.029,29,0.052,0.074,0.4327582248430223,0.5223459046353214,0.0038479999999999994,0.052,0.4423076923076923,0.6081081081081081
olmo3-7b,gptj-6b,imdb,2000,1018,0.9686388389838309,0.9469618156282635,0.15151949541284404,0.48659038116650455,0.128,0.5482625482625483,0.6216054001496485,0.32535641547861505,0.8746083731128885,0.09403046587094233,0.7158454513488097,0.6465331169988747,0.5986870724898063,0.06974459724950884,71,0.10707269155206287,0.13163064833005894,0.5323426843945406,0.5985304495827974,0.01409404780744246,0.10707269155206287,0.3486238532110092,0.4701492537313433
olmo3-7b,gptj-6b,rte,111,62,0.8581303489137591,0.6645819618169848,0.007309941520467822,0.27960526315789475,0.25,0.3709677419354839,0.587557603686636,0.0770243581303488,0.7603686635944701,0.09776168531928897,0.705146491584444,0.27599871300388157,0.18151098003044674,0.3870967741935484,24,0.3870967741935484,0.9032258064516129,0.26013299085723607,0.9999999999999993,0.3496357960457856,0.3870967741935484,0.0,0.5714285714285714
olmo3-7b,gptj-6b,truthfulqa,654,327,0.8972495768220035,0.8530333211757335,0.37460721232979205,0.32313192572626537,0.5045871559633027,0.5137614678899083,0.7225542182195662,0.13047910295616727,0.7336363381309092,0.16361323869109423,0.6592553808011051,0.4374390957619826,0.31239708673239786,0.0672782874617737,22,0.1834862385321101,0.14678899082568808,0.2945277126240427,0.3366104868913858,0.026933759784529925,0.14678899082568808,0.5416666666666667,0.5416666666666667
olmo3-7b,llama-8b,boolq,1308,475,0.8341062740885827,0.8544310355721236,0.1841299624728422,0.04359931113662474,0.24770642201834864,0.13302752293577982,0.7457989511594112,0.10863208441271244,0.5495444493586908,0.2845618247298919,0.8893621595327759,0.6471998044919997,0.49236331145673085,0.28210526315789475,134,0.5326315789473685,0.4105263157894737,0.25849865228777635,0.3306768306768307,0.21865927977839336,0.4105263157894737,0.3128205128205128,0.3128205128205128
olmo3-7b,llama-8b,geometry_of_truth,2012,1000,0.9942687747035572,0.9984980237154151,0.022741228070175423,0.004826841706890184,0.019880715705765408,0.006958250497017893,0.9957124505928854,0.0027855731225296942,0.9896541501976285,0.004614624505928755,0.9623223728083706,0.8961081290202015,0.8251929188320323,0.016,16,0.052,0.02,0.48127989227109397,0.7890295358649789,0.00104,0.02,0.19999999999999996,0.19999999999999996
olmo3-7b,llama-8b,imdb,2000,1018,0.9686388389838309,0.9719108991313186,0.15151949541284404,0.003963849690819643,0.128,0.019,0.9534159067537882,0.018494992377530384,0.9545482736406595,0.014090565343171324,0.8663807301474715,0.720176232366929,0.6352907923041647,0.07858546168958742,80,0.10707269155206287,0.10903732809430255,0.6942722022641128,0.7013847445454822,0.011674920198702336,0.10707269155206287,0.2660550458715596,0.2792792792792793
olmo3-7b,llama-8b,rte,111,62,0.8581303489137591,0.8127057274522712,0.007309941520467822,0.0039525691699604515,0.25,0.21428571428571427,0.7850559578670178,0.027649769585253448,0.8462804476629361,0.01184990125082297,0.8179044328644003,0.40278910088792597,0.13994267814733952,0.3064516129032258,19,0.3870967741935484,0.4838709677419355,0.4894771721406255,0.5963541666666665,0.18730489073881373,0.3870967741935484,0.20833333333333326,0.3666666666666667
olmo3-7b,llama-8b,truthfulqa,654,327,0.8972495768220035,0.9356301845149585,0.37460721232979205,0.2551085448614602,0.5045871559633027,0.3780487804878049,0.8376212252990303,0.09800895921592823,0.8032713295738295,0.09397824724817394,0.7990418836625793,0.5418239666231064,0.30263736065596103,0.06422018348623854,21,0.1834862385321101,0.1345565749235474,0.2992825778345752,0.359805924412666,0.02468927980248576,0.1345565749235474,0.5227272727272727,0.5227272727272727
olmo3-7b,llama31-405b,boolq,1308,475,0.8341062740885827,0.9538838693372085,0.1841299624728422,-1.0338054378222772e-05,0.24770642201834864,0.03211009174311927,0.8969255070449232,0.056958362292285236,0.51921905604347,0.31488721804511277,0.6734446150133084,0.424902895723417,0.5117647820221047,0.1368421052631579,65,0.5326315789473685,0.17894736842105263,0.21715062151173914,0.49655537890831997,0.09531301939058172,0.17894736842105263,0.23529411764705876,0.23529411764705876
olmo3-7b,llama31-405b,geometry_of_truth,2012,1000,0.9942687747035572,0.9992994071146246,0.022741228070175423,0.02268716373487989,0.019880715705765408,0.01485148514851485,0.9980237154150198,0.0012756916996048417,0.9902282608695653,0.004040513833991954,0.9245477759027361,0.8787594511781056,0.8465662699859089,0.012,12,0.052,0.012,0.4705596103921584,1.0000000000000002,0.000624,0.012,0.0,0.0
olmo3-7b,llama31-405b,imdb,2000,1018,0.9686388389838309,0.9815920358196056,0.15151949541284404,-0.002429182194380375,0.128,0.006789524733268671,0.9814569920654294,0.00013504375417627834,0.9608713223084279,0.007767516675402986,0.7625011712514035,0.5746972356706411,0.5694855288528438,0.06286836935166994,64,0.10707269155206287,0.06974459724950884,0.7034138030424184,0.8895861417127631,0.007467741748719512,0.06974459724950884,0.09859154929577463,0.09859154929577463
olmo3-7b,llama31-405b,rte,111,62,0.8581303489137591,0.9381171823568137,0.007309941520467822,0.014102564102564163,0.25,0.08928571428571429,0.9111257406188282,0.02699144173798551,0.8578011849901249,0.0003291639236341348,0.6980746213721342,0.33647838448562495,0.1608676222845986,0.20967741935483872,13,0.3870967741935484,0.25806451612903225,0.5150817050262843,0.694078947368421,0.09989594172736732,0.25806451612903225,0.1875,0.1875
olmo3-7b,llama31-405b,truthfulqa,654,327,0.8972495768220035,0.9737021762103826,0.37460721232979205,0.059963167587476884,0.5045871559633027,0.09063444108761329,0.9517436803860505,0.02195849582433207,0.8279232013766145,0.069326375445389,0.6368705380945681,0.4810903538566361,0.3355795813138016,0.039755351681957186,13,0.1834862385321101,0.08868501529051988,0.21340683546404318,0.3242929097249129,0.016272479869820163,0.08868501529051988,0.5517241379310345,0.5517241379310345
olmo3-7b,llama31-70b,boolq,1308,475,0.8341062740885827,0.9376559044670498,0.1841299624728422,-0.0013040046669641203,0.24770642201834864,0.03765060240963856,0.7705212611360335,0.16713464333101635,0.5508409679661338,0.28326530612244893,0.828077919809333,0.5600236104401377,0.4770402941785893,0.15578947368421053,74,0.5326315789473685,0.2231578947368421,0.17776505753867894,0.3540710521842597,0.11886094182825487,0.2231578947368421,0.3018867924528301,0.3018867924528301
olmo3-7b,llama31-70b,geometry_of_truth,2012,1000,0.9942687747035572,0.9990503952569171,0.022741228070175423,0.004721374045801641,0.019880715705765408,0.0107421875,0.9981373517786563,0.0009130434782608221,0.989755928853755,0.004512845849802272,0.958852483256371,0.8997670449618516,0.8332333905548809,0.014,14,0.052,0.016,0.4726682564415037,0.8681434599156117,0.000832,0.016,0.125,0.125
olmo3-7b,llama31-70b,imdb,2000,1018,0.9686388389838309,0.9821732241246164,0.15151949541284404,0.001270650367035886,0.128,0.008620689655172414,0.9780658933494453,0.004107330775171114,0.9582534741256167,0.010385364858214174,0.8433996689045903,0.6752676447583871,0.6025774086662772,0.054027504911591355,55,0.10707269155206287,0.0618860510805501,0.6362352553014161,0.8577889534985247,0.006626306058722948,0.0618860510805501,0.12698412698412698,0.12698412698412698
olmo3-7b,llama31-70b,rte,111,62,0.8581303489137591,0.9420671494404212,0.007309941520467822,-0.003906250000000111,0.25,0.03571428571428571,0.9265964450296248,0.015470704410796454,0.8426596445029625,0.015470704410796565,0.7938355708897431,0.3874544691868297,0.15010333365304962,0.1935483870967742,12,0.3870967741935484,0.24193548387096775,0.4788938355325596,0.6736842105263158,0.09365244536940687,0.24193548387096775,0.20000000000000007,0.20000000000000007
olmo3-7b,llama31-70b,truthfulqa,654,327,0.8972495768220035,0.9623114403015085,0.37460721232979205,0.12582825337927372,0.5045871559633027,0.19756838905775076,0.9058440647532475,0.05646737554826098,0.8277081053783351,0.0695414714436684,0.7371823180815035,0.5355274116160149,0.3141694505408985,0.045871559633027525,15,0.1834862385321101,0.1162079510703364,0.19790525771253803,0.2587226493199291,0.021322559829419524,0.1162079510703364,0.6052631578947368,0.6052631578947368
olmo3-7b,llama31-70b-base,boolq,1308,475,0.8341062740885827,0.8779857206040311,0.1841299624728422,0.11658356417359172,0.24770642201834864,0.13082706766917293,0.6327440449864157,0.24524167561761545,0.49755481139824353,0.3365514626903392,0.7343205028519209,0.4994108243131703,0.4455649018262958,0.24210526315789474,115,0.5326315789473685,0.37684210526315787,0.1711767398526967,0.23498917912325734,0.2007180055401662,0.37684210526315787,0.35754189944134074,0.35754189944134074
olmo3-7b,llama31-70b-base,geometry_of_truth,2012,1000,0.9942687747035572,0.9983873517786561,0.022741228070175423,0.04919332892741901,0.019880715705765408,0.060077519379844964,0.9949752964426877,0.0034120553359684447,0.9884871541501977,0.005781620553359512,0.9420967719311752,0.8819362609598999,0.8252734351764489,0.015,15,0.052,0.019,0.46225645455652214,0.7779258272262932,0.000988,0.019,0.21052631578947367,0.21052631578947367
olmo3-7b,llama31-70b-base,imdb,2000,1018,0.9686388389838309,0.9586415998783605,0.15151949541284404,0.3592676684727091,0.128,0.42120075046904315,0.7907001868605429,0.16794141301781762,0.9475920198144199,0.02104681916941098,0.8580255138264659,0.6298761528130232,0.5741608442610169,0.06286836935166994,64,0.10707269155206287,0.12573673870333987,0.48191981364737907,0.5277806411710134,0.013462971039945036,0.10707269155206287,0.4128440366972478,0.5
olmo3-7b,llama31-70b-base,rte,111,62,0.8581303489137591,0.8225806451612903,0.007309941520467822,-0.005639097744360777,0.25,0.3050847457627119,0.7863726135615537,0.03620803159973651,0.8341013824884793,0.02402896642527974,0.781261330867175,0.3643043049934903,0.13389052109204713,0.25806451612903225,16,0.3870967741935484,0.4838709677419355,0.29069386642412703,0.3541666666666667,0.18730489073881373,0.3870967741935484,0.33333333333333337,0.4666666666666667
olmo3-7b,llama31-70b-base,truthfulqa,654,327,0.8972495768220035,0.9157010726743914,0.37460721232979205,0.2955903598634094,0.5045871559633027,0.3657142857142857,0.8170748814634009,0.09862619121099048,0.8068063855455488,0.09044319127645462,0.7192119306650347,0.5178394317653663,0.3014740496644214,0.0581039755351682,19,0.1834862385321101,0.20489296636085627,0.13127538494634403,0.14057692307692313,0.037595039699239684,0.1834862385321101,0.6833333333333333,0.7164179104477613
olmo3-7b,llama31-8b-base,boolq,1308,475,0.8341062740885827,0.7668970746193213,0.1841299624728422,0.04830470980975743,0.24770642201834864,0.19850746268656716,0.6256675301699627,0.14122954444935865,0.5553471915081822,0.2787590825804005,0.8335207079411204,0.6291178246963646,0.47665307375269894,0.40842105263157896,194,0.5326315789473685,0.6189473684210526,0.32500410400387736,0.3880069006179983,0.32967091412742383,0.5326315789473685,0.23320158102766797,0.34013605442176864
olmo3-7b,llama31-8b-base,geometry_of_truth,2012,1000,0.9942687747035572,0.9974249011857708,0.022741228070175423,0.06514907222692867,0.019880715705765408,0.11925708699902249,0.9781778656126483,0.019247035573122462,0.9863181818181818,0.007950592885375474,0.9407467641683145,0.8981795287095244,0.8149688158236386,0.018,18,0.052,0.022,0.5175685925525629,0.8082086689681623,0.0011439999999999998,0.022,0.18181818181818188,0.18181818181818188
olmo3-7b,llama31-8b-base,imdb,2000,1018,0.9686388389838309,0.9481712074712207,0.15151949541284404,0.25079113924050633,0.128,0.3602199816681943,0.6456511909858794,0.3025200164853413,0.922941032894658,0.04569780608917284,0.8748071376402466,0.7269936706897419,0.6397663007652694,0.05893909626719057,60,0.10707269155206287,0.11296660117878192,0.47858217545818926,0.49320816442642784,0.012095638043700618,0.10707269155206287,0.4495412844036697,0.4782608695652173
olmo3-7b,llama31-8b-base,rte,111,62,0.8581303489137591,0.7590520078999341,0.007309941520467822,0.10225921521997616,0.25,0.41379310344827586,0.7297564186965109,0.029295589203423233,0.825543120473996,0.03258722843976303,0.7750908522350142,0.4028246465306127,0.12186424762957693,0.3225806451612903,20,0.3870967741935484,0.532258064516129,0.4795397648143903,0.6436781609195401,0.2060353798126951,0.3870967741935484,0.16666666666666663,0.3939393939393939
olmo3-7b,llama31-8b-base,truthfulqa,654,327,0.8972495768220035,0.8842222409262221,0.37460721232979205,0.3671417854463616,0.5045871559633027,0.6085626911314985,0.7267532661859739,0.15746897474024824,0.7438019620495842,0.1534476147724193,0.7421228398332753,0.5672338493246034,0.309010287974294,0.06116207951070336,20,0.1834862385321101,0.1651376146788991,0.21473581287815766,0.2288805659592177,0.030300479757596165,0.1651376146788991,0.6296296296296297,0.6296296296296297
olmo3-7b,qwen3-1.7b,boolq,1308,475,0.8341062740885827,0.8171352751626967,0.1841299624728422,0.22837342250026982,0.24770642201834864,0.22324159021406728,0.5282744676818095,0.28886080748088716,0.55750047387376,0.27660580021482273,0.7148079738587307,0.5965190289207647,0.4194464159636212,0.3494736842105263,166,0.5326315789473685,0.511578947368421,0.30870306626213534,0.3220071923775628,0.2724831024930748,0.511578947368421,0.316872427983539,0.316872427983539
olmo3-7b,qwen3-1.7b,geometry_of_truth,2012,1000,0.9942687747035572,0.9934357707509882,0.022741228070175423,0.34411173291343944,0.019880715705765408,0.24652087475149106,0.9874930830039526,0.005942687747035658,0.9891798418972332,0.0050889328063240535,0.8985906284434606,0.8457568997493421,0.7946913801809459,0.026,26,0.052,0.051,0.4779975271828637,0.4829155290808307,0.002652,0.051,0.4901960784313726,0.4901960784313726
olmo3-7b,qwen3-1.7b,imdb,2000,1018,0.9686388389838309,0.9536549842148856,0.15151949541284404,0.14734994199181772,0.128,0.2057942057942058,0.8350845673998376,0.11857041681504799,0.9512922186788518,0.01734662030497902,0.7072281497700239,0.6210539936490884,0.5371723035001199,0.07858546168958742,80,0.10707269155206287,0.1237721021611002,0.6415998689381567,0.6963631875591393,0.013252612117445895,0.10707269155206287,0.2660550458715596,0.3650793650793651
olmo3-7b,qwen3-1.7b,rte,111,62,0.8581303489137591,0.8772218564845293,0.007309941520467822,0.25320056899004273,0.25,0.3392857142857143,0.8235681369321921,0.05365371955233722,0.8551678736010534,0.002962475312705659,0.6428739572183384,0.28897529745081907,0.13425954144675734,0.20967741935483872,13,0.3870967741935484,0.4838709677419355,0.09191056070762835,0.11197916666666662,0.18730489073881373,0.3870967741935484,0.45833333333333326,0.5666666666666667
olmo3-7b,qwen3-1.7b,truthfulqa,654,327,0.8972495768220035,0.8749731130002151,0.37460721232979205,0.3389193929688095,0.5045871559633027,0.43119266055045874,0.7622721619018227,0.1127009510983924,0.7872981137016151,0.10995146312038839,0.6362274112254392,0.38977787352239623,0.22240779966313595,0.0856269113149847,28,0.1834862385321101,0.1743119266055046,0.36530749009034935,0.3768972994283461,0.031983839744129286,0.1743119266055046,0.5087719298245614,0.5087719298245614
olmo3-7b,qwen3-32b,boolq,1308,475,0.8341062740885827,0.9175105831806406,0.1841299624728422,0.01116746986681294,0.24770642201834864,0.05963302752293578,0.6879509698616288,0.22955961331901176,0.496374549819928,0.3377317242686547,0.5739254876839196,0.5396064444916719,0.4706561158492243,0.18947368421052632,90,0.5326315789473685,0.24842105263157896,0.26512041136786607,0.49228889906855994,0.1323168975069252,0.24842105263157896,0.23728813559322037,0.23728813559322037
olmo3-7b,qwen3-32b,geometry_of_truth,2012,1000,0.9942687747035572,0.9991205533596839,0.022741228070175423,0.1296819531985801,0.019880715705765408,0.020874751491053677,0.9978794466403162,0.0012411067193676129,0.9904881422924903,0.0037806324110669642,0.8440701803637325,0.8041173066272672,0.8238402392461962,0.013,13,0.052,0.016,0.4367730364808792,0.8022151898734177,0.000832,0.016,0.1875,0.1875
olmo3-7b,qwen3-32b,imdb,2000,1018,0.9686388389838309,0.9749198740391887,0.15151949541284404,-0.0009083050676402804,0.128,0.016966067864271458,0.9670283171747648,0.007891556864423888,0.9468307731705072,0.021808065813323618,0.47460516698076916,0.6610639091676151,0.5967986963759957,0.06777996070726916,69,0.10707269155206287,0.07858546168958742,0.7134915632162623,0.846012101210121,0.008414356899965647,0.07858546168958742,0.13749999999999996,0.13749999999999996
olmo3-7b,qwen3-32b,rte,111,62,0.8581303489137591,0.9634628044766294,0.007309941520467822,0.12364864864864855,0.25,0.15789473684210525,0.9519420671494403,0.011520737327189057,0.8489137590520079,0.009216589861751112,0.5553562077584476,0.31586979790992886,0.17456028023982573,0.14516129032258066,9,0.3870967741935484,0.16129032258064516,0.46177246092422636,0.8368421052631577,0.062434963579604576,0.16129032258064516,0.09999999999999987,0.09999999999999987
olmo3-7b,qwen3-32b,truthfulqa,654,327,0.8972495768220035,0.9692412722460698,0.37460721232979205,0.16423754215061814,0.5045871559633027,0.22935779816513763,0.9062929607496565,0.06294831149641333,0.8239673054082616,0.07328227141374188,0.3780722485408862,0.39627889667516025,0.3198508144904463,0.04892966360856269,16,0.1834862385321101,0.12232415902140673,0.20882911554398786,0.2651685393258428,0.0224447998204416,0.12232415902140673,0.6,0.6
olmo3-7b,qwen3-8b,boolq,1308,475,0.8341062740885827,0.8986440892146333,0.1841299624728422,0.05791505791505802,0.24770642201834864,0.11297709923664122,0.7040904782965818,0.19455361091805157,0.6115119732103368,0.22259430087824594,0.5775004510406001,0.4847461096218544,0.4456814254399819,0.2505263157894737,119,0.5326315789473685,0.3368421052631579,0.30156970099533376,0.45171734234234245,0.17941274238227148,0.3368421052631579,0.25624999999999987,0.25624999999999987
olmo3-7b,qwen3-8b,geometry_of_truth,2012,1000,0.9942687747035572,0.9976422924901186,0.022741228070175423,0.3637252771136711,0.019880715705765408,0.042743538767395624,0.9950009881422925,0.0026413043478260567,0.9894782608695654,0.004790513833991872,0.8653402026881076,0.8110801637098097,0.8234531528770876,0.019,19,0.052,0.024,0.5224093232690689,0.7802390998593529,0.001248,0.024,0.20833333333333337,0.20833333333333337
olmo3-7b,qwen3-8b,imdb,2000,1018,0.9686388389838309,0.9709705944726091,0.15151949541284404,0.005154241786803793,0.128,0.101,0.9641903976888513,0.0067801967837578525,0.9412749730912815,0.027363865892549355,0.6240341554862884,0.6348660248522053,0.5896538145705827,0.06777996070726916,69,0.10707269155206287,0.08447937131630648,0.6830250937296759,0.7786220482513369,0.009045433667463071,0.08447937131630648,0.19767441860465107,0.19767441860465107
olmo3-7b,qwen3-8b,rte,111,62,0.8581303489137591,0.9338380513495721,0.007309941520467822,0.0714285714285714,0.25,0.25,0.9371296905859119,-0.003291639236339794,0.8528637261356156,0.005266622778143493,0.5671341684327251,0.22023871366103442,0.186700567326048,0.1774193548387097,11,0.3870967741935484,0.24193548387096775,0.40157243500386514,0.5649122807017545,0.09365244536940687,0.24193548387096775,0.2666666666666666,0.2666666666666666
olmo3-7b,qwen3-8b,truthfulqa,654,327,0.8972495768220035,0.9380804084953567,0.37460721232979205,0.3347204266321915,0.5045871559633027,0.345565749235474,0.8429051052567591,0.09517530323859758,0.8181410094548719,0.07910856736713157,0.47425061357871506,0.31679659032501284,0.2994262705371137,0.08256880733944955,27,0.1834862385321101,0.14067278287461774,0.4217487516932576,0.49413776257938447,0.025811519793507844,0.14067278287461774,0.4130434782608695,0.4130434782608695
olmo3-7b,qwen3-8b-base,boolq,1308,475,0.8341062740885827,0.8936298730018324,0.1841299624728422,0.20082443197618294,0.24770642201834864,0.172782874617737,0.5589183041637708,0.33471156883806163,0.5706754280659632,0.26343084602261957,0.17537586522011975,0.4514119955047463,0.4437829433730658,0.2694736842105263,128,0.5326315789473685,0.35789473684210527,0.3296589112040701,0.471383147853736,0.19062603878116344,0.35789473684210527,0.24705882352941178,0.24705882352941178
olmo3-7b,qwen3-8b-base,geometry_of_truth,2012,1000,0.9942687747035572,0.9982579051383399,0.022741228070175423,0.33702642975354036,0.019880715705765408,0.11232604373757456,0.9965701581027667,0.0016877470355731727,0.989998023715415,0.0042707509881422245,0.758875319320054,0.8302303875064716,0.8270282753229123,0.022,22,0.052,0.031,0.5298171949369268,0.693752552062066,0.001612,0.031,0.29032258064516137,0.29032258064516137
olmo3-7b,qwen3-8b-base,imdb,2000,1018,0.9686388389838309,0.9755150668816697,0.15151949541284404,0.03611020442703605,0.128,0.091,0.9661220235356255,0.009393043346044183,0.9379138840984479,0.03072495488538296,0.572022575625159,0.6604275588874237,0.6130175357732823,0.07662082514734773,78,0.10707269155206287,0.09233791748526522,0.7454994412832201,0.8093766823490862,0.009886869357459636,0.09233791748526522,0.17021276595744683,0.17021276595744683
olmo3-7b,qwen3-8b-base,rte,111,62,0.8581303489137591,0.9157340355497038,0.007309941520467822,-0.09999999999999998,0.25,0.17857142857142858,0.933838051349572,-0.0181040157998682,0.8531928900592495,0.00493745885450958,0.4263454934553666,0.23926076668186824,0.18834754857733704,0.20967741935483872,13,0.3870967741935484,0.27419354838709675,0.47649125593445824,0.6160990712074302,0.10613943808532778,0.27419354838709675,0.23529411764705876,0.23529411764705876
olmo3-7b,qwen3-8b-base,truthfulqa,654,327,0.8972495768220035,0.9195073366439414,0.37460721232979205,0.3811862269270455,0.5045871559633027,0.4115853658536585,0.8385938332912493,0.0809135033526921,0.812090265503278,0.08515931131872545,0.3825350443860831,0.35648052015087217,0.3215474564877602,0.07951070336391437,26,0.1834862385321101,0.1651376146788991,0.34240601435298945,0.3649604660840616,0.030300479757596165,0.1651376146788991,0.5185185185185186,0.5185185185185186
olmo3-7b,qwen38-27b,boolq,1308,475,0.8341062740885827,0.9392279016869906,0.1841299624728422,0.28872057448797483,0.24770642201834864,0.1173780487804878,0.6755367410121944,0.26369116067479614,0.5730586971630758,0.26104757692550695,0.8548232461156507,0.5835429503484889,0.47755935062324417,0.15578947368421053,74,0.5326315789473685,0.21052631578947367,0.21462674976995672,0.4436936936936937,0.11213296398891967,0.21052631578947367,0.2599999999999999,0.2599999999999999
olmo3-7b,qwen38-27b,geometry_of_truth,2012,1000,0.9942687747035572,0.9983764822134387,0.022741228070175423,0.3612122252747253,0.019880715705765408,0.09542743538767395,0.996554347826087,0.0018221343873516815,0.9902826086956521,0.003986166007905134,0.9604455996733654,0.8656211455987347,0.8275386909366523,0.021,21,0.052,0.025,0.5683136320062223,0.831223628691983,0.0013,0.025,0.16000000000000003,0.16000000000000003
olmo3-7b,qwen38-27b,rte,111,62,0.8581303489137591,0.967083607636603,0.007309941520467822,0.40421455938697326,0.25,0.44642857142857145,0.9608294930875576,0.006254114549045342,0.8584595128373931,-0.0003291639236340238,0.7884280101136392,0.3756903795215788,0.16895006586479955,0.16129032258064516,10,0.3870967741935484,0.20967741935483872,0.4040950971038548,0.6234817813765181,0.08116545265348596,0.20967741935483872,0.23076923076923084,0.23076923076923084
olmo3-7b,qwen38-27b,truthfulqa,654,327,0.8972495768220035,0.9541471443668228,0.37460721232979205,0.4319339375327689,0.5045871559633027,0.4923547400611621,0.8767406409860748,0.07740650338074795,0.8157188414742494,0.08153073534775401,0.7720825178814413,0.4651830645367956,0.3201445141484853,0.04892966360856269,16,0.1834862385321101,0.1345565749235474,0.183520331617511,0.22063329928498474,0.02468927980248576,0.1345565749235474,0.6363636363636364,0.6363636363636364
qwen3-1.7b,gemma2-9b,boolq,1308,475,0.8171352751626967,0.9097794907436658,0.22837342250026982,0.03949897873362973,0.22324159021406728,0.12102874432677761,0.7903633032160233,0.11941618752764249,0.609280343716434,0.20785493144626266,0.6855684978499755,0.4992983829250772,0.6150986861849921,0.1957894736842105,93,0.511578947368421,0.25473684210526315,0.30060614455736867,0.5262182958107723,0.1303180055401662,0.25473684210526315,0.23140495867768596,0.23140495867768596
qwen3-1.7b,gemma2-9b,geometry_of_truth,2012,1000,0.9934357707509882,0.9984673913043478,0.34411173291343944,0.07388008475840868,0.24652087475149106,0.014577259475218658,0.9950494071146245,0.0034179841897232777,0.9866521739130435,0.0067835968379447165,0.8937973024598745,0.8468634336944398,0.8381983895403999,0.014,14,0.051,0.021,0.4098696377543084,0.6487530734106076,0.001071,0.021,0.33333333333333337,0.33333333333333337
qwen3-1.7b,gemma2-9b,imdb,2000,1018,0.9536549842148856,0.9717328414406267,0.14734994199181772,-0.00011345483589886296,0.2057942057942058,0.025565388397246803,0.962373809114153,0.009359032326473615,0.9343717364426075,0.019283247772278078,0.6923497427747389,0.5923262484407966,0.656747224753778,0.06286836935166994,64,0.1237721021611002,0.08349705304518663,0.5766550328265696,0.7180427327881822,0.010334605779659643,0.08349705304518663,0.24705882352941178,0.24705882352941178
qwen3-1.7b,gemma2-9b,rte,111,62,0.8772218564845293,0.9430546412113232,0.25320056899004273,0.006666666666666599,0.3392857142857143,0.017241379310344827,0.9354838709677419,0.007570770243581326,0.8429888084265965,0.03423304805793281,0.6819312024990941,0.23454029218629435,0.30896724877614545,0.12903225806451613,8,0.4838709677419355,0.22580645161290322,0.0946222649056395,0.16964285714285715,0.10926118626430802,0.22580645161290322,0.4285714285714286,0.4285714285714286
qwen3-1.7b,gemma2-9b,truthfulqa,654,327,0.8749731130002151,0.9443930084448559,0.3389193929688095,0.14681540808543103,0.43119266055045874,0.25914634146341464,0.8498536412011708,0.09453936724368506,0.7803402257572783,0.09463288724293673,0.5670499731762583,0.3230892427083617,0.39746092650088327,0.0672782874617737,22,0.1743119266055046,0.1712538226299694,0.26186600061744586,0.26468253968253963,0.02985158376118733,0.1712538226299694,0.6071428571428572,0.6071428571428572
qwen3-1.7b,gemma4-12b,boolq,1308,475,0.8171352751626967,0.5638819738421684,0.22837342250026982,0.06143355209187862,0.22324159021406728,0.3516819571865443,0.4747557970556644,0.08912617678650403,0.6136298730018322,0.20350540216086443,0.186084237137026,0.007041522970984926,0.12973886261329282,0.49894736842105264,237,0.511578947368421,0.9642105263157895,0.06114272646626658,0.3100944081336239,0.4932698060941828,0.511578947368421,0.024691358024691246,0.4825327510917031
qwen3-1.7b,gemma4-12b,geometry_of_truth,2012,1000,0.9934357707509882,0.7480750988142292,0.34411173291343944,0.2826014006995602,0.24652087475149106,0.4846077457795432,0.606895256916996,0.1411798418972332,0.8951729249011859,0.09826284584980227,0.4931079705706937,0.5664721022590375,0.6195114737212025,0.029,29,0.051,0.338,0.11302529154206005,0.348379835317813,0.017238,0.051,0.43137254901960775,0.9142011834319527
qwen3-1.7b,gemma4-12b,imdb,2000,1018,0.9536549842148856,0.5940754804556677,0.14734994199181772,0.10790438247011958,0.2057942057942058,0.49201596806387227,0.5054517663723046,0.08862371408336311,0.4153175628903764,0.5383374213245091,0.10791084701880668,-0.05309253314335605,0.09656360663999175,0.07170923379174853,73,0.1237721021611002,0.44106090373280943,0.1046903404330038,0.24744051106089762,0.05459103523608447,0.1237721021611002,0.4206349206349207,0.8374164810690423
qwen3-1.7b,gemma4-12b,rte,111,62,0.8772218564845293,0.4427254772876893,0.25320056899004273,-0.04487179487179482,0.3392857142857143,0.5535714285714286,0.45622119815668205,-0.013495720868992755,0.6780776826859777,0.19914417379855165,0.21081856376420938,-0.04645237465140584,-0.21455954479068406,0.43548387096774194,27,0.4838709677419355,0.8225806451612904,0.19622098205031854,0.43636363636363623,0.3980228928199792,0.4838709677419355,0.09999999999999998,0.47058823529411764
qwen3-1.7b,gemma4-12b,truthfulqa,654,327,0.8749731130002151,0.6490942588072459,0.3389193929688095,0.1617931547619047,0.43119266055045874,0.46646341463414637,0.5592589475259284,0.0898353112813175,0.5582489315340085,0.3167241814662066,0.10186232958381079,-0.16058632894831226,-0.1891476988681482,0.10397553516819572,34,0.1743119266055046,0.40672782874617736,0.17749620193346824,0.31985892566467705,0.07089751143281992,0.1743119266055046,0.4035087719298246,0.7443609022556391
qwen3-1.7b,gemma4-12b-base,boolq,1308,475,0.8171352751626967,0.8315284008340178,0.22837342250026982,0.04747755834829448,0.22324159021406728,0.1491628614916286,0.5126934984520124,0.3188349023820054,0.5694168193593228,0.24771845580337393,0.634512655723927,0.42452160226297264,0.5823892219679919,0.4063157894736842,193,0.511578947368421,0.6421052631578947,0.3247902637954421,0.42507867344468664,0.32848753462603875,0.511578947368421,0.20576131687242794,0.36721311475409835
qwen3-1.7b,gemma4-12b-base,geometry_of_truth,2012,1000,0.9934357707509882,0.9973596837944664,0.34411173291343944,0.13830955334987594,0.24652087475149106,0.09343936381709742,0.9880701581027667,0.009289525691699718,0.9856195652173914,0.007816205533596854,0.8838039656096092,0.8188445094257809,0.8256497062903388,0.016,16,0.051,0.026,0.41914488249186,0.5947150847045471,0.001326,0.026,0.3846153846153846,0.3846153846153846
qwen3-1.7b,gemma4-12b-base,imdb,2000,1018,0.9536549842148856,0.9185276029433537,0.14734994199181772,0.36237361462181594,0.2057942057942058,0.4132804757185332,0.565681280734958,0.3528463222083956,0.6411797422364847,0.31247524197840093,0.7899285924056509,0.5185137356794132,0.6246827807233943,0.06777996070726916,69,0.1237721021611002,0.17779960707269155,0.36352839934684944,0.44979234226546067,0.02200663113080465,0.1237721021611002,0.45238095238095233,0.6187845303867403
qwen3-1.7b,gemma4-12b-base,rte,111,62,0.8772218564845293,0.7890059249506254,0.25320056899004273,0.14822134387351782,0.3392857142857143,0.375,0.7620144832126399,0.02699144173798551,0.7261356155365373,0.15108624094799206,0.7968058068627611,0.20213562164538346,0.29155970175292134,0.3387096774193548,21,0.4838709677419355,0.5645161290322581,0.2645751311064591,0.31111111111111117,0.2731529656607701,0.4838709677419355,0.30000000000000004,0.40000000000000013
qwen3-1.7b,gemma4-12b-base,truthfulqa,654,327,0.8749731130002151,0.8785549289715606,0.3389193929688095,0.2616019634091923,0.43119266055045874,0.43902439024390244,0.6703700586370395,0.20818487033452115,0.6742324346061406,0.2007406783940745,0.7399635201269014,0.31468782198188405,0.3923067953755809,0.04892966360856269,16,0.1743119266055046,0.12538226299694188,0.21550349269431765,0.2615176151761517,0.021855623825155008,0.12538226299694188,0.6097560975609756,0.6097560975609756
qwen3-1.7b,gemma4-31b,boolq,1308,475,0.8171352751626967,0.8310406267770266,0.22837342250026982,0.16187880058712512,0.22324159021406728,0.21712538226299694,0.5828672521640235,0.24817337461300315,0.6332444556770076,0.18389081948568908,0.24814754084158672,0.2647548762610683,0.37139145866700796,0.2673684210526316,127,0.511578947368421,0.4168421052631579,0.219599639249194,0.2658263671194706,0.21324764542936286,0.4168421052631579,0.35858585858585856,0.35858585858585856
qwen3-1.7b,gemma4-31b,geometry_of_truth,2012,1000,0.9934357707509882,0.9628982213438735,0.34411173291343944,0.45529668495876263,0.24652087475149106,0.4393638170974155,0.8310049407114626,0.1318932806324109,0.9423843873517787,0.05105138339920956,0.7560176422343832,0.8006484182078304,0.7842964599817382,0.025,25,0.051,0.113,0.2761964670752133,0.4252492428764065,0.005763,0.051,0.5098039215686274,0.7787610619469026
qwen3-1.7b,gemma4-31b,rte,111,62,0.8772218564845293,0.6277156023699803,0.25320056899004273,-0.000645161290322549,0.3392857142857143,0.4107142857142857,0.5674786043449638,0.060236998025016475,0.7261356155365372,0.15108624094799217,0.31493146110847886,0.0006698086092846722,-0.0174888957457231,0.3387096774193548,21,0.4838709677419355,0.6129032258064516,0.17313384691436978,0.22500000000000003,0.29656607700312176,0.4838709677419355,0.30000000000000004,0.44736842105263164
qwen3-1.7b,gemma4-31b,truthfulqa,654,327,0.8749731130002151,0.7854838257161294,0.3389193929688095,0.44235373335328443,0.43119266055045874,0.5443425076452599,0.6899531464803748,0.09553067923575465,0.6910379784716962,0.18393513452851884,0.33444251909091527,0.12556516992493538,0.17928692909433208,0.0672782874617737,22,0.1743119266055046,0.25382262996941896,0.13951186440474717,0.17709232096635022,0.04424431164604551,0.1743119266055046,0.6140350877192984,0.7349397590361446
qwen3-1.7b,gptj-6b,boolq,1308,475,0.8171352751626967,0.6656902761104442,0.22837342250026982,0.20653974953779597,0.22324159021406728,0.6237482117310443,0.4901598534150502,0.17553042269539398,0.46438364819612055,0.35275162696657614,0.6819763269677479,0.5950070346290777,0.6547685642853083,0.4905263157894737,233,0.511578947368421,0.8757894736842106,0.2577287853610983,0.6686894050359211,0.4480354570637119,0.511578947368421,0.04115226337448552,0.43990384615384615
qwen3-1.7b,gptj-6b,geometry_of_truth,2012,1000,0.9934357707509882,0.9835780632411067,0.34411173291343944,0.5482477023411999,0.24652087475149106,0.5464190981432361,0.8788754940711463,0.10470256916996046,0.9760731225296444,0.017362648221343813,0.8847832124609978,0.8647327115331747,0.842494956641909,0.026,26,0.051,0.074,0.3859417506923466,0.4706305848473298,0.0037739999999999996,0.051,0.4901960784313726,0.6486486486486487
qwen3-1.7b,gptj-6b,imdb,2000,1018,0.9536549842148856,0.9469618156282635,0.14734994199181772,0.48659038116650455,0.2057942057942058,0.5482625482625483,0.5221871886491223,0.42477462697914126,0.742097439570421,0.21155754464446463,0.6950398911211728,0.6333934725088186,0.677901266097388,0.06974459724950884,71,0.1237721021611002,0.13163064833005894,0.4800831852750755,0.49732457085398263,0.01629220205263991,0.1237721021611002,0.4365079365079365,0.4701492537313433
qwen3-1.7b,gptj-6b,rte,111,62,0.8772218564845293,0.6645819618169848,0.25320056899004273,0.27960526315789475,0.3392857142857143,0.3709677419354839,0.5796576695194208,0.08492429229756404,0.6313364055299538,0.24588545095457548,0.6456114561553947,0.2576194093403582,0.30901388314579936,0.43548387096774194,27,0.4838709677419355,0.9032258064516129,-0.010564428184106448,-0.03125000000000003,0.43704474505723206,0.4838709677419355,0.09999999999999998,0.5178571428571428
qwen3-1.7b,gptj-6b,truthfulqa,654,327,0.8749731130002151,0.8530333211757335,0.3389193929688095,0.32313192572626537,0.43119266055045874,0.5137614678899083,0.6904768584761851,0.16255646269954838,0.717560250259518,0.1574128627406971,0.6219147177625459,0.3904929845299414,0.4202135029745332,0.0672782874617737,22,0.1743119266055046,0.14678899082568808,0.31052604638301107,0.34398148148148133,0.02558707179530343,0.14678899082568808,0.5416666666666667,0.5416666666666667
qwen3-1.7b,llama-8b,boolq,1308,475,0.8171352751626967,0.8544310355721236,0.22837342250026982,0.04359931113662474,0.22324159021406728,0.13302752293577982,0.7483692424338155,0.1060617931383081,0.6092727617362735,0.20786251342642315,0.7849564337638992,0.6238904163384078,0.6378053659649946,0.2968421052631579,141,0.511578947368421,0.4105263157894737,0.35309452650389395,0.4330238726790452,0.21001662049861494,0.4105263157894737,0.27692307692307694,0.27692307692307694
qwen3-1.7b,llama-8b,geometry_of_truth,2012,1000,0.9934357707509882,0.9984980237154151,0.34411173291343944,0.004826841706890184,0.24652087475149106,0.006958250497017893,0.9952055335968379,0.0032924901185771294,0.9887588932806325,0.0046768774703557225,0.9142612888668602,0.8819673900822418,0.8578164008118955,0.015,15,0.051,0.02,0.4539007929781031,0.7365648050579556,0.0010199999999999999,0.02,0.25,0.25
qwen3-1.7b,llama-8b,imdb,2000,1018,0.9536549842148856,0.9719108991313186,0.14734994199181772,0.003963849690819643,0.2057942057942058,0.019,0.9526686646473457,0.019242234483972886,0.8320125720733518,0.12164241214153382,0.7017755209898096,0.6753535337993911,0.6756201255788477,0.07367387033398821,75,0.1237721021611002,0.10903732809430255,0.5862746690622758,0.6298630469034051,0.013495779312261416,0.10903732809430255,0.32432432432432434,0.32432432432432434
qwen3-1.7b,llama-8b,rte,111,62,0.8772218564845293,0.8127057274522712,0.25320056899004273,0.0039525691699604515,0.3392857142857143,0.21428571428571427,0.7735352205398288,0.03917050691244239,0.8423304805793285,0.03489137590520086,0.7830728666169822,0.39121592274451245,0.27919622408806255,0.2903225806451613,18,0.4838709677419355,0.4838709677419355,0.22499999999999992,0.22499999999999992,0.2341311134235172,0.4838709677419355,0.4,0.4
qwen3-1.7b,llama-8b,truthfulqa,654,327,0.8749731130002151,0.9356301845149585,0.3389193929688095,0.2551085448614602,0.43119266055045874,0.3780487804878049,0.8313927933488577,0.10423739116610076,0.7351700661186394,0.13980304688157563,0.6927264186628145,0.49669933370334385,0.413783162470145,0.07033639143730887,23,0.1743119266055046,0.1345565749235474,0.3621252755623516,0.4219696969696969,0.023454815812361474,0.1345565749235474,0.4772727272727272,0.4772727272727272
qwen3-1.7b,llama31-405b,boolq,1308,475,0.8171352751626967,0.9538838693372085,0.22837342250026982,-1.0338054378222772e-05,0.22324159021406728,0.03211009174311927,0.9189587413912933,0.03492512794591518,0.412843874391862,0.4042914007708347,0.6771499673774527,0.40921095524961837,0.6243920751199874,0.13052631578947368,62,0.511578947368421,0.17894736842105263,0.20344496597597786,0.4459939148073021,0.09154570637119112,0.17894736842105263,0.2705882352941177,0.2705882352941177
qwen3-1.7b,llama31-405b,geometry_of_truth,2012,1000,0.9934357707509882,0.9992994071146246,0.34411173291343944,0.02268716373487989,0.24652087475149106,0.01485148514851485,0.998300395256917,0.0009990118577075657,0.9880454545454546,0.005390316205533652,0.9207476096275584,0.856963070897703,0.8714391271685096,0.009,9,0.051,0.012,0.3501637077540063,0.7365648050579557,0.000612,0.012,0.2500000000000001,0.2500000000000001
qwen3-1.7b,llama31-405b,imdb,2000,1018,0.9536549842148856,0.9815920358196056,0.14734994199181772,-0.002429182194380375,0.2057942057942058,0.006789524733268671,0.9809318219102992,0.000660213909306484,0.8888910006842218,0.06476398353066382,0.6510550708664512,0.5244671526011604,0.6002277334778265,0.05304518664047151,54,0.1237721021611002,0.06974459724950884,0.5294578229005152,0.72674161561296,0.008632435415950995,0.06974459724950884,0.23943661971830987,0.23943661971830987
qwen3-1.7b,llama31-405b,rte,111,62,0.8772218564845293,0.9381171823568137,0.25320056899004273,0.014102564102564163,0.3392857142857143,0.08928571428571429,0.9177090190915076,0.020408163265306145,0.835088874259381,0.042132982225148274,0.7262059986145453,0.3059246405387046,0.27012203088957687,0.16129032258064516,10,0.4838709677419355,0.25806451612903225,0.16655340354338016,0.2734374999999999,0.12486992715920915,0.25806451612903225,0.375,0.375
qwen3-1.7b,llama31-405b,truthfulqa,654,327,0.8749731130002151,0.9737021762103826,0.3389193929688095,0.059963167587476884,0.43119266055045874,0.09063444108761329,0.9372106725023146,0.036491503708067974,0.7583910819328713,0.11658203106734377,0.6155052506531073,0.40954732226629975,0.41268424875391974,0.03058103975535168,10,0.1743119266055046,0.08868501529051988,0.14021148177007642,0.20651340996168574,0.015458855876329154,0.08868501529051988,0.6551724137931034,0.6551724137931034
qwen3-1.7b,llama31-70b,boolq,1308,475,0.8171352751626967,0.9376559044670498,0.22837342250026982,-0.0013040046669641203,0.22324159021406728,0.03765060240963856,0.8648410943324699,0.07281481013457991,0.5785253048587856,0.23860997030391107,0.7628857502570005,0.5252335966281471,0.5972193046094849,0.1705263157894737,81,0.511578947368421,0.2231578947368421,0.27081419608315405,0.517119388418998,0.1141628808864266,0.2231578947368421,0.23584905660377353,0.23584905660377353
qwen3-1.7b,llama31-70b,geometry_of_truth,2012,1000,0.9934357707509882,0.9990503952569171,0.34411173291343944,0.004721374045801641,0.24652087475149106,0.0107421875,0.998403162055336,0.00064723320158111,0.987893280632411,0.005542490118577215,0.922814607992411,0.8833772771159649,0.8597645160086711,0.012,12,0.051,0.016,0.4051552059013506,0.736564805057956,0.000816,0.016,0.25,0.25
qwen3-1.7b,llama31-70b,imdb,2000,1018,0.9536549842148856,0.9821732241246164,0.14734994199181772,0.001270650367035886,0.2057942057942058,0.008620689655172414,0.9800995522549307,0.002073671869685656,0.9207913363929913,0.032863647821894326,0.7037223760758464,0.6155184110438807,0.6340677408028683,0.04911591355599214,50,0.1237721021611002,0.0618860510805501,0.5224501166808946,0.764502811588013,0.007659766636688912,0.0618860510805501,0.2063492063492064,0.2063492063492064
qwen3-1.7b,llama31-70b,rte,111,62,0.8772218564845293,0.9420671494404212,0.25320056899004273,-0.003906250000000111,0.3392857142857143,0.03571428571428571,0.9285714285714286,0.013495720868992644,0.803159973666886,0.07406188281764337,0.798617970571267,0.3691666196139314,0.27204759398237544,0.16129032258064516,10,0.4838709677419355,0.24193548387096775,0.20664207128868395,0.35416666666666663,0.1170655567117586,0.24193548387096775,0.33333333333333337,0.33333333333333337
qwen3-1.7b,llama31-70b,truthfulqa,654,327,0.8749731130002151,0.9623114403015085,0.3389193929688095,0.12582825337927372,0.43119266055045874,0.19756838905775076,0.9070504727435962,0.05526096755791232,0.7414172020686625,0.1335559109315526,0.6532123591859201,0.4675012311985508,0.40195257623957925,0.05198776758409786,17,0.1743119266055046,0.1162079510703364,0.26098997755957304,0.330701754385965,0.020256431837948546,0.1162079510703364,0.5526315789473684,0.5526315789473684
qwen3-1.7b,llama31-70b-base,boolq,1308,475,0.8171352751626967,0.8779857206040311,0.22837342250026982,0.11658356417359172,0.22324159021406728,0.13082706766917293,0.688140519365641,0.1898452012383901,0.5871839262020598,0.22995134896063685,0.6320240621385051,0.46907774432303295,0.5667062265914191,0.27157894736842103,129,0.511578947368421,0.37684210526315787,0.32528452412910275,0.42809670583702564,0.19278448753462601,0.37684210526315787,0.2793296089385475,0.2793296089385475
qwen3-1.7b,llama31-70b-base,geometry_of_truth,2012,1000,0.9934357707509882,0.9983873517786561,0.34411173291343944,0.04919332892741901,0.24652087475149106,0.060077519379844964,0.9954822134387351,0.0029051383399210096,0.9875671936758894,0.005868577075098802,0.889725189802509,0.8624837055473309,0.8470146596417103,0.014,14,0.051,0.019,0.4338586358070785,0.7226997947978481,0.0009689999999999999,0.019,0.26315789473684204,0.26315789473684204
qwen3-1.7b,llama31-70b-base,imdb,2000,1018,0.9536549842148856,0.9586415998783605,0.14734994199181772,0.3592676684727091,0.2057942057942058,0.42120075046904315,0.7698374273264538,0.18880417255190673,0.79141641891973,0.16223856529515557,0.6710131952437068,0.5662966138428724,0.6011470954293294,0.06581532416502947,67,0.1237721021611002,0.12573673870333987,0.46024238268050066,0.46440164080613505,0.015562700468193344,0.1237721021611002,0.46825396825396826,0.4765625
qwen3-1.7b,llama31-70b-base,rte,111,62,0.8772218564845293,0.8225806451612903,0.25320056899004273,-0.005639097744360777,0.3392857142857143,0.3050847457627119,0.7995391705069124,0.02304147465437789,0.7366688610928241,0.14055299539170518,0.7619349994945228,0.3392133214391295,0.24482047869276036,0.25806451612903225,16,0.4838709677419355,0.4838709677419355,0.09583333333333334,0.09583333333333334,0.2341311134235172,0.4838709677419355,0.4666666666666667,0.4666666666666667
qwen3-1.7b,llama31-70b-base,truthfulqa,654,327,0.8749731130002151,0.9157010726743914,0.3389193929688095,0.2955903598634094,0.43119266055045874,0.3657142857142857,0.7707170178342639,0.14498405484012744,0.7413797940689617,0.13359331893125337,0.624558803284779,0.4421722967497824,0.382591073173441,0.0581039755351682,19,0.1743119266055046,0.20489296636085627,0.14621124016593615,0.16153846153846144,0.0357152877142777,0.1743119266055046,0.6666666666666667,0.7164179104477613
qwen3-1.7b,llama31-8b-base,boolq,1308,475,0.8171352751626967,0.7668970746193213,0.22837342250026982,0.04830470980975743,0.22324159021406728,0.19850746268656716,0.5474417135275164,0.21945536109180497,0.6708434952928539,0.14629177986984276,0.7060200909539606,0.584721427814531,0.5946439130426003,0.391578947368421,186,0.511578947368421,0.6189473684210526,0.3086968211333625,0.3844212536661893,0.3166404432132964,0.511578947368421,0.23456790123456794,0.36734693877551017
qwen3-1.7b,llama31-8b-base,geometry_of_truth,2012,1000,0.9934357707509882,0.9974249011857708,0.34411173291343944,0.06514907222692867,0.24652087475149106,0.11925708699902249,0.9766235177865613,0.02080138339920945,0.9851007905138339,0.008334980237154288,0.8781849495469456,0.8810747101629754,0.8391940136440245,0.014,14,0.051,0.022,0.3990703470385138,0.6168215346297538,0.001122,0.022,0.36363636363636354,0.36363636363636354
qwen3-1.7b,llama31-8b-base,imdb,2000,1018,0.9536549842148856,0.9481712074712207,0.14734994199181772,0.25079113924050633,0.2057942057942058,0.3602199816681943,0.6215113696837775,0.32665983778744323,0.49293170987399915,0.46072327434088645,0.7229988350500152,0.6645911472157763,0.666601011861885,0.0550098231827112,56,0.1237721021611002,0.11296660117878192,0.39356125112518225,0.4144862546305324,0.013982113701892458,0.11296660117878192,0.5130434782608695,0.5130434782608695
qwen3-1.7b,llama31-8b-base,rte,111,62,0.8772218564845293,0.7590520078999341,0.25320056899004273,0.10225921521997616,0.3392857142857143,0.41379310344827586,0.7527978933508886,0.006254114549045453,0.80348913759052,0.07373271889400934,0.7379922179380722,0.3853830315021445,0.2580135657003043,0.2903225806451613,18,0.4838709677419355,0.532258064516129,0.13145556003198527,0.14482758620689654,0.25754422476586886,0.4838709677419355,0.4,0.4545454545454545
qwen3-1.7b,llama31-8b-base,truthfulqa,654,327,0.8749731130002151,0.8842222409262221,0.3389193929688095,0.3671417854463616,0.43119266055045874,0.6085626911314985,0.6855109465159124,0.19871129441030977,0.6878021864975825,0.18717092650263256,0.6456312314036818,0.5139398188086132,0.40584206789113775,0.0764525993883792,25,0.1743119266055046,0.1651376146788991,0.3383896881951072,0.34958847736625515,0.028785455769716358,0.1651376146788991,0.5370370370370371,0.5370370370370371
qwen3-1.7b,olmo3-7b,boolq,1308,475,0.8171352751626967,0.8341062740885827,0.22837342250026982,0.1841299624728422,0.22324159021406728,0.24770642201834864,0.55750047387376,0.27660580021482273,0.5282744676818095,0.28886080748088716,0.7148079738587304,0.4194464159636212,0.5965190289207647,0.3494736842105263,166,0.511578947368421,0.5326315789473685,0.3087030662621353,0.32200719237756276,0.2724831024930748,0.511578947368421,0.316872427983539,0.3438735177865613
qwen3-1.7b,olmo3-7b,geometry_of_truth,2012,1000,0.9934357707509882,0.9942687747035572,0.34411173291343944,0.022741228070175423,0.24652087475149106,0.019880715705765408,0.9891798418972332,0.0050889328063240535,0.9874930830039526,0.005942687747035658,0.8985906284434596,0.7946913801809459,0.8457568997493421,0.026,26,0.051,0.052,0.47799752718286365,0.48291552908083063,0.002652,0.051,0.4901960784313726,0.5
qwen3-1.7b,olmo3-7b,imdb,2000,1018,0.9536549842148856,0.9686388389838309,0.14734994199181772,0.15151949541284404,0.2057942057942058,0.128,0.9512922186788518,0.01734662030497902,0.8350845673998376,0.11857041681504799,0.7072281497700239,0.5371723035001199,0.6210539936490884,0.07858546168958742,80,0.1237721021611002,0.10707269155206287,0.6415998689381567,0.6963631875591393,0.013252612117445895,0.10707269155206287,0.2660550458715596,0.2660550458715596
qwen3-1.7b,olmo3-7b,rte,111,62,0.8772218564845293,0.8581303489137591,0.25320056899004273,0.007309941520467822,0.3392857142857143,0.25,0.8551678736010534,0.002962475312705659,0.8235681369321921,0.05365371955233722,0.6428739572183386,0.13425954144675734,0.28897529745081907,0.20967741935483872,13,0.4838709677419355,0.3870967741935484,0.09191056070762835,0.11197916666666662,0.18730489073881373,0.3870967741935484,0.45833333333333326,0.45833333333333326
qwen3-1.7b,olmo3-7b,truthfulqa,654,327,0.8749731130002151,0.8972495768220035,0.3389193929688095,0.37460721232979205,0.43119266055045874,0.5045871559633027,0.7872981137016151,0.10995146312038839,0.7622721619018227,0.1127009510983924,0.6362274112254391,0.22240779966313595,0.38977787352239623,0.0856269113149847,28,0.1743119266055046,0.1834862385321101,0.3653074900903494,0.3768972994283461,0.031983839744129286,0.1743119266055046,0.5087719298245614,0.5333333333333334
qwen3-1.7b,qwen3-32b,boolq,1308,475,0.8171352751626967,0.9175105831806406,0.22837342250026982,0.01116746986681294,0.22324159021406728,0.05963302752293578,0.8717103683578695,0.04580021482277108,0.6900284324256019,0.12710684273709483,0.6371198599620823,0.5177985758867347,0.6189727432746753,0.1831578947368421,87,0.511578947368421,0.24842105263157896,0.2595987606571876,0.46212010520163643,0.12708698060941828,0.24842105263157896,0.26271186440677974,0.26271186440677974
qwen3-1.7b,qwen3-32b,geometry_of_truth,2012,1000,0.9934357707509882,0.9991205533596839,0.34411173291343944,0.1296819531985801,0.24652087475149106,0.020874751491053677,0.9975711462450593,0.0015494071146245902,0.9879209486166007,0.005514822134387476,0.8356244298543037,0.7704508918397311,0.8530892332444313,0.012,12,0.051,0.016,0.40515520590135057,0.7365648050579559,0.000816,0.016,0.25,0.25
qwen3-1.7b,qwen3-32b,imdb,2000,1018,0.9536549842148856,0.9749198740391887,0.14734994199181772,-0.0009083050676402804,0.2057942057942058,0.016966067864271458,0.9706224816840657,0.004297392355122942,0.9284338125552678,0.02522117165961779,0.49908807706989533,0.6200558371076867,0.6410360595651539,0.060903732809430254,62,0.1237721021611002,0.07858546168958742,0.5775061978874216,0.7432174887892378,0.00972668779262084,0.07858546168958742,0.22499999999999998,0.22499999999999998
qwen3-1.7b,qwen3-32b,rte,111,62,0.8772218564845293,0.9634628044766294,0.25320056899004273,0.12364864864864855,0.3392857142857143,0.15789473684210525,0.956550362080316,0.00691244239631339,0.8196181698485846,0.05760368663594473,0.6241110451987061,0.2861457959628988,0.2865978214498931,0.12903225806451613,8,0.4838709677419355,0.16129032258064516,0.2774078733654259,0.6124999999999998,0.07804370447450572,0.16129032258064516,0.19999999999999996,0.19999999999999996
qwen3-1.7b,qwen3-32b,truthfulqa,654,327,0.8749731130002151,0.9692412722460698,0.3389193929688095,0.16423754215061814,0.43119266055045874,0.22935779816513763,0.8719524170243806,0.09728885522168917,0.7446436420428508,0.13032947095736425,0.35450547147403016,0.3253700524327753,0.40319676110079794,0.05198776758409786,17,0.1743119266055046,0.12232415902140673,0.24668978286914017,0.30361111111111105,0.02132255982941952,0.12232415902140673,0.575,0.575
qwen3-1.7b,qwen3-8b,boolq,1308,475,0.8171352751626967,0.8986440892146333,0.22837342250026982,0.05791505791505802,0.22324159021406728,0.11297709923664122,0.8289783281733748,0.06966576104125854,0.6421355910785368,0.1749996840841599,0.784959827786507,0.4867437011830559,0.6394488131708808,0.2673684210526316,127,0.511578947368421,0.3368421052631579,0.40231261730916207,0.5777209051724139,0.1723213296398892,0.3368421052631579,0.20624999999999993,0.20624999999999993
qwen3-1.7b,qwen3-8b,geometry_of_truth,2012,1000,0.9934357707509882,0.9976422924901186,0.34411173291343944,0.3637252771136711,0.24652087475149106,0.042743538767395624,0.9958191699604744,0.0018231225296442277,0.9862332015810276,0.007202569169960649,0.9275813954740242,0.7988969235296164,0.8672437744087695,0.017,17,0.051,0.024,0.4685416187495864,0.6926589392342817,0.001224,0.024,0.29166666666666663,0.29166666666666663
qwen3-1.7b,qwen3-8b,imdb,2000,1018,0.9536549842148856,0.9709705944726091,0.14734994199181772,0.005154241786803793,0.2057942057942058,0.101,0.9652737486945772,0.005696845778031978,0.878352586237941,0.0753023979769446,0.7885623643251519,0.6322000640290628,0.6804842927847738,0.06385068762278978,65,0.1237721021611002,0.08447937131630648,0.5829981601639908,0.7213213056627387,0.010456189377067403,0.08447937131630648,0.2441860465116279,0.2441860465116279
qwen3-1.7b,qwen3-8b,rte,111,62,0.8772218564845293,0.9338380513495721,0.25320056899004273,0.0714285714285714,0.3392857142857143,0.25,0.9321922317314022,0.001645819618169897,0.8179723502304148,0.059249506254114515,0.7883785934096338,0.21104273875908053,0.32549314205834234,0.20967741935483872,13,0.4838709677419355,0.24193548387096775,0.43273280811042053,0.7416666666666667,0.1170655567117586,0.24193548387096775,0.1333333333333333,0.1333333333333333
qwen3-1.7b,qwen3-8b,truthfulqa,654,327,0.8749731130002151,0.9380804084953567,0.3389193929688095,0.3347204266321915,0.43119266055045874,0.345565749235474,0.841829625265363,0.0962507832299937,0.748057122015543,0.1269159909846721,0.6416273568819773,0.2742183337118096,0.42549809090455215,0.06422018348623854,21,0.1743119266055046,0.14067278287461774,0.3009721487505031,0.3417874396135264,0.024520943803832452,0.14067278287461774,0.5434782608695652,0.5434782608695652
qwen3-1.7b,qwen3-8b-base,boolq,1308,475,0.8171352751626967,0.8936298730018324,0.22837342250026982,0.20082443197618294,0.22324159021406728,0.172782874617737,0.691077273014469,0.2025525999873634,0.5807544070259683,0.23638086813672843,0.19777525259993964,0.43027640884587803,0.6207524876652815,0.27789473684210525,132,0.511578947368421,0.35789473684210527,0.395630053677933,0.5423427991886408,0.18309141274238225,0.35789473684210527,0.22352941176470598,0.22352941176470598
qwen3-1.7b,qwen3-8b-base,geometry_of_truth,2012,1000,0.9934357707509882,0.9982579051383399,0.34411173291343944,0.33702642975354036,0.24652087475149106,0.11232604373757456,0.9966976284584981,0.001560276679841821,0.9871857707509881,0.006250000000000089,0.7949189588538178,0.8128190931160755,0.864657476365932,0.018,18,0.051,0.031,0.4306116478913347,0.5581087052585065,0.001581,0.031,0.4193548387096775,0.4193548387096775
qwen3-1.7b,qwen3-8b-base,imdb,2000,1018,0.9536549842148856,0.9755150668816697,0.14734994199181772,0.03611020442703605,0.2057942057942058,0.091,0.9686448409284609,0.006870225953208742,0.865362377410281,0.0882926068046046,0.7558986849260422,0.6230884389258514,0.6715253393478737,0.068762278978389,70,0.1237721021611002,0.09233791748526522,0.6013617467972647,0.7086155901154468,0.011428858156329488,0.09233791748526522,0.25531914893617014,0.25531914893617014
qwen3-1.7b,qwen3-8b-base,rte,111,62,0.8772218564845293,0.9157340355497038,0.25320056899004273,-0.09999999999999998,0.3392857142857143,0.17857142857142858,0.9427254772876893,-0.02699144173798551,0.8344305464121132,0.0427913100724161,0.5865063876784669,0.21480038765236442,0.3097657367872896,0.20967741935483872,13,0.4838709677419355,0.27419354838709675,0.3454024207269091,0.5441176470588236,0.13267429760665972,0.27419354838709675,0.23529411764705876,0.23529411764705876
qwen3-1.7b,qwen3-8b-base,truthfulqa,654,327,0.8749731130002151,0.9195073366439414,0.3389193929688095,0.3811862269270455,0.43119266055045874,0.4115853658536585,0.8267354973861161,0.09277183925782528,0.7560998419512013,0.1188732710490138,0.5359598202962942,0.29401832328707467,0.4226507590561681,0.06116207951070336,20,0.1743119266055046,0.1651376146788991,0.22984208368284495,0.23744855967078185,0.028785455769716358,0.1651376146788991,0.6296296296296297,0.6296296296296297
qwen3-1.7b,qwen38-27b,boolq,1308,475,0.8171352751626967,0.9392279016869906,0.22837342250026982,0.28872057448797483,0.22324159021406728,0.1173780487804878,0.7899488216339166,0.149279080053074,0.6600012636633601,0.1571340114993366,0.849238393335578,0.5658358042467202,0.6387242925038611,0.15578947368421053,74,0.511578947368421,0.21052631578947367,0.23597553265683455,0.4676724137931034,0.10770083102493073,0.21052631578947367,0.2599999999999999,0.2599999999999999
qwen3-1.7b,qwen38-27b,geometry_of_truth,2012,1000,0.9934357707509882,0.9983764822134387,0.34411173291343944,0.3612122252747253,0.24652087475149106,0.09542743538767395,0.9962391304347826,0.002137351778656038,0.9880652173913045,0.005370553359683727,0.9467430320016028,0.8518981635164183,0.8626242725611206,0.018,18,0.051,0.025,0.48694018901621583,0.7049525816649106,0.001275,0.025,0.28000000000000014,0.28000000000000014
qwen3-1.7b,qwen38-27b,rte,111,62,0.8772218564845293,0.967083607636603,0.25320056899004273,0.40421455938697326,0.3392857142857143,0.44642857142857145,0.9595128373930217,0.007570770243581215,0.8196181698485845,0.05760368663594484,0.8305005381102802,0.36845339382989983,0.30845400754872887,0.1774193548387097,11,0.4838709677419355,0.20967741935483872,0.3734027557491328,0.7019230769230768,0.10145681581685745,0.20967741935483872,0.15384615384615385,0.15384615384615385
qwen3-1.7b,qwen38-27b,truthfulqa,654,327,0.8749731130002151,0.9541471443668228,0.3389193929688095,0.4319339375327689,0.43119266055045874,0.4923547400611621,0.8557734571538125,0.09837368721301032,0.768949489848404,0.10602362315181102,0.7338356304881501,0.416955007291945,0.42194778601126237,0.05504587155963303,18,0.1743119266055046,0.1345565749235474,0.2440173909534457,0.28434343434343423,0.023454815812361474,0.1345565749235474,0.5909090909090908,0.5909090909090908
qwen3-32b,gemma2-9b,boolq,1308,475,0.9175105831806406,0.9097794907436658,0.01116746986681294,0.03949897873362973,0.05963302752293578,0.12102874432677761,0.8437252795855185,0.06605421115814736,0.8615656789031403,0.05594490427750032,0.5352485259805413,0.5752269998779933,0.5704131874526295,0.16210526315789472,77,0.24842105263157896,0.25473684210526315,0.524900523580843,0.5337786076797855,0.06328199445983379,0.24842105263157896,0.34745762711864414,0.36363636363636365
qwen3-32b,gemma2-9b,geometry_of_truth,2012,1000,0.9991205533596839,0.9984673913043478,0.1296819531985801,0.07388008475840868,0.020874751491053677,0.014577259475218658,0.9974545454545455,0.001012845849802324,0.9980424901185772,0.0010780632411067081,0.8318234642946739,0.878449138503343,0.7980433845724629,0.011,11,0.016,0.021,0.5927364060998048,0.6807967313585291,0.00033600000000000004,0.016,0.3125,0.4761904761904763
qwen3-32b,gemma2-9b,imdb,2000,1018,0.9749198740391887,0.9717328414406267,-0.0009083050676402804,-0.00011345483589886296,0.016966067864271458,0.025565388397246803,0.9636022071151054,0.008130634325521302,0.9711236440606756,0.0037962299785130327,0.4452642913002288,0.6916189599100384,0.715594325259759,0.06483300589390963,66,0.07858546168958742,0.08349705304518663,0.7828056452913332,0.8090568060021435,0.006561654463275963,0.07858546168958742,0.17499999999999993,0.22352941176470587
qwen3-32b,gemma2-9b,rte,111,62,0.9634628044766294,0.9430546412113232,0.12364864864864855,0.006666666666666599,0.15789473684210525,0.017241379310344827,0.933179723502304,0.00987491770901916,0.9539170506912442,0.009545753785385136,0.5689954445255074,0.2653639440568428,0.33945872393411636,0.12903225806451613,8,0.16129032258064516,0.22580645161290322,0.602231807681353,0.7416666666666666,0.036420395421436005,0.16129032258064516,0.19999999999999996,0.4285714285714286
qwen3-32b,gemma2-9b,truthfulqa,654,327,0.9692412722460698,0.9443930084448559,0.16423754215061814,0.14681540808543103,0.22935779816513763,0.25914634146341464,0.849657249202742,0.09473575924211386,0.8930318248557454,0.07620944739032443,0.40873695413392763,0.4258478418444436,0.4133144093378852,0.07033639143730887,23,0.12232415902140673,0.1712538226299694,0.40009816957936595,0.4871771217712176,0.02094847983241216,0.12232415902140673,0.42500000000000004,0.5892857142857142
qwen3-32b,gemma4-12b,boolq,1308,475,0.9175105831806406,0.5638819738421684,0.01116746986681294,0.06143355209187862,0.05963302752293578,0.3516819571865443,0.4945043280470083,0.06937764579516015,0.20524420294433562,0.712266380236305,0.13373038251781505,-0.012743929644401852,0.1204235679485306,0.24,114,0.24842105263157896,0.9642105263157895,0.005852933016177045,0.052841475573280214,0.2395301939058172,0.24842105263157896,0.033898305084745894,0.7510917030567685
qwen3-32b,gemma4-12b,geometry_of_truth,2012,1000,0.9991205533596839,0.7480750988142292,0.1296819531985801,0.2826014006995602,0.020874751491053677,0.4846077457795432,0.6381353754940712,0.109939723320158,0.9418211462450593,0.057299407114624556,0.42717265896103884,0.6219535112173972,0.6273500244112362,0.01,10,0.016,0.338,0.07736722038290478,0.43353474320241675,0.0054080000000000005,0.016,0.375,0.9704142011834319
qwen3-32b,gemma4-12b,imdb,2000,1018,0.9749198740391887,0.5940754804556677,-0.0009083050676402804,0.10790438247011958,0.016966067864271458,0.49201596806387227,0.5091869765804121,0.0848885038752556,0.27324753220043296,0.7016723418387557,0.07702217340044937,-0.16133142433894365,0.05891582407905793,0.04616895874263261,47,0.07858546168958742,0.44106090373280943,0.08613290375736808,0.26199472759226705,0.0346609747530695,0.07858546168958742,0.4125,0.8953229398663697
qwen3-32b,gemma4-12b,rte,111,62,0.9634628044766294,0.4427254772876893,0.12364864864864855,-0.04487179487179482,0.15789473684210525,0.5535714285714286,0.4137590520078999,0.028966425279789376,0.9572086899275839,0.006254114549045453,0.2129557206833729,-0.022991208546722097,-0.2204338686169156,0.16129032258064516,10,0.16129032258064516,0.8225806451612904,0.20366180229346847,1.0000000000000007,0.13267429760665975,0.16129032258064516,0.0,0.803921568627451
qwen3-32b,gemma4-12b,truthfulqa,654,327,0.9692412722460698,0.6490942588072459,0.16423754215061814,0.1617931547619047,0.22935779816513763,0.46646341463414637,0.5511881715904946,0.09790608721675131,0.7671726098626191,0.20206866238345067,0.05320963146654624,-0.017783665575087593,-0.1811271061525639,0.06116207951070336,20,0.12232415902140673,0.40672782874617736,0.07088628250275462,0.15721649484536077,0.04975263960197888,0.12232415902140673,0.5,0.849624060150376
qwen3-32b,gemma4-12b-base,boolq,1308,475,0.9175105831806406,0.8315284008340178,0.01116746986681294,0.04747755834829448,0.05963302752293578,0.1491628614916286,0.6254451254185884,0.20608327541542937,0.8538118405256839,0.06369874265495667,0.5164826545245919,0.5145268388053443,0.5581519058700288,0.2231578947368421,106,0.24842105263157896,0.6421052631578947,0.3072592370529664,0.7158524426719838,0.15951246537396122,0.24842105263157896,0.10169491525423735,0.6524590163934426
qwen3-32b,gemma4-12b-base,geometry_of_truth,2012,1000,0.9991205533596839,0.9973596837944664,0.1296819531985801,0.13830955334987594,0.020874751491053677,0.09343936381709742,0.9905998023715415,0.006759881422924829,0.9977895256916997,0.0013310276679842081,0.8191130283707975,0.8520287604200808,0.7812079773922747,0.012,12,0.016,0.026,0.5801427321212866,0.7433264887063653,0.000416,0.016,0.25,0.5384615384615384
qwen3-32b,gemma4-12b-base,imdb,2000,1018,0.9749198740391887,0.9185276029433537,-0.0009083050676402804,0.36237361462181594,0.016966067864271458,0.4132804757185332,0.606587534361133,0.3119400685822207,0.9471508768841106,0.02776899715507808,0.4719245796295364,0.6531005369732278,0.7108185077219322,0.05206286836935167,53,0.07858546168958742,0.17779960707269155,0.37022241348942775,0.5895161290322584,0.013972464210034698,0.07858546168958742,0.3374999999999999,0.7071823204419889
qwen3-32b,gemma4-12b-base,rte,111,62,0.9634628044766294,0.7890059249506254,0.12364864864864855,0.14822134387351782,0.15789473684210525,0.375,0.7156023699802502,0.0734035549703752,0.9535878867676103,0.009874917709019049,0.6134910304648685,0.2515875235909528,0.3395637366404076,0.14516129032258066,9,0.16129032258064516,0.5645161290322581,0.2967192748075663,0.7703703703703706,0.09105098855359002,0.16129032258064516,0.09999999999999987,0.7428571428571429
qwen3-32b,gemma4-12b-base,truthfulqa,654,327,0.9692412722460698,0.8785549289715606,0.16423754215061814,0.2616019634091923,0.22935779816513763,0.43902439024390244,0.7329442901364456,0.14561063883511505,0.8715315770277474,0.0977096952183224,0.41122451332797133,0.41093671677035537,0.4071040814942588,0.03669724770642202,12,0.12232415902140673,0.12538226299694188,0.19685670456325136,0.1996503496503496,0.01533727987730176,0.12232415902140673,0.7,0.7073170731707317
qwen3-32b,gemma4-31b,boolq,1308,475,0.9175105831806406,0.8310406267770266,0.01116746986681294,0.16187880058712512,0.05963302752293578,0.21712538226299694,0.556780185758514,0.27426044101851266,0.6131218803310797,0.3043887028495609,0.20628168880148348,0.2523270257283522,0.346298678777591,0.1705263157894737,81,0.24842105263157896,0.4168421052631579,0.3143732712498078,0.4623080217830264,0.10355235457063712,0.24842105263157896,0.31355932203389836,0.5909090909090908
qwen3-32b,gemma4-31b,geometry_of_truth,2012,1000,0.9991205533596839,0.9628982213438735,0.1296819531985801,0.45529668495876263,0.020874751491053677,0.4393638170974155,0.7970642292490118,0.16583399209486172,0.9852588932806324,0.01386166007905143,0.7339765885714501,0.8306861621377429,0.7504877123897721,0.008,8,0.016,0.113,0.15587353167914936,0.4363021420518602,0.0018080000000000001,0.016,0.5,0.9292035398230089
qwen3-32b,gemma4-31b,rte,111,62,0.9634628044766294,0.6277156023699803,0.12364864864864855,-0.000645161290322549,0.15789473684210525,0.4107142857142857,0.5608953258722844,0.06682027649769584,0.9394338380513496,0.02402896642527974,0.26489177734306363,0.023129973824666195,0.004540516125249416,0.14516129032258066,9,0.16129032258064516,0.6129032258064516,0.25847640894500723,0.7416666666666667,0.09885535900104059,0.16129032258064516,0.09999999999999987,0.763157894736842
qwen3-32b,gemma4-31b,truthfulqa,654,327,0.9692412722460698,0.7854838257161294,0.16423754215061814,0.44235373335328443,0.22935779816513763,0.5443425076452599,0.7172703382618373,0.06821348745429212,0.8438777132489782,0.12536355899709162,0.18007300039848215,0.22371935958340428,0.18038454011339788,0.04892966360856269,16,0.12232415902140673,0.25382262996941896,0.12539579828168235,0.1959016393442623,0.03104863975161088,0.12232415902140673,0.6,0.8072289156626506
qwen3-32b,gptj-6b,boolq,1308,475,0.9175105831806406,0.6656902761104442,0.01116746986681294,0.20653974953779597,0.05963302752293578,0.6237482117310443,0.49109749162823024,0.17459278448221394,0.6165514626903393,0.30095912049030127,0.4477647126795192,0.6102421291553072,0.5597207142298195,0.2294736842105263,109,0.24842105263157896,0.8757894736842106,0.0835641276068949,0.38595231255386386,0.2175645429362881,0.24842105263157896,0.0762711864406781,0.7379807692307693
qwen3-32b,gptj-6b,geometry_of_truth,2012,1000,0.9991205533596839,0.9835780632411067,0.1296819531985801,0.5482477023411999,0.020874751491053677,0.5464190981432361,0.9076353754940713,0.0759426877470355,0.9957144268774704,0.0034061264822135007,0.8253047098508206,0.8815267585890691,0.7913849885271927,0.011,11,0.016,0.074,0.2988516486199649,0.6625269978401725,0.001184,0.016,0.3125,0.8513513513513513
qwen3-32b,gptj-6b,imdb,2000,1018,0.9749198740391887,0.9469618156282635,-0.0009083050676402804,0.48659038116650455,0.016966067864271458,0.5482625482625483,0.591013488370232,0.3559483272580315,0.9513432352082075,0.023576638830981156,0.4282340211469419,0.6544037672310413,0.6686119618518621,0.05304518664047151,54,0.07858546168958742,0.13163064833005894,0.46936203626880224,0.625735294117647,0.010344255271517402,0.07858546168958742,0.32500000000000007,0.5970149253731343
qwen3-32b,gptj-6b,rte,111,62,0.9634628044766294,0.6645819618169848,0.12364864864864855,0.27960526315789475,0.15789473684210525,0.3709677419354839,0.510533245556287,0.15404871626069783,0.8943383805134958,0.06912442396313356,0.5417207158537504,0.27624485577472335,0.3302269707274764,0.16129032258064516,10,0.16129032258064516,0.9032258064516129,0.14354231294080363,1.0000000000000007,0.14568158168574402,0.16129032258064516,0.0,0.8214285714285714
qwen3-32b,gptj-6b,truthfulqa,654,327,0.9692412722460698,0.8530333211757335,0.16423754215061814,0.32313192572626537,0.22935779816513763,0.5137614678899083,0.7235174742118602,0.1295158469638733,0.8691094090471247,0.10013186319894507,0.3478069317073672,0.4422686010825767,0.39589788047440766,0.04281345565749235,14,0.12232415902140673,0.14678899082568808,0.2143686693925779,0.2381720430107527,0.01795583985635328,0.12232415902140673,0.65,0.7083333333333334
qwen3-32b,llama-8b,boolq,1308,475,0.9175105831806406,0.8544310355721236,0.01116746986681294,0.04359931113662474,0.05963302752293578,0.13302752293577982,0.7576066215960069,0.09682441397611674,0.873719593100398,0.043790990080242564,0.6289103411613489,0.6911976643863544,0.6045603034834732,0.19789473684210526,94,0.24842105263157896,0.4105263157894737,0.451217384064506,0.6549636803874093,0.10198337950138504,0.24842105263157896,0.2033898305084746,0.5179487179487179
qwen3-32b,llama-8b,geometry_of_truth,2012,1000,0.9991205533596839,0.9984980237154151,0.1296819531985801,0.004826841706890184,0.020874751491053677,0.006958250497017893,0.9968033596837945,0.001694664031620552,0.9979229249011858,0.0011976284584980235,0.8776275946977768,0.9060078109420777,0.8084430727109385,0.013,13,0.016,0.02,0.7218279215752793,0.808673469387755,0.00032,0.016,0.1875,0.3500000000000001
qwen3-32b,llama-8b,imdb,2000,1018,0.9749198740391887,0.9719108991313186,-0.0009083050676402804,0.003963849690819643,0.016966067864271458,0.019,0.9613964924635582,0.010514406667760379,0.9704344207523237,0.004485453286865004,0.5685079552288527,0.7659955111693769,0.7392309316622767,0.068762278978389,70,0.07858546168958742,0.10903732809430255,0.7176849264158043,0.8597023153252482,0.008568748769689789,0.07858546168958742,0.12499999999999989,0.36936936936936926
qwen3-32b,llama-8b,rte,111,62,0.9634628044766294,0.8127057274522712,0.12364864864864855,0.0039525691699604515,0.15789473684210525,0.21428571428571427,0.7695852534562212,0.04312047399605001,0.9598420013166555,0.0036208031599738177,0.671638657015646,0.44500975406767884,0.33934047636214393,0.14516129032258066,9,0.16129032258064516,0.4838709677419355,0.36515934351163193,0.8062499999999996,0.07804370447450572,0.16129032258064516,0.09999999999999987,0.7
qwen3-32b,llama-8b,truthfulqa,654,327,0.9692412722460698,0.9356301845149585,0.16423754215061814,0.2551085448614602,0.22935779816513763,0.3780487804878049,0.8347408093220734,0.1008893751928851,0.8802476409580189,0.08899363128805093,0.5035132062424176,0.5794681989483728,0.42632582536434915,0.05504587155963303,18,0.12232415902140673,0.1345565749235474,0.3450950450179393,0.364487632508834,0.01645951986832384,0.12232415902140673,0.55,0.5909090909090908
qwen3-32b,llama31-405b,boolq,1308,475,0.9175105831806406,0.9538838693372085,0.01116746986681294,-1.0338054378222772e-05,0.05963302752293578,0.03211009174311927,0.9162140645731977,0.03766980476401083,0.8081531559992419,0.10935742718139874,0.5385519257092148,0.47183883001371185,0.6037299143540185,0.14736842105263157,70,0.24842105263157896,0.17894736842105263,0.6213629261110343,0.7652001977261489,0.044454293628808865,0.17894736842105263,0.17647058823529416,0.17647058823529416
qwen3-32b,llama31-405b,geometry_of_truth,2012,1000,0.9991205533596839,0.9992994071146246,0.1296819531985801,0.02268716373487989,0.020874751491053677,0.01485148514851485,0.9984268774703557,0.0008725296442688713,0.9981225296442688,0.0009980237154150196,0.8489454376519332,0.8915524735145609,0.8454560369926034,0.009,9,0.016,0.012,0.6446896085861623,0.7459349593495938,0.000192,0.012,0.2500000000000001,0.2500000000000001
qwen3-32b,llama31-405b,imdb,2000,1018,0.9749198740391887,0.9815920358196056,-0.0009083050676402804,-0.002429182194380375,0.016966067864271458,0.006789524733268671,0.9809328222344041,0.0006592135852014902,0.971668820697906,0.003251053341282617,0.5562467800515759,0.6335482422231679,0.6973457473771514,0.05992141453831041,61,0.07858546168958742,0.06974459724950884,0.794268080817706,0.8471425568335386,0.005480911375206981,0.06974459724950884,0.14084507042253525,0.14084507042253525
qwen3-32b,llama31-405b,rte,111,62,0.9634628044766294,0.9381171823568137,0.12364864864864855,0.014102564102564163,0.15789473684210525,0.08928571428571429,0.9157340355497038,0.022383146807109955,0.956550362080316,0.00691244239631339,0.602108585812384,0.36329364739257297,0.33576825089654183,0.11290322580645161,7,0.16129032258064516,0.25806451612903225,0.4429043888457902,0.5956521739130436,0.04162330905306972,0.16129032258064516,0.30000000000000004,0.5625
qwen3-32b,llama31-405b,truthfulqa,654,327,0.9692412722460698,0.9737021762103826,0.16423754215061814,0.059963167587476884,0.22935779816513763,0.09063444108761329,0.9495646644034827,0.024137511806899825,0.8902355768781154,0.07900569536795443,0.45422437970328244,0.5222490284697134,0.4561418014934774,0.03669724770642202,12,0.12232415902140673,0.08868501529051988,0.27749806791311216,0.3320917938243422,0.010848319913213441,0.08868501529051988,0.5862068965517242,0.5862068965517242
qwen3-32b,llama31-70b,boolq,1308,475,0.9175105831806406,0.9376559044670498,0.01116746986681294,-0.0013040046669641203,0.05963302752293578,0.03765060240963856,0.8964453149680924,0.041210589498957395,0.8889619005496935,0.02854868263094712,0.6362460411285289,0.6050732414850333,0.5867090793575236,0.16631578947368422,79,0.24842105263157896,0.2231578947368421,0.6163026017591354,0.6610908514349135,0.055437119113573415,0.2231578947368421,0.2547169811320754,0.2547169811320754
qwen3-32b,llama31-70b,geometry_of_truth,2012,1000,0.9991205533596839,0.9990503952569171,0.1296819531985801,0.004721374045801641,0.020874751491053677,0.0107421875,0.9982895256916997,0.0007608695652173703,0.9979644268774703,0.0011561264822135264,0.8873296264232613,0.910278645193303,0.8275404082444823,0.011,11,0.016,0.016,0.6824186991869918,0.6824186991869918,0.000256,0.016,0.3125,0.3125
qwen3-32b,llama31-70b,imdb,2000,1018,0.9749198740391887,0.9821732241246164,-0.0009083050676402804,0.001270650367035886,0.016966067864271458,0.008620689655172414,0.9796764151585112,0.0024968089661051573,0.971459752959959,0.003460121079229661,0.6072155081877617,0.732329958131144,0.7263628172743504,0.0550098231827112,56,0.07858546168958742,0.0618860510805501,0.7734239742666211,0.8794124615020138,0.00486334389631042,0.0618860510805501,0.11111111111111105,0.11111111111111105
qwen3-32b,llama31-70b,rte,111,62,0.9634628044766294,0.9420671494404212,0.12364864864864855,-0.003906250000000111,0.15789473684210525,0.03571428571428571,0.9298880842659645,0.012179065174456771,0.95687952600395,0.006583278472679366,0.6818869530187858,0.42762724001237384,0.3401524108206103,0.12903225806451613,8,0.16129032258064516,0.24193548387096775,0.571452146657319,0.7361702127659574,0.03902185223725286,0.16129032258064516,0.19999999999999996,0.4666666666666667
qwen3-32b,llama31-70b,truthfulqa,654,327,0.9692412722460698,0.9623114403015085,0.16423754215061814,0.12582825337927372,0.22935779816513763,0.19756838905775076,0.9124465767004273,0.04986486360108122,0.8953698248370414,0.0738714474090284,0.5632642448931724,0.5781499368703067,0.4411075186699943,0.04892966360856269,16,0.12232415902140673,0.1162079510703364,0.33059501744762254,0.340363102879149,0.01421503988627968,0.1162079510703364,0.5789473684210527,0.5789473684210527
qwen3-32b,llama31-70b-base,boolq,1308,475,0.9175105831806406,0.8779857206040311,0.01116746986681294,0.11658356417359172,0.05963302752293578,0.13082706766917293,0.7211044417767107,0.1568812788273204,0.8228015416692993,0.0947090415113413,0.5481462800449626,0.5429472476825765,0.5494929307675457,0.16210526315789472,77,0.24842105263157896,0.37684210526315787,0.32708853517139597,0.442424415941365,0.09361551246537396,0.24842105263157896,0.34745762711864414,0.5698324022346368
qwen3-32b,llama31-70b-base,geometry_of_truth,2012,1000,0.9991205533596839,0.9983873517786561,0.1296819531985801,0.04919332892741901,0.020874751491053677,0.060077519379844964,0.9961403162055336,0.0022470355731225578,0.9977934782608696,0.0013270750988142455,0.8607245731968473,0.8925127624389224,0.819603978906099,0.011,11,0.016,0.019,0.6243851270382706,0.6814475025484201,0.000304,0.016,0.3125,0.42105263157894735
qwen3-32b,llama31-70b-base,imdb,2000,1018,0.9749198740391887,0.9586415998783605,-0.0009083050676402804,0.3592676684727091,0.016966067864271458,0.42120075046904315,0.7785382463918309,0.18010335348652962,0.9670193142578195,0.007900559781369165,0.5293307775282088,0.6892100285187628,0.7010694617543634,0.0550098231827112,56,0.07858546168958742,0.12573673870333987,0.5058274540184449,0.6568539325842696,0.00988107966234498,0.07858546168958742,0.29999999999999993,0.5625
qwen3-32b,llama31-70b-base,rte,111,62,0.9634628044766294,0.8225806451612903,0.12364864864864855,-0.005639097744360777,0.15789473684210525,0.3050847457627119,0.782422646477946,0.04015799868334424,0.9423963133640553,0.02106649111257408,0.6694590892874868,0.4055623454523496,0.320388609723827,0.12903225806451613,8,0.16129032258064516,0.4838709677419355,0.27740787336542594,0.6124999999999999,0.07804370447450572,0.16129032258064516,0.19999999999999996,0.7333333333333334
qwen3-32b,llama31-70b-base,truthfulqa,654,327,0.9692412722460698,0.9157010726743914,0.16423754215061814,0.2955903598634094,0.22935779816513763,0.3657142857142857,0.8268477213852183,0.08885335128917304,0.8787887289696901,0.09045254327637975,0.5560634876248532,0.5591469427610305,0.4244590041027274,0.06116207951070336,20,0.12232415902140673,0.20489296636085627,0.27295577379240227,0.3711538461538461,0.02506335979949312,0.12232415902140673,0.5,0.7014925373134329
qwen3-32b,llama31-8b-base,boolq,1308,475,0.9175105831806406,0.7668970746193213,0.01116746986681294,0.04830470980975743,0.05963302752293578,0.19850746268656716,0.5705844443040373,0.196312630315284,0.794108801415303,0.12340178176533756,0.6332090676687171,0.6751419354375322,0.5882789314004309,0.2063157894736842,98,0.24842105263157896,0.6189473684210526,0.25045135268934204,0.5552017979211535,0.15375955678670358,0.24842105263157896,0.16949152542372892,0.6666666666666666
qwen3-32b,llama31-8b-base,geometry_of_truth,2012,1000,0.9991205533596839,0.9974249011857708,0.1296819531985801,0.06514907222692867,0.020874751491053677,0.11925708699902249,0.9860088932806323,0.011416007905138414,0.9974881422924902,0.0016324110671936953,0.8553144581863179,0.9056384046318254,0.7973399673496173,0.012,12,0.016,0.022,0.6328678787950961,0.7443762781186095,0.000352,0.016,0.25,0.4545454545454545
qwen3-32b,llama31-8b-base,imdb,2000,1018,0.9749198740391887,0.9481712074712207,-0.0009083050676402804,0.25079113924050633,0.016966067864271458,0.3602199816681943,0.6599638282803628,0.2882073791908579,0.938229986515631,0.03668988752355762,0.5790134836350833,0.7723233225079162,0.7418135970904647,0.05009823182711198,51,0.07858546168958742,0.11296660117878192,0.48391791842843185,0.5913344407530455,0.008877532509138067,0.07858546168958742,0.36250000000000004,0.5565217391304348
qwen3-32b,llama31-8b-base,rte,111,62,0.9634628044766294,0.7590520078999341,0.12364864864864855,0.10225921521997616,0.15789473684210525,0.41379310344827586,0.6938775510204082,0.06517445687952594,0.967412771560237,-0.0039499670836076195,0.6903471453362304,0.4546324554709742,0.33399839562203715,0.12903225806451613,8,0.16129032258064516,0.532258064516129,0.23531545267983145,0.5724137931034482,0.08584807492195629,0.16129032258064516,0.19999999999999996,0.7575757575757576
qwen3-32b,llama31-8b-base,truthfulqa,654,327,0.9692412722460698,0.8842222409262221,0.16423754215061814,0.3671417854463616,0.22935779816513763,0.6085626911314985,0.73468376212253,0.1495384788036922,0.843709377250325,0.1255318949957448,0.5575158995884998,0.6042451076109312,0.4239473052724354,0.05504587155963303,18,0.12232415902140673,0.1651376146788991,0.28641364420499,0.34120879120879133,0.020200319838397443,0.12232415902140673,0.55,0.6666666666666667
qwen3-32b,olmo3-7b,boolq,1308,475,0.9175105831806406,0.8341062740885827,0.01116746986681294,0.1841299624728422,0.05963302752293578,0.24770642201834864,0.496374549819928,0.3377317242686547,0.6879509698616288,0.22955961331901176,0.5739254876839199,0.4706561158492243,0.5396064444916719,0.18947368421052632,90,0.24842105263157896,0.5326315789473685,0.26512041136786607,0.49228889906855994,0.1323168975069252,0.24842105263157896,0.23728813559322037,0.6442687747035574
qwen3-32b,olmo3-7b,geometry_of_truth,2012,1000,0.9991205533596839,0.9942687747035572,0.1296819531985801,0.022741228070175423,0.020874751491053677,0.019880715705765408,0.9904881422924903,0.0037806324110669642,0.9978794466403162,0.0012411067193676129,0.8440701803637296,0.8238402392461962,0.8041173066272672,0.013,13,0.016,0.052,0.4367730364808792,0.8022151898734177,0.000832,0.016,0.1875,0.75
qwen3-32b,olmo3-7b,imdb,2000,1018,0.9749198740391887,0.9686388389838309,-0.0009083050676402804,0.15151949541284404,0.016966067864271458,0.128,0.9468307731705072,0.021808065813323618,0.9670283171747648,0.007891556864423888,0.47460516698076965,0.5967986963759957,0.6610639091676151,0.06777996070726916,69,0.07858546168958742,0.10707269155206287,0.7134915632162623,0.846012101210121,0.008414356899965647,0.07858546168958742,0.13749999999999996,0.3669724770642201
qwen3-32b,olmo3-7b,rte,111,62,0.9634628044766294,0.8581303489137591,0.12364864864864855,0.007309941520467822,0.15789473684210525,0.25,0.8489137590520079,0.009216589861751112,0.9519420671494403,0.011520737327189057,0.5553562077584477,0.17456028023982573,0.31586979790992886,0.14516129032258066,9,0.16129032258064516,0.3870967741935484,0.46177246092422636,0.8368421052631577,0.062434963579604576,0.16129032258064516,0.09999999999999987,0.625
qwen3-32b,olmo3-7b,truthfulqa,654,327,0.9692412722460698,0.8972495768220035,0.16423754215061814,0.37460721232979205,0.22935779816513763,0.5045871559633027,0.8239673054082616,0.07328227141374188,0.9062929607496565,0.06294831149641333,0.37807224854088695,0.3198508144904463,0.39627889667516025,0.04892966360856269,16,0.12232415902140673,0.1834862385321101,0.20882911554398786,0.26516853932584267,0.0224447998204416,0.12232415902140673,0.6,0.7333333333333334
qwen3-32b,qwen3-1.7b,boolq,1308,475,0.9175105831806406,0.8171352751626967,0.01116746986681294,0.22837342250026982,0.05963302752293578,0.22324159021406728,0.6900284324256019,0.12710684273709483,0.8717103683578695,0.04580021482277108,0.637119859962084,0.6189727432746753,0.5177985758867347,0.1831578947368421,87,0.24842105263157896,0.511578947368421,0.2595987606571876,0.46212010520163643,0.12708698060941828,0.24842105263157896,0.26271186440677974,0.6419753086419753
qwen3-32b,qwen3-1.7b,geometry_of_truth,2012,1000,0.9991205533596839,0.9934357707509882,0.1296819531985801,0.34411173291343944,0.020874751491053677,0.24652087475149106,0.9879209486166007,0.005514822134387476,0.9975711462450593,0.0015494071146245902,0.8356244298543041,0.8530892332444313,0.7704508918397311,0.012,12,0.016,0.051,0.4051552059013505,0.7365648050579556,0.000816,0.016,0.25,0.7647058823529411
qwen3-32b,qwen3-1.7b,imdb,2000,1018,0.9749198740391887,0.9536549842148856,-0.0009083050676402804,0.14734994199181772,0.016966067864271458,0.2057942057942058,0.9284338125552678,0.02522117165961779,0.9706224816840657,0.004297392355122942,0.4990880770698956,0.6410360595651539,0.6200558371076867,0.060903732809430254,62,0.07858546168958742,0.1237721021611002,0.5775061978874216,0.7432174887892379,0.00972668779262084,0.07858546168958742,0.22499999999999998,0.5079365079365079
qwen3-32b,qwen3-1.7b,rte,111,62,0.9634628044766294,0.8772218564845293,0.12364864864864855,0.25320056899004273,0.15789473684210525,0.3392857142857143,0.8196181698485846,0.05760368663594473,0.956550362080316,0.00691244239631339,0.6241110451987049,0.2865978214498931,0.2861457959628988,0.12903225806451613,8,0.16129032258064516,0.4838709677419355,0.2774078733654259,0.6124999999999998,0.07804370447450572,0.16129032258064516,0.19999999999999996,0.7333333333333334
qwen3-32b,qwen3-1.7b,truthfulqa,654,327,0.9692412722460698,0.8749731130002151,0.16423754215061814,0.3389193929688095,0.22935779816513763,0.43119266055045874,0.7446436420428508,0.13032947095736425,0.8719524170243806,0.09728885522168917,0.3545054714740292,0.40319676110079794,0.3253700524327753,0.05198776758409786,17,0.12232415902140673,0.1743119266055046,0.24668978286914017,0.30361111111111105,0.02132255982941952,0.12232415902140673,0.575,0.7017543859649122
qwen3-32b,qwen3-8b,boolq,1308,475,0.9175105831806406,0.8986440892146333,0.01116746986681294,0.05791505791505802,0.05963302752293578,0.11297709923664122,0.7623984330574334,0.13624565615719997,0.8617552284071526,0.05575535477348803,0.5804108288804616,0.5427610951432934,0.5690551086085398,0.1831578947368421,87,0.24842105263157896,0.3368421052631579,0.4871124500616422,0.6038471885929513,0.0836786703601108,0.24842105263157896,0.26271186440677974,0.45625000000000004
qwen3-32b,qwen3-8b,geometry_of_truth,2012,1000,0.9991205533596839,0.9976422924901186,0.1296819531985801,0.3637252771136711,0.020874751491053677,0.042743538767395624,0.9960563241106719,0.0015859683794466894,0.9980256916996048,0.001094861660079105,0.7936864062452902,0.8315351771363683,0.8145158964141915,0.012,12,0.016,0.024,0.6048790362879041,0.7438524590163934,0.000384,0.016,0.25,0.5
qwen3-32b,qwen3-8b,imdb,2000,1018,0.9749198740391887,0.9709705944726091,-0.0009083050676402804,0.005154241786803793,0.016966067864271458,0.101,0.9653277661962474,0.0056428282763617554,0.9696171559585305,0.005302718080658186,0.3812452012350225,0.6813320849436377,0.7010973794415196,0.06483300589390963,66,0.07858546168958742,0.08447937131630648,0.77762700062653,0.8088519313304724,0.006638850398138034,0.07858546168958742,0.17499999999999993,0.2325581395348837
qwen3-32b,qwen3-8b,rte,111,62,0.9634628044766294,0.9338380513495721,0.12364864864864855,0.0714285714285714,0.15789473684210525,0.25,0.9252797893350889,0.008558262014483176,0.9506254114549044,0.01283739302172493,0.5247642508859872,0.2289309769287814,0.3390578598237126,0.11290322580645161,7,0.16129032258064516,0.24193548387096775,0.46905320708288606,0.604255319148936,0.03902185223725286,0.16129032258064516,0.30000000000000004,0.5333333333333334
qwen3-32b,qwen3-8b,truthfulqa,654,327,0.9692412722460698,0.9380804084953567,0.16423754215061814,0.3347204266321915,0.22935779816513763,0.345565749235474,0.8276706973786343,0.11040971111672238,0.8902823368777413,0.07895893536832854,0.2646642676285634,0.3552897856149012,0.41712481704725246,0.05198776758409786,17,0.12232415902140673,0.14067278287461774,0.3052974371143964,0.33087188612099644,0.01720767986233856,0.12232415902140673,0.575,0.6304347826086957
qwen3-32b,qwen3-8b-base,boolq,1308,475,0.9175105831806406,0.8936298730018324,0.01116746986681294,0.20082443197618294,0.05963302752293578,0.172782874617737,0.6913072597460037,0.20232261325582868,0.8009629114803817,0.11654767170025893,0.3045303791786564,0.5260713529779657,0.5705010237067026,0.18947368421052632,90,0.24842105263157896,0.35789473684210527,0.48549527080305066,0.6304529035843287,0.08890858725761773,0.24842105263157896,0.23728813559322037,0.47058823529411764
qwen3-32b,qwen3-8b-base,geometry_of_truth,2012,1000,0.9991205533596839,0.9982579051383399,0.1296819531985801,0.33702642975354036,0.020874751491053677,0.11232604373757456,0.9971758893280632,0.0010820158102766708,0.998147233201581,0.0009733201581028084,0.6900836655609383,0.8458960552103234,0.8143092537897647,0.013,13,0.016,0.031,0.5749746387192884,0.8065015479876163,0.000496,0.016,0.1875,0.5806451612903226
qwen3-32b,qwen3-8b-base,imdb,2000,1018,0.9749198740391887,0.9755150668816697,-0.0009083050676402804,0.03611020442703605,0.016966067864271458,0.091,0.9650216670201145,0.010493399861555175,0.9700142846282196,0.00490558941096908,0.4133167428486034,0.7048071528732662,0.7187060542267216,0.06581532416502947,67,0.07858546168958742,0.09233791748526522,0.7516959107211894,0.8209686147186148,0.0072564178770345945,0.07858546168958742,0.16249999999999998,0.2872340425531914
qwen3-32b,qwen3-8b-base,rte,111,62,0.9634628044766294,0.9157340355497038,0.12364864864864855,-0.09999999999999998,0.15789473684210525,0.17857142857142858,0.934825543120474,-0.01909150757077016,0.9476629361421988,0.01579986833443059,0.433236728323348,0.24912174863087488,0.3401765198002997,0.12903225806451613,8,0.16129032258064516,0.27419354838709675,0.5168746236478834,0.7244444444444442,0.04422476586888657,0.16129032258064516,0.19999999999999996,0.5294117647058822
qwen3-32b,qwen3-8b-base,truthfulqa,654,327,0.9692412722460698,0.9195073366439414,0.16423754215061814,0.3811862269270455,0.22935779816513763,0.4115853658536585,0.8414181372686549,0.07808919937528647,0.9048153447614772,0.06442592748459264,0.292878544353857,0.3881765636061173,0.4292371338435378,0.06116207951070336,20,0.12232415902140673,0.1651376146788991,0.33668592636013306,0.4010989010989011,0.020200319838397443,0.12232415902140673,0.5,0.6296296296296297
qwen3-32b,qwen38-27b,boolq,1308,475,0.9175105831806406,0.9392279016869906,0.01116746986681294,0.28872057448797483,0.05963302752293578,0.1173780487804878,0.7937928855752827,0.14543501611170784,0.8531800088456435,0.06433057433499711,0.7004581308786804,0.6354330130014811,0.6005435680536468,0.14736842105263157,70,0.24842105263157896,0.21052631578947367,0.5396802822111892,0.600840336134454,0.052299168975069255,0.21052631578947367,0.30000000000000004,0.30000000000000004
qwen3-32b,qwen38-27b,geometry_of_truth,2012,1000,0.9991205533596839,0.9983764822134387,0.1296819531985801,0.3612122252747253,0.020874751491053677,0.09542743538767395,0.9967934782608695,0.001583003952569162,0.9978745059288537,0.0012460474308301217,0.8754451240697517,0.8779413625447756,0.8090622028419442,0.014,14,0.016,0.025,0.6942390774092475,0.871794871794872,0.0004,0.016,0.125,0.44000000000000006
qwen3-32b,qwen38-27b,rte,111,62,0.9634628044766294,0.967083607636603,0.12364864864864855,0.40421455938697326,0.15789473684210525,0.44642857142857145,0.9585253456221199,0.008558262014483065,0.9611586570111916,0.0023041474654377225,0.7047644813387082,0.4054316464421578,0.3511053594757447,0.11290322580645161,7,0.16129032258064516,0.20967741935483872,0.5282046201599929,0.620408163265306,0.033818938605619145,0.16129032258064516,0.30000000000000004,0.46153846153846156
qwen3-32b,qwen38-27b,truthfulqa,654,327,0.9692412722460698,0.9541471443668228,0.16423754215061814,0.4319339375327689,0.22935779816513763,0.4923547400611621,0.8808555209531558,0.07329162341366702,0.9038427367692581,0.06539853547681174,0.5749037302976475,0.5038382297385355,0.4409024684905184,0.04281345565749235,14,0.12232415902140673,0.1345565749235474,0.23569506467778792,0.24893992932862194,0.01645951986832384,0.12232415902140673,0.65,0.6818181818181819
qwen3-8b,gemma2-9b,boolq,1308,475,0.8986440892146333,0.9097794907436658,0.05791505791505802,0.03949897873362973,0.11297709923664122,0.12102874432677761,0.8752536804195363,0.03452581032412949,0.795329500221141,0.10331458899349233,0.6521235184571957,0.5518071592509558,0.5138189495468188,0.18105263157894738,86,0.3368421052631579,0.25473684210526315,0.46251607459227856,0.5638200183654729,0.08580609418282548,0.25473684210526315,0.28925619834710736,0.28925619834710736
qwen3-8b,gemma2-9b,geometry_of_truth,2012,1000,0.9976422924901186,0.9984673913043478,0.3637252771136711,0.07388008475840868,0.042743538767395624,0.014577259475218658,0.9973369565217391,0.001130434782608658,0.99525,0.0023922924901186304,0.8916631480090076,0.8800005352542766,0.8098662147337318,0.019,19,0.024,0.021,0.8428422422086738,0.9024199843871973,0.000504,0.021,0.09523809523809534,0.09523809523809534
qwen3-8b,gemma2-9b,imdb,2000,1018,0.9709705944726091,0.9717328414406267,0.005154241786803793,-0.00011345483589886296,0.101,0.025565388397246803,0.9599940380683342,0.011738803372292494,0.9645505143666547,0.006420080105954407,0.6766387402551703,0.6802516983165774,0.6851813417179462,0.0618860510805501,63,0.08447937131630648,0.08349705304518663,0.712728844275052,0.7172936127240598,0.00705377854802166,0.08349705304518663,0.2588235294117647,0.2588235294117647
qwen3-8b,gemma2-9b,rte,111,62,0.9338380513495721,0.9430546412113232,0.0714285714285714,0.006666666666666599,0.25,0.017241379310344827,0.9292297564186964,0.01382488479262678,0.934825543120474,-0.0009874917709018494,0.6530335724252133,0.27728123016042583,0.23978688355674238,0.11290322580645161,7,0.24193548387096775,0.22580645161290322,0.3254384204187231,0.34042553191489366,0.05463059313215401,0.22580645161290322,0.5,0.5
qwen3-8b,gemma2-9b,truthfulqa,654,327,0.9380804084953567,0.9443930084448559,0.3347204266321915,0.14681540808543103,0.345565749235474,0.25914634146341464,0.835629249314966,0.10876375912988989,0.8281382973748936,0.10994211112046304,0.47876062539329034,0.41717849220943437,0.33500207894139844,0.07951070336391437,26,0.14067278287461774,0.1712538226299694,0.42310768384957864,0.475373014599711,0.024090751807273984,0.14067278287461774,0.4347826086956522,0.5357142857142857
qwen3-8b,gemma4-12b,boolq,1308,475,0.8986440892146333,0.5638819738421684,0.05791505791505802,0.06143355209187862,0.11297709923664122,0.3516819571865443,0.504765274530865,0.05911669931130348,0.4690364566879383,0.42960763252669504,0.16362024987948737,-0.06651252517157458,0.045134883750486576,0.33052631578947367,157,0.3368421052631579,0.9642105263157895,0.06537283217582332,0.47610294117647195,0.32478670360110806,0.3368421052631579,0.018750000000000044,0.6572052401746725
qwen3-8b,gemma4-12b,geometry_of_truth,2012,1000,0.9976422924901186,0.7480750988142292,0.3637252771136711,0.2826014006995602,0.042743538767395624,0.4846077457795432,0.5921689723320158,0.15590612648221336,0.9609446640316206,0.036697628458498,0.4664790912693086,0.5948424674277752,0.5740812181334871,0.015,15,0.024,0.338,0.095142654442557,0.4335347432024169,0.008112000000000001,0.024,0.375,0.9556213017751479
qwen3-8b,gemma4-12b,imdb,2000,1018,0.9709705944726091,0.5940754804556677,0.005154241786803793,0.10790438247011958,0.101,0.49201596806387227,0.4982894457804329,0.09578603467523483,0.1740924059395244,0.7968781885330847,0.08804612117225036,-0.18913094137647946,0.0492087757474422,0.04616895874263261,47,0.08447937131630648,0.44106090373280943,0.06451479332152002,0.18866227980545222,0.037260547859549714,0.08447937131630648,0.4534883720930233,0.8953229398663697
qwen3-8b,gemma4-12b,rte,111,62,0.9338380513495721,0.4427254772876893,0.0714285714285714,-0.04487179487179482,0.25,0.5535714285714286,0.41606319947333775,0.026662277814351543,0.9186965108624094,0.015141540487162652,0.20006963634393968,0.007821732571912543,-0.2695399526497215,0.22580645161290322,14,0.24193548387096775,0.8225806451612904,0.1637801390824033,0.6242424242424244,0.1990114464099896,0.24193548387096775,0.06666666666666676,0.7254901960784315
qwen3-8b,gemma4-12b,truthfulqa,654,327,0.9380804084953567,0.6490942588072459,0.3347204266321915,0.1617931547619047,0.345565749235474,0.46646341463414637,0.5666750834665993,0.08241917534064658,0.7393971700848226,0.19868323841053404,0.059774712774365316,-0.0894454885573992,-0.23690248121834978,0.06116207951070336,20,0.14067278287461774,0.40672782874617736,0.023107538735305508,0.0472882115643209,0.057215535542275715,0.14067278287461774,0.5652173913043479,0.849624060150376
qwen3-8b,gemma4-12b-base,boolq,1308,475,0.8986440892146333,0.8315284008340178,0.05791505791505802,0.04747755834829448,0.11297709923664122,0.1491628614916286,0.6320894673658938,0.19943893346812402,0.8386883174322359,0.059955771782397416,0.6691461393308948,0.4751661694335404,0.4833396302125774,0.2905263157894737,138,0.3368421052631579,0.6421052631578947,0.3276613096546129,0.6158088235294118,0.21628808864265928,0.3368421052631579,0.13749999999999996,0.5475409836065575
qwen3-8b,gemma4-12b-base,geometry_of_truth,2012,1000,0.9976422924901186,0.9973596837944664,0.3637252771136711,0.13830955334987594,0.042743538767395624,0.09343936381709742,0.9888409090909092,0.00851877470355722,0.9950869565217392,0.002555335968379424,0.8869885931619799,0.8505165447744074,0.7955442269695152,0.014,14,0.024,0.026,0.5491987979125073,0.5722108145106091,0.000624,0.024,0.41666666666666663,0.46153846153846145
qwen3-8b,gemma4-12b-base,imdb,2000,1018,0.9709705944726091,0.9185276029433537,0.005154241786803793,0.36237361462181594,0.101,0.4132804757185332,0.5977586738103146,0.3207689291330391,0.9552625050516368,0.01570808942097235,0.7264031831003168,0.6151700963782674,0.6589113752219115,0.05697445972495088,58,0.08447937131630648,0.17779960707269155,0.3945575516349915,0.6040121141396464,0.015020399025787301,0.08447937131630648,0.32558139534883723,0.6795580110497237
qwen3-8b,gemma4-12b-base,rte,111,62,0.9338380513495721,0.7890059249506254,0.0714285714285714,0.14822134387351782,0.25,0.375,0.7261356155365372,0.06287030941408822,0.9124423963133641,0.021395655036207994,0.7875521808908622,0.257764347692904,0.23175964753067302,0.22580645161290322,14,0.24193548387096775,0.5645161290322581,0.4202267140490003,0.8469135802469137,0.13657648283038504,0.24193548387096775,0.06666666666666676,0.6000000000000001
qwen3-8b,gemma4-12b-base,truthfulqa,654,327,0.9380804084953567,0.8785549289715606,0.3347204266321915,0.2616019634091923,0.345565749235474,0.43902439024390244,0.7321026101431791,0.1464523188283815,0.839790889281673,0.09828951921368367,0.5912112210825544,0.3984204571443686,0.3228441705501415,0.039755351681957186,13,0.14067278287461774,0.12538226299694188,0.192098566643544,0.20527731967711133,0.017637871858897022,0.12538226299694188,0.6829268292682926,0.6829268292682926
qwen3-8b,gemma4-31b,boolq,1308,475,0.8986440892146333,0.8310406267770266,0.05791505791505802,0.16187880058712512,0.11297709923664122,0.21712538226299694,0.5363113666519239,0.2947292601251027,0.6632109685979655,0.23543312061666788,0.18505552965310484,0.2241873201368484,0.2501984133196058,0.21052631578947367,100,0.3368421052631579,0.4168421052631579,0.30089760520574194,0.3569494584837546,0.14040997229916896,0.3368421052631579,0.375,0.49494949494949503
qwen3-8b,gemma4-31b,geometry_of_truth,2012,1000,0.9976422924901186,0.9628982213438735,0.3637252771136711,0.45529668495876263,0.042743538767395624,0.4393638170974155,0.7256254940711463,0.2372727272727272,0.9793112648221344,0.018331027667984223,0.7447361475696505,0.8297326761061696,0.7392174272318757,0.014,14,0.024,0.113,0.23296218951163636,0.5302517850432165,0.002712,0.024,0.41666666666666663,0.8761061946902655
qwen3-8b,gemma4-31b,rte,111,62,0.9338380513495721,0.6277156023699803,0.0714285714285714,-0.000645161290322549,0.25,0.4107142857142857,0.6191573403554971,0.008558262014483176,0.9371296905859118,-0.003291639236339683,0.23864416762525067,0.05228590510943598,-0.08307976165385522,0.16129032258064516,10,0.24193548387096775,0.6129032258064516,0.06235596816830202,0.13888888888888887,0.14828303850156088,0.24193548387096775,0.33333333333333337,0.736842105263158
qwen3-8b,gemma4-31b,truthfulqa,654,327,0.9380804084953567,0.7854838257161294,0.3347204266321915,0.44235373335328443,0.345565749235474,0.5443425076452599,0.7153905862768752,0.07009323943925416,0.7917777216657782,0.14630268682957848,0.23407300172315895,0.19216858188599995,0.09121246945834405,0.06422018348623854,21,0.14067278287461774,0.25382262996941896,0.1884479377654184,0.2716500356379187,0.035705935714352516,0.14067278287461774,0.5434782608695652,0.7469879518072289
qwen3-8b,gptj-6b,boolq,1308,475,0.8986440892146333,0.6656902761104442,0.05791505791505802,0.20653974953779597,0.11297709923664122,0.6237482117310443,0.4957730460605295,0.16991723004991466,0.47180893409995583,0.4268351551146775,0.6223152280722689,0.602115427093386,0.5143247740453096,0.3178947368421053,151,0.3368421052631579,0.8757894736842106,0.14685285240950527,0.5471398305084747,0.2950027700831025,0.3368421052631579,0.05624999999999991,0.6370192307692308
qwen3-8b,gptj-6b,geometry_of_truth,2012,1000,0.9976422924901186,0.9835780632411067,0.3637252771136711,0.5482477023411999,0.042743538767395624,0.5464190981432361,0.8108023715415018,0.17277569169960494,0.9905978260869565,0.007044466403162142,0.9020997377482031,0.883599524430559,0.7999998203471667,0.018,18,0.024,0.074,0.4049543371885112,0.7300215982721382,0.001776,0.024,0.2500000000000001,0.7567567567567568
qwen3-8b,gptj-6b,imdb,2000,1018,0.9709705944726091,0.9469618156282635,0.005154241786803793,0.48659038116650455,0.101,0.5482625482625483,0.6183833562074112,0.3285784594208523,0.9624328282363487,0.008537766236260458,0.6583762778831137,0.6657271538199068,0.6583359782150031,0.055992141453831044,57,0.08447937131630648,0.13163064833005894,0.4772389904542105,0.6116752604440703,0.011120074416881207,0.08447937131630648,0.33720930232558133,0.5746268656716418
qwen3-8b,gptj-6b,rte,111,62,0.9338380513495721,0.6645819618169848,0.0714285714285714,0.27960526315789475,0.25,0.3709677419354839,0.5592495062541145,0.1053324555628703,0.8749177090190915,0.0589203423304806,0.6149884130362769,0.2884066607124679,0.22514437037212476,0.22580645161290322,14,0.24193548387096775,0.9032258064516129,0.05752992848417941,0.31111111111111106,0.21852237252861603,0.24193548387096775,0.06666666666666676,0.75
qwen3-8b,gptj-6b,truthfulqa,654,327,0.9380804084953567,0.8530333211757335,0.3347204266321915,0.32313192572626537,0.345565749235474,0.5137614678899083,0.7370124101039006,0.11602091107183288,0.8470667452234659,0.09101366327189075,0.5282048962779817,0.4379074160543852,0.31975520514203637,0.06116207951070336,20,0.14067278287461774,0.14678899082568808,0.3292559651433142,0.337540906965872,0.020649215834806275,0.14067278287461774,0.5652173913043479,0.5833333333333334
qwen3-8b,llama-8b,boolq,1308,475,0.8986440892146333,0.8544310355721236,0.05791505791505802,0.04359931113662474,0.11297709923664122,0.13302752293577982,0.776533771403298,0.07789726416882559,0.8282479307512479,0.07039615846338543,0.5998773030977427,0.6640250408370469,0.5430268832429892,0.23789473684210527,113,0.3368421052631579,0.4105263157894737,0.428438125805873,0.5016741071428572,0.1382825484764543,0.3368421052631579,0.29374999999999996,0.42051282051282046
qwen3-8b,llama-8b,geometry_of_truth,2012,1000,0.9976422924901186,0.9984980237154151,0.3637252771136711,0.004826841706890184,0.042743538767395624,0.006958250497017893,0.9966916996047431,0.0018063241106719419,0.9954486166007905,0.0021936758893280617,0.8891888899842526,0.9073184804143679,0.8278566250811791,0.018,18,0.024,0.02,0.8176652413868596,0.8975409836065573,0.00048,0.02,0.10000000000000009,0.10000000000000009
qwen3-8b,llama-8b,imdb,2000,1018,0.9709705944726091,0.9719108991313186,0.005154241786803793,0.003963849690819643,0.101,0.019,0.9530497881313547,0.018861110999963904,0.9645014984855094,0.006469095987099771,0.6099297822415841,0.7524854166442769,0.7030563124531254,0.06974459724950884,71,0.08447937131630648,0.10903732809430255,0.6983398399902315,0.8042357888259279,0.009211404927416521,0.08447937131630648,0.17441860465116277,0.36036036036036045
qwen3-8b,llama-8b,rte,111,62,0.9338380513495721,0.8127057274522712,0.0714285714285714,0.0039525691699604515,0.25,0.21428571428571427,0.7860434496379197,0.026662277814351487,0.93449637919684,-0.0006583278472679366,0.69455400837532,0.4231817622174434,0.2032431699084839,0.20967741935483872,13,0.24193548387096775,0.4838709677419355,0.43273280811042053,0.7416666666666667,0.1170655567117586,0.24193548387096775,0.1333333333333333,0.5666666666666667
qwen3-8b,llama-8b,truthfulqa,654,327,0.9380804084953567,0.9356301845149585,0.3347204266321915,0.2551085448614602,0.345565749235474,0.3780487804878049,0.8451589372387286,0.0904712472762299,0.8542116731663066,0.08386873532905004,0.4895280969765284,0.564439587299155,0.34345047826003394,0.07339449541284404,24,0.14067278287461774,0.1345565749235474,0.4590602982489338,0.47104496926560985,0.018928447848572415,0.1345565749235474,0.4545454545454545,0.4545454545454545
qwen3-8b,llama31-405b,boolq,1308,475,0.8986440892146333,0.9538838693372085,0.05791505791505802,-1.0338054378222772e-05,0.11297709923664122,0.03211009174311927,0.9183774562456561,0.035506413091552336,0.7814140392999305,0.11723004991470287,0.5747560659921477,0.42468167225711295,0.5446060028411175,0.13052631578947368,62,0.3368421052631579,0.17894736842105263,0.3877682368519427,0.5919701213818862,0.060277008310249305,0.17894736842105263,0.2705882352941177,0.2705882352941177
qwen3-8b,llama31-405b,geometry_of_truth,2012,1000,0.9976422924901186,0.9992994071146246,0.3637252771136711,0.02268716373487989,0.042743538767395624,0.01485148514851485,0.9984545454545455,0.0008448616600791325,0.9954683794466404,0.0021739130434782483,0.8580438568661002,0.884276019379849,0.8482066299752871,0.012,12,0.024,0.012,0.7027994916802893,1.0000000000000002,0.000288,0.012,0.0,0.0
qwen3-8b,llama31-405b,imdb,2000,1018,0.9709705944726091,0.9815920358196056,0.005154241786803793,-0.002429182194380375,0.101,0.006789524733268671,0.9814830004921595,0.00010903532744610533,0.9646365422396856,0.006334052232923493,0.5282923960810894,0.5848133052876974,0.6334933829495812,0.055992141453831044,57,0.08447937131630648,0.06974459724950884,0.7072506220939692,0.7846218944568705,0.005891979728347504,0.06974459724950884,0.19718309859154914,0.19718309859154914
qwen3-8b,llama31-405b,rte,111,62,0.9338380513495721,0.9381171823568137,0.0714285714285714,0.014102564102564163,0.25,0.08928571428571429,0.9055299539170507,0.03258722843976303,0.9377880184331797,-0.0039499670836076195,0.6638150784876563,0.3455470159660765,0.2047857245931779,0.16129032258064516,10,0.24193548387096775,0.25806451612903225,0.5275336057648121,0.5507246376811594,0.062434963579604576,0.24193548387096775,0.33333333333333337,0.375
qwen3-8b,llama31-405b,truthfulqa,654,327,0.9380804084953567,0.9737021762103826,0.3347204266321915,0.059963167587476884,0.345565749235474,0.09063444108761329,0.9509394083924847,0.022762767817897878,0.835376745316986,0.10270366317837065,0.46637853921342487,0.4855381320007157,0.3545128603761799,0.045871559633027525,15,0.14067278287461774,0.08868501529051988,0.3378707870029571,0.43821327770278556,0.012475567900195456,0.08868501529051988,0.48275862068965514,0.48275862068965514
qwen3-8b,llama31-70b,boolq,1308,475,0.8986440892146333,0.9376559044670498,0.05791505791505802,-0.0013040046669641203,0.11297709923664122,0.03765060240963856,0.8739900170594553,0.06366588740759449,0.7949352372527958,0.10370885196183754,0.5883048756064982,0.5512247596618439,0.5081501300272686,0.15578947368421053,74,0.3368421052631579,0.2231578947368421,0.40968618098464504,0.544773884396526,0.07516897506925208,0.2231578947368421,0.3018867924528301,0.3018867924528301
qwen3-8b,llama31-70b,geometry_of_truth,2012,1000,0.9976422924901186,0.9990503952569171,0.3637252771136711,0.004721374045801641,0.042743538767395624,0.0107421875,0.9979851778656127,0.001065217391304385,0.9959061264822134,0.00173616600790516,0.8854225143410268,0.9064527693798736,0.8335164041528884,0.014,14,0.024,0.016,0.709024875869155,0.8719262295081968,0.000384,0.016,0.125,0.125
qwen3-8b,llama31-70b,imdb,2000,1018,0.9709705944726091,0.9821732241246164,0.005154241786803793,0.001270650367035886,0.101,0.008620689655172414,0.9798794809518284,0.0022937431727879654,0.9651967237384914,0.005773870734117725,0.583677311988617,0.6923428073582116,0.6664696442817137,0.05108055009823183,52,0.08447937131630648,0.0618860510805501,0.6842723806538001,0.8092853736630561,0.005228094688533701,0.0618860510805501,0.17460317460317465,0.17460317460317465
qwen3-8b,llama31-70b,rte,111,62,0.9338380513495721,0.9420671494404212,0.0714285714285714,-0.003906250000000111,0.25,0.03571428571428571,0.9279131007241607,0.014154048716260581,0.9242922975641871,0.009545753785385025,0.7065691725091617,0.3997543879903348,0.19466819917757772,0.16129032258064516,10,0.24193548387096775,0.24193548387096775,0.5602836879432626,0.5602836879432626,0.0585327783558793,0.24193548387096775,0.33333333333333337,0.33333333333333337
qwen3-8b,llama31-70b,truthfulqa,654,327,0.9380804084953567,0.9623114403015085,0.3347204266321915,0.12582825337927372,0.345565749235474,0.19756838905775076,0.9125494486996043,0.0497619916019042,0.8269505933843952,0.11112981511096143,0.46319035881610154,0.5452759139216155,0.341202654072306,0.05198776758409786,17,0.14067278287461774,0.1162079510703364,0.3198645813755765,0.3569020415808204,0.016347295869221633,0.1162079510703364,0.5526315789473684,0.5526315789473684
qwen3-8b,llama31-70b-base,boolq,1308,475,0.8986440892146333,0.8779857206040311,0.05791505791505802,0.11658356417359172,0.11297709923664122,0.13082706766917293,0.6996196373286157,0.17836608327541548,0.8291830416377077,0.06946104757692562,0.528034343588438,0.4872902239064165,0.4796866594850182,0.2063157894736842,98,0.3368421052631579,0.37684210526315787,0.34658355063070045,0.3781672297297298,0.12693628808864266,0.3368421052631579,0.38749999999999996,0.45251396648044695
qwen3-8b,llama31-70b-base,geometry_of_truth,2012,1000,0.9976422924901186,0.9983873517786561,0.3637252771136711,0.04919332892741901,0.042743538767395624,0.060077519379844964,0.9958458498023716,0.0025415019762845548,0.9954298418972332,0.00221245059288544,0.8695856814329895,0.8871657294098141,0.8193562216914254,0.013,13,0.024,0.019,0.6003357570748342,0.6764452113891287,0.000456,0.019,0.3157894736842105,0.3157894736842105
qwen3-8b,llama31-70b-base,imdb,2000,1018,0.9709705944726091,0.9586415998783605,0.005154241786803793,0.3592676684727091,0.101,0.42120075046904315,0.773652663462962,0.18498893641539849,0.9635141785938643,0.007456415878744793,0.5759232497273598,0.6363376274922646,0.6323279473165357,0.05795677799607073,59,0.08447937131630648,0.12573673870333987,0.5133543622371586,0.640893650378887,0.010622160637020853,0.08447937131630648,0.313953488372093,0.5390625
qwen3-8b,llama31-70b-base,rte,111,62,0.9338380513495721,0.8225806451612903,0.0714285714285714,-0.005639097744360777,0.25,0.3050847457627119,0.8008558262014484,0.021724818959841907,0.9321922317314022,0.001645819618169897,0.6745577838336767,0.3753208075607751,0.17079243244387632,0.20967741935483872,13,0.24193548387096775,0.4838709677419355,0.43273280811042064,0.7416666666666669,0.1170655567117586,0.24193548387096775,0.1333333333333333,0.5666666666666667
qwen3-8b,llama31-70b-base,truthfulqa,654,327,0.9380804084953567,0.9157010726743914,0.3347204266321915,0.2955903598634094,0.345565749235474,0.3657142857142857,0.8181503614547971,0.09755071121959424,0.8208343854333249,0.1172460230620318,0.4527020251792435,0.517868421089202,0.31874424798103185,0.06116207951070336,20,0.14067278287461774,0.20489296636085627,0.23044582150562065,0.2891304347826087,0.02882286376941709,0.14067278287461774,0.5652173913043479,0.7014925373134329
qwen3-8b,llama31-8b-base,boolq,1308,475,0.8986440892146333,0.7668970746193213,0.05791505791505802,0.04830470980975743,0.11297709923664122,0.19850746268656716,0.6356302521008403,0.13126682251848099,0.8343716433941998,0.06427244582043357,0.5679954392853248,0.623389157576691,0.5049747882321293,0.2694736842105263,128,0.3368421052631579,0.6189473684210526,0.2656991793527334,0.4751381215469613,0.20848753462603875,0.3368421052631579,0.19999999999999996,0.564625850340136
qwen3-8b,llama31-8b-base,geometry_of_truth,2012,1000,0.9976422924901186,0.9974249011857708,0.3637252771136711,0.06514907222692867,0.042743538767395624,0.11925708699902249,0.9868873517786562,0.0105375494071146,0.9952895256916997,0.0023527667984188927,0.8675398646581666,0.9034937215669605,0.8062411489347054,0.015,15,0.024,0.022,0.6446400093712252,0.6739940387481369,0.0005279999999999999,0.022,0.3181818181818181,0.3181818181818181
qwen3-8b,llama31-8b-base,imdb,2000,1018,0.9709705944726091,0.9481712074712207,0.005154241786803793,0.25079113924050633,0.101,0.3602199816681943,0.7111604159747758,0.237010791496445,0.9590017165561642,0.011968877916444964,0.6177083316279242,0.7458735359849237,0.694747233520139,0.0481335952848723,49,0.08447937131630648,0.11296660117878192,0.43835215567089025,0.5149759200597491,0.009543347447323424,0.08447937131630648,0.43023255813953487,0.5739130434782609
qwen3-8b,llama31-8b-base,rte,111,62,0.9338380513495721,0.7590520078999341,0.0714285714285714,0.10225921521997616,0.25,0.41379310344827586,0.7290980908492429,0.02995391705069117,0.9256089532587228,0.008229098090849263,0.6731157020830486,0.4203920337900112,0.18286257211389556,0.20967741935483872,13,0.24193548387096775,0.532258064516129,0.3786255015578115,0.714942528735632,0.12877211238293443,0.24193548387096775,0.1333333333333333,0.606060606060606
qwen3-8b,llama31-8b-base,truthfulqa,654,327,0.9380804084953567,0.8842222409262221,0.3347204266321915,0.3671417854463616,0.345565749235474,0.6085626911314985,0.7628706898970344,0.12135155102918771,0.8185150894518791,0.11956531904347756,0.45334771308300503,0.5809416241953356,0.3326054672044819,0.0672782874617737,22,0.14067278287461774,0.1651376146788991,0.3412012612785113,0.3750597228858099,0.02323036781415706,0.14067278287461774,0.5217391304347827,0.5925925925925927
qwen3-8b,olmo3-7b,boolq,1308,475,0.8986440892146333,0.8341062740885827,0.05791505791505802,0.1841299624728422,0.11297709923664122,0.24770642201834864,0.6115119732103368,0.22259430087824594,0.7040904782965818,0.19455361091805157,0.5775004510406003,0.4456814254399819,0.4847461096218544,0.2505263157894737,119,0.3368421052631579,0.5326315789473685,0.3015697009953338,0.4517173423423425,0.17941274238227148,0.3368421052631579,0.25624999999999987,0.5296442687747036
qwen3-8b,olmo3-7b,geometry_of_truth,2012,1000,0.9976422924901186,0.9942687747035572,0.3637252771136711,0.022741228070175423,0.042743538767395624,0.019880715705765408,0.9894782608695654,0.004790513833991872,0.9950009881422925,0.0026413043478260567,0.8653402026881074,0.8234531528770876,0.8110801637098097,0.019,19,0.024,0.052,0.5224093232690689,0.780239099859353,0.001248,0.024,0.20833333333333337,0.6346153846153846
qwen3-8b,olmo3-7b,imdb,2000,1018,0.9709705944726091,0.9686388389838309,0.005154241786803793,0.15151949541284404,0.101,0.128,0.9412749730912815,0.027363865892549355,0.9641903976888513,0.0067801967837578525,0.6240341554862882,0.5896538145705827,0.6348660248522053,0.06777996070726916,69,0.08447937131630648,0.10707269155206287,0.6830250937296759,0.7786220482513369,0.009045433667463071,0.08447937131630648,0.19767441860465107,0.3669724770642201
qwen3-8b,olmo3-7b,rte,111,62,0.9338380513495721,0.8581303489137591,0.0714285714285714,0.007309941520467822,0.25,0.25,0.8528637261356156,0.005266622778143493,0.9371296905859119,-0.003291639236339794,0.5671341684327242,0.186700567326048,0.22023871366103442,0.1774193548387097,11,0.24193548387096775,0.3870967741935484,0.4015724350038651,0.5649122807017543,0.09365244536940687,0.24193548387096775,0.2666666666666666,0.5416666666666666
qwen3-8b,olmo3-7b,truthfulqa,654,327,0.9380804084953567,0.8972495768220035,0.3347204266321915,0.37460721232979205,0.345565749235474,0.5045871559633027,0.8181410094548719,0.07910856736713157,0.8429051052567591,0.09517530323859758,0.47425061357871623,0.2994262705371137,0.31679659032501284,0.08256880733944955,27,0.14067278287461774,0.1834862385321101,0.4217487516932576,0.49413776257938447,0.025811519793507844,0.14067278287461774,0.4130434782608695,0.55
qwen3-8b,qwen3-1.7b,boolq,1308,475,0.8986440892146333,0.8171352751626967,0.05791505791505802,0.22837342250026982,0.11297709923664122,0.22324159021406728,0.6421355910785368,0.1749996840841599,0.8289783281733748,0.06966576104125854,0.7849598277865055,0.6394488131708808,0.4867437011830559,0.2673684210526316,127,0.3368421052631579,0.511578947368421,0.402312617309162,0.5777209051724139,0.1723213296398892,0.3368421052631579,0.20624999999999993,0.47736625514403286
qwen3-8b,qwen3-1.7b,geometry_of_truth,2012,1000,0.9976422924901186,0.9934357707509882,0.3637252771136711,0.34411173291343944,0.042743538767395624,0.24652087475149106,0.9862332015810276,0.007202569169960649,0.9958191699604744,0.0018231225296442277,0.9275813954740236,0.8672437744087695,0.7988969235296164,0.017,17,0.024,0.051,0.4685416187495864,0.6926589392342817,0.001224,0.024,0.29166666666666663,0.6666666666666666
qwen3-8b,qwen3-1.7b,imdb,2000,1018,0.9709705944726091,0.9536549842148856,0.005154241786803793,0.14734994199181772,0.101,0.2057942057942058,0.878352586237941,0.0753023979769446,0.9652737486945772,0.005696845778031978,0.7885623643251519,0.6804842927847738,0.6322000640290628,0.06385068762278978,65,0.08447937131630648,0.1237721021611002,0.5829981601639908,0.7213213056627387,0.010456189377067403,0.08447937131630648,0.2441860465116279,0.4841269841269842
qwen3-8b,qwen3-1.7b,rte,111,62,0.9338380513495721,0.8772218564845293,0.0714285714285714,0.25320056899004273,0.25,0.3392857142857143,0.8179723502304148,0.059249506254114515,0.9321922317314022,0.001645819618169897,0.788378593409633,0.32549314205834234,0.21104273875908053,0.20967741935483872,13,0.24193548387096775,0.4838709677419355,0.43273280811042053,0.7416666666666667,0.1170655567117586,0.24193548387096775,0.1333333333333333,0.5666666666666667
qwen3-8b,qwen3-1.7b,truthfulqa,654,327,0.9380804084953567,0.8749731130002151,0.3347204266321915,0.3389193929688095,0.345565749235474,0.43119266055045874,0.748057122015543,0.1269159909846721,0.841829625265363,0.0962507832299937,0.6416273568819763,0.42549809090455215,0.2742183337118096,0.06422018348623854,21,0.14067278287461774,0.1743119266055046,0.3009721487505031,0.3417874396135264,0.024520943803832452,0.14067278287461774,0.5434782608695652,0.631578947368421
qwen3-8b,qwen3-32b,boolq,1308,475,0.8986440892146333,0.9175105831806406,0.05791505791505802,0.01116746986681294,0.11297709923664122,0.05963302752293578,0.8617552284071526,0.05575535477348803,0.7623984330574334,0.13624565615719997,0.5804108288804641,0.5690551086085398,0.5427610951432934,0.1831578947368421,87,0.3368421052631579,0.24842105263157896,0.4871124500616422,0.6038471885929513,0.0836786703601108,0.24842105263157896,0.26271186440677974,0.26271186440677974
qwen3-8b,qwen3-32b,geometry_of_truth,2012,1000,0.9976422924901186,0.9991205533596839,0.3637252771136711,0.1296819531985801,0.042743538767395624,0.020874751491053677,0.9980256916996048,0.001094861660079105,0.9960563241106719,0.0015859683794466894,0.7936864062452912,0.8145158964141915,0.8315351771363683,0.012,12,0.024,0.016,0.6048790362879042,0.7438524590163934,0.000384,0.016,0.25,0.25
qwen3-8b,qwen3-32b,imdb,2000,1018,0.9709705944726091,0.9749198740391887,0.005154241786803793,-0.0009083050676402804,0.101,0.016966067864271458,0.9696171559585305,0.005302718080658186,0.9653277661962474,0.0056428282763617554,0.3812452012350225,0.7010973794415196,0.6813320849436377,0.06483300589390963,66,0.08447937131630648,0.07858546168958742,0.77762700062653,0.8088519313304724,0.006638850398138034,0.07858546168958742,0.17499999999999993,0.17499999999999993
qwen3-8b,qwen3-32b,rte,111,62,0.9338380513495721,0.9634628044766294,0.0714285714285714,0.12364864864864855,0.25,0.15789473684210525,0.9506254114549044,0.01283739302172493,0.9252797893350889,0.008558262014483176,0.5247642508859857,0.3390578598237126,0.2289309769287814,0.11290322580645161,7,0.24193548387096775,0.16129032258064516,0.46905320708288606,0.604255319148936,0.03902185223725286,0.16129032258064516,0.30000000000000004,0.30000000000000004
qwen3-8b,qwen3-32b,truthfulqa,654,327,0.9380804084953567,0.9692412722460698,0.3347204266321915,0.16423754215061814,0.345565749235474,0.22935779816513763,0.8902823368777413,0.07895893536832854,0.8276706973786343,0.11040971111672238,0.26466426762856304,0.41712481704725246,0.3552897856149012,0.05198776758409786,17,0.14067278287461774,0.12232415902140673,0.3052974371143964,0.33087188612099644,0.01720767986233856,0.12232415902140673,0.575,0.575
qwen3-8b,qwen3-8b-base,boolq,1308,475,0.8986440892146333,0.8936298730018324,0.05791505791505802,0.20082443197618294,0.11297709923664122,0.172782874617737,0.7729121122133065,0.12071776078852592,0.8801819675238515,0.018462121690781874,0.45962361577696115,0.7184744687102511,0.7396914832416364,0.24421052631578946,116,0.3368421052631579,0.35789473684210527,0.545776151603803,0.5717213114754099,0.12055401662049861,0.3368421052631579,0.275,0.3176470588235295
qwen3-8b,qwen3-8b-base,geometry_of_truth,2012,1000,0.9976422924901186,0.9982579051383399,0.3637252771136711,0.33702642975354036,0.042743538767395624,0.11232604373757456,0.9969624505928854,0.001295454545454544,0.9959664031620553,0.0016758893280632847,0.880212718937976,0.9023709865032966,0.8906972840897723,0.023,23,0.024,0.031,0.839022963836281,0.9570003439972478,0.000744,0.024,0.04166666666666674,0.25806451612903225
qwen3-8b,qwen3-8b-base,imdb,2000,1018,0.9709705944726091,0.9755150668816697,0.005154241786803793,0.03611020442703605,0.101,0.091,0.9650016605380143,0.010513406343655385,0.9640493519900448,0.006921242482564316,0.8513674997347099,0.8465267592990429,0.8402414149808034,0.06679764243614932,68,0.08447937131630648,0.09233791748526522,0.7327711125979942,0.7694050135910603,0.007800649217812189,0.08447937131630648,0.20930232558139528,0.276595744680851
qwen3-8b,qwen3-8b-base,rte,111,62,0.9338380513495721,0.9157340355497038,0.0714285714285714,-0.09999999999999998,0.25,0.17857142857142858,0.9407504937458854,-0.02501645819618159,0.935154707044108,-0.0013166556945358732,0.7175905473835169,0.31703382207299036,0.29668388946055035,0.1935483870967742,12,0.24193548387096775,0.27419354838709675,0.6658610067176186,0.7244444444444443,0.06633714880332986,0.24193548387096775,0.20000000000000007,0.2941176470588235
qwen3-8b,qwen3-8b-base,truthfulqa,654,327,0.9380804084953567,0.9195073366439414,0.3347204266321915,0.3811862269270455,0.345565749235474,0.4115853658536585,0.8585697051314423,0.06093763151249909,0.843354001253168,0.09472640724218873,0.6482278662210675,0.5198346301918714,0.49828796260211794,0.0764525993883792,25,0.14067278287461774,0.1651376146788991,0.4122667469078573,0.4531772575250837,0.02323036781415706,0.14067278287461774,0.4565217391304348,0.5370370370370371
qwen3-8b,qwen38-27b,boolq,1308,475,0.8986440892146333,0.9392279016869906,0.05791505791505802,0.28872057448797483,0.11297709923664122,0.1173780487804878,0.8164175143741708,0.12281038731281979,0.8288848170847285,0.06975927212990485,0.6636535438356944,0.6110979908102063,0.5457939697463001,0.15157894736842106,72,0.3368421052631579,0.21052631578947367,0.4186397726676949,0.5777777777777778,0.0709141274238227,0.21052631578947367,0.2799999999999999,0.2799999999999999
qwen3-8b,qwen38-27b,geometry_of_truth,2012,1000,0.9976422924901186,0.9983764822134387,0.3637252771136711,0.3612122252747253,0.042743538767395624,0.09542743538767395,0.9967272727272727,0.0016492094861659812,0.9955286561264822,0.002113636363636373,0.8951538917014901,0.8820970860129762,0.8344122770907947,0.019,19,0.024,0.025,0.7700430067927989,0.7863247863247863,0.0006000000000000001,0.024,0.20833333333333337,0.2400000000000001
qwen3-8b,qwen38-27b,rte,111,62,0.9338380513495721,0.967083607636603,0.0714285714285714,0.40421455938697326,0.25,0.44642857142857145,0.9595128373930217,0.007570770243581215,0.9265964450296248,0.007241606319947302,0.7030143139132141,0.3999554691353796,0.23211075150690696,0.16129032258064516,10,0.24193548387096775,0.20967741935483872,0.6341976893663291,0.695581014729951,0.050728407908428724,0.20967741935483872,0.23076923076923084,0.23076923076923084
qwen3-8b,qwen38-27b,truthfulqa,654,327,0.9380804084953567,0.9541471443668228,0.3347204266321915,0.4319339375327689,0.345565749235474,0.4923547400611621,0.8769276809845785,0.07721946338224428,0.82998999336008,0.10809041513527673,0.5189564870130736,0.4907864830158605,0.35821476717068335,0.05198776758409786,17,0.14067278287461774,0.1345565749235474,0.2786363589131148,0.2859107085085732,0.018928447848572415,0.1345565749235474,0.6136363636363635,0.6136363636363635
qwen3-8b-base,gemma2-9b,boolq,1308,475,0.8936298730018324,0.9097794907436658,0.20082443197618294,0.03949897873362973,0.172782874617737,0.12102874432677761,0.7953825740822645,0.11439691666140128,0.5917937701396347,0.30183610286219764,0.2169605481677743,0.5441694455424937,0.4636775839447558,0.18105263157894738,86,0.35789473684210527,0.25473684210526315,0.4303276522455621,0.5495190353610621,0.09116897506925208,0.25473684210526315,0.28925619834710736,0.28925619834710736
qwen3-8b-base,gemma2-9b,geometry_of_truth,2012,1000,0.9982579051383399,0.9984673913043478,0.33702642975354036,0.07388008475840868,0.11232604373757456,0.014577259475218658,0.9973586956521739,0.0011086956521738633,0.996552371541502,0.0017055335968378937,0.856104814079964,0.8816055560000657,0.8295547152929414,0.019,19,0.031,0.021,0.7383608684682322,0.9017150719937098,0.000651,0.021,0.09523809523809534,0.09523809523809534
qwen3-8b-base,gemma2-9b,imdb,2000,1018,0.9755150668816697,0.9717328414406267,0.03611020442703605,-0.00011345483589886296,0.091,0.025565388397246803,0.9593678351785978,0.012365006262028855,0.9669462905981537,0.008568776283515933,0.659373490405965,0.6905399606775915,0.6993551028891327,0.06581532416502947,67,0.09233791748526522,0.08349705304518663,0.725540576715547,0.7666921313980138,0.007709943994349257,0.08349705304518663,0.21176470588235285,0.21176470588235285
qwen3-8b-base,gemma2-9b,rte,111,62,0.9157340355497038,0.9430546412113232,-0.09999999999999998,0.006666666666666599,0.17857142857142858,0.017241379310344827,0.9328505595786702,0.010204081632652962,0.9433838051349571,-0.027649769585253337,0.49608270866924925,0.2687395772270197,0.24639773588648817,0.11290322580645161,7,0.27419354838709675,0.22580645161290322,0.27336362019353616,0.31111111111111106,0.0619146722164412,0.22580645161290322,0.5,0.5
qwen3-8b-base,gemma2-9b,truthfulqa,654,327,0.9195073366439414,0.9443930084448559,0.3811862269270455,0.14681540808543103,0.4115853658536585,0.25914634146341464,0.8550533531595732,0.08933965528528265,0.8424094492607244,0.07709788738321699,0.414385331330902,0.41945959486878137,0.3559042975862644,0.07339449541284404,24,0.1651376146788991,0.1712538226299694,0.32251538505895583,0.32964329643296425,0.028280447773756417,0.1651376146788991,0.5555555555555556,0.5714285714285714
qwen3-8b-base,gemma4-12b,boolq,1308,475,0.8936298730018324,0.5638819738421684,0.20082443197618294,0.06143355209187862,0.172782874617737,0.3516819571865443,0.5000720288115247,0.06380994503064374,0.48303531939091426,0.4105945536109181,0.04048401418651787,-0.07083827419108779,0.029984381364263513,0.35157894736842105,167,0.35789473684210527,0.9642105263157895,0.07291318081923692,0.5069204152249132,0.3450858725761773,0.35789473684210527,0.01764705882352946,0.6353711790393013
qwen3-8b-base,gemma4-12b,geometry_of_truth,2012,1000,0.9982579051383399,0.7480750988142292,0.33702642975354036,0.2826014006995602,0.11232604373757456,0.4846077457795432,0.6277272727272728,0.12034782608695638,0.9485266798418971,0.049731225296442805,0.3964767331284124,0.5944532005590036,0.5994778023460388,0.018,18,0.031,0.338,0.09174940336818375,0.3665334762693695,0.010478000000000001,0.031,0.4193548387096775,0.9467455621301775
qwen3-8b-base,gemma4-12b,imdb,2000,1018,0.9755150668816697,0.5940754804556677,0.03611020442703605,0.10790438247011958,0.091,0.49201596806387227,0.5050286292758853,0.0890468511797824,0.19312857365786518,0.7823864932238045,0.11390822087568801,-0.1777036549735962,0.05996545141614318,0.05009823182711198,51,0.09233791748526522,0.44106090373280943,0.06519727700876811,0.18158022660135364,0.04072664533485666,0.09233791748526522,0.45744680851063824,0.8864142538975501
qwen3-8b-base,gemma4-12b,rte,111,62,0.9157340355497038,0.4427254772876893,-0.09999999999999998,-0.04487179487179482,0.17857142857142858,0.5535714285714286,0.5306122448979592,-0.08788676761026992,0.9094799210006583,0.006254114549045453,0.13736224702169392,0.006687388821617346,-0.25555750804308786,0.25806451612903225,16,0.27419354838709675,0.8225806451612904,0.19080856474547125,0.6684491978609624,0.22554630593132152,0.27419354838709675,0.05882352941176461,0.6862745098039216
qwen3-8b-base,gemma4-12b,truthfulqa,654,327,0.9195073366439414,0.6490942588072459,0.3811862269270455,0.1617931547619047,0.4115853658536585,0.46646341463414637,0.5803851153569191,0.06870914345032686,0.6857166905142664,0.23379064612967493,0.05342036916972432,-0.037669695302664064,-0.18294506082098816,0.09174311926605505,30,0.1651376146788991,0.40672782874617736,0.13474742418139976,0.2508591065292097,0.0671660634626715,0.1651376146788991,0.4444444444444444,0.7744360902255639
qwen3-8b-base,gemma4-12b-base,boolq,1308,475,0.8936298730018324,0.8315284008340178,0.20082443197618294,0.04747755834829448,0.172782874617737,0.1491628614916286,0.634328678839957,0.19719972199406077,0.7146218487394957,0.17900802426233664,0.30853082917317803,0.47946719953528105,0.4497828970064657,0.31157894736842107,148,0.35789473684210527,0.6421052631578947,0.35583413693346183,0.6384083044982697,0.2298060941828255,0.35789473684210527,0.12941176470588234,0.5147540983606558
qwen3-8b-base,gemma4-12b-base,geometry_of_truth,2012,1000,0.9982579051383399,0.9973596837944664,0.33702642975354036,0.13830955334987594,0.11232604373757456,0.09343936381709742,0.9866521739130435,0.010707509881422883,0.9968122529644269,0.0014456521739130146,0.8391700261209084,0.8537913990458412,0.818222262218354,0.018,18,0.031,0.026,0.6234017750488237,0.6824640787489082,0.000806,0.026,0.3076923076923077,0.3076923076923077
qwen3-8b-base,gemma4-12b-base,imdb,2000,1018,0.9755150668816697,0.9185276029433537,0.03611020442703605,0.36237361462181594,0.091,0.4132804757185332,0.5950778052088876,0.323449797734466,0.9165449605672238,0.05897010631444588,0.7104065440680857,0.658485662500386,0.7010157956254774,0.05795677799607073,59,0.09233791748526522,0.17779960707269155,0.3752762240633555,0.5471415135107656,0.01641764544679077,0.09233791748526522,0.3723404255319148,0.6740331491712708
qwen3-8b-base,gemma4-12b-base,rte,111,62,0.9157340355497038,0.7890059249506254,-0.09999999999999998,0.14822134387351782,0.17857142857142858,0.375,0.7472021066491112,0.04180381830151414,0.9229756418696511,-0.007241606319947302,0.6038975471001138,0.2567208553796636,0.24561694935984635,0.25806451612903225,16,0.27419354838709675,0.5645161290322581,0.466921513862023,0.8649237472766886,0.15478668054110303,0.27419354838709675,0.05882352941176461,0.5428571428571429
qwen3-8b-base,gemma4-12b-base,truthfulqa,654,327,0.9195073366439414,0.8785549289715606,0.3811862269270455,0.2616019634091923,0.4115853658536585,0.43902439024390244,0.7280999541752005,0.15045497479636016,0.8081998335344014,0.11130750310953996,0.4960670562913156,0.41157958120844085,0.3546446780300223,0.05198776758409786,17,0.1651376146788991,0.12538226299694188,0.2544151526276385,0.29884749396944527,0.020705327834357377,0.12538226299694188,0.5853658536585366,0.5853658536585366
qwen3-8b-base,gemma4-31b,boolq,1308,475,0.8936298730018324,0.8310406267770266,0.20082443197618294,0.16187880058712512,0.172782874617737,0.21712538226299694,0.48355847602198776,0.34748215075503885,0.5690756302521008,0.32455424274973155,0.040307904543575614,0.20821301806420411,0.22018325899174285,0.2063157894736842,98,0.35789473684210527,0.4168421052631579,0.2417163665290681,0.2737311531110639,0.14918559556786704,0.35789473684210527,0.42352941176470593,0.5050505050505051
qwen3-8b-base,gemma4-31b,geometry_of_truth,2012,1000,0.9982579051383399,0.9628982213438735,0.33702642975354036,0.45529668495876263,0.11232604373757456,0.4393638170974155,0.8050513833992095,0.15784683794466403,0.9786363636363636,0.01962154150197626,0.7279201987319143,0.8278470284823429,0.7571682947215113,0.016,16,0.031,0.113,0.22775189685313943,0.454485943921155,0.003503,0.031,0.4838709677419355,0.8584070796460177
qwen3-8b-base,gemma4-31b,rte,111,62,0.9157340355497038,0.6277156023699803,-0.09999999999999998,-0.000645161290322549,0.17857142857142858,0.4107142857142857,0.6023699802501645,0.025345622119815725,0.9137590520079,0.0019749835418038098,0.22229425041641188,0.044233297030213614,-0.0654556148272114,0.1774193548387097,11,0.27419354838709675,0.6129032258064516,0.043099711592061545,0.08823529411764704,0.16805411030176898,0.27419354838709675,0.3529411764705882,0.7105263157894737
qwen3-8b-base,gemma4-31b,truthfulqa,654,327,0.9195073366439414,0.7854838257161294,0.3811862269270455,0.44235373335328443,0.4115853658536585,0.5443425076452599,0.7192249062462007,0.06625891946992868,0.7523496899812024,0.1671576466627389,0.1987118687959528,0.21658631093780456,0.1408890689569724,0.07033639143730887,23,0.1651376146788991,0.25382262996941896,0.17588084249655528,0.23064663023679416,0.04191566366467469,0.1651376146788991,0.5740740740740742,0.7228915662650602
qwen3-8b-base,gptj-6b,boolq,1308,475,0.8936298730018324,0.6656902761104442,0.20082443197618294,0.20653974953779597,0.172782874617737,0.6237482117310443,0.5240917419599419,0.14159853415050228,0.6559853415050231,0.2376445314968093,0.21742167645759292,0.5970549715319964,0.4691780807021547,0.3452631578947368,164,0.35789473684210527,0.8757894736842106,0.2012692335389677,0.7158524426719836,0.3134404432132964,0.35789473684210527,0.03529411764705892,0.6057692307692308
qwen3-8b-base,gptj-6b,geometry_of_truth,2012,1000,0.9982579051383399,0.9835780632411067,0.33702642975354036,0.5482477023411999,0.11232604373757456,0.5464190981432361,0.8952509881422925,0.08832707509881421,0.9932262845849803,0.005031620553359595,0.8652273991013021,0.885282694056114,0.8186509021578928,0.019,19,0.031,0.074,0.36822086036758095,0.5819689263568595,0.002294,0.031,0.3870967741935484,0.7432432432432432
qwen3-8b-base,gptj-6b,imdb,2000,1018,0.9755150668816697,0.9469618156282635,0.03611020442703605,0.48659038116650455,0.091,0.5482625482625483,0.5309230190581748,0.4160387965700887,0.9414890424497537,0.034026024431915936,0.6288394492725347,0.6873680593856386,0.6838059097492245,0.060903732809430254,62,0.09233791748526522,0.13163064833005894,0.49806370832025426,0.6079715028400886,0.012154499944032946,0.09233791748526522,0.34042553191489355,0.5373134328358209
qwen3-8b-base,gptj-6b,rte,111,62,0.9157340355497038,0.6645819618169848,-0.09999999999999998,0.27960526315789475,0.17857142857142858,0.3709677419354839,0.5493745885450955,0.11520737327188935,0.8604344963791969,0.055299539170506895,0.5313179287874442,0.2839967349500032,0.23594437716270034,0.24193548387096775,15,0.27419354838709675,0.9032258064516129,-0.04339326459702212,-0.08148148148148124,0.2476586888657648,0.27419354838709675,0.11764705882352933,0.7321428571428572
qwen3-8b-base,gptj-6b,truthfulqa,654,327,0.9195073366439414,0.8530333211757335,0.3811862269270455,0.32313192572626537,0.4115853658536585,0.5137614678899083,0.7350952501192379,0.11793807105649556,0.8116226655070187,0.10788467113692268,0.48633817844874866,0.4549709544141334,0.35896189034545467,0.0581039755351682,19,0.1651376146788991,0.14678899082568808,0.257707822305918,0.27632783882783885,0.02424038380607693,0.14678899082568808,0.6041666666666667,0.6041666666666667
qwen3-8b-base,llama-8b,boolq,1308,475,0.8936298730018324,0.8544310355721236,0.20082443197618294,0.04359931113662474,0.172782874617737,0.13302752293577982,0.7597952865356669,0.09463574903645677,0.6970822013015733,0.1965476717002591,0.14269379816184813,0.6617834588571594,0.5038118012776027,0.24210526315789474,115,0.35789473684210527,0.4105263157894737,0.40361051377963664,0.45115546218487396,0.1469252077562327,0.35789473684210527,0.32352941176470584,0.41025641025641024
qwen3-8b-base,llama-8b,geometry_of_truth,2012,1000,0.9982579051383399,0.9984980237154151,0.33702642975354036,0.004826841706890184,0.11232604373757456,0.006958250497017893,0.9959713438735178,0.0025266798418972503,0.9970859683794467,0.001171936758893155,0.8072470723604442,0.9091265475675762,0.845025585684164,0.018,18,0.031,0.02,0.7162736932079374,0.8968008255933954,0.00062,0.02,0.10000000000000009,0.10000000000000009
qwen3-8b-base,llama-8b,imdb,2000,1018,0.9755150668816697,0.9719108991313186,0.03611020442703605,0.003963849690819643,0.091,0.019,0.9505899911571349,0.021320907974183623,0.9690779812659303,0.006437085615739413,0.5538089334653801,0.7697590373960437,0.7263638755047435,0.07662082514734773,78,0.09233791748526522,0.10903732809430255,0.7375563062356996,0.8089563442726779,0.0100682798043855,0.09233791748526522,0.17021276595744683,0.29729729729729737
qwen3-8b-base,llama-8b,rte,111,62,0.9157340355497038,0.8127057274522712,-0.09999999999999998,0.0039525691699604515,0.17857142857142858,0.21428571428571427,0.7840684660961158,0.028637261356155408,0.9364713627386438,-0.020737327188940058,0.5036822230595288,0.4196205710208538,0.21519002174105661,0.25806451612903225,16,0.27419354838709675,0.4838709677419355,0.5624458337512505,0.8860294117647057,0.13267429760665972,0.27419354838709675,0.05882352941176461,0.4666666666666667
qwen3-8b-base,llama-8b,truthfulqa,654,327,0.9195073366439414,0.9356301845149585,0.3811862269270455,0.2551085448614602,0.4115853658536585,0.3780487804878049,0.8479364812165081,0.08769370329845039,0.8210681854314544,0.09843915121248692,0.41151344611808344,0.5668391265158751,0.36774479202233357,0.05504587155963303,18,0.1651376146788991,0.1345565749235474,0.25906536614270137,0.29220779220779225,0.022220351822237184,0.1345565749235474,0.5909090909090908,0.5909090909090908
qwen3-8b-base,llama31-405b,boolq,1308,475,0.8936298730018324,0.9538838693372085,0.20082443197618294,-1.0338054378222772e-05,0.172782874617737,0.03211009174311927,0.9059809186832628,0.047902950653945675,0.6655487458141152,0.22808112718771723,0.20020318830111586,0.4223276139644997,0.5189376698061678,0.13473684210526315,64,0.35789473684210527,0.17894736842105263,0.3847198020961893,0.6152362584378013,0.06404432132963989,0.17894736842105263,0.24705882352941178,0.24705882352941178
qwen3-8b-base,llama31-405b,geometry_of_truth,2012,1000,0.9982579051383399,0.9992994071146246,0.33702642975354036,0.02268716373487989,0.11232604373757456,0.01485148514851485,0.9985256916996047,0.0007737154150199155,0.9971729249011858,0.0010849802371540873,0.6956224165172367,0.8876437469799245,0.8647789643600211,0.012,12,0.031,0.012,0.6161595616876017,1.0000000000000004,0.000372,0.012,0.0,0.0
qwen3-8b-base,llama31-405b,imdb,2000,1018,0.9755150668816697,0.9815920358196056,0.03611020442703605,-0.002429182194380375,0.091,0.006789524733268671,0.9815010063260498,9.102949355588308e-05,0.9674904669112793,0.0080245999703904,0.5409230442767345,0.6171675634535184,0.6701844809886368,0.06286836935166994,64,0.09233791748526522,0.06974459724950884,0.7652237395190141,0.8913785744771661,0.006440070865868203,0.06974459724950884,0.09859154929577463,0.09859154929577463
qwen3-8b-base,llama31-405b,rte,111,62,0.9157340355497038,0.9381171823568137,-0.09999999999999998,0.014102564102564163,0.17857142857142858,0.08928571428571429,0.9075049374588544,0.03061224489795933,0.944700460829493,-0.02896642527978921,0.47416796030316893,0.3433894713146922,0.21829508742223191,0.14516129032258066,9,0.27419354838709675,0.25806451612903225,0.38115042501679075,0.3972222222222222,0.07075962539021852,0.25806451612903225,0.4375,0.4375
qwen3-8b-base,llama31-405b,truthfulqa,654,327,0.9195073366439414,0.9737021762103826,0.3811862269270455,0.059963167587476884,0.4115853658536585,0.09063444108761329,0.9487229844102162,0.02497919180016639,0.8447193932422449,0.07478794340169648,0.39097301836965065,0.4984900162805409,0.391615507669139,0.039755351681957186,13,0.1651376146788991,0.08868501529051988,0.23788056186517206,0.3391436150056841,0.014645231882838146,0.08868501529051988,0.5517241379310345,0.5517241379310345
qwen3-8b-base,llama31-70b,boolq,1308,475,0.8936298730018324,0.9376559044670498,0.20082443197618294,-0.0013040046669641203,0.172782874617737,0.03765060240963856,0.8821633916724585,0.05549251279459133,0.6701990269792127,0.22343084602261964,0.14565843137323556,0.5509893410036732,0.47208184961040234,0.16210526315789472,77,0.35789473684210527,0.2231578947368421,0.41202205380577017,0.5739251469223631,0.07986703601108033,0.2231578947368421,0.2735849056603774,0.2735849056603774
qwen3-8b-base,llama31-70b,geometry_of_truth,2012,1000,0.9982579051383399,0.9990503952569171,0.33702642975354036,0.004721374045801641,0.11232604373757456,0.0107421875,0.9981660079051383,0.0008843873517787593,0.9971215415019763,0.001136363636363602,0.7943247055224455,0.909969594756642,0.8510372234438667,0.015,15,0.031,0.016,0.6669411516302428,0.935500515995872,0.000496,0.016,0.0625,0.0625
qwen3-8b-base,llama31-70b,imdb,2000,1018,0.9755150668816697,0.9821732241246164,0.03611020442703605,0.001270650367035886,0.091,0.008620689655172414,0.9799084903508737,0.0022647337737427,0.968862911583353,0.006652155298316642,0.5538311097438376,0.7192415003896453,0.6997989682090777,0.055992141453831044,57,0.09233791748526522,0.0618860510805501,0.7207741327702104,0.8950731807874664,0.005714429078164744,0.0618860510805501,0.09523809523809523,0.09523809523809523
qwen3-8b-base,llama31-70b,rte,111,62,0.9157340355497038,0.9420671494404212,-0.09999999999999998,-0.003906250000000111,0.17857142857142858,0.03571428571428571,0.9259381171823567,0.016129032258064502,0.9410796576695194,-0.025345622119815614,0.5109036952060564,0.3973444846801427,0.21012050479914224,0.16129032258064516,10,0.27419354838709675,0.24193548387096775,0.4970128168751141,0.5407407407407407,0.06633714880332986,0.24193548387096775,0.33333333333333337,0.33333333333333337
qwen3-8b-base,llama31-70b,truthfulqa,654,327,0.9195073366439414,0.9623114403015085,0.3811862269270455,0.12582825337927372,0.4115853658536585,0.19756838905775076,0.9152334726781322,0.04707796762337635,0.8449157852406737,0.07459155140326768,0.38197207643971404,0.5563254291188691,0.37570979626804224,0.039755351681957186,13,0.1651376146788991,0.1162079510703364,0.17282489680821833,0.21197223828802778,0.01919030384647757,0.1162079510703364,0.6578947368421053,0.6578947368421053
qwen3-8b-base,llama31-70b-base,boolq,1308,475,0.8936298730018324,0.8779857206040311,0.20082443197618294,0.11658356417359172,0.172782874617737,0.13082706766917293,0.6837657168130409,0.19422000379099025,0.7631616857269223,0.13046818727491005,0.2104291278966795,0.48933823653497377,0.446417030386408,0.2168421052631579,103,0.35789473684210527,0.37684210526315787,0.35286418799229075,0.3675476947535771,0.1348698060941828,0.35789473684210527,0.3941176470588236,0.4245810055865922
qwen3-8b-base,llama31-70b-base,geometry_of_truth,2012,1000,0.9982579051383399,0.9983873517786561,0.33702642975354036,0.04919332892741901,0.11232604373757456,0.060077519379844964,0.9955978260869566,0.002789525691699546,0.996935770750988,0.0013221343873518476,0.8148059325747588,0.890305761585148,0.8388343109060469,0.015,15,0.031,0.019,0.609031952971281,0.7827385801966219,0.000589,0.019,0.21052631578947367,0.21052631578947367
qwen3-8b-base,llama31-70b-base,imdb,2000,1018,0.9755150668816697,0.9586415998783605,0.03611020442703605,0.3592676684727091,0.091,0.42120075046904315,0.7765616059603311,0.18207999391802943,0.963868293327038,0.011646773554631618,0.5396266078749185,0.6750615721309882,0.6737863944963183,0.06385068762278978,65,0.09233791748526522,0.12573673870333987,0.5442548491863975,0.6471192923738944,0.011610268603255352,0.09233791748526522,0.3085106382978724,0.4921875
qwen3-8b-base,llama31-70b-base,rte,111,62,0.9157340355497038,0.8225806451612903,-0.09999999999999998,-0.005639097744360777,0.17857142857142858,0.3050847457627119,0.7890059249506254,0.03357472021066488,0.9193548387096774,-0.0036208031599735957,0.4875673420562227,0.37466676911657104,0.18828573492643474,0.22580645161290322,14,0.27419354838709675,0.4838709677419355,0.41775022506835635,0.6580882352941179,0.13267429760665972,0.27419354838709675,0.17647058823529405,0.5333333333333334
qwen3-8b-base,llama31-70b-base,truthfulqa,654,327,0.9195073366439414,0.9157010726743914,0.3811862269270455,0.2955903598634094,0.4115853658536585,0.3657142857142857,0.815241889478065,0.10045918319632641,0.8396599612827204,0.079847375361221,0.366820197549437,0.5353325862996063,0.35838205907693566,0.07951070336391437,26,0.1651376146788991,0.20489296636085627,0.3047708150667944,0.34786324786324785,0.03383553572931572,0.1651376146788991,0.5185185185185186,0.6119402985074627
qwen3-8b-base,llama31-8b-base,boolq,1308,475,0.8936298730018324,0.7668970746193213,0.20082443197618294,0.04830470980975743,0.172782874617737,0.19850746268656716,0.659922916535035,0.10697415808428634,0.679406078220762,0.21422379478107034,0.19361595884235827,0.6315830026065179,0.47646685498751884,0.2926315789473684,139,0.35789473684210527,0.6189473684210526,0.30545862215023856,0.5214494637634057,0.22151800554016618,0.35789473684210527,0.1823529411764706,0.5272108843537415
qwen3-8b-base,llama31-8b-base,geometry_of_truth,2012,1000,0.9982579051383399,0.9974249011857708,0.33702642975354036,0.06514907222692867,0.11232604373757456,0.11925708699902249,0.9764772727272728,0.020947628458497958,0.9959802371541502,0.002277667984189713,0.8265362567882812,0.9069945360144686,0.8266300977646241,0.016,16,0.031,0.022,0.6025298426859628,0.7185477061638053,0.000682,0.022,0.2727272727272727,0.2727272727272727
qwen3-8b-base,llama31-8b-base,imdb,2000,1018,0.9755150668816697,0.9481712074712207,0.03611020442703605,0.25079113924050633,0.091,0.3602199816681943,0.5442653419707986,0.4039058655004222,0.8905625422636936,0.08495252461797609,0.5784425981303973,0.7816375525453448,0.733627776910247,0.05893909626719057,60,0.09233791748526522,0.11296660117878192,0.5293174084121923,0.5922339247425839,0.01043110069823723,0.09233791748526522,0.36170212765957444,0.4782608695652173
qwen3-8b-base,llama31-8b-base,rte,111,62,0.9157340355497038,0.7590520078999341,-0.09999999999999998,0.10225921521997616,0.17857142857142858,0.41379310344827586,0.728768926925609,0.030283080974325083,0.9371296905859119,-0.021395655036208105,0.495562020591013,0.4226458041051978,0.19976767539194606,0.24193548387096775,15,0.27419354838709675,0.532258064516129,0.4312604976313733,0.7484787018255576,0.1459417273673257,0.27419354838709675,0.11764705882352933,0.5454545454545454
qwen3-8b-base,llama31-8b-base,truthfulqa,654,327,0.9195073366439414,0.8842222409262221,0.3811862269270455,0.3671417854463616,0.4115853658536585,0.6085626911314985,0.7553984419568126,0.12882379896940954,0.78882248968942,0.13068484695452132,0.3732906530645582,0.5915802228596438,0.36831003686913444,0.0764525993883792,25,0.1651376146788991,0.1651376146788991,0.35673585673585684,0.35673585673585684,0.027270431781836548,0.1651376146788991,0.5370370370370371,0.5370370370370371
qwen3-8b-base,olmo3-7b,boolq,1308,475,0.8936298730018324,0.8341062740885827,0.20082443197618294,0.1841299624728422,0.172782874617737,0.24770642201834864,0.5706754280659632,0.26343084602261957,0.5589183041637708,0.33471156883806163,0.17537586522011966,0.4437829433730658,0.4514119955047463,0.2694736842105263,128,0.35789473684210527,0.5326315789473685,0.3296589112040701,0.471383147853736,0.19062603878116344,0.35789473684210527,0.24705882352941178,0.4940711462450593
qwen3-8b-base,olmo3-7b,geometry_of_truth,2012,1000,0.9982579051383399,0.9942687747035572,0.33702642975354036,0.022741228070175423,0.11232604373757456,0.019880715705765408,0.989998023715415,0.0042707509881422245,0.9965701581027667,0.0016877470355731727,0.7588753193200549,0.8270282753229123,0.8302303875064716,0.022,22,0.031,0.052,0.5298171949369269,0.6937525520620661,0.001612,0.031,0.29032258064516137,0.5769230769230769
qwen3-8b-base,olmo3-7b,imdb,2000,1018,0.9755150668816697,0.9686388389838309,0.03611020442703605,0.15151949541284404,0.091,0.128,0.9379138840984479,0.03072495488538296,0.9661220235356255,0.009393043346044183,0.5720225756251581,0.6130175357732823,0.6604275588874237,0.07662082514734773,78,0.09233791748526522,0.10707269155206287,0.74549944128322,0.8093766823490861,0.009886869357459636,0.09233791748526522,0.17021276595744683,0.2844036697247707
qwen3-8b-base,olmo3-7b,rte,111,62,0.9157340355497038,0.8581303489137591,-0.09999999999999998,0.007309941520467822,0.17857142857142858,0.25,0.8531928900592495,0.00493745885450958,0.933838051349572,-0.0181040157998682,0.42634549345536704,0.18834754857733704,0.23926076668186824,0.20967741935483872,13,0.27419354838709675,0.3870967741935484,0.4764912559344583,0.6160990712074302,0.10613943808532778,0.27419354838709675,0.23529411764705876,0.45833333333333326
qwen3-8b-base,olmo3-7b,truthfulqa,654,327,0.9195073366439414,0.8972495768220035,0.3811862269270455,0.37460721232979205,0.4115853658536585,0.5045871559633027,0.812090265503278,0.08515931131872545,0.8385938332912493,0.0809135033526921,0.3825350443860831,0.3215474564877602,0.35648052015087217,0.07951070336391437,26,0.1651376146788991,0.1834862385321101,0.34240601435298945,0.3649604660840616,0.030300479757596165,0.1651376146788991,0.5185185185185186,0.5666666666666667
qwen3-8b-base,qwen3-1.7b,boolq,1308,475,0.8936298730018324,0.8171352751626967,0.20082443197618294,0.22837342250026982,0.172782874617737,0.22324159021406728,0.5807544070259683,0.23638086813672843,0.691077273014469,0.2025525999873634,0.1977752525999401,0.6207524876652815,0.43027640884587803,0.27789473684210525,132,0.35789473684210527,0.511578947368421,0.3956300536779331,0.5423427991886409,0.18309141274238225,0.35789473684210527,0.22352941176470598,0.45679012345679015
qwen3-8b-base,qwen3-1.7b,geometry_of_truth,2012,1000,0.9982579051383399,0.9934357707509882,0.33702642975354036,0.34411173291343944,0.11232604373757456,0.24652087475149106,0.9871857707509881,0.006250000000000089,0.9966976284584981,0.001560276679841821,0.7949189588538157,0.864657476365932,0.8128190931160755,0.018,18,0.031,0.051,0.4306116478913347,0.5581087052585065,0.001581,0.031,0.4193548387096775,0.6470588235294117
qwen3-8b-base,qwen3-1.7b,imdb,2000,1018,0.9755150668816697,0.9536549842148856,0.03611020442703605,0.14734994199181772,0.091,0.2057942057942058,0.865362377410281,0.0882926068046046,0.9686448409284609,0.006870225953208742,0.7558986849260424,0.6715253393478737,0.6230884389258514,0.068762278978389,70,0.09233791748526522,0.1237721021611002,0.6013617467972647,0.7086155901154468,0.011428858156329488,0.09233791748526522,0.25531914893617014,0.4444444444444444
qwen3-8b-base,qwen3-1.7b,rte,111,62,0.9157340355497038,0.8772218564845293,-0.09999999999999998,0.25320056899004273,0.17857142857142858,0.3392857142857143,0.8344305464121132,0.0427913100724161,0.9427254772876893,-0.02699144173798551,0.586506387678466,0.3097657367872896,0.21480038765236442,0.20967741935483872,13,0.27419354838709675,0.4838709677419355,0.3454024207269091,0.5441176470588236,0.13267429760665972,0.27419354838709675,0.23529411764705876,0.5666666666666667
qwen3-8b-base,qwen3-1.7b,truthfulqa,654,327,0.9195073366439414,0.8749731130002151,0.3811862269270455,0.3389193929688095,0.4115853658536585,0.43119266055045874,0.7560998419512013,0.1188732710490138,0.8267354973861161,0.09277183925782528,0.5359598202962937,0.4226507590561681,0.29401832328707467,0.06116207951070336,20,0.1651376146788991,0.1743119266055046,0.22984208368284498,0.23744855967078188,0.028785455769716358,0.1651376146788991,0.6296296296296297,0.6491228070175439
qwen3-8b-base,qwen3-32b,boolq,1308,475,0.8936298730018324,0.9175105831806406,0.20082443197618294,0.01116746986681294,0.172782874617737,0.05963302752293578,0.8009629114803817,0.11654767170025893,0.6913072597460037,0.20232261325582868,0.3045303791786576,0.5705010237067026,0.5260713529779657,0.18947368421052632,90,0.35789473684210527,0.24842105263157896,0.48549527080305066,0.6304529035843288,0.08890858725761773,0.24842105263157896,0.23728813559322037,0.23728813559322037
qwen3-8b-base,qwen3-32b,geometry_of_truth,2012,1000,0.9982579051383399,0.9991205533596839,0.33702642975354036,0.1296819531985801,0.11232604373757456,0.020874751491053677,0.998147233201581,0.0009733201581028084,0.9971758893280632,0.0010820158102766708,0.690083665560938,0.8143092537897647,0.8458960552103234,0.013,13,0.031,0.016,0.5749746387192884,0.8065015479876164,0.000496,0.016,0.1875,0.1875
qwen3-8b-base,qwen3-32b,imdb,2000,1018,0.9755150668816697,0.9749198740391887,0.03611020442703605,-0.0009083050676402804,0.091,0.016966067864271458,0.9700142846282196,0.00490558941096908,0.9650216670201145,0.010493399861555175,0.41331674284860576,0.7187060542267216,0.7048071528732662,0.06581532416502947,67,0.09233791748526522,0.07858546168958742,0.7516959107211892,0.8209686147186147,0.0072564178770345945,0.07858546168958742,0.16249999999999998,0.16249999999999998
qwen3-8b-base,qwen3-32b,rte,111,62,0.9157340355497038,0.9634628044766294,-0.09999999999999998,0.12364864864864855,0.17857142857142858,0.15789473684210525,0.9476629361421988,0.01579986833443059,0.934825543120474,-0.01909150757077016,0.4332367283233484,0.3401765198002997,0.24912174863087488,0.12903225806451613,8,0.27419354838709675,0.16129032258064516,0.5168746236478834,0.7244444444444442,0.04422476586888657,0.16129032258064516,0.19999999999999996,0.19999999999999996
qwen3-8b-base,qwen3-32b,truthfulqa,654,327,0.9195073366439414,0.9692412722460698,0.3811862269270455,0.16423754215061814,0.4115853658536585,0.22935779816513763,0.9048153447614772,0.06442592748459264,0.8414181372686549,0.07808919937528647,0.2928785443538571,0.4292371338435378,0.3881765636061173,0.06116207951070336,20,0.1651376146788991,0.12232415902140673,0.3366859263601331,0.4010989010989012,0.020200319838397443,0.12232415902140673,0.5,0.5
qwen3-8b-base,qwen3-8b,boolq,1308,475,0.8936298730018324,0.8986440892146333,0.20082443197618294,0.05791505791505802,0.172782874617737,0.11297709923664122,0.8801819675238515,0.018462121690781874,0.7729121122133065,0.12071776078852592,0.45962361577696,0.7396914832416364,0.7184744687102511,0.24421052631578946,116,0.35789473684210527,0.3368421052631579,0.545776151603803,0.5717213114754099,0.12055401662049861,0.3368421052631579,0.275,0.275
qwen3-8b-base,qwen3-8b,geometry_of_truth,2012,1000,0.9982579051383399,0.9976422924901186,0.33702642975354036,0.3637252771136711,0.11232604373757456,0.042743538767395624,0.9959664031620553,0.0016758893280632847,0.9969624505928854,0.001295454545454544,0.8802127189379766,0.8906972840897723,0.9023709865032966,0.023,23,0.031,0.024,0.8390229638362812,0.9570003439972479,0.000744,0.024,0.04166666666666674,0.04166666666666674
qwen3-8b-base,qwen3-8b,imdb,2000,1018,0.9755150668816697,0.9709705944726091,0.03611020442703605,0.005154241786803793,0.091,0.101,0.9640493519900448,0.006921242482564316,0.9650016605380143,0.010513406343655385,0.8513674997347135,0.8402414149808034,0.8465267592990429,0.06679764243614932,68,0.09233791748526522,0.08447937131630648,0.7327711125979942,0.7694050135910603,0.007800649217812189,0.08447937131630648,0.20930232558139528,0.20930232558139528
qwen3-8b-base,qwen3-8b,rte,111,62,0.9157340355497038,0.9338380513495721,-0.09999999999999998,0.0714285714285714,0.17857142857142858,0.25,0.935154707044108,-0.0013166556945358732,0.9407504937458854,-0.02501645819618159,0.7175905473835178,0.29668388946055035,0.31703382207299036,0.1935483870967742,12,0.27419354838709675,0.24193548387096775,0.6658610067176187,0.7244444444444446,0.06633714880332986,0.24193548387096775,0.20000000000000007,0.20000000000000007
qwen3-8b-base,qwen3-8b,truthfulqa,654,327,0.9195073366439414,0.9380804084953567,0.3811862269270455,0.3347204266321915,0.4115853658536585,0.345565749235474,0.843354001253168,0.09472640724218873,0.8585697051314423,0.06093763151249909,0.6482278662210698,0.49828796260211794,0.5198346301918714,0.0764525993883792,25,0.1651376146788991,0.14067278287461774,0.4122667469078573,0.4531772575250836,0.02323036781415706,0.14067278287461774,0.4565217391304348,0.4565217391304348
qwen3-8b-base,qwen38-27b,boolq,1308,475,0.8936298730018324,0.9392279016869906,0.20082443197618294,0.28872057448797483,0.172782874617737,0.1173780487804878,0.7345119100271688,0.2047159916598218,0.6374170720919947,0.25621280090983767,0.1798074467287068,0.6130187666160989,0.5169036582698414,0.15789473684210525,75,0.35789473684210527,0.21052631578947367,0.4223828412058927,0.610655737704918,0.07534626038781163,0.21052631578947367,0.25,0.25
qwen3-8b-base,qwen38-27b,geometry_of_truth,2012,1000,0.9982579051383399,0.9983764822134387,0.33702642975354036,0.3612122252747253,0.11232604373757456,0.09542743538767395,0.996846837944664,0.0015296442687746659,0.997094861660079,0.0011630434782609056,0.7648056117263775,0.8852569345974193,0.8520893318213807,0.019,19,0.031,0.025,0.6735230905941124,0.7523219814241491,0.0007750000000000001,0.025,0.2400000000000001,0.2400000000000001
qwen3-8b-base,qwen38-27b,rte,111,62,0.9157340355497038,0.967083607636603,-0.09999999999999998,0.40421455938697326,0.17857142857142858,0.44642857142857145,0.9598420013166556,0.007241606319947302,0.9384463462804477,-0.022712310730743868,0.5229343418490815,0.40357084503893914,0.25423169015721037,0.14516129032258066,9,0.27419354838709675,0.20967741935483872,0.4827579863569404,0.576068376068376,0.057492195629552545,0.20967741935483872,0.3076923076923077,0.3076923076923077
qwen3-8b-base,qwen38-27b,truthfulqa,654,327,0.9195073366439414,0.9541471443668228,0.3811862269270455,0.4319339375327689,0.4115853658536585,0.4923547400611621,0.902570864779433,0.05157627958738975,0.8512564411899485,0.06825089545399288,0.4556842657920618,0.5019257491219763,0.3922434007543638,0.0581039755351682,19,0.1651376146788991,0.1345565749235474,0.2832005156380471,0.3194305694305696,0.022220351822237184,0.1345565749235474,0.5681818181818181,0.5681818181818181
qwen38-27b,gemma2-9b,boolq,1308,475,0.9392279016869906,0.9097794907436658,0.28872057448797483,0.03949897873362973,0.1173780487804878,0.12102874432677761,0.8351829152713717,0.07459657547229415,0.6515220825172174,0.2877058191697731,0.6580657689869244,0.5908232789498062,0.6196926830250773,0.14947368421052631,71,0.21052631578947367,0.25473684210526315,0.5395679762860718,0.6108757062146891,0.05362880886426592,0.21052631578947367,0.2899999999999999,0.4132231404958677
qwen38-27b,gemma2-9b,geometry_of_truth,2012,1000,0.9983764822134387,0.9984673913043478,0.3612122252747253,0.07388008475840868,0.09542743538767395,0.014577259475218658,0.9969762845849802,0.0014911067193675853,0.9968359683794465,0.0015405138339921187,0.9321384290672167,0.8900132896834559,0.8758928374189434,0.017,17,0.025,0.021,0.7359564533193953,0.804639804639805,0.0005250000000000001,0.021,0.19047619047619047,0.19047619047619047
qwen38-27b,gemma2-9b,rte,111,62,0.967083607636603,0.9430546412113232,0.40421455938697326,0.006666666666666599,0.44642857142857145,0.017241379310344827,0.9335088874259381,0.009545753785385136,0.9601711652402896,0.00691244239631339,0.8161973774627335,0.27432145305565125,0.40269180596907694,0.11290322580645161,7,0.20967741935483872,0.22580645161290322,0.38516444325982163,0.40384615384615385,0.04734651404786681,0.20967741935483872,0.46153846153846156,0.5
qwen38-27b,gemma2-9b,truthfulqa,654,327,0.9541471443668228,0.9443930084448559,0.4319339375327689,0.14681540808543103,0.4923547400611621,0.25914634146341464,0.8339832973281337,0.11040971111672215,0.8794527209643782,0.07469442340244459,0.6779323300130351,0.44384500690131057,0.4958859535028858,0.0764525993883792,25,0.1345565749235474,0.1712538226299694,0.4154453910015944,0.47895001677289506,0.023043327815653374,0.1345565749235474,0.43181818181818177,0.5535714285714286
qwen38-27b,gemma4-12b,boolq,1308,475,0.9392279016869906,0.5638819738421684,0.28872057448797483,0.06143355209187862,0.1173780487804878,0.3516819571865443,0.47051999747267326,0.09336197636949517,0.5876944461995325,0.35153345548745807,0.1948886042715325,-0.02189706893551424,0.14340004807801698,0.20210526315789473,96,0.21052631578947367,0.9642105263157895,-0.01170461578409602,-0.03137254901960779,0.2029916897506925,0.21052631578947367,0.039999999999999925,0.7903930131004366
qwen38-27b,gemma4-12b,geometry_of_truth,2012,1000,0.9983764822134387,0.7480750988142292,0.3612122252747253,0.2826014006995602,0.09542743538767395,0.4846077457795432,0.6053498023715416,0.1427252964426876,0.9754999999999999,0.022876482213438742,0.5517228930984769,0.5927164326891903,0.6452754034062425,0.018,18,0.025,0.338,0.1293134547575551,0.5770392749244713,0.008450000000000001,0.025,0.28000000000000014,0.9467455621301775
qwen38-27b,gemma4-12b,rte,111,62,0.967083607636603,0.4427254772876893,0.40421455938697326,-0.04487179487179482,0.44642857142857145,0.5535714285714286,0.5095457537853851,-0.06682027649769584,0.9414088215931534,0.025674786043449527,0.24897052948338308,-0.04242103064795644,-0.17248337609334308,0.1935483870967742,12,0.20967741935483872,0.8225806451612904,0.13549830799325566,0.5664335664335666,0.17247658688865766,0.20967741935483872,0.07692307692307698,0.7647058823529412
qwen38-27b,gemma4-12b,truthfulqa,654,327,0.9541471443668228,0.6490942588072459,0.4319339375327689,0.1617931547619047,0.4923547400611621,0.46646341463414637,0.5571453955428368,0.0919488632644091,0.7991938576064491,0.15495328676037368,0.12265689200948236,-0.07601112198998794,-0.14558577203960676,0.07033639143730887,23,0.1345565749235474,0.40672782874617736,0.09311295194294081,0.19552483598875353,0.054727903562176765,0.1345565749235474,0.4772727272727272,0.8270676691729323
qwen38-27b,gemma4-12b-base,boolq,1308,475,0.9392279016869906,0.8315284008340178,0.28872057448797483,0.04747755834829448,0.1173780487804878,0.1491628614916286,0.6718746445946799,0.15965375623933786,0.8394338788146838,0.09979402287230676,0.6016866517692743,0.5283255016127655,0.6064550097342241,0.18947368421052632,90,0.21052631578947367,0.6421052631578947,0.27780884857837235,0.7205882352941175,0.13518005540166203,0.21052631578947367,0.09999999999999987,0.7049180327868853
qwen38-27b,gemma4-12b-base,geometry_of_truth,2012,1000,0.9983764822134387,0.9973596837944664,0.3612122252747253,0.13830955334987594,0.09542743538767395,0.09343936381709742,0.988755928853755,0.008603754940711417,0.9959970355731225,0.0023794466403161962,0.905312046043918,0.8626741684810446,0.8673039788673704,0.014,14,0.025,0.026,0.5373321187717134,0.5482546201232031,0.00065,0.025,0.44000000000000006,0.46153846153846145
qwen38-27b,gemma4-12b-base,rte,111,62,0.967083607636603,0.7890059249506254,0.40421455938697326,0.14822134387351782,0.44642857142857145,0.375,0.7518104015799867,0.037195523370638695,0.9427254772876893,0.024358130348913654,0.8583394087863967,0.2574422763382882,0.40065919190624677,0.1935483870967742,12,0.20967741935483872,0.5645161290322581,0.37248794525395623,0.8233618233618235,0.11836628511966703,0.20967741935483872,0.07692307692307698,0.6571428571428573
qwen38-27b,gemma4-12b-base,truthfulqa,654,327,0.9541471443668228,0.8785549289715606,0.4319339375327689,0.2616019634091923,0.4923547400611621,0.43902439024390244,0.7328788261369694,0.1456761028345912,0.8392671772858625,0.11487996708096027,0.7824299168075728,0.42457241280791436,0.4896661407310843,0.05198776758409786,17,0.1345565749235474,0.12538226299694188,0.3107530790029226,0.3236232008963199,0.016871007865031935,0.12538226299694188,0.5853658536585366,0.5853658536585366
qwen38-27b,gemma4-31b,boolq,1308,475,0.9392279016869906,0.8310406267770266,0.28872057448797483,0.16187880058712512,0.1173780487804878,0.21712538226299694,0.5243773298793202,0.30666329689770644,0.5148265622038288,0.4244013394831617,0.24394844277313874,0.2604047430665737,0.3763981988612095,0.14526315789473684,69,0.21052631578947367,0.4168421052631579,0.2861009191091629,0.46841155234657045,0.0877562326869806,0.21052631578947367,0.30999999999999994,0.6515151515151515
qwen38-27b,gemma4-31b,geometry_of_truth,2012,1000,0.9983764822134387,0.9628982213438735,0.3612122252747253,0.45529668495876263,0.09542743538767395,0.4393638170974155,0.7725909090909091,0.19030731225296438,0.9817084980237154,0.01666798418972326,0.8002365416748888,0.8316410133828809,0.8012755731722003,0.014,14,0.025,0.113,0.22608626953033412,0.503945885005637,0.0028250000000000003,0.025,0.44000000000000006,0.8761061946902655
qwen38-27b,gemma4-31b,rte,111,62,0.967083607636603,0.6277156023699803,0.40421455938697326,-0.000645161290322549,0.44642857142857145,0.4107142857142857,0.5585911784068467,0.06912442396313356,0.9601711652402896,0.00691244239631339,0.32325809318937626,0.020845380705082683,0.06262909840229403,0.16129032258064516,10,0.20967741935483872,0.6129032258064516,0.16531163063339505,0.4038461538461535,0.12851196670135276,0.20967741935483872,0.23076923076923084,0.736842105263158
qwen38-27b,gemma4-31b,truthfulqa,654,327,0.9541471443668228,0.7854838257161294,0.4319339375327689,0.44235373335328443,0.4923547400611621,0.5443425076452599,0.7149510422803917,0.07053278343573766,0.7704925698360594,0.1836545745307634,0.35927166064625893,0.20658076330367392,0.2389201941649327,0.05504587155963303,18,0.1345565749235474,0.25382262996941896,0.1406791233806128,0.20808494783904616,0.034153503726771964,0.1345565749235474,0.5909090909090908,0.7831325301204819
qwen38-27b,gptj-6b,boolq,1308,475,0.9392279016869906,0.6656902761104442,0.28872057448797483,0.20653974953779597,0.1173780487804878,0.6237482117310443,0.48460478928413464,0.18108548682630954,0.7410728501927086,0.19815505149428192,0.6055642639711133,0.6268293433328151,0.6079644203544232,0.19157894736842104,91,0.21052631578947367,0.8757894736842106,0.053563020593887734,0.2754237288135592,0.18437673130193905,0.21052631578947367,0.08999999999999997,0.78125
qwen38-27b,gptj-6b,geometry_of_truth,2012,1000,0.9983764822134387,0.9835780632411067,0.3612122252747253,0.5482477023411999,0.09542743538767395,0.5464190981432361,0.9113745059288537,0.07220355731225303,0.9947420948616602,0.0036343873517784564,0.893053617256633,0.8898212336062968,0.8623553901482642,0.018,18,0.025,0.074,0.39516535429560484,0.6976241900647949,0.00185,0.025,0.28000000000000014,0.7567567567567568
qwen38-27b,gptj-6b,rte,111,62,0.967083607636603,0.6645819618169848,0.40421455938697326,0.27960526315789475,0.44642857142857145,0.3709677419354839,0.5352205398288348,0.12936142198815004,0.8933508887425938,0.07373271889400912,0.7043694560521907,0.2845117899257009,0.3931518971025626,0.1935483870967742,12,0.20967741935483872,0.9032258064516129,0.03458443043821727,0.205128205128205,0.18938605619146723,0.20967741935483872,0.07692307692307698,0.7857142857142857
qwen38-27b,gptj-6b,truthfulqa,654,327,0.9541471443668228,0.8530333211757335,0.4319339375327689,0.32313192572626537,0.4923547400611621,0.5137614678899083,0.7374893621000851,0.1155439590756484,0.8179539694563682,0.13619317491045457,0.6455048038753984,0.4614899831814582,0.4779859266760885,0.039755351681957186,13,0.1345565749235474,0.14678899082568808,0.16564125344267408,0.17424242424242428,0.019751423841988608,0.1345565749235474,0.7045454545454546,0.7291666666666667
qwen38-27b,llama-8b,boolq,1308,475,0.9392279016869906,0.8544310355721236,0.28872057448797483,0.04359931113662474,0.1173780487804878,0.13302752293577982,0.7947835976495863,0.05964743792253735,0.7769356163518039,0.1622922853351867,0.9344339063938493,0.6994653779804897,0.6456573247995292,0.16210526315789472,77,0.21052631578947367,0.4105263157894737,0.3773538255350138,0.6098214285714285,0.08642659279778393,0.21052631578947367,0.22999999999999998,0.6051282051282052
qwen38-27b,llama-8b,geometry_of_truth,2012,1000,0.9983764822134387,0.9984980237154151,0.3612122252747253,0.004826841706890184,0.09542743538767395,0.006958250497017893,0.9961274703557312,0.0023705533596838357,0.9965474308300395,0.0018290513833991717,0.9559949081208057,0.9130994361069403,0.8834592171712775,0.016,16,0.025,0.02,0.7091389668511001,0.7948717948717949,0.0005,0.02,0.19999999999999996,0.19999999999999996
qwen38-27b,llama-8b,rte,111,62,0.967083607636603,0.8127057274522712,0.40421455938697326,0.0039525691699604515,0.44642857142857145,0.21428571428571427,0.7649769585253456,0.04772876892692557,0.9552337063857801,0.011849901250822859,0.9438163248660401,0.45238628671285586,0.403569309823098,0.1774193548387097,11,0.20967741935483872,0.4838709677419355,0.3734027557491328,0.7019230769230769,0.10145681581685745,0.20967741935483872,0.15384615384615385,0.6333333333333333
qwen38-27b,llama-8b,truthfulqa,654,327,0.9541471443668228,0.9356301845149585,0.4319339375327689,0.2551085448614602,0.4923547400611621,0.3780487804878049,0.831009361351925,0.10462082316303345,0.8740472650076219,0.08009987935920093,0.8861394944242075,0.5938351454595552,0.5064212823801828,0.05198776758409786,17,0.1345565749235474,0.1345565749235474,0.2909572759396081,0.2909572759396081,0.01810547185515622,0.1345565749235474,0.6136363636363635,0.6136363636363635
qwen38-27b,llama31-405b,boolq,1308,475,0.9392279016869906,0.9538838693372085,0.28872057448797483,-1.0338054378222772e-05,0.1173780487804878,0.03211009174311927,0.9236722057243949,0.030211663612813577,0.76359385859607,0.17563404309092057,0.7070143806955691,0.4626110907808818,0.633107780551371,0.13894736842105262,66,0.21052631578947367,0.17894736842105263,0.6480802760795442,0.716862745098039,0.037673130193905814,0.17894736842105263,0.22352941176470598,0.22352941176470598
qwen38-27b,llama31-405b,geometry_of_truth,2012,1000,0.9983764822134387,0.9992994071146246,0.3612122252747253,0.02268716373487989,0.09542743538767395,0.01485148514851485,0.9984614624505929,0.0008379446640317534,0.9967322134387352,0.0016442687747034723,0.9454114390911917,0.8899228045736697,0.8971471660081809,0.011,11,0.025,0.012,0.6294226544653875,0.9145299145299145,0.00030000000000000003,0.012,0.08333333333333337,0.08333333333333337
qwen38-27b,llama31-405b,rte,111,62,0.967083607636603,0.9381171823568137,0.40421455938697326,0.014102564102564163,0.44642857142857145,0.08928571428571429,0.9203423304805793,0.0177748518762344,0.9591836734693877,0.007899934167215239,0.7891128478798844,0.3608563943458202,0.38663247142571466,0.14516129032258066,9,0.20967741935483872,0.25806451612903225,0.5111630125684565,0.5852842809364547,0.054110301768990635,0.20967741935483872,0.3076923076923077,0.4375
qwen38-27b,llama31-405b,truthfulqa,654,327,0.9541471443668228,0.9737021762103826,0.4319339375327689,0.059963167587476884,0.4923547400611621,0.09063444108761329,0.9490970644072234,0.024605111803159163,0.8785081689719346,0.07563897539488817,0.7484929902908997,0.524750914044988,0.5203204045334768,0.045871559633027525,15,0.1345565749235474,0.08868501529051988,0.34983260273374617,0.4421835018886317,0.011933151904534783,0.08868501529051988,0.48275862068965514,0.48275862068965514
qwen38-27b,llama31-70b,boolq,1308,475,0.9392279016869906,0.9376559044670498,0.28872057448797483,-0.0013040046669641203,0.1173780487804878,0.03765060240963856,0.8984014658494976,0.03925443861755218,0.8706564731155619,0.06857142857142862,0.8896384840947376,0.6040038673641746,0.6216001381874937,0.14736842105263157,70,0.21052631578947367,0.2231578947368421,0.5914069947771935,0.6138211382113823,0.04698060941828255,0.21052631578947367,0.30000000000000004,0.339622641509434
qwen38-27b,llama31-70b,geometry_of_truth,2012,1000,0.9983764822134387,0.9990503952569171,0.3612122252747253,0.004721374045801641,0.09542743538767395,0.0107421875,0.9983517786561265,0.0006986166007906247,0.9966116600790514,0.0017648221343872228,0.9691973590708286,0.9151654382551628,0.8894287568668641,0.014,14,0.025,0.016,0.6942390774092476,0.8717948717948721,0.0004,0.016,0.125,0.125
qwen38-27b,llama31-70b,rte,111,62,0.967083607636603,0.9420671494404212,0.40421455938697326,-0.003906250000000111,0.44642857142857145,0.03571428571428571,0.9305464121132323,0.011520737327188946,0.956221198156682,0.010862409479920898,0.9236515280891121,0.4317908603577376,0.3988128218972855,0.14516129032258066,9,0.20967741935483872,0.24193548387096775,0.5416794382117116,0.5941080196399346,0.050728407908428724,0.20967741935483872,0.3076923076923077,0.4
qwen38-27b,llama31-70b,truthfulqa,654,327,0.9541471443668228,0.9623114403015085,0.4319339375327689,0.12582825337927372,0.4923547400611621,0.19756838905775076,0.9057973047536215,0.05651413554788698,0.8711949050304407,0.08295223933638207,0.8638807894855296,0.5896190424169145,0.5158788383542363,0.05504587155963303,18,0.1345565749235474,0.1162079510703364,0.3603580727504589,0.3918541937883579,0.01563654387490765,0.1162079510703364,0.5263157894736842,0.5263157894736842
qwen38-27b,llama31-70b-base,boolq,1308,475,0.9392279016869906,0.8779857206040311,0.28872057448797483,0.11658356417359172,0.1173780487804878,0.13082706766917293,0.7479244329310673,0.13006128767296388,0.7265230302647375,0.21270487142225303,0.7527810057814238,0.534478365710847,0.5824911044266399,0.1368421052631579,65,0.21052631578947367,0.37684210526315787,0.2910846886017821,0.4383445945945944,0.07933518005540165,0.21052631578947367,0.34999999999999987,0.6368715083798882
qwen38-27b,llama31-70b-base,geometry_of_truth,2012,1000,0.9983764822134387,0.9983873517786561,0.3612122252747253,0.04919332892741901,0.09542743538767395,0.060077519379844964,0.9955691699604744,0.0028181818181817198,0.9963152173913044,0.002061264822134312,0.9329355441587391,0.8945275614934846,0.8779313337155448,0.014,14,0.025,0.019,0.6345321878868805,0.7300944669365723,0.000475,0.019,0.26315789473684204,0.26315789473684204
qwen38-27b,llama31-70b-base,rte,111,62,0.967083607636603,0.8225806451612903,0.40421455938697326,-0.005639097744360777,0.44642857142857145,0.3050847457627119,0.7741935483870969,0.048387096774193394,0.9473337722185649,0.019749835418038098,0.896145640093024,0.4024246342449538,0.3736591952509313,0.16129032258064516,10,0.20967741935483872,0.4838709677419355,0.2941186089804814,0.5528846153846155,0.10145681581685745,0.20967741935483872,0.23076923076923084,0.6666666666666667
qwen38-27b,llama31-70b-base,truthfulqa,654,327,0.9541471443668228,0.9157010726743914,0.4319339375327689,0.2955903598634094,0.4923547400611621,0.3657142857142857,0.8167101534663187,0.09899091920807268,0.8519297851845617,0.10221735918226105,0.8302616060905327,0.5626841810603438,0.4953226157874454,0.07339449541284404,24,0.1345565749235474,0.20489296636085627,0.3326997302045061,0.4283216783216784,0.027569695779442432,0.1345565749235474,0.4545454545454545,0.6417910447761194
qwen38-27b,llama31-8b-base,boolq,1308,475,0.9392279016869906,0.7668970746193213,0.28872057448797483,0.04830470980975743,0.1173780487804878,0.19850746268656716,0.6805459025715549,0.08635117204776643,0.8007935805901307,0.13843432109685982,0.8752761295097955,0.675903811338403,0.6213597668512967,0.1705263157894737,81,0.21052631578947367,0.6189473684210526,0.20315057093355177,0.5013812154696133,0.13030470914127423,0.21052631578947367,0.18999999999999995,0.7244897959183674
qwen38-27b,llama31-8b-base,geometry_of_truth,2012,1000,0.9983764822134387,0.9974249011857708,0.3612122252747253,0.06514907222692867,0.09542743538767395,0.11925708699902249,0.9831640316205533,0.014260869565217438,0.9955167984189723,0.002859683794466328,0.9253417849868274,0.9113674944614516,0.8699969106999287,0.013,13,0.025,0.022,0.5436460932372998,0.5804195804195803,0.00055,0.022,0.40909090909090906,0.40909090909090906
qwen38-27b,llama31-8b-base,rte,111,62,0.967083607636603,0.7590520078999341,0.40421455938697326,0.10225921521997616,0.44642857142857145,0.41379310344827586,0.718235681369322,0.04081632653061207,0.9493087557603687,0.017774851876234288,0.8972762238090812,0.45506803522689343,0.3907573901396548,0.1774193548387097,11,0.20967741935483872,0.532258064516129,0.32403717413556915,0.6710875331564988,0.11160249739854318,0.20967741935483872,0.15384615384615385,0.6666666666666666
qwen38-27b,llama31-8b-base,truthfulqa,654,327,0.9541471443668228,0.8842222409262221,0.4319339375327689,0.3671417854463616,0.4923547400611621,0.6085626911314985,0.7321119621431043,0.1521102787831179,0.8512470891900233,0.10290005517679945,0.859089195786183,0.6168342287118571,0.5030569312663248,0.0581039755351682,19,0.1345565749235474,0.1651376146788991,0.28320051563804705,0.31943056943056947,0.022220351822237184,0.1345565749235474,0.5681818181818181,0.6481481481481481
qwen38-27b,olmo3-7b,boolq,1308,475,0.9392279016869906,0.8341062740885827,0.28872057448797483,0.1841299624728422,0.1173780487804878,0.24770642201834864,0.5730586971630758,0.26104757692550695,0.6755367410121944,0.26369116067479614,0.8548232461156507,0.47755935062324417,0.5835429503484889,0.15578947368421053,74,0.21052631578947367,0.5326315789473685,0.21462674976995672,0.4436936936936937,0.11213296398891967,0.21052631578947367,0.2599999999999999,0.7075098814229249
qwen38-27b,olmo3-7b,geometry_of_truth,2012,1000,0.9983764822134387,0.9942687747035572,0.3612122252747253,0.022741228070175423,0.09542743538767395,0.019880715705765408,0.9902826086956521,0.003986166007905134,0.996554347826087,0.0018221343873516815,0.9604455996733655,0.8275386909366523,0.8656211455987347,0.021,21,0.025,0.052,0.5683136320062224,0.8312236286919831,0.0013,0.025,0.16000000000000003,0.596153846153846
qwen38-27b,olmo3-7b,rte,111,62,0.967083607636603,0.8581303489137591,0.40421455938697326,0.007309941520467822,0.44642857142857145,0.25,0.8584595128373931,-0.0003291639236340238,0.9608294930875576,0.006254114549045342,0.7884280101136387,0.16895006586479955,0.3756903795215788,0.16129032258064516,10,0.20967741935483872,0.3870967741935484,0.4040950971038548,0.6234817813765182,0.08116545265348596,0.20967741935483872,0.23076923076923084,0.5833333333333333
qwen38-27b,olmo3-7b,truthfulqa,654,327,0.9541471443668228,0.8972495768220035,0.4319339375327689,0.37460721232979205,0.4923547400611621,0.5045871559633027,0.8157188414742494,0.08153073534775401,0.8767406409860748,0.07740650338074795,0.7720825178814417,0.3201445141484853,0.4651830645367956,0.04892966360856269,16,0.1345565749235474,0.1834862385321101,0.183520331617511,0.22063329928498474,0.02468927980248576,0.1345565749235474,0.6363636363636364,0.7333333333333334
qwen38-27b,qwen3-1.7b,boolq,1308,475,0.9392279016869906,0.8171352751626967,0.28872057448797483,0.22837342250026982,0.1173780487804878,0.22324159021406728,0.6600012636633601,0.1571340114993366,0.7899488216339166,0.149279080053074,0.8492383933355795,0.6387242925038611,0.5658358042467202,0.15578947368421053,74,0.21052631578947367,0.511578947368421,0.23597553265683457,0.4676724137931035,0.10770083102493073,0.21052631578947367,0.2599999999999999,0.6954732510288065
qwen38-27b,qwen3-1.7b,geometry_of_truth,2012,1000,0.9983764822134387,0.9934357707509882,0.3612122252747253,0.34411173291343944,0.09542743538767395,0.24652087475149106,0.9880652173913045,0.005370553359683727,0.9962391304347826,0.002137351778656038,0.9467430320016039,0.8626242725611206,0.8518981635164183,0.018,18,0.025,0.051,0.48694018901621583,0.7049525816649104,0.001275,0.025,0.28000000000000014,0.6470588235294117
qwen38-27b,qwen3-1.7b,rte,111,62,0.967083607636603,0.8772218564845293,0.40421455938697326,0.25320056899004273,0.44642857142857145,0.3392857142857143,0.8196181698485845,0.05760368663594484,0.9595128373930217,0.007570770243581215,0.8305005381102817,0.30845400754872887,0.36845339382989983,0.1774193548387097,11,0.20967741935483872,0.4838709677419355,0.3734027557491328,0.7019230769230769,0.10145681581685745,0.20967741935483872,0.15384615384615385,0.6333333333333333
qwen38-27b,qwen3-1.7b,truthfulqa,654,327,0.9541471443668228,0.8749731130002151,0.4319339375327689,0.3389193929688095,0.4923547400611621,0.43119266055045874,0.768949489848404,0.10602362315181102,0.8557734571538125,0.09837368721301032,0.7338356304881508,0.42194778601126237,0.416955007291945,0.05504587155963303,18,0.1345565749235474,0.1743119266055046,0.2440173909534457,0.28434343434343423,0.023454815812361474,0.1345565749235474,0.5909090909090908,0.6842105263157895
qwen38-27b,qwen3-32b,boolq,1308,475,0.9392279016869906,0.9175105831806406,0.28872057448797483,0.01116746986681294,0.1173780487804878,0.05963302752293578,0.8531800088456435,0.06433057433499711,0.7937928855752827,0.14543501611170784,0.700458130878681,0.6005435680536468,0.6354330130014811,0.14736842105263157,70,0.21052631578947367,0.24842105263157896,0.5396802822111891,0.6008403361344538,0.052299168975069255,0.21052631578947367,0.30000000000000004,0.4067796610169493
qwen38-27b,qwen3-32b,geometry_of_truth,2012,1000,0.9983764822134387,0.9991205533596839,0.3612122252747253,0.1296819531985801,0.09542743538767395,0.020874751491053677,0.9978745059288537,0.0012460474308301217,0.9967934782608695,0.001583003952569162,0.8754451240697537,0.8090622028419442,0.8779413625447756,0.014,14,0.025,0.016,0.6942390774092475,0.871794871794872,0.0004,0.016,0.125,0.125
qwen38-27b,qwen3-32b,rte,111,62,0.967083607636603,0.9634628044766294,0.40421455938697326,0.12364864864864855,0.44642857142857145,0.15789473684210525,0.9611586570111916,0.0023041474654377225,0.9585253456221199,0.008558262014483065,0.7047644813387057,0.3511053594757447,0.4054316464421578,0.11290322580645161,7,0.20967741935483872,0.16129032258064516,0.5282046201599929,0.620408163265306,0.033818938605619145,0.16129032258064516,0.30000000000000004,0.30000000000000004
qwen38-27b,qwen3-32b,truthfulqa,654,327,0.9541471443668228,0.9692412722460698,0.4319339375327689,0.16423754215061814,0.4923547400611621,0.22935779816513763,0.9038427367692581,0.06539853547681174,0.8808555209531558,0.07329162341366702,0.5749037302976496,0.4409024684905184,0.5038382297385355,0.04281345565749235,14,0.1345565749235474,0.12232415902140673,0.23569506467778792,0.24893992932862194,0.01645951986832384,0.12232415902140673,0.65,0.65
qwen38-27b,qwen3-8b,boolq,1308,475,0.9392279016869906,0.8986440892146333,0.28872057448797483,0.05791505791505802,0.1173780487804878,0.11297709923664122,0.8288848170847285,0.06975927212990485,0.8164175143741708,0.12281038731281979,0.6636535438356937,0.5457939697463001,0.6110979908102063,0.15157894736842106,72,0.21052631578947367,0.3368421052631579,0.4186397726676949,0.5777777777777778,0.0709141274238227,0.21052631578947367,0.2799999999999999,0.5499999999999999
qwen38-27b,qwen3-8b,geometry_of_truth,2012,1000,0.9983764822134387,0.9976422924901186,0.3612122252747253,0.3637252771136711,0.09542743538767395,0.042743538767395624,0.9955286561264822,0.002113636363636373,0.9967272727272727,0.0016492094861659812,0.895153891701492,0.8344122770907947,0.8820970860129762,0.019,19,0.025,0.024,0.770043006792799,0.7863247863247864,0.0006000000000000001,0.024,0.20833333333333337,0.20833333333333337
qwen38-27b,qwen3-8b,rte,111,62,0.967083607636603,0.9338380513495721,0.40421455938697326,0.0714285714285714,0.44642857142857145,0.25,0.9265964450296248,0.007241606319947302,0.9595128373930217,0.007570770243581215,0.7030143139132146,0.23211075150690696,0.3999554691353796,0.16129032258064516,10,0.20967741935483872,0.24193548387096775,0.6341976893663291,0.6955810147299512,0.050728407908428724,0.20967741935483872,0.23076923076923084,0.33333333333333337
qwen38-27b,qwen3-8b,truthfulqa,654,327,0.9541471443668228,0.9380804084953567,0.4319339375327689,0.3347204266321915,0.4923547400611621,0.345565749235474,0.82998999336008,0.10809041513527673,0.8769276809845785,0.07721946338224428,0.5189564870130736,0.35821476717068335,0.4907864830158605,0.05198776758409786,17,0.1345565749235474,0.14067278287461774,0.2786363589131148,0.2859107085085732,0.018928447848572415,0.1345565749235474,0.6136363636363635,0.6304347826086957
qwen38-27b,qwen3-8b-base,boolq,1308,475,0.9392279016869906,0.8936298730018324,0.28872057448797483,0.20082443197618294,0.1173780487804878,0.172782874617737,0.6374170720919947,0.25621280090983767,0.7345119100271688,0.2047159916598218,0.17980744672870616,0.5169036582698414,0.6130187666160989,0.15789473684210525,75,0.21052631578947367,0.35789473684210527,0.4223828412058927,0.610655737704918,0.07534626038781163,0.21052631578947367,0.25,0.5588235294117647
qwen38-27b,qwen3-8b-base,geometry_of_truth,2012,1000,0.9983764822134387,0.9982579051383399,0.3612122252747253,0.33702642975354036,0.09542743538767395,0.11232604373757456,0.997094861660079,0.0011630434782609056,0.996846837944664,0.0015296442687746659,0.7648056117263766,0.8520893318213807,0.8852569345974193,0.019,19,0.025,0.031,0.6735230905941123,0.752321981424149,0.0007750000000000001,0.025,0.2400000000000001,0.3870967741935484
qwen38-27b,qwen3-8b-base,rte,111,62,0.967083607636603,0.9157340355497038,0.40421455938697326,-0.09999999999999998,0.44642857142857145,0.17857142857142858,0.9384463462804477,-0.022712310730743868,0.9598420013166556,0.007241606319947302,0.522934341849082,0.25423169015721037,0.40357084503893914,0.14516129032258066,9,0.20967741935483872,0.27419354838709675,0.48275798635694045,0.576068376068376,0.057492195629552545,0.20967741935483872,0.3076923076923077,0.47058823529411753
qwen38-27b,qwen3-8b-base,truthfulqa,654,327,0.9541471443668228,0.9195073366439414,0.4319339375327689,0.3811862269270455,0.4923547400611621,0.4115853658536585,0.8512564411899485,0.06825089545399288,0.902570864779433,0.05157627958738975,0.45568426579206106,0.3922434007543638,0.5019257491219763,0.0581039755351682,19,0.1345565749235474,0.1651376146788991,0.2832005156380471,0.3194305694305696,0.022220351822237184,0.1345565749235474,0.5681818181818181,0.6481481481481481
