overseer,target,dataset,n,n_false,auroc_a,auroc_b,gate_a_edge_a,gate_a_edge_b,conf_wrong_a,conf_wrong_b,transfer_a_to_b,gap_a_to_b,transfer_b_to_a,gap_b_to_a,cka,map_r2_a_to_b,map_r2_b_to_a,fa_rate,row2_n,p_overseer,p_target,rho,rho_over_max,fa_independent,frechet_hi,coverage_strong,coverage_target
gemma4-12b,gemma4-12b-base,boolq,1308,475,0.5167094206103494,0.7079749794654704,0.0211136177194422,-0.09435368043087966,0.3516819571865443,0.1491628614916286,0.4967940860554748,0.21118089340999557,0.4950274846780817,0.021681935932267693,0.16200332926963848,0.053801230358523355,-0.01462956461364917,0.47157894736842104,224,0.5831578947368421,0.5305263157894737,0.6591867016044634,0.7334455667788998,0.30938060941828255,0.5305263157894737,0.11111111111111116,0.11111111111111116
gemma4-12b,gemma4-12b-base,geometry_of_truth,2012,1000,0.5816986166007905,0.973403162055336,0.09422152213563251,0.09643610421836235,0.4846077457795432,0.09343936381709742,0.6677677865612648,0.30563537549407116,0.5216106719367589,0.060087944664031556,0.6083397197768711,0.6737398299274755,0.5691552373791315,0.035,35,0.423,0.112,-0.07943405188079648,-0.2612293144208039,0.047376,0.112,0.6875,0.6875
gemma4-12b,gemma4-12b-base,imdb,2000,1018,0.5362377410280931,0.6802894137700616,0.0035338645418326875,0.1901937909132153,0.49201596806387227,0.4132804757185332,0.5466581172299825,0.1336312965400791,0.5032450513966525,0.03299268963144053,0.092931841820842,-0.0012267523594033936,-0.1836271415281987,0.18172888015717092,185,0.3104125736738703,0.20726915520628683,0.6259451817589018,0.821309461119888,0.06433895191079238,0.20726915520628683,0.12322274881516582,0.12322274881516582
gemma4-12b,gemma4-12b-base,rte,111,62,0.46181698485845957,0.6619486504279131,-0.09102564102564098,-0.0757575757575758,0.5535714285714286,0.375,0.4631336405529954,0.19881500987491768,0.46543778801843316,-0.0036208031599735957,0.38513556767046964,-0.1624561015589363,0.0204659738741384,0.3870967741935484,24,0.5806451612903226,0.46774193548387094,0.4691255394912003,0.5888594164456233,0.2715920915712799,0.46774193548387094,0.1724137931034483,0.1724137931034483
gemma4-12b,gemma4-12b-base,truthfulqa,654,327,0.6361043309111654,0.7253411141972711,0.1601934523809524,0.08946898705934847,0.46646341463414637,0.43902439024390244,0.6510020667919835,0.07433904740528763,0.5966108352271133,0.03949349568405203,0.2243418816606011,-0.19099889982524232,-0.16413787378792533,0.11314984709480122,37,0.44954128440366975,0.20795107033639143,0.09741818060439592,0.1718137254901961,0.09348259125213927,0.20795107033639143,0.4558823529411765,0.4558823529411765
gemma4-12b,gemma4-31b,boolq,1308,475,0.5167094206103494,0.8037884627535226,0.0211136177194422,0.14561490878590888,0.3516819571865443,0.21712538226299694,0.5004587097997094,0.30332975295381315,0.5028343969166614,0.013875023693687982,0.22632054516057964,0.18371097097691158,0.11610384187855016,0.21052631578947367,100,0.5831578947368421,0.3178947368421053,0.10951644181695584,0.18974513345374272,0.18538282548476456,0.3178947368421053,0.337748344370861,0.337748344370861
gemma4-12b,gemma4-31b,geometry_of_truth,2012,1000,0.5816986166007905,0.8609258893280631,0.09422152213563251,0.35766262315073327,0.4846077457795432,0.4393638170974155,0.6602430830039525,0.20068280632411062,0.5581116600790513,0.023586956521739144,0.637798991908479,0.7304495730301382,0.6190063851139673,0.082,82,0.423,0.153,0.09716802138487918,0.1957499348670722,0.064719,0.153,0.46405228758169936,0.46405228758169936
gemma4-12b,gemma4-31b,rte,111,62,0.46181698485845957,0.5602369980250165,-0.09102564102564098,-0.15806451612903227,0.5535714285714286,0.4107142857142857,0.46017116524028967,0.1000658327847268,0.47070441079657666,-0.008887425938117088,0.33866551027080155,-0.04298267617665874,0.10033087842792687,0.43548387096774194,27,0.5806451612903226,0.5,0.588348405414552,0.6923076923076923,0.2903225806451613,0.5,0.12903225806451613,0.12903225806451613
gemma4-12b,gemma4-31b,truthfulqa,654,327,0.6361043309111654,0.7352542341179662,0.1601934523809524,0.4097710609007932,0.46646341463414637,0.5443425076452599,0.6754856025961151,0.05976863152185108,0.5857905713136754,0.05031375959748996,0.27470499981433355,-0.08403517932539262,-0.07538100918396151,0.1559633027522936,51,0.44954128440366975,0.3058103975535168,0.08066754142840285,0.10983333333333335,0.1374743989002048,0.3058103975535168,0.49,0.49
gemma4-12b,qwen3-32b,boolq,1308,475,0.5167094206103494,0.8994528337650849,0.0211136177194422,0.00815151483196086,0.3516819571865443,0.05963302752293578,0.496389713780249,0.4030631199848359,0.5193883869337208,-0.00267896632337139,0.47799253313280965,0.013663722873370254,0.029482884673861953,0.17684210526315788,84,0.5831578947368421,0.2631578947368421,0.10768642406773422,0.21313131313131314,0.15346260387811633,0.2631578947368421,0.32799999999999996,0.32799999999999996
gemma4-12b,qwen3-32b,geometry_of_truth,2012,1000,0.5816986166007905,0.9940830039525692,0.09422152213563251,0.04581129706102549,0.4846077457795432,0.020874751491053677,0.7490059288537549,0.24507707509881427,0.6456027667984189,-0.0639041501976284,0.30086408052706,0.6746750996981339,0.6168952394401875,0.012,12,0.423,0.035,-0.030894210155774565,-0.18946301925025327,0.014805,0.035,0.6571428571428573,0.6571428571428573
gemma4-12b,qwen3-32b,imdb,2000,1018,0.5362377410280931,0.9679236072487486,0.0035338645418326875,-0.005155837944334496,0.49201596806387227,0.016966067864271458,0.474653787827256,0.4932698194214926,0.5375471652815511,-0.0013094242534580358,0.19854446188109773,-0.03360441686942206,-0.30279115426682046,0.025540275049115914,26,0.3104125736738703,0.09135559921414538,-0.021137733272212588,-0.09936028310875185,0.028357926671581473,0.09135559921414538,0.7204301075268817,0.7204301075268817
gemma4-12b,qwen3-32b,rte,111,62,0.46181698485845957,0.9265964450296248,-0.09102564102564098,0.11554054054054042,0.5535714285714286,0.15789473684210525,0.596774193548387,0.3298222514812378,0.4687294272547729,-0.006912442396313334,0.5715837344367497,-0.14082433133708827,0.08199824559329238,0.16129032258064516,10,0.5806451612903226,0.22580645161290322,0.14626332039496062,0.31868131868131877,0.13111342351716962,0.22580645161290322,0.2857142857142857,0.2857142857142857
gemma4-12b,qwen3-32b,truthfulqa,654,327,0.6361043309111654,0.8719337130245303,0.1601934523809524,0.08237167478456353,0.46646341463414637,0.22935779816513763,0.7639461698884307,0.1079875431360996,0.5093753799249969,0.12672895098616843,0.1519338740241337,-0.1814653489487692,-0.053019089979045475,0.1437308868501529,47,0.44954128440366975,0.27522935779816515,0.09003687993925327,0.13203703703703704,0.12372695901018434,0.27522935779816515,0.47777777777777786,0.47777777777777786
gemma4-12b,qwen38-27b,boolq,1308,475,0.5167094206103494,0.9197599039615847,0.0211136177194422,0.23212161128579933,0.3516819571865443,0.1173780487804878,0.4907638845011689,0.42899601946041577,0.5268490554116383,-0.010139634801288877,0.3065537675776339,0.010293349006662456,-0.02484453469589676,0.10105263157894737,48,0.5831578947368421,0.18526315789473685,-0.03646589817204683,-0.06465375779455204,0.10803767313019391,0.18526315789473685,0.4545454545454546,0.4545454545454546
gemma4-12b,qwen38-27b,geometry_of_truth,2012,1000,0.5816986166007905,0.9864713438735179,0.09422152213563251,0.3001201923076924,0.4846077457795432,0.09542743538767395,0.7637055335968379,0.22276581027667997,0.5658349802371541,0.015863636363636413,0.6365833460063448,0.7123363503507149,0.5729845232534418,0.023,23,0.423,0.057,-0.009699798097583312,-0.04607855335738881,0.024111,0.057,0.5964912280701755,0.5964912280701755
gemma4-12b,qwen38-27b,rte,111,62,0.46181698485845957,0.945029624753127,-0.09102564102564098,0.39655172413793116,0.5535714285714286,0.44642857142857145,0.6000658327847268,0.3449637919684002,0.45687952600395,0.00493745885450958,0.5158586307625909,-0.09960211175693501,0.07936265358183059,0.2903225806451613,18,0.5806451612903226,0.3064516129032258,0.4940089238791484,0.8744939271255061,0.17793964620187305,0.3064516129032258,0.05263157894736836,0.05263157894736836
gemma4-12b,qwen38-27b,truthfulqa,654,327,0.6361043309111654,0.7595787859233698,0.1601934523809524,0.2745299977529774,0.46646341463414637,0.4923547400611621,0.7029430743764554,0.05663571154691438,0.5017628519858972,0.13434147892526815,0.2307168371030806,-0.13340188845680956,-0.0690018503532186,0.19571865443425077,64,0.44954128440366975,0.3486238532110092,0.16451250209393298,0.20321637426900588,0.1567208147462335,0.3486238532110092,0.4385964912280702,0.4385964912280702
gemma4-12b-base,gemma4-12b,boolq,1308,475,0.7079749794654704,0.5167094206103494,-0.09435368043087966,0.0211136177194422,0.1491628614916286,0.3516819571865443,0.4950274846780817,0.021681935932267693,0.4967940860554748,0.21118089340999557,0.16200332926963848,-0.01462956461364917,0.053801230358523355,0.47157894736842104,224,0.5305263157894737,0.5831578947368421,0.6591867016044635,0.7334455667788999,0.30938060941828255,0.5305263157894737,0.11111111111111116,0.19133574007220222
gemma4-12b-base,gemma4-12b,geometry_of_truth,2012,1000,0.973403162055336,0.5816986166007905,0.09643610421836235,0.09422152213563251,0.09343936381709742,0.4846077457795432,0.5216106719367589,0.060087944664031556,0.6677677865612648,0.30563537549407116,0.6083397197768708,0.5691552373791315,0.6737398299274755,0.035,35,0.112,0.423,-0.07943405188079648,-0.2612293144208038,0.047376,0.112,0.6875,0.91725768321513
gemma4-12b-base,gemma4-12b,imdb,2000,1018,0.6802894137700616,0.5362377410280931,0.1901937909132153,0.0035338645418326875,0.4132804757185332,0.49201596806387227,0.5032450513966525,0.03299268963144053,0.5466581172299825,0.1336312965400791,0.09293184182084196,-0.1836271415281987,-0.0012267523594033936,0.18172888015717092,185,0.20726915520628683,0.3104125736738703,0.6259451817589017,0.8213094611198879,0.06433895191079238,0.20726915520628683,0.12322274881516582,0.41455696202531644
gemma4-12b-base,gemma4-12b,rte,111,62,0.6619486504279131,0.46181698485845957,-0.0757575757575758,-0.09102564102564098,0.375,0.5535714285714286,0.46543778801843316,-0.0036208031599735957,0.4631336405529954,0.19881500987491768,0.3851355676704697,0.0204659738741384,-0.1624561015589363,0.3870967741935484,24,0.46774193548387094,0.5806451612903226,0.4691255394912003,0.5888594164456233,0.2715920915712799,0.46774193548387094,0.1724137931034483,0.33333333333333337
gemma4-12b-base,gemma4-12b,truthfulqa,654,327,0.7253411141972711,0.6361043309111654,0.08946898705934847,0.1601934523809524,0.43902439024390244,0.46646341463414637,0.5966108352271133,0.03949349568405203,0.6510020667919835,0.07433904740528763,0.224341881660601,-0.16413787378792533,-0.19099889982524232,0.11314984709480122,37,0.20795107033639143,0.44954128440366975,0.09741818060439592,0.1718137254901961,0.09348259125213927,0.20795107033639143,0.4558823529411765,0.7482993197278911
gemma4-12b-base,gemma4-31b,boolq,1308,475,0.7079749794654704,0.8037884627535226,-0.09435368043087966,0.14561490878590888,0.1491628614916286,0.21712538226299694,0.5352701080432174,0.26851835471030516,0.4949087003222342,0.21306627914323617,0.35876567708126744,0.30021499165464893,0.35869541118384807,0.20842105263157895,99,0.5305263157894737,0.3178947368421053,0.17112914758672582,0.26647462358566215,0.1686515235457064,0.3178947368421053,0.3443708609271523,0.3443708609271523
gemma4-12b-base,gemma4-31b,geometry_of_truth,2012,1000,0.973403162055336,0.8609258893280631,0.09643610421836235,0.35766262315073327,0.09343936381709742,0.4393638170974155,0.7764723320158103,0.08445355731225279,0.954135375494071,0.019267786561264932,0.9502916459483259,0.8251563686349033,0.8280400108277589,0.007,7,0.112,0.153,-0.08928195410919333,-0.5915032679738564,0.017136,0.112,0.9375,0.9542483660130718
gemma4-12b-base,gemma4-31b,rte,111,62,0.6619486504279131,0.5602369980250165,-0.0757575757575758,-0.15806451612903227,0.375,0.4107142857142857,0.48090849242922973,0.07932850559578675,0.4845292955892034,0.1774193548387097,0.5306987738959815,0.11834198326427314,0.08054165101359345,0.3870967741935484,24,0.46774193548387094,0.5,0.614182774643474,0.6551724137931034,0.23387096774193547,0.46774193548387094,0.1724137931034483,0.22580645161290325
gemma4-12b-base,gemma4-31b,truthfulqa,654,327,0.7253411141972711,0.7352542341179662,0.08946898705934847,0.4097710609007932,0.43902439024390244,0.5443425076452599,0.7134547222923622,0.021799511825604023,0.6785250025717999,0.04681611162547117,0.5973288728415135,0.2871805930715352,0.25095563238789287,0.09174311926605505,30,0.20795107033639143,0.3058103975535168,0.1505390699586393,0.19499870432754599,0.0635935994912512,0.20795107033639143,0.5588235294117647,0.7
gemma4-12b-base,qwen3-32b,boolq,1308,475,0.7079749794654704,0.8994528337650849,-0.09435368043087966,0.00815151483196086,0.1491628614916286,0.05963302752293578,0.5979377013963479,0.30151513236873695,0.7597952865356667,-0.05182030707019636,0.11397809533106287,0.34485928568319,0.4440117633735068,0.18526315789473685,88,0.5305263157894737,0.2631578947368421,0.20772821732583593,0.36950672645739907,0.13961218836565098,0.2631578947368421,0.29599999999999993,0.29599999999999993
gemma4-12b-base,qwen3-32b,geometry_of_truth,2012,1000,0.973403162055336,0.9940830039525692,0.09643610421836235,0.04581129706102549,0.09343936381709742,0.020874751491053677,0.9892114624505929,0.004871541501976329,0.9890227272727272,-0.015619565217391274,0.23493445147050204,0.8456317513580857,0.8690725173975478,0.03,30,0.112,0.035,0.44998124605603795,0.8391248391248387,0.003920000000000001,0.035,0.14285714285714302,0.14285714285714302
gemma4-12b-base,qwen3-32b,imdb,2000,1018,0.6802894137700616,0.9679236072487486,0.1901937909132153,-0.005155837944334496,0.4132804757185332,0.016966067864271458,0.5015084887503551,0.46641511849839346,0.6020660694064877,0.07822334436357392,0.19139445258402896,0.4913432358789511,0.5814230484212448,0.023575638506876228,24,0.20726915520628683,0.09135559921414538,0.03973419706952956,0.06407642802894035,0.018935197872480033,0.09135559921414538,0.7419354838709677,0.7419354838709677
gemma4-12b-base,qwen3-32b,rte,111,62,0.6619486504279131,0.9265964450296248,-0.0757575757575758,0.11554054054054042,0.375,0.15789473684210525,0.7077024358130348,0.21889400921658997,0.6464779460171165,0.015470704410796565,0.36363980715083816,0.14823696755017535,0.19884085430018306,0.1774193548387097,11,0.46774193548387094,0.22580645161290322,0.34416640597571274,0.5974025974025973,0.10561914672216441,0.22580645161290322,0.2142857142857142,0.2142857142857142
gemma4-12b-base,qwen3-32b,truthfulqa,654,327,0.7253411141972711,0.8719337130245303,0.08946898705934847,0.08237167478456353,0.43902439024390244,0.22935779816513763,0.8201516894387865,0.0517820235857438,0.7008575783931394,0.02448353580413165,0.2387323851332835,0.2827224762008945,0.37406868003301985,0.08868501529051988,29,0.20795107033639143,0.27522935779816515,0.1735110353265543,0.20867460908413998,0.057234239542126086,0.20795107033639143,0.5735294117647058,0.6777777777777778
gemma4-12b-base,qwen38-27b,boolq,1308,475,0.7079749794654704,0.9197599039615847,-0.09435368043087966,0.23212161128579933,0.1491628614916286,0.1173780487804878,0.6576988690212927,0.262061034940292,0.6438491185948064,0.06412586087066396,0.6459575279123149,0.3693596580811016,0.4487865178768736,0.11789473684210526,56,0.5305263157894737,0.18526315789473685,0.10112664466647438,0.2254382388911538,0.0982869806094183,0.18526315789473685,0.36363636363636365,0.36363636363636365
gemma4-12b-base,qwen38-27b,geometry_of_truth,2012,1000,0.973403162055336,0.9864713438735179,0.09643610421836235,0.3001201923076924,0.09343936381709742,0.09542743538767395,0.9880365612648222,-0.00156521739130433,0.9661086956521739,0.007294466403162003,0.9195836349695583,0.8807939996579028,0.8700893517237299,0.044,44,0.112,0.057,0.514474487663279,0.7431642168484274,0.006384000000000001,0.057,0.22807017543859653,0.22807017543859653
gemma4-12b-base,qwen38-27b,rte,111,62,0.6619486504279131,0.945029624753127,-0.0757575757575758,0.39655172413793116,0.375,0.44642857142857145,0.7106649111257406,0.23436471362738642,0.6040157998683344,0.05793285055957864,0.8135440878753811,0.20121627222813165,0.19726716881564332,0.2903225806451613,18,0.46774193548387094,0.3064516129032258,0.6389714453859473,0.9011164274322168,0.14334027055150883,0.3064516129032258,0.05263157894736836,0.05263157894736836
gemma4-12b-base,qwen38-27b,truthfulqa,654,327,0.7253411141972711,0.7595787859233698,0.08946898705934847,0.2745299977529774,0.43902439024390244,0.4923547400611621,0.7573904179408766,0.0021883679824932223,0.5693591074451272,0.1559820067521439,0.7558859355724313,0.34965693197299696,0.3770032147467931,0.11314984709480122,37,0.20795107033639143,0.3486238532110092,0.21020501565008892,0.3001242750621377,0.07249670342002637,0.20795107033639143,0.4558823529411765,0.6754385964912282
gemma4-31b,qwen3-32b,boolq,1308,475,0.8037884627535226,0.8994528337650849,0.14561490878590888,0.00815151483196086,0.21712538226299694,0.05963302752293578,0.7807897896000505,0.11866304416503437,0.7741479749794654,0.029640487774057145,0.1954257951326655,0.2414141210187667,0.3041537048083829,0.15578947368421053,74,0.3178947368421053,0.2631578947368421,0.3517798746461113,0.40185185185185185,0.08365650969529086,0.2631578947368421,0.4079999999999999,0.4079999999999999
gemma4-31b,qwen3-32b,geometry_of_truth,2012,1000,0.8609258893280631,0.9940830039525692,0.35766262315073327,0.04581129706102549,0.4393638170974155,0.020874751491053677,0.9652203557312251,0.0288626482213441,0.92975790513834,-0.06883201581027687,0.27421492707243084,0.8087807914141198,0.8297757216835838,0.006,6,0.153,0.035,0.009749326506246441,0.021757463315904838,0.005355,0.035,0.8285714285714286,0.8285714285714286
gemma4-31b,qwen3-32b,rte,111,62,0.5602369980250165,0.9265964450296248,-0.15806451612903227,0.11554054054054042,0.4107142857142857,0.15789473684210525,0.6678736010533246,0.2587228439763002,0.5661619486504279,-0.005924950625411429,0.33064398490817887,0.06389865570468622,0.15110428198856674,0.1935483870967742,12,0.5,0.22580645161290322,0.3857583749052298,0.7142857142857143,0.11290322580645161,0.22580645161290322,0.1428571428571429,0.1428571428571429
gemma4-31b,qwen3-32b,truthfulqa,654,327,0.7352542341179662,0.8719337130245303,0.4097710609007932,0.08237167478456353,0.5443425076452599,0.22935779816513763,0.7776000897791993,0.09433362324533101,0.7491326020069392,-0.013878367888973009,0.3120714743335453,0.1779914614090492,0.29847915533710045,0.11009174311926606,36,0.3058103975535168,0.27522935779816515,0.12597514578563873,0.1356828193832599,0.084167999326656,0.27522935779816515,0.6,0.6
llama-8b,gemma4-12b,boolq,1308,475,0.8038718645352878,0.5167094206103494,0.005898392652124107,0.0211136177194422,0.13302752293577982,0.3516819571865443,0.49747140961647807,0.019238010993871346,0.46817211094964295,0.33569975358564486,0.4369072734699212,0.007591494074248972,0.07095927244191369,0.15578947368421053,74,0.28421052631578947,0.5831578947368421,-0.044744279882378564,-0.060034764005883146,0.16573961218836564,0.28421052631578947,0.45185185185185184,0.7328519855595668
llama-8b,gemma4-12b,geometry_of_truth,2012,1000,0.9624298418972332,0.5816986166007905,-0.003726636142166506,0.09422152213563251,0.006958250497017893,0.4846077457795432,0.5619604743083004,0.019738142292490046,0.7392292490118577,0.22320059288537553,0.5511235443989146,0.5744353699738874,0.6573831209580125,0.057,57,0.14,0.423,-0.012950354018953898,-0.0374873353596758,0.05922,0.14,0.5928571428571429,0.8652482269503546
llama-8b,gemma4-12b,imdb,2000,1018,0.9614345047795486,0.5362377410280931,0.002498296615943696,0.0035338645418326875,0.019,0.49201596806387227,0.5064730972835199,0.029764643744573216,0.6826991945390306,0.278735310240518,0.13825013386850823,-0.1420018474143634,0.01843176570007965,0.03339882121807466,34,0.10805500982318271,0.3104125736738703,-0.000994283771902765,-0.004257767548906796,0.03354163369756948,0.10805500982318271,0.6909090909090909,0.8924050632911392
llama-8b,gemma4-12b,rte,111,62,0.7373271889400922,0.46181698485845957,-0.044795783926218746,-0.09102564102564098,0.21428571428571427,0.5535714285714286,0.48222514812376566,-0.02040816326530609,0.46445029624753126,0.27287689269256094,0.5931994656032369,-0.01083557568113891,-0.1495036410712065,0.3387096774193548,21,0.45161290322580644,0.5806451612903226,0.3114518621608145,0.4038461538461541,0.26222684703433924,0.45161290322580644,0.25,0.41666666666666674
llama-8b,gemma4-12b,truthfulqa,654,327,0.8372939053016487,0.6361043309111654,0.17202204641745722,0.1601934523809524,0.3780487804878049,0.46646341463414637,0.5971438992228488,0.03896043168831653,0.7702681218378551,0.06702578346379362,0.194374103820744,-0.18659422671899883,-0.18567161610292082,0.13149847094801223,43,0.2324159021406728,0.44954128440366975,0.12859052369959292,0.21118421052631584,0.10448054316415566,0.2324159021406728,0.4342105263157895,0.7074829931972789
llama-8b,gemma4-12b-base,boolq,1308,475,0.8038718645352878,0.7079749794654704,0.005898392652124107,-0.09435368043087966,0.13302752293577982,0.1491628614916286,0.5648651039363113,0.1431098755291591,0.538671889808555,0.26519997472673285,0.6370534627808622,0.612041485619093,0.6375805383956716,0.1705263157894737,81,0.28421052631578947,0.5305263157894737,0.08771798841287322,0.147982062780269,0.15078116343490305,0.28421052631578947,0.3999999999999999,0.6785714285714286
llama-8b,gemma4-12b-base,geometry_of_truth,2012,1000,0.9624298418972332,0.973403162055336,-0.003726636142166506,0.09643610421836235,0.006958250497017893,0.09343936381709742,0.9406788537549406,0.0327243083003953,0.9845039525691699,-0.022074110671936653,0.693787068411997,0.8914883083353742,0.8858689258512659,0.097,97,0.14,0.112,0.7431365677278416,0.8442691029900331,0.015680000000000003,0.112,0.1339285714285714,0.1339285714285714
llama-8b,gemma4-12b-base,imdb,2000,1018,0.9614345047795486,0.6802894137700616,0.002498296615943696,0.1901937909132153,0.019,0.4132804757185332,0.5843573317754952,0.09593208199456638,0.7448323256735182,0.2166021791060304,0.8578185029303688,0.7312708602679057,0.7594508550409315,0.02848722986247544,29,0.10805500982318271,0.20726915520628683,0.04840048665067187,0.0711051030753633,0.022396470601858107,0.10805500982318271,0.7363636363636363,0.8625592417061612
llama-8b,gemma4-12b-base,rte,111,62,0.7373271889400922,0.6619486504279131,-0.044795783926218746,-0.0757575757575758,0.21428571428571427,0.375,0.5516787360105333,0.11026991441737977,0.5230414746543779,0.2142857142857143,0.729165010019453,0.2531354285933922,0.306052353099997,0.3709677419354839,23,0.45161290322580644,0.46774193548387094,0.6432709335258339,0.6645021645021644,0.21123829344432882,0.45161290322580644,0.1785714285714285,0.2068965517241379
llama-8b,gemma4-12b-base,truthfulqa,654,327,0.8372939053016487,0.7253411141972711,0.17202204641745722,0.08946898705934847,0.3780487804878049,0.43902439024390244,0.727473370180213,-0.0021322559829418664,0.7939380336484957,0.04335587165315302,0.45475114446156045,0.448542835595822,0.5010849006709825,0.07951070336391437,26,0.2324159021406728,0.20795107033639143,0.18189367610575735,0.19533630185141787,0.048331135613350916,0.20795107033639143,0.6176470588235294,0.6176470588235294
llama-8b,gemma4-31b,boolq,1308,475,0.8038718645352878,0.8037884627535226,0.005898392652124107,0.14561490878590888,0.13302752293577982,0.21712538226299694,0.602641056422569,0.20114740633095352,0.5292828710431541,0.2745889934921337,0.36972096151676515,0.3162802215449406,0.40110364850507685,0.12842105263157894,61,0.28421052631578947,0.3178947368421053,0.18126996141807408,0.1963877457704618,0.09034903047091414,0.28421052631578947,0.5481481481481482,0.5960264900662252
llama-8b,gemma4-31b,geometry_of_truth,2012,1000,0.9624298418972332,0.8609258893280631,-0.003726636142166506,0.35766262315073327,0.006958250497017893,0.4393638170974155,0.8255286561264822,0.03539723320158095,0.9661225296442688,-0.0036926877470355723,0.7308281617189862,0.8311408671572642,0.8270742941718244,0.014,14,0.14,0.153,-0.059402297328986955,-0.34640522875817,0.02142,0.14,0.9,0.9084967320261438
llama-8b,gemma4-31b,rte,111,62,0.7373271889400922,0.5602369980250165,-0.044795783926218746,-0.15806451612903227,0.21428571428571427,0.4107142857142857,0.5204081632653061,0.03982883475971033,0.5062541145490453,0.23107307439104685,0.5008798939115244,0.0904316070653769,0.11482972831721272,0.3387096774193548,21,0.45161290322580644,0.5,0.45374260648651504,0.49999999999999994,0.22580645161290322,0.45161290322580644,0.25,0.32258064516129037
llama-8b,gemma4-31b,truthfulqa,654,327,0.8372939053016487,0.7352542341179662,0.17202204641745722,0.4097710609007932,0.3780487804878049,0.5443425076452599,0.7266878021864975,0.008566431931468665,0.7165969942672241,0.12069691103442459,0.4624349581649329,0.2781976952436037,0.30022286607208426,0.10703363914373089,35,0.2324159021406728,0.3058103975535168,0.18477353119372472,0.22287271041038723,0.0710751994313984,0.2324159021406728,0.5394736842105263,0.6499999999999999
llama-8b,qwen3-32b,boolq,1308,475,0.8038718645352878,0.8994528337650849,0.005898392652124107,0.00815151483196086,0.13302752293577982,0.05963302752293578,0.8346622859670184,0.06479054779806648,0.7798698426739116,0.024002021861376233,0.6563055519654777,0.35264638615568455,0.4706146350914686,0.14526315789473684,69,0.28421052631578947,0.2631578947368421,0.3548148213124265,0.3741176470588235,0.07479224376731301,0.2631578947368421,0.44799999999999995,0.44799999999999995
llama-8b,qwen3-32b,geometry_of_truth,2012,1000,0.9624298418972332,0.9940830039525692,-0.003726636142166506,0.04581129706102549,0.006958250497017893,0.020874751491053677,0.9771363636363637,0.01694664031620552,0.9946798418972332,-0.03225,0.8400632582804852,0.8589931692433554,0.8747991232038262,0.034,34,0.14,0.035,0.45633320016559026,0.9667774086378734,0.004900000000000001,0.035,0.02857142857142858,0.02857142857142858
llama-8b,qwen3-32b,imdb,2000,1018,0.9614345047795486,0.9679236072487486,0.002498296615943696,-0.005155837944334496,0.019,0.016966067864271458,0.9594718688855189,0.008451738363229655,0.9614375057518636,-3.0009723149815315e-06,0.4697954576914892,0.5039690746066349,0.6225564702200672,0.06581532416502947,67,0.10805500982318271,0.09135559921414538,0.6254558239553318,0.6865615082184643,0.009871430170487222,0.09135559921414538,0.27956989247311825,0.27956989247311825
llama-8b,qwen3-32b,rte,111,62,0.7373271889400922,0.9265964450296248,-0.044795783926218746,0.11554054054054042,0.21428571428571427,0.15789473684210525,0.8834759710335747,0.043120473996050124,0.7159315339038842,0.021395655036207994,0.8591769309124118,0.12551163849843872,0.22943391076569142,0.1935483870967742,12,0.45161290322580644,0.22580645161290322,0.4400880264088032,0.7394957983193278,0.1019771071800208,0.22580645161290322,0.1428571428571429,0.1428571428571429
llama-8b,qwen3-32b,truthfulqa,654,327,0.8372939053016487,0.8719337130245303,0.17202204641745722,0.08237167478456353,0.3780487804878049,0.22935779816513763,0.8825014729399882,-0.010567759915457886,0.7975479056196167,0.03974599968203196,0.9470457675197045,0.28760177174245694,0.420450177192082,0.1651376146788991,54,0.2324159021406728,0.27522935779816515,0.5363001179768283,0.600599600266489,0.06396767948825857,0.2324159021406728,0.2894736842105263,0.4
llama-8b,qwen3-8b,boolq,1308,475,0.8038718645352878,0.8764010867504898,0.005898392652124107,0.03653998232311484,0.13302752293577982,0.11297709923664122,0.7890238200543376,0.0873772666961522,0.7742617046818726,0.029610159853415197,0.7900520986322006,0.5879384011840003,0.5771083353335658,0.15578947368421053,74,0.28421052631578947,0.28421052631578947,0.36873638344226584,0.36873638344226584,0.08077562326869805,0.28421052631578947,0.45185185185185184,0.45185185185185184
llama-8b,qwen3-8b,geometry_of_truth,2012,1000,0.9624298418972332,0.991548418972332,-0.003726636142166506,0.2845637421816515,0.006958250497017893,0.042743538767395624,0.9719160079051384,0.0196324110671936,0.9950266798418972,-0.03259683794466395,0.9121610500373086,0.8835943458116675,0.8958372977843295,0.038,38,0.14,0.041,0.4688672380904005,0.9149177538287011,0.005740000000000001,0.041,0.07317073170731714,0.07317073170731714
llama-8b,qwen3-8b,imdb,2000,1018,0.9614345047795486,0.9642264093566316,0.002498296615943696,-0.03160827762420304,0.019,0.101,0.9465606856621545,0.017665723694477165,0.9621437345700007,-0.0007092297904520706,0.7991377495402918,0.6844851293853451,0.702121504439289,0.06777996070726916,69,0.10805500982318271,0.10903732809430255,0.5787128669671967,0.5816578129698308,0.011782029558323458,0.10805500982318271,0.3727272727272727,0.3783783783783783
llama-8b,qwen3-8b,rte,111,62,0.7373271889400922,0.890717577353522,-0.044795783926218746,-0.005102040816326592,0.21428571428571427,0.25,0.8179723502304147,0.07274522712310727,0.6461487820934826,0.0911784068466096,0.870100118738942,0.22844928820842447,0.27792441554758185,0.22580645161290322,14,0.45161290322580644,0.25806451612903225,0.5017552311839513,0.7720588235294118,0.1165452653485952,0.25806451612903225,0.125,0.125
llama-8b,qwen3-8b,truthfulqa,654,327,0.8372939053016487,0.8019714015842287,0.17202204641745722,0.13299935358758908,0.3780487804878049,0.345565749235474,0.8311402893508777,-0.029168887766648943,0.7674064098607487,0.0698874954409,0.9591003772866833,0.4340223481998601,0.4765173831302466,0.1743119266055046,57,0.2324159021406728,0.3516819571865443,0.4590191630141639,0.61438679245283,0.08173647934610816,0.2324159021406728,0.25,0.5043478260869565
llama-8b,qwen3-8b-base,boolq,1308,475,0.8038718645352878,0.8175927212990459,0.005898392652124107,0.1015817970654147,0.13302752293577982,0.172782874617737,0.6469754217476464,0.17061729955139948,0.6367523851645922,0.1671194793706956,0.7184388163461487,0.5653382808998463,0.5777578339997269,0.13263157894736843,63,0.28421052631578947,0.23789473684210527,0.33855580445366795,0.3818323789692868,0.06761218836565097,0.23789473684210527,0.4424778761061946,0.4424778761061946
llama-8b,qwen3-8b-base,geometry_of_truth,2012,1000,0.9624298418972332,0.978013833992095,-0.003726636142166506,0.1879416107582078,0.006958250497017893,0.11232604373757456,0.9698399209486165,0.008173913043478476,0.9688389328063243,-0.006409090909091031,0.9350105129805812,0.8828709839384864,0.8976810694668679,0.089,89,0.14,0.109,0.6819268472487519,0.7866439086835931,0.015260000000000001,0.109,0.1834862385321101,0.1834862385321101
llama-8b,qwen3-8b-base,imdb,2000,1018,0.9614345047795486,0.9544712486845738,0.002498296615943696,-0.04119972436804109,0.019,0.091,0.8789137680608516,0.07555748062372214,0.8076666840056178,0.1537678207739308,0.9053257988005082,0.7049784522833493,0.7231999589468963,0.06777996070726916,69,0.10805500982318271,0.10609037328094302,0.5890583621383986,0.5951419481155166,0.011463596327017418,0.10609037328094302,0.36111111111111105,0.36111111111111105
llama-8b,qwen3-8b-base,rte,111,62,0.7373271889400922,0.9078341013824885,-0.044795783926218746,-0.08913043478260885,0.21428571428571427,0.17857142857142858,0.7913100724160632,0.11652402896642533,0.673140223831468,0.0641869651086242,0.9307400520985505,0.23294455575491357,0.2787263831113589,0.3064516129032258,19,0.45161290322580644,0.3548387096774194,0.6140115000801781,0.751336898395722,0.16024973985431842,0.3548387096774194,0.13636363636363635,0.13636363636363635
llama-8b,qwen3-8b-base,truthfulqa,654,327,0.8372939053016487,0.7682480898540153,0.17202204641745722,0.21456414567967286,0.3780487804878049,0.4115853658536585,0.7995305296037558,-0.03128243974974054,0.8094717055242263,0.027822199777422396,0.9352974851095079,0.41498858817205864,0.4715845770350954,0.11314984709480122,37,0.2324159021406728,0.2782874617737003,0.25607126936498104,0.2889719000892061,0.06467843148257255,0.2324159021406728,0.5131578947368421,0.5934065934065934
llama-8b,qwen38-27b,boolq,1308,475,0.8038718645352878,0.9197599039615847,0.005898392652124107,0.23212161128579933,0.13302752293577982,0.1173780487804878,0.8715006002400961,0.04825930372148857,0.7571365388260567,0.04673532570923111,0.7194276833170263,0.36337133202140137,0.4652665057403441,0.12,57,0.28421052631578947,0.18526315789473685,0.3843240329457624,0.5078542780748662,0.05265373961218837,0.18526315789473685,0.3522727272727273,0.3522727272727273
llama-8b,qwen38-27b,geometry_of_truth,2012,1000,0.9624298418972332,0.9864713438735179,-0.003726636142166506,0.3001201923076924,0.006958250497017893,0.09542743538767395,0.973796442687747,0.01267490118577086,0.9807203557312252,-0.01829051383399194,0.8402299547406259,0.8903691259232129,0.8687461481224766,0.055,55,0.14,0.057,0.5844886836060085,0.9592003263973891,0.007980000000000001,0.057,0.03508771929824561,0.03508771929824561
llama-8b,qwen38-27b,rte,111,62,0.7373271889400922,0.945029624753127,-0.044795783926218746,0.39655172413793116,0.21428571428571427,0.44642857142857145,0.8749177090190915,0.07011191573403552,0.6612903225806452,0.07603686635944695,0.8780604654679152,0.17989026915197615,0.2297461282358365,0.27419354838709675,17,0.45161290322580644,0.3064516129032258,0.5918899971771963,0.8080495356037151,0.1383975026014568,0.3064516129032258,0.10526315789473695,0.10526315789473695
llama-8b,qwen38-27b,truthfulqa,654,327,0.8372939053016487,0.7595787859233698,0.17202204641745722,0.2745299977529774,0.3780487804878049,0.4923547400611621,0.8450467132396263,-0.08546792731625652,0.644979378840165,0.19231452646148373,0.6879335669247933,0.35171763751022356,0.42639779492826757,0.1743119266055046,57,0.2324159021406728,0.3486238532110092,0.4634757544732721,0.6161971830985916,0.08102572735179418,0.2324159021406728,0.25,0.5
olmo3-7b,gemma4-12b,boolq,1308,475,0.6985379414923865,0.5167094206103494,0.05257505431562304,0.0211136177194422,0.24770642201834864,0.3516819571865443,0.4990813167372213,0.01762810387312813,0.4916636128135464,0.20687432867884004,0.26339951755104435,0.016843429925909037,0.02954179208378238,0.4463157894736842,212,0.5242105263157895,0.5831578947368421,0.5710874755503133,0.6435235893067217,0.30569750692520775,0.5242105263157895,0.14859437751004012,0.23465703971119134
olmo3-7b,gemma4-12b,geometry_of_truth,2012,1000,0.9556264822134386,0.5816986166007905,0.00244218500797444,0.09422152213563251,0.019880715705765408,0.4846077457795432,0.5566926877470355,0.025005928853754966,0.7064624505928854,0.24916403162055323,0.6480667673834142,0.6088627185179308,0.6463338887616313,0.091,91,0.242,0.423,-0.05371644656679038,-0.11103296016255398,0.102366,0.242,0.6239669421487604,0.7848699763593381
olmo3-7b,gemma4-12b,imdb,2000,1018,0.9565659273604649,0.5362377410280931,0.0890015768348622,0.0035338645418326875,0.128,0.49201596806387227,0.5058969105990341,0.030340830429058996,0.5831889532208436,0.37337697413962123,0.09705438602009264,-0.18452314924072577,-0.03847712005218895,0.0412573673870334,42,0.12671905697445973,0.3104125736738703,0.012489110297110315,0.021996952229510376,0.03933518860896785,0.12671905697445973,0.6744186046511628,0.8670886075949367
olmo3-7b,gemma4-12b,rte,111,62,0.815009874917709,0.46181698485845957,0.02631578947368407,-0.09102564102564098,0.25,0.5535714285714286,0.46576695194206713,-0.003949967083607564,0.5391705069124424,0.27583936800526665,0.4380801200352106,0.06533477030800872,-0.17304454249099477,0.2903225806451613,18,0.3709677419354839,0.5806451612903226,0.31431010366476875,0.4816053511705687,0.2154006243496358,0.3709677419354839,0.21739130434782605,0.5
olmo3-7b,gemma4-12b,truthfulqa,654,327,0.7783108417735133,0.6361043309111654,0.2391141702828073,0.1601934523809524,0.5045871559633027,0.46646341463414637,0.5767939473856484,0.059310383525516985,0.6909538104723695,0.0873570313011438,0.2587722309635908,-0.08034099891677204,-0.21905239185816328,0.14067278287461774,46,0.21100917431192662,0.44954128440366975,0.22572419931720705,0.39444444444444443,0.09485733524114133,0.21100917431192662,0.33333333333333337,0.6870748299319729
olmo3-7b,gemma4-12b-base,boolq,1308,475,0.6985379414923865,0.7079749794654704,0.05257505431562304,-0.09435368043087966,0.24770642201834864,0.1491628614916286,0.5028975800846655,0.20507739938080494,0.4985126682251848,0.20002527326720165,0.6712041736823896,0.5516112674572575,0.5205792441207715,0.42526315789473684,202,0.5242105263157895,0.5305263157894737,0.5904153638222794,0.5979433428782394,0.27810747922437673,0.5242105263157895,0.1887550200803213,0.19841269841269848
olmo3-7b,gemma4-12b-base,geometry_of_truth,2012,1000,0.9556264822134386,0.973403162055336,0.00244218500797444,0.09643610421836235,0.019880715705765408,0.09343936381709742,0.9452391304347826,0.028164031620553365,0.9611808300395257,-0.005554347826087103,0.9267595206082782,0.8710947188868037,0.8405009232461287,0.091,91,0.242,0.112,0.4730596339438269,0.7526385224274404,0.027104,0.112,0.1875,0.1875
olmo3-7b,gemma4-12b-base,imdb,2000,1018,0.9565659273604649,0.6802894137700616,0.0890015768348622,0.1901937909132153,0.128,0.4132804757185332,0.5800039212704916,0.10028549249956997,0.6364031946350617,0.3201627327254032,0.8596726806555247,0.6405671501886292,0.5913078795414943,0.03831041257367387,39,0.12671905697445973,0.20726915520628683,0.08932956926148367,0.11991008904642515,0.026264951887633597,0.12671905697445973,0.6976744186046512,0.8151658767772512
olmo3-7b,gemma4-12b-base,rte,111,62,0.815009874917709,0.6619486504279131,0.02631578947368407,-0.0757575757575758,0.25,0.375,0.5401579986833442,0.12179065174456882,0.6046741277156024,0.21033574720210668,0.8037412103600803,0.22482669748414674,0.17282024116780292,0.2903225806451613,18,0.3709677419354839,0.46774193548387094,0.48461198507482395,0.5915678524374176,0.1735171696149844,0.3709677419354839,0.21739130434782605,0.3793103448275861
olmo3-7b,gemma4-12b-base,truthfulqa,654,327,0.7783108417735133,0.7253411141972711,0.2391141702828073,0.08946898705934847,0.5045871559633027,0.43902439024390244,0.6853426105172592,0.0399985036800119,0.7130712902954296,0.06523955147808369,0.7477505413437369,0.402085345675269,0.323010279960689,0.0764525993883792,25,0.21100917431192662,0.20795107033639143,0.1967047003513375,0.19852941176470587,0.043879583648963334,0.20795107033639143,0.6323529411764706,0.6323529411764706
olmo3-7b,gemma4-31b,boolq,1308,475,0.6985379414923865,0.8037884627535226,0.05257505431562304,0.14561490878590888,0.24770642201834864,0.21712538226299694,0.5321134769697353,0.27167498578378724,0.4944563088393252,0.20408163265306128,0.36669306997891693,0.29774812976011633,0.3246150906473514,0.20842105263157895,99,0.5242105263157895,0.3178947368421053,0.179643936687415,0.27621168610443647,0.1666437673130194,0.3178947368421053,0.3443708609271523,0.3443708609271523
olmo3-7b,gemma4-31b,geometry_of_truth,2012,1000,0.9556264822134386,0.8609258893280631,0.00244218500797444,0.35766262315073327,0.019880715705765408,0.4393638170974155,0.8012243083003951,0.05970158102766798,0.9356225296442688,0.02000395256916976,0.9655294050688236,0.8338054607997959,0.8036817485827814,0.03,30,0.242,0.153,-0.04556993814379538,-0.18975854804731818,0.037025999999999996,0.153,0.803921568627451,0.803921568627451
olmo3-7b,gemma4-31b,rte,111,62,0.815009874917709,0.5602369980250165,0.02631578947368407,-0.15806451612903227,0.25,0.4107142857142857,0.5026333113890717,0.05760368663594473,0.5822909809084924,0.23271889400921664,0.4959384844649292,0.11139145657447391,0.0402567856349233,0.2903225806451613,18,0.3709677419354839,0.5,0.43405736614121554,0.5652173913043478,0.18548387096774194,0.3709677419354839,0.21739130434782605,0.4193548387096774
olmo3-7b,gemma4-31b,truthfulqa,654,327,0.7783108417735133,0.7352542341179662,0.2391141702828073,0.4097710609007932,0.5045871559633027,0.5443425076452599,0.7221146742230826,0.013139559894883579,0.7139784342881725,0.06433240748534075,0.642584584775433,0.2916097101517212,0.18310967875242223,0.15902140672782875,52,0.21100917431192662,0.3058103975535168,0.5026272272875197,0.6450871480559277,0.0645287994837696,0.21100917431192662,0.246376811594203,0.48
olmo3-7b,llama-8b,boolq,1308,475,0.6985379414923865,0.8038718645352878,0.05257505431562304,0.005898392652124107,0.24770642201834864,0.13302752293577982,0.5371782397169395,0.26669362481834835,0.5638870284956088,0.13465091299677767,0.7397503075350446,0.6125602206663476,0.5579866047868196,0.17473684210526316,83,0.5242105263157895,0.28421052631578947,0.11431833657764037,0.1904293674205178,0.14898614958448753,0.28421052631578947,0.3851851851851852,0.3851851851851852
olmo3-7b,llama-8b,geometry_of_truth,2012,1000,0.9556264822134386,0.9624298418972332,0.00244218500797444,-0.003726636142166506,0.019880715705765408,0.006958250497017893,0.9738300395256917,-0.011400197628458453,0.9363932806324111,0.01923320158102748,0.7859281017829859,0.89005524646761,0.8665468003787096,0.124,124,0.242,0.14,0.6064090217056102,0.8492272898605349,0.03388,0.14,0.11428571428571432,0.11428571428571432
olmo3-7b,llama-8b,imdb,2000,1018,0.9565659273604649,0.9614345047795486,0.0890015768348622,0.002498296615943696,0.128,0.019,0.911982482324273,0.04945202245527558,0.8659755760866521,0.09059035127381276,0.8772267511245753,0.6914202084512653,0.6140135800912749,0.07072691552062868,72,0.12671905697445973,0.10805500982318271,0.552263787441826,0.60441762961448,0.013692628946159696,0.10805500982318271,0.34545454545454546,0.34545454545454546
olmo3-7b,llama-8b,rte,111,62,0.815009874917709,0.7373271889400922,0.02631578947368407,-0.044795783926218746,0.25,0.21428571428571427,0.5957867017774852,0.14154048716260703,0.716589861751152,0.09842001316655702,0.6943722257672962,0.2797547794676173,0.16898802598474238,0.27419354838709675,17,0.3709677419354839,0.45161290322580644,0.4436792938341241,0.5242966751918159,0.1675338189386056,0.3709677419354839,0.26086956521739135,0.3928571428571429
olmo3-7b,llama-8b,truthfulqa,654,327,0.7783108417735133,0.8372939053016487,0.2391141702828073,0.17202204641745722,0.5045871559633027,0.3780487804878049,0.7579234819366122,0.07937042336503652,0.8139887214880902,-0.03567787971457692,0.5117380046489791,0.4697841223765439,0.33638705087971954,0.10397553516819572,34,0.21100917431192662,0.2324159021406728,0.31875417877600454,0.33916507881517405,0.049041887607664904,0.21100917431192662,0.5072463768115942,0.5526315789473684
olmo3-7b,qwen3-32b,boolq,1308,475,0.6985379414923865,0.8994528337650849,0.05257505431562304,0.00815151483196086,0.24770642201834864,0.05963302752293578,0.6750009477475201,0.22445188601756483,0.6484640171858216,0.050073924306564876,0.24463302708382403,0.34424890256330953,0.40089787404179444,0.18736842105263157,89,0.5242105263157895,0.2631578947368421,0.22471493920821206,0.3946902654867256,0.1379501385041551,0.2631578947368421,0.28800000000000003,0.28800000000000003
olmo3-7b,qwen3-32b,geometry_of_truth,2012,1000,0.9556264822134386,0.9940830039525692,0.00244218500797444,0.04581129706102549,0.019880715705765408,0.020874751491053677,0.9776304347826088,0.016452569169960407,0.986798418972332,-0.031171936758893404,0.3517610617646032,0.8521279271933597,0.8422027220681834,0.034,34,0.242,0.035,0.32434772055563427,0.9623068224651333,0.00847,0.035,0.02857142857142858,0.02857142857142858
olmo3-7b,qwen3-32b,imdb,2000,1018,0.9565659273604649,0.9679236072487486,0.0890015768348622,-0.005155837944334496,0.128,0.016966067864271458,0.9608022999451822,0.007121307303566415,0.9432286060683662,0.013337321292098636,0.20629432570316397,0.4433754762348736,0.47121270928515846,0.0756385068762279,77,0.12671905697445973,0.09135559921414538,0.6684024771488765,0.8029923678894978,0.011576495381753198,0.09135559921414538,0.17204301075268802,0.17204301075268802
olmo3-7b,qwen3-32b,rte,111,62,0.815009874917709,0.9265964450296248,0.02631578947368407,0.11554054054054042,0.25,0.15789473684210525,0.8854509545753786,0.0411454904542462,0.814022383146807,0.0009874917709020714,0.3629918623194205,0.14693034860704202,0.14810909656006266,0.1935483870967742,12,0.3709677419354839,0.22580645161290322,0.5435401037171846,0.7728937728937728,0.0837669094693028,0.22580645161290322,0.1428571428571429,0.1428571428571429
olmo3-7b,qwen3-32b,truthfulqa,654,327,0.7783108417735133,0.8719337130245303,0.2391141702828073,0.08237167478456353,0.5045871559633027,0.22935779816513763,0.8024577055803382,0.06947600744419202,0.7802186497582508,-0.0019078079847375529,0.3033932108026909,0.29983588997837207,0.3042225590340487,0.11314984709480122,37,0.21100917431192662,0.27522935779816515,0.30221201619318055,0.3601174096496055,0.05807591953539265,0.21100917431192662,0.46376811594202905,0.5888888888888889
olmo3-7b,qwen3-8b,boolq,1308,475,0.6985379414923865,0.8764010867504898,0.05257505431562304,0.03653998232311484,0.24770642201834864,0.11297709923664122,0.5444190307702028,0.33198205598028696,0.6688595438175269,0.02967839767485958,0.4712246441385148,0.5677269911377316,0.5013059767906393,0.19789473684210526,94,0.5242105263157895,0.28421052631578947,0.21712613496286776,0.3616846935431005,0.14898614958448753,0.28421052631578947,0.3037037037037037,0.3037037037037037
olmo3-7b,qwen3-8b,geometry_of_truth,2012,1000,0.9556264822134386,0.991548418972332,0.00244218500797444,0.2845637421816515,0.019880715705765408,0.042743538767395624,0.9780869565217393,0.013461462450592765,0.987707509881423,-0.032081027667984374,0.49077045427474275,0.8727064448736002,0.8613141026571833,0.041,41,0.242,0.041,0.3659397142371976,1.0,0.009922,0.041,0.0,0.0
olmo3-7b,qwen3-8b,imdb,2000,1018,0.9565659273604649,0.9642264093566316,0.0890015768348622,-0.03160827762420304,0.128,0.101,0.9519804416630988,0.012245967693532811,0.9501568508196656,0.006409076540799252,0.5958028723394091,0.6250937099541289,0.5617212168766135,0.08447937131630648,86,0.12671905697445973,0.10903732809430255,0.6815100035054319,0.7420930491796633,0.013817107391124784,0.10903732809430255,0.22522522522522526,0.22522522522522526
olmo3-7b,qwen3-8b,rte,111,62,0.815009874917709,0.890717577353522,0.02631578947368407,-0.005102040816326592,0.25,0.25,0.8196181698485846,0.07109940750493737,0.7567478604344964,0.058262014483212665,0.4354425430174503,0.23012658026431942,0.17401989320778533,0.22580645161290322,14,0.3709677419354839,0.25806451612903225,0.6153679533394542,0.8012820512820512,0.09573361082206035,0.25806451612903225,0.125,0.125
olmo3-7b,qwen3-8b,truthfulqa,654,327,0.7783108417735133,0.8019714015842287,0.2391141702828073,0.13299935358758908,0.5045871559633027,0.345565749235474,0.7776842577785259,0.02428714380570285,0.7024100103807199,0.07590083139279336,0.352345066908936,0.41679084271330347,0.33296376558088203,0.14984709480122324,49,0.21100917431192662,0.3516819571865443,0.38823071663584946,0.5529122231337159,0.07420811940633505,0.21100917431192662,0.2898550724637682,0.5739130434782609
olmo3-7b,qwen3-8b-base,boolq,1308,475,0.6985379414923865,0.8175927212990459,0.05257505431562304,0.1015817970654147,0.24770642201834864,0.172782874617737,0.5150641309155242,0.30252859038352176,0.5379086371390661,0.16062930435332035,0.492752733160784,0.5479222707155356,0.5009723145241378,0.1368421052631579,65,0.5242105263157895,0.23789473684210527,0.05706713157091711,0.10721278095387277,0.12470692520775624,0.23789473684210527,0.4247787610619469,0.4247787610619469
olmo3-7b,qwen3-8b-base,geometry_of_truth,2012,1000,0.9556264822134386,0.978013833992095,0.00244218500797444,0.1879416107582078,0.019880715705765408,0.11232604373757456,0.9768132411067193,0.001200592885375662,0.9475316205533597,0.00809486166007889,0.5493998276541466,0.8714163549636699,0.8625807136133761,0.098,98,0.242,0.109,0.5366017163522953,0.8668635472392341,0.026378,0.109,0.1009174311926605,0.1009174311926605
olmo3-7b,qwen3-8b-base,imdb,2000,1018,0.9565659273604649,0.9544712486845738,0.0890015768348622,-0.04119972436804109,0.128,0.091,0.9093406263629417,0.04513062232163212,0.7545784834286309,0.201987443931834,0.7763290977876711,0.6478962236394996,0.5869846908389186,0.07662082514734773,78,0.12671905697445973,0.10609037328094302,0.6167047566505084,0.6819147606549185,0.01344367205622952,0.10609037328094302,0.2777777777777778,0.2777777777777778
olmo3-7b,qwen3-8b-base,rte,111,62,0.815009874917709,0.9078341013824885,0.02631578947368407,-0.08913043478260885,0.25,0.17857142857142858,0.7903225806451614,0.11751152073732718,0.7788018433179723,0.036208031599736734,0.5228920735193484,0.24131893064512444,0.17826183924662398,0.27419354838709675,17,0.3709677419354839,0.3548387096774194,0.6167980625821287,0.6386946386946387,0.13163371488033299,0.3548387096774194,0.2272727272727274,0.2272727272727274
olmo3-7b,qwen3-8b-base,truthfulqa,654,327,0.7783108417735133,0.7682480898540153,0.2391141702828073,0.21456414567967286,0.5045871559633027,0.4115853658536585,0.753397113972823,0.014850975881192219,0.7743175378054596,0.003993303968053641,0.3695502747550201,0.4082574814747072,0.3370286083448818,0.07951070336391437,26,0.21100917431192662,0.2782874617737003,0.1136915969321804,0.1365143699336772,0.058721207530230336,0.21100917431192662,0.6231884057971016,0.7142857142857142
olmo3-7b,qwen38-27b,boolq,1308,475,0.6985379414923865,0.9197599039615847,0.05257505431562304,0.23212161128579933,0.24770642201834864,0.1173780487804878,0.653796676565363,0.2659632273962217,0.585609401655399,0.11292853983698747,0.7431892120860486,0.3590279029020166,0.3932808897678811,0.11368421052631579,54,0.5242105263157895,0.18526315789473685,0.08538637676190922,0.18795253419147223,0.0971168975069252,0.18526315789473685,0.38636363636363635,0.38636363636363635
olmo3-7b,qwen38-27b,geometry_of_truth,2012,1000,0.9556264822134386,0.9864713438735179,0.00244218500797444,0.3001201923076924,0.019880715705765408,0.09542743538767395,0.9812915019762846,0.005179841897233306,0.9600652173913043,-0.004438735177865749,0.9819700760113635,0.8790614747207492,0.830735004865242,0.055,55,0.242,0.057,0.4149778327114843,0.9537101328519183,0.013794,0.057,0.03508771929824561,0.03508771929824561
olmo3-7b,qwen38-27b,rte,111,62,0.815009874917709,0.945029624753127,0.02631578947368407,0.39655172413793116,0.25,0.44642857142857145,0.8884134298880844,0.05661619486504266,0.7738643844634627,0.041145490454246314,0.775070997458781,0.20253607797264006,0.1429883600919345,0.27419354838709675,17,0.3709677419354839,0.3064516129032258,0.7207388197475689,0.832658569500675,0.11368366285119667,0.3064516129032258,0.10526315789473695,0.10526315789473695
olmo3-7b,qwen38-27b,truthfulqa,654,327,0.7783108417735133,0.7595787859233698,0.2391141702828073,0.2745299977529774,0.5045871559633027,0.4923547400611621,0.7566048499471614,0.0029739359762084305,0.604064379167485,0.17424646260602827,0.8167261691184644,0.3570028775472789,0.3040290857770832,0.1345565749235474,44,0.21100917431192662,0.3486238532110092,0.31369252409212334,0.4437640334762197,0.07356283141149736,0.21100917431192662,0.3623188405797102,0.6140350877192984
qwen3-1.7b,gemma4-12b,boolq,1308,475,0.6932179187464459,0.5167094206103494,0.09277586020925477,0.0211136177194422,0.22324159021406728,0.3516819571865443,0.4963720224932078,0.020337398117141636,0.49217160548429895,0.20104631326214695,0.40132071296306154,0.12029569556898367,0.22594110338134077,0.4336842105263158,206,0.48210526315789476,0.5831578947368421,0.6191776013780571,0.7590534162586564,0.28114349030470914,0.48210526315789476,0.10043668122270744,0.2563176895306859
qwen3-1.7b,gemma4-12b,geometry_of_truth,2012,1000,0.928659090909091,0.5816986166007905,0.20707347433824153,0.09422152213563251,0.24652087475149106,0.4846077457795432,0.559651185770751,0.02204743083003946,0.7253666007905138,0.2032924901185772,0.5667340431877957,0.5731072800788221,0.7241683074214869,0.07,70,0.166,0.423,-0.0011859362222650849,-0.0031046170497593356,0.070218,0.166,0.5783132530120482,0.83451536643026
qwen3-1.7b,gemma4-12b,imdb,2000,1018,0.9183965604855971,0.5362377410280931,0.06521035598705494,0.0035338645418326875,0.2057942057942058,0.49201596806387227,0.5033270779732633,0.032910663054829814,0.42474161628367596,0.4936549442019212,0.15110714088551905,-0.04852350852439491,0.11036155171190598,0.0618860510805501,63,0.11787819253438114,0.3104125736738703,0.1695478966166927,0.3111823361823361,0.036590873124621254,0.11787819253438114,0.475,0.8006329113924051
qwen3-1.7b,gemma4-12b,rte,111,62,0.5589203423304806,0.46181698485845957,-0.13940256045519206,-0.09102564102564098,0.3392857142857143,0.5535714285714286,0.46938775510204084,-0.007570770243581271,0.48518762343647137,0.07373271889400923,0.5664778743484902,-0.007070075384977725,-0.074703476243412,0.45161290322580644,28,0.45161290322580644,0.5806451612903226,0.7712141348743976,1.0000000000000002,0.26222684703433924,0.45161290322580644,0.0,0.22222222222222232
qwen3-1.7b,gemma4-12b,truthfulqa,654,327,0.7015683303874534,0.6361043309111654,0.18437809807061695,0.1601934523809524,0.43119266055045874,0.46646341463414637,0.5206445398348437,0.11545979107632165,0.6253588829971289,0.07620944739032443,0.1964429174979526,-0.17261391197332476,-0.09427560314588979,0.2324159021406728,76,0.3944954128440367,0.44954128440366975,0.22652658827563996,0.25361757105943156,0.17734197458126422,0.3944954128440367,0.41085271317829464,0.48299319727891155
qwen3-1.7b,gemma4-12b-base,boolq,1308,475,0.6932179187464459,0.7079749794654704,0.09277586020925477,-0.09435368043087966,0.22324159021406728,0.1491628614916286,0.5060061919504644,0.20196878751500602,0.5387350729765591,0.1544828457698868,0.6190951272305241,0.4334281016795839,0.6294866081343246,0.3957894736842105,188,0.48210526315789476,0.5305263157894737,0.561486248214202,0.6186382595413867,0.25576952908587264,0.48210526315789476,0.17903930131004375,0.25396825396825407
qwen3-1.7b,gemma4-12b-base,geometry_of_truth,2012,1000,0.928659090909091,0.973403162055336,0.20707347433824153,0.09643610421836235,0.24652087475149106,0.09343936381709742,0.9110029644268774,0.0624001976284585,0.961887351778656,-0.033228260869564985,0.7191661988463325,0.8427921459554455,0.886885503930843,0.092,92,0.166,0.112,0.6255914842273536,0.7858855772524839,0.018592,0.112,0.1785714285714286,0.1785714285714286
qwen3-1.7b,gemma4-12b-base,imdb,2000,1018,0.9183965604855971,0.6802894137700616,0.06521035598705494,0.1901937909132153,0.2057942057942058,0.4132804757185332,0.5420666295879865,0.13822278418207512,0.5508354706925043,0.3675610897930929,0.7423199432571407,0.5421303274145454,0.6250269016656227,0.06385068762278978,65,0.11787819253438114,0.20726915520628683,0.3015680130115129,0.42182982238744315,0.02443251338384521,0.11787819253438114,0.45833333333333337,0.6919431279620853
qwen3-1.7b,gemma4-12b-base,rte,111,62,0.5589203423304806,0.6619486504279131,-0.13940256045519206,-0.0757575757575758,0.3392857142857143,0.375,0.46905859117840687,0.1928900592495062,0.5046082949308756,0.054312047399605046,0.6894781586197039,0.14474096223415212,0.27894583173823073,0.3709677419354839,23,0.45161290322580644,0.46774193548387094,0.6432709335258339,0.6645021645021644,0.21123829344432882,0.45161290322580644,0.1785714285714285,0.2068965517241379
qwen3-1.7b,gemma4-12b-base,truthfulqa,654,327,0.7015683303874534,0.7253411141972711,0.18437809807061695,0.08946898705934847,0.43119266055045874,0.43902439024390244,0.567067867463457,0.15827324673381404,0.7353851621169187,-0.03381683172946537,0.44364253597231135,0.30629703579266665,0.4885897326646852,0.11926605504587157,39,0.3944954128440367,0.20795107033639143,0.18769832148600218,0.2956773618538324,0.08203574334371405,0.20795107033639143,0.42647058823529405,0.42647058823529405
qwen3-1.7b,gemma4-31b,boolq,1308,475,0.6932179187464459,0.8037884627535226,0.09277586020925477,0.14561490878590888,0.22324159021406728,0.21712538226299694,0.5308093763821318,0.2729790863713908,0.5481645289694826,0.14505338977696325,0.42114543925812853,0.3696929927484437,0.5402368735096406,0.18105263157894738,86,0.48210526315789476,0.3178947368421053,0.11945120283248689,0.16882033058741183,0.15325872576177288,0.3178947368421053,0.4304635761589404,0.4304635761589404
qwen3-1.7b,gemma4-31b,geometry_of_truth,2012,1000,0.928659090909091,0.8609258893280631,0.20707347433824153,0.35766262315073327,0.24652087475149106,0.4393638170974155,0.7960859683794466,0.06483992094861657,0.9585029644268775,-0.0298438735177865,0.7591491121010173,0.8142272472271644,0.8701881658373563,0.023,23,0.166,0.153,-0.017902953714011904,-0.09441688321915108,0.025398,0.153,0.8496732026143791,0.8496732026143791
qwen3-1.7b,gemma4-31b,rte,111,62,0.5589203423304806,0.5602369980250165,-0.13940256045519206,-0.15806451612903227,0.3392857142857143,0.4107142857142857,0.4644502962475313,0.09578670177748516,0.49637919684002635,0.06254114549045425,0.49248329518564327,0.12023970247416105,0.20325788637989428,0.4032258064516129,25,0.45161290322580644,0.5,0.7130240959073808,0.7857142857142857,0.22580645161290322,0.45161290322580644,0.1071428571428572,0.19354838709677424
qwen3-1.7b,gemma4-31b,truthfulqa,654,327,0.7015683303874534,0.7352542341179662,0.18437809807061695,0.4097710609007932,0.43119266055045874,0.5443425076452599,0.6119855231041158,0.1232687110138504,0.7145395542836837,-0.012971223896230288,0.46756503557858287,0.27425668375383583,0.39991836670090963,0.2324159021406728,76,0.3944954128440367,0.3058103975535168,0.4963639198624558,0.6036363636363636,0.12064079903487361,0.3058103975535168,0.24,0.24
qwen3-1.7b,llama-8b,boolq,1308,475,0.6932179187464459,0.8038718645352878,0.09277586020925477,0.005898392652124107,0.22324159021406728,0.13302752293577982,0.49806785872243636,0.30580400581285144,0.5833701901813357,0.10984772856511016,0.8733445481063616,0.481483437657912,0.6461101263343804,0.15368421052631578,73,0.48210526315789476,0.28421052631578947,0.07394285370208016,0.1132189099668774,0.13701939058171744,0.28421052631578947,0.45925925925925926,0.45925925925925926
qwen3-1.7b,llama-8b,geometry_of_truth,2012,1000,0.928659090909091,0.9624298418972332,0.20707347433824153,-0.003726636142166506,0.24652087475149106,0.006958250497017893,0.9322183794466403,0.03021146245059292,0.9382786561264821,-0.009619565217391046,0.9923112767769279,0.8519003453438785,0.9138561128602493,0.125,125,0.166,0.14,0.7881824954618553,0.8715313463514903,0.023240000000000004,0.14,0.1071428571428572,0.1071428571428572
qwen3-1.7b,llama-8b,imdb,2000,1018,0.9183965604855971,0.9614345047795486,0.06521035598705494,0.002498296615943696,0.2057942057942058,0.019,0.7697243907025877,0.19171011407696092,0.7562550266286276,0.1621415338569695,0.8775586703753052,0.5969526023650352,0.64771797281503,0.055992141453831044,57,0.11787819253438114,0.10805500982318271,0.4320777757280462,0.453796315043531,0.012737329252241577,0.10805500982318271,0.4818181818181818,0.4818181818181818
qwen3-1.7b,llama-8b,rte,111,62,0.5589203423304806,0.7373271889400922,-0.13940256045519206,-0.044795783926218746,0.3392857142857143,0.21428571428571427,0.4710335747202107,0.2662936142198815,0.5444371296905859,0.014483212639894716,0.9629372067259261,0.20322805356321905,0.27926008364640975,0.2903225806451613,18,0.45161290322580644,0.45161290322580644,0.34873949579831937,0.3487394957983193,0.2039542143600416,0.45161290322580644,0.3571428571428571,0.3571428571428571
qwen3-1.7b,llama-8b,truthfulqa,654,327,0.7015683303874534,0.8372939053016487,0.18437809807061695,0.17202204641745722,0.43119266055045874,0.3780487804878049,0.6097223391222213,0.22757156617942742,0.7512180979902552,-0.04964976760280182,0.9670874973094366,0.37811377049688677,0.5033400395679043,0.13149847094801223,43,0.3944954128440367,0.2324159021406728,0.1928557282929813,0.28289473684210525,0.09168700726650394,0.2324159021406728,0.4342105263157895,0.4342105263157895
qwen3-1.7b,olmo3-7b,boolq,1308,475,0.6932179187464459,0.6985379414923865,0.09277586020925477,0.05257505431562304,0.22324159021406728,0.24770642201834864,0.498952423074493,0.19958551841789346,0.5395387628735705,0.1536791558728754,0.7723928572933312,0.4210428023283135,0.6313502542867766,0.3957894736842105,188,0.48210526315789476,0.5242105263157895,0.5732986036869573,0.6237005835297753,0.25272465373961217,0.48210526315789476,0.17903930131004375,0.2449799196787148
qwen3-1.7b,olmo3-7b,geometry_of_truth,2012,1000,0.928659090909091,0.9556264822134386,0.20707347433824153,0.00244218500797444,0.24652087475149106,0.019880715705765408,0.9129337944664032,0.042692687747035385,0.9469446640316206,-0.01828557312252954,0.8091319969086784,0.8240768019000504,0.9098852978528912,0.139,139,0.166,0.242,0.6201555738457305,0.7854213688527196,0.040172,0.166,0.16265060240963858,0.4256198347107437
qwen3-1.7b,olmo3-7b,imdb,2000,1018,0.9183965604855971,0.9565659273604649,0.06521035598705494,0.0890015768348622,0.2057942057942058,0.128,0.8201177181406776,0.1364482092197873,0.77993169787011,0.13846486261548718,0.778303049846314,0.49624313150832877,0.5984960809121238,0.07072691552062868,72,0.11787819253438114,0.12671905697445973,0.5200840257306176,0.5419572553430821,0.014937413395810577,0.11787819253438114,0.4,0.4418604651162791
qwen3-1.7b,olmo3-7b,rte,111,62,0.5589203423304806,0.815009874917709,-0.13940256045519206,0.02631578947368407,0.3392857142857143,0.25,0.5355497037524687,0.27946017116524036,0.5500329163923634,0.0088874259381172,0.6539823599704028,0.09294225912092402,0.27907821820034684,0.2903225806451613,18,0.45161290322580644,0.3709677419354839,0.5107722602187965,0.6035805626598466,0.1675338189386056,0.3709677419354839,0.21739130434782605,0.21739130434782605
qwen3-1.7b,olmo3-7b,truthfulqa,654,327,0.7015683303874534,0.7783108417735133,0.18437809807061695,0.2391141702828073,0.43119266055045874,0.5045871559633027,0.6130516510955869,0.16525919067792638,0.6970887224232902,0.004479607964163135,0.5116966274416539,0.2369895171314672,0.4890028212520857,0.1926605504587156,63,0.3944954128440367,0.21100917431192662,0.5486861693214047,0.8563899868247693,0.08324215133406279,0.21100917431192662,0.08695652173913049,0.08695652173913049
qwen3-1.7b,qwen3-32b,boolq,1308,475,0.6932179187464459,0.8994528337650849,0.09277586020925477,0.00815151483196086,0.22324159021406728,0.05963302752293578,0.610296329057939,0.28915650470714593,0.7522411069691035,-0.05902318822265762,0.5306659051896008,0.34647295155446545,0.5949437393478404,0.1726315789473684,82,0.48210526315789476,0.2631578947368421,0.2079772047557505,0.3357723577235771,0.12686980609418283,0.2631578947368421,0.344,0.344
qwen3-1.7b,qwen3-32b,geometry_of_truth,2012,1000,0.928659090909091,0.9940830039525692,0.20707347433824153,0.04581129706102549,0.24652087475149106,0.020874751491053677,0.9544970355731225,0.03958596837944672,0.9796561264822133,-0.050997035573122296,0.8182793025177769,0.8308600156251625,0.8937118672726152,0.035,35,0.166,0.035,0.42687364925583127,0.9999999999999998,0.005810000000000001,0.035,0.0,0.0
qwen3-1.7b,qwen3-32b,imdb,2000,1018,0.9183965604855971,0.9679236072487486,0.06521035598705494,-0.005155837944334496,0.2057942057942058,0.016966067864271458,0.9097527598942056,0.05817084735454303,0.8251913620012883,0.09320519848430886,0.5400078493462492,0.4350746928642709,0.5567672589492484,0.0618860510805501,63,0.11787819253438114,0.09135559921414538,0.5502013291452401,0.6343128098282923,0.010768832913258787,0.09135559921414538,0.32258064516129026,0.32258064516129026
qwen3-1.7b,qwen3-32b,rte,111,62,0.5589203423304806,0.9265964450296248,-0.13940256045519206,0.11554054054054042,0.3392857142857143,0.15789473684210525,0.5661619486504279,0.3604344963791969,0.6300197498354181,-0.07109940750493748,0.8561491953515367,0.09892665852474425,0.27585203886363385,0.16129032258064516,10,0.45161290322580644,0.22580645161290322,0.28505701710570197,0.4789915966386553,0.1019771071800208,0.22580645161290322,0.2857142857142857,0.2857142857142857
qwen3-1.7b,qwen3-32b,truthfulqa,654,327,0.7015683303874534,0.8719337130245303,0.18437809807061695,0.08237167478456353,0.43119266055045874,0.22935779816513763,0.6836873065305016,0.18824640649402868,0.7265007621879939,-0.0249324318005405,0.9315305802283729,0.21575596332384717,0.4637288448266951,0.1529051987767584,50,0.3944954128440367,0.27522935779816515,0.20307453322725527,0.265993265993266,0.10857671913138627,0.27522935779816515,0.44444444444444453,0.44444444444444453
qwen3-1.7b,qwen3-8b,boolq,1308,475,0.6932179187464459,0.8764010867504898,0.09277586020925477,0.03653998232311484,0.22324159021406728,0.11297709923664122,0.5509420610349403,0.3254590257155495,0.7694395652998042,-0.07622164655335828,0.733452797698195,0.5246223705916877,0.6753669547499329,0.1957894736842105,93,0.48210526315789476,0.28421052631578947,0.26076655321531467,0.39927732610659433,0.13701939058171744,0.28421052631578947,0.3111111111111111,0.3111111111111111
qwen3-1.7b,qwen3-8b,geometry_of_truth,2012,1000,0.928659090909091,0.991548418972332,0.20707347433824153,0.2845637421816515,0.24652087475149106,0.042743538767395624,0.9514970355731225,0.04005138339920955,0.9825731225296443,-0.053914031620553304,0.8947269130436711,0.8450219321818662,0.9199781623227864,0.04,40,0.166,0.041,0.44990548551304543,0.9707551032344854,0.006806,0.041,0.024390243902439046,0.024390243902439046
qwen3-1.7b,qwen3-8b,imdb,2000,1018,0.9183965604855971,0.9642264093566316,0.06521035598705494,-0.03160827762420304,0.2057942057942058,0.101,0.8981510009242996,0.06607540843233206,0.9073549830144967,0.011041577471100461,0.8528319267687136,0.6113592278767053,0.6663359096847434,0.06581532416502947,67,0.11787819253438114,0.10903732809430255,0.5269478744018798,0.5506330383835952,0.012853123154534683,0.10903732809430255,0.39639639639639634,0.39639639639639634
qwen3-1.7b,qwen3-8b,rte,111,62,0.5589203423304806,0.890717577353522,-0.13940256045519206,-0.005102040816326592,0.3392857142857143,0.25,0.5477287689269257,0.3429888084265963,0.5783410138248848,-0.019420671494404185,0.8735308361511498,0.19884690769249902,0.321949110530634,0.25806451612903225,16,0.45161290322580644,0.25806451612903225,0.6498924899144511,1.0,0.1165452653485952,0.25806451612903225,0.0,0.0
qwen3-1.7b,qwen3-8b,truthfulqa,654,327,0.7015683303874534,0.8019714015842287,0.18437809807061695,0.13299935358758908,0.43119266055045874,0.345565749235474,0.6490007388079941,0.1529706627762346,0.642033498863732,0.05953483152372141,0.9572587367714689,0.3609642545929237,0.5281336374213162,0.21406727828746178,70,0.3944954128440367,0.3516819571865443,0.32279087107125076,0.35375494071146235,0.13873691889010464,0.3516819571865443,0.3913043478260869,0.3913043478260869
qwen3-1.7b,qwen3-8b-base,boolq,1308,475,0.6932179187464459,0.8175927212990459,0.09277586020925477,0.1015817970654147,0.22324159021406728,0.172782874617737,0.5033701901813357,0.31422253111771026,0.5728312377582612,0.12038668098818472,0.6611580564041132,0.4795210148915565,0.6528130363849813,0.11789473684210526,56,0.48210526315789476,0.23789473684210527,0.015061197223562655,0.02600906540038855,0.11469030470914128,0.23789473684210527,0.504424778761062,0.504424778761062
qwen3-1.7b,qwen3-8b-base,geometry_of_truth,2012,1000,0.928659090909091,0.978013833992095,0.20707347433824153,0.1879416107582078,0.24652087475149106,0.11232604373757456,0.947951581027668,0.030062252964426994,0.9465543478260869,-0.017895256916995894,0.9209078762502816,0.8375040984761742,0.9171766827660742,0.096,96,0.166,0.109,0.6718645646355469,0.8569951378346865,0.018094000000000002,0.109,0.11926605504587151,0.11926605504587151
qwen3-1.7b,qwen3-8b-base,imdb,2000,1018,0.9183965604855971,0.9544712486845738,0.06521035598705494,-0.04119972436804109,0.2057942057942058,0.091,0.824358092021815,0.1301131566627588,0.6038466463134056,0.3145499141721916,0.8966209543574396,0.5902962897974338,0.6565131190910283,0.06385068762278978,65,0.11787819253438114,0.10609037328094302,0.5170492275702172,0.5486471995380685,0.012505741447655367,0.10609037328094302,0.39814814814814814,0.39814814814814814
qwen3-1.7b,qwen3-8b-base,rte,111,62,0.5589203423304806,0.9078341013824885,-0.13940256045519206,-0.08913043478260885,0.3392857142857143,0.17857142857142858,0.5276497695852536,0.380184331797235,0.5918367346938775,-0.03291639236339694,0.9324804660984072,0.18365739622413324,0.3044672457735592,0.27419354838709675,17,0.45161290322580644,0.3548387096774194,0.4785356530873986,0.5855614973262033,0.16024973985431842,0.3548387096774194,0.2272727272727274,0.2272727272727274
qwen3-1.7b,qwen3-8b-base,truthfulqa,654,327,0.7015683303874534,0.7682480898540153,0.18437809807061695,0.21456414567967286,0.43119266055045874,0.4115853658536585,0.6110690271114477,0.15717906274256754,0.686549018507608,0.015019311879845398,0.917646563922928,0.3357257432137255,0.519046026708798,0.11926605504587157,39,0.3944954128440367,0.2782874617737003,0.04329460752975365,0.056277056277056266,0.10978312712173498,0.2782874617737003,0.5714285714285714,0.5714285714285714
qwen3-1.7b,qwen38-27b,boolq,1308,475,0.6932179187464459,0.9197599039615847,0.09277586020925477,0.23212161128579933,0.22324159021406728,0.1173780487804878,0.5927996461742592,0.3269602577873255,0.7275895621406456,-0.034371643394199736,0.7740368854182037,0.33283419750094556,0.5778427013164925,0.09894736842105263,47,0.48210526315789476,0.18526315789473685,0.04961095794998733,0.10037878787878783,0.08931634349030472,0.18526315789473685,0.46590909090909094,0.46590909090909094
qwen3-1.7b,qwen38-27b,geometry_of_truth,2012,1000,0.928659090909091,0.9864713438735179,0.20707347433824153,0.3001201923076924,0.24652087475149106,0.09542743538767395,0.949143280632411,0.037328063241106824,0.9478290513833992,-0.01916996047430819,0.8586815129034736,0.8609072428985746,0.877662625574677,0.057,57,0.166,0.057,0.5510748140350242,1.0,0.009462000000000002,0.057,0.0,0.0
qwen3-1.7b,qwen38-27b,rte,111,62,0.5589203423304806,0.945029624753127,-0.13940256045519206,0.39655172413793116,0.3392857142857143,0.44642857142857145,0.5730743910467413,0.3719552337063857,0.5845951283739302,-0.025674786043449638,0.8618522143761579,0.16790663981371357,0.2823556851687269,0.2903225806451613,18,0.45161290322580644,0.3064516129032258,0.6621911079530317,0.9040247678018573,0.1383975026014568,0.3064516129032258,0.05263157894736836,0.05263157894736836
qwen3-1.7b,qwen38-27b,truthfulqa,654,327,0.7015683303874534,0.7595787859233698,0.18437809807061695,0.2745299977529774,0.43119266055045874,0.4923547400611621,0.6600454507196363,0.09953333520373353,0.5685548354515613,0.1330134949358921,0.6870510074978968,0.2798497058439401,0.46890128306334977,0.2018348623853211,66,0.3944954128440367,0.3486238532110092,0.27609986249359353,0.3046251993620415,0.13753051089975593,0.3486238532110092,0.42105263157894735,0.42105263157894735
qwen3-8b,gemma4-12b,boolq,1308,475,0.8764010867504898,0.5167094206103494,0.03653998232311484,0.0211136177194422,0.11297709923664122,0.3516819571865443,0.5251355278953688,-0.008426107285019357,0.48870664055095725,0.3876944461995325,0.46173951329328,0.019605294337288415,0.10417936690810725,0.1957894736842105,93,0.28421052631578947,0.5831578947368421,0.13512971830847512,0.25364758698092027,0.16573961218836564,0.28421052631578947,0.3111111111111111,0.6642599277978339
qwen3-8b,gemma4-12b,geometry_of_truth,2012,1000,0.991548418972332,0.5816986166007905,0.2845637421816515,0.09422152213563251,0.042743538767395624,0.4846077457795432,0.60525,-0.02355138339920948,0.7455612648221344,0.24598715415019767,0.37967248644630325,0.6000579861970112,0.6510392754062466,0.016,16,0.041,0.423,-0.013709344518086794,-0.07743758288646718,0.017343,0.041,0.6097560975609756,0.9621749408983451
qwen3-8b,gemma4-12b,imdb,2000,1018,0.9642264093566316,0.5362377410280931,-0.03160827762420304,0.0035338645418326875,0.101,0.49201596806387227,0.5312431227717781,0.0049946182563149755,0.2841790740199825,0.6800473353366492,0.19858565255877345,-0.20848150926473763,0.042973883352400044,0.02848722986247544,29,0.10903732809430255,0.3104125736738703,-0.03716453002001317,-0.15834188618998737,0.03384655764027466,0.10903732809430255,0.7387387387387387,0.9082278481012658
qwen3-8b,gemma4-12b,rte,111,62,0.890717577353522,0.46181698485845957,-0.005102040816326592,-0.09102564102564098,0.25,0.5535714285714286,0.4641211323238973,-0.0023041474654377225,0.564516129032258,0.32620144832126396,0.5483974962841442,0.04370619069115178,-0.14372850237380486,0.25806451612903225,16,0.25806451612903225,0.5806451612903226,0.5012062743707416,1.0000000000000002,0.14984391259105098,0.25806451612903225,0.0,0.5555555555555556
qwen3-8b,gemma4-12b,truthfulqa,654,327,0.8019714015842287,0.6361043309111654,0.13299935358758908,0.1601934523809524,0.345565749235474,0.46646341463414637,0.5374407317004741,0.09866359921069123,0.7688746738490027,0.033096727735226095,0.15501788383967394,-0.11808164398096621,-0.15952194391304597,0.20489296636085627,67,0.3516819571865443,0.44954128440366975,0.19701782959812292,0.24173913043478265,0.15809555873523554,0.3516819571865443,0.417391304347826,0.5442176870748299
qwen3-8b,gemma4-12b-base,boolq,1308,475,0.8764010867504898,0.7079749794654704,0.03653998232311484,-0.09435368043087966,0.11297709923664122,0.1491628614916286,0.7153370822013017,-0.007362102735831266,0.5576217855563277,0.3187793011941621,0.3271058806229229,0.5376088639511807,0.5763469129172176,0.21052631578947367,100,0.28421052631578947,0.5305263157894737,0.26541829041650533,0.4477661518020262,0.15078116343490305,0.28421052631578947,0.2592592592592593,0.6031746031746033
qwen3-8b,gemma4-12b-base,geometry_of_truth,2012,1000,0.991548418972332,0.973403162055336,0.2845637421816515,0.09643610421836235,0.042743538767395624,0.09343936381709742,0.9889525691699604,-0.015549407114624492,0.9835691699604743,0.007979249011857759,0.3699145674480451,0.8765728781313759,0.8523214786369633,0.034,34,0.041,0.112,0.47027161225501474,0.8077345638321247,0.004592000000000001,0.041,0.1707317073170731,0.6964285714285714
qwen3-8b,gemma4-12b-base,imdb,2000,1018,0.9642264093566316,0.6802894137700616,-0.03160827762420304,0.1901937909132153,0.101,0.4132804757185332,0.7153027580936223,-0.035013344323560736,0.5591681704872378,0.40505823886939385,0.5710540880774363,0.6530008179830882,0.6664005212037474,0.025540275049115914,26,0.10903732809430255,0.20726915520628683,0.023271765191084422,0.034015428067472646,0.022600074880056817,0.10903732809430255,0.7657657657657657,0.8767772511848341
qwen3-8b,gemma4-12b-base,rte,111,62,0.890717577353522,0.6619486504279131,-0.005102040816326592,-0.0757575757575758,0.25,0.375,0.5793285055957866,0.08262014483212643,0.6468071099407504,0.24391046741277156,0.447639315782733,0.2313120892664533,0.23598033184493006,0.25806451612903225,16,0.25806451612903225,0.46774193548387094,0.6291280465457924,0.9999999999999998,0.12070759625390218,0.25806451612903225,0.0,0.4482758620689655
qwen3-8b,gemma4-12b-base,truthfulqa,654,327,0.8019714015842287,0.7253411141972711,0.13299935358758908,0.08946898705934847,0.345565749235474,0.43902439024390244,0.6609245387126037,0.0644165754846674,0.8072085215423318,-0.005237119958103054,0.28614061081484554,0.41214734210495463,0.420982793531254,0.09174311926605505,30,0.3516819571865443,0.20795107033639143,0.09603551891580753,0.13804106548279682,0.07313263941493887,0.20795107033639143,0.5588235294117647,0.5588235294117647
qwen3-8b,gemma4-31b,boolq,1308,475,0.8764010867504898,0.8037884627535226,0.03653998232311484,0.14561490878590888,0.11297709923664122,0.21712538226299694,0.7269450938270046,0.076843368926518,0.5824856258292791,0.2939154609212107,0.26917933684198236,0.3285029961455549,0.40633694635364725,0.14947368421052631,71,0.28421052631578947,0.3178947368421053,0.28150655242341194,0.30498399634202106,0.09034903047091414,0.28421052631578947,0.4740740740740741,0.5298013245033113
qwen3-8b,gemma4-31b,geometry_of_truth,2012,1000,0.991548418972332,0.8609258893280631,0.2845637421816515,0.35766262315073327,0.042743538767395624,0.4393638170974155,0.9140671936758893,-0.05314130434782616,0.9722084980237153,0.019339920948616696,0.41139081704640396,0.835238047140175,0.8165071105714636,0.007,7,0.041,0.153,0.01018464177969122,0.02093471938261293,0.006273,0.041,0.8292682926829269,0.9542483660130718
qwen3-8b,gemma4-31b,rte,111,62,0.890717577353522,0.5602369980250165,-0.005102040816326592,-0.15806451612903227,0.25,0.4107142857142857,0.5289664252797893,0.031270572745227154,0.6250822909809084,0.2656352863726136,0.3646832704600364,0.1486898417303376,0.1133783226760785,0.22580645161290322,14,0.25806451612903225,0.5,0.44232586846469135,0.7499999999999999,0.12903225806451613,0.25806451612903225,0.125,0.5483870967741935
qwen3-8b,gemma4-31b,truthfulqa,654,327,0.8019714015842287,0.7352542341179662,0.13299935358758908,0.4097710609007932,0.345565749235474,0.5443425076452599,0.6829952585360379,0.05225897558192827,0.7566609619467122,0.045310439637516575,0.34642358117462807,0.31058152398044736,0.2795045325479618,0.14984709480122324,49,0.3516819571865443,0.3058103975535168,0.19226348427686699,0.21334905660377354,0.10754799913961599,0.3058103975535168,0.51,0.51
qwen3-8b,llama-8b,boolq,1308,475,0.8764010867504898,0.8038718645352878,0.03653998232311484,0.005898392652124107,0.11297709923664122,0.13302752293577982,0.7742617046818726,0.029610159853415197,0.7890238200543376,0.0873772666961522,0.7900520986321963,0.5771083353335658,0.5879384011840003,0.15578947368421053,74,0.28421052631578947,0.28421052631578947,0.3687363834422658,0.3687363834422658,0.08077562326869805,0.28421052631578947,0.45185185185185184,0.45185185185185184
qwen3-8b,llama-8b,geometry_of_truth,2012,1000,0.991548418972332,0.9624298418972332,0.2845637421816515,-0.003726636142166506,0.042743538767395624,0.006958250497017893,0.9950266798418972,-0.03259683794466395,0.9719160079051384,0.0196324110671936,0.912161050037303,0.8958372977843295,0.8835943458116675,0.038,38,0.041,0.14,0.4688672380904005,0.9149177538287011,0.005740000000000001,0.041,0.07317073170731714,0.7285714285714286
qwen3-8b,llama-8b,imdb,2000,1018,0.9642264093566316,0.9614345047795486,-0.03160827762420304,0.002498296615943696,0.101,0.019,0.9621437345700007,-0.0007092297904520706,0.9465606856621545,0.017665723694477165,0.7991377495402899,0.702121504439289,0.6844851293853451,0.06777996070726916,69,0.10903732809430255,0.10805500982318271,0.5787128669671967,0.5816578129698308,0.011782029558323458,0.10805500982318271,0.3727272727272727,0.3727272727272727
qwen3-8b,llama-8b,rte,111,62,0.890717577353522,0.7373271889400922,-0.005102040816326592,-0.044795783926218746,0.25,0.21428571428571427,0.6461487820934826,0.0911784068466096,0.8179723502304147,0.07274522712310727,0.8701001187389468,0.27792441554758185,0.22844928820842447,0.22580645161290322,14,0.25806451612903225,0.45161290322580644,0.5017552311839513,0.7720588235294118,0.1165452653485952,0.25806451612903225,0.125,0.5
qwen3-8b,llama-8b,truthfulqa,654,327,0.8019714015842287,0.8372939053016487,0.13299935358758908,0.17202204641745722,0.345565749235474,0.3780487804878049,0.7674064098607487,0.0698874954409,0.8311402893508777,-0.029168887766648943,0.9591003772866817,0.4765173831302466,0.4340223481998601,0.1743119266055046,57,0.3516819571865443,0.2324159021406728,0.45901916301416396,0.61438679245283,0.08173647934610816,0.2324159021406728,0.25,0.25
qwen3-8b,qwen3-32b,boolq,1308,475,0.8764010867504898,0.8994528337650849,0.03653998232311484,0.00815151483196086,0.11297709923664122,0.05963302752293578,0.8784002021861377,0.021052631578947212,0.8678410311493018,0.008560055601187999,0.8062115736734473,0.39927317225771963,0.525004063324191,0.17894736842105263,85,0.28421052631578947,0.2631578947368421,0.5244118428202529,0.552941176470588,0.07479224376731301,0.2631578947368421,0.31999999999999995,0.31999999999999995
qwen3-8b,qwen3-32b,geometry_of_truth,2012,1000,0.991548418972332,0.9940830039525692,0.2845637421816515,0.04581129706102549,0.042743538767395624,0.020874751491053677,0.9943814229249013,-0.0002984189723320707,0.9919337944664032,-0.00038537549407113847,0.9802864557179569,0.8671076214776341,0.8586426391320789,0.032,32,0.041,0.035,0.8387363963829686,0.9106211827796806,0.0014350000000000003,0.035,0.08571428571428574,0.08571428571428574
qwen3-8b,qwen3-32b,imdb,2000,1018,0.9642264093566316,0.9679236072487486,-0.03160827762420304,-0.005155837944334496,0.101,0.016966067864271458,0.9672413862091318,0.0006822210396167927,0.9625328606468495,0.0016935487097821111,0.8502497118763249,0.5014269553065138,0.5977879192627149,0.07858546168958742,80,0.10903732809430255,0.09135559921414538,0.764180505501786,0.8431079655250083,0.009961170444764378,0.09135559921414538,0.13978494623655913,0.13978494623655913
qwen3-8b,qwen3-32b,rte,111,62,0.890717577353522,0.9265964450296248,-0.005102040816326592,0.11554054054054042,0.25,0.15789473684210525,0.9088215931533904,0.0177748518762344,0.8956550362080316,-0.00493745885450958,0.925545113941304,0.17642271908435903,0.22889915221801982,0.14516129032258066,9,0.25806451612903225,0.22580645161290322,0.47492269448299645,0.5186335403726707,0.0582726326742976,0.22580645161290322,0.3571428571428571,0.3571428571428571
qwen3-8b,qwen3-32b,truthfulqa,654,327,0.8019714015842287,0.8719337130245303,0.13299935358758908,0.08237167478456353,0.345565749235474,0.22935779816513763,0.8405109932759119,0.03142271974861832,0.8015131535878948,0.0004582479963339825,0.9878097223595488,0.33741528626916695,0.41464149194082867,0.21712538226299694,71,0.3516819571865443,0.27522935779816515,0.564241496375985,0.6743710691823895,0.09679319922565441,0.27522935779816515,0.21111111111111114,0.21111111111111114
qwen3-8b,qwen3-8b-base,boolq,1308,475,0.8764010867504898,0.8175927212990459,0.03653998232311484,0.1015817970654147,0.11297709923664122,0.172782874617737,0.8449333417577558,-0.027340620458709886,0.7783483919883742,0.09805269476211553,0.7903125629887967,0.7778301111361109,0.7912431618736366,0.13894736842105262,66,0.28421052631578947,0.23789473684210527,0.37144210447728604,0.4189224362311296,0.06761218836565097,0.23789473684210527,0.4159292035398231,0.4159292035398231
qwen3-8b,qwen3-8b-base,geometry_of_truth,2012,1000,0.991548418972332,0.978013833992095,0.2845637421816515,0.1879416107582078,0.042743538767395624,0.11232604373757456,0.9940632411067194,-0.016049407114624437,0.9790167984189724,0.012531620553359657,0.9935894006314416,0.9316716661631783,0.9342754278609545,0.041,41,0.041,0.109,0.5911643386379041,1.0,0.004469,0.041,0.0,0.6238532110091743
qwen3-8b,qwen3-8b-base,imdb,2000,1018,0.9642264093566316,0.9544712486845738,-0.03160827762420304,-0.04119972436804109,0.101,0.091,0.9719269043169988,-0.017455655632425016,0.9035517507672486,0.060674658589383035,0.9265818466790321,0.8458153983261831,0.8451853953372443,0.06679764243614932,68,0.10903732809430255,0.10609037328094302,0.5754022664245201,0.5843031565192535,0.011567810839081214,0.10609037328094302,0.37037037037037035,0.37037037037037035
qwen3-8b,qwen3-8b-base,rte,111,62,0.890717577353522,0.9078341013824885,-0.005102040816326592,-0.08913043478260885,0.25,0.17857142857142858,0.8492429229756419,0.05859117840684669,0.8775510204081632,0.013166556945358732,0.9571378895726307,0.3087154539382806,0.3049014954536793,0.25806451612903225,16,0.25806451612903225,0.3548387096774194,0.7952427724875442,1.0000000000000002,0.09157127991675339,0.25806451612903225,0.0,0.2727272727272728
qwen3-8b,qwen3-8b-base,truthfulqa,654,327,0.8019714015842287,0.7682480898540153,0.13299935358758908,0.21456414567967286,0.345565749235474,0.4115853658536585,0.7455694900354441,0.02267859981857112,0.8006434175948526,0.0013279839893761691,0.9589882783613084,0.5729508804417175,0.5853347772033877,0.1743119266055046,57,0.3516819571865443,0.2782874617737003,0.3572243750220005,0.42369894256686697,0.09786867921705056,0.2782874617737003,0.3736263736263735,0.3736263736263735
qwen3-8b,qwen38-27b,boolq,1308,475,0.8764010867504898,0.9197599039615847,0.03653998232311484,0.23212161128579933,0.11297709923664122,0.1173780487804878,0.9152056612118531,0.004554242749731596,0.8556997535856449,0.020701333164844904,0.5042369508776124,0.39995507392606033,0.5129281574091751,0.12,57,0.28421052631578947,0.18526315789473685,0.3843240329457625,0.5078542780748663,0.05265373961218837,0.18526315789473685,0.3522727272727273,0.3522727272727273
qwen3-8b,qwen38-27b,geometry_of_truth,2012,1000,0.991548418972332,0.9864713438735179,0.2845637421816515,0.3001201923076924,0.042743538767395624,0.09542743538767395,0.9938339920948616,-0.007362648221343693,0.9840009881422925,0.007547430830039503,0.5663624861572806,0.8891589962483771,0.8394070514306047,0.035,35,0.041,0.057,0.7104958813882479,0.8448128701859658,0.002337,0.041,0.14634146341463405,0.38596491228070173
qwen3-8b,qwen38-27b,rte,111,62,0.890717577353522,0.945029624753127,-0.005102040816326592,0.39655172413793116,0.25,0.44642857142857145,0.9302172481895983,0.01481237656352874,0.8765635286372613,0.014154048716260692,0.6680526395409321,0.23672102139125395,0.23131728827376907,0.25806451612903225,16,0.25806451612903225,0.3064516129032258,0.8872346672053991,0.9999999999999999,0.07908428720083246,0.25806451612903225,0.0,0.1578947368421053
qwen3-8b,qwen38-27b,truthfulqa,654,327,0.8019714015842287,0.7595787859233698,0.13299935358758908,0.2745299977529774,0.345565749235474,0.4923547400611621,0.7874945057000439,-0.027915719776674064,0.6909912184720701,0.11098018311215863,0.5413954192333893,0.39017501517658204,0.41715049827495143,0.23853211009174313,78,0.3516819571865443,0.3486238532110092,0.5094745443128785,0.5129096325719958,0.12260471901916224,0.3486238532110092,0.3157894736842105,0.3157894736842105
qwen3-8b-base,gemma4-12b,boolq,1308,475,0.8175927212990459,0.5167094206103494,0.1015817970654147,0.0211136177194422,0.172782874617737,0.3516819571865443,0.49863903456119285,0.01807038604915656,0.46844758956214066,0.34914513173690526,0.3632223985545395,-0.003309398469964364,0.07330538411392096,0.10947368421052632,52,0.23789473684210527,0.5831578947368421,-0.13936179968669324,-0.2108878310597105,0.13873019390581717,0.23789473684210527,0.5398230088495575,0.8122743682310469
qwen3-8b-base,gemma4-12b,geometry_of_truth,2012,1000,0.978013833992095,0.5816986166007905,0.1879416107582078,0.09422152213563251,0.11232604373757456,0.4846077457795432,0.5609693675889328,0.020729249011857687,0.7669456521739131,0.21106818181818188,0.41921149641064726,0.5909359683854506,0.6465404416842194,0.044,44,0.109,0.423,-0.013685300699244864,-0.04569805018760705,0.046106999999999995,0.109,0.5963302752293578,0.8959810874704491
qwen3-8b-base,gemma4-12b,imdb,2000,1018,0.9544712486845738,0.5362377410280931,-0.04119972436804109,0.0035338645418326875,0.091,0.49201596806387227,0.4993187792844881,0.03691896174360498,0.48497413161864444,0.46949711706592934,0.16817966038695092,-0.1828772362632911,0.02802811258470117,0.0481335952848723,49,0.10609037328094302,0.3104125736738703,0.10669551643363337,0.20779255038514305,0.03293178581215913,0.10609037328094302,0.5462962962962963,0.8449367088607594
qwen3-8b-base,gemma4-12b,rte,111,62,0.9078341013824885,0.46181698485845957,-0.08913043478260885,-0.09102564102564098,0.17857142857142858,0.5535714285714286,0.46840026333113893,-0.006583278472679366,0.5473996050032917,0.3604344963791969,0.5781809111362975,0.037151731629860185,-0.1423809964088638,0.2903225806451613,18,0.3548387096774194,0.5806451612903226,0.35699797260986293,0.5664335664335663,0.20603537981269512,0.3548387096774194,0.18181818181818177,0.5
qwen3-8b-base,gemma4-12b,truthfulqa,654,327,0.7682480898540153,0.6361043309111654,0.21456414567967286,0.1601934523809524,0.4115853658536585,0.46646341463414637,0.596638891226889,0.039465439684276404,0.7278100421775198,0.0404380476764955,0.1530833027854834,-0.10822873511952236,-0.15820478570932583,0.14984709480122324,49,0.2782874617737003,0.44954128440366975,0.11099878430568638,0.1615384615384616,0.12510170299918638,0.2782874617737003,0.46153846153846145,0.6666666666666667
qwen3-8b-base,gemma4-12b-base,boolq,1308,475,0.8175927212990459,0.7079749794654704,0.1015817970654147,-0.09435368043087966,0.172782874617737,0.1491628614916286,0.527781638971378,0.1801933404940924,0.4990358248562583,0.3185568964427876,0.3718044848477392,0.5416589533072982,0.5577084556653003,0.12210526315789473,58,0.23789473684210527,0.5305263157894737,-0.019313668716148927,-0.03251861216462982,0.1262094182825485,0.23789473684210527,0.48672566371681425,0.7698412698412699
qwen3-8b-base,gemma4-12b-base,geometry_of_truth,2012,1000,0.978013833992095,0.973403162055336,0.1879416107582078,0.09643610421836235,0.11232604373757456,0.09343936381709742,0.9508962450592885,0.022506916996047455,0.9846422924901186,-0.006628458498023626,0.4272522607782816,0.8800850496498526,0.8551105166036197,0.078,78,0.109,0.112,0.6694304969428032,0.6797255971567899,0.012208,0.109,0.2844036697247706,0.3035714285714286
qwen3-8b-base,gemma4-12b-base,imdb,2000,1018,0.9544712486845738,0.6802894137700616,-0.04119972436804109,0.1901937909132153,0.091,0.4132804757185332,0.5505433760538414,0.12974603771622018,0.7359874599370195,0.21848378874755425,0.7484525107587365,0.6923687161135552,0.7029312843503486,0.04911591355599214,50,0.10609037328094302,0.20726915520628683,0.21731073226787342,0.3225480747166002,0.021989262045460683,0.10609037328094302,0.537037037037037,0.7630331753554502
qwen3-8b-base,gemma4-12b-base,rte,111,62,0.9078341013824885,0.6619486504279131,-0.08913043478260885,-0.0757575757575758,0.17857142857142858,0.375,0.6050032916392364,0.05694535878867668,0.6273864384463463,0.2804476629361422,0.5424215394903057,0.23490936755549985,0.24385731373813269,0.3064516129032258,19,0.3548387096774194,0.46774193548387094,0.5884322336411533,0.7438016528925618,0.1659729448491155,0.3548387096774194,0.13636363636363635,0.34482758620689646
qwen3-8b-base,gemma4-12b-base,truthfulqa,654,327,0.7682480898540153,0.7253411141972711,0.21456414567967286,0.08946898705934847,0.4115853658536585,0.43902439024390244,0.696162874430697,0.029178239766574077,0.7720917618232659,-0.003843671969250617,0.3067366435471999,0.41276346519360785,0.40964834522719995,0.05504587155963303,18,0.2782874617737003,0.20795107033639143,-0.0155283712988143,-0.04880413703943125,0.05787017553703859,0.20795107033639143,0.7352941176470589,0.7352941176470589
qwen3-8b-base,gemma4-31b,boolq,1308,475,0.8175927212990459,0.8037884627535226,0.1015817970654147,0.14561490878590888,0.172782874617737,0.21712538226299694,0.5810880141530297,0.22270044860049287,0.5123346180577495,0.30525810324129643,0.24766117853717834,0.30643294415272226,0.36510531411096414,0.11368421052631579,54,0.23789473684210527,0.3178947368421053,0.1919494964457742,0.23454058778542558,0.07562548476454295,0.23789473684210527,0.5221238938053098,0.6423841059602649
qwen3-8b-base,gemma4-31b,geometry_of_truth,2012,1000,0.978013833992095,0.8609258893280631,0.1879416107582078,0.35766262315073327,0.11232604373757456,0.4393638170974155,0.8247361660079051,0.03618972332015802,0.9795543478260869,-0.0015405138339918967,0.47042440401080154,0.8312879214653937,0.809843376409664,0.012,12,0.109,0.153,-0.04168961153201758,-0.28044612340348984,0.016677,0.109,0.8899082568807339,0.9215686274509804
qwen3-8b-base,gemma4-31b,rte,111,62,0.9078341013824885,0.5602369980250165,-0.08913043478260885,-0.15806451612903227,0.17857142857142858,0.4107142857142857,0.5378538512179065,0.022383146807109955,0.5964450296247531,0.31138907175773545,0.4113840548626232,0.13274406932396554,0.10525403704202863,0.25806451612903225,16,0.3548387096774194,0.5,0.337099931231621,0.4545454545454545,0.1774193548387097,0.3548387096774194,0.2727272727272728,0.4838709677419355
qwen3-8b-base,gemma4-31b,truthfulqa,654,327,0.7682480898540153,0.7352542341179662,0.21456414567967286,0.4097710609007932,0.4115853658536585,0.5443425076452599,0.7168682022650544,0.018386031852911766,0.737283618101731,0.03096447175228423,0.35856564106573113,0.3052617682001557,0.2599886403089975,0.09480122324159021,31,0.2782874617737003,0.3058103975535168,0.046966600888447736,0.050200900421164756,0.0851031993191744,0.2782874617737003,0.6593406593406593,0.69
qwen3-8b-base,llama-8b,boolq,1308,475,0.8175927212990459,0.8038718645352878,0.1015817970654147,0.005898392652124107,0.172782874617737,0.13302752293577982,0.6367523851645922,0.1671194793706956,0.6469754217476464,0.17061729955139948,0.71843881634615,0.5777578339997269,0.5653382808998463,0.13263157894736843,63,0.23789473684210527,0.28421052631578947,0.33855580445366795,0.3818323789692868,0.06761218836565097,0.23789473684210527,0.4424778761061946,0.5333333333333332
qwen3-8b-base,llama-8b,geometry_of_truth,2012,1000,0.978013833992095,0.9624298418972332,0.1879416107582078,-0.003726636142166506,0.11232604373757456,0.006958250497017893,0.9688389328063243,-0.006409090909091031,0.9698399209486165,0.008173913043478476,0.9350105129805777,0.8976810694668679,0.8828709839384864,0.089,89,0.109,0.14,0.6819268472487519,0.7866439086835932,0.015260000000000001,0.109,0.1834862385321101,0.3642857142857143
qwen3-8b-base,llama-8b,imdb,2000,1018,0.9544712486845738,0.9614345047795486,-0.04119972436804109,0.002498296615943696,0.091,0.019,0.8076666840056178,0.1537678207739308,0.8789137680608516,0.07555748062372214,0.9053257988005101,0.7231999589468963,0.7049784522833493,0.06777996070726916,69,0.10609037328094302,0.10805500982318271,0.5890583621383986,0.5951419481155166,0.011463596327017418,0.10609037328094302,0.36111111111111105,0.3727272727272727
qwen3-8b-base,llama-8b,rte,111,62,0.9078341013824885,0.7373271889400922,-0.08913043478260885,-0.044795783926218746,0.17857142857142858,0.21428571428571427,0.673140223831468,0.0641869651086242,0.7913100724160632,0.11652402896642533,0.9307400520985576,0.2787263831113589,0.23294455575491357,0.3064516129032258,19,0.3548387096774194,0.45161290322580644,0.6140115000801782,0.7513368983957222,0.16024973985431842,0.3548387096774194,0.13636363636363635,0.3214285714285714
qwen3-8b-base,llama-8b,truthfulqa,654,327,0.7682480898540153,0.8372939053016487,0.21456414567967286,0.17202204641745722,0.4115853658536585,0.3780487804878049,0.8094717055242263,0.027822199777422396,0.7995305296037558,-0.03128243974974054,0.9352974851095065,0.4715845770350954,0.41498858817205864,0.11314984709480122,37,0.2782874617737003,0.2324159021406728,0.2560712693649811,0.2889719000892061,0.06467843148257255,0.2324159021406728,0.5131578947368421,0.5131578947368421
qwen3-8b-base,qwen3-32b,boolq,1308,475,0.8175927212990459,0.8994528337650849,0.1015817970654147,0.00815151483196086,0.172782874617737,0.05963302752293578,0.7539824350792949,0.14547039868579004,0.816187527642636,0.0014051936564098977,0.6493162415838298,0.38596071212415384,0.4921029845584307,0.12,57,0.23789473684210527,0.2631578947368421,0.30611684790047566,0.3274336283185841,0.06260387811634349,0.23789473684210527,0.49557522123893805,0.544
qwen3-8b-base,qwen3-32b,geometry_of_truth,2012,1000,0.978013833992095,0.9940830039525692,0.1879416107582078,0.04581129706102549,0.11232604373757456,0.020874751491053677,0.9836531620553359,0.010429841897233283,0.9927737154150198,-0.014759881422924837,0.9672687783791177,0.8634623130752019,0.8542439501020646,0.034,34,0.109,0.035,0.5270373579336052,0.9679333012666341,0.0038150000000000002,0.035,0.02857142857142858,0.02857142857142858
qwen3-8b-base,qwen3-32b,imdb,2000,1018,0.9544712486845738,0.9679236072487486,-0.04119972436804109,-0.005155837944334496,0.091,0.016966067864271458,0.896387429527167,0.0715361777215816,0.9663901103957683,-0.011918861711194495,0.658563437499525,0.5063759884173352,0.5998072114695607,0.06286836935166994,64,0.10609037328094302,0.09135559921414538,0.5993351308162707,0.6511638898735677,0.009691949621932908,0.09135559921414538,0.31182795698924737,0.31182795698924737
qwen3-8b-base,qwen3-32b,rte,111,62,0.9078341013824885,0.9265964450296248,-0.08913043478260885,0.11554054054054042,0.17857142857142858,0.15789473684210525,0.9150757077024357,0.011520737327189057,0.9025674786043449,0.005266622778143604,0.9443025933588989,0.16803573614201872,0.22564434280261148,0.1935483870967742,12,0.3548387096774194,0.22580645161290322,0.5669705704052264,0.7785714285714285,0.08012486992715921,0.22580645161290322,0.1428571428571429,0.1428571428571429
qwen3-8b-base,qwen3-32b,truthfulqa,654,327,0.7682480898540153,0.8719337130245303,0.21456414567967286,0.08237167478456353,0.4115853658536585,0.22935779816513763,0.861300489109596,0.010633223914934264,0.7815185777478513,-0.013270487893836003,0.9482920808386979,0.32432900866547343,0.39351815013039493,0.12844036697247707,42,0.2782874617737003,0.27522935779816515,0.25903061474118244,0.26101694915254225,0.07659287938725697,0.27522935779816515,0.5333333333333333,0.5333333333333333
qwen3-8b-base,qwen3-8b,boolq,1308,475,0.8175927212990459,0.8764010867504898,0.1015817970654147,0.03653998232311484,0.172782874617737,0.11297709923664122,0.7783483919883742,0.09805269476211553,0.8449333417577558,-0.027340620458709886,0.7903125629888029,0.7912431618736366,0.7778301111361109,0.13894736842105262,66,0.23789473684210527,0.28421052631578947,0.37144210447728604,0.4189224362311296,0.06761218836565097,0.23789473684210527,0.4159292035398231,0.5111111111111111
qwen3-8b-base,qwen3-8b,geometry_of_truth,2012,1000,0.978013833992095,0.991548418972332,0.1879416107582078,0.2845637421816515,0.11232604373757456,0.042743538767395624,0.9790167984189724,0.012531620553359657,0.9940632411067194,-0.016049407114624437,0.9935894006314477,0.9342754278609545,0.9316716661631783,0.041,41,0.109,0.041,0.5911643386379041,1.0,0.004469,0.041,0.0,0.0
qwen3-8b-base,qwen3-8b,imdb,2000,1018,0.9544712486845738,0.9642264093566316,-0.04119972436804109,-0.03160827762420304,0.091,0.101,0.9035517507672486,0.060674658589383035,0.9719269043169988,-0.017455655632425016,0.9265818466790368,0.8451853953372443,0.8458153983261831,0.06679764243614932,68,0.10609037328094302,0.10903732809430255,0.5754022664245201,0.5843031565192535,0.011567810839081214,0.10609037328094302,0.37037037037037035,0.3873873873873873
qwen3-8b-base,qwen3-8b,rte,111,62,0.9078341013824885,0.890717577353522,-0.08913043478260885,-0.005102040816326592,0.17857142857142858,0.25,0.8775510204081632,0.013166556945358732,0.8492429229756419,0.05859117840684669,0.9571378895726386,0.3049014954536793,0.3087154539382806,0.25806451612903225,16,0.3548387096774194,0.25806451612903225,0.7952427724875442,1.0000000000000002,0.09157127991675339,0.25806451612903225,0.0,0.0
qwen3-8b-base,qwen3-8b,truthfulqa,654,327,0.7682480898540153,0.8019714015842287,0.21456414567967286,0.13299935358758908,0.4115853658536585,0.345565749235474,0.8006434175948526,0.0013279839893761691,0.7455694900354441,0.02267859981857112,0.9589882783613056,0.5853347772033877,0.5729508804417175,0.1743119266055046,57,0.2782874617737003,0.3516819571865443,0.35722437502200055,0.423698942566867,0.09786867921705056,0.2782874617737003,0.3736263736263735,0.5043478260869565
qwen3-8b-base,qwen38-27b,boolq,1308,475,0.8175927212990459,0.9197599039615847,0.1015817970654147,0.23212161128579933,0.172782874617737,0.1173780487804878,0.7789827509951349,0.14077715296644977,0.7347671700259051,0.08282555127314084,0.5312562557215518,0.3969718674722157,0.4853632735149639,0.09052631578947369,43,0.23789473684210527,0.18526315789473685,0.2808098874165842,0.329011803114013,0.044073130193905824,0.18526315789473685,0.5113636363636364,0.5113636363636364
qwen3-8b-base,qwen38-27b,geometry_of_truth,2012,1000,0.978013833992095,0.9864713438735179,0.1879416107582078,0.3001201923076924,0.11232604373757456,0.09542743538767395,0.9827124505928855,0.0037588932806323916,0.9831304347826088,-0.005116600790513792,0.620065003565217,0.8891942213759013,0.8395460112664905,0.048,48,0.109,0.057,0.578356762404363,0.8227892964735068,0.006213,0.057,0.1578947368421053,0.1578947368421053
qwen3-8b-base,qwen38-27b,rte,111,62,0.9078341013824885,0.945029624753127,-0.08913043478260885,0.39655172413793116,0.17857142857142858,0.44642857142857145,0.9364713627386438,0.008558262014483176,0.8683344305464121,0.03949967083607642,0.7504198725391166,0.23242868244265524,0.23164715151159343,0.2903225806451613,18,0.3548387096774194,0.3064516129032258,0.8231956338069709,0.9184210526315789,0.10874089490114465,0.3064516129032258,0.05263157894736836,0.05263157894736836
qwen3-8b-base,qwen38-27b,truthfulqa,654,327,0.7682480898540153,0.7595787859233698,0.21456414567967286,0.2745299977529774,0.4115853658536585,0.4923547400611621,0.8255477933956176,-0.06596900747224776,0.6375071308999429,0.13074095895407234,0.5427676724238578,0.3861407382696437,0.40041149524800046,0.1345565749235474,44,0.2782874617737003,0.3486238532110092,0.1757755409360915,0.2070886859619254,0.09701764722385882,0.2782874617737003,0.5164835164835164,0.6140350877192984
qwen38-27b,gemma4-31b,boolq,1308,475,0.9197599039615847,0.8037884627535226,0.23212161128579933,0.14561490878590888,0.1173780487804878,0.21712538226299694,0.7586478802047134,0.04514058254880915,0.8022922853351867,0.11746761862639798,0.4244450460500132,0.274000032910547,0.23666994896491522,0.11157894736842106,53,0.18526315789473685,0.3178947368421053,0.29121548572379885,0.41691217732884395,0.058894182825484774,0.18526315789473685,0.3977272727272727,0.6490066225165563
qwen38-27b,gemma4-31b,geometry_of_truth,2012,1000,0.9864713438735179,0.8609258893280631,0.3001201923076924,0.35766262315073327,0.09542743538767395,0.4393638170974155,0.8503092885375494,0.010616600790513742,0.9621689723320158,0.024302371541502055,0.9581727889421018,0.8129665558862927,0.8350996887427452,0.01,10,0.057,0.153,0.015324624779362217,0.026491849458356656,0.008721,0.057,0.8245614035087719,0.934640522875817
qwen38-27b,gemma4-31b,rte,111,62,0.945029624753127,0.5602369980250165,0.39655172413793116,-0.15806451612903227,0.44642857142857145,0.4107142857142857,0.5332455562870309,0.026991441737985622,0.6642527978933509,0.2807768268597761,0.5681967832534952,0.15541305418601825,0.12166375945490782,0.27419354838709675,17,0.3064516129032258,0.5,0.5247835714059897,0.7894736842105265,0.1532258064516129,0.3064516129032258,0.10526315789473695,0.4516129032258065
qwen38-27b,gemma4-31b,truthfulqa,654,327,0.7595787859233698,0.7352542341179662,0.2745299977529774,0.4097710609007932,0.4923547400611621,0.5443425076452599,0.5607739715138083,0.17448026260415794,0.7369843541041252,0.022594431819244587,0.683702108668573,0.30073213023114265,0.23800367635932018,0.1559633027522936,51,0.3486238532110092,0.3058103975535168,0.2247666838677616,0.24774647887323942,0.1066127991470976,0.3058103975535168,0.49,0.49
qwen38-27b,qwen3-32b,boolq,1308,475,0.9197599039615847,0.8994528337650849,0.23212161128579933,0.00815151483196086,0.1173780487804878,0.05963302752293578,0.8945498199279712,0.004903013837113668,0.9209881847475831,-0.001228280785998459,0.30789855049660964,0.4207953132599407,0.4326257377737627,0.13473684210526315,64,0.18526315789473685,0.2631578947368421,0.5025923601747815,0.6298701298701299,0.04875346260387812,0.18526315789473685,0.2727272727272728,0.488
qwen38-27b,qwen3-32b,geometry_of_truth,2012,1000,0.9864713438735179,0.9940830039525692,0.3001201923076924,0.04581129706102549,0.09542743538767395,0.020874751491053677,0.9881719367588933,0.005911067193675956,0.9927658102766799,-0.006294466403162002,0.4324514320730164,0.8653941352207358,0.8971293509073908,0.031,31,0.057,0.035,0.6807410132608842,0.8788062414785633,0.0019950000000000002,0.035,0.11428571428571432,0.11428571428571432
qwen38-27b,qwen3-32b,rte,111,62,0.945029624753127,0.9265964450296248,0.39655172413793116,0.11554054054054042,0.44642857142857145,0.15789473684210525,0.9200131665569453,0.006583278472679477,0.9499670836076366,-0.00493745885450958,0.6297777726644376,0.2048925773300464,0.26190610246064827,0.1774193548387097,11,0.3064516129032258,0.22580645161290322,0.5614326506395697,0.6910299003322259,0.0691987513007284,0.22580645161290322,0.2142857142857142,0.2142857142857142
qwen38-27b,qwen3-32b,truthfulqa,654,327,0.7595787859233698,0.8719337130245303,0.2745299977529774,0.08237167478456353,0.4923547400611621,0.22935779816513763,0.7512742099898063,0.12065950303472395,0.8205164174358687,-0.06093763151249887,0.4935037249826825,0.3846186296408418,0.4319719397043783,0.19877675840978593,65,0.3486238532110092,0.27522935779816515,0.4831228500234824,0.5735524256651019,0.09595151923238786,0.27522935779816515,0.2777777777777778,0.2777777777777778
