overseer,target,dataset,n,n_false,auroc_a,auroc_b,gate_a_edge_a,gate_a_edge_b,conf_wrong_a,conf_wrong_b,transfer_a_to_b,gap_a_to_b,transfer_b_to_a,gap_b_to_a,cka,map_r2_a_to_b,map_r2_b_to_a,fa_rate,row2_n,p_overseer,p_target,rho,rho_over_max,fa_independent,frechet_hi,coverage_strong,coverage_target
gemma4-12b,gemma4-12b-base,boolq,1308,475,0.6027472041448159,0.8396689201996588,0.08277276456111571,0.056777378815080826,0.3516819571865443,0.1491628614916286,0.6096518607442978,0.230017059455361,0.5111695204397548,0.09157768370506103,0.16200332926963848,0.053801230358523355,-0.01462956461364917,0.5094736842105263,242,0.84,0.5621052631578948,0.2051052538015186,0.4147940074906365,0.47216842105263157,0.5621052631578948,0.09363295880149825,0.09363295880149825
gemma4-12b,gemma4-12b-base,geometry_of_truth,2012,1000,0.7523379446640317,0.9978250988142292,0.2830238213673796,0.1383281637717122,0.4846077457795432,0.09343936381709742,0.9762974308300395,0.021527667984189702,0.6310167984189723,0.12132114624505941,0.6083397197768711,0.6737398299274755,0.5691552373791315,0.01,10,0.327,0.023,0.035252012744409554,0.16015246462949795,0.007521,0.023,0.5652173913043478,0.5652173913043478
gemma4-12b,gemma4-12b-base,imdb,2000,1018,0.6415538634517584,0.9374677395476134,0.15165737051792827,0.38462878345971885,0.49201596806387227,0.4132804757185332,0.5348552931149693,0.40261244643264416,0.4981784098047768,0.14337545364698157,0.092931841820842,-0.0012267523594033936,-0.1836271415281987,0.08349705304518663,85,0.40078585461689586,0.16895874263261296,0.08593688141100204,0.15587113991612656,0.06771627406100794,0.16895874263261296,0.5058139534883721,0.5058139534883721
gemma4-12b,gemma4-12b-base,rte,111,62,0.4555628703094141,0.7998683344305464,-0.019230769230769162,0.13109354413702234,0.5535714285714286,0.375,0.6461487820934825,0.1537195523370639,0.445029624753127,0.010533245556287096,0.38513556767046964,-0.1624561015589363,0.0204659738741384,0.43548387096774194,27,0.8225806451612904,0.4838709677419355,0.1962209820503186,0.43636363636363645,0.3980228928199792,0.4838709677419355,0.09999999999999998,0.09999999999999998
gemma4-12b,gemma4-12b-base,truthfulqa,654,327,0.6739425226084599,0.9063210167494319,0.18314732142857137,0.29417670682730923,0.46646341463414637,0.43902439024390244,0.6837621225299031,0.2225588942195288,0.499265868005873,0.17467665460258686,0.2243418816606011,-0.19099889982524232,-0.16413787378792533,0.05198776758409786,17,0.3547400611620795,0.11926605504587157,0.06242256067166399,0.12577469923441487,0.04230844766153242,0.11926605504587157,0.5641025641025641,0.5641025641025641
gemma4-12b,gemma4-31b,boolq,1308,475,0.6027472041448159,0.8539836987426548,0.08277276456111571,0.20299066890333395,0.3516819571865443,0.21712538226299694,0.5807518796992481,0.27323181904340665,0.48707651481645287,0.115670689328363,0.22632054516057964,0.18371097097691158,0.11610384187855016,0.30526315789473685,145,0.84,0.3642105263157895,-0.0038187728032228457,-0.006622516556291379,0.3059368421052632,0.3642105263157895,0.161849710982659,0.161849710982659
gemma4-12b,gemma4-31b,geometry_of_truth,2012,1000,0.7523379446640317,0.9748399209486167,0.2830238213673796,0.4643304130162704,0.4846077457795432,0.4393638170974155,0.7465918972332015,0.2282480237154152,0.5842144268774704,0.16812351778656132,0.637798991908479,0.7304495730301382,0.6190063851139673,0.049,49,0.327,0.089,0.1489539415126905,0.3321869208808455,0.029103,0.089,0.449438202247191,0.449438202247191
gemma4-12b,gemma4-31b,rte,111,62,0.4555628703094141,0.6761026991441739,-0.019230769230769162,0.08322580645161293,0.5535714285714286,0.4107142857142857,0.6500987491770902,0.02600394996708366,0.49374588545095455,-0.03818301514154043,0.33866551027080155,-0.04298267617665874,0.10033087842792687,0.45161290322580644,28,0.8225806451612904,0.5,0.21110016546037455,0.4545454545454547,0.4112903225806452,0.5,0.09677419354838712,0.09677419354838712
gemma4-12b,gemma4-31b,truthfulqa,654,327,0.6739425226084599,0.8402397852780819,0.18314732142857137,0.4962217566960945,0.46646341463414637,0.5443425076452599,0.6416313628669492,0.19860842241113263,0.5588194035294448,0.11512311907901507,0.27470499981433355,-0.08403517932539262,-0.07538100918396151,0.09785932721712538,32,0.3547400611620795,0.21406727828746178,0.1117047917915485,0.15870006770480705,0.07593823939249408,0.21406727828746178,0.5428571428571429,0.5428571428571429
gemma4-12b,qwen3-32b,boolq,1308,475,0.6027472041448159,0.9362734567511214,0.08277276456111571,0.021533497136951962,0.3516819571865443,0.05963302752293578,0.6302672648006571,0.3060061919504643,0.47897896000505463,0.12376824413976123,0.47799253313280965,0.013663722873370254,0.029482884673861953,0.20421052631578948,97,0.84,0.2336842105263158,0.05102417945622618,0.21171171171171163,0.19629473684210527,0.2336842105263158,0.12612612612612617,0.12612612612612617
gemma4-12b,qwen3-32b,geometry_of_truth,2012,1000,0.7523379446640317,0.9990424901185772,0.2830238213673796,0.131348257625154,0.4846077457795432,0.020874751491053677,0.9789683794466403,0.020074110671936873,0.6486739130434783,0.10366403162055338,0.30086408052706,0.6746750996981339,0.6168952394401875,0.011,11,0.327,0.022,0.05531037560396805,0.2570579494799406,0.007194,0.022,0.5,0.5
gemma4-12b,qwen3-32b,imdb,2000,1018,0.6415538634517584,0.9742246487862068,0.15165737051792827,-0.001785894504973795,0.49201596806387227,0.016966067864271458,0.928548849827344,0.04567579895886287,0.5405881505607817,0.10096571289097667,0.19854446188109773,-0.03360441686942206,-0.30279115426682046,0.04518664047151277,46,0.40078585461689586,0.07956777996070727,0.1002632813101612,0.27889091277069417,0.031889640691521184,0.07956777996070727,0.4320987654320987,0.4320987654320987
gemma4-12b,qwen3-32b,rte,111,62,0.4555628703094141,0.9410796576695195,-0.019230769230769162,0.11013513513513506,0.5535714285714286,0.15789473684210525,0.9203423304805793,0.02073732718894017,0.45029624753127057,0.005266622778143548,0.5715837344367497,-0.14082433133708827,0.08199824559329238,0.1935483870967742,12,0.8225806451612904,0.20967741935483872,0.13549830799325568,0.5664335664335666,0.17247658688865766,0.20967741935483872,0.07692307692307698,0.07692307692307698
gemma4-12b,qwen3-32b,truthfulqa,654,327,0.6739425226084599,0.9729540162163678,0.18314732142857137,0.16693518171599842,0.46646341463414637,0.22935779816513763,0.831308625349531,0.1416453908668368,0.5023239719814082,0.17161855062705167,0.1519338740241337,-0.1814653489487692,-0.053019089979045475,0.04281345565749235,14,0.3547400611620795,0.10091743119266056,0.04866989462826622,0.1077121930202499,0.03579945571360436,0.10091743119266056,0.5757575757575758,0.5757575757575758
gemma4-12b,qwen38-27b,boolq,1308,475,0.6027472041448159,0.9482352941176471,0.08277276456111571,0.30406008328375966,0.3516819571865443,0.1173780487804878,0.6503873128198647,0.29784798129778234,0.5231212484993998,0.07962595564541608,0.3065537675776339,0.010293349006662456,-0.02484453469589676,0.17473684210526316,83,0.84,0.1957894736842105,0.0706231414532271,0.3279569892473121,0.16446315789473684,0.1957894736842105,0.10752688172043001,0.10752688172043001
gemma4-12b,qwen38-27b,geometry_of_truth,2012,1000,0.7523379446640317,0.9984644268774703,0.2830238213673796,0.3610863095238096,0.4846077457795432,0.09542743538767395,0.9833774703557312,0.015086956521739081,0.6295296442687747,0.12280830039525703,0.6365833460063448,0.7123363503507149,0.5729845232534418,0.013,13,0.327,0.022,0.08437520776580096,0.39213832230176954,0.007194,0.022,0.40909090909090906,0.40909090909090906
gemma4-12b,qwen38-27b,rte,111,62,0.4555628703094141,0.978275181040158,-0.019230769230769162,0.42720306513409967,0.5535714285714286,0.44642857142857145,0.9611586570111916,0.01711652402896635,0.4608294930875576,-0.005266622778143493,0.5158586307625909,-0.09960211175693501,0.07936265358183059,0.1774193548387097,11,0.8225806451612904,0.1774193548387097,0.2156862745098039,1.0000000000000002,0.14594172736732572,0.1774193548387097,0.0,0.0
gemma4-12b,qwen38-27b,truthfulqa,654,327,0.6739425226084599,0.9643501762851986,0.18314732142857137,0.4490113100142312,0.46646341463414637,0.4923547400611621,0.829120257367038,0.1352299189181606,0.6097316911221465,0.06421083148631335,0.2307168371030806,-0.13340188845680956,-0.0690018503532186,0.04892966360856269,16,0.3547400611620795,0.11926605504587157,0.04270065019858755,0.08603718556325192,0.04230844766153242,0.11926605504587157,0.5897435897435898,0.5897435897435898
gemma4-12b-base,gemma4-12b,boolq,1308,475,0.8396689201996588,0.6027472041448159,0.056777378815080826,0.08277276456111571,0.1491628614916286,0.3516819571865443,0.5111695204397548,0.09157768370506103,0.6096518607442978,0.230017059455361,0.16200332926963848,-0.01462956461364917,0.053801230358523355,0.5094736842105263,242,0.5621052631578948,0.84,0.2051052538015186,0.4147940074906365,0.47216842105263157,0.5621052631578948,0.09363295880149825,0.393483709273183
gemma4-12b-base,gemma4-12b,geometry_of_truth,2012,1000,0.9978250988142292,0.7523379446640317,0.1383281637717122,0.2830238213673796,0.09343936381709742,0.4846077457795432,0.6310167984189723,0.12132114624505941,0.9762974308300395,0.021527667984189702,0.6083397197768708,0.5691552373791315,0.6737398299274755,0.01,10,0.023,0.327,0.035252012744409554,0.16015246462949795,0.007521,0.023,0.5652173913043478,0.9694189602446484
gemma4-12b-base,gemma4-12b,imdb,2000,1018,0.9374677395476134,0.6415538634517584,0.38462878345971885,0.15165737051792827,0.4132804757185332,0.49201596806387227,0.4981784098047768,0.14337545364698157,0.5348552931149693,0.40261244643264416,0.09293184182084196,-0.1836271415281987,-0.0012267523594033936,0.08349705304518663,85,0.16895874263261296,0.40078585461689586,0.08593688141100204,0.15587113991612656,0.06771627406100794,0.16895874263261296,0.5058139534883721,0.7916666666666667
gemma4-12b-base,gemma4-12b,rte,111,62,0.7998683344305464,0.4555628703094141,0.13109354413702234,-0.019230769230769162,0.375,0.5535714285714286,0.445029624753127,0.010533245556287096,0.6461487820934825,0.1537195523370639,0.3851355676704697,0.0204659738741384,-0.1624561015589363,0.43548387096774194,27,0.4838709677419355,0.8225806451612904,0.19622098205031857,0.4363636363636363,0.3980228928199792,0.4838709677419355,0.09999999999999998,0.47058823529411764
gemma4-12b-base,gemma4-12b,truthfulqa,654,327,0.9063210167494319,0.6739425226084599,0.29417670682730923,0.18314732142857137,0.43902439024390244,0.46646341463414637,0.499265868005873,0.17467665460258686,0.6837621225299031,0.2225588942195288,0.224341881660601,-0.16413787378792533,-0.19099889982524232,0.05198776758409786,17,0.11926605504587157,0.3547400611620795,0.06242256067166399,0.12577469923441487,0.04230844766153242,0.11926605504587157,0.5641025641025641,0.853448275862069
gemma4-12b-base,gemma4-31b,boolq,1308,475,0.8396689201996588,0.8539836987426548,0.056777378815080826,0.20299066890333395,0.1491628614916286,0.21712538226299694,0.5770240727870095,0.27695962595564527,0.5377696341694572,0.30189928603020155,0.35876567708126744,0.30021499165464893,0.35869541118384807,0.24421052631578946,116,0.5621052631578948,0.3642105263157895,0.16539224327354232,0.2475822587816807,0.2047246537396122,0.3642105263157895,0.32947976878612717,0.32947976878612717
gemma4-12b-base,gemma4-31b,geometry_of_truth,2012,1000,0.9978250988142292,0.9748399209486167,0.1383281637717122,0.4643304130162704,0.09343936381709742,0.4393638170974155,0.9200869565217391,0.054752964426877604,0.9918191699604743,0.006005928853754949,0.9502916459483259,0.8251563686349033,0.8280400108277589,0.014,14,0.023,0.089,0.28003449258283697,0.570467236195294,0.0020469999999999998,0.023,0.3913043478260869,0.8426966292134831
gemma4-12b-base,gemma4-31b,rte,111,62,0.7998683344305464,0.6761026991441739,0.13109354413702234,0.08322580645161293,0.375,0.4107142857142857,0.5523370638578011,0.12376563528637274,0.6912442396313364,0.10862409479920998,0.5306987738959815,0.11834198326427314,0.08054165101359345,0.3225806451612903,20,0.4838709677419355,0.5,0.32274861218395146,0.33333333333333337,0.24193548387096775,0.4838709677419355,0.33333333333333337,0.3548387096774194
gemma4-12b-base,gemma4-31b,truthfulqa,654,327,0.9063210167494319,0.8402397852780819,0.29417670682730923,0.4962217566960945,0.43902439024390244,0.5443425076452599,0.7444098420447214,0.09582994323336047,0.7270151221838791,0.1793058945655528,0.5973288728415135,0.2871805930715352,0.25095563238789287,0.06422018348623854,21,0.11926605504587157,0.21406727828746178,0.29103243424248004,0.4127506734510626,0.025530959795752324,0.11926605504587157,0.46153846153846156,0.7
gemma4-12b-base,qwen3-32b,boolq,1308,475,0.8396689201996588,0.9362734567511214,0.056777378815080826,0.021533497136951962,0.1491628614916286,0.05963302752293578,0.8227990143425792,0.11347444240854221,0.6697870727238263,0.16988184747583246,0.11397809533106287,0.34485928568319,0.4440117633735068,0.20842105263157895,99,0.5621052631578948,0.2336842105263158,0.3670710652400972,0.7531185031185033,0.13135512465373964,0.2336842105263158,0.10810810810810811,0.10810810810810811
gemma4-12b-base,qwen3-32b,geometry_of_truth,2012,1000,0.9978250988142292,0.9990424901185772,0.1383281637717122,0.131348257625154,0.09343936381709742,0.020874751491053677,0.9969743083003952,0.0020681818181819134,0.9932401185770752,0.004584980237154035,0.23493445147050204,0.8456317513580857,0.8690725173975478,0.013,13,0.023,0.022,0.5682108651862302,0.5812784963245559,0.0005059999999999999,0.022,0.40909090909090906,0.40909090909090906
gemma4-12b-base,qwen3-32b,imdb,2000,1018,0.9374677395476134,0.9742246487862068,0.38462878345971885,-0.001785894504973795,0.4132804757185332,0.016966067864271458,0.9643064352850322,0.009918213501174611,0.6745865660473993,0.2628811735002141,0.19139445258402896,0.4913432358789511,0.5814230484212448,0.060903732809430254,62,0.16895874263261296,0.07956777996070727,0.46801754693010983,0.7177421708548579,0.013443672056229518,0.07956777996070727,0.23456790123456794,0.23456790123456794
gemma4-12b-base,qwen3-32b,rte,111,62,0.7998683344305464,0.9410796576695195,0.13109354413702234,0.11013513513513506,0.375,0.15789473684210525,0.9210006583278473,0.020078999341672232,0.7442396313364055,0.05562870309414092,0.36363980715083816,0.14823696755017535,0.19884085430018306,0.1774193548387097,11,0.4838709677419355,0.20967741935483872,0.37340275574913284,0.7019230769230769,0.10145681581685745,0.20967741935483872,0.15384615384615385,0.15384615384615385
gemma4-12b-base,qwen3-32b,truthfulqa,654,327,0.9063210167494319,0.9729540162163678,0.29417670682730923,0.16693518171599842,0.43902439024390244,0.22935779816513763,0.9048340487613276,0.06811996745504023,0.7815840417473278,0.12473697500210412,0.2387323851332835,0.2827224762008945,0.37406868003301985,0.039755351681957186,13,0.11926605504587157,0.10091743119266056,0.2839350565418122,0.31186868686868696,0.01203602390371181,0.10091743119266056,0.6060606060606061,0.6060606060606061
gemma4-12b-base,qwen38-27b,boolq,1308,475,0.8396689201996588,0.9482352941176471,0.056777378815080826,0.30406008328375966,0.1491628614916286,0.1173780487804878,0.9022455297908637,0.04598976432678337,0.6335679534971883,0.20610096670247047,0.6459575279123149,0.3693596580811016,0.4487865178768736,0.17894736842105263,85,0.5621052631578948,0.1957894736842105,0.3499470474749145,0.8035566583953684,0.11005429362880886,0.1957894736842105,0.08602150537634401,0.08602150537634401
gemma4-12b-base,qwen38-27b,geometry_of_truth,2012,1000,0.9978250988142292,0.9984644268774703,0.1383281637717122,0.3610863095238096,0.09343936381709742,0.09542743538767395,0.995998023715415,0.002466403162055264,0.993358695652174,0.004466403162055155,0.9195836349695583,0.8807939996579028,0.8700893517237299,0.014,14,0.023,0.022,0.6136895641766439,0.6278031078440495,0.0005059999999999999,0.022,0.36363636363636354,0.36363636363636354
gemma4-12b-base,qwen38-27b,rte,111,62,0.7998683344305464,0.978275181040158,0.13109354413702234,0.42720306513409967,0.375,0.44642857142857145,0.9450296247531271,0.03324555628703085,0.7557603686635945,0.04410796576695186,0.8135440878753811,0.20121627222813165,0.19726716881564332,0.16129032258064516,10,0.4838709677419355,0.1774193548387097,0.39516725551800275,0.8238636363636365,0.0858480749219563,0.1774193548387097,0.09090909090909094,0.09090909090909094
gemma4-12b-base,qwen38-27b,truthfulqa,654,327,0.9063210167494319,0.9643501762851986,0.29417670682730923,0.4490113100142312,0.43902439024390244,0.4923547400611621,0.851284497189724,0.1130656790954746,0.7810229217518168,0.12529809499761513,0.7558859355724313,0.34965693197299696,0.3770032147467931,0.045871559633027525,15,0.11926605504587157,0.11926605504587157,0.3012820512820514,0.3012820512820514,0.014224391886204866,0.11926605504587157,0.6153846153846154,0.6153846153846154
gemma4-31b,qwen3-32b,boolq,1308,475,0.8539836987426548,0.9362734567511214,0.20299066890333395,0.021533497136951962,0.21712538226299694,0.05963302752293578,0.8836368231503129,0.0526366336008085,0.7782852088203702,0.07569848992228456,0.1954257951326655,0.2414141210187667,0.3041537048083829,0.16631578947368422,79,0.3642105263157895,0.2336842105263158,0.39878073964493993,0.5465664339836528,0.08511024930747924,0.2336842105263158,0.28828828828828823,0.28828828828828823
gemma4-31b,qwen3-32b,geometry_of_truth,2012,1000,0.9748399209486167,0.9990424901185772,0.4643304130162704,0.131348257625154,0.4393638170974155,0.020874751491053677,0.996244071146245,0.0027984189723321284,0.9280810276679842,0.04675889328063254,0.27421492707243084,0.8087807914141198,0.8297757216835838,0.01,10,0.089,0.022,0.19254360956136704,0.4012573595449558,0.0019579999999999997,0.022,0.5454545454545454,0.5454545454545454
gemma4-31b,qwen3-32b,rte,111,62,0.6761026991441739,0.9410796576695195,0.08322580645161293,0.11013513513513506,0.4107142857142857,0.15789473684210525,0.9226464779460171,0.018433179723502446,0.6599736668861093,0.016129032258064613,0.33064398490817887,0.06389865570468622,0.15110428198856674,0.14516129032258066,9,0.5,0.20967741935483872,0.19810721293758185,0.3846153846153847,0.10483870967741936,0.20967741935483872,0.3076923076923077,0.3076923076923077
gemma4-31b,qwen3-32b,truthfulqa,654,327,0.8402397852780819,0.9729540162163678,0.4962217566960945,0.16693518171599842,0.5443425076452599,0.22935779816513763,0.8953698248370414,0.07758419137932637,0.7549776019601792,0.0852621833179027,0.3120714743335453,0.1779914614090492,0.29847915533710045,0.04281345565749235,14,0.21406727828746178,0.10091743119266056,0.17167095906667348,0.26742129465864867,0.021603119827175044,0.10091743119266056,0.5757575757575758,0.5757575757575758
llama-8b,gemma4-12b,boolq,1308,475,0.8696379604473368,0.6027472041448159,0.06252870264064314,0.08277276456111571,0.13302752293577982,0.3516819571865443,0.4940974284450622,0.10864977569975365,0.44616162254375435,0.4234763379035824,0.4369072734699212,0.007591494074248972,0.07095927244191369,0.3642105263157895,173,0.40842105263157896,0.84,0.1172951496085484,0.3234536082474224,0.3430736842105263,0.40842105263157896,0.10824742268041243,0.5664160401002506
llama-8b,gemma4-12b,geometry_of_truth,2012,1000,0.9984664031620554,0.7523379446640317,0.004934380596675281,0.2830238213673796,0.006958250497017893,0.4846077457795432,0.6350800395256917,0.11725790513834,0.9876047430830039,0.010861660079051427,0.5511235443989146,0.5744353699738874,0.6573831209580125,0.011,11,0.019,0.327,0.07474303261313754,0.3743645890357395,0.006213,0.019,0.42105263157894735,0.9663608562691132
llama-8b,gemma4-12b,imdb,2000,1018,0.9706995066401515,0.6415538634517584,0.00270827351848435,0.15165737051792827,0.019,0.49201596806387227,0.507189329342707,0.13436453410905136,0.8701729360312742,0.10052657060887726,0.13825013386850823,-0.1420018474143634,0.01843176570007965,0.054027504911591355,55,0.10707269155206287,0.40078585461689586,0.07334776494737827,0.1732290570010528,0.042913220189824804,0.10707269155206287,0.4954128440366973,0.8651960784313726
llama-8b,gemma4-12b,rte,111,62,0.8196181698485846,0.4555628703094141,0.0013175230566535578,-0.019230769230769162,0.21428571428571427,0.5535714285714286,0.5164581961816985,-0.06089532587228441,0.7886767610269914,0.03094140882159324,0.5931994656032369,-0.01083557568113891,-0.1495036410712065,0.45161290322580644,28,0.5,0.8225806451612904,0.21110016546037455,0.4545454545454547,0.4112903225806452,0.5,0.09677419354838712,0.4509803921568628
llama-8b,gemma4-12b,truthfulqa,654,327,0.9435419764516642,0.6739425226084599,0.2602827040605902,0.18314732142857137,0.3780487804878049,0.46646341463414637,0.5833871073329031,0.09055541527555677,0.818393513452852,0.1251484629988121,0.194374103820744,-0.18659422671899883,-0.18567161610292082,0.05504587155963303,18,0.12538226299694188,0.3547400611620795,0.0667011430285943,0.1306207374869958,0.0444781116441751,0.12538226299694188,0.5609756097560975,0.8448275862068966
llama-8b,gemma4-12b-base,boolq,1308,475,0.8696379604473368,0.8396689201996588,0.06252870264064314,0.056777378815080826,0.13302752293577982,0.1491628614916286,0.5527314083528148,0.286937511846844,0.7708043217286914,0.09883363871864537,0.6370534627808622,0.612041485619093,0.6375805383956716,0.3368421052631579,160,0.40842105263157896,0.5621052631578948,0.4398554055223439,0.5997720063441714,0.2295756232686981,0.40842105263157896,0.17525773195876293,0.4007490636704121
llama-8b,gemma4-12b-base,geometry_of_truth,2012,1000,0.9984664031620554,0.9978250988142292,0.004934380596675281,0.1383281637717122,0.006958250497017893,0.09343936381709742,0.9921828063241107,0.0056422924901184945,0.9963922924901185,0.0020741106719368574,0.693787068411997,0.8914883083353742,0.8858689258512659,0.012,12,0.019,0.023,0.5649994455164983,0.6229057803156816,0.000437,0.019,0.36842105263157887,0.4782608695652174
llama-8b,gemma4-12b-base,imdb,2000,1018,0.9706995066401515,0.9374677395476134,0.00270827351848435,0.38462878345971885,0.019,0.4132804757185332,0.6833974207643276,0.2540703187832858,0.9453682993289826,0.02533120731116889,0.8578185029303688,0.7312708602679057,0.7594508550409315,0.07367387033398821,75,0.10707269155206287,0.16895874263261296,0.479725680162543,0.6246556921942439,0.018090867334926142,0.10707269155206287,0.31192660550458706,0.5639534883720929
llama-8b,gemma4-12b-base,rte,111,62,0.8196181698485846,0.7998683344305464,0.0013175230566535578,0.13109354413702234,0.21428571428571427,0.375,0.7251481237656353,0.07472021066491108,0.7027649769585254,0.11685319289005924,0.729165010019453,0.2531354285933922,0.306052353099997,0.3870967741935484,24,0.5,0.4838709677419355,0.5809475019311126,0.6,0.24193548387096775,0.4838709677419355,0.20000000000000007,0.20000000000000007
llama-8b,gemma4-12b-base,truthfulqa,654,327,0.9435419764516642,0.9063210167494319,0.2602827040605902,0.29417670682730923,0.3780487804878049,0.43902439024390244,0.7853341937173265,0.1209868230321054,0.8591495291268036,0.08439244732486051,0.45475114446156045,0.448542835595822,0.5010849006709825,0.04892966360856269,16,0.12538226299694188,0.11926605504587157,0.3165642774608374,0.32571274878967194,0.014953847880369216,0.11926605504587157,0.5897435897435898,0.5897435897435898
llama-8b,gemma4-31b,boolq,1308,475,0.8696379604473368,0.8539836987426548,0.06252870264064314,0.20299066890333395,0.13302752293577982,0.21712538226299694,0.6314829089530549,0.22250078978959986,0.526844000758198,0.3427939596891387,0.36972096151676515,0.3162802215449406,0.40110364850507685,0.21473684210526317,102,0.40842105263157896,0.3642105263157895,0.27896891425398257,0.30625552835661246,0.14875124653739613,0.3642105263157895,0.4104046242774566,0.4104046242774566
llama-8b,gemma4-31b,geometry_of_truth,2012,1000,0.9984664031620554,0.9748399209486167,0.004934380596675281,0.4643304130162704,0.006958250497017893,0.4393638170974155,0.9135108695652174,0.06132905138339928,0.9964723320158103,0.0019940711462450578,0.7308281617189862,0.8311408671572642,0.8270742941718244,0.01,10,0.019,0.089,0.21373874891684363,0.48003928592061923,0.0016909999999999998,0.019,0.4736842105263158,0.8876404494382022
llama-8b,gemma4-31b,rte,111,62,0.8196181698485846,0.6761026991441739,0.0013175230566535578,0.08322580645161293,0.21428571428571427,0.4107142857142857,0.6790651744568795,-0.002962475312705659,0.7653061224489796,0.054312047399605046,0.5008798939115244,0.0904316070653769,0.11482972831721272,0.3225806451612903,20,0.5,0.5,0.29032258064516125,0.29032258064516125,0.25,0.5,0.3548387096774194,0.3548387096774194
llama-8b,gemma4-31b,truthfulqa,654,327,0.9435419764516642,0.8402397852780819,0.2602827040605902,0.4962217566960945,0.3780487804878049,0.5443425076452599,0.7500303939997568,0.09020939127832506,0.8083494655332042,0.13519251091845996,0.4624349581649329,0.2781976952436037,0.30022286607208426,0.06116207951070336,20,0.12538226299694188,0.21406727828746178,0.25268271677080845,0.34829647907374006,0.02684023978527808,0.12538226299694188,0.5121951219512195,0.7142857142857143
llama-8b,qwen3-32b,boolq,1308,475,0.8696379604473368,0.9362734567511214,0.06252870264064314,0.021533497136951962,0.13302752293577982,0.05963302752293578,0.8801162570291275,0.056157199721993845,0.7602780059392178,0.10935995450811897,0.6563055519654777,0.35264638615568455,0.4706146350914686,0.18947368421052632,90,0.40842105263157896,0.2336842105263158,0.45206126979728045,0.6801962104453205,0.0954415512465374,0.2336842105263158,0.18918918918918914,0.18918918918918914
llama-8b,qwen3-32b,geometry_of_truth,2012,1000,0.9984664031620554,0.9990424901185772,0.004934380596675281,0.131348257625154,0.006958250497017893,0.020874751491053677,0.9971610671936759,0.0018814229249012326,0.9968833992094861,0.001583003952569273,0.8400632582804852,0.8589931692433554,0.8747991232038262,0.014,14,0.019,0.022,0.6782216579180554,0.7309223980195888,0.00041799999999999997,0.019,0.26315789473684204,0.36363636363636354
llama-8b,qwen3-32b,imdb,2000,1018,0.9706995066401515,0.9742246487862068,0.00270827351848435,-0.001785894504973795,0.019,0.016966067864271458,0.9685828208339502,0.005641827952256651,0.9592067829976912,0.011492723642460234,0.4697954576914892,0.5039690746066349,0.6225564702200672,0.07072691552062868,72,0.10707269155206287,0.07956777996070727,0.7434126813308349,0.8755653343112089,0.008519536361215219,0.07956777996070727,0.11111111111111116,0.11111111111111116
llama-8b,qwen3-32b,rte,111,62,0.8196181698485846,0.9410796576695195,0.0013175230566535578,0.11013513513513506,0.21428571428571427,0.15789473684210525,0.9186965108624096,0.022383146807109955,0.7728768926925609,0.04674127715602372,0.8591769309124118,0.12551163849843872,0.22943391076569142,0.1935483870967742,12,0.5,0.20967741935483872,0.43583586846268,0.8461538461538463,0.10483870967741936,0.20967741935483872,0.07692307692307698,0.07692307692307698
llama-8b,qwen3-32b,truthfulqa,654,327,0.9435419764516642,0.9729540162163678,0.2602827040605902,0.16693518171599842,0.3780487804878049,0.22935779816513763,0.9195821526433426,0.05337186357302515,0.8653124970775,0.07822947937416413,0.9470457675197045,0.28760177174245694,0.420450177192082,0.05198776758409786,17,0.12538226299694188,0.10091743119266056,0.3943335134529495,0.4456452638270818,0.012653255898773952,0.10091743119266056,0.48484848484848486,0.48484848484848486
llama-8b,qwen3-8b,boolq,1308,475,0.8696379604473368,0.9104467049977886,0.06252870264064314,0.08615155603107416,0.13302752293577982,0.11297709923664122,0.8319706830100462,0.0784760219877424,0.7834409553295002,0.08619700511783657,0.7900520986322006,0.5879384011840003,0.5771083353335658,0.25263157894736843,120,0.40842105263157896,0.3410526315789474,0.4863859204471812,0.5617503624621062,0.1392930747922438,0.3410526315789474,0.2592592592592593,0.2592592592592593
llama-8b,qwen3-8b,geometry_of_truth,2012,1000,0.9984664031620554,0.9978171936758893,0.004934380596675281,0.36606776304668076,0.006958250497017893,0.042743538767395624,0.9947065217391304,0.0031106719367588465,0.9968458498023715,0.0016205533596839183,0.9121610500373086,0.8835943458116675,0.8958372977843295,0.016,16,0.019,0.024,0.7439109540793384,0.8382226056945643,0.000456,0.019,0.1578947368421052,0.33333333333333337
llama-8b,qwen3-8b,imdb,2000,1018,0.9706995066401515,0.9680016325289396,0.00270827351848435,-0.005726935318670967,0.019,0.101,0.9647685850215469,0.003233047507392617,0.9616675802960158,0.009031926344135632,0.7991377495402918,0.6844851293853451,0.702121504439289,0.07367387033398821,75,0.10707269155206287,0.09233791748526522,0.7125783722286066,0.7736348102895397,0.009886869357459636,0.09233791748526522,0.202127659574468,0.202127659574468
llama-8b,qwen3-8b,rte,111,62,0.8196181698485846,0.9298880842659645,0.0013175230566535578,0.0680272108843537,0.21428571428571427,0.25,0.9361421988150098,-0.006254114549045342,0.7843976300197498,0.035220539828834774,0.870100118738942,0.22844928820842447,0.27792441554758185,0.22580645161290322,14,0.5,0.24193548387096775,0.4896083251505612,0.8666666666666666,0.12096774193548387,0.24193548387096775,0.06666666666666676,0.06666666666666676
llama-8b,qwen3-8b,truthfulqa,654,327,0.9435419764516642,0.9414284244685727,0.2602827040605902,0.33492243051066595,0.3780487804878049,0.345565749235474,0.8681929130544568,0.07323551141411588,0.8648261930813905,0.07871578337027363,0.9591003772866833,0.4340223481998601,0.4765173831302466,0.06116207951070336,20,0.12538226299694188,0.13149847094801223,0.3991966596063096,0.4102542081758844,0.016487575868099392,0.12538226299694188,0.5121951219512195,0.5348837209302326
llama-8b,qwen3-8b-base,boolq,1308,475,0.8696379604473368,0.8963492765527262,0.06252870264064314,0.2084798717550258,0.13302752293577982,0.172782874617737,0.6719201364756429,0.22442914007708337,0.7868579010551591,0.0827800593921777,0.7184388163461487,0.5653382808998463,0.5777578339997269,0.25684210526315787,122,0.40842105263157896,0.3452631578947368,0.4956210498556773,0.5670948702369587,0.14101274238227146,0.3452631578947368,0.25609756097560976,0.25609756097560976
llama-8b,qwen3-8b-base,geometry_of_truth,2012,1000,0.9984664031620554,0.9982796442687747,0.004934380596675281,0.33697688015935134,0.006958250497017893,0.11232604373757456,0.9962539525691699,0.002025691699604759,0.9967816205533597,0.0016847826086956452,0.9350105129805812,0.8828709839384864,0.8976810694668679,0.016,16,0.019,0.03,0.6625339344723564,0.8372219207813347,0.00057,0.019,0.1578947368421052,0.4666666666666667
llama-8b,qwen3-8b-base,imdb,2000,1018,0.9706995066401515,0.9740926060043454,0.00270827351848435,0.02415406375802409,0.019,0.091,0.9632260852516215,0.010866520752723985,0.9618826499785931,0.008816856661558403,0.9053257988005082,0.7049784522833493,0.7231999589468963,0.07760314341846758,79,0.10707269155206287,0.09430255402750491,0.7470352884361534,0.8016822515584892,0.010097228279958776,0.09430255402750491,0.17708333333333337,0.17708333333333337
llama-8b,qwen3-8b-base,rte,111,62,0.8196181698485846,0.9361421988150098,0.0013175230566535578,-0.02608695652173909,0.21428571428571427,0.17857142857142858,0.9384463462804478,-0.0023041474654379446,0.7873601053324556,0.032258064516129004,0.9307400520985505,0.23294455575491357,0.2787263831113589,0.27419354838709675,17,0.5,0.3064516129032258,0.5247835714059896,0.7894736842105264,0.1532258064516129,0.3064516129032258,0.10526315789473695,0.10526315789473695
llama-8b,qwen3-8b-base,truthfulqa,654,327,0.9435419764516642,0.9171880406624956,0.2602827040605902,0.37568311231704055,0.3780487804878049,0.4115853658536585,0.8426713052586294,0.07451673540386616,0.8735048490119612,0.07003712743970292,0.9352974851095079,0.41498858817205864,0.4715845770350954,0.0672782874617737,22,0.12538226299694188,0.15902140672782875,0.39091215733627493,0.44895787139689575,0.019938463840492287,0.12538226299694188,0.46341463414634143,0.576923076923077
llama-8b,qwen38-27b,boolq,1308,475,0.8696379604473368,0.9482352941176471,0.06252870264064314,0.30406008328375966,0.13302752293577982,0.1173780487804878,0.9055942376950781,0.04264105642256899,0.7723940102356732,0.09724395021166354,0.7194276833170263,0.36337133202140137,0.4652665057403441,0.16210526315789472,77,0.40842105263157896,0.1957894736842105,0.4211322930950684,0.7091799640301534,0.07996454293628809,0.1957894736842105,0.17204301075268813,0.17204301075268813
llama-8b,qwen38-27b,geometry_of_truth,2012,1000,0.9984664031620554,0.9984644268774703,0.004934380596675281,0.3610863095238096,0.006958250497017893,0.09542743538767395,0.9964021739130434,0.0020622529644268583,0.9968784584980237,0.0015879446640316708,0.8402299547406259,0.8903691259232129,0.8687461481224766,0.014,14,0.019,0.022,0.6782216579180553,0.7309223980195887,0.00041799999999999997,0.019,0.26315789473684204,0.36363636363636354
llama-8b,qwen38-27b,rte,111,62,0.8196181698485846,0.978275181040158,0.0013175230566535578,0.42720306513409967,0.21428571428571427,0.44642857142857145,0.9618169848584595,0.016458196181698526,0.7626728110599078,0.05694535878867679,0.8780604654679152,0.17989026915197615,0.2297461282358365,0.16129032258064516,10,0.5,0.1774193548387097,0.37998029782867415,0.8181818181818181,0.08870967741935484,0.1774193548387097,0.09090909090909094,0.09090909090909094
llama-8b,qwen38-27b,truthfulqa,654,327,0.9435419764516642,0.9643501762851986,0.2602827040605902,0.4490113100142312,0.3780487804878049,0.4923547400611621,0.8830345369357236,0.08131563934947494,0.8694647850442816,0.07407719140738256,0.6879335669247933,0.35171763751022356,0.42639779492826757,0.05504587155963303,18,0.12538226299694188,0.11926605504587157,0.37355107555040173,0.3843464228079612,0.014953847880369216,0.11926605504587157,0.5384615384615384,0.5384615384615384
olmo3-7b,gemma4-12b,boolq,1308,475,0.8349049093321539,0.6027472041448159,0.18222891566265065,0.08277276456111571,0.24770642201834864,0.3516819571865443,0.5038706008719277,0.09887660327288816,0.5325229038984014,0.3023820054337525,0.26339951755104435,0.016843429925909037,0.02954179208378238,0.5326315789473685,253,0.5894736842105263,0.84,0.20778971461069493,0.3973214285714283,0.495157894736842,0.5894736842105263,0.09642857142857131,0.3659147869674185
olmo3-7b,gemma4-12b,geometry_of_truth,2012,1000,0.9945158102766798,0.7523379446640317,0.022621610845295015,0.2830238213673796,0.019880715705765408,0.4846077457795432,0.6159268774703557,0.13641106719367602,0.9621749011857708,0.03234090909090903,0.6480667673834142,0.6088627185179308,0.6463338887616313,0.03,30,0.057,0.327,0.1044580410840507,0.29616016266520684,0.018639000000000003,0.057,0.4736842105263158,0.908256880733945
olmo3-7b,gemma4-12b,imdb,2000,1018,0.9654898187012593,0.6415538634517584,0.13681730217889898,0.15165737051792827,0.128,0.49201596806387227,0.508684813879697,0.13286904957206136,0.8915728696097536,0.0739169490915057,0.09705438602009264,-0.18452314924072577,-0.03847712005218895,0.05992141453831041,61,0.11198428290766209,0.40078585461689586,0.09732020877996608,0.22412999712395743,0.0448817165288076,0.11198428290766209,0.4649122807017545,0.8504901960784313
olmo3-7b,gemma4-12b,rte,111,62,0.8594470046082949,0.4555628703094141,0.01023391812865504,-0.019230769230769162,0.25,0.5535714285714286,0.45622119815668205,-0.0006583278472679366,0.8446346280447663,0.014812376563528629,0.4380801200352106,0.06533477030800872,-0.17304454249099477,0.3387096774193548,21,0.4032258064516129,0.8225806451612904,0.03748102569541324,0.09818181818181815,0.3316857440166493,0.4032258064516129,0.16000000000000003,0.5882352941176472
olmo3-7b,gemma4-12b,truthfulqa,654,327,0.8957626088338991,0.6739425226084599,0.3714649109681281,0.18314732142857137,0.5045871559633027,0.46646341463414637,0.5421354356629164,0.13180708694554344,0.6833225785334194,0.21244003030047975,0.2587722309635908,-0.08034099891677204,-0.21905239185816328,0.07033639143730887,23,0.1712538226299694,0.3547400611620795,0.05318326357811175,0.08674678402166554,0.06075059151399526,0.1712538226299694,0.5892857142857142,0.8017241379310345
olmo3-7b,gemma4-12b-base,boolq,1308,475,0.8349049093321539,0.8396689201996588,0.18222891566265065,0.056777378815080826,0.24770642201834864,0.1491628614916286,0.5393011941618753,0.3003677260377835,0.5408403361344538,0.2940645731977001,0.6712041736823896,0.5516112674572575,0.5205792441207715,0.4,190,0.5894736842105263,0.5621052631578948,0.2812987473682513,0.2975127244790166,0.3313462603878116,0.5621052631578948,0.28838951310861427,0.28838951310861427
olmo3-7b,gemma4-12b-base,geometry_of_truth,2012,1000,0.9945158102766798,0.9978250988142292,0.022621610845295015,0.1383281637717122,0.019880715705765408,0.09343936381709742,0.9927766798418972,0.005048418972331992,0.9900207509881424,0.00449505928853744,0.9267595206082782,0.8710947188868037,0.8405009232461287,0.02,20,0.057,0.023,0.5377514498214643,0.8616810364701,0.001311,0.023,0.13043478260869557,0.13043478260869557
olmo3-7b,gemma4-12b-base,imdb,2000,1018,0.9654898187012593,0.9374677395476134,0.13681730217889898,0.38462878345971885,0.128,0.4132804757185332,0.6532386493223805,0.2842290902252329,0.9272814391862964,0.03820837951496292,0.8596726806555247,0.6405671501886292,0.5913078795414943,0.07367387033398821,75,0.11198428290766209,0.16895874263261296,0.4633600569308381,0.5883414209282072,0.018920723634693395,0.11198428290766209,0.3421052631578948,0.5639534883720929
olmo3-7b,gemma4-12b-base,rte,111,62,0.8594470046082949,0.7998683344305464,0.01023391812865504,0.13109354413702234,0.25,0.375,0.7448979591836735,0.05497037524687287,0.7893350888742592,0.07011191573403575,0.8037412103600803,0.22482669748414674,0.17282024116780292,0.3064516129032258,19,0.4032258064516129,0.4838709677419355,0.4541897051764695,0.535,0.1951092611862643,0.4032258064516129,0.24,0.3666666666666667
olmo3-7b,gemma4-12b-base,truthfulqa,654,327,0.8957626088338991,0.9063210167494319,0.3714649109681281,0.29417670682730923,0.5045871559633027,0.43902439024390244,0.792423009660616,0.11389800708881592,0.8085178015318576,0.08724480730204154,0.7477505413437369,0.402085345675269,0.323010279960689,0.05504587155963303,18,0.1712538226299694,0.11926605504587157,0.28354971041487725,0.3502696565427192,0.020424767836601857,0.11926605504587157,0.5384615384615384,0.5384615384615384
olmo3-7b,gemma4-31b,boolq,1308,475,0.8349049093321539,0.8539836987426548,0.18222891566265065,0.20299066890333395,0.24770642201834864,0.21712538226299694,0.6316749857837872,0.22230871295886756,0.5322145700385417,0.3026903392936122,0.36669306997891693,0.29774812976011633,0.3246150906473514,0.26105263157894737,124,0.5894736842105263,0.3642105263157895,0.1958433548608156,0.3100637320290499,0.21469252077562326,0.3642105263157895,0.2832369942196532,0.2832369942196532
olmo3-7b,gemma4-31b,geometry_of_truth,2012,1000,0.9945158102766798,0.9748399209486167,0.022621610845295015,0.4643304130162704,0.019880715705765408,0.4393638170974155,0.9325148221343873,0.04232509881422941,0.988651185770751,0.005864624505928839,0.9655294050688236,0.8338054607997959,0.8036817485827814,0.024,24,0.057,0.089,0.28670437232350116,0.3644924605696458,0.005073,0.057,0.5789473684210527,0.7303370786516854
olmo3-7b,gemma4-31b,rte,111,62,0.8594470046082949,0.6761026991441739,0.01023391812865504,0.08322580645161293,0.25,0.4107142857142857,0.6714944042132982,0.004608294930875667,0.8341013824884792,0.025345622119815725,0.4959384844649292,0.11139145657447391,0.0402567856349233,0.22580645161290322,14,0.4032258064516129,0.5,0.09863939238321437,0.12000000000000001,0.20161290322580644,0.4032258064516129,0.43999999999999995,0.5483870967741935
olmo3-7b,gemma4-31b,truthfulqa,654,327,0.8957626088338991,0.8402397852780819,0.3714649109681281,0.4962217566960945,0.5045871559633027,0.5443425076452599,0.7430631540554947,0.09717663122258713,0.7579047779367618,0.13785783089713732,0.642584584775433,0.2916097101517212,0.18310967875242223,0.0856269113149847,28,0.1712538226299694,0.21406727828746178,0.31688771086748624,0.3638132295719844,0.03665983970672128,0.1712538226299694,0.5,0.6000000000000001
olmo3-7b,llama-8b,boolq,1308,475,0.8349049093321539,0.8696379604473368,0.18222891566265065,0.06252870264064314,0.24770642201834864,0.13302752293577982,0.7834889745371834,0.08614898591015341,0.6065381942250584,0.2283667151070955,0.7397503075350446,0.6125602206663476,0.5579866047868196,0.30736842105263157,146,0.5894736842105263,0.40842105263157896,0.27549177316143786,0.3973037272006344,0.24075346260387812,0.40842105263157896,0.24742268041237114,0.24742268041237114
olmo3-7b,llama-8b,geometry_of_truth,2012,1000,0.9945158102766798,0.9984664031620554,0.022621610845295015,0.004934380596675281,0.019880715705765408,0.006958250497017893,0.9958162055335968,0.0026501976284585282,0.9896195652173913,0.00489624505928854,0.7859281017829859,0.89005524646761,0.8665468003787096,0.017,17,0.057,0.019,0.5028710542279804,0.8883741697828874,0.001083,0.019,0.10526315789473673,0.10526315789473673
olmo3-7b,llama-8b,imdb,2000,1018,0.9654898187012593,0.9706995066401515,0.13681730217889898,0.00270827351848435,0.128,0.019,0.9598309852392176,0.010868521400933862,0.952398577138993,0.013091241562266265,0.8772267511245753,0.6914202084512653,0.6140135800912749,0.0825147347740668,84,0.11198428290766209,0.10707269155206287,0.7232731815879627,0.741718762685719,0.011990458582451048,0.10707269155206287,0.22935779816513757,0.22935779816513757
olmo3-7b,llama-8b,rte,111,62,0.8594470046082949,0.8196181698485846,0.01023391812865504,0.0013175230566535578,0.25,0.21428571428571427,0.7781435154707045,0.041474654377880116,0.8531928900592495,0.006254114549045453,0.6943722257672962,0.2797547794676173,0.16898802598474238,0.3064516129032258,19,0.4032258064516129,0.5,0.4274373669939289,0.52,0.20161290322580644,0.4032258064516129,0.24,0.3870967741935484
olmo3-7b,llama-8b,truthfulqa,654,327,0.8957626088338991,0.9435419764516642,0.3714649109681281,0.2602827040605902,0.5045871559633027,0.3780487804878049,0.8653966650768267,0.07814531137483749,0.8175705374594356,0.07819207137446349,0.5117380046489791,0.4697841223765439,0.33638705087971954,0.06116207951070336,20,0.1712538226299694,0.12538226299694188,0.3181425599798948,0.3819638196381963,0.02147219182822246,0.12538226299694188,0.5121951219512195,0.5121951219512195
olmo3-7b,qwen3-32b,boolq,1308,475,0.8349049093321539,0.9362734567511214,0.18222891566265065,0.021533497136951962,0.24770642201834864,0.05963302752293578,0.8739217792380112,0.062351677513110215,0.6064598470967335,0.22844506223542038,0.24463302708382403,0.34424890256330953,0.40089787404179444,0.18736842105263157,89,0.5894736842105263,0.2336842105263158,0.238350240977483,0.5172095172095172,0.13775069252077562,0.2336842105263158,0.19819819819819828,0.19819819819819828
olmo3-7b,qwen3-32b,geometry_of_truth,2012,1000,0.9945158102766798,0.9990424901185772,0.022621610845295015,0.131348257625154,0.019880715705765408,0.020874751491053677,0.9968784584980237,0.0021640316205534527,0.989643280632411,0.004872529644268764,0.3517610617646032,0.8521279271933597,0.8422027220681834,0.016,16,0.057,0.022,0.43361089671119407,0.7107876217102091,0.001254,0.022,0.2727272727272727,0.2727272727272727
olmo3-7b,qwen3-32b,imdb,2000,1018,0.9654898187012593,0.9742246487862068,0.13681730217889898,-0.001785894504973795,0.128,0.016966067864271458,0.966768232907462,0.007456415878744793,0.9512612086315967,0.014228610069662584,0.20629432570316397,0.4433754762348736,0.47121270928515846,0.06974459724950884,71,0.11198428290766209,0.07956777996070727,0.712844518795406,0.8609745438653991,0.008910340781454449,0.07956777996070727,0.1234567901234569,0.1234567901234569
olmo3-7b,qwen3-32b,rte,111,62,0.8594470046082949,0.9410796576695195,0.01023391812865504,0.11013513513513506,0.25,0.15789473684210525,0.9315339038841344,0.009545753785385136,0.8515470704410797,0.007899934167215239,0.3629918623194205,0.14693034860704202,0.14810909656006266,0.20967741935483872,13,0.4032258064516129,0.20967741935483872,0.6266203485560373,0.9999999999999997,0.08454734651404787,0.20967741935483872,0.0,0.0
olmo3-7b,qwen3-32b,truthfulqa,654,327,0.8957626088338991,0.9729540162163678,0.3714649109681281,0.16693518171599842,0.5045871559633027,0.22935779816513763,0.9219762646241898,0.05097775159217799,0.8242572174059423,0.07150539142795687,0.3033932108026909,0.29983588997837207,0.3042225590340487,0.04892966360856269,16,0.1712538226299694,0.10091743119266056,0.278882369856045,0.3783965112378395,0.017282495861740032,0.10091743119266056,0.5151515151515151,0.5151515151515151
olmo3-7b,qwen3-8b,boolq,1308,475,0.8349049093321539,0.9104467049977886,0.18222891566265065,0.08615155603107416,0.24770642201834864,0.11297709923664122,0.7432236052315663,0.1672230997662223,0.6651620648259304,0.16974284450622346,0.4712246441385148,0.5677269911377316,0.5013059767906393,0.27157894736842103,129,0.5894736842105263,0.3410526315789474,0.30246884334072177,0.5037986704653372,0.2010415512465374,0.3410526315789474,0.20370370370370383,0.20370370370370383
olmo3-7b,qwen3-8b,geometry_of_truth,2012,1000,0.9945158102766798,0.9978171936758893,0.022621610845295015,0.36606776304668076,0.019880715705765408,0.042743538767395624,0.9944812252964427,0.0033359683794466077,0.9890948616600791,0.005420948616600696,0.49077045427474275,0.8727064448736002,0.8613141026571833,0.018,18,0.057,0.024,0.4687277572250101,0.734888653234358,0.001368,0.024,0.2500000000000001,0.2500000000000001
olmo3-7b,qwen3-8b,imdb,2000,1018,0.9654898187012593,0.9680016325289396,0.13681730217889898,-0.005726935318670967,0.128,0.101,0.963357127709378,0.004644504819561579,0.9401015929161048,0.025388225785154428,0.5958028723394091,0.6250937099541289,0.5617212168766135,0.07465618860510806,76,0.11198428290766209,0.09233791748526522,0.7044929190727882,0.7843626435699493,0.010340395474774298,0.09233791748526522,0.1914893617021276,0.1914893617021276
olmo3-7b,qwen3-8b,rte,111,62,0.8594470046082949,0.9298880842659645,0.01023391812865504,0.0680272108843537,0.25,0.25,0.9338380513495721,-0.0039499670836076195,0.8538512179065175,0.0055957867017774054,0.4354425430174503,0.23012658026431942,0.17401989320778533,0.20967741935483872,13,0.4032258064516129,0.24193548387096775,0.5337179943103306,0.7765765765765764,0.09755463059313214,0.24193548387096775,0.1333333333333333,0.1333333333333333
olmo3-7b,qwen3-8b,truthfulqa,654,327,0.8957626088338991,0.9414284244685727,0.3714649109681281,0.33492243051066595,0.5045871559633027,0.345565749235474,0.8532390651740875,0.08818935929448513,0.823022753415818,0.07273985541808115,0.352345066908936,0.41679084271330347,0.33296376558088203,0.07033639143730887,23,0.1712538226299694,0.13149847094801223,0.3755811055391096,0.4387711318973656,0.02251961581984307,0.13149847094801223,0.4651162790697675,0.4651162790697675
olmo3-7b,qwen3-8b-base,boolq,1308,475,0.8349049093321539,0.8963492765527262,0.18222891566265065,0.2084798717550258,0.24770642201834864,0.172782874617737,0.7044367220572441,0.19191255449548217,0.6363075756618437,0.19859733367031018,0.492752733160784,0.5479222707155356,0.5009723145241378,0.28,133,0.5894736842105263,0.3452631578947368,0.32697648717423033,0.5395559724828018,0.20352354570637116,0.3452631578947368,0.18902439024390227,0.18902439024390227
olmo3-7b,qwen3-8b-base,geometry_of_truth,2012,1000,0.9945158102766798,0.9982796442687747,0.022621610845295015,0.33697688015935134,0.019880715705765408,0.11232604373757456,0.9960731225296442,0.002206521739130496,0.9894950592885375,0.005020750988142253,0.5493998276541466,0.8714163549636699,0.8625807136133761,0.024,24,0.057,0.03,0.5635991114986749,0.7879109225874867,0.00171,0.03,0.19999999999999996,0.19999999999999996
olmo3-7b,qwen3-8b-base,imdb,2000,1018,0.9654898187012593,0.9740926060043454,0.13681730217889898,0.02415406375802409,0.128,0.091,0.9717328414406269,0.0023597645637185583,0.9548343663346925,0.010655452366566731,0.7763290977876711,0.6478962236394996,0.5869846908389186,0.07465618860510806,76,0.11198428290766209,0.09430255402750491,0.6954842621640821,0.7653945427728609,0.010560403889131199,0.09430255402750491,0.20833333333333326,0.20833333333333326
olmo3-7b,qwen3-8b-base,rte,111,62,0.8594470046082949,0.9361421988150098,0.01023391812865504,-0.02608695652173909,0.25,0.17857142857142858,0.9312047399605003,0.004937458854509469,0.8541803818301514,0.005266622778143493,0.5228920735193484,0.24131893064512444,0.17826183924662398,0.25806451612903225,16,0.4032258064516129,0.3064516129032258,0.5947146658347793,0.7354196301564724,0.12356919875130072,0.3064516129032258,0.1578947368421053,0.1578947368421053
olmo3-7b,qwen3-8b-base,truthfulqa,654,327,0.8957626088338991,0.9171880406624956,0.3714649109681281,0.37568311231704055,0.5045871559633027,0.4115853658536585,0.8340300573277596,0.08315798333473601,0.826782257385742,0.06898035144815717,0.3695502747550201,0.4082574814747072,0.3370286083448818,0.07951070336391437,26,0.1712538226299694,0.15902140672782875,0.37945923795548325,0.39667896678966785,0.02723302378213581,0.15902140672782875,0.5,0.5
olmo3-7b,qwen38-27b,boolq,1308,475,0.8349049093321539,0.9482352941176471,0.18222891566265065,0.30406008328375966,0.24770642201834864,0.1173780487804878,0.8528034371643394,0.09543185695330769,0.5691640866873064,0.26574082264484744,0.7431892120860486,0.3590279029020166,0.3932808897678811,0.15368421052631578,73,0.5894736842105263,0.1957894736842105,0.19606174552660197,0.476151089054315,0.11541274238227145,0.1957894736842105,0.21505376344086014,0.21505376344086014
olmo3-7b,qwen38-27b,geometry_of_truth,2012,1000,0.9945158102766798,0.9984644268774703,0.022621610845295015,0.3610863095238096,0.019880715705765408,0.09542743538767395,0.996844861660079,0.0016195652173912611,0.9899189723320159,0.004596837944663923,0.9819700760113635,0.8790614747207492,0.830735004865242,0.017,17,0.057,0.022,0.4630162199657169,0.7589896847585076,0.001254,0.022,0.22727272727272718,0.22727272727272718
olmo3-7b,qwen38-27b,rte,111,62,0.8594470046082949,0.978275181040158,0.01023391812865504,0.42720306513409967,0.25,0.44642857142857145,0.9670836076366032,0.011191573403554811,0.8499012508229098,0.009545753785385136,0.775070997458781,0.20253607797264006,0.1429883600919345,0.16129032258064516,10,0.4032258064516129,0.1774193548387097,0.4789242172191693,0.8476658476658475,0.07154006243496358,0.1774193548387097,0.09090909090909094,0.09090909090909094
olmo3-7b,qwen38-27b,truthfulqa,654,327,0.8957626088338991,0.9643501762851986,0.3714649109681281,0.4490113100142312,0.5045871559633027,0.4923547400611621,0.8946123128431015,0.06973786344209709,0.8331509693347924,0.06261163949910675,0.8167261691184644,0.3570028775472789,0.3040290857770832,0.04892966360856269,16,0.1712538226299694,0.11926605504587157,0.23345746011468022,0.28839057621345443,0.020424767836601857,0.11926605504587157,0.5897435897435898,0.5897435897435898
qwen3-1.7b,gemma4-12b,boolq,1308,475,0.8145801478486131,0.6027472041448159,0.22769927731636286,0.08277276456111571,0.22324159021406728,0.3516819571865443,0.5277437290705755,0.07500347507424032,0.5053187590825804,0.3092613887660327,0.40132071296306154,0.12029569556898367,0.22594110338134077,0.48,228,0.5515789473684211,0.84,0.0914502927029178,0.18893129770992373,0.4633263157894737,0.5515789473684211,0.1297709923664122,0.4285714285714286
qwen3-1.7b,gemma4-12b,geometry_of_truth,2012,1000,0.9920553359683796,0.7523379446640317,0.34037205294067574,0.2830238213673796,0.24652087475149106,0.4846077457795432,0.6226057312252965,0.1297322134387352,0.9308636363636364,0.06119169960474313,0.5667340431877957,0.5731072800788221,0.7241683074214869,0.028,28,0.054,0.327,0.09753953410884544,0.2845743217214243,0.017658,0.054,0.4814814814814815,0.9143730886850153
qwen3-1.7b,gemma4-12b,imdb,2000,1018,0.9480881805705048,0.6415538634517584,0.13867924528301878,0.15165737051792827,0.2057942057942058,0.49201596806387227,0.5082566751627526,0.13329718828900572,0.22228201937427727,0.7258061611962275,0.15110714088551905,-0.04852350852439491,0.11036155171190598,0.06581532416502947,67,0.1237721021611002,0.40078585461689586,0.1004372650386429,0.2185532136351808,0.04960610774236628,0.1237721021611002,0.46825396825396826,0.8357843137254902
qwen3-1.7b,gemma4-12b,rte,111,62,0.8834759710335747,0.4555628703094141,0.24182076813655762,-0.019230769230769162,0.3392857142857143,0.5535714285714286,0.46872942725477285,-0.013166556945358732,0.7040816326530611,0.17939433838051355,0.5664778743484902,-0.007070075384977725,-0.074703476243412,0.45161290322580644,28,0.5483870967741935,0.8225806451612904,0.0027367182658778154,0.005347593582887622,0.45109261186264304,0.5483870967741935,0.17647058823529405,0.4509803921568628
qwen3-1.7b,gemma4-12b,truthfulqa,654,327,0.8773204649814363,0.6739425226084599,0.3397963852665294,0.18314732142857137,0.43119266055045874,0.46646341463414637,0.5706590354347276,0.10328348717373226,0.5642529154859767,0.3130675494954597,0.1964429174979526,-0.17261391197332476,-0.09427560314588979,0.04892966360856269,16,0.14067278287461774,0.3547400611620795,-0.005846972365549061,-0.019490254872563714,0.049902271600781825,0.14067278287461774,0.6521739130434783,0.8620689655172413
qwen3-1.7b,gemma4-12b-base,boolq,1308,475,0.8145801478486131,0.8396689201996588,0.22769927731636286,0.056777378815080826,0.22324159021406728,0.1491628614916286,0.6926644341947306,0.14700448600492821,0.6517925064762747,0.16278764137233837,0.6190951272305241,0.4334281016795839,0.6294866081343246,0.391578947368421,186,0.5515789473684211,0.5621052631578948,0.33044231446326516,0.3375660598943041,0.31004542936288093,0.5515789473684211,0.29007633587786263,0.303370786516854
qwen3-1.7b,gemma4-12b-base,geometry_of_truth,2012,1000,0.9920553359683796,0.9978250988142292,0.34037205294067574,0.1383281637717122,0.24652087475149106,0.09343936381709742,0.992709486166008,0.005115612648221246,0.9862994071146246,0.005755928853754977,0.7191661988463325,0.8427921459554455,0.886885503930843,0.017,17,0.054,0.023,0.4651011872919013,0.7242393602353155,0.001242,0.023,0.26086956521739124,0.26086956521739124
qwen3-1.7b,gemma4-12b-base,imdb,2000,1018,0.9480881805705048,0.9374677395476134,0.13867924528301878,0.38462878345971885,0.2057942057942058,0.4132804757185332,0.6669250837271276,0.27054265582048587,0.9041649494436197,0.04392323112688512,0.7423199432571407,0.5421303274145454,0.6250269016656227,0.08055009823182711,82,0.1237721021611002,0.16895874263261296,0.48328073045235764,0.5797966152576081,0.020912378754134806,0.1237721021611002,0.3492063492063492,0.5232558139534884
qwen3-1.7b,gemma4-12b-base,rte,111,62,0.8834759710335747,0.7998683344305464,0.24182076813655762,0.13109354413702234,0.3392857142857143,0.375,0.719223173140224,0.0806451612903224,0.5918367346938775,0.2916392363396971,0.6894781586197039,0.14474096223415212,0.27894583173823073,0.3548387096774194,22,0.5483870967741935,0.4838709677419355,0.3598357857649609,0.4095238095238094,0.26534859521331944,0.4838709677419355,0.2666666666666666,0.2666666666666666
qwen3-1.7b,gemma4-12b-base,truthfulqa,654,327,0.8773204649814363,0.9063210167494319,0.3397963852665294,0.29417670682730923,0.43119266055045874,0.43902439024390244,0.7009978583920171,0.20532315835741477,0.7490484340076125,0.1282720309738239,0.44364253597231135,0.30629703579266665,0.4885897326646852,0.05198776758409786,17,0.14067278287461774,0.11926605504587157,0.3124671436009706,0.3435532439091159,0.016777487865780098,0.11926605504587157,0.5641025641025641,0.5641025641025641
qwen3-1.7b,gemma4-31b,boolq,1308,475,0.8145801478486131,0.8539836987426548,0.22769927731636286,0.20299066890333395,0.22324159021406728,0.21712538226299694,0.6742225311177104,0.17976116762494443,0.5516598218234663,0.2629203260251468,0.42114543925812853,0.3696929927484437,0.5402368735096406,0.25684210526315787,122,0.5515789473684211,0.3642105263157895,0.23379219877551127,0.3425873158023284,0.2008908587257618,0.3642105263157895,0.2947976878612718,0.2947976878612718
qwen3-1.7b,gemma4-31b,geometry_of_truth,2012,1000,0.9920553359683796,0.9748399209486167,0.34037205294067574,0.4643304130162704,0.24652087475149106,0.4393638170974155,0.933840909090909,0.04099901185770771,0.9755632411067193,0.016492094861660256,0.7591491121010173,0.8142272472271644,0.8701881658373563,0.025,25,0.054,0.089,0.3137803275354918,0.41049721510753334,0.0048059999999999995,0.054,0.537037037037037,0.7191011235955056
qwen3-1.7b,gemma4-31b,rte,111,62,0.8834759710335747,0.6761026991441739,0.24182076813655762,0.08322580645161293,0.3392857142857143,0.4107142857142857,0.6471362738643844,0.02896642527978943,0.6892692560895326,0.19420671494404207,0.49248329518564327,0.12023970247416105,0.20325788637989428,0.2903225806451613,18,0.5483870967741935,0.5,0.06482037235521644,0.07142857142857142,0.27419354838709675,0.5,0.4193548387096774,0.4193548387096774
qwen3-1.7b,gemma4-31b,truthfulqa,654,327,0.8773204649814363,0.8402397852780819,0.3397963852665294,0.4962217566960945,0.43119266055045874,0.5443425076452599,0.7193838902449288,0.12085589503315308,0.7361146181110831,0.1412058468703532,0.46756503557858287,0.27425668375383583,0.39991836670090963,0.06422018348623854,21,0.14067278287461774,0.21406727828746178,0.23915975830368777,0.30849264083911354,0.030113439759092482,0.14067278287461774,0.5434782608695652,0.7
qwen3-1.7b,llama-8b,boolq,1308,475,0.8145801478486131,0.8696379604473368,0.22769927731636286,0.06252870264064314,0.22324159021406728,0.13302752293577982,0.7730814431035572,0.09655651734377957,0.6059922916535035,0.20858785619510956,0.8733445481063616,0.481483437657912,0.6461101263343804,0.30736842105263157,146,0.5515789473684211,0.40842105263157896,0.33580983207750753,0.44823580659213,0.22527645429362883,0.40842105263157896,0.24742268041237114,0.24742268041237114
qwen3-1.7b,llama-8b,geometry_of_truth,2012,1000,0.9920553359683796,0.9984664031620554,0.34037205294067574,0.004934380596675281,0.24652087475149106,0.006958250497017893,0.9956818181818182,0.002784584980237148,0.9856867588932806,0.006368577075098969,0.9923112767769279,0.8519003453438785,0.9138561128602493,0.016,16,0.054,0.019,0.4852707072965409,0.8330922443529546,0.001026,0.019,0.1578947368421052,0.1578947368421052
qwen3-1.7b,llama-8b,imdb,2000,1018,0.9480881805705048,0.9706995066401515,0.13867924528301878,0.00270827351848435,0.2057942057942058,0.019,0.9215215729896485,0.049177933650502936,0.9064266822450473,0.04166149832545751,0.8775586703753052,0.5969526023650352,0.64771797281503,0.07269155206286837,74,0.1237721021611002,0.10707269155206287,0.5837188539694059,0.6335417780886168,0.013252612117445895,0.10707269155206287,0.3211009174311926,0.3211009174311926
qwen3-1.7b,llama-8b,rte,111,62,0.8834759710335747,0.8196181698485846,0.24182076813655762,0.0013175230566535578,0.3392857142857143,0.21428571428571427,0.771231073074391,0.048387096774193616,0.8311389071757735,0.052337063857801125,0.9629372067259261,0.20322805356321905,0.27926008364640975,0.3387096774193548,21,0.5483870967741935,0.5,0.25928148942086576,0.2857142857142857,0.27419354838709675,0.5,0.32258064516129037,0.32258064516129037
qwen3-1.7b,llama-8b,truthfulqa,654,327,0.8773204649814363,0.9435419764516642,0.3397963852665294,0.2602827040605902,0.43119266055045874,0.3780487804878049,0.8638629370890966,0.0796790393625676,0.7628800418969597,0.11444042308447666,0.9670874973094366,0.37811377049688677,0.5033400395679043,0.0672782874617737,22,0.14067278287461774,0.12538226299694188,0.4311455356211128,0.4607238954951827,0.017637871858897022,0.12538226299694188,0.46341463414634143,0.46341463414634143
qwen3-1.7b,olmo3-7b,boolq,1308,475,0.8145801478486131,0.8349049093321539,0.22769927731636286,0.18222891566265065,0.22324159021406728,0.24770642201834864,0.61124913123144,0.2236557781007139,0.6488784987679284,0.16570164908068474,0.7723928572933312,0.4210428023283135,0.6313502542867766,0.40421052631578946,192,0.5515789473684211,0.5894736842105263,0.32319012408564646,0.3491877079663338,0.32514127423822714,0.5515789473684211,0.26717557251908397,0.3142857142857143
qwen3-1.7b,olmo3-7b,geometry_of_truth,2012,1000,0.9920553359683796,0.9945158102766798,0.34037205294067574,0.022621610845295015,0.24652087475149106,0.019880715705765408,0.9886837944664032,0.005832015810276592,0.9824407114624507,0.00961462450592887,0.8091319969086784,0.8240768019000504,0.9098852978528912,0.028,28,0.054,0.057,0.47560582976277077,0.48941518400691264,0.003078,0.054,0.4814814814814815,0.5087719298245614
qwen3-1.7b,olmo3-7b,imdb,2000,1018,0.9480881805705048,0.9654898187012593,0.13867924528301878,0.13681730217889898,0.2057942057942058,0.128,0.949408608389118,0.01608121031214127,0.913678031682265,0.03441014888823979,0.778303049846314,0.49624313150832877,0.5984960809121238,0.07956777996070727,81,0.1237721021611002,0.11198428290766209,0.632709719105517,0.6696365352843995,0.013860530104484698,0.11198428290766209,0.2894736842105263,0.2894736842105263
qwen3-1.7b,olmo3-7b,rte,111,62,0.8834759710335747,0.8594470046082949,0.24182076813655762,0.01023391812865504,0.3392857142857143,0.25,0.8561553653719552,0.003291639236339683,0.8657011191573404,0.017774851876234288,0.6539823599704028,0.09294225912092402,0.27907821820034684,0.3387096774193548,21,0.5483870967741935,0.4032258064516129,0.4816694414523099,0.6457142857142857,0.22112382934443287,0.4032258064516129,0.16000000000000003,0.16000000000000003
qwen3-1.7b,olmo3-7b,truthfulqa,654,327,0.8773204649814363,0.8957626088338991,0.3397963852665294,0.3714649109681281,0.43119266055045874,0.5045871559633027,0.7667050098663599,0.1290575989675392,0.7212729942298161,0.1560474707516203,0.5116966274416539,0.2369895171314672,0.4890028212520857,0.09174311926605505,30,0.14067278287461774,0.1712538226299694,0.5164969600013253,0.580298411679769,0.024090751807273984,0.14067278287461774,0.34782608695652173,0.4642857142857142
qwen3-1.7b,qwen3-32b,boolq,1308,475,0.8145801478486131,0.9362734567511214,0.22769927731636286,0.021533497136951962,0.22324159021406728,0.05963302752293578,0.8677146648132937,0.06855879193782766,0.6993567953497188,0.11522335249889426,0.5306659051896008,0.34647295155446545,0.5949437393478404,0.18736842105263157,89,0.5515789473684211,0.2336842105263158,0.2778375456334879,0.5580087129382905,0.12889529085872578,0.2336842105263158,0.19819819819819828,0.19819819819819828
qwen3-1.7b,qwen3-32b,geometry_of_truth,2012,1000,0.9920553359683796,0.9990424901185772,0.34037205294067574,0.131348257625154,0.24652087475149106,0.020874751491053677,0.9959169960474309,0.003125494071146262,0.9849634387351779,0.007091897233201694,0.8182793025177769,0.8308600156251625,0.8937118672726152,0.016,16,0.054,0.022,0.4467766706414519,0.7117047857005575,0.0011879999999999998,0.022,0.2727272727272727,0.2727272727272727
qwen3-1.7b,qwen3-32b,imdb,2000,1018,0.9480881805705048,0.9742246487862068,0.13867924528301878,-0.001785894504973795,0.2057942057942058,0.016966067864271458,0.9658079217666523,0.008416727019554537,0.8499353790628164,0.09815280150768846,0.5400078493462492,0.4350746928642709,0.5567672589492484,0.06286836935166994,64,0.1237721021611002,0.07956777996070727,0.5949165862221052,0.7604772186237059,0.009848271390028602,0.07956777996070727,0.2098765432098766,0.2098765432098766
qwen3-1.7b,qwen3-32b,rte,111,62,0.8834759710335747,0.9410796576695195,0.24182076813655762,0.11013513513513506,0.3392857142857143,0.15789473684210525,0.9308755760368663,0.010204081632653184,0.8324555628703094,0.05102040816326525,0.8561491953515367,0.09892665852474425,0.27585203886363385,0.1935483870967742,12,0.5483870967741935,0.20967741935483872,0.38780977592781984,0.8296703296703296,0.11498439125910509,0.20967741935483872,0.07692307692307698,0.07692307692307698
qwen3-1.7b,qwen3-32b,truthfulqa,654,327,0.8773204649814363,0.9729540162163678,0.3397963852665294,0.16693518171599842,0.43119266055045874,0.22935779816513763,0.9032255047741959,0.06972851144217185,0.7434652900522777,0.13385517492915866,0.9315305802283729,0.21575596332384717,0.4637288448266951,0.03363914373088685,11,0.14067278287461774,0.10091743119266056,0.18564864269981468,0.22419928825622773,0.014196335886429313,0.10091743119266056,0.6666666666666667,0.6666666666666667
qwen3-1.7b,qwen3-8b,boolq,1308,475,0.8145801478486131,0.9104467049977886,0.22769927731636286,0.08615155603107416,0.22324159021406728,0.11297709923664122,0.8562709294244013,0.054175775573387264,0.7646351172047767,0.049945030643836374,0.733452797698195,0.5246223705916877,0.6753669547499329,0.2863157894736842,136,0.5515789473684211,0.3410526315789474,0.4165059721974599,0.6420912305106361,0.18811745152354573,0.3410526315789474,0.16049382716049387,0.16049382716049387
qwen3-1.7b,qwen3-8b,geometry_of_truth,2012,1000,0.9920553359683796,0.9978171936758893,0.34037205294067574,0.36606776304668076,0.24652087475149106,0.042743538767395624,0.9943270750988142,0.003490118577075041,0.98526185770751,0.006793478260869623,0.8947269130436711,0.8450219321818662,0.9199781623227864,0.019,19,0.054,0.024,0.5117978099094803,0.7797744890768143,0.001296,0.024,0.20833333333333337,0.20833333333333337
qwen3-1.7b,qwen3-8b,imdb,2000,1018,0.9480881805705048,0.9680016325289396,0.13867924528301878,-0.005726935318670967,0.2057942057942058,0.101,0.9624458324497138,0.005555800079225737,0.8585051556704373,0.08958302490006753,0.8528319267687136,0.6113592278767053,0.6663359096847434,0.06974459724950884,71,0.1237721021611002,0.09233791748526522,0.6116651374368167,0.72075660719397,0.011428858156329488,0.09233791748526522,0.24468085106382986,0.24468085106382986
qwen3-1.7b,qwen3-8b,rte,111,62,0.8834759710335747,0.9298880842659645,0.24182076813655762,0.0680272108843537,0.3392857142857143,0.25,0.9302172481895984,-0.0003291639236339128,0.8215931533903884,0.06188281764318626,0.8735308361511498,0.19884690769249902,0.321949110530634,0.22580645161290322,14,0.5483870967741935,0.24193548387096775,0.43698848585082406,0.8523809523809522,0.13267429760665972,0.24193548387096775,0.06666666666666676,0.06666666666666676
qwen3-1.7b,qwen3-8b,truthfulqa,654,327,0.8773204649814363,0.9414284244685727,0.3397963852665294,0.33492243051066595,0.43119266055045874,0.345565749235474,0.8615155851078754,0.07991283936069726,0.7565206819478344,0.12079978303360195,0.9572587367714689,0.3609642545929237,0.5281336374213162,0.0581039755351682,19,0.14067278287461774,0.13149847094801223,0.33707608494819985,0.3504924273773069,0.018498255852013954,0.13149847094801223,0.5581395348837209,0.5581395348837209
qwen3-1.7b,qwen3-8b-base,boolq,1308,475,0.8145801478486131,0.8963492765527262,0.22769927731636286,0.2084798717550258,0.22324159021406728,0.172782874617737,0.7717015227143489,0.12464775383837734,0.6545574019081317,0.16002274594048138,0.6611580564041132,0.4795210148915565,0.6528130363849813,0.2905263157894737,138,0.5515789473684211,0.3452631578947368,0.4232722893434451,0.6464559716019697,0.1904398891966759,0.3452631578947368,0.15853658536585358,0.15853658536585358
qwen3-1.7b,qwen3-8b-base,geometry_of_truth,2012,1000,0.9920553359683796,0.9982796442687747,0.34037205294067574,0.33697688015935134,0.24652087475149106,0.11232604373757456,0.9941877470355731,0.00409189723320158,0.9835553359683794,0.008500000000000174,0.9209078762502816,0.8375040984761742,0.9171766827660742,0.02,20,0.054,0.03,0.47671252702694633,0.6476391825229034,0.00162,0.03,0.33333333333333326,0.33333333333333326
qwen3-1.7b,qwen3-8b-base,imdb,2000,1018,0.9480881805705048,0.9740926060043454,0.13867924528301878,0.02415406375802409,0.2057942057942058,0.091,0.964069358472145,0.010023247532200408,0.9069168410565023,0.041171339514002536,0.8966209543574396,0.5902962897974338,0.6565131190910283,0.06777996070726916,69,0.1237721021611002,0.09430255402750491,0.5829765249960309,0.6790218609865468,0.011672025351145008,0.09430255402750491,0.28125,0.28125
qwen3-1.7b,qwen3-8b-base,rte,111,62,0.8834759710335747,0.9361421988150098,0.24182076813655762,-0.02608695652173909,0.3392857142857143,0.17857142857142858,0.9325213956550362,0.0036208031599735957,0.8877551020408163,-0.004279131007241643,0.9324804660984072,0.18365739622413324,0.3044672457735592,0.25806451612903225,16,0.5483870967741935,0.3064516129032258,0.3923255536845017,0.650375939849624,0.16805411030176898,0.3064516129032258,0.1578947368421053,0.1578947368421053
qwen3-1.7b,qwen3-8b-base,truthfulqa,654,327,0.8773204649814363,0.9171880406624956,0.3397963852665294,0.37568311231704055,0.43119266055045874,0.4115853658536585,0.8163921854688625,0.1007958551936331,0.7375548260995614,0.139765638881875,0.917646563922928,0.3357257432137255,0.519046026708798,0.06116207951070336,20,0.14067278287461774,0.15902140672782875,0.30509750294169685,0.3279051383399211,0.022369983821040128,0.14067278287461774,0.5652173913043479,0.6153846153846154
qwen3-1.7b,qwen38-27b,boolq,1308,475,0.8145801478486131,0.9482352941176471,0.22769927731636286,0.30406008328375966,0.22324159021406728,0.1173780487804878,0.851453844695773,0.09678144942187406,0.5457382953181273,0.26884185253048576,0.7740368854182037,0.33283419750094556,0.5778427013164925,0.15578947368421053,74,0.5515789473684211,0.1957894736842105,0.24219561510558732,0.5443990105507598,0.10799335180055401,0.1957894736842105,0.20430107526881713,0.20430107526881713
qwen3-1.7b,qwen38-27b,geometry_of_truth,2012,1000,0.9920553359683796,0.9984644268774703,0.34037205294067574,0.3610863095238096,0.24652087475149106,0.09542743538767395,0.996554347826087,0.0019100790513832955,0.9851324110671936,0.006922924901185956,0.8586815129034736,0.8609072428985746,0.877662625574677,0.014,14,0.054,0.022,0.38645035810547396,0.6156063809340765,0.0011879999999999998,0.022,0.36363636363636354,0.36363636363636354
qwen3-1.7b,qwen38-27b,rte,111,62,0.8834759710335747,0.978275181040158,0.24182076813655762,0.42720306513409967,0.3392857142857143,0.44642857142857145,0.967741935483871,0.010533245556286985,0.7837393021724819,0.09973666886109278,0.8618522143761579,0.16790663981371357,0.2823556851687269,0.16129032258064516,10,0.5483870967741935,0.1774193548387097,0.33661634670297613,0.7987012987012984,0.09729448491155046,0.1774193548387097,0.09090909090909094,0.09090909090909094
qwen3-1.7b,qwen38-27b,truthfulqa,654,327,0.8773204649814363,0.9643501762851986,0.3397963852665294,0.4490113100142312,0.43119266055045874,0.4923547400611621,0.8629370890965034,0.10141308718869524,0.7690617138475063,0.10825875113393002,0.6870510074978968,0.2798497058439401,0.46890128306334977,0.04892966360856269,16,0.14067278287461774,0.11926605504587157,0.28532856300136433,0.3137147549958938,0.016777487865780098,0.11926605504587157,0.5897435897435898,0.5897435897435898
qwen3-8b,gemma4-12b,boolq,1308,475,0.9104467049977886,0.6027472041448159,0.08615155603107416,0.08277276456111571,0.11297709923664122,0.3516819571865443,0.5030062551336324,0.09974094901118347,0.6306716370758829,0.27977506792190565,0.46173951329328,0.019605294337288415,0.10417936690810725,0.30526315789473685,145,0.3410526315789474,0.84,0.10805268023309579,0.3441358024691357,0.2864842105263158,0.3410526315789474,0.1049382716049383,0.6365914786967418
qwen3-8b,gemma4-12b,geometry_of_truth,2012,1000,0.9978171936758893,0.7523379446640317,0.36606776304668076,0.2830238213673796,0.042743538767395624,0.4846077457795432,0.6010662055335968,0.1512717391304349,0.9832766798418974,0.014540513833991908,0.37967248644630325,0.6000579861970112,0.6510392754062466,0.012,12,0.024,0.327,0.05782896329124254,0.2570579494799405,0.007848,0.024,0.5,0.963302752293578
qwen3-8b,gemma4-12b,imdb,2000,1018,0.9680016325289396,0.6415538634517584,-0.005726935318670967,0.15165737051792827,0.101,0.49201596806387227,0.5191362001288418,0.12241766332291659,0.8019478310972756,0.16605380143166393,0.19858565255877345,-0.20848150926473763,0.042973883352400044,0.0481335952848723,49,0.09233791748526522,0.40078585461689586,0.07842136472686079,0.20108126961981168,0.03700773117287644,0.09233791748526522,0.4787234042553191,0.8799019607843137
qwen3-8b,gemma4-12b,rte,111,62,0.9298880842659645,0.4555628703094141,0.0680272108843537,-0.019230769230769162,0.25,0.5535714285714286,0.4759710335747202,-0.02040816326530609,0.9387755102040817,-0.0088874259381172,0.5483974962841442,0.04370619069115178,-0.14372850237380486,0.22580645161290322,14,0.24193548387096775,0.8225806451612904,0.16378013908240324,0.6242424242424242,0.1990114464099896,0.24193548387096775,0.06666666666666676,0.7254901960784315
qwen3-8b,gemma4-12b,truthfulqa,654,327,0.9414284244685727,0.6739425226084599,0.33492243051066595,0.18314732142857137,0.345565749235474,0.46646341463414637,0.5405642996754856,0.1333782229329743,0.7861665217106678,0.15526190275790486,0.15501788383967394,-0.11808164398096621,-0.15952194391304597,0.05198776758409786,17,0.13149847094801223,0.3547400611620795,0.03302725565187201,0.06293397994048273,0.046647775626817795,0.13149847094801223,0.6046511627906976,0.853448275862069
qwen3-8b,gemma4-12b-base,boolq,1308,475,0.9104467049977886,0.8396689201996588,0.08615155603107416,0.056777378815080826,0.11297709923664122,0.1491628614916286,0.7011992165287166,0.13846970367094213,0.7882226574840463,0.12222404751374227,0.3271058806229229,0.5376088639511807,0.5763469129172176,0.28842105263157897,137,0.3410526315789474,0.5621052631578948,0.4112043261573193,0.6475842830009496,0.19170747922437675,0.3410526315789474,0.154320987654321,0.48689138576779023
qwen3-8b,gemma4-12b-base,geometry_of_truth,2012,1000,0.9978171936758893,0.9978250988142292,0.36606776304668076,0.1383281637717122,0.042743538767395624,0.09343936381709742,0.9915988142292491,0.006226284584980091,0.9950543478260869,0.0027628458498023534,0.3699145674480451,0.8765728781313759,0.8523214786369633,0.015,15,0.024,0.023,0.6297468493936313,0.6436208125445472,0.000552,0.023,0.34782608695652173,0.34782608695652173
qwen3-8b,gemma4-12b-base,imdb,2000,1018,0.9680016325289396,0.9374677395476134,-0.005726935318670967,0.38462878345971885,0.101,0.4132804757185332,0.6731130886407195,0.2643546509068939,0.9617265994182115,0.006275033110728079,0.5710540880774363,0.6530008179830882,0.6664005212037474,0.06581532416502947,67,0.09233791748526522,0.16895874263261296,0.4628830515469867,0.654368492530557,0.015601298435624378,0.09233791748526522,0.2872340425531914,0.6104651162790697
qwen3-8b,gemma4-12b-base,rte,111,62,0.9298880842659645,0.7998683344305464,0.0680272108843537,0.13109354413702234,0.25,0.375,0.7633311389071757,0.03653719552337065,0.8861092824226464,0.04377880184331806,0.447639315782733,0.2313120892664533,0.23598033184493006,0.20967741935483872,13,0.24193548387096775,0.4838709677419355,0.4327328081104207,0.7416666666666669,0.1170655567117586,0.24193548387096775,0.1333333333333333,0.5666666666666667
qwen3-8b,gemma4-12b-base,truthfulqa,654,327,0.9414284244685727,0.9063210167494319,0.33492243051066595,0.29417670682730923,0.345565749235474,0.43902439024390244,0.7836508337307935,0.12267018301863841,0.8547727931618176,0.08665563130675502,0.28614061081484554,0.41214734210495463,0.420982793531254,0.045871559633027525,15,0.13149847094801223,0.11926605504587157,0.27562054100532646,0.2914409534127845,0.01568330387453357,0.11926605504587157,0.6153846153846154,0.6153846153846154
qwen3-8b,gemma4-31b,boolq,1308,475,0.9104467049977886,0.8539836987426548,0.08615155603107416,0.20299066890333395,0.11297709923664122,0.21712538226299694,0.7319668920199659,0.12201680672268889,0.7888014153029632,0.12164528969482535,0.26917933684198236,0.3285029961455549,0.40633694635364725,0.19789473684210526,94,0.3410526315789474,0.3642105263157895,0.3229827523496285,0.3397923309623089,0.12421495844875348,0.3410526315789474,0.41975308641975306,0.4566473988439307
qwen3-8b,gemma4-31b,geometry_of_truth,2012,1000,0.9978171936758893,0.9748399209486167,0.36606776304668076,0.4643304130162704,0.042743538767395624,0.4393638170974155,0.893951581027668,0.08088833992094868,0.9943784584980236,0.003438735177865637,0.41139081704640396,0.835238047140175,0.8165071105714636,0.012,12,0.024,0.089,0.22634366411481957,0.4511525795828758,0.002136,0.024,0.5,0.8651685393258427
qwen3-8b,gemma4-31b,rte,111,62,0.9298880842659645,0.6761026991441739,0.0680272108843537,0.08322580645161293,0.25,0.4107142857142857,0.7053982883475971,-0.029295589203423233,0.9371296905859118,-0.007241606319947302,0.3646832704600364,0.1486898417303376,0.1133783226760785,0.11290322580645161,7,0.24193548387096775,0.5,-0.037662178857735484,-0.06666666666666668,0.12096774193548387,0.24193548387096775,0.5333333333333334,0.7741935483870968
qwen3-8b,gemma4-31b,truthfulqa,654,327,0.9414284244685727,0.8402397852780819,0.33492243051066595,0.4962217566960945,0.345565749235474,0.5443425076452599,0.7508814259929486,0.08935835928513325,0.8358911053128711,0.10553731915570153,0.34642358117462807,0.31058152398044736,0.2795045325479618,0.0672782874617737,22,0.13149847094801223,0.21406727828746178,0.2822816818841802,0.3786082707447291,0.02814951977480384,0.13149847094801223,0.4883720930232558,0.6857142857142857
qwen3-8b,llama-8b,boolq,1308,475,0.9104467049977886,0.8696379604473368,0.08615155603107416,0.06252870264064314,0.11297709923664122,0.13302752293577982,0.7834409553295002,0.08619700511783657,0.8319706830100462,0.0784760219877424,0.7900520986321963,0.5771083353335658,0.5879384011840003,0.25263157894736843,120,0.3410526315789474,0.40842105263157896,0.4863859204471812,0.5617503624621062,0.1392930747922438,0.3410526315789474,0.2592592592592593,0.38144329896907214
qwen3-8b,llama-8b,geometry_of_truth,2012,1000,0.9978171936758893,0.9984664031620554,0.36606776304668076,0.004934380596675281,0.042743538767395624,0.006958250497017893,0.9968458498023715,0.0016205533596839183,0.9947065217391304,0.0031106719367588465,0.912161050037303,0.8958372977843295,0.8835943458116675,0.016,16,0.024,0.019,0.7439109540793384,0.8382226056945643,0.000456,0.019,0.1578947368421052,0.1578947368421052
qwen3-8b,llama-8b,imdb,2000,1018,0.9680016325289396,0.9706995066401515,-0.005726935318670967,0.00270827351848435,0.101,0.019,0.9616675802960158,0.009031926344135632,0.9647685850215469,0.003233047507392617,0.7991377495402899,0.702121504439289,0.6844851293853451,0.07367387033398821,75,0.09233791748526522,0.10707269155206287,0.7125783722286065,0.7736348102895396,0.009886869357459636,0.09233791748526522,0.202127659574468,0.31192660550458706
qwen3-8b,llama-8b,rte,111,62,0.9298880842659645,0.8196181698485846,0.0680272108843537,0.0013175230566535578,0.25,0.21428571428571427,0.7843976300197498,0.035220539828834774,0.9361421988150098,-0.006254114549045342,0.8701001187389468,0.27792441554758185,0.22844928820842447,0.22580645161290322,14,0.24193548387096775,0.5,0.48960832515056113,0.8666666666666666,0.12096774193548387,0.24193548387096775,0.06666666666666676,0.5483870967741935
qwen3-8b,llama-8b,truthfulqa,654,327,0.9414284244685727,0.9435419764516642,0.33492243051066595,0.2602827040605902,0.345565749235474,0.3780487804878049,0.8648261930813905,0.07871578337027363,0.8681929130544568,0.07323551141411588,0.9591003772866817,0.4765173831302466,0.4340223481998601,0.06116207951070336,20,0.13149847094801223,0.12538226299694188,0.39919665960630973,0.41025420817588454,0.016487575868099392,0.12538226299694188,0.5121951219512195,0.5121951219512195
qwen3-8b,qwen3-32b,boolq,1308,475,0.9104467049977886,0.9362734567511214,0.08615155603107416,0.021533497136951962,0.11297709923664122,0.05963302752293578,0.8872509003601441,0.0490225563909773,0.8525405951854427,0.057906109812345896,0.8062115736734473,0.39927317225771963,0.525004063324191,0.1936842105263158,92,0.3410526315789474,0.2336842105263158,0.5681922878917091,0.7402354431108426,0.07969861495844877,0.2336842105263158,0.1711711711711712,0.1711711711711712
qwen3-8b,qwen3-32b,geometry_of_truth,2012,1000,0.9978171936758893,0.9990424901185772,0.36606776304668076,0.131348257625154,0.042743538767395624,0.020874751491053677,0.9973715415019763,0.001670948616600887,0.9951788537549408,0.002638339920948529,0.9802864557179569,0.8671076214776341,0.8586426391320789,0.014,14,0.024,0.022,0.6000960617916767,0.6274217585692994,0.0005279999999999999,0.022,0.36363636363636354,0.36363636363636354
qwen3-8b,qwen3-32b,imdb,2000,1018,0.9680016325289396,0.9742246487862068,-0.005726935318670967,-0.001785894504973795,0.101,0.016966067864271458,0.966780236796722,0.007444411989484867,0.9627189209303815,0.0052827115985580875,0.8502497118763249,0.5014269553065138,0.5977879192627149,0.06581532416502947,67,0.09233791748526522,0.07956777996070727,0.7462821782516912,0.8095772540216983,0.0073471231004975275,0.07956777996070727,0.1728395061728395,0.1728395061728395
qwen3-8b,qwen3-32b,rte,111,62,0.9298880842659645,0.9410796576695195,0.0680272108843537,0.11013513513513506,0.25,0.15789473684210525,0.9285714285714286,0.012508229098090906,0.9269256089532587,0.00296247531270577,0.925545113941304,0.17642271908435903,0.22889915221801982,0.14516129032258066,9,0.24193548387096775,0.20967741935483872,0.5416794382117116,0.5941080196399345,0.050728407908428724,0.20967741935483872,0.3076923076923077,0.3076923076923077
qwen3-8b,qwen3-32b,truthfulqa,654,327,0.9414284244685727,0.9729540162163678,0.33492243051066595,0.16693518171599842,0.345565749235474,0.22935779816513763,0.9295794405633645,0.04337457565300329,0.8625256010997953,0.07890282336877741,0.9878097223595488,0.33741528626916695,0.41464149194082867,0.05504587155963303,18,0.13149847094801223,0.10091743119266056,0.410385416755737,0.47663252240717024,0.013270487893836098,0.10091743119266056,0.4545454545454546,0.4545454545454546
qwen3-8b,qwen3-8b-base,boolq,1308,475,0.9104467049977886,0.8963492765527262,0.08615155603107416,0.2084798717550258,0.11297709923664122,0.172782874617737,0.8464623744234536,0.0498869021292726,0.8864421558096924,0.024004549188096136,0.7903125629887967,0.7778301111361109,0.7912431618736366,0.24842105263157896,118,0.3410526315789474,0.3452631578947368,0.5797291621684786,0.5851693064983526,0.11775290858725762,0.3410526315789474,0.2716049382716049,0.2804878048780487
qwen3-8b,qwen3-8b-base,geometry_of_truth,2012,1000,0.9978171936758893,0.9982796442687747,0.36606776304668076,0.33697688015935134,0.042743538767395624,0.11232604373757456,0.9967164031620555,0.0015632411067192375,0.9950869565217392,0.002730237154150106,0.9935894006314416,0.9316716661631783,0.9342754278609545,0.021,21,0.024,0.03,0.7767672855625612,0.8711340206185565,0.0007199999999999999,0.024,0.125,0.29999999999999993
qwen3-8b,qwen3-8b-base,imdb,2000,1018,0.9680016325289396,0.9740926060043454,-0.005726935318670967,0.02415406375802409,0.101,0.091,0.9716718216702211,0.002420784334124293,0.9646215373781104,0.0033800951508291543,0.9265818466790321,0.8458153983261831,0.8451853953372443,0.06974459724950884,71,0.09233791748526522,0.09430255402750491,0.7214180509101432,0.72984261780588,0.008707701452441515,0.09233791748526522,0.24468085106382986,0.26041666666666674
qwen3-8b,qwen3-8b-base,rte,111,62,0.9298880842659645,0.9361421988150098,0.0680272108843537,-0.02608695652173909,0.25,0.17857142857142858,0.9377880184331797,-0.001645819618169897,0.9292297564186965,0.0006583278472679366,0.9571378895726307,0.3087154539382806,0.3049014954536793,0.20967741935483872,13,0.24193548387096775,0.3064516129032258,0.6864867140821702,0.8077519379844962,0.07414151925078044,0.24193548387096775,0.1333333333333333,0.3157894736842105
qwen3-8b,qwen3-8b-base,truthfulqa,654,327,0.9414284244685727,0.9171880406624956,0.33492243051066595,0.37568311231704055,0.345565749235474,0.4115853658536585,0.8517053371863573,0.06548270347613827,0.8794527209643782,0.06197570350419446,0.9589882783613084,0.5729508804417175,0.5853347772033877,0.0856269113149847,28,0.13149847094801223,0.15902140672782875,0.5236543045899958,0.5852008456659619,0.020911071832711424,0.13149847094801223,0.34883720930232565,0.46153846153846156
qwen3-8b,qwen38-27b,boolq,1308,475,0.9104467049977886,0.9482352941176471,0.08615155603107416,0.30406008328375966,0.11297709923664122,0.1173780487804878,0.9147532697289441,0.03348202438870296,0.8570948379351742,0.05335186706261441,0.5042369508776124,0.39995507392606033,0.5129281574091751,0.15368421052631578,73,0.3410526315789474,0.1957894736842105,0.46201131804541584,0.6736404548421453,0.06677451523545706,0.1957894736842105,0.21505376344086014,0.21505376344086014
qwen3-8b,qwen38-27b,geometry_of_truth,2012,1000,0.9978171936758893,0.9984644268774703,0.36606776304668076,0.3610863095238096,0.042743538767395624,0.09542743538767395,0.996598814229249,0.001865612648221271,0.995141304347826,0.0026758893280632856,0.5663624861572806,0.8891589962483771,0.8394070514306047,0.015,15,0.024,0.022,0.6446400093712249,0.6739940387481366,0.0005279999999999999,0.022,0.3181818181818181,0.3181818181818181
qwen3-8b,qwen38-27b,rte,111,62,0.9298880842659645,0.978275181040158,0.0680272108843537,0.42720306513409967,0.25,0.44642857142857145,0.967083607636603,0.011191573403555033,0.9229756418696511,0.00691244239631339,0.6680526395409321,0.23672102139125395,0.23131728827376907,0.12903225806451613,8,0.24193548387096775,0.1774193548387097,0.526322582876461,0.6402321083172148,0.04292403746097815,0.1774193548387097,0.2727272727272728,0.2727272727272728
qwen3-8b,qwen38-27b,truthfulqa,654,327,0.9414284244685727,0.9643501762851986,0.33492243051066595,0.4490113100142312,0.345565749235474,0.4923547400611621,0.8774046329807629,0.08694554330443571,0.8602156571182749,0.08121276735029781,0.5413954192333893,0.39017501517658204,0.41715049827495143,0.05504587155963303,18,0.13149847094801223,0.11926605504587157,0.35938254556735405,0.38001083423618637,0.01568330387453357,0.11926605504587157,0.5384615384615384,0.5384615384615384
qwen3-8b-base,gemma4-12b,boolq,1308,475,0.8963492765527262,0.6027472041448159,0.2084798717550258,0.08277276456111571,0.172782874617737,0.3516819571865443,0.49424906804827196,0.1084981360965439,0.4682630947115688,0.42808618184115743,0.3632223985545395,-0.003309398469964364,0.07330538411392096,0.3157894736842105,150,0.3452631578947368,0.84,0.14783581672203733,0.46646341463414615,0.2900210526315789,0.3452631578947368,0.08536585365853655,0.6240601503759399
qwen3-8b-base,gemma4-12b,geometry_of_truth,2012,1000,0.9982796442687747,0.7523379446640317,0.33697688015935134,0.2830238213673796,0.11232604373757456,0.4846077457795432,0.6501017786561265,0.1022361660079052,0.9779278656126481,0.020351778656126585,0.41921149641064726,0.5909359683854506,0.6465404416842194,0.015,15,0.03,0.327,0.06485440135859798,0.25705794947994054,0.00981,0.03,0.5,0.9541284403669725
qwen3-8b-base,gemma4-12b,imdb,2000,1018,0.9740926060043454,0.6415538634517584,0.02415406375802409,0.15165737051792827,0.091,0.49201596806387227,0.4881741684305715,0.15337969502118687,0.6508808854068718,0.3232117205974736,0.16817966038695092,-0.1828772362632911,0.02802811258470117,0.047151277013752456,48,0.09430255402750491,0.40078585461689586,0.06532757402467974,0.16557377049180322,0.03779512970846955,0.09430255402750491,0.5,0.8823529411764706
qwen3-8b-base,gemma4-12b,rte,111,62,0.9361421988150098,0.4555628703094141,-0.02608695652173909,-0.019230769230769162,0.17857142857142858,0.5535714285714286,0.4545753785385122,0.0009874917709019049,0.9361421988150098,0.0,0.5781809111362975,0.037151731629860185,-0.1423809964088638,0.2903225806451613,18,0.3064516129032258,0.8225806451612904,0.2171325215591938,0.7033492822966512,0.2520811654526535,0.3064516129032258,0.05263157894736836,0.6470588235294117
qwen3-8b-base,gemma4-12b,truthfulqa,654,327,0.9171880406624956,0.6739425226084599,0.37568311231704055,0.18314732142857137,0.4115853658536585,0.46646341463414637,0.5980603952155168,0.07588212739294309,0.8084429855324562,0.1087450551300394,0.1530833027854834,-0.10822873511952236,-0.15820478570932583,0.07033639143730887,23,0.15902140672782875,0.3547400611620795,0.07958962468892114,0.1357090776522056,0.05641126354870989,0.15902140672782875,0.5576923076923077,0.8017241379310345
qwen3-8b-base,gemma4-12b-base,boolq,1308,475,0.8963492765527262,0.8396689201996588,0.2084798717550258,0.056777378815080826,0.172782874617737,0.1491628614916286,0.6389789600050546,0.20068996019460417,0.6828988437480255,0.21345043280470077,0.3718044848477392,0.5416589533072982,0.5577084556653003,0.2905263157894737,138,0.3452631578947368,0.5621052631578948,0.40889273026014644,0.6379573170731709,0.1940742382271468,0.3452631578947368,0.15853658536585358,0.4831460674157304
qwen3-8b-base,gemma4-12b-base,geometry_of_truth,2012,1000,0.9982796442687747,0.9978250988142292,0.33697688015935134,0.1383281637717122,0.11232604373757456,0.09343936381709742,0.993342885375494,0.0044822134387352275,0.9958142292490119,0.002465415019762829,0.4272522607782816,0.8800850496498526,0.8551105166036197,0.019,19,0.03,0.023,0.7160290624027961,0.820708202599731,0.00069,0.023,0.17391304347826086,0.17391304347826086
qwen3-8b-base,gemma4-12b-base,imdb,2000,1018,0.9740926060043454,0.9374677395476134,0.02415406375802409,0.38462878345971885,0.091,0.4132804757185332,0.7219459104749939,0.21552182907261952,0.9390652571433143,0.03502734886103109,0.7484525107587365,0.6923687161135552,0.7029312843503486,0.06974459724950884,71,0.09430255402750491,0.16895874263261296,0.49138173836041005,0.6866381008668243,0.01593324095553128,0.09430255402750491,0.26041666666666674,0.5872093023255813
qwen3-8b-base,gemma4-12b-base,rte,111,62,0.9361421988150098,0.7998683344305464,-0.02608695652173909,0.13109354413702234,0.17857142857142858,0.375,0.7774851876234364,0.022383146807109955,0.8838051349572088,0.052337063857801014,0.5424215394903057,0.23490936755549985,0.24385731373813269,0.24193548387096775,15,0.3064516129032258,0.4838709677419355,0.4064956064837298,0.5921052631578948,0.14828303850156088,0.3064516129032258,0.21052631578947367,0.5
qwen3-8b-base,gemma4-12b-base,truthfulqa,654,327,0.9171880406624956,0.9063210167494319,0.37568311231704055,0.29417670682730923,0.4115853658536585,0.43902439024390244,0.7674812258601502,0.13883979088928167,0.8264642893882856,0.09072375127420995,0.3067366435471999,0.41276346519360785,0.40964834522719995,0.06422018348623854,21,0.15902140672782875,0.11926605504587157,0.381820336441661,0.4511888111888112,0.018965855848273153,0.11926605504587157,0.46153846153846156,0.46153846153846156
qwen3-8b-base,gemma4-31b,boolq,1308,475,0.8963492765527262,0.8539836987426548,0.2084798717550258,0.20299066890333395,0.172782874617737,0.21712538226299694,0.6994882163391674,0.15449548240348743,0.6884134706514184,0.20793580590130778,0.24766117853717834,0.30643294415272226,0.36510531411096414,0.19789473684210526,94,0.3452631578947368,0.3642105263157895,0.3153351637058989,0.32866257470521737,0.12574847645429363,0.3452631578947368,0.42682926829268286,0.4566473988439307
qwen3-8b-base,gemma4-31b,geometry_of_truth,2012,1000,0.9982796442687747,0.9748399209486167,0.33697688015935134,0.4643304130162704,0.11232604373757456,0.4393638170974155,0.9339347826086957,0.04090513833992104,0.9959901185770752,0.00228952569169949,0.47042440401080154,0.8312879214653937,0.809843376409664,0.014,14,0.03,0.089,0.2332540663295532,0.4145627515550677,0.0026699999999999996,0.03,0.5333333333333333,0.8426966292134831
qwen3-8b-base,gemma4-31b,rte,111,62,0.9361421988150098,0.6761026991441739,-0.02608695652173909,0.08322580645161293,0.17857142857142858,0.4107142857142857,0.6770901909150756,-0.0009874917709017383,0.9163923633969717,0.019749835418038098,0.4113840548626232,0.13274406932396554,0.10525403704202863,0.14516129032258066,9,0.3064516129032258,0.5,-0.034985571427065994,-0.05263157894736845,0.1532258064516129,0.3064516129032258,0.5263157894736842,0.7096774193548387
qwen3-8b-base,gemma4-31b,truthfulqa,654,327,0.9171880406624956,0.8402397852780819,0.37568311231704055,0.4962217566960945,0.4115853658536585,0.5443425076452599,0.737536122099711,0.10270366317837087,0.7990161696078706,0.11817187105462501,0.35856564106573113,0.3052617682001557,0.2599886403089975,0.08868501529051988,29,0.15902140672782875,0.21406727828746178,0.3642942244065405,0.4372193953906017,0.034041279727669765,0.15902140672782875,0.4423076923076923,0.5857142857142857
qwen3-8b-base,llama-8b,boolq,1308,475,0.8963492765527262,0.8696379604473368,0.2084798717550258,0.06252870264064314,0.172782874617737,0.13302752293577982,0.7868579010551591,0.0827800593921777,0.6719201364756429,0.22442914007708337,0.71843881634615,0.5777578339997269,0.5653382808998463,0.25684210526315787,122,0.3452631578947368,0.40842105263157896,0.49562104985567723,0.5670948702369586,0.14101274238227146,0.3452631578947368,0.25609756097560976,0.3711340206185568
qwen3-8b-base,llama-8b,geometry_of_truth,2012,1000,0.9982796442687747,0.9984664031620554,0.33697688015935134,0.004934380596675281,0.11232604373757456,0.006958250497017893,0.9967816205533597,0.0016847826086956452,0.9962539525691699,0.002025691699604759,0.9350105129805777,0.8976810694668679,0.8828709839384864,0.016,16,0.03,0.019,0.6625339344723564,0.8372219207813347,0.00057,0.019,0.1578947368421052,0.1578947368421052
qwen3-8b-base,llama-8b,imdb,2000,1018,0.9740926060043454,0.9706995066401515,0.02415406375802409,0.00270827351848435,0.091,0.019,0.9618826499785931,0.008816856661558403,0.9632260852516215,0.010866520752723985,0.9053257988005101,0.7231999589468963,0.7049784522833493,0.07760314341846758,79,0.09430255402750491,0.10707269155206287,0.7470352884361534,0.8016822515584894,0.010097228279958776,0.09430255402750491,0.17708333333333337,0.27522935779816515
qwen3-8b-base,llama-8b,rte,111,62,0.9361421988150098,0.8196181698485846,-0.02608695652173909,0.0013175230566535578,0.17857142857142858,0.21428571428571427,0.7873601053324556,0.032258064516129004,0.9384463462804478,-0.0023041474654379446,0.9307400520985576,0.2787263831113589,0.23294455575491357,0.27419354838709675,17,0.3064516129032258,0.5,0.5247835714059897,0.7894736842105265,0.1532258064516129,0.3064516129032258,0.10526315789473695,0.4516129032258065
qwen3-8b-base,llama-8b,truthfulqa,654,327,0.9171880406624956,0.9435419764516642,0.37568311231704055,0.2602827040605902,0.4115853658536585,0.3780487804878049,0.8735048490119612,0.07003712743970292,0.8426713052586294,0.07451673540386616,0.9352974851095065,0.4715845770350954,0.41498858817205864,0.0672782874617737,22,0.15902140672782875,0.12538226299694188,0.39091215733627493,0.44895787139689575,0.019938463840492287,0.12538226299694188,0.46341463414634143,0.46341463414634143
qwen3-8b-base,qwen3-32b,boolq,1308,475,0.8963492765527262,0.9362734567511214,0.2084798717550258,0.021533497136951962,0.172782874617737,0.05963302752293578,0.8730574334997157,0.06321602325140574,0.6806773235610033,0.21567195299172293,0.6493162415838298,0.38596071212415384,0.4921029845584307,0.1936842105263158,92,0.3452631578947368,0.2336842105263158,0.5616396379426056,0.7385649314909767,0.0806825484764543,0.2336842105263158,0.1711711711711712,0.1711711711711712
qwen3-8b-base,qwen3-32b,geometry_of_truth,2012,1000,0.9982796442687747,0.9990424901185772,0.33697688015935134,0.131348257625154,0.11232604373757456,0.020874751491053677,0.9974169960474308,0.0016254940711463162,0.9965938735177866,0.0016857707509880804,0.9672687783791177,0.8634623130752019,0.8542439501020646,0.019,19,0.03,0.022,0.732946151861495,0.8594189315838798,0.0006599999999999999,0.022,0.13636363636363635,0.13636363636363635
qwen3-8b-base,qwen3-32b,imdb,2000,1018,0.9740926060043454,0.9742246487862068,0.02415406375802409,-0.001785894504973795,0.091,0.016966067864271458,0.9662220559461265,0.008002592840080314,0.9696171559585307,0.004475450045814733,0.658563437499525,0.5063759884173352,0.5998072114695607,0.06679764243614932,68,0.09430255402750491,0.07956777996070727,0.7497118409932485,0.8227953188184567,0.00750344486859322,0.07956777996070727,0.16049382716049376,0.16049382716049376
qwen3-8b-base,qwen3-32b,rte,111,62,0.9361421988150098,0.9410796576695195,-0.02608695652173909,0.11013513513513506,0.17857142857142858,0.15789473684210525,0.9282422646477946,0.01283739302172493,0.9302172481895984,0.005924950625411429,0.9443025933588989,0.16803573614201872,0.22564434280261148,0.16129032258064516,10,0.3064516129032258,0.20967741935483872,0.5170446960139775,0.6672629695885509,0.06425598335067638,0.20967741935483872,0.23076923076923084,0.23076923076923084
qwen3-8b-base,qwen3-32b,truthfulqa,654,327,0.9171880406624956,0.9729540162163678,0.37568311231704055,0.16693518171599842,0.4115853658536585,0.22935779816513763,0.923865368609077,0.049088647607290814,0.8434755772521955,0.07371246341030013,0.9482920808386979,0.32432900866547343,0.39351815013039493,0.06422018348623854,21,0.15902140672782875,0.10091743119266056,0.4373135117302104,0.567603305785124,0.016048031871615746,0.10091743119266056,0.36363636363636365,0.36363636363636365
qwen3-8b-base,qwen3-8b,boolq,1308,475,0.8963492765527262,0.9104467049977886,0.2084798717550258,0.08615155603107416,0.172782874617737,0.11297709923664122,0.8864421558096924,0.024004549188096136,0.8464623744234536,0.0498869021292726,0.7903125629888029,0.7912431618736366,0.7778301111361109,0.24842105263157896,118,0.3452631578947368,0.3410526315789474,0.5797291621684786,0.5851693064983526,0.11775290858725762,0.3410526315789474,0.2716049382716049,0.2716049382716049
qwen3-8b-base,qwen3-8b,geometry_of_truth,2012,1000,0.9982796442687747,0.9978171936758893,0.33697688015935134,0.36606776304668076,0.11232604373757456,0.042743538767395624,0.9950869565217392,0.002730237154150106,0.9967164031620555,0.0015632411067192375,0.9935894006314477,0.9342754278609545,0.9316716661631783,0.021,21,0.03,0.024,0.7767672855625612,0.8711340206185565,0.0007199999999999999,0.024,0.125,0.125
qwen3-8b-base,qwen3-8b,imdb,2000,1018,0.9740926060043454,0.9680016325289396,0.02415406375802409,-0.005726935318670967,0.091,0.101,0.9646215373781104,0.0033800951508291543,0.9716718216702211,0.002420784334124293,0.9265818466790368,0.8451853953372443,0.8458153983261831,0.06974459724950884,71,0.09430255402750491,0.09233791748526522,0.7214180509101433,0.7298426178058801,0.008707701452441515,0.09233791748526522,0.24468085106382986,0.24468085106382986
qwen3-8b-base,qwen3-8b,rte,111,62,0.9361421988150098,0.9298880842659645,-0.02608695652173909,0.0680272108843537,0.17857142857142858,0.25,0.9292297564186965,0.0006583278472679366,0.9377880184331797,-0.001645819618169897,0.9571378895726386,0.3049014954536793,0.3087154539382806,0.20967741935483872,13,0.3064516129032258,0.24193548387096775,0.6864867140821701,0.8077519379844961,0.07414151925078044,0.24193548387096775,0.1333333333333333,0.1333333333333333
qwen3-8b-base,qwen3-8b,truthfulqa,654,327,0.9171880406624956,0.9414284244685727,0.37568311231704055,0.33492243051066595,0.4115853658536585,0.345565749235474,0.8794527209643782,0.06197570350419446,0.8517053371863573,0.06548270347613827,0.9589882783613056,0.5853347772033877,0.5729508804417175,0.0856269113149847,28,0.15902140672782875,0.13149847094801223,0.5236543045899957,0.5852008456659618,0.020911071832711424,0.13149847094801223,0.34883720930232565,0.34883720930232565
qwen3-8b-base,qwen38-27b,boolq,1308,475,0.8963492765527262,0.9482352941176471,0.2084798717550258,0.30406008328375966,0.172782874617737,0.1173780487804878,0.9157389271498073,0.03249636696783975,0.8098565742086308,0.08649270234409545,0.5312562557215518,0.3969718674722157,0.4853632735149639,0.15157894736842106,72,0.3452631578947368,0.1957894736842105,0.4451312676472558,0.6551187636137332,0.067598891966759,0.1957894736842105,0.22580645161290314,0.22580645161290314
qwen3-8b-base,qwen38-27b,geometry_of_truth,2012,1000,0.9982796442687747,0.9984644268774703,0.33697688015935134,0.3610863095238096,0.11232604373757456,0.09542743538767395,0.9969387351778657,0.0015256916996045922,0.9965553359683794,0.001724308300395272,0.620065003565217,0.8891942213759013,0.8395460112664905,0.017,17,0.03,0.022,0.6530174548209826,0.7656982193064661,0.0006599999999999999,0.022,0.22727272727272718,0.22727272727272718
qwen3-8b-base,qwen38-27b,rte,111,62,0.9361421988150098,0.978275181040158,-0.02608695652173909,0.42720306513409967,0.17857142857142858,0.44642857142857145,0.9647794601711652,0.013495720868992755,0.9302172481895984,0.005924950625411429,0.7504198725391166,0.23242868244265524,0.23164715151159343,0.1774193548387097,11,0.3064516129032258,0.1774193548387097,0.6986645081462494,1.0,0.054370447450572325,0.1774193548387097,0.0,0.0
qwen3-8b-base,qwen38-27b,truthfulqa,654,327,0.9171880406624956,0.9643501762851986,0.37568311231704055,0.4490113100142312,0.4115853658536585,0.4923547400611621,0.8827726809378185,0.08157749534738012,0.8297468413620253,0.08744119930047034,0.5427676724238578,0.3861407382696437,0.40041149524800046,0.05504587155963303,18,0.15902140672782875,0.11926605504587157,0.30441472576811907,0.3597202797202797,0.018965855848273153,0.11926605504587157,0.5384615384615384,0.5384615384615384
qwen38-27b,gemma4-31b,boolq,1308,475,0.9482352941176471,0.8539836987426548,0.30406008328375966,0.20299066890333395,0.1173780487804878,0.21712538226299694,0.776157199721994,0.07782649902066074,0.9150868768560055,0.03314841726164153,0.4244450460500132,0.274000032910547,0.23666994896491522,0.13894736842105262,66,0.1957894736842105,0.3642105263157895,0.35422834786943663,0.5433668019653921,0.07130858725761773,0.1957894736842105,0.29032258064516125,0.6184971098265897
qwen38-27b,gemma4-31b,geometry_of_truth,2012,1000,0.9984644268774703,0.9748399209486167,0.3610863095238096,0.4643304130162704,0.09542743538767395,0.4393638170974155,0.925699604743083,0.04914031620553372,0.9947727272727274,0.003691699604742915,0.9581727889421018,0.8129665558862927,0.8350996887427452,0.013,13,0.022,0.089,0.264370372640713,0.5509430196587167,0.0019579999999999997,0.022,0.40909090909090906,0.8539325842696629
qwen38-27b,gemma4-31b,rte,111,62,0.978275181040158,0.6761026991441739,0.42720306513409967,0.08322580645161293,0.44642857142857145,0.4107142857142857,0.6342988808426597,0.04180381830151414,0.9614878209348255,0.01678736010533244,0.5681967832534952,0.15541305418601825,0.12166375945490782,0.12903225806451613,8,0.1774193548387097,0.5,0.21110016546037455,0.4545454545454546,0.08870967741935484,0.1774193548387097,0.2727272727272728,0.7419354838709677
qwen38-27b,gemma4-31b,truthfulqa,654,327,0.9643501762851986,0.8402397852780819,0.4490113100142312,0.4962217566960945,0.4923547400611621,0.5443425076452599,0.7492167700062659,0.091023015271816,0.8491709452066325,0.11517923107856609,0.683702108668573,0.30073213023114265,0.23800367635932018,0.04281345565749235,14,0.11926605504587157,0.21406727828746178,0.130004336108316,0.18437593534869806,0.025530959795752324,0.11926605504587157,0.6410256410256411,0.8
qwen38-27b,qwen3-32b,boolq,1308,475,0.9482352941176471,0.9362734567511214,0.30406008328375966,0.021533497136951962,0.1173780487804878,0.05963302752293578,0.9087104315410374,0.027563025210084025,0.9233082706766917,0.02492702344095532,0.30789855049660964,0.4207953132599407,0.4326257377737627,0.13894736842105262,66,0.1957894736842105,0.2336842105263158,0.5549987152040619,0.6211449840482098,0.04575290858725762,0.1957894736842105,0.29032258064516125,0.4054054054054055
qwen38-27b,qwen3-32b,geometry_of_truth,2012,1000,0.9984644268774703,0.9990424901185772,0.3610863095238096,0.131348257625154,0.09542743538767395,0.020874751491053677,0.997445652173913,0.0015968379446641423,0.9970088932806325,0.0014555335968378103,0.4324514320730164,0.8653941352207358,0.8971293509073908,0.014,14,0.022,0.022,0.6281836772634319,0.6281836772634318,0.00048399999999999995,0.022,0.36363636363636354,0.36363636363636354
qwen38-27b,qwen3-32b,rte,111,62,0.978275181040158,0.9410796576695195,0.42720306513409967,0.11013513513513506,0.44642857142857145,0.15789473684210525,0.9312047399605003,0.00987491770901916,0.9660961158657011,0.012179065174456882,0.6297777726644376,0.2048925773300464,0.26190610246064827,0.12903225806451613,8,0.1774193548387097,0.20967741935483872,0.5905049718718426,0.6549165120593692,0.03720083246618106,0.1774193548387097,0.2727272727272728,0.3846153846153847
qwen38-27b,qwen3-32b,truthfulqa,654,327,0.9643501762851986,0.9729540162163678,0.4490113100142312,0.16693518171599842,0.4923547400611621,0.22935779816513763,0.9247444566020443,0.048209559614323494,0.8939483208484135,0.07040185543678512,0.4935037249826825,0.3846186296408418,0.4319719397043783,0.039755351681957186,13,0.11926605504587157,0.10091743119266056,0.2839350565418122,0.31186868686868696,0.01203602390371181,0.10091743119266056,0.6060606060606061,0.6060606060606061
