overseer,target,held_out,both_true_test_n,row2_test_n,base_rate,n_false,router_coverage,auroc_margin,auroc_anomaly,auroc_spread,auroc_best,prec_05_margin,recall_05_margin,caught_05_margin,prec_10_margin,recall_10_margin,caught_10_margin,prec_20_margin,recall_20_margin,caught_20_margin,prec_05_anomaly,recall_05_anomaly,caught_05_anomaly,prec_10_anomaly,recall_10_anomaly,caught_10_anomaly,prec_20_anomaly,recall_20_anomaly,caught_20_anomaly,prec_05_spread,recall_05_spread,caught_05_spread,prec_10_spread,recall_10_spread,caught_10_spread,prec_20_spread,recall_20_spread,caught_20_spread,prec_05_best,recall_05_best,caught_05_best,prec_10_best,recall_10_best,caught_10_best,prec_20_best,recall_20_best,caught_20_best,supervised_reference
gemma4-12b,gemma4-12b-base,boolq,952,317,0.3329831932773109,475,0.2736842105263158,0.5982662261854492,0.5326759233960109,0.4734643185374699,0.5982662261854492,0.4791666666666667,0.07255520504731862,0.32210526315789473,0.42105263157894735,0.12618296529968454,0.35789473684210527,0.4105263157894737,0.24605678233438485,0.4378947368421053,0.2708333333333333,0.04100946372239748,0.30105263157894735,0.3368421052631579,0.10094637223974763,0.3410526315789474,0.3473684210526316,0.2082018927444795,0.4126315789473684,0.2708333333333333,0.04100946372239748,0.30105263157894735,0.22105263157894736,0.06624605678233439,0.3178947368421053,0.2736842105263158,0.1640378548895899,0.3831578947368421,0.4791666666666667,0.07255520504731862,0.32210526315789473,0.42105263157894735,0.12618296529968454,0.35789473684210527,0.4105263157894737,0.24605678233438485,0.4378947368421053,margin
gemma4-12b,gemma4-12b-base,geometry_of_truth,723,21,0.029045643153526972,1000,0.285,0.8024013024013024,0.8639940306606972,0.42952109618776285,0.8639940306606972,0.05555555555555555,0.09523809523809523,0.287,0.08333333333333333,0.2857142857142857,0.291,0.0896551724137931,0.6190476190476191,0.298,0.16666666666666666,0.2857142857142857,0.291,0.1388888888888889,0.47619047619047616,0.295,0.1103448275862069,0.7619047619047619,0.301,0.05555555555555555,0.09523809523809523,0.287,0.041666666666666664,0.14285714285714285,0.288,0.034482758620689655,0.23809523809523808,0.29,0.16666666666666666,0.2857142857142857,0.291,0.1388888888888889,0.47619047619047616,0.295,0.1103448275862069,0.7619047619047619,0.301,anomaly
gemma4-12b,gemma4-12b-base,imdb,648,101,0.1558641975308642,1018,0.3742632612966601,0.6927253968541278,0.4736184770213767,0.49173710789726144,0.6927253968541278,0.25,0.07920792079207921,0.38212180746561886,0.2923076923076923,0.18811881188118812,0.3929273084479371,0.3153846153846154,0.40594059405940597,0.41453831041257366,0.125,0.039603960396039604,0.3781925343811395,0.1076923076923077,0.06930693069306931,0.381139489194499,0.1076923076923077,0.13861386138613863,0.3880157170923379,0.125,0.039603960396039604,0.3781925343811395,0.13846153846153847,0.0891089108910891,0.3831041257367387,0.14615384615384616,0.18811881188118812,0.3929273084479371,0.25,0.07920792079207921,0.38212180746561886,0.2923076923076923,0.18811881188118812,0.3929273084479371,0.3153846153846154,0.40594059405940597,0.41453831041257366,margin
gemma4-12b,gemma4-12b-base,rte,64,37,0.578125,62,0.3548387096774194,0.3893893893893894,0.42842842842842843,0.47547547547547553,0.47547547547547553,0.3333333333333333,0.02702702702702703,0.3709677419354839,0.16666666666666666,0.02702702702702703,0.3709677419354839,0.38461538461538464,0.13513513513513514,0.43548387096774194,0.0,0.0,0.3548387096774194,0.5,0.08108108108108109,0.4032258064516129,0.46153846153846156,0.16216216216216217,0.45161290322580644,0.3333333333333333,0.02702702702702703,0.3709677419354839,0.6666666666666666,0.10810810810810811,0.41935483870967744,0.5384615384615384,0.1891891891891892,0.46774193548387094,0.3333333333333333,0.02702702702702703,0.3709677419354839,0.6666666666666666,0.10810810810810811,0.41935483870967744,0.5384615384615384,0.1891891891891892,0.46774193548387094,spread
gemma4-12b,gemma4-12b-base,truthfulqa,187,27,0.1443850267379679,327,0.38837920489296635,0.7275462962962963,0.7099537037037038,0.4175925925925926,0.7275462962962963,0.6666666666666666,0.2222222222222222,0.40672782874617736,0.47368421052631576,0.3333333333333333,0.41590214067278286,0.32432432432432434,0.4444444444444444,0.42507645259938837,0.3333333333333333,0.1111111111111111,0.39755351681957185,0.3684210526315789,0.25925925925925924,0.40978593272171254,0.32432432432432434,0.4444444444444444,0.42507645259938837,0.0,0.0,0.38837920489296635,0.0,0.0,0.38837920489296635,0.0,0.0,0.38837920489296635,0.6666666666666666,0.2222222222222222,0.40672782874617736,0.47368421052631576,0.3333333333333333,0.41590214067278286,0.32432432432432434,0.4444444444444444,0.42507645259938837,margin
gemma4-12b,gemma4-31b,boolq,695,120,0.17266187050359713,475,0.5368421052631579,0.6691739130434782,0.48731884057971014,0.5259420289855072,0.6691739130434782,0.4,0.11666666666666667,0.5663157894736842,0.35714285714285715,0.20833333333333334,0.5894736842105263,0.33093525179856115,0.38333333333333336,0.6336842105263157,0.2,0.058333333333333334,0.5515789473684211,0.18571428571428572,0.10833333333333334,0.5642105263157895,0.1366906474820144,0.15833333333333333,0.5768421052631579,0.17142857142857143,0.05,0.5494736842105263,0.24285714285714285,0.14166666666666666,0.5726315789473684,0.2158273381294964,0.25,0.6,0.4,0.11666666666666667,0.5663157894736842,0.35714285714285715,0.20833333333333334,0.5894736842105263,0.33093525179856115,0.38333333333333336,0.6336842105263157,margin
gemma4-12b,gemma4-31b,geometry_of_truth,720,40,0.05555555555555555,1000,0.275,0.764485294117647,0.7913970588235293,0.42051470588235296,0.7913970588235293,0.1111111111111111,0.1,0.279,0.125,0.225,0.284,0.13194444444444445,0.475,0.294,0.4444444444444444,0.4,0.291,0.2916666666666667,0.525,0.296,0.19444444444444445,0.7,0.303,0.05555555555555555,0.05,0.277,0.06944444444444445,0.125,0.28,0.041666666666666664,0.15,0.281,0.4444444444444444,0.4,0.291,0.2916666666666667,0.525,0.296,0.19444444444444445,0.7,0.303,anomaly
gemma4-12b,gemma4-31b,rte,46,22,0.4782608695652174,62,0.5,0.42234848484848486,0.5662878787878787,0.4147727272727273,0.5662878787878787,0.5,0.045454545454545456,0.5161290322580645,0.4,0.09090909090909091,0.532258064516129,0.4444444444444444,0.18181818181818182,0.5645161290322581,0.5,0.045454545454545456,0.5161290322580645,0.6,0.13636363636363635,0.5483870967741935,0.4444444444444444,0.18181818181818182,0.5645161290322581,0.5,0.045454545454545456,0.5161290322580645,0.4,0.09090909090909091,0.532258064516129,0.4444444444444444,0.18181818181818182,0.5645161290322581,0.5,0.045454545454545456,0.5161290322580645,0.6,0.13636363636363635,0.5483870967741935,0.4444444444444444,0.18181818181818182,0.5645161290322581,anomaly
gemma4-12b,gemma4-31b,truthfulqa,202,35,0.17326732673267325,327,0.40061162079510704,0.7659538066723696,0.5996578272027374,0.45594525235243794,0.7659538066723696,0.6,0.17142857142857143,0.41896024464831805,0.5,0.2857142857142857,0.43119266055045874,0.375,0.42857142857142855,0.44648318042813456,0.3,0.08571428571428572,0.40978593272171254,0.2,0.11428571428571428,0.41284403669724773,0.2,0.22857142857142856,0.42507645259938837,0.3,0.08571428571428572,0.40978593272171254,0.2,0.11428571428571428,0.41284403669724773,0.225,0.2571428571428571,0.42813455657492355,0.6,0.17142857142857143,0.41896024464831805,0.5,0.2857142857142857,0.43119266055045874,0.375,0.42857142857142855,0.44648318042813456,margin
gemma4-12b,qwen3-32b,boolq,825,214,0.2593939393939394,475,0.3873684210526316,0.683657861327378,0.47820334368355844,0.5377273353014057,0.683657861327378,0.4878048780487805,0.09345794392523364,0.42947368421052634,0.5121951219512195,0.19626168224299065,0.47578947368421054,0.4303030303030303,0.3317757009345794,0.5368421052631579,0.24390243902439024,0.04672897196261682,0.40842105263157896,0.2073170731707317,0.0794392523364486,0.4231578947368421,0.23030303030303031,0.17757009345794392,0.4673684210526316,0.21951219512195122,0.04205607476635514,0.4063157894736842,0.2682926829268293,0.102803738317757,0.4336842105263158,0.28484848484848485,0.21962616822429906,0.4863157894736842,0.4878048780487805,0.09345794392523364,0.42947368421052634,0.5121951219512195,0.19626168224299065,0.47578947368421054,0.4303030303030303,0.3317757009345794,0.5368421052631579,margin
gemma4-12b,qwen3-32b,geometry_of_truth,719,12,0.016689847009735744,1000,0.283,0.7920792079207921,0.824964639321075,0.44389438943894394,0.824964639321075,0.027777777777777776,0.08333333333333333,0.284,0.013888888888888888,0.08333333333333333,0.284,0.041666666666666664,0.5,0.289,0.05555555555555555,0.16666666666666666,0.285,0.08333333333333333,0.5,0.289,0.0625,0.75,0.292,0.05555555555555555,0.16666666666666666,0.285,0.027777777777777776,0.16666666666666666,0.285,0.013888888888888888,0.16666666666666666,0.285,0.05555555555555555,0.16666666666666666,0.285,0.08333333333333333,0.5,0.289,0.0625,0.75,0.292,anomaly
gemma4-12b,qwen3-32b,imdb,665,74,0.11127819548872181,1018,0.3516699410609037,0.7374125394429963,0.4228746513010472,0.5032926327342571,0.7374125394429963,0.3333333333333333,0.14864864864864866,0.362475442043222,0.24242424242424243,0.21621621621621623,0.36738703339882123,0.2631578947368421,0.47297297297297297,0.38605108055009824,0.0,0.0,0.3516699410609037,0.045454545454545456,0.04054054054054054,0.35461689587426326,0.06015037593984962,0.10810810810810811,0.35952848722986247,0.21212121212121213,0.0945945945945946,0.35854616895874264,0.16666666666666666,0.14864864864864866,0.362475442043222,0.15037593984962405,0.2702702702702703,0.3713163064833006,0.3333333333333333,0.14864864864864866,0.362475442043222,0.24242424242424243,0.21621621621621623,0.36738703339882123,0.2631578947368421,0.47297297297297297,0.38605108055009824,margin
gemma4-12b,qwen3-32b,rte,57,28,0.49122807017543857,62,0.43548387096774194,0.43226600985221675,0.5160098522167488,0.30295566502463056,0.5160098522167488,0.6666666666666666,0.07142857142857142,0.46774193548387094,0.3333333333333333,0.07142857142857142,0.46774193548387094,0.36363636363636365,0.14285714285714285,0.5,0.6666666666666666,0.07142857142857142,0.46774193548387094,0.5,0.10714285714285714,0.4838709677419355,0.5454545454545454,0.21428571428571427,0.532258064516129,0.0,0.0,0.43548387096774194,0.16666666666666666,0.03571428571428571,0.45161290322580644,0.18181818181818182,0.07142857142857142,0.46774193548387094,0.6666666666666666,0.07142857142857142,0.46774193548387094,0.5,0.10714285714285714,0.4838709677419355,0.5454545454545454,0.21428571428571427,0.532258064516129,anomaly
gemma4-12b,qwen3-32b,truthfulqa,196,25,0.12755102040816327,327,0.40061162079510704,0.7583625730994152,0.7375438596491228,0.5171929824561404,0.7583625730994152,0.3,0.12,0.40978593272171254,0.45,0.36,0.42813455657492355,0.28205128205128205,0.44,0.43425076452599387,0.3,0.12,0.40978593272171254,0.35,0.28,0.42201834862385323,0.28205128205128205,0.44,0.43425076452599387,0.1,0.04,0.4036697247706422,0.1,0.08,0.40672782874617736,0.07692307692307693,0.12,0.40978593272171254,0.3,0.12,0.40978593272171254,0.45,0.36,0.42813455657492355,0.28205128205128205,0.44,0.43425076452599387,margin
gemma4-12b,qwen38-27b,boolq,702,101,0.14387464387464388,475,0.56,0.7421624025963327,0.5106176175021828,0.5345051976079471,0.7421624025963327,0.3142857142857143,0.10891089108910891,0.5831578947368421,0.3,0.2079207920792079,0.6042105263157894,0.3142857142857143,0.43564356435643564,0.6526315789473685,0.08571428571428572,0.0297029702970297,0.5663157894736842,0.05714285714285714,0.039603960396039604,0.5684210526315789,0.15,0.2079207920792079,0.6042105263157894,0.22857142857142856,0.07920792079207921,0.5768421052631579,0.22857142857142856,0.15841584158415842,0.5936842105263158,0.17142857142857143,0.2376237623762376,0.6105263157894737,0.3142857142857143,0.10891089108910891,0.5831578947368421,0.3,0.2079207920792079,0.6042105263157894,0.3142857142857143,0.43564356435643564,0.6526315789473685,margin
gemma4-12b,qwen38-27b,geometry_of_truth,715,9,0.012587412587412588,1000,0.287,0.8251495121183506,0.8964431853950268,0.43327038086244885,0.8964431853950268,0.027777777777777776,0.1111111111111111,0.288,0.027777777777777776,0.2222222222222222,0.289,0.03496503496503497,0.5555555555555556,0.292,0.1111111111111111,0.4444444444444444,0.291,0.06944444444444445,0.5555555555555556,0.292,0.055944055944055944,0.8888888888888888,0.295,0.027777777777777776,0.1111111111111111,0.288,0.013888888888888888,0.1111111111111111,0.288,0.006993006993006993,0.1111111111111111,0.288,0.1111111111111111,0.4444444444444444,0.291,0.06944444444444445,0.5555555555555556,0.292,0.055944055944055944,0.8888888888888888,0.295,anomaly
gemma4-12b,qwen38-27b,rte,46,17,0.3695652173913043,62,0.5161290322580645,0.6937119675456389,0.5314401622718052,0.6450304259634888,0.6937119675456389,0.5,0.058823529411764705,0.532258064516129,0.6,0.17647058823529413,0.5645161290322581,0.6666666666666666,0.35294117647058826,0.6129032258064516,0.0,0.0,0.5161290322580645,0.4,0.11764705882352941,0.5483870967741935,0.4444444444444444,0.23529411764705882,0.5806451612903226,0.5,0.058823529411764705,0.532258064516129,0.4,0.11764705882352941,0.5483870967741935,0.3333333333333333,0.17647058823529413,0.5645161290322581,0.5,0.058823529411764705,0.532258064516129,0.6,0.17647058823529413,0.5645161290322581,0.6666666666666666,0.35294117647058826,0.6129032258064516,margin
gemma4-12b,qwen38-27b,truthfulqa,193,23,0.11917098445595854,327,0.41590214067278286,0.7872122762148338,0.7199488491048593,0.4370843989769821,0.7872122762148338,0.6,0.2608695652173913,0.43425076452599387,0.5263157894736842,0.43478260869565216,0.44648318042813456,0.3076923076923077,0.5217391304347826,0.4525993883792049,0.3,0.13043478260869565,0.42507645259938837,0.3157894736842105,0.2608695652173913,0.43425076452599387,0.28205128205128205,0.4782608695652174,0.44954128440366975,0.1,0.043478260869565216,0.41896024464831805,0.10526315789473684,0.08695652173913043,0.42201834862385323,0.10256410256410256,0.17391304347826086,0.42813455657492355,0.6,0.2608695652173913,0.43425076452599387,0.5263157894736842,0.43478260869565216,0.44648318042813456,0.3076923076923077,0.5217391304347826,0.4525993883792049,margin
gemma4-12b-base,gemma4-12b,boolq,952,317,0.3329831932773109,475,0.2736842105263158,0.5982662261854492,0.5326759233960109,0.4734643185374699,0.5982662261854492,0.4791666666666667,0.07255520504731862,0.32210526315789473,0.42105263157894735,0.12618296529968454,0.35789473684210527,0.4105263157894737,0.24605678233438485,0.4378947368421053,0.2708333333333333,0.04100946372239748,0.30105263157894735,0.3368421052631579,0.10094637223974763,0.3410526315789474,0.3473684210526316,0.2082018927444795,0.4126315789473684,0.2708333333333333,0.04100946372239748,0.30105263157894735,0.22105263157894736,0.06624605678233439,0.3178947368421053,0.2736842105263158,0.1640378548895899,0.3831578947368421,0.4791666666666667,0.07255520504731862,0.32210526315789473,0.42105263157894735,0.12618296529968454,0.35789473684210527,0.4105263157894737,0.24605678233438485,0.4378947368421053,margin
gemma4-12b-base,gemma4-12b,geometry_of_truth,723,21,0.029045643153526972,1000,0.285,0.8024013024013024,0.8639940306606972,0.42952109618776285,0.8639940306606972,0.05555555555555555,0.09523809523809523,0.287,0.08333333333333333,0.2857142857142857,0.291,0.0896551724137931,0.6190476190476191,0.298,0.16666666666666666,0.2857142857142857,0.291,0.1388888888888889,0.47619047619047616,0.295,0.1103448275862069,0.7619047619047619,0.301,0.05555555555555555,0.09523809523809523,0.287,0.041666666666666664,0.14285714285714285,0.288,0.034482758620689655,0.23809523809523808,0.29,0.16666666666666666,0.2857142857142857,0.291,0.1388888888888889,0.47619047619047616,0.295,0.1103448275862069,0.7619047619047619,0.301,anomaly
gemma4-12b-base,gemma4-12b,imdb,648,101,0.1558641975308642,1018,0.3742632612966601,0.6927253968541278,0.4736184770213767,0.49173710789726144,0.6927253968541278,0.25,0.07920792079207921,0.38212180746561886,0.2923076923076923,0.18811881188118812,0.3929273084479371,0.3153846153846154,0.40594059405940597,0.41453831041257366,0.125,0.039603960396039604,0.3781925343811395,0.1076923076923077,0.06930693069306931,0.381139489194499,0.1076923076923077,0.13861386138613863,0.3880157170923379,0.125,0.039603960396039604,0.3781925343811395,0.13846153846153847,0.0891089108910891,0.3831041257367387,0.14615384615384616,0.18811881188118812,0.3929273084479371,0.25,0.07920792079207921,0.38212180746561886,0.2923076923076923,0.18811881188118812,0.3929273084479371,0.3153846153846154,0.40594059405940597,0.41453831041257366,margin
gemma4-12b-base,gemma4-12b,rte,64,37,0.578125,62,0.3548387096774194,0.3893893893893894,0.42842842842842843,0.47547547547547553,0.47547547547547553,0.3333333333333333,0.02702702702702703,0.3709677419354839,0.16666666666666666,0.02702702702702703,0.3709677419354839,0.38461538461538464,0.13513513513513514,0.43548387096774194,0.0,0.0,0.3548387096774194,0.5,0.08108108108108109,0.4032258064516129,0.46153846153846156,0.16216216216216217,0.45161290322580644,0.3333333333333333,0.02702702702702703,0.3709677419354839,0.6666666666666666,0.10810810810810811,0.41935483870967744,0.5384615384615384,0.1891891891891892,0.46774193548387094,0.3333333333333333,0.02702702702702703,0.3709677419354839,0.6666666666666666,0.10810810810810811,0.41935483870967744,0.5384615384615384,0.1891891891891892,0.46774193548387094,spread
gemma4-12b-base,gemma4-12b,truthfulqa,187,27,0.1443850267379679,327,0.38837920489296635,0.7275462962962963,0.7099537037037038,0.4175925925925926,0.7275462962962963,0.6666666666666666,0.2222222222222222,0.40672782874617736,0.47368421052631576,0.3333333333333333,0.41590214067278286,0.32432432432432434,0.4444444444444444,0.42507645259938837,0.3333333333333333,0.1111111111111111,0.39755351681957185,0.3684210526315789,0.25925925925925924,0.40978593272171254,0.32432432432432434,0.4444444444444444,0.42507645259938837,0.0,0.0,0.38837920489296635,0.0,0.0,0.38837920489296635,0.0,0.0,0.38837920489296635,0.6666666666666666,0.2222222222222222,0.40672782874617736,0.47368421052631576,0.3333333333333333,0.41590214067278286,0.32432432432432434,0.4444444444444444,0.42507645259938837,margin
gemma4-12b-base,gemma4-31b,boolq,810,132,0.16296296296296298,475,0.6252631578947369,0.7264905694109234,0.490323589881112,0.5975015643157235,0.7264905694109234,0.45,0.13636363636363635,0.6631578947368421,0.43209876543209874,0.26515151515151514,0.6989473684210527,0.35802469135802467,0.4393939393939394,0.7473684210526316,0.1,0.030303030303030304,0.6336842105263157,0.09876543209876543,0.06060606060606061,0.6421052631578947,0.1419753086419753,0.17424242424242425,0.6736842105263158,0.25,0.07575757575757576,0.6463157894736842,0.2716049382716049,0.16666666666666666,0.671578947368421,0.2222222222222222,0.2727272727272727,0.7010526315789474,0.45,0.13636363636363635,0.6631578947368421,0.43209876543209874,0.26515151515151514,0.6989473684210527,0.35802469135802467,0.4393939393939394,0.7473684210526316,margin
gemma4-12b-base,gemma4-31b,geometry_of_truth,932,18,0.019313304721030045,1000,0.076,0.9228057379042063,0.9257840991976659,0.34275468028203254,0.9257840991976659,0.14893617021276595,0.3888888888888889,0.083,0.12903225806451613,0.6666666666666666,0.088,0.0913978494623656,0.9444444444444444,0.093,0.1702127659574468,0.4444444444444444,0.084,0.12903225806451613,0.6666666666666666,0.088,0.08602150537634409,0.8888888888888888,0.092,0.0,0.0,0.076,0.010752688172043012,0.05555555555555555,0.077,0.016129032258064516,0.16666666666666666,0.079,0.1702127659574468,0.4444444444444444,0.084,0.12903225806451613,0.6666666666666666,0.088,0.08602150537634409,0.8888888888888888,0.092,anomaly
gemma4-12b-base,gemma4-31b,rte,63,30,0.47619047619047616,62,0.43548387096774194,0.5565656565656565,0.5212121212121212,0.6383838383838384,0.6383838383838384,0.3333333333333333,0.03333333333333333,0.45161290322580644,0.3333333333333333,0.06666666666666667,0.46774193548387094,0.5384615384615384,0.23333333333333334,0.5483870967741935,0.3333333333333333,0.03333333333333333,0.45161290322580644,0.3333333333333333,0.06666666666666667,0.46774193548387094,0.5384615384615384,0.23333333333333334,0.5483870967741935,0.6666666666666666,0.06666666666666667,0.46774193548387094,0.5,0.1,0.4838709677419355,0.6153846153846154,0.26666666666666666,0.5645161290322581,0.6666666666666666,0.06666666666666667,0.46774193548387094,0.5,0.1,0.4838709677419355,0.6153846153846154,0.26666666666666666,0.5645161290322581,spread
gemma4-12b-base,gemma4-31b,truthfulqa,234,25,0.10683760683760683,327,0.2324159021406728,0.8585645933014354,0.7422009569377991,0.48708133971291867,0.8585645933014354,0.4166666666666667,0.2,0.24770642201834864,0.43478260869565216,0.4,0.26299694189602446,0.3404255319148936,0.64,0.28134556574923547,0.4166666666666667,0.2,0.24770642201834864,0.34782608695652173,0.32,0.25688073394495414,0.2978723404255319,0.56,0.27522935779816515,0.08333333333333333,0.04,0.23547400611620795,0.13043478260869565,0.12,0.2415902140672783,0.10638297872340426,0.2,0.24770642201834864,0.4166666666666667,0.2,0.24770642201834864,0.43478260869565216,0.4,0.26299694189602446,0.3404255319148936,0.64,0.28134556574923547,margin
gemma4-12b-base,qwen3-32b,boolq,986,254,0.25760649087221094,475,0.35789473684210527,0.7347467837012177,0.4893238242760639,0.6270975861623854,0.7347467837012177,0.673469387755102,0.12992125984251968,0.42736842105263156,0.6060606060606061,0.23622047244094488,0.4842105263157895,0.48223350253807107,0.37401574803149606,0.5578947368421052,0.1836734693877551,0.03543307086614173,0.37684210526315787,0.2222222222222222,0.08661417322834646,0.40421052631578946,0.233502538071066,0.18110236220472442,0.45473684210526316,0.42857142857142855,0.08267716535433071,0.40210526315789474,0.40404040404040403,0.15748031496062992,0.4421052631578947,0.4010152284263959,0.3110236220472441,0.5242105263157895,0.673469387755102,0.12992125984251968,0.42736842105263156,0.6060606060606061,0.23622047244094488,0.4842105263157895,0.48223350253807107,0.37401574803149606,0.5578947368421052,margin
gemma4-12b-base,qwen3-32b,geometry_of_truth,974,12,0.012320328542094456,1000,0.04,0.8986486486486486,0.8617463617463618,0.4319126819126819,0.8986486486486486,0.08163265306122448,0.3333333333333333,0.044,0.08247422680412371,0.6666666666666666,0.048,0.05128205128205128,0.8333333333333334,0.05,0.08163265306122448,0.3333333333333333,0.044,0.07216494845360824,0.5833333333333334,0.047,0.046153846153846156,0.75,0.049,0.02040816326530612,0.08333333333333333,0.041,0.020618556701030927,0.16666666666666666,0.042,0.010256410256410256,0.16666666666666666,0.042,0.08163265306122448,0.3333333333333333,0.044,0.08247422680412371,0.6666666666666666,0.048,0.05128205128205128,0.8333333333333334,0.05,margin
gemma4-12b-base,qwen3-32b,imdb,847,67,0.07910271546635184,1018,0.18369351669941061,0.7201492537313433,0.48163030998851897,0.5290853425181783,0.7201492537313433,0.19047619047619047,0.11940298507462686,0.19155206286836934,0.2,0.2537313432835821,0.20039292730844793,0.15384615384615385,0.3880597014925373,0.20923379174852652,0.047619047619047616,0.029850746268656716,0.1856581532416503,0.023529411764705882,0.029850746268656716,0.1856581532416503,0.04142011834319527,0.1044776119402985,0.1905697445972495,0.14285714285714285,0.08955223880597014,0.18958742632612965,0.09411764705882353,0.11940298507462686,0.19155206286836934,0.09467455621301775,0.23880597014925373,0.1994106090373281,0.19047619047619047,0.11940298507462686,0.19155206286836934,0.2,0.2537313432835821,0.20039292730844793,0.15384615384615385,0.3880597014925373,0.20923379174852652,margin
gemma4-12b-base,qwen3-32b,rte,78,38,0.48717948717948717,62,0.3064516129032258,0.6605263157894737,0.49407894736842106,0.6934210526315789,0.6934210526315789,0.75,0.07894736842105263,0.3548387096774194,0.75,0.15789473684210525,0.4032258064516129,0.5625,0.23684210526315788,0.45161290322580644,0.75,0.07894736842105263,0.3548387096774194,0.5,0.10526315789473684,0.3709677419354839,0.4375,0.18421052631578946,0.41935483870967744,0.75,0.07894736842105263,0.3548387096774194,0.625,0.13157894736842105,0.3870967741935484,0.8125,0.34210526315789475,0.5161290322580645,0.75,0.07894736842105263,0.3548387096774194,0.625,0.13157894736842105,0.3870967741935484,0.8125,0.34210526315789475,0.5161290322580645,spread
gemma4-12b-base,qwen3-32b,truthfulqa,244,25,0.10245901639344263,327,0.1712538226299694,0.7919634703196347,0.8215525114155251,0.41333333333333333,0.8215525114155251,0.3333333333333333,0.16,0.1834862385321101,0.25,0.24,0.18960244648318042,0.2653061224489796,0.52,0.21100917431192662,0.4166666666666667,0.2,0.18654434250764526,0.4166666666666667,0.4,0.2018348623853211,0.30612244897959184,0.6,0.21712538226299694,0.16666666666666666,0.08,0.17737003058103976,0.08333333333333333,0.08,0.17737003058103976,0.04081632653061224,0.08,0.17737003058103976,0.4166666666666667,0.2,0.18654434250764526,0.4166666666666667,0.4,0.2018348623853211,0.30612244897959184,0.6,0.21712538226299694,anomaly
gemma4-12b-base,qwen38-27b,boolq,833,117,0.1404561824729892,475,0.631578947368421,0.7776822804755765,0.4971828295850642,0.6264981139282815,0.7776822804755765,0.40476190476190477,0.1452991452991453,0.6673684210526316,0.3855421686746988,0.27350427350427353,0.6989473684210527,0.33532934131736525,0.47863247863247865,0.7494736842105263,0.09523809523809523,0.03418803418803419,0.64,0.12048192771084337,0.08547008547008547,0.6526315789473685,0.09580838323353294,0.13675213675213677,0.6652631578947369,0.30952380952380953,0.1111111111111111,0.6589473684210526,0.3132530120481928,0.2222222222222222,0.6863157894736842,0.2934131736526946,0.4188034188034188,0.7347368421052631,0.40476190476190477,0.1452991452991453,0.6673684210526316,0.3855421686746988,0.27350427350427353,0.6989473684210527,0.33532934131736525,0.47863247863247865,0.7494736842105263,margin
gemma4-12b-base,qwen38-27b,geometry_of_truth,974,9,0.009240246406570842,1000,0.044,0.880944156591825,0.953943580886586,0.3715601611974669,0.953943580886586,0.08163265306122448,0.4444444444444444,0.048,0.061855670103092786,0.6666666666666666,0.05,0.035897435897435895,0.7777777777777778,0.051,0.12244897959183673,0.6666666666666666,0.05,0.07216494845360824,0.7777777777777778,0.051,0.046153846153846156,1.0,0.053,0.0,0.0,0.044,0.0,0.0,0.044,0.005128205128205128,0.1111111111111111,0.045,0.12244897959183673,0.6666666666666666,0.05,0.07216494845360824,0.7777777777777778,0.051,0.046153846153846156,1.0,0.053,anomaly
gemma4-12b-base,qwen38-27b,rte,63,23,0.36507936507936506,62,0.5161290322580645,0.8347826086956521,0.5989130434782609,0.773913043478261,0.8347826086956521,1.0,0.13043478260869565,0.5645161290322581,0.6666666666666666,0.17391304347826086,0.5806451612903226,0.7692307692307693,0.43478260869565216,0.6774193548387096,0.0,0.0,0.5161290322580645,0.3333333333333333,0.08695652173913043,0.5483870967741935,0.46153846153846156,0.2608695652173913,0.6129032258064516,1.0,0.13043478260869565,0.5645161290322581,1.0,0.2608695652173913,0.6129032258064516,0.7692307692307693,0.43478260869565216,0.6774193548387096,1.0,0.13043478260869565,0.5645161290322581,0.6666666666666666,0.17391304347826086,0.5806451612903226,0.7692307692307693,0.43478260869565216,0.6774193548387096,margin
gemma4-12b-base,qwen38-27b,truthfulqa,241,25,0.1037344398340249,327,0.1743119266055046,0.8261111111111111,0.7477777777777778,0.3975925925925926,0.8261111111111111,0.5,0.24,0.1926605504587156,0.3333333333333333,0.32,0.19877675840978593,0.3333333333333333,0.64,0.22324159021406728,0.25,0.12,0.1834862385321101,0.2916666666666667,0.28,0.19571865443425077,0.22916666666666666,0.44,0.20795107033639143,0.0,0.0,0.1743119266055046,0.08333333333333333,0.08,0.18042813455657492,0.08333333333333333,0.16,0.18654434250764526,0.5,0.24,0.1926605504587156,0.3333333333333333,0.32,0.19877675840978593,0.3333333333333333,0.64,0.22324159021406728,margin
gemma4-31b,qwen3-32b,boolq,773,101,0.13065976714100905,475,0.4357894736842105,0.734220297029703,0.44408592644978784,0.4483586751532296,0.734220297029703,0.5128205128205128,0.19801980198019803,0.47789473684210526,0.4155844155844156,0.31683168316831684,0.5031578947368421,0.3225806451612903,0.49504950495049505,0.5410526315789473,0.07692307692307693,0.0297029702970297,0.4421052631578947,0.1038961038961039,0.07920792079207921,0.45263157894736844,0.0967741935483871,0.1485148514851485,0.4673684210526316,0.02564102564102564,0.009900990099009901,0.4378947368421053,0.03896103896103896,0.0297029702970297,0.4421052631578947,0.07741935483870968,0.1188118811881188,0.4610526315789474,0.5128205128205128,0.19801980198019803,0.47789473684210526,0.4155844155844156,0.31683168316831684,0.5031578947368421,0.3225806451612903,0.49504950495049505,0.5410526315789473,margin
gemma4-31b,qwen3-32b,geometry_of_truth,928,10,0.010775862068965518,1000,0.072,0.8857298474945534,0.871677559912854,0.3908496732026144,0.8857298474945534,0.10869565217391304,0.5,0.077,0.07526881720430108,0.7,0.079,0.03763440860215054,0.7,0.079,0.043478260869565216,0.2,0.074,0.06451612903225806,0.6,0.078,0.03763440860215054,0.7,0.079,0.0,0.0,0.072,0.0,0.0,0.072,0.0,0.0,0.072,0.10869565217391304,0.5,0.077,0.07526881720430108,0.7,0.079,0.03763440860215054,0.7,0.079,margin
gemma4-31b,qwen3-32b,rte,62,25,0.4032258064516129,62,0.3870967741935484,0.5762162162162162,0.5005405405405406,0.4237837837837838,0.5762162162162162,0.0,0.0,0.3870967741935484,0.3333333333333333,0.08,0.41935483870967744,0.4166666666666667,0.2,0.46774193548387094,1.0,0.12,0.43548387096774194,0.5,0.12,0.43548387096774194,0.3333333333333333,0.16,0.45161290322580644,0.0,0.0,0.3870967741935484,0.16666666666666666,0.04,0.4032258064516129,0.4166666666666667,0.2,0.46774193548387094,0.0,0.0,0.3870967741935484,0.3333333333333333,0.08,0.41935483870967744,0.4166666666666667,0.2,0.46774193548387094,margin
gemma4-31b,qwen3-32b,truthfulqa,251,25,0.099601593625498,327,0.2324159021406728,0.8361061946902655,0.772212389380531,0.45999999999999996,0.8361061946902655,0.38461538461538464,0.2,0.24770642201834864,0.32,0.32,0.25688073394495414,0.26,0.52,0.27217125382262997,0.3076923076923077,0.16,0.24464831804281345,0.32,0.32,0.25688073394495414,0.26,0.52,0.27217125382262997,0.07692307692307693,0.04,0.23547400611620795,0.04,0.04,0.23547400611620795,0.04,0.08,0.23853211009174313,0.38461538461538464,0.2,0.24770642201834864,0.32,0.32,0.25688073394495414,0.26,0.52,0.27217125382262997,margin
llama-8b,gemma4-12b,boolq,717,113,0.15760111576011157,475,0.5389473684210526,0.7069975971400106,0.521303405028424,0.5568041962140303,0.7069975971400106,0.25,0.07964601769911504,0.5578947368421052,0.3055555555555556,0.19469026548672566,0.5852631578947368,0.3356643356643357,0.4247787610619469,0.64,0.2222222222222222,0.07079646017699115,0.5557894736842105,0.20833333333333334,0.13274336283185842,0.5705263157894737,0.18181818181818182,0.23008849557522124,0.5936842105263158,0.19444444444444445,0.061946902654867256,0.5536842105263158,0.2222222222222222,0.1415929203539823,0.5726315789473684,0.2097902097902098,0.26548672566371684,0.6021052631578947,0.25,0.07964601769911504,0.5578947368421052,0.3055555555555556,0.19469026548672566,0.5852631578947368,0.3356643356643357,0.4247787610619469,0.64,margin
llama-8b,gemma4-12b,geometry_of_truth,716,8,0.0111731843575419,1000,0.285,0.8015536723163842,0.7231638418079096,0.45903954802259883,0.8015536723163842,0.0,0.0,0.285,0.027777777777777776,0.25,0.287,0.027972027972027972,0.5,0.289,0.027777777777777776,0.125,0.286,0.05555555555555555,0.5,0.289,0.03496503496503497,0.625,0.29,0.05555555555555555,0.25,0.287,0.027777777777777776,0.25,0.287,0.013986013986013986,0.25,0.287,0.0,0.0,0.285,0.027777777777777776,0.25,0.287,0.027972027972027972,0.5,0.289,margin
llama-8b,gemma4-12b,imdb,677,66,0.09748892171344166,1018,0.362475442043222,0.7386797599563557,0.44591578634131823,0.4889897336705847,0.7386797599563557,0.20588235294117646,0.10606060606060606,0.3693516699410609,0.23529411764705882,0.24242424242424243,0.3781925343811395,0.2222222222222222,0.45454545454545453,0.3919449901768173,0.08823529411764706,0.045454545454545456,0.3654223968565815,0.058823529411764705,0.06060606060606061,0.3664047151277014,0.05925925925925926,0.12121212121212122,0.3703339882121807,0.23529411764705882,0.12121212121212122,0.3703339882121807,0.16176470588235295,0.16666666666666666,0.37328094302554027,0.1259259259259259,0.25757575757575757,0.3791748526522593,0.20588235294117646,0.10606060606060606,0.3693516699410609,0.23529411764705882,0.24242424242424243,0.3781925343811395,0.2222222222222222,0.45454545454545453,0.3919449901768173,margin
llama-8b,gemma4-12b,rte,46,18,0.391304347826087,62,0.5,0.4900793650793651,0.4543650793650794,0.5079365079365079,0.5079365079365079,0.5,0.05555555555555555,0.5161290322580645,0.4,0.1111111111111111,0.532258064516129,0.2222222222222222,0.1111111111111111,0.532258064516129,0.0,0.0,0.5,0.0,0.0,0.5,0.2222222222222222,0.1111111111111111,0.532258064516129,0.0,0.0,0.5,0.2,0.05555555555555555,0.5161290322580645,0.2222222222222222,0.1111111111111111,0.532258064516129,0.0,0.0,0.5,0.2,0.05555555555555555,0.5161290322580645,0.2222222222222222,0.1111111111111111,0.532258064516129,spread
llama-8b,gemma4-12b,truthfulqa,200,17,0.085,327,0.40672782874617736,0.7920282867245259,0.7087753134040502,0.4985535197685632,0.7920282867245259,0.4,0.23529411764705882,0.41896024464831805,0.35,0.4117647058823529,0.42813455657492355,0.25,0.5882352941176471,0.43730886850152906,0.1,0.058823529411764705,0.40978593272171254,0.15,0.17647058823529413,0.41590214067278286,0.15,0.35294117647058826,0.42507645259938837,0.1,0.058823529411764705,0.40978593272171254,0.05,0.058823529411764705,0.40978593272171254,0.1,0.23529411764705882,0.41896024464831805,0.4,0.23529411764705882,0.41896024464831805,0.35,0.4117647058823529,0.42813455657492355,0.25,0.5882352941176471,0.43730886850152906,margin
llama-8b,gemma4-12b-base,boolq,834,125,0.1498800959232614,475,0.6273684210526316,0.7735853314527503,0.49249083215796896,0.6482256699576869,0.7735853314527503,0.38095238095238093,0.128,0.6610526315789473,0.4457831325301205,0.296,0.7052631578947368,0.38922155688622756,0.52,0.7642105263157895,0.11904761904761904,0.04,0.6378947368421053,0.0963855421686747,0.064,0.6442105263157895,0.11377245508982035,0.152,0.6673684210526316,0.2619047619047619,0.088,0.6505263157894737,0.27710843373493976,0.184,0.6757894736842105,0.25149700598802394,0.336,0.7157894736842105,0.38095238095238093,0.128,0.6610526315789473,0.4457831325301205,0.296,0.7052631578947368,0.38922155688622756,0.52,0.7642105263157895,margin
llama-8b,gemma4-12b-base,geometry_of_truth,976,10,0.010245901639344262,1000,0.038,0.910662525879917,0.9520703933747412,0.42298136645962736,0.9520703933747412,0.10204081632653061,0.5,0.043,0.07142857142857142,0.7,0.045,0.046153846153846156,0.9,0.047,0.14285714285714285,0.7,0.045,0.09183673469387756,0.9,0.047,0.05128205128205128,1.0,0.048,0.0,0.0,0.038,0.0,0.0,0.038,0.010256410256410256,0.2,0.04,0.14285714285714285,0.7,0.045,0.09183673469387756,0.9,0.047,0.05128205128205128,1.0,0.048,anomaly
llama-8b,gemma4-12b-base,imdb,852,59,0.06924882629107981,1018,0.1944990176817289,0.7380041464509374,0.49056361809904464,0.5311304422168551,0.7380041464509374,0.20930232558139536,0.15254237288135594,0.20333988212180745,0.16470588235294117,0.23728813559322035,0.2082514734774067,0.14705882352941177,0.423728813559322,0.21905697445972494,0.09302325581395349,0.06779661016949153,0.19842829076620824,0.058823529411764705,0.0847457627118644,0.1994106090373281,0.058823529411764705,0.1694915254237288,0.2043222003929273,0.16279069767441862,0.11864406779661017,0.2013752455795678,0.12941176470588237,0.1864406779661017,0.20530451866404714,0.08235294117647059,0.23728813559322035,0.2082514734774067,0.20930232558139536,0.15254237288135594,0.20333988212180745,0.16470588235294117,0.23728813559322035,0.2082514734774067,0.14705882352941177,0.423728813559322,0.21905697445972494,margin
llama-8b,gemma4-12b-base,rte,64,24,0.375,62,0.5,0.6833333333333333,0.5635416666666667,0.6281249999999999,0.6833333333333333,0.6666666666666666,0.08333333333333333,0.532258064516129,0.6666666666666666,0.16666666666666666,0.5645161290322581,0.6153846153846154,0.3333333333333333,0.6290322580645161,0.3333333333333333,0.041666666666666664,0.5161290322580645,0.5,0.125,0.5483870967741935,0.5384615384615384,0.2916666666666667,0.6129032258064516,0.3333333333333333,0.041666666666666664,0.5161290322580645,0.6666666666666666,0.16666666666666666,0.5645161290322581,0.6153846153846154,0.3333333333333333,0.6290322580645161,0.6666666666666666,0.08333333333333333,0.532258064516129,0.6666666666666666,0.16666666666666666,0.5645161290322581,0.6153846153846154,0.3333333333333333,0.6290322580645161,margin
llama-8b,gemma4-12b-base,truthfulqa,243,22,0.09053497942386832,327,0.14678899082568808,0.8531468531468531,0.7897984368572604,0.4043603455368161,0.8531468531468531,0.3333333333333333,0.18181818181818182,0.15902140672782875,0.3333333333333333,0.36363636363636365,0.1712538226299694,0.3469387755102041,0.7727272727272727,0.19877675840978593,0.3333333333333333,0.18181818181818182,0.15902140672782875,0.3333333333333333,0.36363636363636365,0.1712538226299694,0.2653061224489796,0.5909090909090909,0.18654434250764526,0.08333333333333333,0.045454545454545456,0.14984709480122324,0.041666666666666664,0.045454545454545456,0.14984709480122324,0.061224489795918366,0.13636363636363635,0.1559633027522936,0.3333333333333333,0.18181818181818182,0.15902140672782875,0.3333333333333333,0.36363636363636365,0.1712538226299694,0.3469387755102041,0.7727272727272727,0.19877675840978593,margin
llama-8b,gemma4-31b,boolq,724,66,0.09116022099447514,475,0.3094736842105263,0.7395228884590587,0.5160725799023671,0.500161186331399,0.7395228884590587,0.25,0.13636363636363635,0.32842105263157895,0.2638888888888889,0.2878787878787879,0.3494736842105263,0.2206896551724138,0.48484848484848486,0.37684210526315787,0.08333333333333333,0.045454545454545456,0.3157894736842105,0.1111111111111111,0.12121212121212122,0.3263157894736842,0.10344827586206896,0.22727272727272727,0.3410526315789474,0.08333333333333333,0.045454545454545456,0.3157894736842105,0.08333333333333333,0.09090909090909091,0.32210526315789473,0.08275862068965517,0.18181818181818182,0.33473684210526317,0.25,0.13636363636363635,0.32842105263157895,0.2638888888888889,0.2878787878787879,0.3494736842105263,0.2206896551724138,0.48484848484848486,0.37684210526315787,margin
llama-8b,gemma4-31b,geometry_of_truth,936,8,0.008547008547008548,1000,0.07,0.9207974137931035,0.8309536637931034,0.3806573275862069,0.9207974137931035,0.06382978723404255,0.375,0.073,0.06382978723404255,0.75,0.076,0.0374331550802139,0.875,0.077,0.0425531914893617,0.25,0.072,0.06382978723404255,0.75,0.076,0.0374331550802139,0.875,0.077,0.0,0.0,0.07,0.0,0.0,0.07,0.0053475935828877,0.125,0.071,0.06382978723404255,0.375,0.073,0.06382978723404255,0.75,0.076,0.0374331550802139,0.875,0.077,margin
llama-8b,gemma4-31b,rte,53,17,0.32075471698113206,62,0.3870967741935484,0.7107843137254902,0.5980392156862746,0.6405228758169935,0.7107843137254902,0.6666666666666666,0.11764705882352941,0.41935483870967744,0.4,0.11764705882352941,0.41935483870967744,0.5454545454545454,0.35294117647058826,0.4838709677419355,0.6666666666666666,0.11764705882352941,0.41935483870967744,0.6,0.17647058823529413,0.43548387096774194,0.5454545454545454,0.35294117647058826,0.4838709677419355,0.6666666666666666,0.11764705882352941,0.41935483870967744,0.6,0.17647058823529413,0.43548387096774194,0.36363636363636365,0.23529411764705882,0.45161290322580644,0.6666666666666666,0.11764705882352941,0.41935483870967744,0.4,0.11764705882352941,0.41935483870967744,0.5454545454545454,0.35294117647058826,0.4838709677419355,margin
llama-8b,gemma4-31b,truthfulqa,262,23,0.08778625954198473,327,0.2018348623853211,0.8541022375841368,0.7062033836638166,0.45461160633072584,0.8541022375841368,0.3076923076923077,0.17391304347826086,0.21406727828746178,0.3076923076923077,0.34782608695652173,0.22629969418960244,0.3269230769230769,0.7391304347826086,0.25382262996941896,0.23076923076923078,0.13043478260869565,0.21100917431192662,0.19230769230769232,0.21739130434782608,0.21712538226299694,0.19230769230769232,0.43478260869565216,0.2324159021406728,0.07692307692307693,0.043478260869565216,0.20489296636085627,0.038461538461538464,0.043478260869565216,0.20489296636085627,0.038461538461538464,0.08695652173913043,0.20795107033639143,0.3076923076923077,0.17391304347826086,0.21406727828746178,0.3076923076923077,0.34782608695652173,0.22629969418960244,0.3269230769230769,0.7391304347826086,0.25382262996941896,margin
llama-8b,qwen3-32b,boolq,811,107,0.1319358816276202,475,0.3831578947368421,0.7520576677994902,0.45673587510620217,0.5112972599830077,0.7520576677994902,0.36585365853658536,0.14018691588785046,0.4147368421052632,0.345679012345679,0.2616822429906542,0.4421052631578947,0.3333333333333333,0.5046728971962616,0.4968421052631579,0.0975609756097561,0.037383177570093455,0.391578947368421,0.08641975308641975,0.06542056074766354,0.39789473684210525,0.11728395061728394,0.17757009345794392,0.4231578947368421,0.12195121951219512,0.04672897196261682,0.3936842105263158,0.12345679012345678,0.09345794392523364,0.40421052631578946,0.13580246913580246,0.205607476635514,0.42947368421052634,0.36585365853658536,0.14018691588785046,0.4147368421052632,0.345679012345679,0.2616822429906542,0.4421052631578947,0.3333333333333333,0.5046728971962616,0.4968421052631579,margin
llama-8b,qwen3-32b,geometry_of_truth,990,13,0.013131313131313131,1000,0.012,0.9240217305723959,0.8978033225730258,0.15660184237461616,0.9240217305723959,0.14,0.5384615384615384,0.019,0.09090909090909091,0.6923076923076923,0.021,0.05555555555555555,0.8461538461538461,0.023,0.04,0.15384615384615385,0.014,0.08080808080808081,0.6153846153846154,0.02,0.06060606060606061,0.9230769230769231,0.024,0.0,0.0,0.012,0.0,0.0,0.012,0.0,0.0,0.012,0.14,0.5384615384615384,0.019,0.09090909090909091,0.6923076923076923,0.021,0.05555555555555555,0.8461538461538461,0.023,margin
llama-8b,qwen3-32b,imdb,968,81,0.08367768595041322,1018,0.0756385068762279,0.8148287332804431,0.4447924060851532,0.4556209723440089,0.8148287332804431,0.2708333333333333,0.16049382716049382,0.08840864440078586,0.29896907216494845,0.35802469135802467,0.10412573673870335,0.26288659793814434,0.6296296296296297,0.12573673870333987,0.041666666666666664,0.024691358024691357,0.07760314341846758,0.05154639175257732,0.06172839506172839,0.08055009823182711,0.04639175257731959,0.1111111111111111,0.08447937131630648,0.08333333333333333,0.04938271604938271,0.07956777996070727,0.07216494845360824,0.08641975308641975,0.0825147347740668,0.07216494845360824,0.1728395061728395,0.0893909626719057,0.2708333333333333,0.16049382716049382,0.08840864440078586,0.29896907216494845,0.35802469135802467,0.10412573673870335,0.26288659793814434,0.6296296296296297,0.12573673870333987,margin
llama-8b,qwen3-32b,rte,66,21,0.3181818181818182,62,0.3870967741935484,0.6634920634920635,0.5015873015873016,0.46137566137566144,0.6634920634920635,0.6666666666666666,0.09523809523809523,0.41935483870967744,0.7142857142857143,0.23809523809523808,0.46774193548387094,0.46153846153846156,0.2857142857142857,0.4838709677419355,0.3333333333333333,0.047619047619047616,0.4032258064516129,0.2857142857142857,0.09523809523809523,0.41935483870967744,0.38461538461538464,0.23809523809523808,0.46774193548387094,0.0,0.0,0.3870967741935484,0.2857142857142857,0.09523809523809523,0.41935483870967744,0.3076923076923077,0.19047619047619047,0.45161290322580644,0.6666666666666666,0.09523809523809523,0.41935483870967744,0.7142857142857143,0.23809523809523808,0.46774193548387094,0.46153846153846156,0.2857142857142857,0.4838709677419355,margin
llama-8b,qwen3-32b,truthfulqa,268,24,0.08955223880597014,327,0.1345565749235474,0.8364071038251366,0.6977459016393442,0.37073087431693985,0.8364071038251366,0.3076923076923077,0.16666666666666666,0.14678899082568808,0.3333333333333333,0.375,0.1620795107033639,0.2777777777777778,0.625,0.18042813455657492,0.3076923076923077,0.16666666666666666,0.14678899082568808,0.2222222222222222,0.25,0.1529051987767584,0.16666666666666666,0.375,0.1620795107033639,0.0,0.0,0.1345565749235474,0.0,0.0,0.1345565749235474,0.037037037037037035,0.08333333333333333,0.14067278287461774,0.3076923076923077,0.16666666666666666,0.14678899082568808,0.3333333333333333,0.375,0.1620795107033639,0.2777777777777778,0.625,0.18042813455657492,margin
llama-8b,qwen3-8b,boolq,778,86,0.11053984575835475,475,0.28842105263157897,0.7496639333243716,0.47434130931576823,0.4719216292512434,0.7496639333243716,0.358974358974359,0.16279069767441862,0.3178947368421053,0.3333333333333333,0.3023255813953488,0.3431578947368421,0.2692307692307692,0.4883720930232558,0.37684210526315787,0.07692307692307693,0.03488372093023256,0.29473684210526313,0.07692307692307693,0.06976744186046512,0.30105263157894735,0.11538461538461539,0.20930232558139536,0.3263157894736842,0.10256410256410256,0.046511627906976744,0.2968421052631579,0.08974358974358974,0.08139534883720931,0.3031578947368421,0.09615384615384616,0.1744186046511628,0.32,0.358974358974359,0.16279069767441862,0.3178947368421053,0.3333333333333333,0.3023255813953488,0.3431578947368421,0.2692307692307692,0.4883720930232558,0.37684210526315787,margin
llama-8b,qwen3-8b,geometry_of_truth,989,12,0.012133468149646108,1000,0.018,0.927755032412146,0.9245138178096213,0.3176390310474241,0.927755032412146,0.12244897959183673,0.5,0.024,0.0707070707070707,0.5833333333333334,0.025,0.05555555555555555,0.9166666666666666,0.029,0.10204081632653061,0.4166666666666667,0.023,0.09090909090909091,0.75,0.027,0.05555555555555555,0.9166666666666666,0.029,0.0,0.0,0.018,0.010101010101010102,0.08333333333333333,0.019,0.005050505050505051,0.08333333333333333,0.019,0.12244897959183673,0.5,0.024,0.0707070707070707,0.5833333333333334,0.025,0.05555555555555555,0.9166666666666666,0.029,margin
llama-8b,qwen3-8b,imdb,957,88,0.09195402298850575,1018,0.08153241650294696,0.8295585312271158,0.487106391881996,0.5046683753530704,0.8295585312271158,0.3125,0.17045454545454544,0.0962671905697446,0.3645833333333333,0.3977272727272727,0.11591355599214145,0.3036649214659686,0.6590909090909091,0.13850687622789784,0.0625,0.03409090909090909,0.08447937131630648,0.0625,0.06818181818181818,0.08742632612966601,0.06806282722513089,0.14772727272727273,0.09430255402750491,0.125,0.06818181818181818,0.08742632612966601,0.10416666666666667,0.11363636363636363,0.09135559921414538,0.08900523560209424,0.19318181818181818,0.09823182711198428,0.3125,0.17045454545454544,0.0962671905697446,0.3645833333333333,0.3977272727272727,0.11591355599214145,0.3036649214659686,0.6590909090909091,0.13850687622789784,margin
llama-8b,qwen3-8b,rte,65,20,0.3076923076923077,62,0.3387096774193548,0.7133333333333333,0.5577777777777778,0.4755555555555556,0.7133333333333333,0.3333333333333333,0.05,0.3548387096774194,0.5,0.15,0.3870967741935484,0.5384615384615384,0.35,0.45161290322580644,0.3333333333333333,0.05,0.3548387096774194,0.3333333333333333,0.1,0.3709677419354839,0.38461538461538464,0.25,0.41935483870967744,0.3333333333333333,0.05,0.3548387096774194,0.3333333333333333,0.1,0.3709677419354839,0.3076923076923077,0.2,0.4032258064516129,0.3333333333333333,0.05,0.3548387096774194,0.5,0.15,0.3870967741935484,0.5384615384615384,0.35,0.45161290322580644,margin
llama-8b,qwen3-8b,truthfulqa,268,17,0.06343283582089553,327,0.1620795107033639,0.8357159596906492,0.6533864541832669,0.3834075462854465,0.8357159596906492,0.23076923076923078,0.17647058823529413,0.1712538226299694,0.25925925925925924,0.4117647058823529,0.1834862385321101,0.2037037037037037,0.6470588235294118,0.19571865443425077,0.15384615384615385,0.11764705882352941,0.16819571865443425,0.1111111111111111,0.17647058823529413,0.1712538226299694,0.07407407407407407,0.23529411764705882,0.1743119266055046,0.0,0.0,0.1620795107033639,0.0,0.0,0.1620795107033639,0.018518518518518517,0.058823529411764705,0.1651376146788991,0.23076923076923078,0.17647058823529413,0.1712538226299694,0.25925925925925924,0.4117647058823529,0.1834862385321101,0.2037037037037037,0.6470588235294118,0.19571865443425077,margin
llama-8b,qwen3-8b-base,boolq,825,116,0.1406060606060606,475,0.4673684210526316,0.7904649579300618,0.4581246048343952,0.5824254656874666,0.7904649579300618,0.43902439024390244,0.15517241379310345,0.5052631578947369,0.4634146341463415,0.3275862068965517,0.5473684210526316,0.3878787878787879,0.5517241379310345,0.6021052631578947,0.12195121951219512,0.04310344827586207,0.47789473684210526,0.10975609756097561,0.07758620689655173,0.4863157894736842,0.1393939393939394,0.19827586206896552,0.5157894736842106,0.21951219512195122,0.07758620689655173,0.4863157894736842,0.1951219512195122,0.13793103448275862,0.5010526315789474,0.2,0.28448275862068967,0.5368421052631579,0.43902439024390244,0.15517241379310345,0.5052631578947369,0.4634146341463415,0.3275862068965517,0.5473684210526316,0.3878787878787879,0.5517241379310345,0.6021052631578947,margin
llama-8b,qwen3-8b-base,geometry_of_truth,987,10,0.010131712259371834,1000,0.023,0.9239508700102355,0.9103377686796316,0.4047082906857728,0.9239508700102355,0.08163265306122448,0.4,0.027,0.08080808080808081,0.8,0.031,0.04568527918781726,0.9,0.032,0.061224489795918366,0.3,0.026,0.0707070707070707,0.7,0.03,0.04568527918781726,0.9,0.032,0.0,0.0,0.023,0.0,0.0,0.023,0.005076142131979695,0.1,0.024,0.08163265306122448,0.4,0.027,0.08080808080808081,0.8,0.031,0.04568527918781726,0.9,0.032,margin
llama-8b,qwen3-8b-base,imdb,939,78,0.08306709265175719,1018,0.1031434184675835,0.8292236219065487,0.4894428065159772,0.5123142440215611,0.8292236219065487,0.3404255319148936,0.20512820512820512,0.11886051080550099,0.35106382978723405,0.4230769230769231,0.13555992141453832,0.2393617021276596,0.5769230769230769,0.14734774066797643,0.06382978723404255,0.038461538461538464,0.10609037328094302,0.06382978723404255,0.07692307692307693,0.10903732809430255,0.0851063829787234,0.20512820512820512,0.11886051080550099,0.1276595744680851,0.07692307692307693,0.10903732809430255,0.0851063829787234,0.10256410256410256,0.11100196463654224,0.09574468085106383,0.23076923076923078,0.12082514734774066,0.3404255319148936,0.20512820512820512,0.11886051080550099,0.35106382978723405,0.4230769230769231,0.13555992141453832,0.2393617021276596,0.5769230769230769,0.14734774066797643,margin
llama-8b,qwen3-8b-base,rte,68,24,0.35294117647058826,62,0.45161290322580644,0.7130681818181818,0.5596590909090908,0.571969696969697,0.7130681818181818,0.6666666666666666,0.08333333333333333,0.4838709677419355,0.7142857142857143,0.20833333333333334,0.532258064516129,0.6428571428571429,0.375,0.5967741935483871,0.3333333333333333,0.041666666666666664,0.46774193548387094,0.42857142857142855,0.125,0.5,0.5,0.2916666666666667,0.5645161290322581,0.6666666666666666,0.08333333333333333,0.4838709677419355,0.5714285714285714,0.16666666666666666,0.5161290322580645,0.5,0.2916666666666667,0.5645161290322581,0.6666666666666666,0.08333333333333333,0.4838709677419355,0.7142857142857143,0.20833333333333334,0.532258064516129,0.6428571428571429,0.375,0.5967741935483871,margin
llama-8b,qwen3-8b-base,truthfulqa,245,17,0.06938775510204082,327,0.1712538226299694,0.845717234262126,0.7518059855521156,0.413312693498452,0.845717234262126,0.3333333333333333,0.23529411764705882,0.1834862385321101,0.20833333333333334,0.29411764705882354,0.18654434250764526,0.22448979591836735,0.6470588235294118,0.20489296636085627,0.25,0.17647058823529413,0.18042813455657492,0.20833333333333334,0.29411764705882354,0.18654434250764526,0.16326530612244897,0.47058823529411764,0.19571865443425077,0.08333333333333333,0.058823529411764705,0.1743119266055046,0.08333333333333333,0.11764705882352941,0.17737003058103976,0.04081632653061224,0.11764705882352941,0.17737003058103976,0.3333333333333333,0.23529411764705882,0.1834862385321101,0.20833333333333334,0.29411764705882354,0.18654434250764526,0.22448979591836735,0.6470588235294118,0.20489296636085627,margin
llama-8b,qwen38-27b,boolq,776,78,0.10051546391752578,475,0.20210526315789473,0.7684593343619132,0.482385570494453,0.5175042245242818,0.7684593343619132,0.28205128205128205,0.14102564102564102,0.22526315789473683,0.28205128205128205,0.28205128205128205,0.24842105263157896,0.24516129032258063,0.48717948717948717,0.28210526315789475,0.07692307692307693,0.038461538461538464,0.20842105263157895,0.08974358974358974,0.08974358974358974,0.2168421052631579,0.07096774193548387,0.14102564102564102,0.22526315789473683,0.05128205128205128,0.02564102564102564,0.2063157894736842,0.0641025641025641,0.0641025641025641,0.21263157894736842,0.0967741935483871,0.19230769230769232,0.2336842105263158,0.28205128205128205,0.14102564102564102,0.22526315789473683,0.28205128205128205,0.28205128205128205,0.24842105263157896,0.24516129032258063,0.48717948717948717,0.28210526315789475,margin
llama-8b,qwen38-27b,geometry_of_truth,996,11,0.01104417670682731,1000,0.014,0.9493308721735116,0.9174896169820027,0.39418550992155055,0.9493308721735116,0.1,0.45454545454545453,0.019,0.09,0.8181818181818182,0.023,0.05527638190954774,1.0,0.025,0.1,0.45454545454545453,0.019,0.07,0.6363636363636364,0.021,0.05025125628140704,0.9090909090909091,0.024,0.0,0.0,0.014,0.0,0.0,0.014,0.0,0.0,0.014,0.1,0.45454545454545453,0.019,0.09,0.8181818181818182,0.023,0.05527638190954774,1.0,0.025,margin
llama-8b,qwen38-27b,rte,62,17,0.27419354838709675,62,0.24193548387096775,0.7973856209150327,0.496732026143791,0.5660130718954248,0.7973856209150327,0.3333333333333333,0.058823529411764705,0.25806451612903225,0.5,0.17647058823529413,0.2903225806451613,0.5833333333333334,0.4117647058823529,0.3548387096774194,0.0,0.0,0.24193548387096775,0.3333333333333333,0.11764705882352941,0.27419354838709675,0.5,0.35294117647058826,0.3387096774193548,0.3333333333333333,0.058823529411764705,0.25806451612903225,0.5,0.17647058823529413,0.2903225806451613,0.3333333333333333,0.23529411764705882,0.3064516129032258,0.3333333333333333,0.058823529411764705,0.25806451612903225,0.5,0.17647058823529413,0.2903225806451613,0.5833333333333334,0.4117647058823529,0.3548387096774194,margin
llama-8b,qwen38-27b,truthfulqa,272,24,0.08823529411764706,327,0.13761467889908258,0.8943212365591398,0.7358870967741935,0.4129704301075269,0.8943212365591398,0.5,0.2916666666666667,0.15902140672782875,0.5185185185185185,0.5833333333333334,0.18042813455657492,0.3333333333333333,0.75,0.1926605504587156,0.2857142857142857,0.16666666666666666,0.14984709480122324,0.18518518518518517,0.20833333333333334,0.1529051987767584,0.18518518518518517,0.4166666666666667,0.16819571865443425,0.0,0.0,0.13761467889908258,0.0,0.0,0.13761467889908258,0.037037037037037035,0.08333333333333333,0.1437308868501529,0.5,0.2916666666666667,0.15902140672782875,0.5185185185185185,0.5833333333333334,0.18042813455657492,0.3333333333333333,0.75,0.1926605504587156,margin
olmo3-7b,gemma4-12b,boolq,771,168,0.2178988326848249,475,0.4694736842105263,0.6866461344073284,0.5190318250019743,0.5007206033325436,0.6866461344073284,0.3076923076923077,0.07142857142857142,0.49473684210526314,0.36363636363636365,0.16666666666666666,0.5284210526315789,0.37662337662337664,0.34523809523809523,0.5915789473684211,0.20512820512820512,0.047619047619047616,0.4863157894736842,0.2077922077922078,0.09523809523809523,0.5031578947368421,0.2532467532467532,0.23214285714285715,0.5515789473684211,0.28205128205128205,0.06547619047619048,0.4926315789473684,0.2077922077922078,0.09523809523809523,0.5031578947368421,0.18831168831168832,0.17261904761904762,0.5305263157894737,0.3076923076923077,0.07142857142857142,0.49473684210526314,0.36363636363636365,0.16666666666666666,0.5284210526315789,0.37662337662337664,0.34523809523809523,0.5915789473684211,margin
olmo3-7b,gemma4-12b,geometry_of_truth,719,19,0.02642559109874826,1000,0.285,0.7996240601503759,0.6062406015037595,0.4128571428571428,0.7996240601503759,0.05555555555555555,0.10526315789473684,0.287,0.06944444444444445,0.2631578947368421,0.29,0.0763888888888889,0.5789473684210527,0.296,0.1111111111111111,0.21052631578947367,0.289,0.05555555555555555,0.21052631578947367,0.289,0.0625,0.47368421052631576,0.294,0.05555555555555555,0.10526315789473684,0.287,0.041666666666666664,0.15789473684210525,0.288,0.027777777777777776,0.21052631578947367,0.289,0.05555555555555555,0.10526315789473684,0.287,0.06944444444444445,0.2631578947368421,0.29,0.0763888888888889,0.5789473684210527,0.296,margin
olmo3-7b,gemma4-12b,imdb,685,82,0.11970802919708029,1018,0.35461689587426326,0.7444687133438499,0.44462646118998506,0.48782510213161834,0.7444687133438499,0.29411764705882354,0.12195121951219512,0.3644400785854617,0.3382352941176471,0.2804878048780488,0.37721021611001965,0.30656934306569344,0.5121951219512195,0.39587426326129665,0.11764705882352941,0.04878048780487805,0.35854616895874264,0.08823529411764706,0.07317073170731707,0.3605108055009823,0.072992700729927,0.12195121951219512,0.3644400785854617,0.14705882352941177,0.06097560975609756,0.35952848722986247,0.14705882352941177,0.12195121951219512,0.3644400785854617,0.12408759124087591,0.2073170731707317,0.3713163064833006,0.29411764705882354,0.12195121951219512,0.3644400785854617,0.3382352941176471,0.2804878048780488,0.37721021611001965,0.30656934306569344,0.5121951219512195,0.39587426326129665,margin
olmo3-7b,gemma4-12b,rte,46,20,0.43478260869565216,62,0.4838709677419355,0.648076923076923,0.5307692307692308,0.5576923076923077,0.648076923076923,1.0,0.1,0.5161290322580645,0.8,0.2,0.5483870967741935,0.6666666666666666,0.3,0.5806451612903226,0.5,0.05,0.5,0.4,0.1,0.5161290322580645,0.4444444444444444,0.2,0.5483870967741935,0.5,0.05,0.5,0.6,0.15,0.532258064516129,0.3333333333333333,0.15,0.532258064516129,1.0,0.1,0.5161290322580645,0.8,0.2,0.5483870967741935,0.6666666666666666,0.3,0.5806451612903226,margin
olmo3-7b,gemma4-12b,truthfulqa,203,27,0.1330049261083744,327,0.38837920489296635,0.8106060606060607,0.6702441077441077,0.4941077441077441,0.8106060606060607,0.5,0.18518518518518517,0.4036697247706422,0.45,0.3333333333333333,0.41590214067278286,0.34146341463414637,0.5185185185185185,0.43119266055045874,0.3,0.1111111111111111,0.39755351681957185,0.25,0.18518518518518517,0.4036697247706422,0.21951219512195122,0.3333333333333333,0.41590214067278286,0.1,0.037037037037037035,0.39143730886850153,0.15,0.1111111111111111,0.39755351681957185,0.12195121951219512,0.18518518518518517,0.4036697247706422,0.5,0.18518518518518517,0.4036697247706422,0.45,0.3333333333333333,0.41590214067278286,0.34146341463414637,0.5185185185185185,0.43119266055045874,margin
olmo3-7b,gemma4-12b-base,boolq,917,196,0.21374045801526717,475,0.4905263157894737,0.7573098587562626,0.49116872824025587,0.5999037617821052,0.7573098587562626,0.43478260869565216,0.10204081632653061,0.5326315789473685,0.4891304347826087,0.22959183673469388,0.5852631578947368,0.46994535519125685,0.4387755102040816,0.671578947368421,0.21739130434782608,0.05102040816326531,0.511578947368421,0.15217391304347827,0.07142857142857142,0.52,0.20218579234972678,0.18877551020408162,0.5684210526315789,0.34782608695652173,0.08163265306122448,0.5242105263157895,0.358695652173913,0.1683673469387755,0.56,0.3442622950819672,0.32142857142857145,0.6231578947368421,0.43478260869565216,0.10204081632653061,0.5326315789473685,0.4891304347826087,0.22959183673469388,0.5852631578947368,0.46994535519125685,0.4387755102040816,0.671578947368421,margin
olmo3-7b,gemma4-12b-base,geometry_of_truth,968,16,0.01652892561983471,1000,0.048,0.9027048319327731,0.8790047268907563,0.36928834033613445,0.9027048319327731,0.14583333333333334,0.4375,0.055,0.12371134020618557,0.75,0.06,0.07216494845360824,0.875,0.062,0.125,0.375,0.054,0.08247422680412371,0.5,0.056,0.061855670103092786,0.75,0.06,0.020833333333333332,0.0625,0.049,0.020618556701030927,0.125,0.05,0.015463917525773196,0.1875,0.051,0.14583333333333334,0.4375,0.055,0.12371134020618557,0.75,0.06,0.07216494845360824,0.875,0.062,margin
olmo3-7b,gemma4-12b-base,imdb,856,73,0.0852803738317757,1018,0.1905697445972495,0.7359470949456779,0.4786297870851484,0.4499903777182946,0.7359470949456779,0.27906976744186046,0.1643835616438356,0.20235756385068762,0.26744186046511625,0.3150684931506849,0.2131630648330059,0.2046783625730994,0.4794520547945205,0.224950884086444,0.09302325581395349,0.0547945205479452,0.1944990176817289,0.05813953488372093,0.0684931506849315,0.19548133595284872,0.06432748538011696,0.1506849315068493,0.2013752455795678,0.16279069767441862,0.0958904109589041,0.1974459724950884,0.09302325581395349,0.1095890410958904,0.19842829076620824,0.07602339181286549,0.1780821917808219,0.20333988212180745,0.27906976744186046,0.1643835616438356,0.20235756385068762,0.26744186046511625,0.3150684931506849,0.2131630648330059,0.2046783625730994,0.4794520547945205,0.224950884086444,margin
olmo3-7b,gemma4-12b-base,rte,60,24,0.4,62,0.5483870967741935,0.7916666666666666,0.5509259259259259,0.792824074074074,0.792824074074074,0.6666666666666666,0.08333333333333333,0.5806451612903226,0.8333333333333334,0.20833333333333334,0.6290322580645161,0.8333333333333334,0.4166666666666667,0.7096774193548387,0.3333333333333333,0.041666666666666664,0.5645161290322581,0.16666666666666666,0.041666666666666664,0.5645161290322581,0.4166666666666667,0.20833333333333334,0.6290322580645161,1.0,0.125,0.5967741935483871,0.8333333333333334,0.20833333333333334,0.6290322580645161,0.6666666666666666,0.3333333333333333,0.6774193548387096,1.0,0.125,0.5967741935483871,0.8333333333333334,0.20833333333333334,0.6290322580645161,0.6666666666666666,0.3333333333333333,0.6774193548387096,spread
olmo3-7b,gemma4-12b-base,truthfulqa,234,21,0.08974358974358974,327,0.19571865443425077,0.8063939190699754,0.8238318801699084,0.40353230494075565,0.8238318801699084,0.16666666666666666,0.09523809523809523,0.2018348623853211,0.21739130434782608,0.23809523809523808,0.21100917431192662,0.2553191489361702,0.5714285714285714,0.2324159021406728,0.4166666666666667,0.23809523809523808,0.21100917431192662,0.30434782608695654,0.3333333333333333,0.21712538226299694,0.3404255319148936,0.7619047619047619,0.24464831804281345,0.08333333333333333,0.047619047619047616,0.19877675840978593,0.043478260869565216,0.047619047619047616,0.19877675840978593,0.0425531914893617,0.09523809523809523,0.2018348623853211,0.4166666666666667,0.23809523809523808,0.21100917431192662,0.30434782608695654,0.3333333333333333,0.21712538226299694,0.3404255319148936,0.7619047619047619,0.24464831804281345,anomaly
olmo3-7b,gemma4-31b,boolq,755,92,0.12185430463576159,475,0.36210526315789476,0.73609744901305,0.4994917699521281,0.46881762738540234,0.73609744901305,0.2894736842105263,0.11956521739130435,0.38526315789473686,0.27631578947368424,0.22826086956521738,0.4063157894736842,0.2781456953642384,0.45652173913043476,0.45052631578947366,0.07894736842105263,0.03260869565217391,0.3684210526315789,0.10526315789473684,0.08695652173913043,0.37894736842105264,0.1390728476821192,0.22826086956521738,0.4063157894736842,0.13157894736842105,0.05434782608695652,0.3726315789473684,0.13157894736842105,0.10869565217391304,0.3831578947368421,0.09271523178807947,0.15217391304347827,0.391578947368421,0.2894736842105263,0.11956521739130435,0.38526315789473686,0.27631578947368424,0.22826086956521738,0.4063157894736842,0.2781456953642384,0.45652173913043476,0.45052631578947366,margin
olmo3-7b,gemma4-31b,geometry_of_truth,936,18,0.019230769230769232,1000,0.072,0.9279230210602759,0.9016581941418543,0.32891551682401354,0.9279230210602759,0.2127659574468085,0.5555555555555556,0.082,0.13829787234042554,0.7222222222222222,0.085,0.0855614973262032,0.8888888888888888,0.088,0.14893617021276595,0.3888888888888889,0.079,0.11702127659574468,0.6111111111111112,0.083,0.06417112299465241,0.6666666666666666,0.084,0.0,0.0,0.072,0.0,0.0,0.072,0.0,0.0,0.072,0.2127659574468085,0.5555555555555556,0.082,0.13829787234042554,0.7222222222222222,0.085,0.0855614973262032,0.8888888888888888,0.088,margin
olmo3-7b,gemma4-31b,rte,52,18,0.34615384615384615,62,0.4032258064516129,0.6977124183006536,0.5849673202614379,0.5343137254901961,0.6977124183006536,0.3333333333333333,0.05555555555555555,0.41935483870967744,0.6,0.16666666666666666,0.45161290322580644,0.5,0.2777777777777778,0.4838709677419355,0.6666666666666666,0.1111111111111111,0.43548387096774194,0.6,0.16666666666666666,0.45161290322580644,0.4,0.2222222222222222,0.46774193548387094,0.6666666666666666,0.1111111111111111,0.43548387096774194,0.8,0.2222222222222222,0.46774193548387094,0.5,0.2777777777777778,0.4838709677419355,0.3333333333333333,0.05555555555555555,0.41935483870967744,0.6,0.16666666666666666,0.45161290322580644,0.5,0.2777777777777778,0.4838709677419355,margin
olmo3-7b,gemma4-31b,truthfulqa,243,21,0.08641975308641975,327,0.25688073394495414,0.8206778206778207,0.7589017589017588,0.367009867009867,0.8206778206778207,0.3333333333333333,0.19047619047619047,0.2691131498470948,0.25,0.2857142857142857,0.27522935779816515,0.22448979591836735,0.5238095238095238,0.290519877675841,0.3333333333333333,0.19047619047619047,0.2691131498470948,0.25,0.2857142857142857,0.27522935779816515,0.20408163265306123,0.47619047619047616,0.2874617737003058,0.0,0.0,0.25688073394495414,0.041666666666666664,0.047619047619047616,0.2599388379204893,0.04081632653061224,0.09523809523809523,0.26299694189602446,0.3333333333333333,0.19047619047619047,0.2691131498470948,0.25,0.2857142857142857,0.27522935779816515,0.22448979591836735,0.5238095238095238,0.290519877675841,margin
olmo3-7b,llama-8b,boolq,783,95,0.12132822477650064,475,0.32210526315789473,0.7692931456548348,0.4320685434516524,0.49799571603427173,0.7692931456548348,0.28205128205128205,0.11578947368421053,0.3452631578947368,0.3717948717948718,0.30526315789473685,0.3831578947368421,0.3057324840764331,0.5052631578947369,0.4231578947368421,0.10256410256410256,0.042105263157894736,0.33052631578947367,0.10256410256410256,0.08421052631578947,0.3389473684210526,0.09554140127388536,0.15789473684210525,0.35368421052631577,0.1282051282051282,0.05263157894736842,0.33263157894736844,0.14102564102564102,0.11578947368421053,0.3452631578947368,0.08917197452229299,0.14736842105263157,0.35157894736842105,0.28205128205128205,0.11578947368421053,0.3452631578947368,0.3717948717948718,0.30526315789473685,0.3831578947368421,0.3057324840764331,0.5052631578947369,0.4231578947368421,margin
olmo3-7b,llama-8b,geometry_of_truth,978,10,0.010224948875255624,1000,0.034,0.9304752066115702,0.9338842975206612,0.20051652892561983,0.9338842975206612,0.14285714285714285,0.7,0.041,0.07142857142857142,0.7,0.041,0.04591836734693878,0.9,0.043,0.08163265306122448,0.4,0.038,0.07142857142857142,0.7,0.041,0.05102040816326531,1.0,0.044,0.0,0.0,0.034,0.0,0.0,0.034,0.0,0.0,0.034,0.08163265306122448,0.4,0.038,0.07142857142857142,0.7,0.041,0.05102040816326531,1.0,0.044,anomaly
olmo3-7b,llama-8b,imdb,996,94,0.09437751004016064,1018,0.068762278978389,0.838621031278011,0.4795489927819975,0.5185521536066425,0.838621031278011,0.48,0.2553191489361702,0.09233791748526522,0.4,0.425531914893617,0.10805500982318271,0.33668341708542715,0.7127659574468085,0.13457760314341846,0.08,0.0425531914893617,0.07269155206286837,0.05,0.05319148936170213,0.07367387033398821,0.07537688442211055,0.1595744680851064,0.08349705304518663,0.1,0.05319148936170213,0.07367387033398821,0.11,0.11702127659574468,0.07956777996070727,0.135678391959799,0.2872340425531915,0.09528487229862476,0.48,0.2553191489361702,0.09233791748526522,0.4,0.425531914893617,0.10805500982318271,0.33668341708542715,0.7127659574468085,0.13457760314341846,margin
olmo3-7b,llama-8b,rte,61,19,0.3114754098360656,62,0.24193548387096775,0.7857142857142858,0.531328320802005,0.5914786967418546,0.7857142857142858,0.6666666666666666,0.10526315789473684,0.27419354838709675,0.8333333333333334,0.2631578947368421,0.3225806451612903,0.6666666666666666,0.42105263157894735,0.3709677419354839,0.3333333333333333,0.05263157894736842,0.25806451612903225,0.3333333333333333,0.10526315789473684,0.27419354838709675,0.4166666666666667,0.2631578947368421,0.3225806451612903,0.3333333333333333,0.05263157894736842,0.25806451612903225,0.5,0.15789473684210525,0.2903225806451613,0.5,0.3157894736842105,0.3387096774193548,0.6666666666666666,0.10526315789473684,0.27419354838709675,0.8333333333333334,0.2631578947368421,0.3225806451612903,0.6666666666666666,0.42105263157894735,0.3709677419354839,margin
olmo3-7b,llama-8b,truthfulqa,266,18,0.06766917293233082,327,0.1712538226299694,0.8631272401433692,0.8393817204301075,0.32840501792114696,0.8631272401433692,0.3076923076923077,0.2222222222222222,0.1834862385321101,0.3333333333333333,0.5,0.19877675840978593,0.2641509433962264,0.7777777777777778,0.21406727828746178,0.38461538461538464,0.2777777777777778,0.18654434250764526,0.3333333333333333,0.5,0.19877675840978593,0.24528301886792453,0.7222222222222222,0.21100917431192662,0.0,0.0,0.1712538226299694,0.0,0.0,0.1712538226299694,0.0,0.0,0.1712538226299694,0.3076923076923077,0.2222222222222222,0.1834862385321101,0.3333333333333333,0.5,0.19877675840978593,0.2641509433962264,0.7777777777777778,0.21406727828746178,margin
olmo3-7b,qwen3-32b,boolq,861,154,0.17886178861788618,475,0.3473684210526316,0.7454857730671026,0.4825584599276254,0.4009717298260438,0.7454857730671026,0.4418604651162791,0.12337662337662338,0.3873684210526316,0.4069767441860465,0.22727272727272727,0.42105263157894735,0.3488372093023256,0.38961038961038963,0.47368421052631576,0.16279069767441862,0.045454545454545456,0.36210526315789476,0.12790697674418605,0.07142857142857142,0.3705263157894737,0.1511627906976744,0.16883116883116883,0.40210526315789474,0.046511627906976744,0.012987012987012988,0.35157894736842105,0.13953488372093023,0.07792207792207792,0.3726315789473684,0.12790697674418605,0.14285714285714285,0.3936842105263158,0.4418604651162791,0.12337662337662338,0.3873684210526316,0.4069767441860465,0.22727272727272727,0.42105263157894735,0.3488372093023256,0.38961038961038963,0.47368421052631576,margin
olmo3-7b,qwen3-32b,geometry_of_truth,975,14,0.014358974358974359,1000,0.032,0.9140032704028541,0.8532778355879292,0.3350676378772112,0.9140032704028541,0.16326530612244897,0.5714285714285714,0.04,0.10204081632653061,0.7142857142857143,0.042,0.06153846153846154,0.8571428571428571,0.044,0.04081632653061224,0.14285714285714285,0.034,0.061224489795918366,0.42857142857142855,0.038,0.05128205128205128,0.7142857142857143,0.042,0.0,0.0,0.032,0.0,0.0,0.032,0.005128205128205128,0.07142857142857142,0.033,0.16326530612244897,0.5714285714285714,0.04,0.10204081632653061,0.7142857142857143,0.042,0.06153846153846154,0.8571428571428571,0.044,margin
olmo3-7b,qwen3-32b,imdb,970,93,0.09587628865979382,1018,0.0756385068762279,0.8192273267860866,0.4471990289476588,0.4771643309915278,0.8192273267860866,0.4583333333333333,0.23655913978494625,0.09724950884086445,0.35051546391752575,0.3655913978494624,0.10903732809430255,0.30412371134020616,0.6344086021505376,0.13359528487229863,0.041666666666666664,0.021505376344086023,0.07760314341846758,0.061855670103092786,0.06451612903225806,0.08153241650294696,0.041237113402061855,0.08602150537634409,0.08349705304518663,0.0625,0.03225806451612903,0.07858546168958742,0.09278350515463918,0.0967741935483871,0.08447937131630648,0.07731958762886598,0.16129032258064516,0.09037328094302555,0.4583333333333333,0.23655913978494625,0.09724950884086445,0.35051546391752575,0.3655913978494624,0.10903732809430255,0.30412371134020616,0.6344086021505376,0.13359528487229863,margin
olmo3-7b,qwen3-32b,rte,68,26,0.38235294117647056,62,0.27419354838709675,0.7628205128205129,0.4716117216117216,0.5714285714285715,0.7628205128205129,0.6666666666666666,0.07692307692307693,0.3064516129032258,0.8571428571428571,0.23076923076923078,0.3709677419354839,0.7142857142857143,0.38461538461538464,0.43548387096774194,0.6666666666666666,0.07692307692307693,0.3064516129032258,0.42857142857142855,0.11538461538461539,0.3225806451612903,0.42857142857142855,0.23076923076923078,0.3709677419354839,0.3333333333333333,0.038461538461538464,0.2903225806451613,0.5714285714285714,0.15384615384615385,0.3387096774193548,0.5,0.2692307692307692,0.3870967741935484,0.6666666666666666,0.07692307692307693,0.3064516129032258,0.8571428571428571,0.23076923076923078,0.3709677419354839,0.7142857142857143,0.38461538461538464,0.43548387096774194,margin
olmo3-7b,qwen3-32b,truthfulqa,265,27,0.1018867924528302,327,0.15902140672782875,0.8148148148148149,0.8132586367880486,0.33099906629318393,0.8148148148148149,0.23076923076923078,0.1111111111111111,0.16819571865443425,0.34615384615384615,0.3333333333333333,0.18654434250764526,0.2830188679245283,0.5555555555555556,0.20489296636085627,0.38461538461538464,0.18518518518518517,0.1743119266055046,0.38461538461538464,0.37037037037037035,0.18960244648318042,0.3018867924528302,0.5925925925925926,0.20795107033639143,0.0,0.0,0.15902140672782875,0.0,0.0,0.15902140672782875,0.018867924528301886,0.037037037037037035,0.1620795107033639,0.23076923076923078,0.1111111111111111,0.16819571865443425,0.34615384615384615,0.3333333333333333,0.18654434250764526,0.2830188679245283,0.5555555555555556,0.20489296636085627,margin
olmo3-7b,qwen3-8b,boolq,813,117,0.14391143911439114,475,0.32,0.778698791629826,0.4674329501915709,0.48673740053050396,0.778698791629826,0.3902439024390244,0.13675213675213677,0.35368421052631577,0.38271604938271603,0.26495726495726496,0.38526315789473686,0.3619631901840491,0.5042735042735043,0.4442105263157895,0.07317073170731707,0.02564102564102564,0.3263157894736842,0.09876543209876543,0.06837606837606838,0.3368421052631579,0.12269938650306748,0.17094017094017094,0.36210526315789476,0.07317073170731707,0.02564102564102564,0.3263157894736842,0.13580246913580246,0.09401709401709402,0.3431578947368421,0.147239263803681,0.20512820512820512,0.3705263157894737,0.3902439024390244,0.13675213675213677,0.35368421052631577,0.38271604938271603,0.26495726495726496,0.38526315789473686,0.3619631901840491,0.5042735042735043,0.4442105263157895,margin
olmo3-7b,qwen3-8b,geometry_of_truth,977,16,0.016376663254861822,1000,0.032,0.9183142559833506,0.8900234131113424,0.3851456815816857,0.9183142559833506,0.14285714285714285,0.4375,0.039,0.10204081632653061,0.625,0.042,0.07692307692307693,0.9375,0.047,0.10204081632653061,0.3125,0.037,0.09183673469387756,0.5625,0.041,0.06153846153846154,0.75,0.044,0.0,0.0,0.032,0.01020408163265306,0.0625,0.033,0.010256410256410256,0.125,0.034,0.14285714285714285,0.4375,0.039,0.10204081632653061,0.625,0.042,0.07692307692307693,0.9375,0.047,margin
olmo3-7b,qwen3-8b,imdb,968,101,0.10433884297520661,1018,0.07956777996070727,0.821154087727112,0.48158552879509403,0.46324528646636287,0.821154087727112,0.4166666666666667,0.19801980198019803,0.09921414538310412,0.3711340206185567,0.3564356435643564,0.11493123772102161,0.31958762886597936,0.6138613861386139,0.14047151277013753,0.0625,0.0297029702970297,0.0825147347740668,0.09278350515463918,0.0891089108910891,0.08840864440078586,0.08247422680412371,0.15841584158415842,0.09528487229862476,0.0625,0.0297029702970297,0.0825147347740668,0.08247422680412371,0.07920792079207921,0.08742632612966601,0.08762886597938144,0.16831683168316833,0.0962671905697446,0.4166666666666667,0.19801980198019803,0.09921414538310412,0.3711340206185567,0.3564356435643564,0.11493123772102161,0.31958762886597936,0.6138613861386139,0.14047151277013753,margin
olmo3-7b,qwen3-8b,rte,69,26,0.37681159420289856,62,0.1935483870967742,0.8059033989266549,0.5125223613595706,0.5062611806797853,0.8059033989266549,1.0,0.11538461538461539,0.24193548387096775,0.7142857142857143,0.19230769230769232,0.27419354838709675,0.8571428571428571,0.46153846153846156,0.3870967741935484,0.3333333333333333,0.038461538461538464,0.20967741935483872,0.42857142857142855,0.11538461538461539,0.24193548387096775,0.42857142857142855,0.23076923076923078,0.2903225806451613,0.3333333333333333,0.038461538461538464,0.20967741935483872,0.2857142857142857,0.07692307692307693,0.22580645161290322,0.35714285714285715,0.19230769230769232,0.27419354838709675,1.0,0.11538461538461539,0.24193548387096775,0.7142857142857143,0.19230769230769232,0.27419354838709675,0.8571428571428571,0.46153846153846156,0.3870967741935484,margin
olmo3-7b,qwen3-8b,truthfulqa,261,23,0.08812260536398467,327,0.16819571865443425,0.8142126415783705,0.7267080745341614,0.41377420533430764,0.8142126415783705,0.15384615384615385,0.08695652173913043,0.1743119266055046,0.23076923076923078,0.2608695652173913,0.18654434250764526,0.2692307692307692,0.6086956521739131,0.21100917431192662,0.3076923076923077,0.17391304347826086,0.18042813455657492,0.23076923076923078,0.2608695652173913,0.18654434250764526,0.21153846153846154,0.4782608695652174,0.2018348623853211,0.07692307692307693,0.043478260869565216,0.1712538226299694,0.038461538461538464,0.043478260869565216,0.1712538226299694,0.019230769230769232,0.043478260869565216,0.1712538226299694,0.15384615384615385,0.08695652173913043,0.1743119266055046,0.23076923076923078,0.2608695652173913,0.18654434250764526,0.2692307692307692,0.6086956521739131,0.21100917431192662,margin
olmo3-7b,qwen3-8b-base,boolq,882,175,0.1984126984126984,475,0.38105263157894737,0.7861951909476661,0.46516063851283085,0.5176156799353404,0.7861951909476661,0.5,0.12571428571428572,0.42736842105263156,0.5568181818181818,0.28,0.4842105263157895,0.48295454545454547,0.4857142857142857,0.56,0.13636363636363635,0.03428571428571429,0.3936842105263158,0.1590909090909091,0.08,0.4105263157894737,0.1875,0.18857142857142858,0.45052631578947366,0.25,0.06285714285714286,0.40421052631578946,0.26136363636363635,0.13142857142857142,0.42947368421052634,0.23863636363636365,0.24,0.4694736842105263,0.5,0.12571428571428572,0.42736842105263156,0.5568181818181818,0.28,0.4842105263157895,0.48295454545454547,0.4857142857142857,0.56,margin
olmo3-7b,qwen3-8b-base,geometry_of_truth,979,18,0.018386108273748723,1000,0.029,0.9419586079315528,0.9018961729679731,0.40681003584229397,0.9419586079315528,0.20408163265306123,0.5555555555555556,0.039,0.16326530612244897,0.8888888888888888,0.045,0.08673469387755102,0.9444444444444444,0.046,0.10204081632653061,0.2777777777777778,0.034,0.12244897959183673,0.6666666666666666,0.041,0.07142857142857142,0.7777777777777778,0.043,0.0,0.0,0.029,0.0,0.0,0.029,0.00510204081632653,0.05555555555555555,0.03,0.20408163265306123,0.5555555555555556,0.039,0.16326530612244897,0.8888888888888888,0.045,0.08673469387755102,0.9444444444444444,0.046,margin
olmo3-7b,qwen3-8b-base,imdb,938,91,0.09701492537313433,1018,0.10117878192534381,0.8160540757943355,0.4893807491210088,0.4808827536100263,0.8160540757943355,0.425531914893617,0.21978021978021978,0.12082514734774066,0.3829787234042553,0.3956043956043956,0.13654223968565815,0.28191489361702127,0.5824175824175825,0.15324165029469547,0.06382978723404255,0.03296703296703297,0.10412573673870335,0.09574468085106383,0.0989010989010989,0.1100196463654224,0.09042553191489362,0.18681318681318682,0.11787819253438114,0.14893617021276595,0.07692307692307693,0.10805500982318271,0.10638297872340426,0.10989010989010989,0.11100196463654224,0.09574468085106383,0.1978021978021978,0.11886051080550099,0.425531914893617,0.21978021978021978,0.12082514734774066,0.3829787234042553,0.3956043956043956,0.13654223968565815,0.28191489361702127,0.5824175824175825,0.15324165029469547,margin
olmo3-7b,qwen3-8b-base,rte,68,27,0.39705882352941174,62,0.4032258064516129,0.7949412827461607,0.5691056910569106,0.6874435411020776,0.7949412827461607,0.6666666666666666,0.07407407407407407,0.43548387096774194,0.8571428571428571,0.2222222222222222,0.5,0.7857142857142857,0.4074074074074074,0.5806451612903226,0.6666666666666666,0.07407407407407407,0.43548387096774194,0.5714285714285714,0.14814814814814814,0.46774193548387094,0.5714285714285714,0.2962962962962963,0.532258064516129,1.0,0.1111111111111111,0.45161290322580644,0.8571428571428571,0.2222222222222222,0.5,0.7142857142857143,0.37037037037037035,0.5645161290322581,0.6666666666666666,0.07407407407407407,0.43548387096774194,0.8571428571428571,0.2222222222222222,0.5,0.7857142857142857,0.4074074074074074,0.5806451612903226,margin
olmo3-7b,qwen3-8b-base,truthfulqa,243,20,0.0823045267489712,327,0.19571865443425077,0.8114349775784754,0.757847533632287,0.4704035874439462,0.8114349775784754,0.25,0.15,0.20489296636085627,0.25,0.3,0.21406727828746178,0.24489795918367346,0.6,0.2324159021406728,0.25,0.15,0.20489296636085627,0.3333333333333333,0.4,0.22018348623853212,0.2653061224489796,0.65,0.23547400611620795,0.08333333333333333,0.05,0.19877675840978593,0.041666666666666664,0.05,0.19877675840978593,0.04081632653061224,0.1,0.2018348623853211,0.25,0.15,0.20489296636085627,0.25,0.3,0.21406727828746178,0.24489795918367346,0.6,0.2324159021406728,margin
olmo3-7b,qwen38-27b,boolq,783,84,0.10727969348659004,475,0.3389473684210526,0.754377001158117,0.4849104162408884,0.4920123986647592,0.754377001158117,0.2564102564102564,0.11904761904761904,0.36,0.24358974358974358,0.2261904761904762,0.37894736842105264,0.2356687898089172,0.44047619047619047,0.4168421052631579,0.02564102564102564,0.011904761904761904,0.3410526315789474,0.10256410256410256,0.09523809523809523,0.35578947368421054,0.07006369426751592,0.13095238095238096,0.36210526315789476,0.15384615384615385,0.07142857142857142,0.35157894736842105,0.15384615384615385,0.14285714285714285,0.3642105263157895,0.12101910828025478,0.2261904761904762,0.37894736842105264,0.2564102564102564,0.11904761904761904,0.36,0.24358974358974358,0.2261904761904762,0.37894736842105264,0.2356687898089172,0.44047619047619047,0.4168421052631579,margin
olmo3-7b,qwen38-27b,geometry_of_truth,979,12,0.012257405515832482,1000,0.034,0.937693898655636,0.9241640813512582,0.23810754912099277,0.937693898655636,0.16326530612244897,0.6666666666666666,0.042,0.09183673469387756,0.75,0.043,0.05612244897959184,0.9166666666666666,0.045,0.08163265306122448,0.3333333333333333,0.038,0.10204081632653061,0.8333333333333334,0.044,0.05612244897959184,0.9166666666666666,0.045,0.0,0.0,0.034,0.0,0.0,0.034,0.0,0.0,0.034,0.16326530612244897,0.6666666666666666,0.042,0.09183673469387756,0.75,0.043,0.05612244897959184,0.9166666666666666,0.045,margin
olmo3-7b,qwen38-27b,rte,63,21,0.3333333333333333,62,0.16129032258064516,0.8605442176870748,0.502267573696145,0.536281179138322,0.8605442176870748,0.6666666666666666,0.09523809523809523,0.1935483870967742,0.8333333333333334,0.23809523809523808,0.24193548387096775,0.8461538461538461,0.5238095238095238,0.3387096774193548,0.3333333333333333,0.047619047619047616,0.1774193548387097,0.3333333333333333,0.09523809523809523,0.1935483870967742,0.38461538461538464,0.23809523809523808,0.24193548387096775,0.6666666666666666,0.09523809523809523,0.1935483870967742,0.6666666666666666,0.19047619047619047,0.22580645161290322,0.38461538461538464,0.23809523809523808,0.24193548387096775,0.6666666666666666,0.09523809523809523,0.1935483870967742,0.8333333333333334,0.23809523809523808,0.24193548387096775,0.8461538461538461,0.5238095238095238,0.3387096774193548,margin
olmo3-7b,qwen38-27b,truthfulqa,257,22,0.08560311284046693,327,0.1926605504587156,0.8754352030947776,0.7748549323017409,0.44816247582205027,0.8754352030947776,0.6153846153846154,0.36363636363636365,0.21712538226299694,0.46153846153846156,0.5454545454545454,0.22935779816513763,0.3333333333333333,0.7727272727272727,0.24464831804281345,0.38461538461538464,0.22727272727272727,0.20795107033639143,0.3076923076923077,0.36363636363636365,0.21712538226299694,0.19607843137254902,0.45454545454545453,0.22324159021406728,0.0,0.0,0.1926605504587156,0.07692307692307693,0.09090909090909091,0.19877675840978593,0.058823529411764705,0.13636363636363635,0.2018348623853211,0.6153846153846154,0.36363636363636365,0.21712538226299694,0.46153846153846156,0.5454545454545454,0.22935779816513763,0.3333333333333333,0.7727272727272727,0.24464831804281345,margin
qwen3-1.7b,gemma4-12b,boolq,927,297,0.32038834951456313,475,0.28210526315789475,0.6115226337448559,0.4687777243332799,0.43907327240660576,0.6115226337448559,0.4782608695652174,0.07407407407407407,0.32842105263157895,0.40860215053763443,0.12794612794612795,0.36210526315789476,0.3945945945945946,0.24579124579124578,0.4357894736842105,0.15217391304347827,0.02356902356902357,0.2968421052631579,0.1827956989247312,0.05723905723905724,0.3178947368421053,0.2810810810810811,0.1750841750841751,0.391578947368421,0.21739130434782608,0.03367003367003367,0.3031578947368421,0.2903225806451613,0.09090909090909091,0.3389473684210526,0.2702702702702703,0.16835016835016836,0.3873684210526316,0.4782608695652174,0.07407407407407407,0.32842105263157895,0.40860215053763443,0.12794612794612795,0.36210526315789476,0.3945945945945946,0.24579124579124578,0.4357894736842105,margin
qwen3-1.7b,gemma4-12b,geometry_of_truth,704,29,0.041193181818181816,1000,0.303,0.775683269476373,0.82058748403576,0.4806641123882503,0.82058748403576,0.14285714285714285,0.1724137931034483,0.308,0.08571428571428572,0.20689655172413793,0.309,0.10638297872340426,0.5172413793103449,0.318,0.22857142857142856,0.27586206896551724,0.311,0.17142857142857143,0.41379310344827586,0.315,0.11347517730496454,0.5517241379310345,0.319,0.08571428571428572,0.10344827586206896,0.306,0.08571428571428572,0.20689655172413793,0.309,0.0425531914893617,0.20689655172413793,0.309,0.22857142857142856,0.27586206896551724,0.311,0.17142857142857143,0.41379310344827586,0.315,0.11347517730496454,0.5517241379310345,0.319,anomaly
qwen3-1.7b,gemma4-12b,imdb,674,116,0.17210682492581603,1018,0.3300589390962672,0.707190087751823,0.49990730441230996,0.47824743542207393,0.707190087751823,0.35294117647058826,0.10344827586206896,0.3418467583497053,0.3582089552238806,0.20689655172413793,0.35363457760314343,0.34074074074074073,0.39655172413793105,0.37524557956778,0.17647058823529413,0.05172413793103448,0.33595284872298625,0.16417910447761194,0.09482758620689655,0.34086444007858546,0.14814814814814814,0.1724137931034483,0.34970530451866405,0.11764705882352941,0.034482758620689655,0.33398821218074654,0.11940298507462686,0.06896551724137931,0.3379174852652259,0.13333333333333333,0.15517241379310345,0.3477406679764244,0.35294117647058826,0.10344827586206896,0.3418467583497053,0.3582089552238806,0.20689655172413793,0.35363457760314343,0.34074074074074073,0.39655172413793105,0.37524557956778,margin
qwen3-1.7b,gemma4-12b,rte,59,30,0.5084745762711864,62,0.43548387096774194,0.37471264367816093,0.44597701149425284,0.2793103448275862,0.44597701149425284,0.3333333333333333,0.03333333333333333,0.45161290322580644,0.3333333333333333,0.06666666666666667,0.46774193548387094,0.3333333333333333,0.13333333333333333,0.5,0.3333333333333333,0.03333333333333333,0.45161290322580644,0.5,0.1,0.4838709677419355,0.4166666666666667,0.16666666666666666,0.5161290322580645,0.0,0.0,0.43548387096774194,0.16666666666666666,0.03333333333333333,0.45161290322580644,0.3333333333333333,0.13333333333333333,0.5,0.3333333333333333,0.03333333333333333,0.45161290322580644,0.5,0.1,0.4838709677419355,0.4166666666666667,0.16666666666666666,0.5161290322580645,anomaly
qwen3-1.7b,gemma4-12b,truthfulqa,183,25,0.1366120218579235,327,0.4036697247706422,0.7708860759493671,0.6506329113924052,0.49113924050632907,0.7708860759493671,0.4444444444444444,0.16,0.41590214067278286,0.5,0.36,0.43119266055045874,0.35135135135135137,0.52,0.4434250764525994,0.3333333333333333,0.12,0.41284403669724773,0.2777777777777778,0.2,0.41896024464831805,0.24324324324324326,0.36,0.43119266055045874,0.1111111111111111,0.04,0.40672782874617736,0.1111111111111111,0.08,0.40978593272171254,0.10810810810810811,0.16,0.41590214067278286,0.4444444444444444,0.16,0.41590214067278286,0.5,0.36,0.43119266055045874,0.35135135135135137,0.52,0.4434250764525994,margin
qwen3-1.7b,gemma4-12b-base,boolq,1104,352,0.3188405797101449,475,0.18947368421052632,0.7017801015473888,0.4578963672630561,0.5734631890715667,0.7017801015473888,0.5454545454545454,0.08522727272727272,0.25263157894736843,0.509090909090909,0.1590909090909091,0.30736842105263157,0.5067873303167421,0.3181818181818182,0.42526315789473684,0.16363636363636364,0.02556818181818182,0.20842105263157895,0.15454545454545454,0.048295454545454544,0.22526315789473683,0.23529411764705882,0.14772727272727273,0.29894736842105263,0.34545454545454546,0.05397727272727273,0.2294736842105263,0.43636363636363634,0.13636363636363635,0.2905263157894737,0.42081447963800905,0.26420454545454547,0.38526315789473686,0.5454545454545454,0.08522727272727272,0.25263157894736843,0.509090909090909,0.1590909090909091,0.30736842105263157,0.5067873303167421,0.3181818181818182,0.42526315789473684,margin
qwen3-1.7b,gemma4-12b-base,geometry_of_truth,950,19,0.02,1000,0.08,0.8274068630222172,0.8263327491661484,0.29300695347391037,0.8274068630222172,0.125,0.3157894736842105,0.086,0.08421052631578947,0.42105263157894735,0.088,0.07368421052631578,0.7368421052631579,0.094,0.125,0.3157894736842105,0.086,0.08421052631578947,0.42105263157894735,0.088,0.06315789473684211,0.631578947368421,0.092,0.020833333333333332,0.05263157894736842,0.081,0.010526315789473684,0.05263157894736842,0.081,0.005263157894736842,0.05263157894736842,0.081,0.125,0.3157894736842105,0.086,0.08421052631578947,0.42105263157894735,0.088,0.07368421052631578,0.7368421052631579,0.094,margin
qwen3-1.7b,gemma4-12b-base,imdb,804,86,0.10696517412935323,1018,0.20726915520628683,0.7246226598432339,0.5218306665802941,0.4609218112327525,0.7246226598432339,0.275,0.12790697674418605,0.2180746561886051,0.2875,0.26744186046511625,0.22986247544204322,0.2360248447204969,0.4418604651162791,0.24459724950884087,0.125,0.05813953488372093,0.21218074656188604,0.1,0.09302325581395349,0.2151277013752456,0.11180124223602485,0.20930232558139536,0.224950884086444,0.05,0.023255813953488372,0.20923379174852652,0.0875,0.08139534883720931,0.21414538310412573,0.06832298136645963,0.12790697674418605,0.2180746561886051,0.275,0.12790697674418605,0.2180746561886051,0.2875,0.26744186046511625,0.22986247544204322,0.2360248447204969,0.4418604651162791,0.24459724950884087,margin
qwen3-1.7b,gemma4-12b-base,rte,84,43,0.5119047619047619,62,0.20967741935483872,0.5377197958026092,0.45774248440158827,0.4838343732274532,0.5377197958026092,0.0,0.0,0.20967741935483872,0.375,0.06976744186046512,0.25806451612903225,0.47058823529411764,0.18604651162790697,0.3387096774193548,0.5,0.046511627906976744,0.24193548387096775,0.5,0.09302325581395349,0.27419354838709675,0.4117647058823529,0.16279069767441862,0.3225806451612903,0.5,0.046511627906976744,0.24193548387096775,0.625,0.11627906976744186,0.2903225806451613,0.5294117647058824,0.20930232558139536,0.3548387096774194,0.0,0.0,0.20967741935483872,0.375,0.06976744186046512,0.25806451612903225,0.47058823529411764,0.18604651162790697,0.3387096774193548,margin
qwen3-1.7b,gemma4-12b-base,truthfulqa,222,22,0.0990990990990991,327,0.1926605504587156,0.7552272727272727,0.6845454545454546,0.49568181818181817,0.7552272727272727,0.18181818181818182,0.09090909090909091,0.19877675840978593,0.2727272727272727,0.2727272727272727,0.21100917431192662,0.2727272727272727,0.5454545454545454,0.22935779816513763,0.36363636363636365,0.18181818181818182,0.20489296636085627,0.3181818181818182,0.3181818181818182,0.21406727828746178,0.25,0.5,0.22629969418960244,0.09090909090909091,0.045454545454545456,0.19571865443425077,0.045454545454545456,0.045454545454545456,0.19571865443425077,0.09090909090909091,0.18181818181818182,0.20489296636085627,0.18181818181818182,0.09090909090909091,0.19877675840978593,0.2727272727272727,0.2727272727272727,0.21100917431192662,0.2727272727272727,0.5454545454545454,0.22935779816513763,margin
qwen3-1.7b,gemma4-31b,boolq,805,126,0.1565217391304348,475,0.5747368421052632,0.7283586974308625,0.4612759193024288,0.5683778666105617,0.7283586974308625,0.475,0.15079365079365079,0.6147368421052631,0.425,0.2698412698412698,0.6463157894736842,0.33540372670807456,0.42857142857142855,0.6884210526315789,0.075,0.023809523809523808,0.5810526315789474,0.1,0.06349206349206349,0.5915789473684211,0.09937888198757763,0.12698412698412698,0.608421052631579,0.125,0.03968253968253968,0.5852631578947368,0.2125,0.1349206349206349,0.6105263157894737,0.19875776397515527,0.25396825396825395,0.6421052631578947,0.475,0.15079365079365079,0.6147368421052631,0.425,0.2698412698412698,0.6463157894736842,0.33540372670807456,0.42857142857142855,0.6884210526315789,margin
qwen3-1.7b,gemma4-31b,geometry_of_truth,916,20,0.021834061135371178,1000,0.106,0.8798549107142857,0.8633370535714285,0.4304129464285714,0.8798549107142857,0.15217391304347827,0.35,0.113,0.11956521739130435,0.55,0.117,0.08743169398907104,0.8,0.122,0.15217391304347827,0.35,0.113,0.11956521739130435,0.55,0.117,0.07103825136612021,0.65,0.119,0.0,0.0,0.106,0.0,0.0,0.106,0.01092896174863388,0.1,0.108,0.15217391304347827,0.35,0.113,0.11956521739130435,0.55,0.117,0.08743169398907104,0.8,0.122,margin
qwen3-1.7b,gemma4-31b,rte,64,27,0.421875,62,0.3870967741935484,0.6336336336336337,0.4574574574574575,0.6356356356356356,0.6356356356356356,0.3333333333333333,0.037037037037037035,0.4032258064516129,0.3333333333333333,0.07407407407407407,0.41935483870967744,0.5384615384615384,0.25925925925925924,0.5,0.6666666666666666,0.07407407407407407,0.41935483870967744,0.5,0.1111111111111111,0.43548387096774194,0.38461538461538464,0.18518518518518517,0.46774193548387094,0.3333333333333333,0.037037037037037035,0.4032258064516129,0.6666666666666666,0.14814814814814814,0.45161290322580644,0.5384615384615384,0.25925925925925924,0.5,0.3333333333333333,0.037037037037037035,0.4032258064516129,0.6666666666666666,0.14814814814814814,0.45161290322580644,0.5384615384615384,0.25925925925925924,0.5,spread
qwen3-1.7b,gemma4-31b,truthfulqa,231,26,0.11255411255411256,327,0.22935779816513763,0.8529080675422138,0.6866791744840526,0.3960600375234522,0.8529080675422138,0.5833333333333334,0.2692307692307692,0.25076452599388377,0.4782608695652174,0.4230769230769231,0.26299694189602446,0.34782608695652173,0.6153846153846154,0.2782874617737003,0.3333333333333333,0.15384615384615385,0.2415902140672783,0.21739130434782608,0.19230769230769232,0.24464831804281345,0.21739130434782608,0.38461538461538464,0.2599388379204893,0.16666666666666666,0.07692307692307693,0.23547400611620795,0.08695652173913043,0.07692307692307693,0.23547400611620795,0.08695652173913043,0.15384615384615385,0.2415902140672783,0.5833333333333334,0.2692307692307692,0.25076452599388377,0.4782608695652174,0.4230769230769231,0.26299694189602446,0.34782608695652173,0.6153846153846154,0.2782874617737003,margin
qwen3-1.7b,llama-8b,boolq,828,122,0.1473429951690821,475,0.5642105263157895,0.7520085450239167,0.4399294106719918,0.6226373473273581,0.7520085450239167,0.3170731707317073,0.10655737704918032,0.5915789473684211,0.3855421686746988,0.26229508196721313,0.631578947368421,0.35542168674698793,0.48360655737704916,0.6884210526315789,0.07317073170731707,0.02459016393442623,0.5705263157894737,0.08433734939759036,0.05737704918032787,0.5789473684210527,0.0963855421686747,0.13114754098360656,0.5978947368421053,0.2682926829268293,0.09016393442622951,0.5873684210526315,0.24096385542168675,0.16393442622950818,0.6063157894736843,0.25301204819277107,0.3442622950819672,0.6526315789473685,0.3170731707317073,0.10655737704918032,0.5915789473684211,0.3855421686746988,0.26229508196721313,0.631578947368421,0.35542168674698793,0.48360655737704916,0.6884210526315789,margin
qwen3-1.7b,llama-8b,geometry_of_truth,953,11,0.011542497376705142,1000,0.07,0.8955800038602587,0.9141092453194364,0.5179502026635785,0.9141092453194364,0.10416666666666667,0.45454545454545453,0.075,0.05263157894736842,0.45454545454545453,0.075,0.04712041884816754,0.8181818181818182,0.079,0.10416666666666667,0.45454545454545453,0.075,0.07368421052631578,0.6363636363636364,0.077,0.05235602094240838,0.9090909090909091,0.08,0.0,0.0,0.07,0.010526315789473684,0.09090909090909091,0.071,0.005235602094240838,0.09090909090909091,0.071,0.10416666666666667,0.45454545454545453,0.075,0.07368421052631578,0.6363636363636364,0.077,0.05235602094240838,0.9090909090909091,0.08,anomaly
qwen3-1.7b,llama-8b,imdb,870,72,0.08275862068965517,1018,0.15422396856581533,0.7996205792258425,0.5429720133667502,0.5051343636869954,0.7996205792258425,0.3181818181818182,0.19444444444444445,0.16797642436149313,0.28735632183908044,0.3472222222222222,0.1787819253438114,0.23563218390804597,0.5694444444444444,0.1944990176817289,0.09090909090909091,0.05555555555555555,0.1581532416502947,0.08045977011494253,0.09722222222222222,0.16110019646365423,0.08045977011494253,0.19444444444444445,0.16797642436149313,0.11363636363636363,0.06944444444444445,0.15913555992141454,0.11494252873563218,0.1388888888888889,0.16404715127701375,0.10344827586206896,0.25,0.1719056974459725,0.3181818181818182,0.19444444444444445,0.16797642436149313,0.28735632183908044,0.3472222222222222,0.1787819253438114,0.23563218390804597,0.5694444444444444,0.1944990176817289,margin
qwen3-1.7b,llama-8b,rte,66,21,0.3181818181818182,62,0.45161290322580644,0.653968253968254,0.5047619047619046,0.5703703703703703,0.653968253968254,0.6666666666666666,0.09523809523809523,0.4838709677419355,0.5714285714285714,0.19047619047619047,0.5161290322580645,0.5384615384615384,0.3333333333333333,0.5645161290322581,0.6666666666666666,0.09523809523809523,0.4838709677419355,0.2857142857142857,0.09523809523809523,0.4838709677419355,0.3076923076923077,0.19047619047619047,0.5161290322580645,1.0,0.14285714285714285,0.5,0.7142857142857143,0.23809523809523808,0.532258064516129,0.6153846153846154,0.38095238095238093,0.5806451612903226,0.6666666666666666,0.09523809523809523,0.4838709677419355,0.5714285714285714,0.19047619047619047,0.5161290322580645,0.5384615384615384,0.3333333333333333,0.5645161290322581,margin
qwen3-1.7b,llama-8b,truthfulqa,235,18,0.07659574468085106,327,0.1743119266055046,0.8448540706605223,0.7378392217101893,0.39580133128520223,0.8448540706605223,0.25,0.16666666666666666,0.1834862385321101,0.2916666666666667,0.3888888888888889,0.19571865443425077,0.2978723404255319,0.7777777777777778,0.21712538226299694,0.25,0.16666666666666666,0.1834862385321101,0.25,0.3333333333333333,0.1926605504587156,0.19148936170212766,0.5,0.2018348623853211,0.0,0.0,0.1743119266055046,0.041666666666666664,0.05555555555555555,0.17737003058103976,0.06382978723404255,0.16666666666666666,0.1834862385321101,0.25,0.16666666666666666,0.1834862385321101,0.2916666666666667,0.3888888888888889,0.19571865443425077,0.2978723404255319,0.7777777777777778,0.21712538226299694,margin
qwen3-1.7b,olmo3-7b,boolq,911,194,0.21295279912184412,475,0.4231578947368421,0.7537203985679162,0.4395246516844239,0.5574702727573366,0.7537203985679162,0.4782608695652174,0.1134020618556701,0.4694736842105263,0.4725274725274725,0.22164948453608246,0.5136842105263157,0.4725274725274725,0.44329896907216493,0.6042105263157894,0.08695652173913043,0.020618556701030927,0.43157894736842106,0.08791208791208792,0.041237113402061855,0.44,0.13736263736263737,0.12886597938144329,0.47578947368421054,0.30434782608695654,0.07216494845360824,0.45263157894736844,0.3076923076923077,0.14432989690721648,0.48210526315789476,0.23076923076923078,0.21649484536082475,0.511578947368421,0.4782608695652174,0.1134020618556701,0.4694736842105263,0.4725274725274725,0.22164948453608246,0.5136842105263157,0.4725274725274725,0.44329896907216493,0.6042105263157894,margin
qwen3-1.7b,olmo3-7b,geometry_of_truth,955,28,0.02931937172774869,1000,0.058,0.8953999075358299,0.8107566651255972,0.45638773308676217,0.8953999075358299,0.20833333333333334,0.35714285714285715,0.068,0.17708333333333334,0.6071428571428571,0.075,0.12041884816753927,0.8214285714285714,0.081,0.14583333333333334,0.25,0.065,0.10416666666666667,0.35714285714285715,0.068,0.08376963350785341,0.5714285714285714,0.074,0.020833333333333332,0.03571428571428571,0.059,0.03125,0.10714285714285714,0.061,0.031413612565445025,0.21428571428571427,0.064,0.20833333333333334,0.35714285714285715,0.068,0.17708333333333334,0.6071428571428571,0.075,0.12041884816753927,0.8214285714285714,0.081,margin
qwen3-1.7b,olmo3-7b,imdb,872,86,0.09862385321100918,1018,0.15029469548133595,0.8034055269542576,0.4902213148707024,0.5132848097520564,0.8034055269542576,0.4318181818181818,0.22093023255813954,0.16895874263261296,0.3793103448275862,0.38372093023255816,0.18271119842829076,0.28160919540229884,0.5697674418604651,0.19842829076620824,0.09090909090909091,0.046511627906976744,0.15422396856581533,0.08045977011494253,0.08139534883720931,0.15717092337917485,0.06896551724137931,0.13953488372093023,0.16208251473477406,0.1590909090909091,0.08139534883720931,0.15717092337917485,0.13793103448275862,0.13953488372093023,0.16208251473477406,0.1206896551724138,0.2441860465116279,0.17092337917485265,0.4318181818181818,0.22093023255813954,0.16895874263261296,0.3793103448275862,0.38372093023255816,0.18271119842829076,0.28160919540229884,0.5697674418604651,0.19842829076620824,margin
qwen3-1.7b,olmo3-7b,rte,66,24,0.36363636363636365,62,0.4032258064516129,0.814484126984127,0.447420634920635,0.7698412698412699,0.814484126984127,0.6666666666666666,0.08333333333333333,0.43548387096774194,0.8571428571428571,0.25,0.5,0.7692307692307693,0.4166666666666667,0.5645161290322581,1.0,0.125,0.45161290322580644,0.42857142857142855,0.125,0.45161290322580644,0.38461538461538464,0.20833333333333334,0.4838709677419355,1.0,0.125,0.45161290322580644,1.0,0.2916666666666667,0.5161290322580645,0.8461538461538461,0.4583333333333333,0.5806451612903226,0.6666666666666666,0.08333333333333333,0.43548387096774194,0.8571428571428571,0.25,0.5,0.7692307692307693,0.4166666666666667,0.5645161290322581,margin
qwen3-1.7b,olmo3-7b,truthfulqa,233,24,0.10300429184549356,327,0.18042813455657492,0.8221690590111642,0.6756379585326954,0.3628389154704944,0.8221690590111642,0.3333333333333333,0.16666666666666666,0.1926605504587156,0.43478260869565216,0.4166666666666667,0.21100917431192662,0.2978723404255319,0.5833333333333334,0.22324159021406728,0.25,0.125,0.18960244648318042,0.2608695652173913,0.25,0.19877675840978593,0.23404255319148937,0.4583333333333333,0.21406727828746178,0.0,0.0,0.18042813455657492,0.0,0.0,0.18042813455657492,0.0425531914893617,0.08333333333333333,0.18654434250764526,0.3333333333333333,0.16666666666666666,0.1926605504587156,0.43478260869565216,0.4166666666666667,0.21100917431192662,0.2978723404255319,0.5833333333333334,0.22324159021406728,margin
qwen3-1.7b,qwen3-32b,boolq,979,250,0.2553626149131767,475,0.29894736842105263,0.7420137174211249,0.4746117969821673,0.5684060356652949,0.7420137174211249,0.6326530612244898,0.124,0.3642105263157895,0.5714285714285714,0.224,0.4168421052631579,0.47959183673469385,0.376,0.4968421052631579,0.16326530612244897,0.032,0.3157894736842105,0.22448979591836735,0.088,0.3452631578947368,0.1836734693877551,0.144,0.37473684210526315,0.3469387755102041,0.068,0.33473684210526317,0.30612244897959184,0.12,0.36210526315789476,0.3112244897959184,0.244,0.42736842105263156,0.6326530612244898,0.124,0.3642105263157895,0.5714285714285714,0.224,0.4168421052631579,0.47959183673469385,0.376,0.4968421052631579,margin
qwen3-1.7b,qwen3-32b,geometry_of_truth,950,14,0.014736842105263158,1000,0.07,0.8638583638583638,0.8608821733821734,0.47992979242979245,0.8638583638583638,0.10416666666666667,0.35714285714285715,0.075,0.06315789473684211,0.42857142857142855,0.076,0.05789473684210526,0.7857142857142857,0.081,0.0625,0.21428571428571427,0.073,0.08421052631578947,0.5714285714285714,0.078,0.05263157894736842,0.7142857142857143,0.08,0.020833333333333332,0.07142857142857142,0.071,0.021052631578947368,0.14285714285714285,0.072,0.015789473684210527,0.21428571428571427,0.073,0.10416666666666667,0.35714285714285715,0.075,0.06315789473684211,0.42857142857142855,0.076,0.05789473684210526,0.7857142857142857,0.081,margin
qwen3-1.7b,qwen3-32b,imdb,857,79,0.09218203033838973,1018,0.14538310412573674,0.7662295402037032,0.4825420585076958,0.4912954345774625,0.7662295402037032,0.32558139534883723,0.17721518987341772,0.15913555992141454,0.3023255813953488,0.3291139240506329,0.17092337917485265,0.2222222222222222,0.4810126582278481,0.18271119842829076,0.046511627906976744,0.02531645569620253,0.14734774066797643,0.046511627906976744,0.05063291139240506,0.14931237721021612,0.05847953216374269,0.12658227848101267,0.15520628683693516,0.11627906976744186,0.06329113924050633,0.15029469548133595,0.10465116279069768,0.11392405063291139,0.15422396856581533,0.09941520467836257,0.21518987341772153,0.16208251473477406,0.32558139534883723,0.17721518987341772,0.15913555992141454,0.3023255813953488,0.3291139240506329,0.17092337917485265,0.2222222222222222,0.4810126582278481,0.18271119842829076,margin
qwen3-1.7b,qwen3-32b,rte,83,38,0.4578313253012048,62,0.16129032258064516,0.7181286549707602,0.4964912280701754,0.6497076023391813,0.7181286549707602,0.75,0.07894736842105263,0.20967741935483872,0.75,0.15789473684210525,0.25806451612903225,0.6470588235294118,0.2894736842105263,0.3387096774193548,0.75,0.07894736842105263,0.20967741935483872,0.375,0.07894736842105263,0.20967741935483872,0.4117647058823529,0.18421052631578946,0.27419354838709675,0.75,0.07894736842105263,0.20967741935483872,0.875,0.18421052631578946,0.27419354838709675,0.8235294117647058,0.3684210526315789,0.3870967741935484,0.75,0.07894736842105263,0.20967741935483872,0.75,0.15789473684210525,0.25806451612903225,0.6470588235294118,0.2894736842105263,0.3387096774193548,margin
qwen3-1.7b,qwen3-32b,truthfulqa,239,24,0.100418410041841,327,0.18042813455657492,0.7932170542635659,0.7835271317829458,0.39476744186046514,0.7932170542635659,0.4166666666666667,0.20833333333333334,0.19571865443425077,0.3333333333333333,0.3333333333333333,0.20489296636085627,0.2708333333333333,0.5416666666666666,0.22018348623853212,0.3333333333333333,0.16666666666666666,0.1926605504587156,0.3333333333333333,0.3333333333333333,0.20489296636085627,0.22916666666666666,0.4583333333333333,0.21406727828746178,0.08333333333333333,0.041666666666666664,0.1834862385321101,0.041666666666666664,0.041666666666666664,0.1834862385321101,0.041666666666666664,0.08333333333333333,0.18654434250764526,0.4166666666666667,0.20833333333333334,0.19571865443425077,0.3333333333333333,0.3333333333333333,0.20489296636085627,0.2708333333333333,0.5416666666666666,0.22018348623853212,margin
qwen3-1.7b,qwen3-8b,boolq,880,167,0.18977272727272726,475,0.4652631578947368,0.7593704596417264,0.4654365882540669,0.6302794131232626,0.7593704596417264,0.45454545454545453,0.11976047904191617,0.5073684210526316,0.42045454545454547,0.2215568862275449,0.5431578947368421,0.4034090909090909,0.4251497005988024,0.6147368421052631,0.09090909090909091,0.023952095808383235,0.47368421052631576,0.10227272727272728,0.05389221556886228,0.4842105263157895,0.1534090909090909,0.16167664670658682,0.5221052631578947,0.36363636363636365,0.09580838323353294,0.49894736842105264,0.2840909090909091,0.1497005988023952,0.5178947368421053,0.30113636363636365,0.31736526946107785,0.5768421052631579,0.45454545454545453,0.11976047904191617,0.5073684210526316,0.42045454545454547,0.2215568862275449,0.5431578947368421,0.4034090909090909,0.4251497005988024,0.6147368421052631,margin
qwen3-1.7b,qwen3-8b,geometry_of_truth,951,16,0.016824395373291272,1000,0.07,0.8814171122994652,0.8881684491978609,0.4584224598930481,0.8881684491978609,0.0625,0.1875,0.073,0.09473684210526316,0.5625,0.079,0.07894736842105263,0.9375,0.085,0.125,0.375,0.076,0.09473684210526316,0.5625,0.079,0.06315789473684211,0.75,0.082,0.0,0.0,0.07,0.010526315789473684,0.0625,0.071,0.015789473684210527,0.1875,0.073,0.125,0.375,0.076,0.09473684210526316,0.5625,0.079,0.06315789473684211,0.75,0.082,anomaly
qwen3-1.7b,qwen3-8b,imdb,864,92,0.10648148148148148,1018,0.13948919449901767,0.7725275963054743,0.4867791169182248,0.47320624014417667,0.7725275963054743,0.37209302325581395,0.17391304347826086,0.15520628683693516,0.313953488372093,0.29347826086956524,0.16601178781925344,0.27167630057803466,0.5108695652173914,0.1856581532416503,0.09302325581395349,0.043478260869565216,0.14341846758349705,0.09302325581395349,0.08695652173913043,0.14734774066797643,0.08670520231213873,0.16304347826086957,0.15422396856581533,0.18604651162790697,0.08695652173913043,0.14734774066797643,0.1511627906976744,0.14130434782608695,0.15225933202357564,0.11560693641618497,0.21739130434782608,0.15913555992141454,0.37209302325581395,0.17391304347826086,0.15520628683693516,0.313953488372093,0.29347826086956524,0.16601178781925344,0.27167630057803466,0.5108695652173914,0.1856581532416503,margin
qwen3-1.7b,qwen3-8b,rte,77,32,0.4155844155844156,62,0.27419354838709675,0.7604166666666667,0.4534722222222223,0.7229166666666667,0.7604166666666667,0.75,0.09375,0.3225806451612903,0.625,0.15625,0.3548387096774194,0.7333333333333333,0.34375,0.45161290322580644,0.5,0.0625,0.3064516129032258,0.375,0.09375,0.3225806451612903,0.4,0.1875,0.3709677419354839,0.75,0.09375,0.3225806451612903,0.75,0.1875,0.3709677419354839,0.8,0.375,0.46774193548387094,0.75,0.09375,0.3225806451612903,0.625,0.15625,0.3548387096774194,0.7333333333333333,0.34375,0.45161290322580644,margin
qwen3-1.7b,qwen3-8b,truthfulqa,232,20,0.08620689655172414,327,0.18960244648318042,0.8099056603773584,0.6709905660377359,0.49504716981132074,0.8099056603773584,0.25,0.15,0.19877675840978593,0.2608695652173913,0.3,0.20795107033639143,0.1956521739130435,0.45,0.21712538226299694,0.25,0.15,0.19877675840978593,0.17391304347826086,0.2,0.2018348623853211,0.13043478260869565,0.3,0.20795107033639143,0.08333333333333333,0.05,0.1926605504587156,0.08695652173913043,0.1,0.19571865443425077,0.10869565217391304,0.25,0.20489296636085627,0.25,0.15,0.19877675840978593,0.2608695652173913,0.3,0.20795107033639143,0.1956521739130435,0.45,0.21712538226299694,margin
qwen3-1.7b,qwen3-8b-base,boolq,1042,298,0.28598848368522073,475,0.21894736842105264,0.7626244858194414,0.4620633975607996,0.5696173414158908,0.7626244858194414,0.6346153846153846,0.11073825503355705,0.28842105263157897,0.5865384615384616,0.20469798657718122,0.3473684210526316,0.5432692307692307,0.37919463087248323,0.4568421052631579,0.17307692307692307,0.030201342281879196,0.23789473684210527,0.17307692307692307,0.06040268456375839,0.25684210526315787,0.23076923076923078,0.1610738255033557,0.32,0.36538461538461536,0.06375838926174497,0.25894736842105265,0.36538461538461536,0.12751677852348994,0.29894736842105263,0.34615384615384615,0.24161073825503357,0.3705263157894737,0.6346153846153846,0.11073825503355705,0.28842105263157897,0.5865384615384616,0.20469798657718122,0.3473684210526316,0.5432692307692307,0.37919463087248323,0.4568421052631579,margin
qwen3-1.7b,qwen3-8b-base,geometry_of_truth,954,17,0.01781970649895178,1000,0.069,0.8794651264988386,0.8854918701738966,0.4051101764078097,0.8854918701738966,0.16666666666666666,0.47058823529411764,0.077,0.10526315789473684,0.5882352941176471,0.079,0.07329842931937172,0.8235294117647058,0.083,0.10416666666666667,0.29411764705882354,0.074,0.09473684210526316,0.5294117647058824,0.078,0.07329842931937172,0.8235294117647058,0.083,0.0,0.0,0.069,0.0,0.0,0.069,0.005235602094240838,0.058823529411764705,0.07,0.10416666666666667,0.29411764705882354,0.074,0.09473684210526316,0.5294117647058824,0.078,0.07329842931937172,0.8235294117647058,0.083,anomaly
qwen3-1.7b,qwen3-8b-base,imdb,878,97,0.11047835990888383,1018,0.13163064833005894,0.7705690563248281,0.5027390208165582,0.5374948849611257,0.7705690563248281,0.2727272727272727,0.12371134020618557,0.14341846758349705,0.32954545454545453,0.29896907216494845,0.16011787819253437,0.26136363636363635,0.4742268041237113,0.17681728880157171,0.09090909090909091,0.041237113402061855,0.13555992141453832,0.10227272727272728,0.09278350515463918,0.14047151277013753,0.09090909090909091,0.16494845360824742,0.14734774066797643,0.1590909090909091,0.07216494845360824,0.13850687622789784,0.125,0.1134020618556701,0.14243614931237722,0.11931818181818182,0.21649484536082475,0.15225933202357564,0.2727272727272727,0.12371134020618557,0.14341846758349705,0.32954545454545453,0.29896907216494845,0.16011787819253437,0.26136363636363635,0.4742268041237113,0.17681728880157171,margin
qwen3-1.7b,qwen3-8b-base,rte,87,42,0.4827586206896552,62,0.1935483870967742,0.646031746031746,0.4608465608465609,0.5037037037037037,0.646031746031746,0.75,0.07142857142857142,0.24193548387096775,0.6666666666666666,0.14285714285714285,0.2903225806451613,0.6470588235294118,0.2619047619047619,0.3709677419354839,1.0,0.09523809523809523,0.25806451612903225,0.6666666666666666,0.14285714285714285,0.2903225806451613,0.47058823529411764,0.19047619047619047,0.3225806451612903,0.5,0.047619047619047616,0.22580645161290322,0.6666666666666666,0.14285714285714285,0.2903225806451613,0.5882352941176471,0.23809523809523808,0.3548387096774194,0.75,0.07142857142857142,0.24193548387096775,0.6666666666666666,0.14285714285714285,0.2903225806451613,0.6470588235294118,0.2619047619047619,0.3709677419354839,margin
qwen3-1.7b,qwen3-8b-base,truthfulqa,227,22,0.09691629955947137,327,0.18654434250764526,0.8235033259423503,0.7124168514412417,0.5352549889135254,0.8235033259423503,0.45454545454545453,0.22727272727272727,0.2018348623853211,0.34782608695652173,0.36363636363636365,0.21100917431192662,0.3111111111111111,0.6363636363636364,0.22935779816513763,0.2727272727272727,0.13636363636363635,0.19571865443425077,0.30434782608695654,0.3181818181818182,0.20795107033639143,0.24444444444444444,0.5,0.22018348623853212,0.18181818181818182,0.09090909090909091,0.1926605504587156,0.17391304347826086,0.18181818181818182,0.19877675840978593,0.1111111111111111,0.22727272727272727,0.2018348623853211,0.45454545454545453,0.22727272727272727,0.2018348623853211,0.34782608695652173,0.36363636363636365,0.21100917431192662,0.3111111111111111,0.6363636363636364,0.22935779816513763,margin
qwen3-1.7b,qwen38-27b,boolq,829,115,0.13872135102533173,475,0.5642105263157895,0.7742662282304227,0.44342954573133603,0.6436487638533674,0.7742662282304227,0.34146341463414637,0.12173913043478261,0.5936842105263158,0.3493975903614458,0.25217391304347825,0.6252631578947369,0.3192771084337349,0.4608695652173913,0.6757894736842105,0.04878048780487805,0.017391304347826087,0.5684210526315789,0.024096385542168676,0.017391304347826087,0.5684210526315789,0.0783132530120482,0.11304347826086956,0.5915789473684211,0.34146341463414637,0.12173913043478261,0.5936842105263158,0.27710843373493976,0.2,0.6126315789473684,0.2289156626506024,0.33043478260869563,0.6442105263157895,0.34146341463414637,0.12173913043478261,0.5936842105263158,0.3493975903614458,0.25217391304347825,0.6252631578947369,0.3192771084337349,0.4608695652173913,0.6757894736842105,margin
qwen3-1.7b,qwen38-27b,geometry_of_truth,953,13,0.013641133263378805,1000,0.07,0.9059738134206219,0.9118657937806874,0.34394435351882163,0.9118657937806874,0.125,0.46153846153846156,0.076,0.08421052631578947,0.6153846153846154,0.078,0.06282722513089005,0.9230769230769231,0.082,0.10416666666666667,0.38461538461538464,0.075,0.08421052631578947,0.6153846153846154,0.078,0.05759162303664921,0.8461538461538461,0.081,0.0,0.0,0.07,0.010526315789473684,0.07692307692307693,0.071,0.010471204188481676,0.15384615384615385,0.072,0.10416666666666667,0.38461538461538464,0.075,0.08421052631578947,0.6153846153846154,0.078,0.05759162303664921,0.8461538461538461,0.081,anomaly
qwen3-1.7b,qwen38-27b,rte,67,22,0.3283582089552239,62,0.4032258064516129,0.8424242424242424,0.5171717171717172,0.7747474747474747,0.8424242424242424,0.6666666666666666,0.09090909090909091,0.43548387096774194,0.7142857142857143,0.22727272727272727,0.4838709677419355,0.6923076923076923,0.4090909090909091,0.5483870967741935,0.6666666666666666,0.09090909090909091,0.43548387096774194,0.42857142857142855,0.13636363636363635,0.45161290322580644,0.38461538461538464,0.22727272727272727,0.4838709677419355,1.0,0.13636363636363635,0.45161290322580644,0.7142857142857143,0.22727272727272727,0.4838709677419355,0.6153846153846154,0.36363636363636365,0.532258064516129,0.6666666666666666,0.09090909090909091,0.43548387096774194,0.7142857142857143,0.22727272727272727,0.4838709677419355,0.6923076923076923,0.4090909090909091,0.5483870967741935,margin
qwen3-1.7b,qwen38-27b,truthfulqa,235,22,0.09361702127659574,327,0.19571865443425077,0.8397353819889031,0.8066581306017926,0.42018779342723,0.8397353819889031,0.4166666666666667,0.22727272727272727,0.21100917431192662,0.4166666666666667,0.45454545454545453,0.22629969418960244,0.2978723404255319,0.6363636363636364,0.23853211009174313,0.25,0.13636363636363635,0.20489296636085627,0.375,0.4090909090909091,0.22324159021406728,0.2765957446808511,0.5909090909090909,0.23547400611620795,0.08333333333333333,0.045454545454545456,0.19877675840978593,0.08333333333333333,0.09090909090909091,0.2018348623853211,0.06382978723404255,0.13636363636363635,0.20489296636085627,0.4166666666666667,0.22727272727272727,0.21100917431192662,0.4166666666666667,0.45454545454545453,0.22629969418960244,0.2978723404255319,0.6363636363636364,0.23853211009174313,margin
qwen3-8b,gemma4-12b,boolq,740,145,0.19594594594594594,475,0.49473684210526314,0.701802376122863,0.49164879745001444,0.511237322515213,0.701802376122863,0.2972972972972973,0.07586206896551724,0.5178947368421053,0.3918918918918919,0.2,0.5557894736842105,0.34459459459459457,0.35172413793103446,0.6021052631578947,0.13513513513513514,0.034482758620689655,0.5052631578947369,0.13513513513513514,0.06896551724137931,0.5157894736842106,0.16891891891891891,0.1724137931034483,0.5473684210526316,0.08108108108108109,0.020689655172413793,0.5010526315789474,0.17567567567567569,0.0896551724137931,0.5221052631578947,0.1891891891891892,0.19310344827586207,0.5536842105263158,0.2972972972972973,0.07586206896551724,0.5178947368421053,0.3918918918918919,0.2,0.5557894736842105,0.34459459459459457,0.35172413793103446,0.6021052631578947,margin
qwen3-8b,gemma4-12b,geometry_of_truth,718,17,0.023676880222841225,1000,0.277,0.8315851304858606,0.9079466308634723,0.5763195435092725,0.9079466308634723,0.1111111111111111,0.23529411764705882,0.281,0.08333333333333333,0.35294117647058826,0.283,0.0763888888888889,0.6470588235294118,0.288,0.16666666666666666,0.35294117647058826,0.283,0.1388888888888889,0.5882352941176471,0.287,0.10416666666666667,0.8823529411764706,0.292,0.05555555555555555,0.11764705882352941,0.279,0.06944444444444445,0.29411764705882354,0.282,0.041666666666666664,0.35294117647058826,0.283,0.16666666666666666,0.35294117647058826,0.283,0.1388888888888889,0.5882352941176471,0.287,0.10416666666666667,0.8823529411764706,0.292,anomaly
qwen3-8b,gemma4-12b,imdb,666,83,0.12462462462462462,1018,0.35363457760314343,0.7294633077765608,0.42953977143565686,0.5146210915703981,0.7294633077765608,0.24242424242424243,0.0963855421686747,0.3614931237721022,0.23880597014925373,0.1927710843373494,0.3693516699410609,0.24812030075187969,0.39759036144578314,0.38605108055009824,0.06060606060606061,0.024096385542168676,0.3555992141453831,0.04477611940298507,0.03614457831325301,0.3565815324165029,0.03759398496240601,0.060240963855421686,0.35854616895874264,0.18181818181818182,0.07228915662650602,0.35952848722986247,0.16417910447761194,0.13253012048192772,0.3644400785854617,0.15789473684210525,0.25301204819277107,0.3742632612966601,0.24242424242424243,0.0963855421686747,0.3614931237721022,0.23880597014925373,0.1927710843373494,0.3693516699410609,0.24812030075187969,0.39759036144578314,0.38605108055009824,margin
qwen3-8b,gemma4-12b,rte,52,24,0.46153846153846156,62,0.4838709677419355,0.5282738095238095,0.4613095238095238,0.41964285714285715,0.5282738095238095,0.6666666666666666,0.08333333333333333,0.5161290322580645,0.4,0.08333333333333333,0.5161290322580645,0.6,0.25,0.5806451612903226,0.3333333333333333,0.041666666666666664,0.5,0.2,0.041666666666666664,0.5,0.5,0.20833333333333334,0.5645161290322581,0.0,0.0,0.4838709677419355,0.2,0.041666666666666664,0.5,0.4,0.16666666666666666,0.5483870967741935,0.6666666666666666,0.08333333333333333,0.5161290322580645,0.4,0.08333333333333333,0.5161290322580645,0.6,0.25,0.5806451612903226,margin
qwen3-8b,gemma4-12b,truthfulqa,200,24,0.12,327,0.39143730886850153,0.7992424242424242,0.7137784090909091,0.5598958333333333,0.7992424242424242,0.3,0.125,0.40061162079510704,0.35,0.2916666666666667,0.41284403669724773,0.35,0.5833333333333334,0.43425076452599387,0.2,0.08333333333333333,0.39755351681957185,0.3,0.25,0.40978593272171254,0.25,0.4166666666666667,0.42201834862385323,0.2,0.08333333333333333,0.39755351681957185,0.2,0.16666666666666666,0.4036697247706422,0.1,0.16666666666666666,0.4036697247706422,0.3,0.125,0.40061162079510704,0.35,0.2916666666666667,0.41284403669724773,0.35,0.5833333333333334,0.43425076452599387,margin
qwen3-8b,gemma4-12b-base,boolq,886,168,0.18961625282167044,475,0.5368421052631579,0.7556953840031834,0.49073981960472207,0.6681257461201751,0.7556953840031834,0.5681818181818182,0.1488095238095238,0.5894736842105263,0.4044943820224719,0.21428571428571427,0.6126315789473684,0.3954802259887006,0.4166666666666667,0.6842105263157895,0.11363636363636363,0.02976190476190476,0.5473684210526316,0.14606741573033707,0.07738095238095238,0.5642105263157895,0.1638418079096045,0.17261904761904762,0.5978947368421053,0.29545454545454547,0.07738095238095238,0.5642105263157895,0.38202247191011235,0.20238095238095238,0.608421052631579,0.3333333333333333,0.35119047619047616,0.6610526315789473,0.5681818181818182,0.1488095238095238,0.5894736842105263,0.4044943820224719,0.21428571428571427,0.6126315789473684,0.3954802259887006,0.4166666666666667,0.6842105263157895,margin
qwen3-8b,gemma4-12b-base,geometry_of_truth,972,14,0.01440329218106996,1000,0.04,0.9044885177453027,0.9369967193558008,0.5236355502535043,0.9369967193558008,0.12244897959183673,0.42857142857142855,0.046,0.09278350515463918,0.6428571428571429,0.049,0.06701030927835051,0.9285714285714286,0.053,0.1836734693877551,0.6428571428571429,0.049,0.10309278350515463,0.7142857142857143,0.05,0.06701030927835051,0.9285714285714286,0.053,0.02040816326530612,0.07142857142857142,0.041,0.020618556701030927,0.14285714285714285,0.042,0.015463917525773196,0.21428571428571427,0.043,0.1836734693877551,0.6428571428571429,0.049,0.10309278350515463,0.7142857142857143,0.05,0.06701030927835051,0.9285714285714286,0.053,anomaly
qwen3-8b,gemma4-12b-base,imdb,834,70,0.08393285371702638,1018,0.1974459724950884,0.7220643231114434,0.5013649962602842,0.47632759910246825,0.7220643231114434,0.23809523809523808,0.14285714285714285,0.20726915520628683,0.1927710843373494,0.22857142857142856,0.2131630648330059,0.19161676646706588,0.45714285714285713,0.2288801571709234,0.09523809523809523,0.05714285714285714,0.2013752455795678,0.060240963855421686,0.07142857142857142,0.20235756385068762,0.07784431137724551,0.18571428571428572,0.21021611001964635,0.09523809523809523,0.05714285714285714,0.2013752455795678,0.060240963855421686,0.07142857142857142,0.20235756385068762,0.0718562874251497,0.17142857142857143,0.20923379174852652,0.23809523809523808,0.14285714285714285,0.20726915520628683,0.1927710843373494,0.22857142857142856,0.2131630648330059,0.19161676646706588,0.45714285714285713,0.2288801571709234,margin
qwen3-8b,gemma4-12b-base,rte,71,32,0.4507042253521127,62,0.41935483870967744,0.7291666666666666,0.5576923076923077,0.7083333333333333,0.7291666666666666,0.75,0.09375,0.46774193548387094,0.7142857142857143,0.15625,0.5,0.7142857142857143,0.3125,0.5806451612903226,0.0,0.0,0.41935483870967744,0.2857142857142857,0.0625,0.45161290322580644,0.42857142857142855,0.1875,0.5161290322580645,0.75,0.09375,0.46774193548387094,0.8571428571428571,0.1875,0.5161290322580645,0.7857142857142857,0.34375,0.5967741935483871,0.75,0.09375,0.46774193548387094,0.7142857142857143,0.15625,0.5,0.7142857142857143,0.3125,0.5806451612903226,margin
qwen3-8b,gemma4-12b-base,truthfulqa,241,26,0.1078838174273859,327,0.14984709480122324,0.8262969588550984,0.6996422182468693,0.44794275491949914,0.8262969588550984,0.25,0.11538461538461539,0.15902140672782875,0.20833333333333334,0.19230769230769232,0.1651376146788991,0.3541666666666667,0.6538461538461539,0.2018348623853211,0.4166666666666667,0.19230769230769232,0.1651376146788991,0.2916666666666667,0.2692307692307692,0.1712538226299694,0.2708333333333333,0.5,0.18960244648318042,0.08333333333333333,0.038461538461538464,0.1529051987767584,0.08333333333333333,0.07692307692307693,0.1559633027522936,0.0625,0.11538461538461539,0.15902140672782875,0.25,0.11538461538461539,0.15902140672782875,0.20833333333333334,0.19230769230769232,0.1651376146788991,0.3541666666666667,0.6538461538461539,0.2018348623853211,margin
qwen3-8b,gemma4-31b,boolq,740,82,0.11081081081081082,475,0.33263157894736844,0.7465898139224554,0.4394506635035955,0.4725517087997628,0.7465898139224554,0.2972972972972973,0.13414634146341464,0.35578947368421054,0.3108108108108108,0.2804878048780488,0.38105263157894737,0.2702702702702703,0.4878048780487805,0.4168421052631579,0.08108108108108109,0.036585365853658534,0.3389473684210526,0.08108108108108109,0.07317073170731707,0.3452631578947368,0.06756756756756757,0.12195121951219512,0.35368421052631577,0.13513513513513514,0.06097560975609756,0.3431578947368421,0.06756756756756757,0.06097560975609756,0.3431578947368421,0.06756756756756757,0.12195121951219512,0.35368421052631577,0.2972972972972973,0.13414634146341464,0.35578947368421054,0.3108108108108108,0.2804878048780488,0.38105263157894737,0.2702702702702703,0.4878048780487805,0.4168421052631579,margin
qwen3-8b,gemma4-31b,geometry_of_truth,937,19,0.020277481323372464,1000,0.058,0.9248366013071895,0.9116500401330123,0.33040935672514615,0.9248366013071895,0.1702127659574468,0.42105263157894735,0.066,0.1276595744680851,0.631578947368421,0.07,0.0962566844919786,0.9473684210526315,0.076,0.1702127659574468,0.42105263157894735,0.066,0.13829787234042554,0.6842105263157895,0.071,0.0855614973262032,0.8421052631578947,0.074,0.0,0.0,0.058,0.0,0.0,0.058,0.0053475935828877,0.05263157894736842,0.059,0.1702127659574468,0.42105263157894735,0.066,0.1276595744680851,0.631578947368421,0.07,0.0962566844919786,0.9473684210526315,0.076,margin
qwen3-8b,gemma4-31b,rte,59,23,0.3898305084745763,62,0.3709677419354839,0.6763285024154588,0.5277777777777778,0.5495169082125603,0.6763285024154588,0.6666666666666666,0.08695652173913043,0.4032258064516129,0.5,0.13043478260869565,0.41935483870967744,0.5,0.2608695652173913,0.46774193548387094,0.3333333333333333,0.043478260869565216,0.3870967741935484,0.16666666666666666,0.043478260869565216,0.3870967741935484,0.3333333333333333,0.17391304347826086,0.43548387096774194,0.3333333333333333,0.043478260869565216,0.3870967741935484,0.3333333333333333,0.08695652173913043,0.4032258064516129,0.4166666666666667,0.21739130434782608,0.45161290322580644,0.6666666666666666,0.08695652173913043,0.4032258064516129,0.5,0.13043478260869565,0.41935483870967744,0.5,0.2608695652173913,0.46774193548387094,margin
qwen3-8b,gemma4-31b,truthfulqa,253,24,0.09486166007905138,327,0.22324159021406728,0.8531659388646289,0.7259825327510917,0.5074599708879184,0.8531659388646289,0.38461538461538464,0.20833333333333334,0.23853211009174313,0.44,0.4583333333333333,0.25688073394495414,0.29411764705882354,0.625,0.2691131498470948,0.23076923076923078,0.125,0.2324159021406728,0.28,0.2916666666666667,0.24464831804281345,0.19607843137254902,0.4166666666666667,0.25382262996941896,0.15384615384615385,0.08333333333333333,0.22935779816513763,0.08,0.08333333333333333,0.22935779816513763,0.09803921568627451,0.20833333333333334,0.23853211009174313,0.38461538461538464,0.20833333333333334,0.23853211009174313,0.44,0.4583333333333333,0.25688073394495414,0.29411764705882354,0.625,0.2691131498470948,margin
qwen3-8b,llama-8b,boolq,778,86,0.11053984575835475,475,0.28842105263157897,0.7496639333243716,0.47434130931576823,0.4719216292512434,0.7496639333243716,0.358974358974359,0.16279069767441862,0.3178947368421053,0.3333333333333333,0.3023255813953488,0.3431578947368421,0.2692307692307692,0.4883720930232558,0.37684210526315787,0.07692307692307693,0.03488372093023256,0.29473684210526313,0.07692307692307693,0.06976744186046512,0.30105263157894735,0.11538461538461539,0.20930232558139536,0.3263157894736842,0.10256410256410256,0.046511627906976744,0.2968421052631579,0.08974358974358974,0.08139534883720931,0.3031578947368421,0.09615384615384616,0.1744186046511628,0.32,0.358974358974359,0.16279069767441862,0.3178947368421053,0.3333333333333333,0.3023255813953488,0.3431578947368421,0.2692307692307692,0.4883720930232558,0.37684210526315787,margin
qwen3-8b,llama-8b,geometry_of_truth,989,12,0.012133468149646108,1000,0.018,0.927755032412146,0.9245138178096213,0.3176390310474241,0.927755032412146,0.12244897959183673,0.5,0.024,0.0707070707070707,0.5833333333333334,0.025,0.05555555555555555,0.9166666666666666,0.029,0.10204081632653061,0.4166666666666667,0.023,0.09090909090909091,0.75,0.027,0.05555555555555555,0.9166666666666666,0.029,0.0,0.0,0.018,0.010101010101010102,0.08333333333333333,0.019,0.005050505050505051,0.08333333333333333,0.019,0.12244897959183673,0.5,0.024,0.0707070707070707,0.5833333333333334,0.025,0.05555555555555555,0.9166666666666666,0.029,margin
qwen3-8b,llama-8b,imdb,957,88,0.09195402298850575,1018,0.08153241650294696,0.8295585312271158,0.487106391881996,0.5046683753530704,0.8295585312271158,0.3125,0.17045454545454544,0.0962671905697446,0.3645833333333333,0.3977272727272727,0.11591355599214145,0.3036649214659686,0.6590909090909091,0.13850687622789784,0.0625,0.03409090909090909,0.08447937131630648,0.0625,0.06818181818181818,0.08742632612966601,0.06806282722513089,0.14772727272727273,0.09430255402750491,0.125,0.06818181818181818,0.08742632612966601,0.10416666666666667,0.11363636363636363,0.09135559921414538,0.08900523560209424,0.19318181818181818,0.09823182711198428,0.3125,0.17045454545454544,0.0962671905697446,0.3645833333333333,0.3977272727272727,0.11591355599214145,0.3036649214659686,0.6590909090909091,0.13850687622789784,margin
qwen3-8b,llama-8b,rte,65,20,0.3076923076923077,62,0.3387096774193548,0.7133333333333333,0.5577777777777778,0.4755555555555556,0.7133333333333333,0.3333333333333333,0.05,0.3548387096774194,0.5,0.15,0.3870967741935484,0.5384615384615384,0.35,0.45161290322580644,0.3333333333333333,0.05,0.3548387096774194,0.3333333333333333,0.1,0.3709677419354839,0.38461538461538464,0.25,0.41935483870967744,0.3333333333333333,0.05,0.3548387096774194,0.3333333333333333,0.1,0.3709677419354839,0.3076923076923077,0.2,0.4032258064516129,0.3333333333333333,0.05,0.3548387096774194,0.5,0.15,0.3870967741935484,0.5384615384615384,0.35,0.45161290322580644,margin
qwen3-8b,llama-8b,truthfulqa,268,17,0.06343283582089553,327,0.1620795107033639,0.8357159596906492,0.6533864541832669,0.3834075462854465,0.8357159596906492,0.23076923076923078,0.17647058823529413,0.1712538226299694,0.25925925925925924,0.4117647058823529,0.1834862385321101,0.2037037037037037,0.6470588235294118,0.19571865443425077,0.15384615384615385,0.11764705882352941,0.16819571865443425,0.1111111111111111,0.17647058823529413,0.1712538226299694,0.07407407407407407,0.23529411764705882,0.1743119266055046,0.0,0.0,0.1620795107033639,0.0,0.0,0.1620795107033639,0.018518518518518517,0.058823529411764705,0.1651376146788991,0.23076923076923078,0.17647058823529413,0.1712538226299694,0.25925925925925924,0.4117647058823529,0.1834862385321101,0.2037037037037037,0.6470588235294118,0.19571865443425077,margin
qwen3-8b,qwen3-32b,boolq,854,146,0.17096018735362997,475,0.3094736842105263,0.7465269715966257,0.4976878724556923,0.5503347264143643,0.7465269715966257,0.37209302325581395,0.1095890410958904,0.3431578947368421,0.4235294117647059,0.2465753424657534,0.38526315789473686,0.36257309941520466,0.4246575342465753,0.44,0.13953488372093023,0.0410958904109589,0.32210526315789473,0.15294117647058825,0.08904109589041095,0.3368421052631579,0.13450292397660818,0.15753424657534246,0.35789473684210527,0.27906976744186046,0.0821917808219178,0.33473684210526317,0.21176470588235294,0.1232876712328767,0.3473684210526316,0.14619883040935672,0.17123287671232876,0.36210526315789476,0.37209302325581395,0.1095890410958904,0.3431578947368421,0.4235294117647059,0.2465753424657534,0.38526315789473686,0.36257309941520466,0.4246575342465753,0.44,margin
qwen3-8b,qwen3-32b,geometry_of_truth,981,13,0.013251783893985729,1000,0.022,0.9088525111252385,0.8601398601398602,0.40281309599491416,0.9088525111252385,0.10204081632653061,0.38461538461538464,0.027,0.08163265306122448,0.6153846153846154,0.03,0.061224489795918366,0.9230769230769231,0.034,0.061224489795918366,0.23076923076923078,0.025,0.061224489795918366,0.46153846153846156,0.028,0.04591836734693878,0.6923076923076923,0.031,0.0,0.0,0.022,0.01020408163265306,0.07692307692307693,0.023,0.01020408163265306,0.15384615384615385,0.024,0.10204081632653061,0.38461538461538464,0.027,0.08163265306122448,0.6153846153846154,0.03,0.061224489795918366,0.9230769230769231,0.034,margin
qwen3-8b,qwen3-32b,imdb,946,93,0.09830866807610994,1018,0.07662082514734773,0.8017748868635681,0.44151571304314946,0.48337934424989604,0.8017748868635681,0.3617021276595745,0.1827956989247312,0.09332023575638507,0.3368421052631579,0.34408602150537637,0.10805500982318271,0.2962962962962963,0.6021505376344086,0.13163064833005894,0.0425531914893617,0.021505376344086023,0.07858546168958742,0.05263157894736842,0.053763440860215055,0.08153241650294696,0.05291005291005291,0.10752688172043011,0.08644400785854617,0.0851063829787234,0.043010752688172046,0.08055009823182711,0.06315789473684211,0.06451612903225806,0.0825147347740668,0.07936507936507936,0.16129032258064516,0.09135559921414538,0.3617021276595745,0.1827956989247312,0.09332023575638507,0.3368421052631579,0.34408602150537637,0.10805500982318271,0.2962962962962963,0.6021505376344086,0.13163064833005894,margin
qwen3-8b,qwen3-32b,rte,78,33,0.4230769230769231,62,0.1774193548387097,0.7407407407407407,0.5104377104377105,0.635016835016835,0.7407407407407407,0.75,0.09090909090909091,0.22580645161290322,0.625,0.15151515151515152,0.25806451612903225,0.75,0.36363636363636365,0.3709677419354839,0.75,0.09090909090909091,0.22580645161290322,0.5,0.12121212121212122,0.24193548387096775,0.3125,0.15151515151515152,0.25806451612903225,0.75,0.09090909090909091,0.22580645161290322,0.5,0.12121212121212122,0.24193548387096775,0.625,0.30303030303030304,0.3387096774193548,0.75,0.09090909090909091,0.22580645161290322,0.625,0.15151515151515152,0.25806451612903225,0.75,0.36363636363636365,0.3709677419354839,margin
qwen3-8b,qwen3-32b,truthfulqa,267,28,0.10486891385767791,327,0.13761467889908258,0.8117154811715481,0.7763000597728632,0.3368200836820084,0.8117154811715481,0.3076923076923077,0.14285714285714285,0.14984709480122324,0.3333333333333333,0.32142857142857145,0.1651376146788991,0.2830188679245283,0.5357142857142857,0.1834862385321101,0.38461538461538464,0.17857142857142858,0.1529051987767584,0.37037037037037035,0.35714285714285715,0.16819571865443425,0.3018867924528302,0.5714285714285714,0.18654434250764526,0.0,0.0,0.13761467889908258,0.037037037037037035,0.03571428571428571,0.14067278287461774,0.018867924528301886,0.03571428571428571,0.14067278287461774,0.3076923076923077,0.14285714285714285,0.14984709480122324,0.3333333333333333,0.32142857142857145,0.1651376146788991,0.2830188679245283,0.5357142857142857,0.1834862385321101,margin
qwen3-8b,qwen3-8b-base,boolq,882,166,0.18820861678004536,475,0.3473684210526316,0.7699737497475937,0.4726139193646092,0.6223833883018105,0.7699737497475937,0.5454545454545454,0.14457831325301204,0.39789473684210525,0.42045454545454547,0.22289156626506024,0.42526315789473684,0.42613636363636365,0.45180722891566266,0.5052631578947369,0.11363636363636363,0.030120481927710843,0.35789473684210527,0.14772727272727273,0.0783132530120482,0.37473684210526315,0.1590909090909091,0.1686746987951807,0.4063157894736842,0.36363636363636365,0.0963855421686747,0.38105263157894737,0.3181818181818182,0.1686746987951807,0.4063157894736842,0.3068181818181818,0.3253012048192771,0.4610526315789474,0.5454545454545454,0.14457831325301204,0.39789473684210525,0.42045454545454547,0.22289156626506024,0.42526315789473684,0.42613636363636365,0.45180722891566266,0.5052631578947369,margin
qwen3-8b,qwen3-8b-base,geometry_of_truth,995,21,0.021105527638190954,1000,0.011,0.9277891854893908,0.8902415175515792,0.4890974870440989,0.9277891854893908,0.14,0.3333333333333333,0.018,0.16,0.7619047619047619,0.027,0.10050251256281408,0.9523809523809523,0.031,0.16,0.38095238095238093,0.019,0.12,0.5714285714285714,0.023,0.07537688442211055,0.7142857142857143,0.026,0.02,0.047619047619047616,0.012,0.01,0.047619047619047616,0.012,0.02512562814070352,0.23809523809523808,0.016,0.14,0.3333333333333333,0.018,0.16,0.7619047619047619,0.027,0.10050251256281408,0.9523809523809523,0.031,margin
qwen3-8b,qwen3-8b-base,imdb,927,96,0.10355987055016182,1018,0.09233791748526522,0.8046906337745688,0.4543346369835539,0.521322202166065,0.8046906337745688,0.34782608695652173,0.16666666666666666,0.10805500982318271,0.3763440860215054,0.3645833333333333,0.12671905697445973,0.3081081081081081,0.59375,0.14833005893909626,0.06521739130434782,0.03125,0.09528487229862476,0.0967741935483871,0.09375,0.10117878192534381,0.08648648648648649,0.16666666666666666,0.10805500982318271,0.08695652173913043,0.041666666666666664,0.0962671905697446,0.08602150537634409,0.08333333333333333,0.10019646365422397,0.10810810810810811,0.20833333333333334,0.11198428290766209,0.34782608695652173,0.16666666666666666,0.10805500982318271,0.3763440860215054,0.3645833333333333,0.12671905697445973,0.3081081081081081,0.59375,0.14833005893909626,margin
qwen3-8b,qwen3-8b-base,rte,78,34,0.4358974358974359,62,0.3064516129032258,0.7573529411764707,0.5508021390374331,0.7012032085561497,0.7573529411764707,0.75,0.08823529411764706,0.3548387096774194,0.625,0.14705882352941177,0.3870967741935484,0.75,0.35294117647058826,0.5,0.25,0.029411764705882353,0.3225806451612903,0.375,0.08823529411764706,0.3548387096774194,0.5,0.23529411764705882,0.43548387096774194,0.75,0.08823529411764706,0.3548387096774194,0.875,0.20588235294117646,0.41935483870967744,0.75,0.35294117647058826,0.5,0.75,0.08823529411764706,0.3548387096774194,0.625,0.14705882352941177,0.3870967741935484,0.75,0.35294117647058826,0.5,margin
qwen3-8b,qwen3-8b-base,truthfulqa,266,34,0.12781954887218044,327,0.09480122324159021,0.831262677484787,0.6610040567951319,0.5084939148073022,0.831262677484787,0.38461538461538464,0.14705882352941177,0.11009174311926606,0.4074074074074074,0.3235294117647059,0.12844036697247707,0.37735849056603776,0.5882352941176471,0.1559633027522936,0.3076923076923077,0.11764705882352941,0.10703363914373089,0.2962962962962963,0.23529411764705882,0.11926605504587157,0.2641509433962264,0.4117647058823529,0.13761467889908258,0.23076923076923078,0.08823529411764706,0.10397553516819572,0.14814814814814814,0.11764705882352941,0.10703363914373089,0.16981132075471697,0.2647058823529412,0.12232415902140673,0.38461538461538464,0.14705882352941177,0.11009174311926606,0.4074074074074074,0.3235294117647059,0.12844036697247707,0.37735849056603776,0.5882352941176471,0.1559633027522936,margin
qwen3-8b,qwen38-27b,boolq,792,92,0.11616161616161616,475,0.2336842105263158,0.7776242236024844,0.4628260869565217,0.46433229813664595,0.7776242236024844,0.35,0.15217391304347827,0.2631578947368421,0.31645569620253167,0.2717391304347826,0.2863157894736842,0.2974683544303797,0.5108695652173914,0.33263157894736844,0.025,0.010869565217391304,0.23578947368421052,0.05063291139240506,0.043478260869565216,0.24210526315789474,0.0949367088607595,0.16304347826086957,0.26526315789473687,0.025,0.010869565217391304,0.23578947368421052,0.06329113924050633,0.05434782608695652,0.24421052631578946,0.11392405063291139,0.1956521739130435,0.27157894736842103,0.35,0.15217391304347827,0.2631578947368421,0.31645569620253167,0.2717391304347826,0.2863157894736842,0.2974683544303797,0.5108695652173914,0.33263157894736844,margin
qwen3-8b,qwen38-27b,geometry_of_truth,989,13,0.01314459049544995,1000,0.02,0.9278058007566206,0.8937578814627996,0.3783890290037831,0.9278058007566206,0.14285714285714285,0.5384615384615384,0.027,0.10101010101010101,0.7692307692307693,0.03,0.06060606060606061,0.9230769230769231,0.032,0.10204081632653061,0.38461538461538464,0.025,0.08080808080808081,0.6153846153846154,0.028,0.050505050505050504,0.7692307692307693,0.03,0.0,0.0,0.02,0.0,0.0,0.02,0.0,0.0,0.02,0.14285714285714285,0.5384615384615384,0.027,0.10101010101010101,0.7692307692307693,0.03,0.06060606060606061,0.9230769230769231,0.032,margin
qwen3-8b,qwen38-27b,rte,69,24,0.34782608695652173,62,0.1935483870967742,0.8333333333333333,0.537962962962963,0.4907407407407407,0.8333333333333333,0.6666666666666666,0.08333333333333333,0.22580645161290322,0.7142857142857143,0.20833333333333334,0.27419354838709675,0.7142857142857143,0.4166666666666667,0.3548387096774194,0.3333333333333333,0.041666666666666664,0.20967741935483872,0.42857142857142855,0.125,0.24193548387096775,0.35714285714285715,0.20833333333333334,0.27419354838709675,0.3333333333333333,0.041666666666666664,0.20967741935483872,0.42857142857142855,0.125,0.24193548387096775,0.5,0.2916666666666667,0.3064516129032258,0.6666666666666666,0.08333333333333333,0.22580645161290322,0.7142857142857143,0.20833333333333334,0.27419354838709675,0.7142857142857143,0.4166666666666667,0.3548387096774194,margin
qwen3-8b,qwen38-27b,truthfulqa,264,25,0.0946969696969697,327,0.15902140672782875,0.8294560669456067,0.6753138075313807,0.2985774058577406,0.8294560669456067,0.38461538461538464,0.2,0.1743119266055046,0.34615384615384615,0.36,0.18654434250764526,0.2830188679245283,0.6,0.20489296636085627,0.07692307692307693,0.04,0.1620795107033639,0.15384615384615385,0.16,0.1712538226299694,0.16981132075471697,0.36,0.18654434250764526,0.0,0.0,0.15902140672782875,0.0,0.0,0.15902140672782875,0.03773584905660377,0.08,0.1651376146788991,0.38461538461538464,0.2,0.1743119266055046,0.34615384615384615,0.36,0.18654434250764526,0.2830188679245283,0.6,0.20489296636085627,margin
qwen3-8b-base,gemma4-12b,boolq,882,258,0.2925170068027211,475,0.32421052631578945,0.6694121447028424,0.4808810375670841,0.44348787517392163,0.6694121447028424,0.5227272727272727,0.08914728682170543,0.3726315789473684,0.4659090909090909,0.15891472868217055,0.4105263157894737,0.4318181818181818,0.29457364341085274,0.4842105263157895,0.18181818181818182,0.031007751937984496,0.3410526315789474,0.20454545454545456,0.06976744186046512,0.36210526315789476,0.2556818181818182,0.1744186046511628,0.4189473684210526,0.18181818181818182,0.031007751937984496,0.3410526315789474,0.17045454545454544,0.05813953488372093,0.35578947368421054,0.22727272727272727,0.15503875968992248,0.40842105263157896,0.5227272727272727,0.08914728682170543,0.3726315789473684,0.4659090909090909,0.15891472868217055,0.4105263157894737,0.4318181818181818,0.29457364341085274,0.4842105263157895,margin
qwen3-8b-base,gemma4-12b,geometry_of_truth,718,16,0.022284122562674095,1000,0.28,0.8171296296296297,0.9077635327635327,0.5084579772079771,0.9077635327635327,0.0,0.0,0.28,0.05555555555555555,0.25,0.284,0.0763888888888889,0.6875,0.291,0.19444444444444445,0.4375,0.287,0.1388888888888889,0.625,0.29,0.09722222222222222,0.875,0.294,0.05555555555555555,0.125,0.282,0.027777777777777776,0.125,0.282,0.027777777777777776,0.25,0.284,0.19444444444444445,0.4375,0.287,0.1388888888888889,0.625,0.29,0.09722222222222222,0.875,0.294,anomaly
qwen3-8b-base,gemma4-12b,imdb,673,91,0.1352154531946508,1018,0.33988212180746563,0.729504172803142,0.5091386276953287,0.5185982402477247,0.729504172803142,0.2647058823529412,0.0989010989010989,0.3487229862475442,0.2537313432835821,0.18681318681318682,0.3565815324165029,0.3111111111111111,0.46153846153846156,0.381139489194499,0.14705882352941177,0.054945054945054944,0.34479371316306484,0.13432835820895522,0.0989010989010989,0.3487229862475442,0.1037037037037037,0.15384615384615385,0.35363457760314343,0.17647058823529413,0.06593406593406594,0.34577603143418467,0.1791044776119403,0.13186813186813187,0.3516699410609037,0.1925925925925926,0.2857142857142857,0.3654223968565815,0.2647058823529412,0.0989010989010989,0.3487229862475442,0.2537313432835821,0.18681318681318682,0.3565815324165029,0.3111111111111111,0.46153846153846156,0.381139489194499,margin
qwen3-8b-base,gemma4-12b,rte,63,34,0.5396825396825397,62,0.4032258064516129,0.3874239350912779,0.48073022312373226,0.22819472616632858,0.48073022312373226,0.3333333333333333,0.029411764705882353,0.41935483870967744,0.3333333333333333,0.058823529411764705,0.43548387096774194,0.3076923076923077,0.11764705882352941,0.46774193548387094,0.6666666666666666,0.058823529411764705,0.43548387096774194,0.5,0.08823529411764706,0.45161290322580644,0.46153846153846156,0.17647058823529413,0.5,0.0,0.0,0.4032258064516129,0.0,0.0,0.4032258064516129,0.15384615384615385,0.058823529411764705,0.43548387096774194,0.6666666666666666,0.058823529411764705,0.43548387096774194,0.5,0.08823529411764706,0.45161290322580644,0.46153846153846156,0.17647058823529413,0.5,anomaly
qwen3-8b-base,gemma4-12b,truthfulqa,192,26,0.13541666666666666,327,0.38837920489296635,0.7701575532900835,0.7645968489341983,0.5192307692307693,0.7701575532900835,0.5,0.19230769230769232,0.4036697247706422,0.42105263157894735,0.3076923076923077,0.41284403669724773,0.3157894736842105,0.46153846153846156,0.42507645259938837,0.2,0.07692307692307693,0.3944954128440367,0.2631578947368421,0.19230769230769232,0.4036697247706422,0.2894736842105263,0.4230769230769231,0.42201834862385323,0.1,0.038461538461538464,0.39143730886850153,0.10526315789473684,0.07692307692307693,0.3944954128440367,0.10526315789473684,0.15384615384615385,0.40061162079510704,0.5,0.19230769230769232,0.4036697247706422,0.42105263157894735,0.3076923076923077,0.41284403669724773,0.3157894736842105,0.46153846153846156,0.42507645259938837,margin
qwen3-8b-base,gemma4-12b-base,boolq,1058,307,0.29017013232514177,475,0.25684210526315787,0.7331766114236393,0.48726345328920834,0.5991923906018902,0.7331766114236393,0.5660377358490566,0.09771986970684039,0.32,0.5377358490566038,0.18566775244299674,0.37684210526315787,0.5235849056603774,0.36156351791530944,0.4905263157894737,0.22641509433962265,0.03908794788273615,0.28210526315789475,0.22641509433962265,0.0781758957654723,0.30736842105263157,0.2688679245283019,0.18566775244299674,0.37684210526315787,0.5849056603773585,0.10097719869706841,0.32210526315789473,0.49056603773584906,0.16938110749185667,0.3663157894736842,0.3867924528301887,0.2671009771986971,0.42947368421052634,0.5660377358490566,0.09771986970684039,0.32,0.5377358490566038,0.18566775244299674,0.37684210526315787,0.5235849056603774,0.36156351791530944,0.4905263157894737,margin
qwen3-8b-base,gemma4-12b-base,geometry_of_truth,972,14,0.01440329218106996,1000,0.041,0.8571428571428571,0.9268565463763794,0.38577393379063524,0.9268565463763794,0.14285714285714285,0.5,0.048,0.09278350515463918,0.6428571428571429,0.05,0.05154639175257732,0.7142857142857143,0.051,0.16326530612244897,0.5714285714285714,0.049,0.10309278350515463,0.7142857142857143,0.051,0.06701030927835051,0.9285714285714286,0.054,0.0,0.0,0.041,0.0,0.0,0.041,0.005154639175257732,0.07142857142857142,0.042,0.16326530612244897,0.5714285714285714,0.049,0.10309278350515463,0.7142857142857143,0.051,0.06701030927835051,0.9285714285714286,0.054,anomaly
qwen3-8b-base,gemma4-12b-base,imdb,852,85,0.09976525821596244,1018,0.16994106090373282,0.7352711097476802,0.5195797223713475,0.4659099624204311,0.7352711097476802,0.20930232558139536,0.10588235294117647,0.1787819253438114,0.25882352941176473,0.25882352941176473,0.19155206286836934,0.24705882352941178,0.49411764705882355,0.2111984282907662,0.09302325581395349,0.047058823529411764,0.1738703339882122,0.058823529411764705,0.058823529411764705,0.17485265225933203,0.08235294117647059,0.16470588235294117,0.18369351669941061,0.06976744186046512,0.03529411764705882,0.17288801571709234,0.08235294117647059,0.08235294117647059,0.17681728880157171,0.08823529411764706,0.17647058823529413,0.18467583497053044,0.20930232558139536,0.10588235294117647,0.1787819253438114,0.25882352941176473,0.25882352941176473,0.19155206286836934,0.24705882352941178,0.49411764705882355,0.2111984282907662,margin
qwen3-8b-base,gemma4-12b-base,rte,86,46,0.5348837209302325,62,0.20967741935483872,0.5472826086956522,0.5320652173913043,0.4489130434782609,0.5472826086956522,0.5,0.043478260869565216,0.24193548387096775,0.6666666666666666,0.13043478260869565,0.3064516129032258,0.7058823529411765,0.2608695652173913,0.4032258064516129,0.5,0.043478260869565216,0.24193548387096775,0.4444444444444444,0.08695652173913043,0.27419354838709675,0.5882352941176471,0.21739130434782608,0.3709677419354839,0.0,0.0,0.20967741935483872,0.4444444444444444,0.08695652173913043,0.27419354838709675,0.4117647058823529,0.15217391304347827,0.3225806451612903,0.5,0.043478260869565216,0.24193548387096775,0.6666666666666666,0.13043478260869565,0.3064516129032258,0.7058823529411765,0.2608695652173913,0.4032258064516129,margin
qwen3-8b-base,gemma4-12b-base,truthfulqa,244,28,0.11475409836065574,327,0.14678899082568808,0.798776455026455,0.7433862433862434,0.5090939153439153,0.798776455026455,0.3333333333333333,0.14285714285714285,0.15902140672782875,0.3333333333333333,0.2857142857142857,0.1712538226299694,0.32653061224489793,0.5714285714285714,0.19571865443425077,0.3333333333333333,0.14285714285714285,0.15902140672782875,0.4166666666666667,0.35714285714285715,0.17737003058103976,0.30612244897959184,0.5357142857142857,0.1926605504587156,0.08333333333333333,0.03571428571428571,0.14984709480122324,0.08333333333333333,0.07142857142857142,0.1529051987767584,0.12244897959183673,0.21428571428571427,0.1651376146788991,0.3333333333333333,0.14285714285714285,0.15902140672782875,0.3333333333333333,0.2857142857142857,0.1712538226299694,0.32653061224489793,0.5714285714285714,0.19571865443425077,margin
qwen3-8b-base,gemma4-31b,boolq,787,111,0.14104193138500634,475,0.5157894736842106,0.7451090143397836,0.46003251772482545,0.4936697052081668,0.7451090143397836,0.46153846153846156,0.16216216216216217,0.5536842105263158,0.4177215189873418,0.2972972972972973,0.5852631578947368,0.3375796178343949,0.4774774774774775,0.6273684210526316,0.1282051282051282,0.04504504504504504,0.5263157894736842,0.11392405063291139,0.08108108108108109,0.5347368421052632,0.10828025477707007,0.15315315315315314,0.5515789473684211,0.02564102564102564,0.009009009009009009,0.5178947368421053,0.0759493670886076,0.05405405405405406,0.5284210526315789,0.08917197452229299,0.12612612612612611,0.5452631578947369,0.46153846153846156,0.16216216216216217,0.5536842105263158,0.4177215189873418,0.2972972972972973,0.5852631578947368,0.3375796178343949,0.4774774774774775,0.6273684210526316,margin
qwen3-8b-base,gemma4-31b,geometry_of_truth,933,17,0.01822079314040729,1000,0.063,0.9197277164140765,0.9048933984073979,0.314410480349345,0.9197277164140765,0.1702127659574468,0.47058823529411764,0.071,0.13978494623655913,0.7647058823529411,0.076,0.0748663101604278,0.8235294117647058,0.077,0.14893617021276595,0.4117647058823529,0.07,0.12903225806451613,0.7058823529411765,0.075,0.0748663101604278,0.8235294117647058,0.077,0.0,0.0,0.063,0.0,0.0,0.063,0.0,0.0,0.063,0.1702127659574468,0.47058823529411764,0.071,0.13978494623655913,0.7647058823529411,0.076,0.0748663101604278,0.8235294117647058,0.077,margin
qwen3-8b-base,gemma4-31b,rte,68,31,0.45588235294117646,62,0.3548387096774194,0.6181342632955535,0.5265911072362686,0.4577157802964254,0.6181342632955535,0.3333333333333333,0.03225806451612903,0.3709677419354839,0.42857142857142855,0.0967741935483871,0.4032258064516129,0.5714285714285714,0.25806451612903225,0.4838709677419355,0.6666666666666666,0.06451612903225806,0.3870967741935484,0.2857142857142857,0.06451612903225806,0.3870967741935484,0.5,0.22580645161290322,0.46774193548387094,0.3333333333333333,0.03225806451612903,0.3709677419354839,0.2857142857142857,0.06451612903225806,0.3870967741935484,0.35714285714285715,0.16129032258064516,0.43548387096774194,0.3333333333333333,0.03225806451612903,0.3709677419354839,0.42857142857142855,0.0967741935483871,0.4032258064516129,0.5714285714285714,0.25806451612903225,0.4838709677419355,margin
qwen3-8b-base,gemma4-31b,truthfulqa,239,24,0.100418410041841,327,0.2324159021406728,0.8573643410852714,0.698062015503876,0.6420542635658915,0.8573643410852714,0.3333333333333333,0.16666666666666666,0.24464831804281345,0.375,0.375,0.2599388379204893,0.3125,0.625,0.2782874617737003,0.3333333333333333,0.16666666666666666,0.24464831804281345,0.25,0.25,0.25076452599388377,0.20833333333333334,0.4166666666666667,0.26299694189602446,0.08333333333333333,0.041666666666666664,0.23547400611620795,0.25,0.25,0.25076452599388377,0.1875,0.375,0.2599388379204893,0.3333333333333333,0.16666666666666666,0.24464831804281345,0.375,0.375,0.2599388379204893,0.3125,0.625,0.2782874617737003,margin
qwen3-8b-base,llama-8b,boolq,825,116,0.1406060606060606,475,0.4673684210526316,0.7904649579300618,0.4581246048343952,0.5824254656874666,0.7904649579300618,0.43902439024390244,0.15517241379310345,0.5052631578947369,0.4634146341463415,0.3275862068965517,0.5473684210526316,0.3878787878787879,0.5517241379310345,0.6021052631578947,0.12195121951219512,0.04310344827586207,0.47789473684210526,0.10975609756097561,0.07758620689655173,0.4863157894736842,0.1393939393939394,0.19827586206896552,0.5157894736842106,0.21951219512195122,0.07758620689655173,0.4863157894736842,0.1951219512195122,0.13793103448275862,0.5010526315789474,0.2,0.28448275862068967,0.5368421052631579,0.43902439024390244,0.15517241379310345,0.5052631578947369,0.4634146341463415,0.3275862068965517,0.5473684210526316,0.3878787878787879,0.5517241379310345,0.6021052631578947,margin
qwen3-8b-base,llama-8b,geometry_of_truth,987,10,0.010131712259371834,1000,0.023,0.9239508700102355,0.9103377686796316,0.4047082906857728,0.9239508700102355,0.08163265306122448,0.4,0.027,0.08080808080808081,0.8,0.031,0.04568527918781726,0.9,0.032,0.061224489795918366,0.3,0.026,0.0707070707070707,0.7,0.03,0.04568527918781726,0.9,0.032,0.0,0.0,0.023,0.0,0.0,0.023,0.005076142131979695,0.1,0.024,0.08163265306122448,0.4,0.027,0.08080808080808081,0.8,0.031,0.04568527918781726,0.9,0.032,margin
qwen3-8b-base,llama-8b,imdb,939,78,0.08306709265175719,1018,0.1031434184675835,0.8292236219065487,0.4894428065159772,0.5123142440215611,0.8292236219065487,0.3404255319148936,0.20512820512820512,0.11886051080550099,0.35106382978723405,0.4230769230769231,0.13555992141453832,0.2393617021276596,0.5769230769230769,0.14734774066797643,0.06382978723404255,0.038461538461538464,0.10609037328094302,0.06382978723404255,0.07692307692307693,0.10903732809430255,0.0851063829787234,0.20512820512820512,0.11886051080550099,0.1276595744680851,0.07692307692307693,0.10903732809430255,0.0851063829787234,0.10256410256410256,0.11100196463654224,0.09574468085106383,0.23076923076923078,0.12082514734774066,0.3404255319148936,0.20512820512820512,0.11886051080550099,0.35106382978723405,0.4230769230769231,0.13555992141453832,0.2393617021276596,0.5769230769230769,0.14734774066797643,margin
qwen3-8b-base,llama-8b,rte,68,24,0.35294117647058826,62,0.45161290322580644,0.7130681818181818,0.5596590909090908,0.571969696969697,0.7130681818181818,0.6666666666666666,0.08333333333333333,0.4838709677419355,0.7142857142857143,0.20833333333333334,0.532258064516129,0.6428571428571429,0.375,0.5967741935483871,0.3333333333333333,0.041666666666666664,0.46774193548387094,0.42857142857142855,0.125,0.5,0.5,0.2916666666666667,0.5645161290322581,0.6666666666666666,0.08333333333333333,0.4838709677419355,0.5714285714285714,0.16666666666666666,0.5161290322580645,0.5,0.2916666666666667,0.5645161290322581,0.6666666666666666,0.08333333333333333,0.4838709677419355,0.7142857142857143,0.20833333333333334,0.532258064516129,0.6428571428571429,0.375,0.5967741935483871,margin
qwen3-8b-base,llama-8b,truthfulqa,245,17,0.06938775510204082,327,0.1712538226299694,0.845717234262126,0.7518059855521156,0.413312693498452,0.845717234262126,0.3333333333333333,0.23529411764705882,0.1834862385321101,0.20833333333333334,0.29411764705882354,0.18654434250764526,0.22448979591836735,0.6470588235294118,0.20489296636085627,0.25,0.17647058823529413,0.18042813455657492,0.20833333333333334,0.29411764705882354,0.18654434250764526,0.16326530612244897,0.47058823529411764,0.19571865443425077,0.08333333333333333,0.058823529411764705,0.1743119266055046,0.08333333333333333,0.11764705882352941,0.17737003058103976,0.04081632653061224,0.11764705882352941,0.17737003058103976,0.3333333333333333,0.23529411764705882,0.1834862385321101,0.20833333333333334,0.29411764705882354,0.18654434250764526,0.22448979591836735,0.6470588235294118,0.20489296636085627,margin
qwen3-8b-base,qwen3-32b,boolq,966,234,0.2422360248447205,475,0.24421052631578946,0.7506713838681052,0.48159240577273366,0.5176311241885012,0.7506713838681052,0.6458333333333334,0.13247863247863248,0.3094736842105263,0.5463917525773195,0.2264957264957265,0.35578947368421054,0.46632124352331605,0.38461538461538464,0.4336842105263158,0.25,0.05128205128205128,0.2694736842105263,0.23711340206185566,0.09829059829059829,0.2926315789473684,0.21243523316062177,0.1752136752136752,0.33052631578947367,0.1875,0.038461538461538464,0.2631578947368421,0.1958762886597938,0.0811965811965812,0.28421052631578947,0.22797927461139897,0.18803418803418803,0.3368421052631579,0.6458333333333334,0.13247863247863248,0.3094736842105263,0.5463917525773195,0.2264957264957265,0.35578947368421054,0.46632124352331605,0.38461538461538464,0.4336842105263158,margin
qwen3-8b-base,qwen3-32b,geometry_of_truth,981,13,0.013251783893985729,1000,0.023,0.9132231404958678,0.8719008264462811,0.29545454545454547,0.9132231404958678,0.12244897959183673,0.46153846153846156,0.029,0.09183673469387756,0.6923076923076923,0.032,0.05612244897959184,0.8461538461538461,0.034,0.04081632653061224,0.15384615384615385,0.025,0.07142857142857142,0.5384615384615384,0.03,0.05102040816326531,0.7692307692307693,0.033,0.0,0.0,0.023,0.01020408163265306,0.07692307692307693,0.024,0.01020408163265306,0.15384615384615385,0.025,0.12244897959183673,0.46153846153846156,0.029,0.09183673469387756,0.6923076923076923,0.032,0.05612244897959184,0.8461538461538461,0.034,margin
qwen3-8b-base,qwen3-32b,imdb,926,83,0.08963282937365011,1018,0.09823182711198428,0.8020123197415999,0.45688805042232994,0.5119695865311781,0.8020123197415999,0.2826086956521739,0.1566265060240964,0.11100196463654224,0.3225806451612903,0.3614457831325301,0.12770137524557956,0.2648648648648649,0.5903614457831325,0.14636542239685657,0.021739130434782608,0.012048192771084338,0.09921414538310412,0.053763440860215055,0.060240963855421686,0.1031434184675835,0.05945945945945946,0.13253012048192772,0.10903732809430255,0.043478260869565216,0.024096385542168676,0.10019646365422397,0.07526881720430108,0.08433734939759036,0.10510805500982318,0.0918918918918919,0.20481927710843373,0.11493123772102161,0.2826086956521739,0.1566265060240964,0.11100196463654224,0.3225806451612903,0.3614457831325301,0.12770137524557956,0.2648648648648649,0.5903614457831325,0.14636542239685657,margin
qwen3-8b-base,qwen3-32b,rte,83,39,0.46987951807228917,62,0.22580645161290322,0.7010489510489509,0.5192307692307692,0.6083916083916083,0.7010489510489509,0.75,0.07692307692307693,0.27419354838709675,0.75,0.15384615384615385,0.3225806451612903,0.5882352941176471,0.2564102564102564,0.3870967741935484,1.0,0.10256410256410256,0.2903225806451613,0.75,0.15384615384615385,0.3225806451612903,0.4117647058823529,0.1794871794871795,0.3387096774193548,0.5,0.05128205128205128,0.25806451612903225,0.625,0.1282051282051282,0.3064516129032258,0.7058823529411765,0.3076923076923077,0.41935483870967744,0.75,0.07692307692307693,0.27419354838709675,0.75,0.15384615384615385,0.3225806451612903,0.5882352941176471,0.2564102564102564,0.3870967741935484,margin
qwen3-8b-base,qwen3-32b,truthfulqa,256,29,0.11328125,327,0.14067278287461774,0.8151298799939237,0.7987239860246089,0.43399665805863585,0.8151298799939237,0.38461538461538464,0.1724137931034483,0.1559633027522936,0.38461538461538464,0.3448275862068966,0.1712538226299694,0.29411764705882354,0.5172413793103449,0.18654434250764526,0.46153846153846156,0.20689655172413793,0.15902140672782875,0.38461538461538464,0.3448275862068966,0.1712538226299694,0.3137254901960784,0.5517241379310345,0.18960244648318042,0.07692307692307693,0.034482758620689655,0.1437308868501529,0.038461538461538464,0.034482758620689655,0.1437308868501529,0.0784313725490196,0.13793103448275862,0.1529051987767584,0.38461538461538464,0.1724137931034483,0.1559633027522936,0.38461538461538464,0.3448275862068966,0.1712538226299694,0.29411764705882354,0.5172413793103449,0.18654434250764526,margin
qwen3-8b-base,qwen3-8b,boolq,882,166,0.18820861678004536,475,0.3473684210526316,0.7699737497475937,0.4726139193646092,0.6223833883018105,0.7699737497475937,0.5454545454545454,0.14457831325301204,0.39789473684210525,0.42045454545454547,0.22289156626506024,0.42526315789473684,0.42613636363636365,0.45180722891566266,0.5052631578947369,0.11363636363636363,0.030120481927710843,0.35789473684210527,0.14772727272727273,0.0783132530120482,0.37473684210526315,0.1590909090909091,0.1686746987951807,0.4063157894736842,0.36363636363636365,0.0963855421686747,0.38105263157894737,0.3181818181818182,0.1686746987951807,0.4063157894736842,0.3068181818181818,0.3253012048192771,0.4610526315789474,0.5454545454545454,0.14457831325301204,0.39789473684210525,0.42045454545454547,0.22289156626506024,0.42526315789473684,0.42613636363636365,0.45180722891566266,0.5052631578947369,margin
qwen3-8b-base,qwen3-8b,geometry_of_truth,995,21,0.021105527638190954,1000,0.011,0.9277891854893908,0.8902415175515792,0.4890974870440989,0.9277891854893908,0.14,0.3333333333333333,0.018,0.16,0.7619047619047619,0.027,0.10050251256281408,0.9523809523809523,0.031,0.16,0.38095238095238093,0.019,0.12,0.5714285714285714,0.023,0.07537688442211055,0.7142857142857143,0.026,0.02,0.047619047619047616,0.012,0.01,0.047619047619047616,0.012,0.02512562814070352,0.23809523809523808,0.016,0.14,0.3333333333333333,0.018,0.16,0.7619047619047619,0.027,0.10050251256281408,0.9523809523809523,0.031,margin
qwen3-8b-base,qwen3-8b,imdb,927,96,0.10355987055016182,1018,0.09233791748526522,0.8046906337745688,0.4543346369835539,0.521322202166065,0.8046906337745688,0.34782608695652173,0.16666666666666666,0.10805500982318271,0.3763440860215054,0.3645833333333333,0.12671905697445973,0.3081081081081081,0.59375,0.14833005893909626,0.06521739130434782,0.03125,0.09528487229862476,0.0967741935483871,0.09375,0.10117878192534381,0.08648648648648649,0.16666666666666666,0.10805500982318271,0.08695652173913043,0.041666666666666664,0.0962671905697446,0.08602150537634409,0.08333333333333333,0.10019646365422397,0.10810810810810811,0.20833333333333334,0.11198428290766209,0.34782608695652173,0.16666666666666666,0.10805500982318271,0.3763440860215054,0.3645833333333333,0.12671905697445973,0.3081081081081081,0.59375,0.14833005893909626,margin
qwen3-8b-base,qwen3-8b,rte,78,34,0.4358974358974359,62,0.3064516129032258,0.7573529411764707,0.5508021390374331,0.7012032085561497,0.7573529411764707,0.75,0.08823529411764706,0.3548387096774194,0.625,0.14705882352941177,0.3870967741935484,0.75,0.35294117647058826,0.5,0.25,0.029411764705882353,0.3225806451612903,0.375,0.08823529411764706,0.3548387096774194,0.5,0.23529411764705882,0.43548387096774194,0.75,0.08823529411764706,0.3548387096774194,0.875,0.20588235294117646,0.41935483870967744,0.75,0.35294117647058826,0.5,0.75,0.08823529411764706,0.3548387096774194,0.625,0.14705882352941177,0.3870967741935484,0.75,0.35294117647058826,0.5,margin
qwen3-8b-base,qwen3-8b,truthfulqa,266,34,0.12781954887218044,327,0.09480122324159021,0.831262677484787,0.6610040567951319,0.5084939148073022,0.831262677484787,0.38461538461538464,0.14705882352941177,0.11009174311926606,0.4074074074074074,0.3235294117647059,0.12844036697247707,0.37735849056603776,0.5882352941176471,0.1559633027522936,0.3076923076923077,0.11764705882352941,0.10703363914373089,0.2962962962962963,0.23529411764705882,0.11926605504587157,0.2641509433962264,0.4117647058823529,0.13761467889908258,0.23076923076923078,0.08823529411764706,0.10397553516819572,0.14814814814814814,0.11764705882352941,0.10703363914373089,0.16981132075471697,0.2647058823529412,0.12232415902140673,0.38461538461538464,0.14705882352941177,0.11009174311926606,0.4074074074074074,0.3235294117647059,0.12844036697247707,0.37735849056603776,0.5882352941176471,0.1559633027522936,margin
qwen3-8b-base,qwen38-27b,boolq,823,109,0.1324422843256379,475,0.4673684210526316,0.7964561971577622,0.4641250995811169,0.5918973093824687,0.7964561971577622,0.3902439024390244,0.14678899082568808,0.5010526315789474,0.4024390243902439,0.30275229357798167,0.5368421052631579,0.3333333333333333,0.5045871559633027,0.5831578947368421,0.07317073170731707,0.027522935779816515,0.47368421052631576,0.08536585365853659,0.06422018348623854,0.48210526315789476,0.10303030303030303,0.1559633027522936,0.5031578947368421,0.24390243902439024,0.09174311926605505,0.4884210526315789,0.23170731707317074,0.1743119266055046,0.5073684210526316,0.17575757575757575,0.26605504587155965,0.5284210526315789,0.3902439024390244,0.14678899082568808,0.5010526315789474,0.4024390243902439,0.30275229357798167,0.5368421052631579,0.3333333333333333,0.5045871559633027,0.5831578947368421,margin
qwen3-8b-base,qwen38-27b,geometry_of_truth,992,15,0.015120967741935484,1000,0.017,0.9403616513135449,0.8901398839986353,0.451927669737291,0.9403616513135449,0.18,0.6,0.026,0.12121212121212122,0.8,0.029,0.0707070707070707,0.9333333333333333,0.031,0.08,0.26666666666666666,0.021,0.08080808080808081,0.5333333333333333,0.025,0.06060606060606061,0.8,0.029,0.0,0.0,0.017,0.0,0.0,0.017,0.005050505050505051,0.06666666666666667,0.018,0.18,0.6,0.026,0.12121212121212122,0.8,0.029,0.0707070707070707,0.9333333333333333,0.031,margin
qwen3-8b-base,qwen38-27b,rte,67,23,0.34328358208955223,62,0.46774193548387094,0.8527667984189723,0.5790513833992095,0.7816205533596838,0.8527667984189723,0.6666666666666666,0.08695652173913043,0.5,0.7142857142857143,0.21739130434782608,0.5483870967741935,0.7692307692307693,0.43478260869565216,0.6290322580645161,0.3333333333333333,0.043478260869565216,0.4838709677419355,0.5714285714285714,0.17391304347826086,0.532258064516129,0.38461538461538464,0.21739130434782608,0.5483870967741935,1.0,0.13043478260869565,0.5161290322580645,0.8571428571428571,0.2608695652173913,0.5645161290322581,0.7692307692307693,0.43478260869565216,0.6290322580645161,0.6666666666666666,0.08695652173913043,0.5,0.7142857142857143,0.21739130434782608,0.5483870967741935,0.7692307692307693,0.43478260869565216,0.6290322580645161,margin
qwen3-8b-base,qwen38-27b,truthfulqa,258,28,0.10852713178294573,327,0.14984709480122324,0.8298136645962733,0.7375776397515528,0.4524844720496895,0.8298136645962733,0.46153846153846156,0.21428571428571427,0.16819571865443425,0.38461538461538464,0.35714285714285715,0.18042813455657492,0.28846153846153844,0.5357142857142857,0.19571865443425077,0.3076923076923077,0.14285714285714285,0.1620795107033639,0.3076923076923077,0.2857142857142857,0.1743119266055046,0.2692307692307692,0.5,0.1926605504587156,0.15384615384615385,0.07142857142857142,0.1559633027522936,0.11538461538461539,0.10714285714285714,0.15902140672782875,0.11538461538461539,0.21428571428571427,0.16819571865443425,0.46153846153846156,0.21428571428571427,0.16819571865443425,0.38461538461538464,0.35714285714285715,0.18042813455657492,0.28846153846153844,0.5357142857142857,0.19571865443425077,margin
qwen38-27b,gemma4-31b,boolq,732,62,0.08469945355191257,475,0.2968421052631579,0.7440779971112181,0.47474723158401544,0.4761434761675493,0.7440779971112181,0.21621621621621623,0.12903225806451613,0.3136842105263158,0.1643835616438356,0.1935483870967742,0.32210526315789473,0.19863013698630136,0.46774193548387094,0.35789473684210527,0.0,0.0,0.2968421052631579,0.0684931506849315,0.08064516129032258,0.30736842105263157,0.0958904109589041,0.22580645161290322,0.3263157894736842,0.05405405405405406,0.03225806451612903,0.30105263157894735,0.0821917808219178,0.0967741935483871,0.3094736842105263,0.08904109589041095,0.20967741935483872,0.32421052631578945,0.21621621621621623,0.12903225806451613,0.3136842105263158,0.1643835616438356,0.1935483870967742,0.32210526315789473,0.19863013698630136,0.46774193548387094,0.35789473684210527,margin
qwen38-27b,gemma4-31b,geometry_of_truth,932,10,0.01072961373390558,1000,0.07,0.9486984815618221,0.9212581344902386,0.4565075921908893,0.9486984815618221,0.10638297872340426,0.5,0.075,0.0967741935483871,0.9,0.079,0.053763440860215055,1.0,0.08,0.14893617021276595,0.7,0.077,0.0967741935483871,0.9,0.079,0.04838709677419355,0.9,0.079,0.0,0.0,0.07,0.0,0.0,0.07,0.0,0.0,0.07,0.10638297872340426,0.5,0.075,0.0967741935483871,0.9,0.079,0.053763440860215055,1.0,0.08,margin
qwen38-27b,gemma4-31b,rte,52,16,0.3076923076923077,62,0.4032258064516129,0.7170138888888888,0.5954861111111112,0.5260416666666667,0.7170138888888888,0.3333333333333333,0.0625,0.41935483870967744,0.6,0.1875,0.45161290322580644,0.4,0.25,0.46774193548387094,0.3333333333333333,0.0625,0.41935483870967744,0.4,0.125,0.43548387096774194,0.3,0.1875,0.45161290322580644,1.0,0.1875,0.45161290322580644,1.0,0.3125,0.4838709677419355,0.6,0.375,0.5,0.3333333333333333,0.0625,0.41935483870967744,0.6,0.1875,0.45161290322580644,0.4,0.25,0.46774193548387094,margin
qwen38-27b,gemma4-31b,truthfulqa,253,24,0.09486166007905138,327,0.2415902140672783,0.8531659388646289,0.7545487627365357,0.40338427947598254,0.8531659388646289,0.38461538461538464,0.20833333333333334,0.25688073394495414,0.44,0.4583333333333333,0.27522935779816515,0.29411764705882354,0.625,0.2874617737003058,0.23076923076923078,0.125,0.25076452599388377,0.24,0.25,0.2599388379204893,0.27450980392156865,0.5833333333333334,0.28440366972477066,0.07692307692307693,0.041666666666666664,0.24464831804281345,0.08,0.08333333333333333,0.24770642201834864,0.0392156862745098,0.08333333333333333,0.24770642201834864,0.38461538461538464,0.20833333333333334,0.25688073394495414,0.44,0.4583333333333333,0.27522935779816515,0.29411764705882354,0.625,0.2874617737003058,margin
qwen38-27b,qwen3-32b,boolq,811,102,0.12577065351418001,475,0.37473684210526315,0.7602394977737217,0.46937138748306095,0.5128736967283387,0.7602394977737217,0.3170731707317073,0.12745098039215685,0.40210526315789474,0.32098765432098764,0.2549019607843137,0.42947368421052634,0.29012345679012347,0.46078431372549017,0.47368421052631576,0.07317073170731707,0.029411764705882353,0.38105263157894737,0.07407407407407407,0.058823529411764705,0.3873684210526316,0.10493827160493827,0.16666666666666666,0.4105263157894737,0.07317073170731707,0.029411764705882353,0.38105263157894737,0.12345679012345678,0.09803921568627451,0.3957894736842105,0.1419753086419753,0.22549019607843138,0.4231578947368421,0.3170731707317073,0.12745098039215685,0.40210526315789474,0.32098765432098764,0.2549019607843137,0.42947368421052634,0.29012345679012347,0.46078431372549017,0.47368421052631576,margin
qwen38-27b,qwen3-32b,geometry_of_truth,990,13,0.013131313131313131,1000,0.016,0.9332336036532556,0.8870167703330446,0.3224942917880482,0.9332336036532556,0.14,0.5384615384615384,0.023,0.10101010101010101,0.7692307692307693,0.026,0.06060606060606061,0.9230769230769231,0.028,0.06,0.23076923076923078,0.019,0.0707070707070707,0.5384615384615384,0.023,0.05555555555555555,0.8461538461538461,0.027,0.0,0.0,0.016,0.0,0.0,0.016,0.0,0.0,0.016,0.14,0.5384615384615384,0.023,0.10101010101010101,0.7692307692307693,0.026,0.06060606060606061,0.9230769230769231,0.028,margin
qwen38-27b,qwen3-32b,rte,68,23,0.3382352941176471,62,0.3064516129032258,0.8396135265700483,0.4966183574879227,0.7913043478260869,0.8396135265700483,0.6666666666666666,0.08695652173913043,0.3387096774193548,0.5714285714285714,0.17391304347826086,0.3709677419354839,0.7142857142857143,0.43478260869565216,0.46774193548387094,0.6666666666666666,0.08695652173913043,0.3387096774193548,0.42857142857142855,0.13043478260869565,0.3548387096774194,0.35714285714285715,0.21739130434782608,0.3870967741935484,0.6666666666666666,0.08695652173913043,0.3387096774193548,0.7142857142857143,0.21739130434782608,0.3870967741935484,0.7857142857142857,0.4782608695652174,0.4838709677419355,0.6666666666666666,0.08695652173913043,0.3387096774193548,0.5714285714285714,0.17391304347826086,0.3709677419354839,0.7142857142857143,0.43478260869565216,0.46774193548387094,margin
qwen38-27b,qwen3-32b,truthfulqa,268,28,0.1044776119402985,327,0.1559633027522936,0.8300595238095239,0.7485119047619048,0.38199404761904765,0.8300595238095239,0.38461538461538464,0.17857142857142858,0.1712538226299694,0.4074074074074074,0.39285714285714285,0.18960244648318042,0.3333333333333333,0.6428571428571429,0.21100917431192662,0.3076923076923077,0.14285714285714285,0.16819571865443425,0.3333333333333333,0.32142857142857145,0.1834862385321101,0.24074074074074073,0.4642857142857143,0.19571865443425077,0.0,0.0,0.1559633027522936,0.037037037037037035,0.03571428571428571,0.15902140672782875,0.037037037037037035,0.07142857142857142,0.1620795107033639,0.38461538461538464,0.17857142857142858,0.1712538226299694,0.4074074074074074,0.39285714285714285,0.18960244648318042,0.3333333333333333,0.6428571428571429,0.21100917431192662,margin
