overseer,target,held_out,both_true_test_n,row2_test_n,base_rate,n_false,router_coverage,auroc_margin,auroc_anomaly,auroc_spread,auroc_best,prec_10_margin,recall_10_margin,prec_10_anomaly,recall_10_anomaly,prec_10_best,recall_10_best,supervised_reference
gemma2-9b,gemma4-12b,boolq,347,28,0.08069164265129683,475,0.6042105263157894,0.713166144200627,0.4120017913121361,0.44301388266905506,0.713166144200627,0.2571428571428571,0.32142857142857145,0.08571428571428572,0.10714285714285714,0.2571428571428571,0.32142857142857145,margin
gemma2-9b,gemma4-12b,geometry_of_truth,505,3,0.005940594059405941,1000,0.478,nan,nan,nan,nan,nan,nan,nan,nan,nan,nan,nan
gemma2-9b,gemma4-12b,imdb,517,29,0.05609284332688588,1018,0.5265225933202358,0.6692340305257207,0.532504239683437,0.3417184850197852,0.6692340305257207,0.17307692307692307,0.3103448275862069,0.019230769230769232,0.034482758620689655,0.17307692307692307,0.3103448275862069,margin
gemma2-9b,gemma4-12b,rte,32,11,0.34375,62,0.5,0.7316017316017316,0.5757575757575757,0.3203463203463204,0.7316017316017316,0.3333333333333333,0.09090909090909091,0.6666666666666666,0.18181818181818182,0.3333333333333333,0.09090909090909091,margin
gemma2-9b,gemma4-12b,truthfulqa,187,56,0.2994652406417112,327,0.4525993883792049,0.520856052344602,0.5993729552889858,0.40703380588876775,0.5993729552889858,0.2631578947368421,0.08928571428571429,0.47368421052631576,0.16071428571428573,0.47368421052631576,0.16071428571428573,anomaly
gemma2-9b,gemma4-12b-base,boolq,533,45,0.08442776735459662,475,0.24,0.7187158469945355,0.43342440801457194,0.4811020036429873,0.7187158469945355,0.24528301886792453,0.28888888888888886,0.03773584905660377,0.044444444444444446,0.24528301886792453,0.28888888888888886,margin
gemma2-9b,gemma4-12b-base,geometry_of_truth,890,11,0.012359550561797753,1000,0.081,0.563036508429,0.8936808356603577,0.44730582273244385,0.8936808356603577,0.02247191011235955,0.18181818181818182,0.056179775280898875,0.45454545454545453,0.056179775280898875,0.45454545454545453,anomaly
gemma2-9b,gemma4-12b-base,imdb,515,23,0.04466019417475728,1018,0.26227897838899805,0.5821845174973489,0.5302226935312832,0.36302580417108526,0.5821845174973489,0.07692307692307693,0.17391304347826086,0.0,0.0,0.07692307692307693,0.17391304347826086,margin
gemma2-9b,gemma4-12b-base,rte,53,14,0.2641509433962264,62,0.3225806451612903,0.8095238095238095,0.554945054945055,0.43956043956043955,0.8095238095238095,0.8,0.2857142857142857,0.2,0.07142857142857142,0.8,0.2857142857142857,margin
gemma2-9b,gemma4-12b-base,truthfulqa,172,34,0.19767441860465115,327,0.3669724770642202,0.6329923273657289,0.5937766410912191,0.43712702472293263,0.6329923273657289,0.29411764705882354,0.14705882352941177,0.29411764705882354,0.14705882352941177,0.29411764705882354,0.14705882352941177,margin
gemma2-9b,gemma4-31b,boolq,463,37,0.07991360691144708,475,0.28421052631578947,0.6516939474685953,0.4640908514147951,0.4758913843420886,0.6516939474685953,0.13043478260869565,0.16216216216216217,0.043478260869565216,0.05405405405405406,0.13043478260869565,0.16216216216216217,margin
gemma2-9b,gemma4-31b,geometry_of_truth,684,7,0.01023391812865497,1000,0.321,0.8750791306182738,0.8284448195821903,0.7119645494830134,0.8750791306182738,0.04411764705882353,0.42857142857142855,0.07352941176470588,0.7142857142857143,0.04411764705882353,0.42857142857142855,margin
gemma2-9b,gemma4-31b,rte,37,11,0.2972972972972973,62,0.3387096774193548,0.7062937062937062,0.34965034965034963,0.30419580419580416,0.7062937062937062,0.5,0.18181818181818182,0.25,0.09090909090909091,0.5,0.18181818181818182,margin
gemma2-9b,gemma4-31b,truthfulqa,173,37,0.2138728323699422,327,0.38837920489296635,0.6609697933227345,0.6176470588235294,0.3871224165341813,0.6609697933227345,0.35294117647058826,0.16216216216216217,0.4117647058823529,0.1891891891891892,0.35294117647058826,0.16216216216216217,margin
gemma2-9b,llama31-405b,boolq,536,36,0.06716417910447761,475,0.1368421052631579,0.6273333333333332,0.40355555555555556,0.49911111111111117,0.6273333333333332,0.14814814814814814,0.2222222222222222,0.018518518518518517,0.027777777777777776,0.14814814814814814,0.2222222222222222,margin
gemma2-9b,llama31-405b,geometry_of_truth,1015,24,0.023645320197044337,1000,0.009,0.8797931382441978,0.8849646821392534,0.6046501849983181,0.8849646821392534,0.18627450980392157,0.7916666666666666,0.13725490196078433,0.5833333333333334,0.13725490196078433,0.5833333333333334,anomaly
gemma2-9b,llama31-405b,imdb,950,64,0.06736842105263158,1018,0.0550098231827112,0.8223934819413092,0.4178364841986456,0.5823575056433409,0.8223934819413092,0.28421052631578947,0.421875,0.010526315789473684,0.015625,0.28421052631578947,0.421875,margin
gemma2-9b,llama31-405b,rte,56,14,0.25,62,0.24193548387096775,0.9166666666666666,0.532312925170068,0.3214285714285714,0.9166666666666666,0.8333333333333334,0.35714285714285715,0.3333333333333333,0.14285714285714285,0.8333333333333334,0.35714285714285715,margin
gemma2-9b,llama31-405b,truthfulqa,269,39,0.1449814126394052,327,0.29357798165137616,0.6977703455964326,0.6129319955406911,0.5441471571906354,0.6977703455964326,0.2222222222222222,0.15384615384615385,0.18518518518518517,0.1282051282051282,0.2222222222222222,0.15384615384615385,margin
gemma2-9b,llama31-70b,boolq,521,38,0.07293666026871401,475,0.1431578947368421,0.6487414187643021,0.41821946169772256,0.4551596382259998,0.6487414187643021,0.15384615384615385,0.21052631578947367,0.038461538461538464,0.05263157894736842,0.15384615384615385,0.21052631578947367,margin
gemma2-9b,llama31-70b,geometry_of_truth,1019,29,0.02845927379784102,1000,0.033,0.7366074538488332,0.8889237199582027,0.6394984326018809,0.8889237199582027,0.11764705882352941,0.41379310344827586,0.1568627450980392,0.5517241379310345,0.1568627450980392,0.5517241379310345,anomaly
gemma2-9b,llama31-70b,imdb,933,53,0.05680600214362272,1018,0.03929273084479371,0.8337478559176673,0.46134219554030875,0.6572255574614065,0.8337478559176673,0.2903225806451613,0.5094339622641509,0.010752688172043012,0.018867924528301886,0.2903225806451613,0.5094339622641509,margin
gemma2-9b,llama31-70b,rte,57,14,0.24561403508771928,62,0.12903225806451613,0.8920265780730896,0.5348837209302326,0.27906976744186046,0.8920265780730896,0.8333333333333334,0.35714285714285715,0.3333333333333333,0.14285714285714285,0.8333333333333334,0.35714285714285715,margin
gemma2-9b,llama31-70b,truthfulqa,278,56,0.2014388489208633,327,0.21406727828746178,0.6740669240669241,0.5776222651222651,0.5230051480051481,0.6740669240669241,0.2857142857142857,0.14285714285714285,0.32142857142857145,0.16071428571428573,0.2857142857142857,0.14285714285714285,margin
gemma2-9b,llama31-70b-base,boolq,420,32,0.0761904761904762,475,0.2505263157894737,0.635228737113402,0.4891269329896908,0.42775451030927836,0.635228737113402,0.11904761904761904,0.15625,0.09523809523809523,0.125,0.11904761904761904,0.15625,margin
gemma2-9b,llama31-70b-base,geometry_of_truth,927,26,0.028047464940668825,1000,0.163,0.7467770852898489,0.8879450183556732,0.5321864594894562,0.8879450183556732,0.07526881720430108,0.2692307692307692,0.13978494623655913,0.5,0.13978494623655913,0.5,anomaly
gemma2-9b,llama31-70b-base,imdb,532,33,0.06203007518796992,1018,0.20039292730844793,0.6553713487581223,0.47962591850367403,0.3936357563612073,0.6553713487581223,0.11320754716981132,0.18181818181818182,0.018867924528301886,0.030303030303030304,0.11320754716981132,0.18181818181818182,margin
gemma2-9b,llama31-70b-base,rte,48,14,0.2916666666666667,62,0.3064516129032258,0.9033613445378151,0.5546218487394958,0.6428571428571429,0.9033613445378151,0.8,0.2857142857142857,0.2,0.07142857142857142,0.8,0.2857142857142857,margin
gemma2-9b,llama31-70b-base,truthfulqa,230,48,0.20869565217391303,327,0.3119266055045872,0.6569368131868132,0.6119505494505495,0.35885989010989006,0.6569368131868132,0.4782608695652174,0.22916666666666666,0.34782608695652173,0.16666666666666666,0.4782608695652174,0.22916666666666666,margin
gemma2-9b,qwen3-32b,boolq,578,42,0.0726643598615917,475,0.1431578947368421,0.6572938877043355,0.4928038379530917,0.5102167732764747,0.6572938877043355,0.13793103448275862,0.19047619047619047,0.05172413793103448,0.07142857142857142,0.13793103448275862,0.19047619047619047,margin
gemma2-9b,qwen3-32b,geometry_of_truth,1019,27,0.02649656526005888,1000,0.014,0.7453330346475507,0.8914277180406213,0.2602299880525687,0.8914277180406213,0.14705882352941177,0.5555555555555556,0.14705882352941177,0.5555555555555556,0.14705882352941177,0.5555555555555556,anomaly
gemma2-9b,qwen3-32b,imdb,949,67,0.07060063224446786,1018,0.05304518664047151,0.7925000846109588,0.45745760990963547,0.5820049412799946,0.7925000846109588,0.2631578947368421,0.373134328358209,0.010526315789473684,0.014925373134328358,0.2631578947368421,0.373134328358209,margin
gemma2-9b,qwen3-32b,rte,56,13,0.23214285714285715,62,0.20967741935483872,0.9016100178890876,0.6153846153846154,0.4132379248658319,0.9016100178890876,0.6666666666666666,0.3076923076923077,0.3333333333333333,0.15384615384615385,0.6666666666666666,0.3076923076923077,margin
gemma2-9b,qwen3-32b,truthfulqa,291,76,0.2611683848797251,327,0.14678899082568808,0.6000611995104039,0.587576499388005,0.4339657282741738,0.6000611995104039,0.4482758620689655,0.17105263157894737,0.3793103448275862,0.14473684210526316,0.4482758620689655,0.17105263157894737,margin
gemma2-9b,qwen38-27b,boolq,568,31,0.05457746478873239,475,0.15157894736842106,0.6948399110950922,0.49180032438277166,0.5148675437015678,0.6948399110950922,0.17543859649122806,0.3225806451612903,0.07017543859649122,0.12903225806451613,0.17543859649122806,0.3225806451612903,margin
gemma2-9b,qwen38-27b,geometry_of_truth,1017,26,0.025565388397246803,1000,0.016,0.715633004734922,0.8885740898858963,0.5391989443452613,0.8885740898858963,0.12745098039215685,0.5,0.14705882352941177,0.5769230769230769,0.14705882352941177,0.5769230769230769,anomaly
gemma2-9b,qwen38-27b,rte,56,13,0.23214285714285715,62,0.24193548387096775,0.8640429338103757,0.5295169946332738,0.5849731663685153,0.8640429338103757,0.3333333333333333,0.15384615384615385,0.3333333333333333,0.15384615384615385,0.3333333333333333,0.15384615384615385,margin
gemma2-9b,qwen38-27b,truthfulqa,268,61,0.22761194029850745,327,0.21406727828746178,0.635542884295557,0.5883424408014571,0.504791320186901,0.635542884295557,0.4074074074074074,0.18032786885245902,0.2962962962962963,0.13114754098360656,0.4074074074074074,0.18032786885245902,margin
gemma4-12b,gemma4-12b-base,boolq,393,65,0.16539440203562342,475,0.5747368421052632,0.677016885553471,0.40830206378986866,0.4447467166979362,0.677016885553471,0.3333333333333333,0.2,0.15384615384615385,0.09230769230769231,0.3333333333333333,0.2,margin
gemma4-12b,gemma4-12b-base,geometry_of_truth,479,15,0.031315240083507306,1000,0.495,0.7199712643678161,0.894971264367816,0.4635057471264368,0.894971264367816,0.041666666666666664,0.13333333333333333,0.16666666666666666,0.5333333333333333,0.16666666666666666,0.5333333333333333,anomaly
gemma4-12b,gemma4-12b-base,imdb,537,178,0.33147113594040967,1018,0.3880157170923379,0.4368720853807393,0.3926950643172358,0.525179180620325,0.525179180620325,0.2962962962962963,0.0898876404494382,0.18518518518518517,0.056179775280898875,0.37037037037037035,0.11235955056179775,spread
gemma4-12b,gemma4-12b-base,rte,40,19,0.475,62,0.5,0.6190476190476191,0.6015037593984962,0.5939849624060151,0.6190476190476191,0.5,0.10526315789473684,0.75,0.15789473684210525,0.5,0.10526315789473684,margin
gemma4-12b,gemma4-12b-base,truthfulqa,167,56,0.33532934131736525,327,0.42813455657492355,0.6536357786357787,0.6724581724581724,0.47007722007722,0.6724581724581724,0.4117647058823529,0.125,0.4117647058823529,0.125,0.4117647058823529,0.125,anomaly
gemma4-12b,gemma4-31b,boolq,441,73,0.1655328798185941,475,0.5515789473684211,0.6798317450863609,0.5227814175104228,0.5842763549731983,0.6798317450863609,0.4090909090909091,0.2465753424657534,0.1590909090909091,0.0958904109589041,0.4090909090909091,0.2465753424657534,margin
gemma4-12b,gemma4-31b,geometry_of_truth,529,142,0.2684310018903592,1000,0.473,0.6900316628452888,0.5792480984095789,0.46669942133420683,0.6900316628452888,0.4528301886792453,0.16901408450704225,0.3018867924528302,0.11267605633802817,0.4528301886792453,0.16901408450704225,margin
gemma4-12b,gemma4-31b,rte,32,17,0.53125,62,0.4838709677419355,0.5176470588235293,0.40784313725490196,0.37647058823529406,0.5176470588235293,1.0,0.17647058823529413,0.3333333333333333,0.058823529411764705,1.0,0.17647058823529413,margin
gemma4-12b,gemma4-31b,truthfulqa,143,46,0.32167832167832167,327,0.5290519877675841,0.6696548632900045,0.5670103092783505,0.48207082025997305,0.6696548632900045,0.35714285714285715,0.10869565217391304,0.42857142857142855,0.13043478260869565,0.35714285714285715,0.10869565217391304,margin
gemma4-12b,llama31-405b,boolq,301,16,0.053156146179401995,475,0.64,0.6157894736842104,0.549780701754386,0.44824561403508767,0.6157894736842104,0.06666666666666667,0.125,0.06666666666666667,0.125,0.06666666666666667,0.125,margin
gemma4-12b,llama31-405b,geometry_of_truth,508,3,0.005905511811023622,1000,0.473,nan,nan,nan,nan,nan,nan,nan,nan,nan,nan,nan
gemma4-12b,llama31-405b,imdb,562,46,0.08185053380782918,1018,0.5206286836935167,0.7256066734074822,0.5195904954499494,0.352123356926188,0.7256066734074822,0.21428571428571427,0.2608695652173913,0.07142857142857142,0.08695652173913043,0.21428571428571427,0.2608695652173913,margin
gemma4-12b,llama31-405b,rte,38,15,0.39473684210526316,62,0.5483870967741935,0.6840579710144927,0.527536231884058,0.40289855072463776,0.6840579710144927,0.5,0.13333333333333333,0.75,0.2,0.5,0.13333333333333333,margin
gemma4-12b,llama31-405b,truthfulqa,193,41,0.21243523316062177,327,0.47706422018348627,0.647785622593068,0.6197047496790757,0.3939345314505777,0.647785622593068,0.3157894736842105,0.14634146341463414,0.3684210526315789,0.17073170731707318,0.3157894736842105,0.14634146341463414,margin
gemma4-12b,llama31-70b,boolq,315,21,0.06666666666666667,475,0.6336842105263157,0.5874635568513119,0.5375769355361192,0.5192743764172335,0.5874635568513119,0.0625,0.09523809523809523,0.0625,0.09523809523809523,0.0625,0.09523809523809523,margin
gemma4-12b,llama31-70b,geometry_of_truth,515,9,0.017475728155339806,1000,0.495,0.8454106280193237,0.9187527448397014,0.5382081686429512,0.9187527448397014,0.07692307692307693,0.4444444444444444,0.09615384615384616,0.5555555555555556,0.09615384615384616,0.5555555555555556,anomaly
gemma4-12b,llama31-70b,imdb,530,28,0.052830188679245285,1018,0.518664047151277,0.7618099032441662,0.49395276038702335,0.35571997723392146,0.7618099032441662,0.22641509433962265,0.42857142857142855,0.09433962264150944,0.17857142857142858,0.22641509433962265,0.42857142857142855,margin
gemma4-12b,llama31-70b,rte,36,13,0.3611111111111111,62,0.5,0.6588628762541805,0.68561872909699,0.2642140468227425,0.68561872909699,0.5,0.15384615384615385,0.75,0.23076923076923078,0.75,0.23076923076923078,anomaly
gemma4-12b,llama31-70b,truthfulqa,185,45,0.24324324324324326,327,0.47706422018348627,0.6106349206349206,0.6365079365079365,0.3941269841269841,0.6365079365079365,0.2777777777777778,0.1111111111111111,0.3333333333333333,0.13333333333333333,0.3333333333333333,0.13333333333333333,anomaly
gemma4-12b,llama31-70b-base,boolq,277,47,0.16967509025270758,475,0.6063157894736843,0.637372802960222,0.44495837187789083,0.39611470860314524,0.637372802960222,0.35714285714285715,0.2127659574468085,0.21428571428571427,0.1276595744680851,0.35714285714285715,0.2127659574468085,margin
gemma4-12b,llama31-70b-base,geometry_of_truth,485,43,0.088659793814433,1000,0.551,0.7599705356203303,0.8627801746816796,0.5483005366726297,0.8627801746816796,0.20833333333333334,0.23255813953488372,0.3333333333333333,0.37209302325581395,0.3333333333333333,0.37209302325581395,anomaly
gemma4-12b,llama31-70b-base,imdb,435,105,0.2413793103448276,1018,0.48919449901768175,0.5914862914862915,0.4774025974025974,0.4044155844155844,0.5914862914862915,0.25,0.10476190476190476,0.1590909090909091,0.06666666666666667,0.25,0.10476190476190476,margin
gemma4-12b,llama31-70b-base,rte,34,17,0.5,62,0.5483870967741935,0.6470588235294118,0.4532871972318339,0.4429065743944637,0.6470588235294118,0.3333333333333333,0.058823529411764705,0.3333333333333333,0.058823529411764705,0.3333333333333333,0.058823529411764705,margin
gemma4-12b,llama31-70b-base,truthfulqa,186,57,0.3064516129032258,327,0.4525993883792049,0.6699306405548755,0.6381068951448389,0.4610363117095063,0.6699306405548755,0.47368421052631576,0.15789473684210525,0.42105263157894735,0.14035087719298245,0.47368421052631576,0.15789473684210525,margin
gemma4-12b,qwen3-32b,boolq,378,32,0.08465608465608465,475,0.6042105263157894,0.6324060693641618,0.5690932080924855,0.38376083815028905,0.6324060693641618,0.07894736842105263,0.09375,0.15789473684210525,0.1875,0.07894736842105263,0.09375,margin
gemma4-12b,qwen3-32b,geometry_of_truth,511,4,0.007827788649706457,1000,0.482,nan,nan,nan,nan,nan,nan,nan,nan,nan,nan,nan
gemma4-12b,qwen3-32b,imdb,547,43,0.07861060329067641,1018,0.5304518664047151,0.6706349206349207,0.500968992248062,0.33490217792543375,0.6706349206349207,0.16363636363636364,0.20930232558139536,0.10909090909090909,0.13953488372093023,0.16363636363636364,0.20930232558139536,margin
gemma4-12b,qwen3-32b,rte,39,15,0.38461538461538464,62,0.4838709677419355,0.7555555555555555,0.5944444444444444,0.39722222222222225,0.7555555555555555,0.5,0.13333333333333333,0.75,0.2,0.5,0.13333333333333333,margin
gemma4-12b,qwen3-32b,truthfulqa,193,56,0.29015544041450775,327,0.4648318042813456,0.5144681960375391,0.556830031282586,0.39859228362877996,0.556830031282586,0.2631578947368421,0.08928571428571429,0.3684210526315789,0.125,0.3684210526315789,0.125,anomaly
gemma4-12b,qwen38-27b,boolq,423,29,0.06855791962174941,475,0.5789473684210527,0.7322772623840363,0.483633817608962,0.5328198844740066,0.7322772623840363,0.14285714285714285,0.20689655172413793,0.023809523809523808,0.034482758620689655,0.14285714285714285,0.20689655172413793,margin
gemma4-12b,qwen38-27b,geometry_of_truth,511,7,0.0136986301369863,1000,0.476,0.8662131519274376,0.8854875283446711,0.5558390022675737,0.8854875283446711,0.0392156862745098,0.2857142857142857,0.09803921568627451,0.7142857142857143,0.09803921568627451,0.7142857142857143,anomaly
gemma4-12b,qwen38-27b,rte,36,13,0.3611111111111111,62,0.5806451612903226,0.6588628762541806,0.7625418060200668,0.3578595317725753,0.7625418060200668,0.25,0.07692307692307693,0.5,0.15384615384615385,0.5,0.15384615384615385,anomaly
gemma4-12b,qwen38-27b,truthfulqa,208,61,0.2932692307692308,327,0.40978593272171254,0.5516895282703245,0.6720196275231404,0.39689974350395896,0.6720196275231404,0.2857142857142857,0.09836065573770492,0.42857142857142855,0.14754098360655737,0.42857142857142855,0.14754098360655737,anomaly
gemma4-12b-base,gemma4-12b,boolq,393,65,0.16539440203562342,475,0.5747368421052632,0.677016885553471,0.40830206378986866,0.4447467166979362,0.677016885553471,0.3333333333333333,0.2,0.15384615384615385,0.09230769230769231,0.3333333333333333,0.2,margin
gemma4-12b-base,gemma4-12b,geometry_of_truth,479,15,0.031315240083507306,1000,0.495,0.7199712643678161,0.894971264367816,0.4635057471264368,0.894971264367816,0.041666666666666664,0.13333333333333333,0.16666666666666666,0.5333333333333333,0.16666666666666666,0.5333333333333333,anomaly
gemma4-12b-base,gemma4-12b,imdb,537,178,0.33147113594040967,1018,0.3880157170923379,0.4368720853807393,0.3926950643172358,0.525179180620325,0.525179180620325,0.2962962962962963,0.0898876404494382,0.18518518518518517,0.056179775280898875,0.37037037037037035,0.11235955056179775,spread
gemma4-12b-base,gemma4-12b,rte,40,19,0.475,62,0.5,0.6190476190476191,0.6015037593984962,0.5939849624060151,0.6190476190476191,0.5,0.10526315789473684,0.75,0.15789473684210525,0.5,0.10526315789473684,margin
gemma4-12b-base,gemma4-12b,truthfulqa,167,56,0.33532934131736525,327,0.42813455657492355,0.6536357786357787,0.6724581724581724,0.47007722007722,0.6724581724581724,0.4117647058823529,0.125,0.4117647058823529,0.125,0.4117647058823529,0.125,anomaly
gemma4-12b-base,gemma4-31b,boolq,463,55,0.11879049676025918,475,0.33473684210526317,0.6810606060606061,0.4713903743315508,0.49059714795008913,0.6810606060606061,0.2608695652173913,0.21818181818181817,0.06521739130434782,0.05454545454545454,0.2608695652173913,0.21818181818181817,margin
gemma4-12b-base,gemma4-31b,geometry_of_truth,650,9,0.013846153846153847,1000,0.358,0.7689374241636332,0.9634252036748137,0.4172300225342347,0.9634252036748137,0.03076923076923077,0.2222222222222222,0.12307692307692308,0.8888888888888888,0.12307692307692308,0.8888888888888888,anomaly
gemma4-12b-base,gemma4-31b,rte,40,14,0.35,62,0.5,0.5521978021978022,0.48076923076923084,0.5247252747252747,0.5521978021978022,0.5,0.14285714285714285,0.0,0.0,0.5,0.14285714285714285,margin
gemma4-12b-base,gemma4-31b,truthfulqa,145,26,0.1793103448275862,327,0.43119266055045874,0.6363930187459599,0.7142857142857143,0.3671622495151907,0.7142857142857143,0.14285714285714285,0.07692307692307693,0.35714285714285715,0.19230769230769232,0.35714285714285715,0.19230769230769232,anomaly
gemma4-12b-base,llama31-405b,boolq,513,33,0.06432748538011696,475,0.27578947368421053,0.6774621212121212,0.45744949494949494,0.5397095959595959,0.6774621212121212,0.1568627450980392,0.24242424242424243,0.0196078431372549,0.030303030303030304,0.1568627450980392,0.24242424242424243,margin
gemma4-12b-base,llama31-405b,geometry_of_truth,888,9,0.010135135135135136,1000,0.08,0.7926937176083934,0.8888888888888888,0.6980154215649096,0.8888888888888888,0.02247191011235955,0.2222222222222222,0.056179775280898875,0.5555555555555556,0.056179775280898875,0.5555555555555556,anomaly
gemma4-12b-base,llama31-405b,imdb,556,35,0.06294964028776978,1018,0.26620825147347743,0.6662462297778997,0.48938853852481484,0.45999451604058134,0.6662462297778997,0.08928571428571429,0.14285714285714285,0.05357142857142857,0.08571428571428572,0.08928571428571429,0.14285714285714285,margin
gemma4-12b-base,llama31-405b,rte,61,21,0.3442622950819672,62,0.27419354838709675,0.8011904761904762,0.45119047619047625,0.5202380952380952,0.8011904761904762,0.8333333333333334,0.23809523809523808,0.16666666666666666,0.047619047619047616,0.8333333333333334,0.23809523809523808,margin
gemma4-12b-base,llama31-405b,truthfulqa,185,26,0.14054054054054055,327,0.3486238532110092,0.6768263183357524,0.625544267053701,0.4344460570875665,0.6768263183357524,0.16666666666666666,0.11538461538461539,0.2777777777777778,0.19230769230769232,0.16666666666666666,0.11538461538461539,margin
gemma4-12b-base,llama31-70b,boolq,509,41,0.08055009823182711,475,0.25684210526315787,0.6553575151136126,0.45121951219512196,0.5579007713154055,0.6553575151136126,0.13725490196078433,0.17073170731707318,0.058823529411764705,0.07317073170731707,0.13725490196078433,0.17073170731707318,margin
gemma4-12b-base,llama31-70b,geometry_of_truth,907,25,0.027563395810363836,1000,0.082,0.7547845804988662,0.8969614512471656,0.44716553287981864,0.8969614512471656,0.0989010989010989,0.36,0.12087912087912088,0.44,0.12087912087912088,0.44,anomaly
gemma4-12b-base,llama31-70b,imdb,535,23,0.04299065420560748,1018,0.25245579567779963,0.6533627717391304,0.5228430706521738,0.38485054347826086,0.6533627717391304,0.07407407407407407,0.17391304347826086,0.018518518518518517,0.043478260869565216,0.07407407407407407,0.17391304347826086,margin
gemma4-12b-base,llama31-70b,rte,59,18,0.3050847457627119,62,0.25806451612903225,0.7859078590785907,0.6043360433604336,0.5365853658536586,0.7859078590785907,0.6666666666666666,0.2222222222222222,0.16666666666666666,0.05555555555555555,0.6666666666666666,0.2222222222222222,margin
gemma4-12b-base,llama31-70b,truthfulqa,194,38,0.1958762886597938,327,0.2996941896024465,0.6339406207827261,0.6093117408906883,0.31933198380566796,0.6339406207827261,0.2631578947368421,0.13157894736842105,0.2631578947368421,0.13157894736842105,0.2631578947368421,0.13157894736842105,margin
gemma4-12b-base,llama31-70b-base,boolq,429,53,0.12354312354312354,475,0.28842105263157897,0.6868727418707347,0.43566840626254516,0.446407065435568,0.6868727418707347,0.18604651162790697,0.1509433962264151,0.09302325581395349,0.07547169811320754,0.18604651162790697,0.1509433962264151,margin
gemma4-12b-base,llama31-70b-base,geometry_of_truth,854,48,0.05620608899297424,1000,0.16,0.726478494623656,0.8834263854425145,0.34013130686517784,0.8834263854425145,0.07058823529411765,0.125,0.2235294117647059,0.3958333333333333,0.2235294117647059,0.3958333333333333,anomaly
gemma4-12b-base,llama31-70b-base,imdb,389,55,0.14138817480719795,1018,0.3113948919449902,0.4990201415351116,0.49335873707131195,0.4913990201415351,0.4990201415351116,0.10256410256410256,0.07272727272727272,0.05128205128205128,0.03636363636363636,0.10256410256410256,0.07272727272727272,margin
gemma4-12b-base,llama31-70b-base,rte,56,22,0.39285714285714285,62,0.3064516129032258,0.6016042780748663,0.5842245989304813,0.4237967914438502,0.6016042780748663,0.5,0.13636363636363635,0.3333333333333333,0.09090909090909091,0.5,0.13636363636363635,margin
gemma4-12b-base,llama31-70b-base,truthfulqa,198,45,0.22727272727272727,327,0.3058103975535168,0.6781408859840232,0.6184458968772695,0.42556281771968046,0.6781408859840232,0.45,0.2,0.3,0.13333333333333333,0.45,0.2,margin
gemma4-12b-base,qwen3-32b,boolq,547,39,0.0712979890310786,475,0.28210526315789475,0.631233595800525,0.5241267918433272,0.49611346658590755,0.631233595800525,0.10909090909090909,0.15384615384615385,0.07272727272727272,0.10256410256410256,0.10909090909090909,0.15384615384615385,margin
gemma4-12b-base,qwen3-32b,geometry_of_truth,899,15,0.01668520578420467,1000,0.079,0.7787330316742082,0.8966063348416289,0.6021870286576169,0.8966063348416289,0.03333333333333333,0.2,0.08888888888888889,0.5333333333333333,0.08888888888888889,0.5333333333333333,anomaly
gemma4-12b-base,qwen3-32b,imdb,543,36,0.06629834254143646,1018,0.2681728880157171,0.6788845058075827,0.48115275038351957,0.455511724742494,0.6788845058075827,0.2037037037037037,0.3055555555555556,0.037037037037037035,0.05555555555555555,0.2037037037037037,0.3055555555555556,margin
gemma4-12b-base,qwen3-32b,rte,60,19,0.31666666666666665,62,0.27419354838709675,0.8459563543003851,0.7098844672657253,0.6161745827984595,0.8459563543003851,0.6666666666666666,0.21052631578947367,0.5,0.15789473684210525,0.6666666666666666,0.21052631578947367,margin
gemma4-12b-base,qwen3-32b,truthfulqa,173,36,0.20809248554913296,327,0.3669724770642202,0.49391727493917276,0.569140308191403,0.3530008110300081,0.569140308191403,0.11764705882352941,0.05555555555555555,0.29411764705882354,0.1388888888888889,0.29411764705882354,0.1388888888888889,anomaly
gemma4-12b-base,qwen38-27b,boolq,543,30,0.055248618784530384,475,0.28210526315789475,0.673879142300195,0.5609486679662118,0.43983105912930476,0.673879142300195,0.14814814814814814,0.26666666666666666,0.05555555555555555,0.1,0.14814814814814814,0.26666666666666666,margin
gemma4-12b-base,qwen38-27b,geometry_of_truth,896,11,0.012276785714285714,1000,0.087,0.45485362095531584,0.9043656908063687,0.2823831535695942,0.9043656908063687,0.011111111111111112,0.09090909090909091,0.06666666666666667,0.5454545454545454,0.06666666666666667,0.5454545454545454,anomaly
gemma4-12b-base,qwen38-27b,rte,61,20,0.32786885245901637,62,0.27419354838709675,0.7597560975609756,0.6597560975609756,0.44268292682926824,0.7597560975609756,0.5,0.15,0.3333333333333333,0.1,0.5,0.15,margin
gemma4-12b-base,qwen38-27b,truthfulqa,193,39,0.20207253886010362,327,0.3241590214067278,0.5930735930735931,0.6646686646686646,0.2792207792207792,0.6646686646686646,0.15789473684210525,0.07692307692307693,0.3157894736842105,0.15384615384615385,0.3157894736842105,0.15384615384615385,anomaly
gemma4-31b,llama31-405b,boolq,438,30,0.0684931506849315,475,0.29894736842105263,0.6675653594771243,0.4762254901960784,0.5014705882352941,0.6675653594771243,0.18181818181818182,0.26666666666666666,0.06818181818181818,0.1,0.18181818181818182,0.26666666666666666,margin
gemma4-31b,llama31-405b,geometry_of_truth,682,5,0.007331378299120235,1000,0.32,0.8809453471196454,0.9559822747415067,0.5533234859675037,0.9559822747415067,0.029411764705882353,0.4,0.058823529411764705,0.8,0.058823529411764705,0.8,anomaly
gemma4-31b,llama31-405b,rte,44,15,0.3409090909090909,62,0.3870967741935484,0.7471264367816092,0.3448275862068966,0.47126436781609193,0.7471264367816092,0.75,0.2,0.25,0.06666666666666667,0.75,0.2,margin
gemma4-31b,llama31-405b,truthfulqa,188,19,0.10106382978723404,327,0.43119266055045874,0.6895048271566491,0.5864216754905014,0.34568670196200557,0.6895048271566491,0.15789473684210525,0.15789473684210525,0.21052631578947367,0.21052631578947367,0.15789473684210525,0.15789473684210525,margin
gemma4-31b,llama31-70b,boolq,444,33,0.07432432432432433,475,0.30105263157894735,0.6115166261151663,0.5748728157487282,0.5405883654058836,0.6115166261151663,0.11363636363636363,0.15151515151515152,0.06818181818181818,0.09090909090909091,0.11363636363636363,0.15151515151515152,margin
gemma4-31b,llama31-70b,geometry_of_truth,685,10,0.014598540145985401,1000,0.344,0.8053333333333333,0.9702222222222223,0.45007407407407407,0.9702222222222223,0.07352941176470588,0.5,0.14705882352941177,1.0,0.14705882352941177,1.0,anomaly
gemma4-31b,llama31-70b,rte,40,12,0.3,62,0.3709677419354839,0.6636904761904762,0.26488095238095233,0.39583333333333337,0.6636904761904762,0.5,0.16666666666666666,0.0,0.0,0.5,0.16666666666666666,margin
gemma4-31b,llama31-70b,truthfulqa,176,24,0.13636363636363635,327,0.42507645259938837,0.5383771929824561,0.6337719298245614,0.31935307017543857,0.6337719298245614,0.1111111111111111,0.08333333333333333,0.2777777777777778,0.20833333333333334,0.2777777777777778,0.20833333333333334,anomaly
gemma4-31b,llama31-70b-base,boolq,363,39,0.10743801652892562,475,0.35789473684210527,0.6544001266223488,0.5140867363089585,0.41144349477682807,0.6544001266223488,0.25,0.23076923076923078,0.1111111111111111,0.10256410256410256,0.25,0.23076923076923078,margin
gemma4-31b,llama31-70b-base,geometry_of_truth,641,36,0.056162246489859596,1000,0.416,0.782277318640955,0.8807621671258036,0.36028466483011934,0.8807621671258036,0.203125,0.3611111111111111,0.265625,0.4722222222222222,0.265625,0.4722222222222222,anomaly
gemma4-31b,llama31-70b-base,rte,39,17,0.4358974358974359,62,0.3870967741935484,0.6871657754010696,0.44385026737967914,0.47593582887700536,0.6871657754010696,0.75,0.17647058823529413,0.25,0.058823529411764705,0.75,0.17647058823529413,margin
gemma4-31b,llama31-70b-base,truthfulqa,176,31,0.17613636363636365,327,0.43119266055045874,0.6867630700778643,0.6073414905450499,0.45183537263626256,0.6867630700778643,0.2777777777777778,0.16129032258064516,0.16666666666666666,0.0967741935483871,0.2777777777777778,0.16129032258064516,margin
gemma4-31b,qwen3-32b,boolq,492,38,0.07723577235772358,475,0.2968421052631579,0.6262462323208904,0.5004057500579643,0.5746580106654301,0.6262462323208904,0.10204081632653061,0.13157894736842105,0.04081632653061224,0.05263157894736842,0.10204081632653061,0.13157894736842105,margin
gemma4-31b,qwen3-32b,geometry_of_truth,683,7,0.010248901903367497,1000,0.327,0.8609467455621302,0.9742180896027051,0.5824175824175825,0.9742180896027051,0.04411764705882353,0.42857142857142855,0.10294117647058823,1.0,0.10294117647058823,1.0,anomaly
gemma4-31b,qwen3-32b,rte,44,14,0.3181818181818182,62,0.3548387096774194,0.7261904761904762,0.4095238095238095,0.3880952380952381,0.7261904761904762,0.75,0.21428571428571427,0.0,0.0,0.75,0.21428571428571427,margin
gemma4-31b,qwen3-32b,truthfulqa,170,29,0.17058823529411765,327,0.44954128440366975,0.504524333577892,0.5854732208363904,0.3673269748104671,0.5854732208363904,0.11764705882352941,0.06896551724137931,0.17647058823529413,0.10344827586206896,0.17647058823529413,0.10344827586206896,anomaly
gptj-6b,gemma2-9b,boolq,383,33,0.08616187989556136,475,0.5894736842105263,0.721038961038961,0.47281385281385285,0.4354978354978355,0.721038961038961,0.18421052631578946,0.21212121212121213,0.13157894736842105,0.15151515151515152,0.18421052631578946,0.21212121212121213,margin
gptj-6b,gemma2-9b,geometry_of_truth,605,23,0.03801652892561983,1000,0.513,0.7485432541461229,0.8573136112356192,0.7134319438219034,0.8573136112356192,0.15,0.391304347826087,0.15,0.391304347826087,0.15,0.391304347826087,anomaly
gptj-6b,gemma2-9b,imdb,542,18,0.033210332103321034,1018,0.2082514734774067,0.5218405428329091,0.4810220525869381,0.4222858354537744,0.5218405428329091,0.037037037037037035,0.1111111111111111,0.018518518518518517,0.05555555555555555,0.037037037037037035,0.1111111111111111,margin
gptj-6b,gemma2-9b,rte,34,11,0.3235294117647059,62,0.3870967741935484,0.8458498023715415,0.47035573122529645,0.7588932806324111,0.8458498023715415,0.3333333333333333,0.09090909090909091,0.6666666666666666,0.18181818181818182,0.3333333333333333,0.09090909090909091,margin
gptj-6b,gemma2-9b,truthfulqa,127,15,0.11811023622047244,327,0.3669724770642202,0.7416666666666666,0.7041666666666666,0.33630952380952384,0.7416666666666666,0.3076923076923077,0.26666666666666666,0.3076923076923077,0.26666666666666666,0.3076923076923077,0.26666666666666666,margin
gptj-6b,gemma4-12b,boolq,680,235,0.34558823529411764,475,0.15789473684210525,0.4718049246951948,0.5058187903418598,0.44635907243605066,0.5058187903418598,0.3088235294117647,0.08936170212765958,0.3382352941176471,0.09787234042553192,0.3382352941176471,0.09787234042553192,anomaly
gptj-6b,gemma4-12b,geometry_of_truth,476,207,0.43487394957983194,1000,0.567,0.6794174164466714,0.48986225598477096,0.460463696280732,0.6794174164466714,0.5,0.11594202898550725,0.2916666666666667,0.06763285024154589,0.5,0.11594202898550725,margin
gptj-6b,gemma4-12b,imdb,509,141,0.2770137524557957,1018,0.3968565815324165,0.3823620104841196,0.4019426456984274,0.5397394387912428,0.5397394387912428,0.2549019607843137,0.09219858156028368,0.23529411764705882,0.0851063829787234,0.47058823529411764,0.1702127659574468,spread
gptj-6b,gemma4-12b,rte,28,17,0.6071428571428571,62,0.532258064516129,0.3582887700534759,0.5133689839572192,0.5454545454545454,0.5454545454545454,0.6666666666666666,0.11764705882352941,0.6666666666666666,0.11764705882352941,0.6666666666666666,0.11764705882352941,spread
gptj-6b,gemma4-12b,truthfulqa,118,23,0.19491525423728814,327,0.5137614678899083,0.7748283752860412,0.7940503432494279,0.5340961098398169,0.7940503432494279,0.5833333333333334,0.30434782608695654,0.3333333333333333,0.17391304347826086,0.3333333333333333,0.17391304347826086,anomaly
gptj-6b,gemma4-12b-base,boolq,424,69,0.16273584905660377,475,0.5642105263157895,0.6140028577260664,0.49210042865890996,0.43539497856705445,0.6140028577260664,0.23809523809523808,0.14492753623188406,0.19047619047619047,0.11594202898550725,0.23809523809523808,0.14492753623188406,margin
gptj-6b,gemma4-12b-base,geometry_of_truth,534,14,0.026217228464419477,1000,0.572,0.8995879120879122,0.9436813186813187,0.7490384615384615,0.9436813186813187,0.1320754716981132,0.5,0.18867924528301888,0.7142857142857143,0.18867924528301888,0.7142857142857143,anomaly
gptj-6b,gemma4-12b-base,imdb,560,138,0.24642857142857144,1018,0.12671905697445973,0.39121849028092587,0.30185795727728554,0.5486297135792293,0.5486297135792293,0.16071428571428573,0.06521739130434782,0.10714285714285714,0.043478260869565216,0.4107142857142857,0.16666666666666666,spread
gptj-6b,gemma4-12b-base,rte,45,22,0.4888888888888889,62,0.2903225806451613,0.5395256916996047,0.4683794466403162,0.5889328063241107,0.5889328063241107,0.5,0.09090909090909091,0.25,0.045454545454545456,0.75,0.13636363636363635,spread
gptj-6b,gemma4-12b-base,truthfulqa,113,11,0.09734513274336283,327,0.3669724770642202,0.7655971479500892,0.7272727272727273,0.39839572192513373,0.7655971479500892,0.36363636363636365,0.36363636363636365,0.18181818181818182,0.18181818181818182,0.36363636363636365,0.36363636363636365,margin
gptj-6b,gemma4-31b,boolq,472,72,0.15254237288135594,475,0.5621052631578948,0.6652083333333333,0.5047569444444444,0.6037847222222223,0.6652083333333333,0.3404255319148936,0.2222222222222222,0.1702127659574468,0.1111111111111111,0.3404255319148936,0.2222222222222222,margin
gptj-6b,gemma4-31b,geometry_of_truth,636,198,0.3113207547169811,1000,0.436,0.7852266961856004,0.5789170241225036,0.4960564549605646,0.7852266961856004,0.578125,0.18686868686868688,0.296875,0.09595959595959595,0.578125,0.18686868686868688,margin
gptj-6b,gemma4-31b,rte,36,17,0.4722222222222222,62,0.3709677419354839,0.5913312693498451,0.39938080495356043,0.7027863777089783,0.7027863777089783,0.5,0.11764705882352941,0.5,0.11764705882352941,0.5,0.11764705882352941,spread
gptj-6b,gemma4-31b,truthfulqa,147,29,0.19727891156462585,327,0.2966360856269113,0.7533606078316775,0.7115721800116892,0.42255990648743424,0.7533606078316775,0.5333333333333333,0.27586206896551724,0.3333333333333333,0.1724137931034483,0.5333333333333333,0.27586206896551724,margin
gptj-6b,llama-8b,boolq,334,43,0.12874251497005987,475,0.6126315789473684,0.6974346679453368,0.4931671062095421,0.4376248701350596,0.6974346679453368,0.15151515151515152,0.11627906976744186,0.09090909090909091,0.06976744186046512,0.15151515151515152,0.11627906976744186,margin
gptj-6b,llama-8b,geometry_of_truth,624,58,0.09294871794871795,1000,0.526,0.5071280614109908,0.8734921408553674,0.4048068721822834,0.8734921408553674,0.12903225806451613,0.13793103448275862,0.24193548387096775,0.25862068965517243,0.24193548387096775,0.25862068965517243,anomaly
gptj-6b,llama-8b,imdb,583,37,0.0634648370497427,1018,0.22298624754420432,0.6322146322146321,0.49965349965349964,0.4925749925749926,0.6322146322146321,0.1724137931034483,0.2702702702702703,0.017241379310344827,0.02702702702702703,0.1724137931034483,0.2702702702702703,margin
gptj-6b,llama-8b,rte,39,15,0.38461538461538464,62,0.3709677419354839,0.6333333333333333,0.4111111111111111,0.6027777777777777,0.6333333333333333,0.25,0.06666666666666667,0.25,0.06666666666666667,0.25,0.06666666666666667,margin
gptj-6b,llama-8b,truthfulqa,143,20,0.13986013986013987,327,0.30275229357798167,0.691869918699187,0.7760162601626016,0.3410569105691057,0.7760162601626016,0.2857142857142857,0.2,0.21428571428571427,0.15,0.21428571428571427,0.15,anomaly
gptj-6b,llama31-405b,boolq,330,17,0.051515151515151514,475,0.6421052631578947,0.6573952264611914,0.5269686149220071,0.34335651193384703,0.6573952264611914,0.030303030303030304,0.058823529411764705,0.09090909090909091,0.17647058823529413,0.030303030303030304,0.058823529411764705,margin
gptj-6b,llama31-405b,geometry_of_truth,602,18,0.029900332225913623,1000,0.518,0.8593987823439877,0.9202815829528158,0.8292427701674278,0.9202815829528158,0.15,0.5,0.2,0.6666666666666666,0.2,0.6666666666666666,anomaly
gptj-6b,llama31-405b,imdb,583,30,0.051457975986277875,1018,0.21218074656188604,0.6477396021699819,0.45629897528631713,0.39125979505726344,0.6477396021699819,0.1206896551724138,0.23333333333333334,0.017241379310344827,0.03333333333333333,0.1206896551724138,0.23333333333333334,margin
gptj-6b,llama31-405b,rte,41,16,0.3902439024390244,62,0.4032258064516129,0.7125,0.395,0.5925,0.7125,0.75,0.1875,0.25,0.0625,0.75,0.1875,margin
gptj-6b,llama31-405b,truthfulqa,145,5,0.034482758620689655,327,0.36085626911314983,0.8814285714285715,0.7085714285714286,0.27714285714285714,0.8814285714285715,0.21428571428571427,0.6,0.14285714285714285,0.4,0.21428571428571427,0.6,margin
gptj-6b,llama31-70b,boolq,346,27,0.07803468208092486,475,0.6147368421052631,0.5640311157552537,0.5013351909903634,0.39335887611749676,0.5640311157552537,0.08571428571428572,0.1111111111111111,0.08571428571428572,0.1111111111111111,0.08571428571428572,0.1111111111111111,margin
gptj-6b,llama31-70b,geometry_of_truth,621,36,0.057971014492753624,1000,0.516,0.7016619183285849,0.8922602089268756,0.5860398860398859,0.8922602089268756,0.1774193548387097,0.3055555555555556,0.22580645161290322,0.3888888888888889,0.22580645161290322,0.3888888888888889,anomaly
gptj-6b,llama31-70b,imdb,563,20,0.035523978685612786,1018,0.1944990176817289,0.6208103130755064,0.47642725598526703,0.36058931860036836,0.6208103130755064,0.07142857142857142,0.2,0.0,0.0,0.07142857142857142,0.2,margin
gptj-6b,llama31-70b,rte,38,14,0.3684210526315789,62,0.3548387096774194,0.7529761904761905,0.36904761904761907,0.7202380952380952,0.7529761904761905,0.75,0.21428571428571427,0.25,0.07142857142857142,0.75,0.21428571428571427,margin
gptj-6b,llama31-70b,truthfulqa,134,6,0.04477611940298507,327,0.37920489296636084,0.5768229166666666,0.8098958333333334,0.27734375,0.8098958333333334,0.07692307692307693,0.16666666666666666,0.07692307692307693,0.16666666666666666,0.07692307692307693,0.16666666666666666,anomaly
gptj-6b,llama31-70b-base,boolq,298,52,0.174496644295302,475,0.5915789473684211,0.624296435272045,0.4931207004377736,0.38258286429018135,0.624296435272045,0.26666666666666666,0.15384615384615385,0.13333333333333333,0.07692307692307693,0.26666666666666666,0.15384615384615385,margin
gptj-6b,llama31-70b-base,geometry_of_truth,602,87,0.14451827242524917,1000,0.538,0.7229103894654614,0.7282892534315367,0.4980470929583752,0.7282892534315367,0.3,0.20689655172413793,0.3,0.20689655172413793,0.3,0.20689655172413793,anomaly
gptj-6b,llama31-70b-base,imdb,440,54,0.12272727272727273,1018,0.24950884086444008,0.5259547111878718,0.45058530032623295,0.5452408366916139,0.5452408366916139,0.13636363636363635,0.1111111111111111,0.045454545454545456,0.037037037037037035,0.11363636363636363,0.09259259259259259,spread
gptj-6b,llama31-70b-base,rte,45,21,0.4666666666666667,62,0.3064516129032258,0.5773809523809524,0.4444444444444444,0.623015873015873,0.623015873015873,0.5,0.09523809523809523,0.25,0.047619047619047616,0.75,0.14285714285714285,spread
gptj-6b,llama31-70b-base,truthfulqa,134,11,0.08208955223880597,327,0.39755351681957185,0.8048780487804879,0.736881005173688,0.41832963784183297,0.8048780487804879,0.3076923076923077,0.36363636363636365,0.15384615384615385,0.18181818181818182,0.3076923076923077,0.36363636363636365,margin
gptj-6b,llama31-8b-base,boolq,226,38,0.168141592920354,475,0.6968421052631579,0.5509518477043673,0.5566909294512878,0.43491041433370664,0.5566909294512878,0.17391304347826086,0.10526315789473684,0.2608695652173913,0.15789473684210525,0.2608695652173913,0.15789473684210525,anomaly
gptj-6b,llama31-8b-base,geometry_of_truth,536,56,0.1044776119402985,1000,0.55,0.5382068452380953,0.841220238095238,0.4439360119047619,0.841220238095238,0.1111111111111111,0.10714285714285714,0.2962962962962963,0.2857142857142857,0.2962962962962963,0.2857142857142857,anomaly
gptj-6b,llama31-8b-base,imdb,563,129,0.2291296625222025,1018,0.07465618860510806,0.402886435894688,0.3336905654985175,0.5008752188047012,0.5008752188047012,0.23214285714285715,0.10077519379844961,0.10714285714285714,0.046511627906976744,0.30357142857142855,0.13178294573643412,spread
gptj-6b,llama31-8b-base,rte,41,18,0.43902439024390244,62,0.3387096774193548,0.463768115942029,0.39855072463768115,0.533816425120773,0.533816425120773,0.25,0.05555555555555555,0.25,0.05555555555555555,0.5,0.1111111111111111,spread
gptj-6b,llama31-8b-base,truthfulqa,154,20,0.12987012987012986,327,0.18042813455657492,0.7063432835820895,0.7186567164179105,0.7376865671641791,0.7376865671641791,0.26666666666666666,0.2,0.2,0.15,0.4,0.3,spread
gptj-6b,olmo3-7b,boolq,510,121,0.2372549019607843,475,0.4442105263157895,0.5677409760139369,0.5387834880707048,0.4841615500647985,0.5677409760139369,0.3333333333333333,0.14049586776859505,0.2549019607843137,0.10743801652892562,0.3333333333333333,0.14049586776859505,margin
gptj-6b,olmo3-7b,geometry_of_truth,709,121,0.17066290550070523,1000,0.514,0.8174368921122167,0.718277393602069,0.49971889582279194,0.8174368921122167,0.5352112676056338,0.3140495867768595,0.3380281690140845,0.19834710743801653,0.5352112676056338,0.3140495867768595,margin
gptj-6b,olmo3-7b,imdb,572,32,0.055944055944055944,1018,0.2406679764243615,0.49079861111111106,0.5045138888888888,0.4545138888888889,0.5045138888888888,0.05263157894736842,0.09375,0.017543859649122806,0.03125,0.017543859649122806,0.03125,anomaly
gptj-6b,olmo3-7b,rte,42,17,0.40476190476190477,62,0.3064516129032258,0.6070588235294118,0.44,0.7529411764705882,0.7529411764705882,0.0,0.0,0.25,0.058823529411764705,1.0,0.23529411764705882,spread
gptj-6b,olmo3-7b,truthfulqa,163,24,0.147239263803681,327,0.2324159021406728,0.7281175059952039,0.6720623501199041,0.5017985611510791,0.7281175059952039,0.4375,0.2916666666666667,0.1875,0.125,0.4375,0.2916666666666667,margin
gptj-6b,qwen3-32b,boolq,407,38,0.09336609336609336,475,0.5852631578947368,0.6319355298816146,0.6091855655398659,0.37170161175295957,0.6319355298816146,0.12195121951219512,0.13157894736842105,0.14634146341463414,0.15789473684210525,0.12195121951219512,0.13157894736842105,margin
gptj-6b,qwen3-32b,geometry_of_truth,610,23,0.03770491803278689,1000,0.519,0.8524553736760241,0.8940819198577883,0.8048292719057847,0.8940819198577883,0.13114754098360656,0.34782608695652173,0.18032786885245902,0.4782608695652174,0.18032786885245902,0.4782608695652174,anomaly
gptj-6b,qwen3-32b,imdb,562,26,0.046263345195729534,1018,0.22396856581532418,0.6096440872560275,0.49770378874856486,0.3892795637198622,0.6096440872560275,0.125,0.2692307692307692,0.0,0.0,0.125,0.2692307692307692,margin
gptj-6b,qwen3-32b,rte,41,15,0.36585365853658536,62,0.3709677419354839,0.7487179487179487,0.4948717948717949,0.8333333333333334,0.8333333333333334,0.25,0.06666666666666667,0.25,0.06666666666666667,0.75,0.2,spread
gptj-6b,qwen3-32b,truthfulqa,132,16,0.12121212121212122,327,0.3730886850152905,0.6449353448275861,0.6885775862068965,0.3582974137931035,0.6885775862068965,0.38461538461538464,0.3125,0.15384615384615385,0.125,0.15384615384615385,0.125,anomaly
gptj-6b,qwen3-8b,boolq,377,43,0.11405835543766578,475,0.5810526315789474,0.6604929675532655,0.5139952652833867,0.3735552151510932,0.6604929675532655,0.13157894736842105,0.11627906976744186,0.05263157894736842,0.046511627906976744,0.13157894736842105,0.11627906976744186,margin
gptj-6b,qwen3-8b,geometry_of_truth,576,10,0.017361111111111112,1000,0.529,0.7365724381625441,0.8862190812720847,0.7830388692579506,0.8862190812720847,0.017241379310344827,0.1,0.06896551724137931,0.4,0.06896551724137931,0.4,anomaly
gptj-6b,qwen3-8b,imdb,560,28,0.05,1018,0.23772102161100198,0.6122448979591837,0.4911385606874329,0.41044575725026855,0.6122448979591837,0.125,0.25,0.017857142857142856,0.03571428571428571,0.125,0.25,margin
gptj-6b,qwen3-8b,rte,39,15,0.38461538461538464,62,0.2903225806451613,0.7694444444444444,0.3611111111111111,0.7111111111111111,0.7694444444444444,0.5,0.13333333333333333,0.5,0.13333333333333333,0.5,0.13333333333333333,margin
gptj-6b,qwen3-8b,truthfulqa,143,19,0.13286713286713286,327,0.36085626911314983,0.8179117147707979,0.7372665534804754,0.29499151103565363,0.8179117147707979,0.5,0.3684210526315789,0.2857142857142857,0.21052631578947367,0.5,0.3684210526315789,margin
gptj-6b,qwen3-8b-base,boolq,432,78,0.18055555555555555,475,0.5178947368421053,0.6444661741271911,0.5009778357235984,0.44607417065044186,0.6444661741271911,0.20930232558139536,0.11538461538461539,0.13953488372093023,0.07692307692307693,0.20930232558139536,0.11538461538461539,margin
gptj-6b,qwen3-8b-base,geometry_of_truth,642,53,0.08255451713395638,1000,0.526,0.7316205913444598,0.8661306339494506,0.4091040138386136,0.8661306339494506,0.34375,0.41509433962264153,0.234375,0.2830188679245283,0.234375,0.2830188679245283,anomaly
gptj-6b,qwen3-8b-base,imdb,583,31,0.05317324185248713,1018,0.2691552062868369,0.6000467508181393,0.47580645161290325,0.3859280037400655,0.6000467508181393,0.10344827586206896,0.1935483870967742,0.017241379310344827,0.03225806451612903,0.10344827586206896,0.1935483870967742,margin
gptj-6b,qwen3-8b-base,rte,43,17,0.3953488372093023,62,0.3064516129032258,0.7398190045248869,0.40271493212669685,0.6561085972850679,0.7398190045248869,0.5,0.11764705882352941,0.25,0.058823529411764705,0.5,0.11764705882352941,margin
gptj-6b,qwen3-8b-base,truthfulqa,154,23,0.14935064935064934,327,0.28440366972477066,0.6827082641885165,0.7361433786923333,0.4381015599070694,0.7361433786923333,0.3333333333333333,0.21739130434782608,0.3333333333333333,0.21739130434782608,0.3333333333333333,0.21739130434782608,anomaly
gptj-6b,qwen38-27b,boolq,454,32,0.07048458149779736,475,0.5726315789473684,0.6961640995260664,0.5941943127962085,0.46430687203791476,0.6961640995260664,0.1111111111111111,0.15625,0.06666666666666667,0.09375,0.1111111111111111,0.15625,margin
gptj-6b,qwen38-27b,geometry_of_truth,610,24,0.03934426229508197,1000,0.517,0.7146615472127418,0.8928469852104665,0.6563566552901023,0.8928469852104665,0.14754098360655737,0.375,0.18032786885245902,0.4583333333333333,0.18032786885245902,0.4583333333333333,anomaly
gptj-6b,qwen38-27b,rte,47,22,0.46808510638297873,62,0.1774193548387097,0.7436363636363637,0.5272727272727272,0.6490909090909092,0.7436363636363637,0.6,0.13636363636363635,0.4,0.09090909090909091,0.6,0.13636363636363635,margin
gptj-6b,qwen38-27b,truthfulqa,142,20,0.14084507042253522,327,0.3241590214067278,0.7254098360655739,0.7368852459016393,0.42131147540983616,0.7368852459016393,0.5,0.35,0.35714285714285715,0.25,0.35714285714285715,0.25,anomaly
llama-8b,gemma2-9b,boolq,522,54,0.10344827586206896,475,0.14105263157894737,0.6948797087685976,0.4351456157011712,0.45429724596391263,0.6948797087685976,0.3269230769230769,0.3148148148148148,0.038461538461538464,0.037037037037037035,0.3269230769230769,0.3148148148148148,margin
llama-8b,gemma2-9b,geometry_of_truth,1000,29,0.029,1000,0.087,0.6509819240740082,0.8860754998401932,0.6133030292268902,0.8860754998401932,0.07,0.2413793103448276,0.16,0.5517241379310345,0.16,0.5517241379310345,anomaly
llama-8b,gemma2-9b,imdb,936,67,0.07158119658119658,1018,0.07367387033398821,0.7970217955103653,0.46883533998591626,0.5232811775415214,0.7970217955103653,0.2872340425531915,0.40298507462686567,0.02127659574468085,0.029850746268656716,0.2872340425531915,0.40298507462686567,margin
llama-8b,gemma2-9b,rte,49,10,0.20408163265306123,62,0.3064516129032258,0.8717948717948718,0.49487179487179483,0.4871794871794872,0.8717948717948718,0.8,0.4,0.2,0.1,0.8,0.4,margin
llama-8b,gemma2-9b,truthfulqa,244,53,0.21721311475409835,327,0.2415902140672783,0.642596068359182,0.6654153906944582,0.38121110342783765,0.6654153906944582,0.25,0.11320754716981132,0.4166666666666667,0.18867924528301888,0.4166666666666667,0.18867924528301888,anomaly
llama-8b,gemma4-12b,boolq,301,37,0.12292358803986711,475,0.631578947368421,0.6816134316134316,0.41656429156429164,0.4533169533169533,0.6816134316134316,0.13333333333333333,0.10810810810810811,0.1,0.08108108108108109,0.13333333333333333,0.10810810810810811,margin
llama-8b,gemma4-12b,geometry_of_truth,518,24,0.04633204633204633,1000,0.519,0.7645074224021593,0.9139676113360323,0.4761302294197031,0.9139676113360323,0.17307692307692307,0.375,0.23076923076923078,0.5,0.23076923076923078,0.5,anomaly
llama-8b,gemma4-12b,imdb,552,53,0.09601449275362318,1018,0.5314341846758349,0.6862025938669792,0.5417627708246682,0.4274586909668393,0.6862025938669792,0.2545454545454545,0.2641509433962264,0.09090909090909091,0.09433962264150944,0.2545454545454545,0.2641509433962264,margin
llama-8b,gemma4-12b,rte,36,15,0.4166666666666667,62,0.4838709677419355,0.5682539682539682,0.5396825396825398,0.5365079365079365,0.5682539682539682,0.5,0.13333333333333333,0.5,0.13333333333333333,0.5,0.13333333333333333,margin
llama-8b,gemma4-12b,truthfulqa,174,48,0.27586206896551724,327,0.46788990825688076,0.6613756613756614,0.6879960317460319,0.47189153439153436,0.6879960317460319,0.29411764705882354,0.10416666666666667,0.4117647058823529,0.14583333333333334,0.4117647058823529,0.14583333333333334,anomaly
llama-8b,gemma4-12b-base,boolq,500,55,0.11,475,0.2631578947368421,0.7208171603677221,0.42480081716036766,0.5171399387129724,0.7208171603677221,0.22,0.2,0.06,0.05454545454545454,0.22,0.2,margin
llama-8b,gemma4-12b-base,geometry_of_truth,909,45,0.04950495049504951,1000,0.096,0.7181584362139918,0.8867798353909465,0.2666923868312757,0.8867798353909465,0.17582417582417584,0.35555555555555557,0.17582417582417584,0.35555555555555557,0.17582417582417584,0.35555555555555557,anomaly
llama-8b,gemma4-12b-base,imdb,555,45,0.08108108108108109,1018,0.27111984282907664,0.6547276688453159,0.5275816993464052,0.4980392156862744,0.6547276688453159,0.21428571428571427,0.26666666666666666,0.07142857142857142,0.08888888888888889,0.21428571428571427,0.26666666666666666,margin
llama-8b,gemma4-12b-base,rte,58,20,0.3448275862068966,62,0.24193548387096775,0.6447368421052633,0.5236842105263158,0.5210526315789473,0.6447368421052633,0.3333333333333333,0.1,0.3333333333333333,0.1,0.3333333333333333,0.1,margin
llama-8b,gemma4-12b-base,truthfulqa,173,31,0.1791907514450867,327,0.3516819571865443,0.6531122217174012,0.6503861880963198,0.4547932757837347,0.6531122217174012,0.17647058823529413,0.0967741935483871,0.35294117647058826,0.1935483870967742,0.17647058823529413,0.0967741935483871,margin
llama-8b,gemma4-31b,boolq,405,36,0.08888888888888889,475,0.35368421052631577,0.6012496236073472,0.560448660042156,0.5401234567901235,0.6012496236073472,0.1,0.1111111111111111,0.075,0.08333333333333333,0.1,0.1111111111111111,margin
llama-8b,gemma4-31b,geometry_of_truth,673,16,0.0237741456166419,1000,0.386,0.717275494672755,0.9405441400304415,0.29518645357686457,0.9405441400304415,0.05970149253731343,0.25,0.208955223880597,0.875,0.208955223880597,0.875,anomaly
llama-8b,gemma4-31b,rte,38,14,0.3684210526315789,62,0.3548387096774194,0.6101190476190476,0.4910714285714286,0.5089285714285714,0.6101190476190476,0.5,0.14285714285714285,0.5,0.14285714285714285,0.5,0.14285714285714285,margin
llama-8b,gemma4-31b,truthfulqa,183,37,0.20218579234972678,327,0.3547400611620795,0.6442058496853018,0.6610514624213255,0.4229914846353203,0.6610514624213255,0.2777777777777778,0.13513513513513514,0.3333333333333333,0.16216216216216217,0.3333333333333333,0.16216216216216217,anomaly
llama-8b,llama31-405b,boolq,511,43,0.08414872798434442,475,0.1726315789473684,0.6401311866428145,0.5071556350626119,0.5490459153249851,0.6401311866428145,0.1568627450980392,0.18604651162790697,0.1568627450980392,0.18604651162790697,0.1568627450980392,0.18604651162790697,margin
llama-8b,llama31-405b,geometry_of_truth,999,25,0.025025025025025027,1000,0.09,0.7260369609856263,0.9097330595482547,0.5409445585215605,0.9097330595482547,0.09,0.36,0.17,0.68,0.17,0.68,anomaly
llama-8b,llama31-405b,imdb,1007,88,0.08738828202581926,1018,0.05992141453831041,0.8423310911069344,0.46210060342269266,0.589425264615689,0.8423310911069344,0.40594059405940597,0.4659090909090909,0.0594059405940594,0.06818181818181818,0.40594059405940597,0.4659090909090909,margin
llama-8b,llama31-405b,rte,58,19,0.3275862068965517,62,0.1935483870967742,0.8502024291497976,0.3900134952766532,0.6059379217273954,0.8502024291497976,1.0,0.3157894736842105,0.0,0.0,1.0,0.3157894736842105,margin
llama-8b,llama31-405b,truthfulqa,258,41,0.15891472868217055,327,0.24770642201834864,0.7327188940092166,0.6481960211307182,0.40170844104754405,0.7327188940092166,0.15384615384615385,0.0975609756097561,0.2692307692307692,0.17073170731707318,0.15384615384615385,0.0975609756097561,margin
llama-8b,llama31-70b,boolq,507,43,0.08481262327416174,475,0.18736842105263157,0.6013432237369687,0.48752004811547717,0.4976944667201283,0.6013432237369687,0.11764705882352941,0.13953488372093023,0.0392156862745098,0.046511627906976744,0.11764705882352941,0.13953488372093023,margin
llama-8b,llama31-70b,geometry_of_truth,1038,60,0.057803468208092484,1000,0.054,0.729464894342195,0.8892126789366053,0.5331288343558283,0.8892126789366053,0.17307692307692307,0.3,0.2692307692307692,0.4666666666666667,0.2692307692307692,0.4666666666666667,anomaly
llama-8b,llama31-70b,imdb,961,60,0.062434963579604576,1018,0.07760314341846758,0.8514243433222347,0.4728634850166482,0.6364039955604883,0.8514243433222347,0.34375,0.55,0.041666666666666664,0.06666666666666667,0.34375,0.55,margin
llama-8b,llama31-70b,rte,55,15,0.2727272727272727,62,0.20967741935483872,0.8483333333333333,0.505,0.5566666666666668,0.8483333333333333,0.8333333333333334,0.3333333333333333,0.16666666666666666,0.06666666666666667,0.8333333333333334,0.3333333333333333,margin
llama-8b,llama31-70b,truthfulqa,261,49,0.18773946360153257,327,0.22324159021406728,0.618309587986138,0.6419907585675779,0.33086253369272234,0.6419907585675779,0.07692307692307693,0.04081632653061224,0.34615384615384615,0.1836734693877551,0.34615384615384615,0.1836734693877551,anomaly
llama-8b,llama31-70b-base,boolq,416,48,0.11538461538461539,475,0.24842105263157896,0.6480978260869565,0.4794497282608696,0.45991847826086957,0.6480978260869565,0.19047619047619047,0.16666666666666666,0.07142857142857142,0.0625,0.19047619047619047,0.16666666666666666,margin
llama-8b,llama31-70b-base,geometry_of_truth,969,81,0.08359133126934984,1000,0.136,0.7320097875653431,0.8767239461683906,0.3712323434545657,0.8767239461683906,0.21649484536082475,0.25925925925925924,0.32989690721649484,0.3950617283950617,0.32989690721649484,0.3950617283950617,anomaly
llama-8b,llama31-70b-base,imdb,573,61,0.10645724258289703,1018,0.1974459724950884,0.6976818647540984,0.45869620901639346,0.39341060450819676,0.6976818647540984,0.2631578947368421,0.2459016393442623,0.07017543859649122,0.06557377049180328,0.2631578947368421,0.2459016393442623,margin
llama-8b,llama31-70b-base,rte,50,15,0.3,62,0.3870967741935484,0.6799999999999999,0.4780952380952381,0.5733333333333334,0.6799999999999999,0.4,0.13333333333333333,0.0,0.0,0.4,0.13333333333333333,margin
llama-8b,llama31-70b-base,truthfulqa,217,38,0.17511520737327188,327,0.3394495412844037,0.6526021758306381,0.6872978535724787,0.474566304028227,0.6872978535724787,0.2727272727272727,0.15789473684210525,0.36363636363636365,0.21052631578947367,0.36363636363636365,0.21052631578947367,anomaly
llama-8b,llama31-8b-base,boolq,449,67,0.1492204899777283,475,0.21473684210526317,0.6247948737985465,0.47284519809330317,0.4347503321090881,0.6247948737985465,0.28888888888888886,0.19402985074626866,0.06666666666666667,0.04477611940298507,0.28888888888888886,0.19402985074626866,margin
llama-8b,llama31-8b-base,geometry_of_truth,968,94,0.09710743801652892,1000,0.06,0.7355397049515556,0.8286917571449438,0.7418082671989873,0.8286917571449438,0.16494845360824742,0.1702127659574468,0.26804123711340205,0.2765957446808511,0.26804123711340205,0.2765957446808511,anomaly
llama-8b,llama31-8b-base,imdb,535,35,0.06542056074766354,1018,0.22102161100196463,0.6462571428571428,0.48245714285714286,0.47702857142857147,0.6462571428571428,0.14814814814814814,0.22857142857142856,0.018518518518518517,0.02857142857142857,0.14814814814814814,0.22857142857142856,margin
llama-8b,llama31-8b-base,rte,56,19,0.3392857142857143,62,0.1935483870967742,0.6600284495021338,0.47083926031294454,0.5633001422475107,0.6600284495021338,0.5,0.15789473684210525,0.16666666666666666,0.05263157894736842,0.5,0.15789473684210525,margin
llama-8b,llama31-8b-base,truthfulqa,166,25,0.15060240963855423,327,0.25688073394495414,0.6748936170212766,0.6853900709219858,0.5543262411347517,0.6853900709219858,0.23529411764705882,0.16,0.29411764705882354,0.2,0.29411764705882354,0.2,anomaly
llama-8b,qwen3-32b,boolq,512,45,0.087890625,475,0.1957894736842105,0.6547704020937425,0.5347608850820843,0.5097787294789436,0.6547704020937425,0.17647058823529413,0.2,0.0196078431372549,0.022222222222222223,0.17647058823529413,0.2,margin
llama-8b,qwen3-32b,geometry_of_truth,1011,35,0.03461918892185954,1000,0.081,0.677400468384075,0.9043325526932084,0.28700234192037466,0.9043325526932084,0.06930693069306931,0.2,0.2079207920792079,0.6,0.2079207920792079,0.6,anomaly
llama-8b,qwen3-32b,imdb,982,84,0.0855397148676171,1018,0.07170923379174853,0.828361968395376,0.4421863400148478,0.5614990985258246,0.828361968395376,0.3877551020408163,0.4523809523809524,0.02040816326530612,0.023809523809523808,0.3877551020408163,0.4523809523809524,margin
llama-8b,qwen3-32b,rte,54,14,0.25925925925925924,62,0.2903225806451613,0.8410714285714286,0.5607142857142857,0.4553571428571428,0.8410714285714286,0.8,0.2857142857142857,0.4,0.14285714285714285,0.8,0.2857142857142857,margin
llama-8b,qwen3-32b,truthfulqa,246,55,0.22357723577235772,327,0.2415902140672783,0.6121846739647787,0.5792479771537363,0.4079009995240362,0.6121846739647787,0.12,0.05454545454545454,0.36,0.16363636363636364,0.12,0.05454545454545454,margin
llama-8b,qwen3-8b,boolq,514,50,0.09727626459143969,475,0.19157894736842104,0.6732327586206897,0.4323706896551724,0.45650862068965514,0.6732327586206897,0.21568627450980393,0.22,0.0196078431372549,0.02,0.21568627450980393,0.22,margin
llama-8b,qwen3-8b,geometry_of_truth,964,19,0.01970954356846473,1000,0.097,0.5795043163464216,0.88833194096352,0.5158451684767473,0.88833194096352,0.010416666666666666,0.05263157894736842,0.10416666666666667,0.5263157894736842,0.10416666666666667,0.5263157894736842,anomaly
llama-8b,qwen3-8b,imdb,972,88,0.09053497942386832,1018,0.08153241650294696,0.8382352941176471,0.46269539284245176,0.5759075483340189,0.8382352941176471,0.4329896907216495,0.4772727272727273,0.05154639175257732,0.056818181818181816,0.4329896907216495,0.4772727272727273,margin
llama-8b,qwen3-8b,rte,51,12,0.23529411764705882,62,0.27419354838709675,0.8824786324786326,0.5769230769230769,0.5213675213675213,0.8824786324786326,0.6,0.25,0.2,0.08333333333333333,0.6,0.25,margin
llama-8b,qwen3-8b,truthfulqa,248,55,0.2217741935483871,327,0.24770642201834864,0.6830899670277908,0.6373999057936882,0.4390956194065002,0.6830899670277908,0.12,0.05454545454545454,0.36,0.16363636363636364,0.12,0.05454545454545454,margin
llama-8b,qwen3-8b-base,boolq,478,45,0.09414225941422594,475,0.2968421052631579,0.622735437516038,0.43736207338978705,0.4550680010264306,0.622735437516038,0.16666666666666666,0.17777777777777778,0.020833333333333332,0.022222222222222223,0.16666666666666666,0.17777777777777778,margin
llama-8b,qwen3-8b-base,geometry_of_truth,1065,81,0.07605633802816901,1000,0.056,0.7577035029609555,0.8660920405500352,0.5006273210880257,0.8660920405500352,0.25471698113207547,0.3333333333333333,0.2641509433962264,0.345679012345679,0.2641509433962264,0.345679012345679,anomaly
llama-8b,qwen3-8b-base,imdb,1003,92,0.09172482552342971,1018,0.11100196463654224,0.8213740275855486,0.47322579105617335,0.5198539588603064,0.8213740275855486,0.4,0.43478260869565216,0.05,0.05434782608695652,0.4,0.43478260869565216,margin
llama-8b,qwen3-8b-base,rte,54,15,0.2777777777777778,62,0.25806451612903225,0.8444444444444446,0.5316239316239316,0.49572649572649574,0.8444444444444446,0.8,0.26666666666666666,0.4,0.13333333333333333,0.8,0.26666666666666666,margin
llama-8b,qwen3-8b-base,truthfulqa,218,41,0.18807339449541285,327,0.28134556574923547,0.7093840429929723,0.6796196775527077,0.39603141794129804,0.7093840429929723,0.22727272727272727,0.12195121951219512,0.4090909090909091,0.21951219512195122,0.22727272727272727,0.12195121951219512,margin
llama-8b,qwen38-27b,boolq,508,32,0.06299212598425197,475,0.21263157894736842,0.6775210084033613,0.5087316176470589,0.47840073529411764,0.6775210084033613,0.13725490196078433,0.21875,0.0392156862745098,0.0625,0.13725490196078433,0.21875,margin
llama-8b,qwen38-27b,geometry_of_truth,1008,34,0.03373015873015873,1000,0.083,0.6952832467689335,0.8926198816282159,0.6495047711076217,0.8926198816282159,0.0891089108910891,0.2647058823529412,0.16831683168316833,0.5,0.16831683168316833,0.5,anomaly
llama-8b,qwen38-27b,rte,55,15,0.2727272727272727,62,0.2903225806451613,0.8916666666666666,0.5933333333333334,0.5116666666666667,0.8916666666666666,0.6666666666666666,0.26666666666666666,0.3333333333333333,0.13333333333333333,0.6666666666666666,0.26666666666666666,margin
llama-8b,qwen38-27b,truthfulqa,245,46,0.18775510204081633,327,0.27217125382262997,0.67631636443085,0.6684509504041949,0.43172383657417523,0.67631636443085,0.125,0.06521739130434782,0.375,0.1956521739130435,0.125,0.06521739130434782,margin
llama31-70b,llama31-405b,boolq,570,45,0.07894736842105263,475,0.09894736842105263,0.6032169312169312,0.5139047619047619,0.6314920634920634,0.6314920634920634,0.08771929824561403,0.1111111111111111,0.10526315789473684,0.13333333333333333,0.19298245614035087,0.24444444444444444,spread
llama31-70b,llama31-405b,geometry_of_truth,1019,25,0.02453385672227674,1000,0.036,0.8367404426559356,0.9115492957746478,0.607605633802817,0.9115492957746478,0.11764705882352941,0.48,0.1568627450980392,0.64,0.1568627450980392,0.64,anomaly
llama31-70b,llama31-405b,imdb,994,67,0.06740442655935613,1018,0.03929273084479371,0.8651081163760486,0.4799143441369206,0.7253860149092725,0.8651081163760486,0.36363636363636365,0.5373134328358209,0.050505050505050504,0.07462686567164178,0.36363636363636365,0.5373134328358209,margin
llama31-70b,llama31-405b,rte,62,18,0.2903225806451613,62,0.1774193548387097,0.8345959595959596,0.41666666666666663,0.4305555555555556,0.8345959595959596,0.8333333333333334,0.2777777777777778,0.3333333333333333,0.1111111111111111,0.8333333333333334,0.2777777777777778,margin
llama31-70b,llama31-405b,truthfulqa,305,54,0.17704918032786884,327,0.15902140672782875,0.704515272244356,0.6446805371108161,0.4955732625055334,0.704515272244356,0.16666666666666666,0.09259259259259259,0.26666666666666666,0.14814814814814814,0.16666666666666666,0.09259259259259259,margin
llama31-70b,llama31-70b-base,boolq,456,39,0.08552631578947369,475,0.22105263157894736,0.5725265941093279,0.5401217487548423,0.512513066469901,0.5725265941093279,0.10869565217391304,0.1282051282051282,0.08695652173913043,0.10256410256410256,0.10869565217391304,0.1282051282051282,margin
llama31-70b,llama31-70b-base,geometry_of_truth,959,51,0.053180396246089674,1000,0.142,0.7667357691975468,0.8943595059169043,0.3844476116437765,0.8943595059169043,0.11458333333333333,0.21568627450980393,0.23958333333333334,0.45098039215686275,0.23958333333333334,0.45098039215686275,anomaly
llama31-70b,llama31-70b-base,imdb,540,28,0.05185185185185185,1018,0.20039292730844793,0.7096819196428572,0.48653738839285715,0.42578125,0.7096819196428572,0.1111111111111111,0.21428571428571427,0.018518518518518517,0.03571428571428571,0.1111111111111111,0.21428571428571427,margin
llama31-70b,llama31-70b-base,rte,53,18,0.33962264150943394,62,0.24193548387096775,0.8269841269841269,0.42063492063492064,0.6174603174603175,0.8269841269841269,0.6,0.16666666666666666,0.0,0.0,0.6,0.16666666666666666,margin
llama31-70b,llama31-70b-base,truthfulqa,254,50,0.1968503937007874,327,0.25688073394495414,0.6424509803921569,0.6327450980392157,0.3398039215686275,0.6424509803921569,0.4,0.2,0.32,0.16,0.4,0.2,margin
llama31-70b-base,llama31-405b,boolq,452,37,0.08185840707964602,475,0.21473684210526317,0.5938782155649626,0.49013350700097685,0.4274829045913383,0.5938782155649626,0.08888888888888889,0.10810810810810811,0.13333333333333333,0.16216216216216217,0.08888888888888889,0.10810810810810811,margin
llama31-70b-base,llama31-405b,geometry_of_truth,927,22,0.023732470334412083,1000,0.166,0.7503766951280764,0.9126569563033651,0.29668508287292816,0.9126569563033651,0.03225806451612903,0.13636363636363635,0.15053763440860216,0.6363636363636364,0.15053763440860216,0.6363636363636364,anomaly
llama31-70b-base,llama31-405b,imdb,566,45,0.07950530035335689,1018,0.2043222003929273,0.7178502879078694,0.509021113243762,0.4153550863723608,0.7178502879078694,0.12280701754385964,0.15555555555555556,0.07017543859649122,0.08888888888888889,0.12280701754385964,0.15555555555555556,margin
llama31-70b-base,llama31-405b,rte,56,21,0.375,62,0.25806451612903225,0.817687074829932,0.40408163265306124,0.5251700680272109,0.817687074829932,0.8333333333333334,0.23809523809523808,0.3333333333333333,0.09523809523809523,0.8333333333333334,0.23809523809523808,margin
llama31-70b-base,llama31-405b,truthfulqa,248,38,0.1532258064516129,327,0.3058103975535168,0.706516290726817,0.6320802005012531,0.36065162907268167,0.706516290726817,0.36,0.23684210526315788,0.2,0.13157894736842105,0.36,0.23684210526315788,margin
llama31-70b-base,llama31-70b,boolq,456,39,0.08552631578947369,475,0.22105263157894736,0.5725265941093279,0.5401217487548423,0.512513066469901,0.5725265941093279,0.10869565217391304,0.1282051282051282,0.08695652173913043,0.10256410256410256,0.10869565217391304,0.1282051282051282,margin
llama31-70b-base,llama31-70b,geometry_of_truth,959,51,0.053180396246089674,1000,0.142,0.7667357691975468,0.8943595059169043,0.3844476116437765,0.8943595059169043,0.11458333333333333,0.21568627450980393,0.23958333333333334,0.45098039215686275,0.23958333333333334,0.45098039215686275,anomaly
llama31-70b-base,llama31-70b,imdb,540,28,0.05185185185185185,1018,0.20039292730844793,0.7096819196428572,0.48653738839285715,0.42578125,0.7096819196428572,0.1111111111111111,0.21428571428571427,0.018518518518518517,0.03571428571428571,0.1111111111111111,0.21428571428571427,margin
llama31-70b-base,llama31-70b,rte,53,18,0.33962264150943394,62,0.24193548387096775,0.8269841269841269,0.42063492063492064,0.6174603174603175,0.8269841269841269,0.6,0.16666666666666666,0.0,0.0,0.6,0.16666666666666666,margin
llama31-70b-base,llama31-70b,truthfulqa,254,50,0.1968503937007874,327,0.25688073394495414,0.6424509803921569,0.6327450980392157,0.3398039215686275,0.6424509803921569,0.4,0.2,0.32,0.16,0.4,0.2,margin
llama31-8b-base,gemma2-9b,boolq,420,42,0.1,475,0.25473684210526315,0.6334089191232048,0.4058956916099773,0.3888259007306627,0.6334089191232048,0.23809523809523808,0.23809523809523808,0.023809523809523808,0.023809523809523808,0.23809523809523808,0.23809523809523808,margin
llama31-8b-base,gemma2-9b,geometry_of_truth,905,29,0.032044198895027624,1000,0.107,0.6362383876554873,0.8684459140292866,0.4588647457093371,0.8684459140292866,0.06666666666666667,0.20689655172413793,0.13333333333333333,0.41379310344827586,0.13333333333333333,0.41379310344827586,anomaly
llama31-8b-base,gemma2-9b,imdb,514,22,0.042801556420233464,1018,0.1944990176817289,0.6077235772357723,0.49297856614929786,0.3846082779009608,0.6077235772357723,0.11764705882352941,0.2727272727272727,0.0196078431372549,0.045454545454545456,0.11764705882352941,0.2727272727272727,margin
llama31-8b-base,gemma2-9b,rte,49,12,0.24489795918367346,62,0.3064516129032258,0.9031531531531531,0.463963963963964,0.668918918918919,0.9031531531531531,0.8,0.3333333333333333,0.0,0.0,0.8,0.3333333333333333,margin
llama31-8b-base,gemma2-9b,truthfulqa,138,13,0.09420289855072464,327,0.363914373088685,0.6516923076923078,0.6227692307692307,0.5181538461538462,0.6516923076923078,0.21428571428571427,0.23076923076923078,0.14285714285714285,0.15384615384615385,0.21428571428571427,0.23076923076923078,margin
llama31-8b-base,gemma4-12b,boolq,205,37,0.18048780487804877,475,0.6947368421052632,0.6145431145431146,0.4763513513513513,0.46814671814671815,0.6145431145431146,0.2,0.10810810810810811,0.3,0.16216216216216217,0.2,0.10810810810810811,margin
llama31-8b-base,gemma4-12b,geometry_of_truth,490,25,0.05102040816326531,1000,0.537,0.6709677419354839,0.8752688172043012,0.3955268817204301,0.8752688172043012,0.10204081632653061,0.2,0.22448979591836735,0.44,0.22448979591836735,0.44,anomaly
llama31-8b-base,gemma4-12b,imdb,478,137,0.28661087866108786,1018,0.3988212180746562,0.4150737418926729,0.5037138514887514,0.5162788706466597,0.5162788706466597,0.2916666666666667,0.10218978102189781,0.3125,0.10948905109489052,0.3541666666666667,0.12408759124087591,spread
llama31-8b-base,gemma4-12b,rte,35,15,0.42857142857142855,62,0.5483870967741935,0.5366666666666666,0.6100000000000001,0.36333333333333334,0.6100000000000001,0.5,0.13333333333333333,0.5,0.13333333333333333,0.5,0.13333333333333333,anomaly
llama31-8b-base,gemma4-12b,truthfulqa,125,25,0.2,327,0.48623853211009177,0.6992,0.7,0.5672,0.7,0.5,0.24,0.3333333333333333,0.16,0.3333333333333333,0.16,anomaly
llama31-8b-base,gemma4-12b-base,boolq,434,68,0.15668202764976957,475,0.27157894736842103,0.6536885245901639,0.4928077788492446,0.47725811636129856,0.6536885245901639,0.3023255813953488,0.19117647058823528,0.13953488372093023,0.08823529411764706,0.3023255813953488,0.19117647058823528,margin
llama31-8b-base,gemma4-12b-base,geometry_of_truth,842,70,0.0831353919239905,1000,0.066,0.5626387860843819,0.8328275351591414,0.31248149518874907,0.8328275351591414,0.07142857142857142,0.08571428571428572,0.19047619047619047,0.22857142857142856,0.19047619047619047,0.22857142857142856,anomaly
llama31-8b-base,gemma4-12b-base,imdb,515,131,0.2543689320388349,1018,0.13457760314341846,0.40843670483460565,0.30039360687022904,0.5475310114503816,0.5475310114503816,0.19230769230769232,0.07633587786259542,0.057692307692307696,0.022900763358778626,0.34615384615384615,0.13740458015267176,spread
llama31-8b-base,gemma4-12b-base,rte,63,25,0.3968253968253968,62,0.14516129032258066,0.5915789473684211,0.611578947368421,0.3968421052631579,0.611578947368421,0.5,0.12,0.3333333333333333,0.08,0.3333333333333333,0.08,anomaly
llama31-8b-base,gemma4-12b-base,truthfulqa,134,16,0.11940298507462686,327,0.3211009174311927,0.753707627118644,0.6604872881355932,0.7028601694915254,0.753707627118644,0.23076923076923078,0.1875,0.15384615384615385,0.125,0.23076923076923078,0.1875,margin
llama31-8b-base,gemma4-31b,boolq,339,51,0.1504424778761062,475,0.35368421052631577,0.5765250544662309,0.5542619825708062,0.47215413943355117,0.5765250544662309,0.20588235294117646,0.13725490196078433,0.14705882352941177,0.09803921568627451,0.20588235294117646,0.13725490196078433,margin
llama31-8b-base,gemma4-31b,geometry_of_truth,625,17,0.0272,1000,0.404,0.6504450464396284,0.9590750773993808,0.35139318885448917,0.9590750773993808,0.06451612903225806,0.23529411764705882,0.24193548387096775,0.8823529411764706,0.24193548387096775,0.8823529411764706,anomaly
llama31-8b-base,gemma4-31b,rte,41,15,0.36585365853658536,62,0.3870967741935484,0.7205128205128205,0.3769230769230769,0.5333333333333333,0.7205128205128205,0.75,0.2,0.0,0.0,0.75,0.2,margin
llama31-8b-base,gemma4-31b,truthfulqa,165,28,0.1696969696969697,327,0.2874617737003058,0.6910844629822732,0.6175703858185609,0.6303441084462982,0.6910844629822732,0.25,0.14285714285714285,0.1875,0.10714285714285714,0.25,0.14285714285714285,margin
llama31-8b-base,llama-8b,boolq,449,67,0.1492204899777283,475,0.21473684210526317,0.6247948737985465,0.47284519809330317,0.4347503321090881,0.6247948737985465,0.28888888888888886,0.19402985074626866,0.06666666666666667,0.04477611940298507,0.28888888888888886,0.19402985074626866,margin
llama31-8b-base,llama-8b,geometry_of_truth,968,94,0.09710743801652892,1000,0.06,0.7355397049515556,0.8286917571449438,0.7418082671989873,0.8286917571449438,0.16494845360824742,0.1702127659574468,0.26804123711340205,0.2765957446808511,0.26804123711340205,0.2765957446808511,anomaly
llama31-8b-base,llama-8b,imdb,535,35,0.06542056074766354,1018,0.22102161100196463,0.6462571428571428,0.48245714285714286,0.47702857142857147,0.6462571428571428,0.14814814814814814,0.22857142857142856,0.018518518518518517,0.02857142857142857,0.14814814814814814,0.22857142857142856,margin
llama31-8b-base,llama-8b,rte,56,19,0.3392857142857143,62,0.1935483870967742,0.6600284495021338,0.47083926031294454,0.5633001422475107,0.6600284495021338,0.5,0.15789473684210525,0.16666666666666666,0.05263157894736842,0.5,0.15789473684210525,margin
llama31-8b-base,llama-8b,truthfulqa,166,25,0.15060240963855423,327,0.25688073394495414,0.6748936170212766,0.6853900709219858,0.5543262411347517,0.6853900709219858,0.23529411764705882,0.16,0.29411764705882354,0.2,0.29411764705882354,0.2,anomaly
llama31-8b-base,llama31-405b,boolq,435,38,0.08735632183908046,475,0.25684210526315787,0.6045340050377833,0.432917937160281,0.5301604136285298,0.6045340050377833,0.18181818181818182,0.21052631578947367,0.09090909090909091,0.10526315789473684,0.18181818181818182,0.21052631578947367,margin
llama31-8b-base,llama31-405b,geometry_of_truth,903,25,0.02768549280177187,1000,0.11,0.7352619589977222,0.8980865603644647,0.5174487471526196,0.8980865603644647,0.08888888888888889,0.32,0.17777777777777778,0.64,0.17777777777777778,0.64,anomaly
llama31-8b-base,llama31-405b,imdb,535,26,0.048598130841121495,1018,0.21414538310412573,0.6400181351065437,0.4776333685960405,0.4641831645760919,0.6400181351065437,0.07407407407407407,0.15384615384615385,0.018518518518518517,0.038461538461538464,0.07407407407407407,0.15384615384615385,margin
llama31-8b-base,llama31-405b,rte,59,20,0.3389830508474576,62,0.22580645161290322,0.7666666666666666,0.3358974358974359,0.4756410256410256,0.7666666666666666,0.8333333333333334,0.25,0.0,0.0,0.8333333333333334,0.25,margin
llama31-8b-base,llama31-405b,truthfulqa,160,8,0.05,327,0.327217125382263,0.8379934210526315,0.6447368421052632,0.24424342105263158,0.8379934210526315,0.1875,0.375,0.0625,0.125,0.1875,0.375,margin
llama31-8b-base,llama31-70b,boolq,440,41,0.09318181818181819,475,0.25894736842105265,0.5819426615318785,0.5039427837887401,0.5546182529494468,0.5819426615318785,0.13636363636363635,0.14634146341463414,0.0,0.0,0.13636363636363635,0.14634146341463414,margin
llama31-8b-base,llama31-70b,geometry_of_truth,937,56,0.05976520811099253,1000,0.082,0.7106372628506566,0.8693651694503,0.5198637911464246,0.8693651694503,0.1276595744680851,0.21428571428571427,0.24468085106382978,0.4107142857142857,0.24468085106382978,0.4107142857142857,anomaly
llama31-8b-base,llama31-70b,imdb,521,20,0.03838771593090211,1018,0.18860510805500982,0.6688622754491018,0.44331337325349296,0.46497005988023943,0.6688622754491018,0.09615384615384616,0.25,0.019230769230769232,0.05,0.09615384615384616,0.25,margin
llama31-8b-base,llama31-70b,rte,55,16,0.2909090909090909,62,0.24193548387096775,0.796474358974359,0.40224358974358976,0.5528846153846154,0.796474358974359,0.6666666666666666,0.25,0.16666666666666666,0.0625,0.6666666666666666,0.25,margin
llama31-8b-base,llama31-70b,truthfulqa,156,17,0.10897435897435898,327,0.2966360856269113,0.705459162082099,0.6017774016081252,0.3025814642403724,0.705459162082099,0.25,0.23529411764705882,0.3125,0.29411764705882354,0.25,0.23529411764705882,margin
llama31-8b-base,llama31-70b-base,boolq,389,55,0.14138817480719795,475,0.28210526315789475,0.5655416439847578,0.5230266739248776,0.5510070767555797,0.5655416439847578,0.1794871794871795,0.12727272727272726,0.1794871794871795,0.12727272727272726,0.1794871794871795,0.12727272727272726,margin
llama31-8b-base,llama31-70b-base,geometry_of_truth,883,87,0.0985277463193658,1000,0.144,0.6806590423381275,0.8348928550799978,0.5539479004216484,0.8348928550799978,0.2159090909090909,0.21839080459770116,0.29545454545454547,0.2988505747126437,0.29545454545454547,0.2988505747126437,anomaly
llama31-8b-base,llama31-70b-base,imdb,434,55,0.12672811059907835,1018,0.24165029469548133,0.5536579515471336,0.48807867594147275,0.5663228591988487,0.5663228591988487,0.13953488372093023,0.10909090909090909,0.046511627906976744,0.03636363636363636,0.11627906976744186,0.09090909090909091,spread
llama31-8b-base,llama31-70b-base,rte,54,20,0.37037037037037035,62,0.2903225806451613,0.638235294117647,0.49264705882352944,0.44705882352941173,0.638235294117647,0.6,0.15,0.4,0.1,0.6,0.15,margin
llama31-8b-base,llama31-70b-base,truthfulqa,157,20,0.12738853503184713,327,0.327217125382263,0.7437956204379562,0.5875912408759124,0.4744525547445255,0.7437956204379562,0.375,0.3,0.3125,0.25,0.375,0.3,margin
llama31-8b-base,qwen3-32b,boolq,440,42,0.09545454545454546,475,0.27157894736842103,0.6078607322325915,0.5111868868150276,0.4931801866475233,0.6078607322325915,0.1590909090909091,0.16666666666666666,0.022727272727272728,0.023809523809523808,0.1590909090909091,0.16666666666666666,margin
llama31-8b-base,qwen3-32b,geometry_of_truth,915,36,0.03934426229508197,1000,0.099,0.6686259638478069,0.8858235368474277,0.26020730628239164,0.8858235368474277,0.06521739130434782,0.16666666666666666,0.20652173913043478,0.5277777777777778,0.20652173913043478,0.5277777777777778,anomaly
llama31-8b-base,qwen3-32b,imdb,527,28,0.05313092979127135,1018,0.21414538310412573,0.6484397366160893,0.4352991697681077,0.40566847981677634,0.6484397366160893,0.1509433962264151,0.2857142857142857,0.018867924528301886,0.03571428571428571,0.1509433962264151,0.2857142857142857,margin
llama31-8b-base,qwen3-32b,rte,56,16,0.2857142857142857,62,0.2903225806451613,0.8328125,0.6546875,0.5875,0.8328125,0.6666666666666666,0.25,0.3333333333333333,0.125,0.6666666666666666,0.25,margin
llama31-8b-base,qwen3-32b,truthfulqa,143,16,0.11188811188811189,327,0.3577981651376147,0.5482283464566929,0.6028543307086613,0.44291338582677164,0.6028543307086613,0.21428571428571427,0.1875,0.14285714285714285,0.125,0.14285714285714285,0.125,anomaly
llama31-8b-base,qwen3-8b,boolq,447,51,0.11409395973154363,475,0.2505263157894737,0.6345811051693405,0.433699742523272,0.4652901564666271,0.6345811051693405,0.15555555555555556,0.13725490196078433,0.044444444444444446,0.0392156862745098,0.15555555555555556,0.13725490196078433,margin
llama31-8b-base,qwen3-8b,geometry_of_truth,872,20,0.022935779816513763,1000,0.115,0.6072183098591549,0.8569835680751174,0.4805164319248826,0.8569835680751174,0.011494252873563218,0.05,0.10344827586206896,0.45,0.10344827586206896,0.45,anomaly
llama31-8b-base,qwen3-8b,imdb,526,29,0.055133079847908745,1018,0.22986247544204322,0.6217997641018524,0.4426559356136821,0.4107403038923194,0.6217997641018524,0.1320754716981132,0.2413793103448276,0.018867924528301886,0.034482758620689655,0.1320754716981132,0.2413793103448276,margin
llama31-8b-base,qwen3-8b,rte,49,12,0.24489795918367346,62,0.3387096774193548,0.8130630630630631,0.42117117117117114,0.5968468468468467,0.8130630630630631,0.6,0.25,0.0,0.0,0.6,0.25,margin
llama31-8b-base,qwen3-8b,truthfulqa,155,19,0.12258064516129032,327,0.345565749235474,0.7341331269349844,0.6044891640866874,0.5174148606811145,0.7341331269349844,0.3125,0.2631578947368421,0.125,0.10526315789473684,0.3125,0.2631578947368421,margin
llama31-8b-base,qwen3-8b-base,boolq,411,53,0.12895377128953772,475,0.3263157894736842,0.6200590281437758,0.4263202276799831,0.48213344576789285,0.6200590281437758,0.17073170731707318,0.1320754716981132,0.07317073170731707,0.05660377358490566,0.17073170731707318,0.1320754716981132,margin
llama31-8b-base,qwen3-8b-base,geometry_of_truth,970,84,0.0865979381443299,1000,0.07,0.7079705471353327,0.8352278834784479,0.6104616790282704,0.8352278834784479,0.14432989690721648,0.16666666666666666,0.24742268041237114,0.2857142857142857,0.24742268041237114,0.2857142857142857,anomaly
llama31-8b-base,qwen3-8b-base,imdb,538,29,0.05390334572490706,1018,0.26719056974459726,0.6118149176885035,0.4811327145857327,0.4215161574419077,0.6118149176885035,0.09259259259259259,0.1724137931034483,0.037037037037037035,0.06896551724137931,0.09259259259259259,0.1724137931034483,margin
llama31-8b-base,qwen3-8b-base,rte,56,17,0.30357142857142855,62,0.25806451612903225,0.7782805429864253,0.521870286576169,0.6018099547511312,0.7782805429864253,0.5,0.17647058823529413,0.16666666666666666,0.058823529411764705,0.5,0.17647058823529413,margin
llama31-8b-base,qwen3-8b-base,truthfulqa,165,21,0.12727272727272726,327,0.28134556574923547,0.6782407407407407,0.6395502645502645,0.671957671957672,0.6782407407407407,0.25,0.19047619047619047,0.125,0.09523809523809523,0.25,0.19047619047619047,margin
llama31-8b-base,qwen38-27b,boolq,419,29,0.06921241050119331,475,0.28842105263157897,0.6578249336870026,0.5168877099911582,0.4708222811671088,0.6578249336870026,0.16666666666666666,0.2413793103448276,0.047619047619047616,0.06896551724137931,0.16666666666666666,0.2413793103448276,margin
llama31-8b-base,qwen38-27b,geometry_of_truth,912,32,0.03508771929824561,1000,0.107,0.649112215909091,0.8863991477272728,0.5075639204545455,0.8863991477272728,0.04395604395604396,0.125,0.18681318681318682,0.53125,0.18681318681318682,0.53125,anomaly
llama31-8b-base,qwen38-27b,rte,58,18,0.3103448275862069,62,0.25806451612903225,0.7888888888888889,0.6263888888888889,0.46944444444444444,0.7888888888888889,0.5,0.16666666666666666,0.16666666666666666,0.05555555555555555,0.5,0.16666666666666666,margin
llama31-8b-base,qwen38-27b,truthfulqa,153,17,0.1111111111111111,327,0.327217125382263,0.5488754325259515,0.6397058823529411,0.430363321799308,0.6397058823529411,0.26666666666666666,0.23529411764705882,0.13333333333333333,0.11764705882352941,0.13333333333333333,0.11764705882352941,anomaly
olmo3-7b,gemma2-9b,boolq,475,43,0.09052631578947369,475,0.3473684210526316,0.7017657192075797,0.4742140396210164,0.5804801894918173,0.7017657192075797,0.2708333333333333,0.3023255813953488,0.0625,0.06976744186046512,0.2708333333333333,0.3023255813953488,margin
olmo3-7b,gemma2-9b,geometry_of_truth,1022,30,0.029354207436399216,1000,0.199,0.6781922043010753,0.8899865591397849,0.5946908602150537,0.8899865591397849,0.12745098039215685,0.43333333333333335,0.16666666666666666,0.5666666666666667,0.16666666666666666,0.5666666666666667,anomaly
olmo3-7b,gemma2-9b,imdb,940,68,0.07234042553191489,1018,0.07956777996070727,0.778248111171074,0.4571471937398813,0.5413687263896385,0.778248111171074,0.26595744680851063,0.36764705882352944,0.031914893617021274,0.04411764705882353,0.26595744680851063,0.36764705882352944,margin
olmo3-7b,gemma2-9b,rte,52,13,0.25,62,0.20967741935483872,0.8402366863905325,0.514792899408284,0.5167652859960552,0.8402366863905325,0.4,0.15384615384615385,0.4,0.15384615384615385,0.4,0.15384615384615385,margin
olmo3-7b,gemma2-9b,truthfulqa,184,31,0.16847826086956522,327,0.3302752293577982,0.7602783048703352,0.5275142314990513,0.5028462998102468,0.7602783048703352,0.3888888888888889,0.22580645161290322,0.2777777777777778,0.16129032258064516,0.3888888888888889,0.22580645161290322,margin
olmo3-7b,gemma4-12b,boolq,471,115,0.24416135881104034,475,0.4631578947368421,0.5682217879824133,0.5016609672691744,0.4687591597459697,0.5682217879824133,0.3191489361702128,0.13043478260869565,0.3829787234042553,0.1565217391304348,0.3191489361702128,0.13043478260869565,margin
olmo3-7b,gemma4-12b,geometry_of_truth,563,54,0.09591474245115453,1000,0.573,0.7717019573601105,0.8192898202721386,0.5835334352033763,0.8192898202721386,0.23214285714285715,0.24074074074074073,0.30357142857142855,0.3148148148148148,0.30357142857142855,0.3148148148148148,anomaly
olmo3-7b,gemma4-12b,imdb,569,61,0.10720562390158173,1018,0.5235756385068763,0.6492835936491544,0.5683167677810765,0.43394217116303085,0.6492835936491544,0.24561403508771928,0.22950819672131148,0.19298245614035087,0.18032786885245902,0.24561403508771928,0.22950819672131148,margin
olmo3-7b,gemma4-12b,rte,38,15,0.39473684210526316,62,0.4838709677419355,0.591304347826087,0.6086956521739131,0.4579710144927536,0.6086956521739131,0.0,0.0,0.75,0.2,0.75,0.2,anomaly
olmo3-7b,gemma4-12b,truthfulqa,169,47,0.2781065088757396,327,0.42813455657492355,0.7678758283920474,0.6963725148238576,0.50976630624346,0.7678758283920474,0.6470588235294118,0.23404255319148937,0.23529411764705882,0.0851063829787234,0.6470588235294118,0.23404255319148937,margin
olmo3-7b,gemma4-12b-base,boolq,503,70,0.13916500994035785,475,0.36,0.6429891125041239,0.4826789838337182,0.5156384031672715,0.6429891125041239,0.28,0.2,0.1,0.07142857142857142,0.28,0.2,margin
olmo3-7b,gemma4-12b-base,geometry_of_truth,935,49,0.052406417112299465,1000,0.202,0.6808402819367024,0.8882157829271664,0.3358824342378035,0.8882157829271664,0.1595744680851064,0.30612244897959184,0.2127659574468085,0.40816326530612246,0.2127659574468085,0.40816326530612246,anomaly
olmo3-7b,gemma4-12b-base,imdb,558,46,0.08243727598566308,1018,0.2770137524557957,0.5953634510869565,0.4690472146739131,0.43932574728260876,0.5953634510869565,0.10714285714285714,0.13043478260869565,0.0,0.0,0.10714285714285714,0.13043478260869565,margin
olmo3-7b,gemma4-12b-base,rte,56,18,0.32142857142857145,62,0.3064516129032258,0.6169590643274854,0.6447368421052633,0.4853801169590643,0.6447368421052633,0.3333333333333333,0.1111111111111111,0.16666666666666666,0.05555555555555555,0.16666666666666666,0.05555555555555555,anomaly
olmo3-7b,gemma4-12b-base,truthfulqa,168,31,0.18452380952380953,327,0.3058103975535168,0.8151636449258299,0.6743583706145515,0.5104779844596186,0.8151636449258299,0.47058823529411764,0.25806451612903225,0.29411764705882354,0.16129032258064516,0.47058823529411764,0.25806451612903225,margin
olmo3-7b,gemma4-31b,boolq,472,64,0.13559322033898305,475,0.3957894736842105,0.5602405024509804,0.5232460171568627,0.49375765931372545,0.5602405024509804,0.23404255319148937,0.171875,0.1276595744680851,0.09375,0.23404255319148937,0.171875,margin
olmo3-7b,gemma4-31b,geometry_of_truth,730,53,0.07260273972602739,1000,0.426,0.8218277082578523,0.8680360079150525,0.39179510047100136,0.8680360079150525,0.2328767123287671,0.32075471698113206,0.3698630136986301,0.5094339622641509,0.3698630136986301,0.5094339622641509,anomaly
olmo3-7b,gemma4-31b,rte,46,17,0.3695652173913043,62,0.25806451612903225,0.6348884381338742,0.4198782961460446,0.33671399594320484,0.6348884381338742,0.6,0.17647058823529413,0.2,0.058823529411764705,0.6,0.17647058823529413,margin
olmo3-7b,gemma4-31b,truthfulqa,176,28,0.1590909090909091,327,0.363914373088685,0.6966698841698842,0.638996138996139,0.5337837837837839,0.6966698841698842,0.2222222222222222,0.14285714285714285,0.16666666666666666,0.10714285714285714,0.2222222222222222,0.14285714285714285,margin
olmo3-7b,llama-8b,boolq,435,50,0.11494252873563218,475,0.3831578947368421,0.6340779220779221,0.4909090909090909,0.5274285714285714,0.6340779220779221,0.11363636363636363,0.1,0.09090909090909091,0.08,0.11363636363636363,0.1,margin
olmo3-7b,llama-8b,geometry_of_truth,1084,101,0.09317343173431734,1000,0.14,0.7396432420454659,0.866875497315754,0.3725713364825801,0.866875497315754,0.3425925925925926,0.36633663366336633,0.28703703703703703,0.3069306930693069,0.28703703703703703,0.3069306930693069,anomaly
olmo3-7b,llama-8b,imdb,976,88,0.09016393442622951,1018,0.09233791748526522,0.7967086404586405,0.48488687551187554,0.5044661138411138,0.7967086404586405,0.32653061224489793,0.36363636363636365,0.05102040816326531,0.056818181818181816,0.32653061224489793,0.36363636363636365,margin
olmo3-7b,llama-8b,rte,52,14,0.2692307692307692,62,0.2903225806451613,0.706766917293233,0.5300751879699248,0.4342105263157895,0.706766917293233,0.4,0.14285714285714285,0.2,0.07142857142857142,0.4,0.14285714285714285,margin
olmo3-7b,llama-8b,truthfulqa,188,30,0.1595744680851064,327,0.30275229357798167,0.6911392405063291,0.6641350210970465,0.44767932489451473,0.6911392405063291,0.21052631578947367,0.13333333333333333,0.2631578947368421,0.16666666666666666,0.21052631578947367,0.13333333333333333,margin
olmo3-7b,llama31-405b,boolq,438,26,0.0593607305936073,475,0.40421052631578946,0.6377893950709485,0.5429424943988052,0.5529312920089618,0.6377893950709485,0.13636363636363635,0.23076923076923078,0.09090909090909091,0.15384615384615385,0.13636363636363635,0.23076923076923078,margin
olmo3-7b,llama31-405b,geometry_of_truth,1021,25,0.024485798237022526,1000,0.204,0.837710843373494,0.9105622489959839,0.6504417670682731,0.9105622489959839,0.1568627450980392,0.64,0.16666666666666666,0.68,0.16666666666666666,0.68,anomaly
olmo3-7b,llama31-405b,imdb,990,78,0.07878787878787878,1018,0.08742632612966601,0.8048105038236617,0.47859030589293744,0.5154352226720648,0.8048105038236617,0.31313131313131315,0.3974358974358974,0.0707070707070707,0.08974358974358974,0.31313131313131315,0.3974358974358974,margin
olmo3-7b,llama31-405b,rte,59,17,0.288135593220339,62,0.25806451612903225,0.7633053221288515,0.3753501400560224,0.5084033613445379,0.7633053221288515,0.5,0.17647058823529413,0.3333333333333333,0.11764705882352941,0.5,0.17647058823529413,margin
olmo3-7b,llama31-405b,truthfulqa,194,15,0.07731958762886598,327,0.36085626911314983,0.8536312849162011,0.637243947858473,0.30837988826815643,0.8536312849162011,0.2631578947368421,0.3333333333333333,0.10526315789473684,0.13333333333333333,0.2631578947368421,0.3333333333333333,margin
olmo3-7b,llama31-70b,boolq,429,28,0.06526806526806526,475,0.4105263157894737,0.5057000356252226,0.605361596009975,0.5048094050587817,0.605361596009975,0.06976744186046512,0.10714285714285714,0.06976744186046512,0.10714285714285714,0.06976744186046512,0.10714285714285714,anomaly
olmo3-7b,llama31-70b,geometry_of_truth,1055,56,0.05308056872037915,1000,0.176,0.7731660231660232,0.8943586443586443,0.4710603460603461,0.8943586443586443,0.2358490566037736,0.44642857142857145,0.24528301886792453,0.4642857142857143,0.24528301886792453,0.4642857142857143,anomaly
olmo3-7b,llama31-70b,imdb,958,60,0.06263048016701461,1018,0.08546168958742632,0.8292501855976243,0.47965850037119523,0.5569599109131403,0.8292501855976243,0.3125,0.5,0.041666666666666664,0.06666666666666667,0.3125,0.5,margin
olmo3-7b,llama31-70b,rte,56,15,0.26785714285714285,62,0.20967741935483872,0.8178861788617886,0.4926829268292683,0.6666666666666667,0.8178861788617886,0.5,0.2,0.16666666666666666,0.06666666666666667,0.5,0.2,margin
olmo3-7b,llama31-70b,truthfulqa,192,22,0.11458333333333333,327,0.3425076452599388,0.7251336898395722,0.6981283422459893,0.3379679144385027,0.7251336898395722,0.21052631578947367,0.18181818181818182,0.21052631578947367,0.18181818181818182,0.21052631578947367,0.18181818181818182,margin
olmo3-7b,llama31-70b-base,boolq,379,48,0.1266490765171504,475,0.40842105263157896,0.6711354481369588,0.4962865055387714,0.48854481369587105,0.6711354481369588,0.3157894736842105,0.25,0.10526315789473684,0.08333333333333333,0.3157894736842105,0.25,margin
olmo3-7b,llama31-70b-base,geometry_of_truth,1057,147,0.1390728476821192,1000,0.118,0.7478582641847948,0.6360917993571055,0.44637811168423414,0.7478582641847948,0.3018867924528302,0.21768707482993196,0.32075471698113206,0.23129251700680273,0.3018867924528302,0.21768707482993196,margin
olmo3-7b,llama31-70b-base,imdb,567,55,0.09700176366843033,1018,0.21709233791748528,0.6439275568181818,0.4368607954545455,0.3971590909090909,0.6439275568181818,0.14035087719298245,0.14545454545454545,0.0,0.0,0.14035087719298245,0.14545454545454545,margin
olmo3-7b,llama31-70b-base,rte,53,18,0.33962264150943394,62,0.2903225806451613,0.6317460317460317,0.45079365079365086,0.4793650793650794,0.6317460317460317,0.2,0.05555555555555555,0.4,0.1111111111111111,0.2,0.05555555555555555,margin
olmo3-7b,llama31-70b-base,truthfulqa,191,34,0.17801047120418848,327,0.3180428134556575,0.7991757212439116,0.6457474709629074,0.37279880104908203,0.7991757212439116,0.5789473684210527,0.3235294117647059,0.3684210526315789,0.20588235294117646,0.5789473684210527,0.3235294117647059,margin
olmo3-7b,llama31-8b-base,boolq,367,63,0.17166212534059946,475,0.391578947368421,0.6325187969924813,0.5046992481203008,0.4542606516290727,0.6325187969924813,0.32432432432432434,0.19047619047619047,0.13513513513513514,0.07936507936507936,0.32432432432432434,0.19047619047619047,margin
olmo3-7b,llama31-8b-base,geometry_of_truth,987,103,0.10435663627152988,1000,0.156,0.6554496331766463,0.8369503141062251,0.45254360145850725,0.8369503141062251,0.1717171717171717,0.1650485436893204,0.2828282828282828,0.27184466019417475,0.2828282828282828,0.27184466019417475,anomaly
olmo3-7b,llama31-8b-base,imdb,536,35,0.06529850746268656,1018,0.2288801571709234,0.5748502994011976,0.4960935272312518,0.47875677216994583,0.5748502994011976,0.1111111111111111,0.17142857142857143,0.018518518518518517,0.02857142857142857,0.1111111111111111,0.17142857142857143,margin
olmo3-7b,llama31-8b-base,rte,53,16,0.3018867924528302,62,0.2903225806451613,0.6587837837837838,0.4679054054054054,0.4797297297297297,0.6587837837837838,0.2,0.0625,0.2,0.0625,0.2,0.0625,margin
olmo3-7b,llama31-8b-base,truthfulqa,183,24,0.13114754098360656,327,0.21712538226299694,0.550314465408805,0.6378406708595388,0.34643605870020966,0.6378406708595388,0.2777777777777778,0.20833333333333334,0.2222222222222222,0.16666666666666666,0.2222222222222222,0.16666666666666666,anomaly
olmo3-7b,qwen3-32b,boolq,487,43,0.08829568788501027,475,0.3642105263157895,0.6053320762623088,0.5742719463649696,0.4549549549549549,0.6053320762623088,0.12244897959183673,0.13953488372093023,0.061224489795918366,0.06976744186046512,0.12244897959183673,0.13953488372093023,margin
olmo3-7b,qwen3-32b,geometry_of_truth,1036,36,0.03474903474903475,1000,0.193,0.7607499999999999,0.9061111111111111,0.5299166666666667,0.9061111111111111,0.20192307692307693,0.5833333333333334,0.19230769230769232,0.5555555555555556,0.19230769230769232,0.5555555555555556,anomaly
olmo3-7b,qwen3-32b,imdb,993,91,0.09164149043303121,1018,0.06581532416502947,0.8020394239906435,0.4703710923223118,0.5033746741063814,0.8020394239906435,0.35353535353535354,0.38461538461538464,0.04040404040404041,0.04395604395604396,0.35353535353535354,0.38461538461538464,margin
olmo3-7b,qwen3-32b,rte,62,18,0.2903225806451613,62,0.16129032258064516,0.8207070707070707,0.6212121212121212,0.6073232323232323,0.8207070707070707,0.5,0.16666666666666666,0.6666666666666666,0.2222222222222222,0.5,0.16666666666666666,margin
olmo3-7b,qwen3-32b,truthfulqa,189,34,0.17989417989417988,327,0.3241590214067278,0.7314990512333966,0.5823529411764705,0.5066413662239089,0.7314990512333966,0.5263157894736842,0.29411764705882354,0.2631578947368421,0.14705882352941177,0.5263157894736842,0.29411764705882354,margin
olmo3-7b,qwen3-8b,boolq,480,50,0.10416666666666667,475,0.35157894736842105,0.6497674418604651,0.48083720930232554,0.5460930232558139,0.6497674418604651,0.1875,0.18,0.08333333333333333,0.08,0.1875,0.18,margin
olmo3-7b,qwen3-8b,geometry_of_truth,989,21,0.021233569261880688,1000,0.207,0.6739472648563558,0.8758854781582055,0.6214088941361668,0.8758854781582055,0.08080808080808081,0.38095238095238093,0.09090909090909091,0.42857142857142855,0.09090909090909091,0.42857142857142855,anomaly
olmo3-7b,qwen3-8b,imdb,989,98,0.09908998988877654,1018,0.06974459724950884,0.8227169655741084,0.44068805973567876,0.5934973315925697,0.8227169655741084,0.40404040404040403,0.40816326530612246,0.050505050505050504,0.05102040816326531,0.40404040404040403,0.40816326530612246,margin
olmo3-7b,qwen3-8b,rte,56,14,0.25,62,0.20967741935483872,0.7993197278911565,0.47789115646258506,0.5,0.7993197278911565,0.5,0.21428571428571427,0.16666666666666666,0.07142857142857142,0.5,0.21428571428571427,margin
olmo3-7b,qwen3-8b,truthfulqa,199,37,0.18592964824120603,327,0.3119266055045872,0.7781114447781114,0.6314647981314648,0.48498498498498505,0.7781114447781114,0.45,0.24324324324324326,0.3,0.16216216216216217,0.45,0.24324324324324326,margin
olmo3-7b,qwen3-8b-base,boolq,540,83,0.1537037037037037,475,0.2968421052631579,0.6141678310616646,0.510716827924389,0.521077746434315,0.6141678310616646,0.24074074074074073,0.1566265060240964,0.1111111111111111,0.07228915662650602,0.24074074074074073,0.1566265060240964,margin
olmo3-7b,qwen3-8b-base,geometry_of_truth,1100,93,0.08454545454545455,1000,0.146,0.776062188337551,0.8688107975355307,0.5302452723409253,0.8688107975355307,0.4636363636363636,0.5483870967741935,0.24545454545454545,0.2903225806451613,0.24545454545454545,0.2903225806451613,anomaly
olmo3-7b,qwen3-8b-base,imdb,1010,102,0.100990099009901,1018,0.09921414538310412,0.8137902738187786,0.46193962166364344,0.5486417033773862,0.8137902738187786,0.39603960396039606,0.39215686274509803,0.07920792079207921,0.0784313725490196,0.39603960396039606,0.39215686274509803,margin
olmo3-7b,qwen3-8b-base,rte,62,18,0.2903225806451613,62,0.16129032258064516,0.8118686868686869,0.5542929292929293,0.6300505050505051,0.8118686868686869,0.3333333333333333,0.1111111111111111,0.3333333333333333,0.1111111111111111,0.3333333333333333,0.1111111111111111,margin
olmo3-7b,qwen3-8b-base,truthfulqa,172,22,0.12790697674418605,327,0.3516819571865443,0.703939393939394,0.6621212121212121,0.5175757575757576,0.703939393939394,0.23529411764705882,0.18181818181818182,0.11764705882352941,0.09090909090909091,0.23529411764705882,0.18181818181818182,margin
olmo3-7b,qwen38-27b,boolq,503,33,0.06560636182902585,475,0.3684210526315789,0.5934880722114765,0.5688588007736943,0.547324306898775,0.5934880722114765,0.06,0.09090909090909091,0.04,0.06060606060606061,0.06,0.09090909090909091,margin
olmo3-7b,qwen38-27b,geometry_of_truth,1033,35,0.03388189738625363,1000,0.195,0.71053535642714,0.897537933008875,0.48754652161465784,0.897537933008875,0.1650485436893204,0.4857142857142857,0.1553398058252427,0.45714285714285713,0.1553398058252427,0.45714285714285713,anomaly
olmo3-7b,qwen38-27b,rte,63,20,0.31746031746031744,62,0.12903225806451613,0.8406976744186047,0.6581395348837209,0.5825581395348837,0.8406976744186047,0.5,0.15,0.5,0.15,0.5,0.15,margin
olmo3-7b,qwen38-27b,truthfulqa,202,35,0.17326732673267325,327,0.29357798165137616,0.7264328485885372,0.6354148845166809,0.505218135158255,0.7264328485885372,0.55,0.3142857142857143,0.2,0.11428571428571428,0.55,0.3142857142857143,margin
qwen3-1.7b,gemma2-9b,boolq,485,34,0.07010309278350516,475,0.40421052631578946,0.6980566062345116,0.4120907786617973,0.6234511542976393,0.6980566062345116,0.16666666666666666,0.23529411764705882,0.041666666666666664,0.058823529411764705,0.16666666666666666,0.23529411764705882,margin
qwen3-1.7b,gemma2-9b,geometry_of_truth,1001,30,0.029970029970029972,1000,0.104,0.6519052523171988,0.8869550291795399,0.7168898043254378,0.8869550291795399,0.08,0.26666666666666666,0.16,0.5333333333333333,0.16,0.5333333333333333,anomaly
qwen3-1.7b,gemma2-9b,imdb,806,46,0.05707196029776675,1018,0.09921414538310412,0.7045480549199085,0.46015446224256296,0.41939359267734555,0.7045480549199085,0.12345679012345678,0.21739130434782608,0.0,0.0,0.12345679012345678,0.21739130434782608,margin
qwen3-1.7b,gemma2-9b,rte,39,10,0.2564102564102564,62,0.4032258064516129,0.8,0.43448275862068964,0.7068965517241379,0.8,0.25,0.1,0.0,0.0,0.25,0.1,margin
qwen3-1.7b,gemma2-9b,truthfulqa,211,48,0.22748815165876776,327,0.39755351681957185,0.6699897750511248,0.5513803680981595,0.39008179959100203,0.6699897750511248,0.3333333333333333,0.14583333333333334,0.3333333333333333,0.14583333333333334,0.3333333333333333,0.14583333333333334,margin
qwen3-1.7b,gemma4-12b,boolq,528,140,0.26515151515151514,475,0.37684210526315787,0.5885309278350516,0.44769882179675996,0.5442378497790868,0.5885309278350516,0.41509433962264153,0.15714285714285714,0.24528301886792453,0.09285714285714286,0.41509433962264153,0.15714285714285714,margin
qwen3-1.7b,gemma4-12b,geometry_of_truth,526,29,0.055133079847908745,1000,0.528,0.7447443280371886,0.815305626864636,0.4510511343925622,0.815305626864636,0.1509433962264151,0.27586206896551724,0.22641509433962265,0.41379310344827586,0.22641509433962265,0.41379310344827586,anomaly
qwen3-1.7b,gemma4-12b,imdb,522,71,0.1360153256704981,1018,0.48035363457760316,0.6174073264420226,0.4810280753255676,0.6490428156522282,0.6490428156522282,0.23076923076923078,0.16901408450704225,0.17307692307692307,0.1267605633802817,0.4807692307692308,0.352112676056338,spread
qwen3-1.7b,gemma4-12b,rte,31,15,0.4838709677419355,62,0.5806451612903226,0.35833333333333334,0.4375,0.42500000000000004,0.4375,0.0,0.0,0.3333333333333333,0.06666666666666667,0.3333333333333333,0.06666666666666667,anomaly
qwen3-1.7b,gemma4-12b,truthfulqa,211,78,0.3696682464454976,327,0.40978593272171254,0.7085020242914979,0.6326392905340273,0.4526701368806632,0.7085020242914979,0.6190476190476191,0.16666666666666666,0.42857142857142855,0.11538461538461539,0.6190476190476191,0.16666666666666666,margin
qwen3-1.7b,gemma4-12b-base,boolq,503,64,0.1272365805168986,475,0.40421052631578946,0.7212770501138952,0.4170344533029613,0.5280822892938497,0.7212770501138952,0.26,0.203125,0.08,0.0625,0.26,0.203125,margin
qwen3-1.7b,gemma4-12b-base,geometry_of_truth,903,37,0.04097452934662237,1000,0.131,0.6434991573559703,0.88299731602272,0.32260782722676484,0.88299731602272,0.14444444444444443,0.35135135135135137,0.13333333333333333,0.32432432432432434,0.13333333333333333,0.32432432432432434,anomaly
qwen3-1.7b,gemma4-12b-base,imdb,539,69,0.1280148423005566,1018,0.2082514734774067,0.5806660499537466,0.4194264569842738,0.6693493678692569,0.6693493678692569,0.16666666666666666,0.13043478260869565,0.037037037037037035,0.028985507246376812,0.48148148148148145,0.37681159420289856,spread
qwen3-1.7b,gemma4-12b-base,rte,49,20,0.40816326530612246,62,0.3387096774193548,0.496551724137931,0.6103448275862069,0.496551724137931,0.6103448275862069,0.2,0.05,0.2,0.05,0.2,0.05,anomaly
qwen3-1.7b,gemma4-12b-base,truthfulqa,191,44,0.23036649214659685,327,0.39755351681957185,0.6542980828695114,0.6816635745207174,0.3460111317254174,0.6816635745207174,0.2631578947368421,0.11363636363636363,0.3684210526315789,0.1590909090909091,0.3684210526315789,0.1590909090909091,anomaly
qwen3-1.7b,gemma4-31b,boolq,500,61,0.122,475,0.42736842105263156,0.6910265506553641,0.4988610478359909,0.5073378393517308,0.6910265506553641,0.3,0.2459016393442623,0.14,0.11475409836065574,0.3,0.2459016393442623,margin
qwen3-1.7b,gemma4-31b,geometry_of_truth,687,27,0.039301310043668124,1000,0.383,0.7257014590347923,0.8578002244668911,0.3790684624017957,0.8578002244668911,0.10144927536231885,0.25925925925925924,0.2753623188405797,0.7037037037037037,0.2753623188405797,0.7037037037037037,anomaly
qwen3-1.7b,gemma4-31b,rte,38,17,0.4473684210526316,62,0.3548387096774194,0.6330532212885154,0.4005602240896359,0.6862745098039216,0.6862745098039216,0.5,0.11764705882352941,0.25,0.058823529411764705,0.75,0.17647058823529413,spread
qwen3-1.7b,gemma4-31b,truthfulqa,193,45,0.23316062176165803,327,0.43119266055045874,0.6612612612612612,0.6382882882882883,0.3621621621621622,0.6612612612612612,0.21052631578947367,0.08888888888888889,0.3684210526315789,0.15555555555555556,0.21052631578947367,0.08888888888888889,margin
qwen3-1.7b,gptj-6b,boolq,571,149,0.2609457092819615,475,0.3452631578947368,0.5980152040459302,0.47846623620344164,0.5333821050287859,0.5980152040459302,0.38596491228070173,0.1476510067114094,0.22807017543859648,0.087248322147651,0.38596491228070173,0.1476510067114094,margin
qwen3-1.7b,gptj-6b,geometry_of_truth,661,81,0.12254160363086233,1000,0.499,0.4968284376330353,0.8382503192848021,0.365581098339719,0.8382503192848021,0.19696969696969696,0.16049382716049382,0.3333333333333333,0.2716049382716049,0.3333333333333333,0.2716049382716049,anomaly
qwen3-1.7b,gptj-6b,imdb,565,59,0.10442477876106195,1018,0.16404715127701375,0.5707777852214109,0.4478461847658605,0.6831245394252027,0.6831245394252027,0.17857142857142858,0.1694915254237288,0.07142857142857142,0.06779661016949153,0.4107142857142857,0.3898305084745763,spread
qwen3-1.7b,gptj-6b,rte,52,27,0.5192307692307693,62,0.08064516129032258,0.5111111111111111,0.5555555555555556,0.5111111111111111,0.5555555555555556,0.6,0.1111111111111111,0.8,0.14814814814814814,0.8,0.14814814814814814,anomaly
qwen3-1.7b,gptj-6b,truthfulqa,168,31,0.18452380952380953,327,0.36085626911314983,0.8043324699788086,0.7273369437249824,0.41087826701200847,0.8043324699788086,0.5294117647058824,0.2903225806451613,0.4117647058823529,0.22580645161290322,0.5294117647058824,0.2903225806451613,margin
qwen3-1.7b,llama-8b,boolq,440,48,0.10909090909090909,475,0.4105263157894737,0.6909013605442177,0.4251700680272109,0.5070684523809523,0.6909013605442177,0.25,0.22916666666666666,0.06818181818181818,0.0625,0.25,0.22916666666666666,margin
qwen3-1.7b,llama-8b,geometry_of_truth,1043,84,0.08053691275167785,1000,0.079,0.6832886439247232,0.8732310442425144,0.5919981131138586,0.8732310442425144,0.18269230769230768,0.2261904761904762,0.25961538461538464,0.32142857142857145,0.25961538461538464,0.32142857142857145,anomaly
qwen3-1.7b,llama-8b,imdb,829,57,0.06875753920386007,1018,0.12966601178781925,0.7296382147077538,0.49959094627761114,0.4612307972002545,0.7296382147077538,0.1686746987951807,0.24561403508771928,0.04819277108433735,0.07017543859649122,0.1686746987951807,0.24561403508771928,margin
qwen3-1.7b,llama-8b,rte,45,15,0.3333333333333333,62,0.3548387096774194,0.6022222222222222,0.5666666666666667,0.5622222222222222,0.6022222222222222,0.25,0.06666666666666667,0.25,0.06666666666666667,0.25,0.06666666666666667,margin
qwen3-1.7b,llama-8b,truthfulqa,202,38,0.18811881188118812,327,0.42507645259938837,0.6708921694480103,0.6750641848523748,0.37082798459563543,0.6750641848523748,0.2,0.10526315789473684,0.35,0.18421052631578946,0.35,0.18421052631578946,anomaly
qwen3-1.7b,llama31-405b,boolq,443,25,0.056433408577878104,475,0.42736842105263156,0.5888995215311005,0.5364593301435407,0.5498564593301436,0.5888995215311005,0.11363636363636363,0.2,0.06818181818181818,0.12,0.11363636363636363,0.2,margin
qwen3-1.7b,llama31-405b,geometry_of_truth,998,25,0.025050100200400802,1000,0.109,0.7732374100719425,0.9109146968139774,0.7295375128468654,0.9109146968139774,0.1,0.4,0.17,0.68,0.17,0.68,anomaly
qwen3-1.7b,llama31-405b,imdb,831,53,0.06377858002406739,1018,0.11296660117878192,0.7548139884561285,0.445966920502498,0.3928796624145124,0.7548139884561285,0.1927710843373494,0.3018867924528302,0.03614457831325301,0.05660377358490566,0.1927710843373494,0.3018867924528302,margin
qwen3-1.7b,llama31-405b,rte,46,16,0.34782608695652173,62,0.3870967741935484,0.7145833333333333,0.35,0.5416666666666667,0.7145833333333333,0.6,0.1875,0.0,0.0,0.6,0.1875,margin
qwen3-1.7b,llama31-405b,truthfulqa,214,24,0.11214953271028037,327,0.47706422018348627,0.6925438596491228,0.6951754385964912,0.2881578947368421,0.6951754385964912,0.19047619047619047,0.16666666666666666,0.19047619047619047,0.16666666666666666,0.19047619047619047,0.16666666666666666,anomaly
qwen3-1.7b,llama31-70b,boolq,450,30,0.06666666666666667,475,0.42105263157894735,0.5369047619047619,0.4420634920634921,0.473015873015873,0.5369047619047619,0.06666666666666667,0.1,0.022222222222222223,0.03333333333333333,0.06666666666666667,0.1,margin
qwen3-1.7b,llama31-70b,geometry_of_truth,1028,53,0.05155642023346303,1000,0.087,0.7329462989840348,0.8979003386550557,0.621441702951137,0.8979003386550557,0.1650485436893204,0.32075471698113206,0.2524271844660194,0.49056603773584906,0.2524271844660194,0.49056603773584906,anomaly
qwen3-1.7b,llama31-70b,imdb,808,39,0.04826732673267327,1018,0.1031434184675835,0.7531926244540028,0.46353906171851555,0.3795805408289153,0.7531926244540028,0.1728395061728395,0.358974358974359,0.04938271604938271,0.10256410256410256,0.1728395061728395,0.358974358974359,margin
qwen3-1.7b,llama31-70b,rte,44,14,0.3181818181818182,62,0.3387096774193548,0.7333333333333334,0.3880952380952381,0.5619047619047619,0.7333333333333334,0.75,0.21428571428571427,0.25,0.07142857142857142,0.75,0.21428571428571427,margin
qwen3-1.7b,llama31-70b,truthfulqa,211,31,0.14691943127962084,327,0.45871559633027525,0.6442652329749105,0.6577060931899642,0.33924731182795703,0.6577060931899642,0.14285714285714285,0.0967741935483871,0.2857142857142857,0.1935483870967742,0.2857142857142857,0.1935483870967742,anomaly
qwen3-1.7b,llama31-70b-base,boolq,371,43,0.11590296495956873,475,0.44842105263157894,0.6205331820760068,0.4699376063528078,0.4052041973908111,0.6205331820760068,0.21621621621621623,0.18604651162790697,0.13513513513513514,0.11627906976744186,0.21621621621621623,0.18604651162790697,margin
qwen3-1.7b,llama31-70b-base,geometry_of_truth,967,76,0.07859358841778696,1000,0.165,0.7534260736015121,0.8881357433989012,0.5309528028826275,0.8881357433989012,0.24742268041237114,0.3157894736842105,0.29896907216494845,0.3815789473684211,0.29896907216494845,0.3815789473684211,anomaly
qwen3-1.7b,llama31-70b-base,imdb,514,47,0.0914396887159533,1018,0.20923379174852652,0.6352453414734156,0.40667000774522755,0.5670873388309263,0.6352453414734156,0.1568627450980392,0.1702127659574468,0.0392156862745098,0.0425531914893617,0.1568627450980392,0.1702127659574468,margin
qwen3-1.7b,llama31-70b-base,rte,50,21,0.42,62,0.2903225806451613,0.5517241379310345,0.4302134646962233,0.49261083743842365,0.5517241379310345,0.2,0.047619047619047616,0.0,0.0,0.2,0.047619047619047616,margin
qwen3-1.7b,llama31-70b-base,truthfulqa,214,44,0.205607476635514,327,0.42813455657492355,0.736764705882353,0.6606951871657755,0.5002673796791444,0.736764705882353,0.5238095238095238,0.25,0.23809523809523808,0.11363636363636363,0.5238095238095238,0.25,margin
qwen3-1.7b,llama31-8b-base,boolq,356,50,0.1404494382022472,475,0.4652631578947368,0.6008496732026144,0.4907843137254902,0.49,0.6008496732026144,0.2777777777777778,0.2,0.08333333333333333,0.06,0.2777777777777778,0.2,margin
qwen3-1.7b,llama31-8b-base,geometry_of_truth,954,87,0.09119496855345911,1000,0.093,0.6884619973750149,0.8402736348088932,0.6585795914038367,0.8402736348088932,0.16842105263157894,0.1839080459770115,0.24210526315789474,0.26436781609195403,0.24210526315789474,0.26436781609195403,anomaly
qwen3-1.7b,llama31-8b-base,imdb,539,62,0.1150278293135436,1018,0.15225933202357564,0.5812876175018598,0.4446811388381687,0.6344086021505376,0.6344086021505376,0.18518518518518517,0.16129032258064516,0.1111111111111111,0.0967741935483871,0.4444444444444444,0.3870967741935484,spread
qwen3-1.7b,llama31-8b-base,rte,46,17,0.3695652173913043,62,0.3548387096774194,0.4279918864097363,0.4178498985801217,0.3935091277890467,0.4279918864097363,0.0,0.0,0.2,0.058823529411764705,0.0,0.0,margin
qwen3-1.7b,llama31-8b-base,truthfulqa,174,26,0.14942528735632185,327,0.3761467889908257,0.6613825363825364,0.6262993762993763,0.45738045738045735,0.6613825363825364,0.4117647058823529,0.2692307692307692,0.23529411764705882,0.15384615384615385,0.4117647058823529,0.2692307692307692,margin
qwen3-1.7b,olmo3-7b,boolq,525,81,0.15428571428571428,475,0.43157894736842106,0.6146424201979757,0.4794794794794795,0.46171171171171166,0.6146424201979757,0.25,0.16049382716049382,0.11538461538461539,0.07407407407407407,0.25,0.16049382716049382,margin
qwen3-1.7b,olmo3-7b,geometry_of_truth,1101,119,0.1080835603996367,1000,0.123,0.7271817077136353,0.8623200807818034,0.49072378442211917,0.8623200807818034,0.33636363636363636,0.31092436974789917,0.3090909090909091,0.2857142857142857,0.3090909090909091,0.2857142857142857,anomaly
qwen3-1.7b,olmo3-7b,imdb,835,68,0.081437125748503,1018,0.11591355599214145,0.7279124165963649,0.4981401948002147,0.43158984584707416,0.7279124165963649,0.19047619047619047,0.23529411764705882,0.07142857142857142,0.08823529411764706,0.19047619047619047,0.23529411764705882,margin
qwen3-1.7b,olmo3-7b,rte,47,17,0.3617021276595745,62,0.2903225806451613,0.6254901960784314,0.4490196078431372,0.6274509803921569,0.6274509803921569,0.2,0.058823529411764705,0.4,0.11764705882352941,0.4,0.11764705882352941,spread
qwen3-1.7b,olmo3-7b,truthfulqa,233,53,0.22746781115879827,327,0.2874617737003058,0.7842767295597485,0.6510482180293501,0.6061844863731657,0.7842767295597485,0.6086956521739131,0.2641509433962264,0.30434782608695654,0.1320754716981132,0.6086956521739131,0.2641509433962264,margin
qwen3-1.7b,qwen3-32b,boolq,506,32,0.06324110671936758,475,0.42947368421052634,0.6160337552742616,0.4686840717299578,0.5948048523206751,0.6160337552742616,0.11764705882352941,0.1875,0.09803921568627451,0.15625,0.11764705882352941,0.1875,margin
qwen3-1.7b,qwen3-32b,geometry_of_truth,1011,35,0.03461918892185954,1000,0.1,0.6982435597189696,0.9115339578454332,0.4968091334894614,0.9115339578454332,0.10891089108910891,0.3142857142857143,0.21782178217821782,0.6285714285714286,0.21782178217821782,0.6285714285714286,anomaly
qwen3-1.7b,qwen3-32b,imdb,830,58,0.06987951807228916,1018,0.10707269155206287,0.7376719671252456,0.433960157227086,0.43458549222797926,0.7376719671252456,0.18072289156626506,0.25862068965517243,0.03614457831325301,0.05172413793103448,0.18072289156626506,0.25862068965517243,margin
qwen3-1.7b,qwen3-32b,rte,47,15,0.3191489361702128,62,0.3548387096774194,0.7625,0.5520833333333333,0.7562500000000001,0.7625,0.4,0.13333333333333333,0.2,0.06666666666666667,0.4,0.13333333333333333,margin
qwen3-1.7b,qwen3-32b,truthfulqa,219,50,0.228310502283105,327,0.39755351681957185,0.6388165680473372,0.6127810650887574,0.39195266272189355,0.6388165680473372,0.3181818181818182,0.14,0.36363636363636365,0.16,0.3181818181818182,0.14,margin
qwen3-1.7b,qwen3-8b,boolq,491,40,0.0814663951120163,475,0.4126315789473684,0.6364190687361418,0.4594789356984479,0.47305986696230595,0.6364190687361418,0.10204081632653061,0.125,0.08163265306122448,0.1,0.10204081632653061,0.125,margin
qwen3-1.7b,qwen3-8b,geometry_of_truth,968,19,0.01962809917355372,1000,0.116,0.5648605179967833,0.8797071709833065,0.5660806388996728,0.8797071709833065,0.020618556701030927,0.10526315789473684,0.08247422680412371,0.42105263157894735,0.08247422680412371,0.42105263157894735,anomaly
qwen3-1.7b,qwen3-8b,imdb,839,67,0.07985697258641239,1018,0.10707269155206287,0.7544466785244761,0.447915861108963,0.4238071301523471,0.7544466785244761,0.25,0.31343283582089554,0.047619047619047616,0.05970149253731343,0.25,0.31343283582089554,margin
qwen3-1.7b,qwen3-8b,rte,44,14,0.3181818181818182,62,0.3064516129032258,0.7404761904761904,0.42380952380952386,0.5976190476190476,0.7404761904761904,0.5,0.14285714285714285,0.0,0.0,0.5,0.14285714285714285,margin
qwen3-1.7b,qwen3-8b,truthfulqa,228,53,0.2324561403508772,327,0.3853211009174312,0.6913207547169811,0.6081940700808626,0.348355795148248,0.6913207547169811,0.34782608695652173,0.1509433962264151,0.391304347826087,0.16981132075471697,0.34782608695652173,0.1509433962264151,margin
qwen3-1.7b,qwen3-8b-base,boolq,537,75,0.13966480446927373,475,0.3494736842105263,0.6782972582972583,0.42481962481962476,0.43313131313131314,0.6782972582972583,0.2777777777777778,0.2,0.1111111111111111,0.08,0.2777777777777778,0.2,margin
qwen3-1.7b,qwen3-8b-base,geometry_of_truth,1061,79,0.07445805843543826,1000,0.079,0.7563613395550284,0.8677460104668849,0.6889582098017479,0.8677460104668849,0.3018867924528302,0.4050632911392405,0.18867924528301888,0.25316455696202533,0.18867924528301888,0.25316455696202533,anomaly
qwen3-1.7b,qwen3-8b-base,imdb,840,61,0.07261904761904762,1018,0.15618860510805502,0.7314126980786633,0.4659609840274416,0.4679601843473137,0.7314126980786633,0.20238095238095238,0.2786885245901639,0.05952380952380952,0.08196721311475409,0.20238095238095238,0.2786885245901639,margin
qwen3-1.7b,qwen3-8b-base,rte,48,17,0.3541666666666667,62,0.2903225806451613,0.7286527514231499,0.4876660341555977,0.5597722960151803,0.7286527514231499,0.4,0.11764705882352941,0.2,0.058823529411764705,0.4,0.11764705882352941,margin
qwen3-1.7b,qwen3-8b-base,truthfulqa,190,34,0.17894736842105263,327,0.44954128440366975,0.6843891402714932,0.6323529411764706,0.3357843137254902,0.6843891402714932,0.2631578947368421,0.14705882352941177,0.15789473684210525,0.08823529411764706,0.2631578947368421,0.14705882352941177,margin
qwen3-1.7b,qwen38-27b,boolq,545,29,0.05321100917431193,475,0.40421052631578946,0.6581128040630848,0.4863004544239508,0.5120288692862871,0.6581128040630848,0.1111111111111111,0.20689655172413793,0.018518518518518517,0.034482758620689655,0.1111111111111111,0.20689655172413793,margin
qwen3-1.7b,qwen38-27b,geometry_of_truth,1012,35,0.03458498023715415,1000,0.1,0.6896329872788418,0.8940780815908758,0.749758736657406,0.8940780815908758,0.1188118811881188,0.34285714285714286,0.15841584158415842,0.45714285714285713,0.15841584158415842,0.45714285714285713,anomaly
qwen3-1.7b,qwen38-27b,rte,52,21,0.40384615384615385,62,0.1935483870967742,0.7327188940092166,0.6144393241167434,0.6374807987711213,0.7327188940092166,0.4,0.09523809523809523,0.2,0.047619047619047616,0.4,0.09523809523809523,margin
qwen3-1.7b,qwen38-27b,truthfulqa,239,52,0.2175732217573222,327,0.36085626911314983,0.6415055532702592,0.6856232003290827,0.4215343480049362,0.6856232003290827,0.3333333333333333,0.15384615384615385,0.4166666666666667,0.19230769230769232,0.4166666666666667,0.19230769230769232,anomaly
qwen3-32b,llama31-405b,boolq,559,40,0.07155635062611806,475,0.1368421052631579,0.6105491329479769,0.528757225433526,0.4721098265895954,0.6105491329479769,0.10714285714285714,0.15,0.10714285714285714,0.15,0.10714285714285714,0.15,margin
qwen3-32b,llama31-405b,geometry_of_truth,1015,23,0.022660098522167486,1000,0.017,0.9069074333800842,0.9061623422159888,0.5895424263674615,0.9069074333800842,0.16666666666666666,0.7391304347826086,0.14705882352941177,0.6521739130434783,0.16666666666666666,0.7391304347826086,margin
qwen3-32b,llama31-405b,imdb,1000,80,0.08,1018,0.0550098231827112,0.8506657608695652,0.46376358695652176,0.6138043478260871,0.8506657608695652,0.36,0.45,0.06,0.075,0.36,0.45,margin
qwen3-32b,llama31-405b,rte,63,18,0.2857142857142857,62,0.22580645161290322,0.8839506172839506,0.4925925925925925,0.44938271604938274,0.8839506172839506,0.8333333333333334,0.2777777777777778,0.3333333333333333,0.1111111111111111,0.8333333333333334,0.2777777777777778,margin
qwen3-32b,llama31-405b,truthfulqa,294,48,0.16326530612244897,327,0.25076452599388377,0.7007113821138212,0.6332994579945799,0.5722391598915989,0.7007113821138212,0.27586206896551724,0.16666666666666666,0.27586206896551724,0.16666666666666666,0.27586206896551724,0.16666666666666666,margin
qwen3-32b,llama31-70b,boolq,556,41,0.0737410071942446,475,0.14736842105263157,0.5534927776462231,0.5165995737627279,0.5085010655931802,0.5534927776462231,0.07142857142857142,0.0975609756097561,0.03571428571428571,0.04878048780487805,0.07142857142857142,0.0975609756097561,margin
qwen3-32b,llama31-70b,geometry_of_truth,1026,33,0.03216374269005848,1000,0.031,0.7691720833714791,0.9194055357197352,0.28935884525008393,0.9194055357197352,0.1650485436893204,0.5151515151515151,0.20388349514563106,0.6363636363636364,0.20388349514563106,0.6363636363636364,anomaly
qwen3-32b,llama31-70b,imdb,973,63,0.06474820143884892,1018,0.05108055009823183,0.8614861329147042,0.4523983952555381,0.7251351822780394,0.8614861329147042,0.3402061855670103,0.5238095238095238,0.030927835051546393,0.047619047619047616,0.3402061855670103,0.5238095238095238,margin
qwen3-32b,llama31-70b,rte,61,16,0.26229508196721313,62,0.1774193548387097,0.8819444444444444,0.6527777777777777,0.4472222222222222,0.8819444444444444,0.8333333333333334,0.3125,0.3333333333333333,0.125,0.8333333333333334,0.3125,margin
qwen3-32b,llama31-70b,truthfulqa,292,65,0.2226027397260274,327,0.1712538226299694,0.6680447305997967,0.5783802100982717,0.5404269739071501,0.6680447305997967,0.3448275862068966,0.15384615384615385,0.13793103448275862,0.06153846153846154,0.3448275862068966,0.15384615384615385,margin
qwen3-32b,llama31-70b-base,boolq,447,34,0.07606263982102908,475,0.25894736842105265,0.5416607320894459,0.5640222190571144,0.42743198974505053,0.5640222190571144,0.044444444444444446,0.058823529411764705,0.06666666666666667,0.08823529411764706,0.06666666666666667,0.08823529411764706,anomaly
qwen3-32b,llama31-70b-base,geometry_of_truth,938,32,0.03411513859275053,1000,0.157,0.7505173841059603,0.9094577814569536,0.31591473509933776,0.9094577814569536,0.05319148936170213,0.15625,0.19148936170212766,0.5625,0.19148936170212766,0.5625,anomaly
qwen3-32b,llama31-70b-base,imdb,558,48,0.08602150537634409,1018,0.20235756385068762,0.7178513071895425,0.4578431372549019,0.39129901960784313,0.7178513071895425,0.19642857142857142,0.22916666666666666,0.03571428571428571,0.041666666666666664,0.19642857142857142,0.22916666666666666,margin
qwen3-32b,llama31-70b-base,rte,55,18,0.32727272727272727,62,0.2903225806451613,0.8018018018018018,0.6276276276276276,0.5885885885885886,0.8018018018018018,0.5,0.16666666666666666,0.3333333333333333,0.1111111111111111,0.5,0.16666666666666666,margin
qwen3-32b,llama31-70b-base,truthfulqa,236,50,0.211864406779661,327,0.3119266055045872,0.6172043010752688,0.6641935483870968,0.4302150537634408,0.6641935483870968,0.3333333333333333,0.16,0.2916666666666667,0.14,0.2916666666666667,0.14,anomaly
qwen3-8b,gemma2-9b,boolq,564,48,0.0851063829787234,475,0.13473684210526315,0.6818071705426356,0.47197997416020676,0.46963824289405687,0.6818071705426356,0.17857142857142858,0.20833333333333334,0.07142857142857142,0.08333333333333333,0.17857142857142858,0.20833333333333334,margin
qwen3-8b,gemma2-9b,geometry_of_truth,980,15,0.015306122448979591,1000,0.022,0.6105699481865285,0.8641796200345423,0.6442141623488773,0.8641796200345423,0.061224489795918366,0.4,0.07142857142857142,0.4666666666666667,0.07142857142857142,0.4666666666666667,anomaly
qwen3-8b,gemma2-9b,imdb,946,68,0.07188160676532769,1018,0.068762278978389,0.7932801822323462,0.45208026262896955,0.5950187592121131,0.7932801822323462,0.29473684210526313,0.4117647058823529,0.010526315789473684,0.014705882352941176,0.29473684210526313,0.4117647058823529,margin
qwen3-8b,gemma2-9b,rte,52,10,0.19230769230769232,62,0.22580645161290322,0.8500000000000001,0.6261904761904762,0.36428571428571427,0.8500000000000001,0.2,0.1,0.4,0.2,0.2,0.1,margin
qwen3-8b,gemma2-9b,truthfulqa,270,68,0.2518518518518518,327,0.2018348623853211,0.6290040768782761,0.5838672102504368,0.47160745486313344,0.6290040768782761,0.3333333333333333,0.1323529411764706,0.2962962962962963,0.11764705882352941,0.3333333333333333,0.1323529411764706,margin
qwen3-8b,gemma4-12b,boolq,346,34,0.09826589595375723,475,0.6126315789473684,0.6134049773755657,0.42835595776772245,0.35756033182503766,0.6134049773755657,0.17142857142857143,0.17647058823529413,0.05714285714285714,0.058823529411764705,0.17142857142857143,0.17647058823529413,margin
qwen3-8b,gemma4-12b,geometry_of_truth,502,6,0.01195219123505976,1000,0.462,0.802755376344086,0.9122983870967742,0.6364247311827957,0.9122983870967742,0.02,0.16666666666666666,0.08,0.6666666666666666,0.08,0.6666666666666666,anomaly
qwen3-8b,gemma4-12b,imdb,546,46,0.08424908424908426,1018,0.5422396856581533,0.6795217391304348,0.47756521739130436,0.3483478260869565,0.6795217391304348,0.18181818181818182,0.21739130434782608,0.10909090909090909,0.13043478260869565,0.18181818181818182,0.21739130434782608,margin
qwen3-8b,gemma4-12b,rte,36,13,0.3611111111111111,62,0.46774193548387094,0.7692307692307693,0.5785953177257526,0.30434782608695654,0.7692307692307693,0.5,0.15384615384615385,0.5,0.15384615384615385,0.5,0.15384615384615385,margin
qwen3-8b,gemma4-12b,truthfulqa,203,63,0.3103448275862069,327,0.42813455657492355,0.6212018140589569,0.6003401360544217,0.4395691609977324,0.6212018140589569,0.4,0.12698412698412698,0.3,0.09523809523809523,0.4,0.12698412698412698,margin
qwen3-8b,gemma4-12b-base,boolq,534,52,0.09737827715355805,475,0.24421052631578946,0.7103415256942228,0.49461378870092565,0.5609240344717523,0.7103415256942228,0.1320754716981132,0.1346153846153846,0.07547169811320754,0.07692307692307693,0.1320754716981132,0.1346153846153846,margin
qwen3-8b,gemma4-12b-base,geometry_of_truth,881,12,0.01362088535754824,1000,0.069,0.6313770617568085,0.8805140007671654,0.44016110471806674,0.8805140007671654,0.03409090909090909,0.25,0.056818181818181816,0.4166666666666667,0.056818181818181816,0.4166666666666667,anomaly
qwen3-8b,gemma4-12b-base,imdb,546,42,0.07692307692307693,1018,0.27406679764243613,0.6832955404383976,0.48535525321239603,0.4333427815570673,0.6832955404383976,0.18181818181818182,0.23809523809523808,0.0,0.0,0.18181818181818182,0.23809523809523808,margin
qwen3-8b,gemma4-12b-base,rte,53,14,0.2641509433962264,62,0.3548387096774194,0.8058608058608058,0.6593406593406593,0.5952380952380952,0.8058608058608058,0.6,0.21428571428571427,0.4,0.14285714285714285,0.6,0.21428571428571427,margin
qwen3-8b,gemma4-12b-base,truthfulqa,172,33,0.19186046511627908,327,0.39143730886850153,0.6230651842162633,0.5945062132112492,0.33202528885982124,0.6230651842162633,0.17647058823529413,0.09090909090909091,0.29411764705882354,0.15151515151515152,0.17647058823529413,0.09090909090909091,margin
qwen3-8b,gemma4-31b,boolq,470,41,0.08723404255319149,475,0.30105263157894735,0.6675194723975211,0.43657968048211954,0.4434589800443459,0.6675194723975211,0.14893617021276595,0.17073170731707318,0.0425531914893617,0.04878048780487805,0.14893617021276595,0.17073170731707318,margin
qwen3-8b,gemma4-31b,geometry_of_truth,671,6,0.00894187779433681,1000,0.313,0.8533834586466166,0.9716791979949875,0.5328320802005012,0.9716791979949875,0.029850746268656716,0.3333333333333333,0.08955223880597014,1.0,0.08955223880597014,1.0,anomaly
qwen3-8b,gemma4-31b,rte,36,9,0.25,62,0.43548387096774194,0.7613168724279835,0.31275720164609055,0.3415637860082304,0.7613168724279835,0.75,0.3333333333333333,0.25,0.1111111111111111,0.75,0.3333333333333333,margin
qwen3-8b,gemma4-31b,truthfulqa,177,37,0.20903954802259886,327,0.40672782874617736,0.7096525096525097,0.6297297297297296,0.37451737451737455,0.7096525096525097,0.2777777777777778,0.13513513513513514,0.2222222222222222,0.10810810810810811,0.2777777777777778,0.13513513513513514,margin
qwen3-8b,llama-8b,boolq,514,50,0.09727626459143969,475,0.19157894736842104,0.6732327586206897,0.4323706896551724,0.45650862068965514,0.6732327586206897,0.21568627450980393,0.22,0.0196078431372549,0.02,0.21568627450980393,0.22,margin
qwen3-8b,llama-8b,geometry_of_truth,964,19,0.01970954356846473,1000,0.097,0.5795043163464216,0.88833194096352,0.5158451684767473,0.88833194096352,0.010416666666666666,0.05263157894736842,0.10416666666666667,0.5263157894736842,0.10416666666666667,0.5263157894736842,anomaly
qwen3-8b,llama-8b,imdb,972,88,0.09053497942386832,1018,0.08153241650294696,0.8382352941176471,0.46269539284245176,0.5759075483340189,0.8382352941176471,0.4329896907216495,0.4772727272727273,0.05154639175257732,0.056818181818181816,0.4329896907216495,0.4772727272727273,margin
qwen3-8b,llama-8b,rte,51,12,0.23529411764705882,62,0.27419354838709675,0.8824786324786326,0.5769230769230769,0.5213675213675213,0.8824786324786326,0.6,0.25,0.2,0.08333333333333333,0.6,0.25,margin
qwen3-8b,llama-8b,truthfulqa,248,55,0.2217741935483871,327,0.24770642201834864,0.6830899670277908,0.6373999057936882,0.4390956194065002,0.6830899670277908,0.12,0.05454545454545454,0.36,0.16363636363636364,0.12,0.05454545454545454,margin
qwen3-8b,llama31-405b,boolq,543,35,0.06445672191528545,475,0.17473684210526316,0.6419572553430821,0.47744656917885264,0.465748031496063,0.6419572553430821,0.12962962962962962,0.2,0.07407407407407407,0.11428571428571428,0.12962962962962962,0.2,margin
qwen3-8b,llama31-405b,geometry_of_truth,979,13,0.013278855975485188,1000,0.021,0.8044274566013696,0.8940914158305463,0.5225354355789138,0.8940914158305463,0.061224489795918366,0.46153846153846156,0.07142857142857142,0.5384615384615384,0.07142857142857142,0.5384615384615384,anomaly
qwen3-8b,llama31-405b,imdb,986,81,0.0821501014198783,1018,0.07072691552062868,0.8461496487279174,0.46164654525612164,0.6035195416410886,0.8461496487279174,0.37373737373737376,0.4567901234567901,0.06060606060606061,0.07407407407407407,0.37373737373737376,0.4567901234567901,margin
qwen3-8b,llama31-405b,rte,56,14,0.25,62,0.27419354838709675,0.8928571428571429,0.41156462585034015,0.4098639455782313,0.8928571428571429,0.6666666666666666,0.2857142857142857,0.16666666666666666,0.07142857142857142,0.6666666666666666,0.2857142857142857,margin
qwen3-8b,llama31-405b,truthfulqa,271,45,0.16605166051660517,327,0.27522935779816515,0.7165191740412978,0.5981317600786628,0.47885939036381514,0.7165191740412978,0.25925925925925924,0.15555555555555556,0.3333333333333333,0.2,0.25925925925925924,0.15555555555555556,margin
qwen3-8b,llama31-70b,boolq,539,35,0.06493506493506493,475,0.18947368421052632,0.6096938775510206,0.4602040816326531,0.5227324263038549,0.6096938775510206,0.07407407407407407,0.11428571428571428,0.05555555555555555,0.08571428571428572,0.07407407407407407,0.11428571428571428,margin
qwen3-8b,llama31-70b,geometry_of_truth,983,18,0.018311291963377416,1000,0.045,0.6889464594127808,0.8948762233736327,0.6026482440990213,0.8948762233736327,0.04081632653061224,0.2222222222222222,0.10204081632653061,0.5555555555555556,0.10204081632653061,0.5555555555555556,anomaly
qwen3-8b,llama31-70b,imdb,953,59,0.06190975865687303,1018,0.07662082514734773,0.8580366283699238,0.45654646797861453,0.7285102187843627,0.8580366283699238,0.3368421052631579,0.5423728813559322,0.010526315789473684,0.01694915254237288,0.3368421052631579,0.5423728813559322,margin
qwen3-8b,llama31-70b,rte,55,12,0.21818181818181817,62,0.22580645161290322,0.8391472868217055,0.5368217054263565,0.39534883720930236,0.8391472868217055,0.5,0.25,0.0,0.0,0.5,0.25,margin
qwen3-8b,llama31-70b,truthfulqa,269,55,0.20446096654275092,327,0.23853211009174313,0.6317757009345794,0.5997451146983857,0.44307561597281225,0.6317757009345794,0.18518518518518517,0.09090909090909091,0.3333333333333333,0.16363636363636364,0.18518518518518517,0.09090909090909091,margin
qwen3-8b,llama31-70b-base,boolq,446,42,0.09417040358744394,475,0.24210526315789474,0.6410301744460161,0.5107850070721358,0.42798208392267795,0.6410301744460161,0.1111111111111111,0.11904761904761904,0.06666666666666667,0.07142857142857142,0.1111111111111111,0.11904761904761904,margin
qwen3-8b,llama31-70b-base,geometry_of_truth,897,17,0.0189520624303233,1000,0.171,0.6988636363636364,0.8938502673796791,0.44070855614973264,0.8938502673796791,0.022222222222222223,0.11764705882352941,0.08888888888888889,0.47058823529411764,0.08888888888888889,0.47058823529411764,anomaly
qwen3-8b,llama31-70b-base,imdb,560,55,0.09821428571428571,1018,0.206286836935167,0.7190639063906391,0.4081368136813681,0.3785058505850585,0.7190639063906391,0.16071428571428573,0.16363636363636364,0.017857142857142856,0.01818181818181818,0.16071428571428573,0.16363636363636364,margin
qwen3-8b,llama31-70b-base,rte,49,14,0.2857142857142857,62,0.3387096774193548,0.7795918367346939,0.3775510204081633,0.5448979591836736,0.7795918367346939,0.4,0.14285714285714285,0.0,0.0,0.4,0.14285714285714285,margin
qwen3-8b,llama31-70b-base,truthfulqa,228,48,0.21052631578947367,327,0.3302752293577982,0.6717592592592593,0.6907407407407408,0.4601851851851852,0.6907407407407408,0.391304347826087,0.1875,0.43478260869565216,0.20833333333333334,0.43478260869565216,0.20833333333333334,anomaly
qwen3-8b,llama31-8b-base,boolq,447,51,0.11409395973154363,475,0.2505263157894737,0.6345811051693405,0.433699742523272,0.4652901564666271,0.6345811051693405,0.15555555555555556,0.13725490196078433,0.044444444444444446,0.0392156862745098,0.15555555555555556,0.13725490196078433,margin
qwen3-8b,llama31-8b-base,geometry_of_truth,872,20,0.022935779816513763,1000,0.115,0.6072183098591549,0.8569835680751174,0.4805164319248826,0.8569835680751174,0.011494252873563218,0.05,0.10344827586206896,0.45,0.10344827586206896,0.45,anomaly
qwen3-8b,llama31-8b-base,imdb,526,29,0.055133079847908745,1018,0.22986247544204322,0.6217997641018524,0.4426559356136821,0.4107403038923194,0.6217997641018524,0.1320754716981132,0.2413793103448276,0.018867924528301886,0.034482758620689655,0.1320754716981132,0.2413793103448276,margin
qwen3-8b,llama31-8b-base,rte,49,12,0.24489795918367346,62,0.3387096774193548,0.8130630630630631,0.42117117117117114,0.5968468468468467,0.8130630630630631,0.6,0.25,0.0,0.0,0.6,0.25,margin
qwen3-8b,llama31-8b-base,truthfulqa,155,19,0.12258064516129032,327,0.345565749235474,0.7341331269349844,0.6044891640866874,0.5174148606811145,0.7341331269349844,0.3125,0.2631578947368421,0.125,0.10526315789473684,0.3125,0.2631578947368421,margin
qwen3-8b,qwen3-32b,boolq,594,46,0.07744107744107744,475,0.16,0.6401539193906696,0.5113059346239289,0.5062281815296732,0.6401539193906696,0.0847457627118644,0.10869565217391304,0.06779661016949153,0.08695652173913043,0.0847457627118644,0.10869565217391304,margin
qwen3-8b,qwen3-32b,geometry_of_truth,985,18,0.018274111675126905,1000,0.022,0.7302079742617489,0.8995174077904171,0.34378949787429625,0.8995174077904171,0.08163265306122448,0.4444444444444444,0.10204081632653061,0.5555555555555556,0.10204081632653061,0.5555555555555556,anomaly
qwen3-8b,qwen3-32b,imdb,993,89,0.08962739174219536,1018,0.05893909626719057,0.8179377547976534,0.43904742965098936,0.5331361240926717,0.8179377547976534,0.3838383838383838,0.42696629213483145,0.04040404040404041,0.0449438202247191,0.3838383838383838,0.42696629213483145,margin
qwen3-8b,qwen3-32b,rte,59,14,0.23728813559322035,62,0.20967741935483872,0.8571428571428572,0.6412698412698412,0.28730158730158734,0.8571428571428572,0.6666666666666666,0.2857142857142857,0.3333333333333333,0.14285714285714285,0.6666666666666666,0.2857142857142857,margin
qwen3-8b,qwen3-32b,truthfulqa,279,75,0.26881720430107525,327,0.1712538226299694,0.6089542483660131,0.5503267973856211,0.4358823529411765,0.6089542483660131,0.32142857142857145,0.12,0.2857142857142857,0.10666666666666667,0.32142857142857145,0.12,margin
qwen3-8b,qwen3-8b-base,boolq,536,53,0.09888059701492537,475,0.23157894736842105,0.6438923395445135,0.44001718817141294,0.5261924293917731,0.6438923395445135,0.16666666666666666,0.16981132075471697,0.07407407407407407,0.07547169811320754,0.16666666666666666,0.16981132075471697,margin
qwen3-8b,qwen3-8b-base,geometry_of_truth,990,21,0.021212121212121213,1000,0.083,0.6509902206496634,0.8754238537520271,0.6388028895768834,0.8754238537520271,0.06060606060606061,0.2857142857142857,0.09090909090909091,0.42857142857142855,0.09090909090909091,0.42857142857142855,anomaly
qwen3-8b,qwen3-8b-base,imdb,1008,102,0.10119047619047619,1018,0.08840864440078586,0.8273276197896378,0.41728346967926244,0.5367755269878371,0.8273276197896378,0.43564356435643564,0.43137254901960786,0.06930693069306931,0.06862745098039216,0.43564356435643564,0.43137254901960786,margin
qwen3-8b,qwen3-8b-base,rte,59,15,0.2542372881355932,62,0.1774193548387097,0.8575757575757575,0.553030303030303,0.5969696969696969,0.8575757575757575,0.8333333333333334,0.3333333333333333,0.16666666666666666,0.06666666666666667,0.8333333333333334,0.3333333333333333,margin
qwen3-8b,qwen3-8b-base,truthfulqa,232,49,0.21120689655172414,327,0.28440366972477066,0.694323631091781,0.6238429798148768,0.36656629865060775,0.694323631091781,0.34782608695652173,0.16326530612244897,0.21739130434782608,0.10204081632653061,0.34782608695652173,0.16326530612244897,margin
qwen3-8b,qwen38-27b,boolq,580,34,0.05862068965517241,475,0.1726315789473684,0.6756087050204697,0.5217086834733893,0.49342814048696404,0.6756087050204697,0.1206896551724138,0.20588235294117646,0.034482758620689655,0.058823529411764705,0.1206896551724138,0.20588235294117646,margin
qwen3-8b,qwen38-27b,geometry_of_truth,986,18,0.018255578093306288,1000,0.022,0.6496786042240589,0.8873393021120294,0.49873737373737376,0.8873393021120294,0.0707070707070707,0.3888888888888889,0.08080808080808081,0.4444444444444444,0.08080808080808081,0.4444444444444444,anomaly
qwen3-8b,qwen38-27b,rte,59,15,0.2542372881355932,62,0.20967741935483872,0.8166666666666667,0.5515151515151515,0.5348484848484849,0.8166666666666667,0.5,0.2,0.16666666666666666,0.06666666666666667,0.5,0.2,margin
qwen3-8b,qwen38-27b,truthfulqa,268,58,0.21641791044776118,327,0.25076452599388377,0.6449096880131362,0.6105090311986864,0.4361247947454844,0.6449096880131362,0.25925925925925924,0.1206896551724138,0.3333333333333333,0.15517241379310345,0.25925925925925924,0.1206896551724138,margin
qwen3-8b-base,gemma2-9b,boolq,528,42,0.07954545454545454,475,0.24421052631578946,0.7182049774642367,0.4253380364491476,0.5639329805996472,0.7182049774642367,0.2641509433962264,0.3333333333333333,0.05660377358490566,0.07142857142857142,0.2641509433962264,0.3333333333333333,margin
qwen3-8b-base,gemma2-9b,geometry_of_truth,1023,29,0.028347996089931573,1000,0.077,0.6783806285991812,0.8876708527024215,0.5366335946714771,0.8876708527024215,0.10784313725490197,0.3793103448275862,0.14705882352941177,0.5172413793103449,0.14705882352941177,0.5172413793103449,anomaly
qwen3-8b-base,gemma2-9b,imdb,956,69,0.07217573221757322,1018,0.10412573673870335,0.7761384245870301,0.4578860513373527,0.46951946799993466,0.7761384245870301,0.2604166666666667,0.36231884057971014,0.010416666666666666,0.014492753623188406,0.2604166666666667,0.36231884057971014,margin
qwen3-8b-base,gemma2-9b,rte,55,13,0.23636363636363636,62,0.20967741935483872,0.8791208791208791,0.5531135531135531,0.41391941391941395,0.8791208791208791,0.6666666666666666,0.3076923076923077,0.3333333333333333,0.15384615384615385,0.6666666666666666,0.3076923076923077,margin
qwen3-8b-base,gemma2-9b,truthfulqa,209,41,0.19617224880382775,327,0.3149847094801223,0.6993321718931476,0.6710220673635309,0.37979094076655057,0.6993321718931476,0.3333333333333333,0.17073170731707318,0.3333333333333333,0.17073170731707318,0.3333333333333333,0.17073170731707318,margin
qwen3-8b-base,gemma4-12b,boolq,395,70,0.17721518987341772,475,0.5452631578947369,0.6512527472527472,0.4869450549450549,0.43230769230769234,0.6512527472527472,0.325,0.18571428571428572,0.225,0.12857142857142856,0.325,0.18571428571428572,margin
qwen3-8b-base,gemma4-12b,geometry_of_truth,532,23,0.043233082706766915,1000,0.511,0.7501494832151704,0.8622191851029298,0.43546596053643116,0.8622191851029298,0.1320754716981132,0.30434782608695654,0.22641509433962265,0.5217391304347826,0.22641509433962265,0.5217391304347826,anomaly
qwen3-8b-base,gemma4-12b,imdb,585,65,0.1111111111111111,1018,0.5422396856581533,0.7112130177514793,0.5046153846153846,0.36562130177514796,0.7112130177514793,0.27586206896551724,0.24615384615384617,0.1206896551724138,0.1076923076923077,0.27586206896551724,0.24615384615384617,margin
qwen3-8b-base,gemma4-12b,rte,39,15,0.38461538461538464,62,0.4838709677419355,0.675,0.6083333333333333,0.2611111111111111,0.675,0.5,0.13333333333333333,0.5,0.13333333333333333,0.5,0.13333333333333333,margin
qwen3-8b-base,gemma4-12b,truthfulqa,161,44,0.2732919254658385,327,0.4923547400611621,0.6987179487179487,0.628010878010878,0.575951825951826,0.6987179487179487,0.25,0.09090909090909091,0.3125,0.11363636363636363,0.25,0.09090909090909091,margin
qwen3-8b-base,gemma4-12b-base,boolq,532,64,0.12030075187969924,475,0.27789473684210525,0.7096688034188035,0.43305956196581197,0.5619324252136751,0.7096688034188035,0.3018867924528302,0.25,0.07547169811320754,0.0625,0.3018867924528302,0.25,margin
qwen3-8b-base,gemma4-12b-base,geometry_of_truth,935,46,0.04919786096256684,1000,0.084,0.6513424952315744,0.8870983518364552,0.30060644593338876,0.8870983518364552,0.20212765957446807,0.41304347826086957,0.1702127659574468,0.34782608695652173,0.1702127659574468,0.34782608695652173,anomaly
qwen3-8b-base,gemma4-12b-base,imdb,573,49,0.08551483420593368,1018,0.29764243614931235,0.6727683439788129,0.4850054525627045,0.4144726592927247,0.6727683439788129,0.15789473684210525,0.1836734693877551,0.03508771929824561,0.04081632653061224,0.15789473684210525,0.1836734693877551,margin
qwen3-8b-base,gemma4-12b-base,rte,60,20,0.3333333333333333,62,0.24193548387096775,0.8225,0.67,0.6124999999999999,0.8225,0.6666666666666666,0.2,0.5,0.15,0.6666666666666666,0.2,margin
qwen3-8b-base,gemma4-12b-base,truthfulqa,152,20,0.13157894736842105,327,0.41896024464831805,0.5886363636363636,0.6973484848484849,0.4738636363636364,0.6973484848484849,0.06666666666666667,0.05,0.2,0.15,0.2,0.15,anomaly
qwen3-8b-base,gemma4-31b,boolq,462,51,0.11038961038961038,475,0.3431578947368421,0.6711034778875052,0.45460617336959114,0.5194885740184152,0.6711034778875052,0.1956521739130435,0.17647058823529413,0.08695652173913043,0.0784313725490196,0.1956521739130435,0.17647058823529413,margin
qwen3-8b-base,gemma4-31b,geometry_of_truth,696,18,0.02586206896551724,1000,0.372,0.7786791215994756,0.9454277286135694,0.3191576532284497,0.9454277286135694,0.08571428571428572,0.3333333333333333,0.24285714285714285,0.9444444444444444,0.24285714285714285,0.9444444444444444,anomaly
qwen3-8b-base,gemma4-31b,rte,42,12,0.2857142857142857,62,0.41935483870967744,0.7472222222222222,0.40555555555555556,0.38333333333333336,0.7472222222222222,0.5,0.16666666666666666,0.0,0.0,0.5,0.16666666666666666,margin
qwen3-8b-base,gemma4-31b,truthfulqa,176,35,0.19886363636363635,327,0.3669724770642202,0.633839918946302,0.6609929078014184,0.4117527862208713,0.6609929078014184,0.3333333333333333,0.17142857142857143,0.2222222222222222,0.11428571428571428,0.2222222222222222,0.11428571428571428,anomaly
qwen3-8b-base,llama-8b,boolq,478,45,0.09414225941422594,475,0.2968421052631579,0.622735437516038,0.43736207338978705,0.4550680010264306,0.622735437516038,0.16666666666666666,0.17777777777777778,0.020833333333333332,0.022222222222222223,0.16666666666666666,0.17777777777777778,margin
qwen3-8b-base,llama-8b,geometry_of_truth,1065,81,0.07605633802816901,1000,0.056,0.7577035029609555,0.8660920405500352,0.5006273210880257,0.8660920405500352,0.25471698113207547,0.3333333333333333,0.2641509433962264,0.345679012345679,0.2641509433962264,0.345679012345679,anomaly
qwen3-8b-base,llama-8b,imdb,1003,92,0.09172482552342971,1018,0.11100196463654224,0.8213740275855486,0.47322579105617335,0.5198539588603064,0.8213740275855486,0.4,0.43478260869565216,0.05,0.05434782608695652,0.4,0.43478260869565216,margin
qwen3-8b-base,llama-8b,rte,54,15,0.2777777777777778,62,0.25806451612903225,0.8444444444444446,0.5316239316239316,0.49572649572649574,0.8444444444444446,0.8,0.26666666666666666,0.4,0.13333333333333333,0.8,0.26666666666666666,margin
qwen3-8b-base,llama-8b,truthfulqa,218,41,0.18807339449541285,327,0.28134556574923547,0.7093840429929723,0.6796196775527077,0.39603141794129804,0.7093840429929723,0.22727272727272727,0.12195121951219512,0.4090909090909091,0.21951219512195122,0.22727272727272727,0.12195121951219512,margin
qwen3-8b-base,llama31-405b,boolq,477,28,0.05870020964360587,475,0.28842105263157897,0.6173242125357938,0.5174992045816099,0.47645561565383393,0.6173242125357938,0.08333333333333333,0.14285714285714285,0.041666666666666664,0.07142857142857142,0.08333333333333333,0.14285714285714285,margin
qwen3-8b-base,llama31-405b,geometry_of_truth,1022,24,0.023483365949119372,1000,0.082,0.800559452237809,0.9100701402805611,0.5046760187040749,0.9100701402805611,0.11764705882352941,0.5,0.1568627450980392,0.6666666666666666,0.1568627450980392,0.6666666666666666,anomaly
qwen3-8b-base,llama31-405b,imdb,1016,82,0.08070866141732283,1018,0.10609037328094302,0.8265785762782681,0.46483783360317543,0.5131743876325273,0.8265785762782681,0.3235294117647059,0.4024390243902439,0.058823529411764705,0.07317073170731707,0.3235294117647059,0.4024390243902439,margin
qwen3-8b-base,llama31-405b,rte,62,17,0.27419354838709675,62,0.25806451612903225,0.845751633986928,0.3934640522875817,0.44052287581699356,0.845751633986928,0.8333333333333334,0.29411764705882354,0.5,0.17647058823529413,0.8333333333333334,0.29411764705882354,margin
qwen3-8b-base,llama31-405b,truthfulqa,226,30,0.13274336283185842,327,0.3149847094801223,0.7433673469387755,0.6408163265306123,0.3239795918367347,0.7433673469387755,0.21739130434782608,0.16666666666666666,0.21739130434782608,0.16666666666666666,0.21739130434782608,0.16666666666666666,margin
qwen3-8b-base,llama31-70b,boolq,469,27,0.057569296375266525,475,0.30736842105263157,0.5292441763029998,0.4685771744595274,0.4700016758840288,0.5292441763029998,0.06382978723404255,0.1111111111111111,0.02127659574468085,0.037037037037037035,0.06382978723404255,0.1111111111111111,margin
qwen3-8b-base,llama31-70b,geometry_of_truth,1053,52,0.04938271604938271,1000,0.06,0.7908245600553293,0.8950280488742027,0.560939060939061,0.8950280488742027,0.20952380952380953,0.4230769230769231,0.22857142857142856,0.46153846153846156,0.22857142857142856,0.46153846153846156,anomaly
qwen3-8b-base,llama31-70b,imdb,979,62,0.06332992849846783,1018,0.10805500982318271,0.8491574911175994,0.46536743237063355,0.6419952861715975,0.8491574911175994,0.3163265306122449,0.5,0.01020408163265306,0.016129032258064516,0.3163265306122449,0.5,margin
qwen3-8b-base,llama31-70b,rte,61,17,0.2786885245901639,62,0.14516129032258066,0.8556149732620321,0.5681818181818181,0.4010695187165776,0.8556149732620321,0.8333333333333334,0.29411764705882354,0.5,0.17647058823529413,0.8333333333333334,0.29411764705882354,margin
qwen3-8b-base,llama31-70b,truthfulqa,218,33,0.15137614678899083,327,0.3211009174311927,0.652088452088452,0.6335790335790336,0.2873054873054873,0.652088452088452,0.18181818181818182,0.12121212121212122,0.2727272727272727,0.18181818181818182,0.18181818181818182,0.12121212121212122,margin
qwen3-8b-base,llama31-70b-base,boolq,399,39,0.09774436090225563,475,0.3389473684210526,0.6628917378917379,0.47158119658119657,0.42115384615384616,0.6628917378917379,0.225,0.23076923076923078,0.05,0.05128205128205128,0.225,0.23076923076923078,margin
qwen3-8b-base,llama31-70b-base,geometry_of_truth,989,77,0.07785642062689585,1000,0.134,0.7718728639781272,0.8794856459330144,0.39356915014809757,0.8794856459330144,0.1919191919191919,0.24675324675324675,0.29292929292929293,0.37662337662337664,0.29292929292929293,0.37662337662337664,anomaly
qwen3-8b-base,llama31-70b-base,imdb,558,46,0.08243727598566308,1018,0.26129666011787817,0.6765030570652175,0.41092051630434784,0.4484544836956522,0.6765030570652175,0.125,0.15217391304347827,0.017857142857142856,0.021739130434782608,0.125,0.15217391304347827,margin
qwen3-8b-base,llama31-70b-base,rte,54,18,0.3333333333333333,62,0.2903225806451613,0.75,0.4737654320987654,0.5447530864197531,0.75,0.4,0.1111111111111111,0.0,0.0,0.4,0.1111111111111111,margin
qwen3-8b-base,llama31-70b-base,truthfulqa,191,27,0.14136125654450263,327,0.40672782874617736,0.6827009936766034,0.7547425474254742,0.4537037037037037,0.7547425474254742,0.2631578947368421,0.18518518518518517,0.3157894736842105,0.2222222222222222,0.3157894736842105,0.2222222222222222,anomaly
qwen3-8b-base,llama31-8b-base,boolq,411,53,0.12895377128953772,475,0.3263157894736842,0.6200590281437758,0.4263202276799831,0.48213344576789285,0.6200590281437758,0.17073170731707318,0.1320754716981132,0.07317073170731707,0.05660377358490566,0.17073170731707318,0.1320754716981132,margin
qwen3-8b-base,llama31-8b-base,geometry_of_truth,970,84,0.0865979381443299,1000,0.07,0.7079705471353327,0.8352278834784479,0.6104616790282704,0.8352278834784479,0.14432989690721648,0.16666666666666666,0.24742268041237114,0.2857142857142857,0.24742268041237114,0.2857142857142857,anomaly
qwen3-8b-base,llama31-8b-base,imdb,538,29,0.05390334572490706,1018,0.26719056974459726,0.6118149176885035,0.4811327145857327,0.4215161574419077,0.6118149176885035,0.09259259259259259,0.1724137931034483,0.037037037037037035,0.06896551724137931,0.09259259259259259,0.1724137931034483,margin
qwen3-8b-base,llama31-8b-base,rte,56,17,0.30357142857142855,62,0.25806451612903225,0.7782805429864253,0.521870286576169,0.6018099547511312,0.7782805429864253,0.5,0.17647058823529413,0.16666666666666666,0.058823529411764705,0.5,0.17647058823529413,margin
qwen3-8b-base,llama31-8b-base,truthfulqa,165,21,0.12727272727272726,327,0.28134556574923547,0.6782407407407407,0.6395502645502645,0.671957671957672,0.6782407407407407,0.25,0.19047619047619047,0.125,0.09523809523809523,0.25,0.19047619047619047,margin
qwen3-8b-base,qwen3-32b,boolq,529,37,0.06994328922495274,475,0.28210526315789475,0.6255218633267414,0.5385629531970996,0.4865963524500109,0.6255218633267414,0.11320754716981132,0.16216216216216217,0.03773584905660377,0.05405405405405406,0.11320754716981132,0.16216216216216217,margin
qwen3-8b-base,qwen3-32b,geometry_of_truth,1037,36,0.03471552555448409,1000,0.069,0.7512487512487512,0.9087579087579087,0.36216561216561216,0.9087579087579087,0.18269230769230768,0.5277777777777778,0.19230769230769232,0.5555555555555556,0.19230769230769232,0.5555555555555556,anomaly
qwen3-8b-base,qwen3-32b,imdb,1010,90,0.0891089108910891,1018,0.09430255402750491,0.8123671497584541,0.4531763285024155,0.4942391304347826,0.8123671497584541,0.32673267326732675,0.36666666666666664,0.0594059405940594,0.06666666666666667,0.32673267326732675,0.36666666666666664,margin
qwen3-8b-base,qwen3-32b,rte,65,18,0.27692307692307694,62,0.16129032258064516,0.859338061465721,0.6867612293144209,0.46572104018912525,0.859338061465721,0.5,0.16666666666666666,0.5,0.16666666666666666,0.5,0.16666666666666666,margin
qwen3-8b-base,qwen3-32b,truthfulqa,209,42,0.20095693779904306,327,0.3211009174311927,0.6307385229540918,0.5749928714000571,0.34302822925577414,0.6307385229540918,0.23809523809523808,0.11904761904761904,0.047619047619047616,0.023809523809523808,0.23809523809523808,0.11904761904761904,margin
qwen3-8b-base,qwen3-8b,boolq,536,53,0.09888059701492537,475,0.23157894736842105,0.6438923395445135,0.44001718817141294,0.5261924293917731,0.6438923395445135,0.16666666666666666,0.16981132075471697,0.07407407407407407,0.07547169811320754,0.16666666666666666,0.16981132075471697,margin
qwen3-8b-base,qwen3-8b,geometry_of_truth,990,21,0.021212121212121213,1000,0.083,0.6509902206496634,0.8754238537520271,0.6388028895768834,0.8754238537520271,0.06060606060606061,0.2857142857142857,0.09090909090909091,0.42857142857142855,0.09090909090909091,0.42857142857142855,anomaly
qwen3-8b-base,qwen3-8b,imdb,1008,102,0.10119047619047619,1018,0.08840864440078586,0.8273276197896378,0.41728346967926244,0.5367755269878371,0.8273276197896378,0.43564356435643564,0.43137254901960786,0.06930693069306931,0.06862745098039216,0.43564356435643564,0.43137254901960786,margin
qwen3-8b-base,qwen3-8b,rte,59,15,0.2542372881355932,62,0.1774193548387097,0.8575757575757575,0.553030303030303,0.5969696969696969,0.8575757575757575,0.8333333333333334,0.3333333333333333,0.16666666666666666,0.06666666666666667,0.8333333333333334,0.3333333333333333,margin
qwen3-8b-base,qwen3-8b,truthfulqa,232,49,0.21120689655172414,327,0.28440366972477066,0.694323631091781,0.6238429798148768,0.36656629865060775,0.694323631091781,0.34782608695652173,0.16326530612244897,0.21739130434782608,0.10204081632653061,0.34782608695652173,0.16326530612244897,margin
qwen3-8b-base,qwen38-27b,boolq,540,30,0.05555555555555555,475,0.2736842105263158,0.6865359477124183,0.5522222222222222,0.5027450980392157,0.6865359477124183,0.07407407407407407,0.13333333333333333,0.018518518518518517,0.03333333333333333,0.07407407407407407,0.13333333333333333,margin
qwen3-8b-base,qwen38-27b,geometry_of_truth,1035,36,0.034782608695652174,1000,0.069,0.7518629740851963,0.8950895339784228,0.5449616282949616,0.8950895339784228,0.18269230769230768,0.5277777777777778,0.16346153846153846,0.4722222222222222,0.16346153846153846,0.4722222222222222,anomaly
qwen3-8b-base,qwen38-27b,rte,65,19,0.2923076923076923,62,0.16129032258064516,0.8432494279176201,0.6819221967963386,0.4691075514874142,0.8432494279176201,0.3333333333333333,0.10526315789473684,0.3333333333333333,0.10526315789473684,0.3333333333333333,0.10526315789473684,margin
qwen3-8b-base,qwen38-27b,truthfulqa,209,32,0.15311004784688995,327,0.3577981651376147,0.6721398305084746,0.6456567796610169,0.36758474576271194,0.6721398305084746,0.23809523809523808,0.15625,0.19047619047619047,0.125,0.23809523809523808,0.15625,margin
qwen38-27b,gemma4-31b,boolq,523,33,0.06309751434034416,475,0.28,0.6877551020408164,0.4703772418058132,0.48361162646876926,0.6877551020408164,0.11538461538461539,0.18181818181818182,0.019230769230769232,0.030303030303030304,0.11538461538461539,0.18181818181818182,margin
qwen38-27b,gemma4-31b,geometry_of_truth,686,8,0.011661807580174927,1000,0.325,0.8093657817109144,0.922013274336283,0.43436578171091444,0.922013274336283,0.043478260869565216,0.375,0.10144927536231885,0.875,0.10144927536231885,0.875,anomaly
qwen38-27b,gemma4-31b,rte,45,16,0.35555555555555557,62,0.3225806451612903,0.7392241379310345,0.4418103448275862,0.4245689655172414,0.7392241379310345,0.5,0.125,0.25,0.0625,0.5,0.125,margin
qwen38-27b,gemma4-31b,truthfulqa,174,28,0.16091954022988506,327,0.43119266055045874,0.6702544031311155,0.6284246575342466,0.49730919765166337,0.6702544031311155,0.17647058823529413,0.10714285714285714,0.11764705882352941,0.07142857142857142,0.17647058823529413,0.10714285714285714,margin
qwen38-27b,llama31-405b,boolq,559,30,0.05366726296958855,475,0.14105263157894737,0.6166981726528041,0.49048519218651543,0.5624448645242596,0.6166981726528041,0.05357142857142857,0.1,0.05357142857142857,0.1,0.05357142857142857,0.1,margin
qwen38-27b,llama31-405b,geometry_of_truth,1016,23,0.022637795275590553,1000,0.017,0.8312973422654232,0.8984631551293839,0.47125530890144046,0.8984631551293839,0.13725490196078433,0.6086956521739131,0.14705882352941177,0.6521739130434783,0.14705882352941177,0.6521739130434783,anomaly
qwen38-27b,llama31-405b,rte,63,18,0.2857142857142857,62,0.25806451612903225,0.8432098765432099,0.39876543209876547,0.528395061728395,0.8432098765432099,0.6666666666666666,0.2222222222222222,0.5,0.16666666666666666,0.6666666666666666,0.2222222222222222,margin
qwen38-27b,llama31-405b,truthfulqa,274,38,0.1386861313868613,327,0.2874617737003058,0.7327163247100803,0.6641391614629795,0.41469669937555753,0.7327163247100803,0.3333333333333333,0.23684210526315788,0.2222222222222222,0.15789473684210525,0.3333333333333333,0.23684210526315788,margin
qwen38-27b,llama31-70b,boolq,564,32,0.05673758865248227,475,0.14736842105263157,0.5822368421052632,0.5166235902255638,0.5447603383458646,0.5822368421052632,0.03571428571428571,0.0625,0.07142857142857142,0.125,0.03571428571428571,0.0625,margin
qwen38-27b,llama31-70b,geometry_of_truth,1024,31,0.0302734375,1000,0.035,0.7538901341649613,0.9097878699282071,0.5476236883994412,0.9097878699282071,0.14705882352941177,0.4838709677419355,0.18627450980392157,0.6129032258064516,0.18627450980392157,0.6129032258064516,anomaly
qwen38-27b,llama31-70b,rte,61,16,0.26229508196721313,62,0.20967741935483872,0.8652777777777778,0.6069444444444444,0.6000000000000001,0.8652777777777778,0.5,0.1875,0.5,0.1875,0.5,0.1875,margin
qwen38-27b,llama31-70b,truthfulqa,277,49,0.17689530685920576,327,0.24464831804281345,0.6677407805227354,0.6583422842821338,0.4906015037593985,0.6677407805227354,0.17857142857142858,0.10204081632653061,0.32142857142857145,0.1836734693877551,0.17857142857142858,0.10204081632653061,margin
qwen38-27b,llama31-70b-base,boolq,449,26,0.05790645879732739,475,0.25473684210526315,0.5999272595017275,0.5194580832878706,0.3900709219858156,0.5999272595017275,0.08888888888888889,0.15384615384615385,0.13333333333333333,0.23076923076923078,0.08888888888888889,0.15384615384615385,margin
