overseer,target,held_out,n_pool_datasets,pos_rate_overseer,pos_rate_target,row2_fit_n,both_true_test_n,row2_test_n,base_rate,direction_auroc,shuffled_auroc,shuffled_sd,margin,router_coverage,n_false,prec_05,recall_05,caught_05,prec_10,recall_10,caught_10,prec_20,recall_20,caught_20
gemma4-12b,gemma4-12b-base,boolq,4,0.6072026800670016,0.32858738135120047,94,426,79,0.18544600938967137,0.5434283004413965,0.5052438624010506,0.009544251126224163,0.03818443804034588,0.6612772837510105,1237,0.09523809523809523,0.02531645569620253,0.6628940986257074,0.16279069767441862,0.08860759493670886,0.6669361358124495,0.17647058823529413,0.189873417721519,0.6734033953112368
gemma4-12b,gemma4-12b-base,geometry_of_truth,4,0.7917485265225933,0.8040275049115914,1401,3023,1014,0.33542838240158784,0.9347389410375204,0.38123525496213784,0.10850552618060759,0.5535036860753826,0.5860834990059642,2515,0.9801324503311258,0.14595660749506903,0.6449304174950298,0.9900662251655629,0.2948717948717949,0.7049701789264413,0.9768595041322314,0.5828402366863905,0.8210735586481114
gemma4-12b,gemma4-12b-base,imdb,4,0.5009794319294809,0.5584394384590271,766,1728,706,0.4085648148148148,0.4604425028966145,0.5052561771342089,0.0771966563722989,-0.044813674237594414,0.3588,2500,0.27906976744186046,0.0339943342776204,0.3684,0.3583815028901734,0.08781869688385269,0.3836,0.37283236994219654,0.18271954674220964,0.4104
gemma4-12b,gemma4-12b-base,rte,4,0.5954241071428571,0.7073660714285714,1571,129,50,0.3875968992248062,0.6372151898734177,0.4938607594936709,0.03121960146225875,0.14335443037974682,0.35877862595419846,131,0.5,0.06,0.3816793893129771,0.46153846153846156,0.12,0.40458015267175573,0.5,0.26,0.4580152671755725
gemma4-12b,gemma4-12b-base,truthfulqa,4,0.6350356002946231,0.7275963663147557,1551,787,363,0.46124523506988563,0.5365013774104683,0.504424606268517,0.04420613901073394,0.03207677114195129,0.43084455324357407,817,0.5641025641025641,0.06060606060606061,0.45777233782129745,0.5569620253164557,0.12121212121212122,0.4847001223990208,0.5159235668789809,0.2231404958677686,0.5299877600979193
gemma4-12b,gemma4-31b,boolq,3,0.49399615754082615,0.36743515850144093,250,835,264,0.3161676646706587,0.5175396699039431,0.492951626598737,0.010743197222777336,0.024588043305206086,0.3556992724333064,1237,0.40476190476190477,0.06439393939393939,0.3694421988682296,0.38095238095238093,0.12121212121212122,0.38156831042845596,0.3532934131736527,0.22348484848484848,0.4033953112368634
gemma4-12b,gemma4-31b,geometry_of_truth,3,0.6644144144144144,0.6576576576576577,504,2779,1447,0.5206908960057575,0.5700247586909646,0.5037317033688837,0.03770448651006071,0.06629305532208085,0.18727634194831014,2515,0.6906474820143885,0.0663441603317208,0.22544731610337973,0.6546762589928058,0.12577747062888736,0.2596421471172962,0.6169064748201439,0.23704215618521077,0.32365805168986084
gemma4-12b,gemma4-31b,rte,3,0.49261744966442955,0.4444630872483222,685,105,53,0.5047619047619047,0.6661828737300435,0.5168722786647315,0.02197757880911778,0.14931059506531197,0.1450381679389313,131,1.0,0.09433962264150944,0.183206106870229,1.0,0.18867924528301888,0.22137404580152673,0.8095238095238095,0.32075471698113206,0.2748091603053435
gemma4-12b,gemma4-31b,truthfulqa,3,0.46560435289545277,0.4325689856198989,566,507,242,0.47731755424063116,0.4533447684391081,0.4853656634960237,0.027522663327693004,-0.03202089505691563,0.2741738066095471,817,0.44,0.045454545454545456,0.2876376988984088,0.35294117647058826,0.0743801652892562,0.2962056303549572,0.44554455445544555,0.1859504132231405,0.3292533659730722
gemma4-12b,qwen3-32b,boolq,4,0.6072026800670016,0.7290619765494137,1043,1498,338,0.22563417890520696,0.5447000612119975,0.4995045653948174,0.017078295997782218,0.04519549581718013,0.4890864995957963,1237,0.28,0.0621301775147929,0.5060630557801131,0.3,0.13313609467455623,0.5254648342764754,0.2633333333333333,0.23372781065088757,0.5529506871463218
gemma4-12b,qwen3-32b,geometry_of_truth,4,0.7917485265225933,0.6421087098886706,549,2720,711,0.2613970588235294,0.9402652900205054,0.5462771606532908,0.213826968126648,0.3939881293672146,0.5037773359840955,2515,0.9926470588235294,0.189873417721519,0.557455268389662,0.9926470588235294,0.379746835443038,0.6111332007952286,0.9761029411764706,0.7468354430379747,0.714910536779324
gemma4-12b,qwen3-32b,imdb,4,0.5009794319294809,0.717760365654587,695,1953,724,0.37071172555043524,0.7527028667245076,0.41714730117914667,0.07870408016978389,0.3355555655453609,0.3752,2500,0.8061224489795918,0.10911602209944751,0.4068,0.7692307692307693,0.20718232044198895,0.4352,0.6930946291560103,0.3743093922651934,0.4836
gemma4-12b,qwen3-32b,rte,4,0.5954241071428571,0.7856026785714286,1505,142,57,0.4014084507042254,0.8625386996904025,0.47363261093911246,0.06433843671324363,0.38890608875129007,0.32061068702290074,131,1.0,0.12280701754385964,0.37404580152671757,0.8571428571428571,0.21052631578947367,0.4122137404580153,0.8571428571428571,0.42105263157894735,0.5038167938931297
gemma4-12b,qwen3-32b,truthfulqa,4,0.6350356002946231,0.8048121777559538,1473,860,350,0.4069767441860465,0.6650476190476191,0.5159677871148459,0.031986168286791426,0.1490798319327732,0.4357405140758874,817,0.8372093023255814,0.10285714285714286,0.47980416156670747,0.7209302325581395,0.17714285714285713,0.5116279069767442,0.6627906976744186,0.32571428571428573,0.5752753977968176
gemma4-12b,qwen38-27b,boolq,3,0.49399615754082615,0.5835734870317003,179,852,102,0.11971830985915492,0.5692941176470588,0.48535620915032684,0.042526328874342455,0.083937908496732,0.5626515763945028,1237,0.2558139534883721,0.10784313725490197,0.5715440582053355,0.17647058823529413,0.14705882352941177,0.5747776879547292,0.1411764705882353,0.23529411764705882,0.582053354890865
gemma4-12b,qwen38-27b,geometry_of_truth,3,0.6644144144144144,0.6753539253539254,503,2304,642,0.2786458333333333,0.9531023313876987,0.3444827760720672,0.15057109950165162,0.6086195553156315,0.5101391650099404,2515,1.0,0.1791277258566978,0.5558648111332007,1.0,0.3582554517133956,0.6015904572564612,0.9783080260303688,0.7024922118380063,0.6894632206759443
gemma4-12b,qwen38-27b,rte,3,0.49261744966442955,0.6956375838926174,650,108,41,0.37962962962962965,0.7917728431015654,0.5708955223880597,0.04449657991617557,0.22087732071350563,0.2824427480916031,131,1.0,0.12195121951219512,0.32061068702290074,0.8181818181818182,0.21951219512195122,0.3511450381679389,0.7272727272727273,0.3902439024390244,0.40458015267175573
gemma4-12b,qwen38-27b,truthfulqa,3,0.46560435289545277,0.7098717450446949,553,643,282,0.4385692068429238,0.6676686116186322,0.49320740260505685,0.03352949195316983,0.17446120901357537,0.3659730722154223,817,0.59375,0.0673758865248227,0.38922888616891066,0.5625,0.1276595744680851,0.41003671970624234,0.627906976744186,0.2872340425531915,0.46511627906976744
gemma4-12b-base,gemma4-12b,boolq,4,0.32858738135120047,0.6072026800670016,94,426,79,0.18544600938967137,0.5435012585269763,0.5076241199430928,0.010924011620093871,0.03587713858388353,0.6612772837510105,1237,0.09523809523809523,0.02531645569620253,0.6628940986257074,0.16279069767441862,0.08860759493670886,0.6669361358124495,0.17647058823529413,0.189873417721519,0.6734033953112368
gemma4-12b-base,gemma4-12b,geometry_of_truth,4,0.8040275049115914,0.7917485265225933,1401,3023,1014,0.33542838240158784,0.9347389410375204,0.3812531723614543,0.10853278255924924,0.5534857686760661,0.5860834990059642,2515,0.9801324503311258,0.14595660749506903,0.6449304174950298,0.9900662251655629,0.2948717948717949,0.7049701789264413,0.9768595041322314,0.5828402366863905,0.8210735586481114
gemma4-12b-base,gemma4-12b,imdb,4,0.5584394384590271,0.5009794319294809,766,1728,706,0.4085648148148148,0.4603094526646081,0.5054685724264482,0.07735946318286573,-0.04515911976184006,0.3588,2500,0.27906976744186046,0.0339943342776204,0.3684,0.3583815028901734,0.08781869688385269,0.3836,0.3699421965317919,0.1813031161473088,0.41
gemma4-12b-base,gemma4-12b,rte,4,0.7073660714285714,0.5954241071428571,1571,129,50,0.3875968992248062,0.6372151898734177,0.49424050632911387,0.03108226494900071,0.14297468354430387,0.35877862595419846,131,0.5,0.06,0.3816793893129771,0.46153846153846156,0.12,0.40458015267175573,0.5,0.26,0.4580152671755725
gemma4-12b-base,gemma4-12b,truthfulqa,4,0.7275963663147557,0.6350356002946231,1551,787,363,0.46124523506988563,0.5365013774104683,0.5044278548781121,0.04419996148202171,0.03207352253235618,0.43084455324357407,817,0.5641025641025641,0.06060606060606061,0.45777233782129745,0.5569620253164557,0.12121212121212122,0.4847001223990208,0.5159235668789809,0.2231404958677686,0.5299877600979193
gemma4-12b-base,gemma4-31b,boolq,3,0.4877521613832853,0.36743515850144093,181,292,31,0.10616438356164383,0.6131504140402917,0.4636633296255098,0.058888251953057476,0.14948708441478187,0.6095392077607114,1237,0.3333333333333333,0.16129032258064516,0.6135812449474535,0.2413793103448276,0.22580645161290322,0.6151980598221504,0.1896551724137931,0.3548387096774194,0.618431689571544
gemma4-12b-base,gemma4-31b,geometry_of_truth,3,0.6518661518661518,0.6576576576576577,496,2038,668,0.3277723258096173,0.8997246383146117,0.42350463306962716,0.1785838823871629,0.47622000524498453,0.6282306163021869,2515,0.9901960784313726,0.15119760479041916,0.668389662027833,0.9901960784313726,0.3023952095808383,0.7085487077534791,0.9754901960784313,0.5958083832335329,0.7864811133200795
gemma4-12b-base,gemma4-31b,rte,3,0.5672818791946309,0.4444630872483222,687,101,38,0.37623762376237624,0.6875522138680034,0.5086675020885547,0.02561589162705472,0.17888471177944865,0.25190839694656486,131,1.0,0.13157894736842105,0.2900763358778626,0.8,0.21052631578947367,0.31297709923664124,0.75,0.39473684210526316,0.366412213740458
gemma4-12b-base,gemma4-31b,truthfulqa,3,0.5239020598523125,0.4325689856198989,565,445,193,0.4337078651685393,0.4657249773830085,0.4788993749485978,0.05494571003334602,-0.013174397565589302,0.43329253365973075,817,0.4090909090909091,0.046632124352331605,0.44430844553243576,0.3409090909090909,0.07772020725388601,0.45165238678090575,0.3707865168539326,0.17098445595854922,0.47368421052631576
gemma4-12b-base,qwen3-32b,boolq,4,0.32858738135120047,0.7290619765494137,146,881,118,0.13393870601589103,0.5775040540240354,0.5072028344847502,0.012691273977931058,0.07030121953928514,0.4421988682295877,1237,0.13636363636363635,0.05084745762711865,0.44704931285367827,0.125,0.09322033898305085,0.4510913500404204,0.16477272727272727,0.2457627118644068,0.465642683912692
gemma4-12b-base,qwen3-32b,geometry_of_truth,4,0.8040275049115914,0.6421087098886706,532,2853,341,0.11952330879775674,0.9476950520200982,0.2574113463585931,0.14147890076842873,0.6902837056615051,0.6222664015904572,2515,0.9790209790209791,0.41055718475073316,0.6779324055666004,0.8771929824561403,0.7331378299120235,0.7216699801192843,0.5061295971978984,0.8475073313782991,0.7371769383697813
gemma4-12b-base,qwen3-32b,imdb,4,0.5584394384590271,0.717760365654587,743,2493,745,0.2988367428800642,0.6517031929107859,0.5287145040160951,0.12236468314758148,0.12298868889469083,0.266,2500,0.52,0.087248322147651,0.292,0.5341365461847389,0.17852348993288591,0.3192,0.48897795591182364,0.3275167785234899,0.3636
gemma4-12b-base,qwen3-32b,rte,4,0.7073660714285714,0.7856026785714286,1565,182,55,0.3021978021978022,0.8406585540443807,0.5223335719398712,0.061713158224316556,0.31832498210450955,0.25190839694656486,131,0.8888888888888888,0.14545454545454545,0.31297709923664124,0.8333333333333334,0.2727272727272727,0.366412213740458,0.75,0.4909090909090909,0.4580152671755725
gemma4-12b-base,qwen3-32b,truthfulqa,4,0.7275963663147557,0.8048121777559538,1484,1031,431,0.4180407371483996,0.7244663573085847,0.5267014694508894,0.0331908216557108,0.1977648878576953,0.30354957160342716,817,0.8461538461538461,0.10208816705336426,0.3574051407588739,0.7572815533980582,0.18097447795823665,0.3990208078335373,0.7378640776699029,0.35266821345707655,0.48959608323133413
gemma4-12b-base,qwen38-27b,boolq,3,0.4877521613832853,0.5835734870317003,133,1245,197,0.15823293172690764,0.543142364474755,0.5324802863564149,0.02346656564520126,0.01066207811834008,0.28617623282134197,1237,0.22580645161290322,0.07106598984771574,0.2974939369442199,0.1774193548387097,0.1116751269035533,0.3039611964430073,0.1686746987951807,0.2131979695431472,0.32012934518997577
gemma4-12b-base,qwen38-27b,geometry_of_truth,3,0.6518661518661518,0.6753539253539254,500,2731,682,0.24972537532039546,0.9488127389227848,0.5075308533309288,0.15314267291426134,0.441281885591856,0.2998011928429423,2515,1.0,0.20087976539589442,0.35427435387673956,1.0,0.4002932551319648,0.40834990059642146,0.9761904761904762,0.781524926686217,0.5117296222664016
gemma4-12b-base,qwen38-27b,rte,3,0.5672818791946309,0.6956375838926174,690,145,39,0.2689655172413793,0.7058538945331397,0.5355587808417998,0.0821405041779568,0.17029511369133998,0.19083969465648856,131,1.0,0.1794871794871795,0.24427480916030533,0.6428571428571429,0.23076923076923078,0.2595419847328244,0.5172413793103449,0.38461538461538464,0.3053435114503817
gemma4-12b-base,qwen38-27b,truthfulqa,3,0.5239020598523125,0.7098717450446949,568,744,303,0.40725806451612906,0.6586440957020873,0.47922887526847924,0.05688321743325212,0.17941522043360802,0.3537331701346389,817,0.8648648648648649,0.10561056105610561,0.3929008567931457,0.6756756756756757,0.16501650165016502,0.4149326805385557,0.6375838926174496,0.31353135313531355,0.4700122399020808
gemma4-31b,qwen3-32b,boolq,3,0.36743515850144093,0.590297790585975,276,781,88,0.11267605633802817,0.5434868162140889,0.4879189623507805,0.014899005487305664,0.05556785386330837,0.4074373484236055,1237,0.10256410256410256,0.045454545454545456,0.4106709781729992,0.1794871794871795,0.1590909090909091,0.41875505254648343,0.14743589743589744,0.26136363636363635,0.4260307194826192
gemma4-31b,qwen3-32b,geometry_of_truth,3,0.6576576576576577,0.7200772200772201,487,2576,955,0.3707298136645963,0.9507769426796852,0.5500319756081018,0.2595834451201539,0.40074496707158336,0.3518886679920477,2515,1.0,0.13507853403141362,0.4031809145129225,1.0,0.27015706806282724,0.4544731610337972,1.0,0.5392670157068062,0.5566600397614314
gemma4-31b,qwen3-32b,rte,3,0.4444630872483222,0.7145973154362416,636,106,42,0.39622641509433965,0.8084077380952381,0.5084635416666666,0.0328598071927416,0.2999441964285715,0.2748091603053435,131,1.0,0.11904761904761904,0.31297709923664124,0.8181818181818182,0.21428571428571427,0.3435114503816794,0.7619047619047619,0.38095238095238093,0.3969465648854962
gemma4-31b,qwen3-32b,truthfulqa,3,0.4325689856198989,0.7110376991838321,544,597,235,0.3936348408710218,0.6661807922887033,0.4072528505936288,0.04587234785141931,0.2589279416950745,0.379436964504284,817,0.7333333333333333,0.09361702127659574,0.40636474908200737,0.7166666666666667,0.1829787234042553,0.4320685434516524,0.6554621848739496,0.33191489361702126,0.4749082007343941
llama-8b,gemma4-12b,boolq,4,0.7490228922389727,0.6072026800670016,1144,1481,378,0.25523295070898044,0.5570641876172249,0.49329450224735805,0.0037946438702978675,0.06376968536986682,0.5036378334680679,1237,0.25675675675675674,0.05026455026455026,0.5189975747776879,0.2702702702702703,0.10582010582010581,0.5359741309620049,0.32094594594594594,0.25132275132275134,0.5804365400161682
llama-8b,gemma4-12b,geometry_of_truth,4,0.5792403405370007,0.7917485265225933,374,2385,378,0.15849056603773584,0.9328448314497143,0.6186871083482942,0.03728307780202391,0.3141577231014201,0.6429423459244533,2515,0.8403361344537815,0.26455026455026454,0.6827037773359841,0.7815126050420168,0.49206349206349204,0.7168986083499006,0.6247379454926625,0.7883597883597884,0.7614314115308151
llama-8b,gemma4-12b,imdb,4,0.6913157035586027,0.5009794319294809,760,1830,605,0.33060109289617484,0.6387397537527408,0.5046011131725417,0.024645479624771306,0.1341386405801991,0.418,2500,0.5434782608695652,0.08264462809917356,0.438,0.546448087431694,0.1652892561983471,0.458,0.4781420765027322,0.2892561983471074,0.488
llama-8b,gemma4-12b,rte,4,0.7657366071428572,0.5954241071428571,1571,132,50,0.3787878787878788,0.6746341463414633,0.5440853658536586,0.033396993296007434,0.13054878048780472,0.4198473282442748,131,0.7142857142857143,0.1,0.4580152671755725,0.5384615384615384,0.14,0.4732824427480916,0.5769230769230769,0.3,0.5343511450381679
llama-8b,gemma4-12b,truthfulqa,4,0.7809968082494476,0.6350356002946231,1554,841,373,0.44351961950059454,0.48850278407919157,0.4778390733484567,0.07304463879309273,0.010663710730734854,0.42472460220318237,817,0.40476190476190477,0.045576407506702415,0.4455324357405141,0.42857142857142855,0.09651474530831099,0.46878824969400246,0.40476190476190477,0.18230563002680966,0.5079559363525091
llama-8b,gemma4-12b-base,boolq,4,0.7490228922389727,0.32858738135120047,219,948,162,0.17088607594936708,0.5105472308610561,0.4824337165834197,0.04291874552847741,0.02811351427763642,0.45028294260307195,1237,0.23404255319148937,0.06790123456790123,0.45917542441390463,0.18947368421052632,0.1111111111111111,0.4648342764753436,0.15789473684210525,0.18518518518518517,0.47453516572352467
llama-8b,gemma4-12b-base,geometry_of_truth,4,0.5792403405370007,0.8040275049115914,378,2908,396,0.1361760660247593,0.9684072009907997,0.5384238986199575,0.219716159298688,0.42998330237084215,0.45288270377733597,2515,0.9448275862068966,0.34595959595959597,0.5073558648111332,0.8865979381443299,0.6515151515151515,0.5554671968190855,0.627147766323024,0.9217171717171717,0.5980119284294234
llama-8b,gemma4-12b-base,imdb,4,0.6913157035586027,0.5584394384590271,818,2400,658,0.27416666666666667,0.516340439490646,0.526736422516829,0.07275066286574751,-0.010395983026182942,0.2832,2500,0.25,0.04559270516717325,0.2952,0.2916666666666667,0.10638297872340426,0.3112,0.28958333333333336,0.21124620060790272,0.3388
llama-8b,gemma4-12b-base,rte,4,0.7657366071428572,0.7073660714285714,1661,181,54,0.2983425414364641,0.6446485855934675,0.4754301545640128,0.053794955606449237,0.16921843102945472,0.2595419847328244,131,0.6666666666666666,0.1111111111111111,0.3053435114503817,0.5555555555555556,0.18518518518518517,0.33587786259541985,0.5,0.3333333333333333,0.3969465648854962
llama-8b,gemma4-12b-base,truthfulqa,4,0.7809968082494476,0.7275963663147557,1565,1052,475,0.4515209125475285,0.5464963969716319,0.5219529325914439,0.05146014455726803,0.02454346438018795,0.24112607099143207,817,0.37735849056603776,0.042105263157894736,0.26560587515299877,0.4380952380952381,0.0968421052631579,0.2974296205630355,0.49047619047619045,0.2168421052631579,0.3671970624235006
llama-8b,gemma4-31b,boolq,3,0.6176753121998079,0.36743515850144093,363,733,103,0.14051841746248295,0.5461087995068576,0.5052704576976422,0.029849851928209197,0.04083834180921542,0.4801940177849636,1237,0.21621621621621623,0.07766990291262135,0.486661277283751,0.1506849315068493,0.10679611650485436,0.4890864995957963,0.1360544217687075,0.1941747572815534,0.4963621665319321
llama-8b,gemma4-31b,geometry_of_truth,3,0.6772844272844273,0.6576576576576577,492,2449,828,0.338097182523479,0.9453861903101503,0.27223365877209454,0.05264377534012356,0.6731525315380558,0.36858846918489063,2515,0.8688524590163934,0.1280193236714976,0.4107355864811133,0.8979591836734694,0.26570048309178745,0.45606361829025843,0.9326530612244898,0.5519323671497585,0.5502982107355865
llama-8b,gemma4-31b,rte,3,0.6897651006711409,0.4444630872483222,674,97,33,0.3402061855670103,0.7111742424242425,0.4493371212121212,0.02806171778203054,0.2618371212121213,0.40458015267175573,131,0.8,0.12121212121212122,0.4351145038167939,0.9,0.2727272727272727,0.4732824427480916,0.631578947368421,0.36363636363636365,0.4961832061068702
llama-8b,gemma4-31b,truthfulqa,3,0.6787796346677031,0.4325689856198989,565,556,236,0.4244604316546763,0.5156647245762712,0.502830376059322,0.08399499671185595,0.012834348516949201,0.42962056303549573,817,0.2857142857142857,0.03389830508474576,0.4394124847001224,0.375,0.08898305084745763,0.45532435740514077,0.3963963963963964,0.1864406779661017,0.4834761321909425
llama-8b,qwen3-32b,boolq,4,0.7490228922389727,0.7290619765494137,1139,2031,364,0.1792220580994584,0.5455299050080094,0.5138689295108012,0.004886332070248426,0.031660975497208144,0.370250606305578,1237,0.16666666666666666,0.046703296703296704,0.3839935327405012,0.21182266009852216,0.11813186813186813,0.40501212611156023,0.2019704433497537,0.22527472527472528,0.43654001616814875
llama-8b,qwen3-32b,geometry_of_truth,4,0.5792403405370007,0.6421087098886706,395,2782,271,0.09741193386053199,0.9427008248577109,0.6829907815207186,0.22267509635814692,0.2597100433369923,0.2290258449304175,2515,0.9712230215827338,0.4981549815498155,0.2827037773359841,0.7302158273381295,0.7490774907749077,0.30974155069582504,0.4226618705035971,0.8671586715867159,0.3224652087475149
llama-8b,qwen3-32b,imdb,4,0.6913157035586027,0.717760365654587,750,3263,805,0.24670548574931045,0.6378123910263861,0.5580610151160617,0.02840667057168322,0.07975137591032444,0.1964,2500,0.4723926380368098,0.09565217391304348,0.2272,0.4447852760736196,0.18012422360248448,0.2544,0.3981623277182236,0.32298136645962733,0.3004
llama-8b,qwen3-32b,rte,4,0.7657366071428572,0.7856026785714286,1590,190,56,0.29473684210526313,0.8271588486140725,0.5210221215351812,0.06417476383014477,0.3061367270788913,0.29770992366412213,131,0.9,0.16071428571428573,0.366412213740458,0.8947368421052632,0.30357142857142855,0.42748091603053434,0.7105263157894737,0.48214285714285715,0.5038167938931297
llama-8b,qwen3-32b,truthfulqa,4,0.7809968082494476,0.8048121777559538,1499,1120,456,0.40714285714285714,0.6696721094905939,0.5155250937962376,0.06361479873197413,0.1541470156943563,0.2607099143206854,817,0.5178571428571429,0.06359649122807018,0.2962056303549572,0.5892857142857143,0.14473684210526316,0.34149326805385555,0.6294642857142857,0.3092105263157895,0.43329253365973075
llama-8b,qwen3-8b,boolq,4,0.7490228922389727,0.3330541596873255,100,1016,94,0.09251968503937008,0.5693220104306088,0.46975815756680667,0.02991271816513484,0.09956385286380215,0.46160064672594986,1237,0.11764705882352941,0.06382978723404255,0.4664510913500404,0.09803921568627451,0.10638297872340426,0.4696847210994341,0.14285714285714285,0.30851063829787234,0.4850444624090542
llama-8b,qwen3-8b,geometry_of_truth,4,0.5792403405370007,0.6365422396856582,384,2689,198,0.07363332093715136,0.9424128884185086,0.33933169511250605,0.16048924614091867,0.6030811933060025,0.28469184890656063,2515,0.7686567164179104,0.5202020202020202,0.3256461232604374,0.5390334572490706,0.7323232323232324,0.3423459244532803,0.31970260223048325,0.8686868686868687,0.35308151093439366
llama-8b,qwen3-8b,imdb,4,0.6913157035586027,0.6849493960169768,685,3217,762,0.23686664594342555,0.7289125519187902,0.558647518856477,0.059545611159167205,0.17026503306231322,0.1648,2500,0.5900621118012422,0.12467191601049869,0.2028,0.5186335403726708,0.21916010498687663,0.2316,0.46500777604976673,0.39238845144356954,0.2844
llama-8b,qwen3-8b,rte,4,0.7657366071428572,0.6415178571428571,840,165,38,0.23030303030303031,0.6655615416493991,0.5241400745959387,0.0548711042843871,0.14142146705346037,0.32061068702290074,131,0.5,0.10526315789473684,0.3511450381679389,0.5,0.21052631578947367,0.3816793893129771,0.3333333333333333,0.2894736842105263,0.40458015267175573
llama-8b,qwen3-8b,truthfulqa,4,0.7809968082494476,0.663147557083231,788,973,368,0.37821171634121276,0.5850386273805246,0.5554516259432267,0.024223963433218983,0.029587001437297866,0.29008567931456547,817,0.5102040816326531,0.06793478260869565,0.32068543451652387,0.5154639175257731,0.1358695652173913,0.35128518971848227,0.49743589743589745,0.26358695652173914,0.408812729498164
llama-8b,qwen3-8b-base,boolq,4,0.7490228922389727,0.7709380234505863,1241,2096,467,0.22280534351145037,0.5223169979874938,0.4965057187512734,0.015994952009217963,0.02581127923622034,0.370250606305578,1237,0.2571428571428571,0.057815845824411134,0.3920776071139854,0.24761904761904763,0.11134903640256959,0.412287793047696,0.2386634844868735,0.21413276231263384,0.4510913500404204
llama-8b,qwen3-8b-base,geometry_of_truth,4,0.5792403405370007,0.7213490504256712,373,2897,385,0.13289609941318606,0.9686450492182976,0.461787575481843,0.21398070915937795,0.5068574737364546,0.29582504970178924,2515,0.9724137931034482,0.36623376623376624,0.3518886679920477,0.9206896551724137,0.6935064935064935,0.40198807157057653,0.616580310880829,0.9272727272727272,0.4377733598409543
llama-8b,qwen3-8b-base,imdb,4,0.6913157035586027,0.7592229840026118,846,3308,846,0.25574365175332525,0.6577279614682177,0.4850945962555189,0.0658297369588768,0.17263336521269879,0.24,2500,0.46060606060606063,0.08983451536643026,0.2704,0.43202416918429004,0.1690307328605201,0.2972,0.4108761329305136,0.3215130023640662,0.3488
llama-8b,qwen3-8b-base,rte,4,0.7657366071428572,0.8262276785714285,1721,201,64,0.31840796019900497,0.6272810218978102,0.5507527372262774,0.025400896966296667,0.07652828467153283,0.24427480916030533,131,0.5,0.078125,0.2824427480916031,0.45,0.140625,0.31297709923664124,0.4,0.25,0.366412213740458
llama-8b,qwen3-8b-base,truthfulqa,4,0.7809968082494476,0.8246992388902529,1598,1147,492,0.42894507410636445,0.5059082728231863,0.48336513994910946,0.017172006457454758,0.022543132874076832,0.2460220318237454,817,0.3333333333333333,0.03861788617886179,0.2692778457772338,0.40869565217391307,0.09552845528455285,0.30354957160342716,0.36681222707423583,0.17073170731707318,0.3488372093023256
llama-8b,qwen38-27b,boolq,3,0.6176753121998079,0.5835734870317003,283,1480,156,0.10540540540540541,0.5641267720195213,0.5339068188860485,0.03920128245814585,0.03021995313347281,0.3395311236863379,1237,0.13513513513513514,0.0641025641025641,0.34761519805982216,0.12162162162162163,0.11538461538461539,0.35408245755860956,0.11486486486486487,0.21794871794871795,0.3670169765561843
llama-8b,qwen38-27b,geometry_of_truth,3,0.6772844272844273,0.6753539253539254,499,2957,451,0.15251944538383497,0.9625652314710771,0.5270578991794417,0.08395567749556533,0.4355073322916354,0.3510934393638171,2515,0.9864864864864865,0.3237250554323725,0.40914512922465207,0.9763513513513513,0.6407982261640798,0.46600397614314115,0.6582064297800339,0.8625277161862528,0.5057654075546719
llama-8b,qwen38-27b,rte,3,0.6897651006711409,0.6956375838926174,695,163,35,0.2147239263803681,0.640625,0.5180245535714285,0.0307758087720272,0.12260044642857149,0.3282442748091603,131,0.25,0.05714285714285714,0.3435114503816794,0.3125,0.14285714285714285,0.366412213740458,0.24242424242424243,0.22857142857142856,0.3893129770992366
llama-8b,qwen38-27b,truthfulqa,3,0.6787796346677031,0.7098717450446949,574,959,392,0.40875912408759124,0.6166720656516576,0.5270264190332217,0.032562905555993955,0.08964564661843588,0.23745410036719705,817,0.6458333333333334,0.07908163265306123,0.27539779681762544,0.6041666666666666,0.14795918367346939,0.3084455324357405,0.5416666666666666,0.2653061224489796,0.36474908200734396
olmo3-7b,gemma4-12b,boolq,4,0.7938302624232273,0.6072026800670016,1156,1531,493,0.32201175702155455,0.5233793337945105,0.5063362997182129,0.023687343188245596,0.017043034076297592,0.4785772029102668,1237,0.4025974025974026,0.06288032454361055,0.5036378334680679,0.35294117647058826,0.10953346855983773,0.5222312045270816,0.3562091503267974,0.2210953346855984,0.5666936135812449
olmo3-7b,gemma4-12b,geometry_of_truth,4,0.7038310412573674,0.7917485265225933,1027,2853,845,0.2961794602173151,0.7918951413281785,0.45604004101935447,0.08071336705836864,0.33585510030882404,0.5208747514910537,2515,0.993006993006993,0.1680473372781065,0.5773359840954274,0.9649122807017544,0.3254437869822485,0.6302186878727635,0.830122591943958,0.5609467455621302,0.7093439363817098
olmo3-7b,gemma4-12b,imdb,4,0.7409402546523016,0.5009794319294809,793,2042,816,0.39960822722820766,0.6192733822729745,0.4874377259060231,0.06242625496378413,0.13183565636695138,0.3744,2500,0.5392156862745098,0.06740196078431372,0.3964,0.5833333333333334,0.14583333333333334,0.422,0.5245098039215687,0.2622549019607843,0.46
olmo3-7b,gemma4-12b,rte,4,0.8010044642857143,0.5954241071428571,1602,146,62,0.4246575342465753,0.776689708141321,0.4794066820276498,0.07368674849715867,0.2972830261136712,0.3053435114503817,131,0.8571428571428571,0.0967741935483871,0.3511450381679389,0.7333333333333333,0.1774193548387097,0.3893129770992366,0.7931034482758621,0.3709677419354839,0.48091603053435117
olmo3-7b,gemma4-12b,truthfulqa,4,0.8083722072182666,0.6350356002946231,1538,895,442,0.49385474860335193,0.4517095681879476,0.5147770519313176,0.029922283271205257,-0.06306748374337001,0.3818849449204406,817,0.3333333333333333,0.033936651583710405,0.40024479804161567,0.37777777777777777,0.07692307692307693,0.423500611995104,0.41899441340782123,0.16968325791855204,0.47368421052631576
olmo3-7b,gemma4-12b-base,boolq,4,0.7938302624232273,0.32858738135120047,254,966,193,0.1997929606625259,0.5238388889261273,0.4853977169898585,0.019039872064360877,0.03844117193626878,0.561034761519806,1237,0.22916666666666666,0.05699481865284974,0.5699272433306386,0.2268041237113402,0.11398963730569948,0.5788197251414713,0.24352331606217617,0.24352331606217617,0.5990299110751819
olmo3-7b,gemma4-12b-base,geometry_of_truth,4,0.7038310412573674,0.8040275049115914,1010,3272,761,0.23257946210268948,0.813197227861012,0.3720023486671785,0.09588539757140359,0.4411948791938335,0.41192842942345925,2515,0.9817073170731707,0.21156373193166886,0.47594433399602387,0.9113149847094801,0.3915900131406045,0.530417495029821,0.7186544342507645,0.6176084099868594,0.5988071570576541
olmo3-7b,gemma4-12b-base,imdb,4,0.7409402546523016,0.5584394384590271,837,2547,804,0.31566548881036516,0.5036100335956477,0.507868003642145,0.06350381000081767,-0.004257970046497306,0.2916,2500,0.2755905511811024,0.043532338308457715,0.3056,0.2784313725490196,0.08830845771144279,0.32,0.29273084479371314,0.1853233830845771,0.3512
olmo3-7b,gemma4-12b-base,rte,4,0.8010044642857143,0.7073660714285714,1695,180,55,0.3055555555555556,0.7325090909090909,0.49381818181818177,0.06407582285371108,0.23869090909090912,0.31297709923664124,131,0.7777777777777778,0.12727272727272726,0.366412213740458,0.7222222222222222,0.23636363636363636,0.4122137404580153,0.6111111111111112,0.4,0.48091603053435117
olmo3-7b,gemma4-12b-base,truthfulqa,4,0.8083722072182666,0.7275963663147557,1549,1038,509,0.4903660886319846,0.5462358083792306,0.4839570156836675,0.03459888690203825,0.06227879269556308,0.2839657282741738,817,0.40384615384615385,0.0412573673870334,0.30966952264381886,0.5096153846153846,0.10412573673870335,0.3488372093023256,0.5240384615384616,0.21414538310412573,0.4173806609547124
olmo3-7b,gemma4-31b,boolq,3,0.686359269932757,0.36743515850144093,430,733,165,0.22510231923601637,0.5210947503201024,0.4732234314980794,0.010703323962463459,0.04787131882202306,0.5925626515763945,1237,0.21621621621621623,0.048484848484848485,0.5990299110751819,0.2054794520547945,0.09090909090909091,0.6046887631366209,0.24489795918367346,0.21818181818181817,0.6216653193209377
olmo3-7b,gemma4-31b,geometry_of_truth,3,0.6615186615186616,0.6576576576576577,503,2599,1166,0.44863409003462873,0.9357224165977408,0.5776614151362338,0.19926237462110788,0.358061001461507,0.3558648111332008,2515,1.0,0.11149228130360206,0.40755467196819084,1.0,0.22298456260720412,0.4592445328031809,1.0,0.44596912521440824,0.562624254473161
olmo3-7b,gemma4-31b,rte,3,0.7402684563758389,0.4444630872483222,710,112,48,0.42857142857142855,0.7613932291666667,0.45182291666666663,0.048658015313938256,0.3095703125000001,0.2595419847328244,131,0.8333333333333334,0.10416666666666667,0.29770992366412213,0.7272727272727273,0.16666666666666666,0.32061068702290074,0.7727272727272727,0.3541666666666667,0.3893129770992366
olmo3-7b,gemma4-31b,truthfulqa,3,0.731441896618733,0.4325689856198989,566,583,281,0.48198970840480276,0.43814663807122145,0.5041272890103934,0.07266564360334553,-0.06598065093917194,0.4834761321909425,817,0.27586206896551724,0.028469750889679714,0.49326805385556916,0.29310344827586204,0.060498220640569395,0.5042839657282742,0.4017094017094017,0.16725978647686832,0.5410036719706243
olmo3-7b,llama-8b,boolq,4,0.7938302624232273,0.7490228922389727,1288,2071,477,0.23032351521004346,0.5550755058934316,0.5294997093397936,0.005379770345881506,0.025575796553637953,0.42764753435731606,1237,0.23076923076923078,0.050314465408805034,0.44704931285367827,0.2753623188405797,0.11949685534591195,0.4737267582861762,0.2632850241545894,0.22851153039832284,0.5157639450282943
olmo3-7b,llama-8b,geometry_of_truth,4,0.7038310412573674,0.5792403405370007,373,2881,372,0.12912183269698022,0.9329778389196742,0.5353539087242916,0.17503953635679462,0.39762393019538267,0.27236580516898606,2515,0.8888888888888888,0.34408602150537637,0.3232604373757455,0.7604166666666666,0.5887096774193549,0.3594433399602386,0.5451388888888888,0.8440860215053764,0.39721669980119284
olmo3-7b,llama-8b,imdb,4,0.7409402546523016,0.6913157035586027,842,3251,859,0.2642263918794217,0.6219173535377919,0.4520502227058764,0.04459892548081235,0.16986713083191546,0.226,2500,0.44171779141104295,0.08381839348079162,0.2548,0.4307692307692308,0.1629802095459837,0.282,0.37384615384615383,0.2828870779976717,0.3232
olmo3-7b,llama-8b,rte,4,0.8010044642857143,0.7657366071428572,1715,190,60,0.3157894736842105,0.6343589743589745,0.530448717948718,0.05913749037552951,0.10391025641025653,0.29770992366412213,131,0.5,0.08333333333333333,0.33587786259541985,0.42105263157894735,0.13333333333333333,0.35877862595419846,0.42105263157894735,0.26666666666666666,0.4198473282442748
olmo3-7b,llama-8b,truthfulqa,4,0.8083722072182666,0.7809968082494476,1581,1115,535,0.4798206278026906,0.5313406380921689,0.5246068320979697,0.04072191000839956,0.00673380599419926,0.2386780905752754,817,0.48214285714285715,0.05046728971962617,0.2717258261933905,0.45535714285714285,0.09532710280373832,0.3011015911872705,0.49327354260089684,0.205607476635514,0.3733170134638923
olmo3-7b,qwen3-32b,boolq,4,0.7938302624232273,0.7290619765494137,1153,1991,397,0.19939728779507784,0.5253548413603911,0.4940002496768423,0.025590501838399313,0.031354591683548816,0.47776879547291834,1237,0.19,0.04785894206549118,0.4931285367825384,0.18592964824120603,0.09319899244332494,0.50767987065481,0.18592964824120603,0.18639798488664988,0.5375909458367018
olmo3-7b,qwen3-32b,geometry_of_truth,4,0.7038310412573674,0.6421087098886706,548,2947,437,0.14828639294197488,0.8847520672458906,0.33133985795946647,0.23962633023787955,0.5534122092864242,0.3463220675944334,2515,0.9931972789115646,0.3340961098398169,0.4043737574552684,0.9694915254237289,0.6544622425629291,0.4600397614314115,0.5755517826825127,0.7757437070938215,0.48111332007952284
olmo3-7b,qwen3-32b,imdb,4,0.7409402546523016,0.717760365654587,761,3341,942,0.28195151152349596,0.6852797830660156,0.548195174210061,0.05495356581483849,0.13708460885595453,0.212,2500,0.6646706586826348,0.1178343949044586,0.2564,0.5658682634730539,0.20063694267515925,0.2876,0.5,0.35456475583864117,0.3456
olmo3-7b,qwen3-32b,rte,4,0.8010044642857143,0.7856026785714286,1607,199,63,0.3165829145728643,0.8436041083099908,0.5016923436041083,0.017235187583742435,0.34191176470588247,0.2595419847328244,131,1.0,0.15873015873015872,0.33587786259541985,0.75,0.23809523809523808,0.37404580152671757,0.725,0.4603174603174603,0.48091603053435117
olmo3-7b,qwen3-32b,truthfulqa,4,0.8083722072182666,0.8048121777559538,1495,1121,492,0.43889384478144516,0.7153760647304406,0.491614641901586,0.01885015711094323,0.22376142282885458,0.29865361077111385,817,0.875,0.09959349593495935,0.35862913096695226,0.8214285714285714,0.18699186991869918,0.4112607099143207,0.75,0.34146341463414637,0.5042839657282742
olmo3-7b,qwen3-8b,boolq,4,0.7938302624232273,0.3330541596873255,107,1002,107,0.10678642714570859,0.5627316869419934,0.4989009554638959,0.04920064497753161,0.06383073147809748,0.6014551333872271,1237,0.14,0.06542056074766354,0.6071139854486661,0.14,0.1308411214953271,0.6127728375101051,0.15,0.2803738317757009,0.6257073565076798
olmo3-7b,qwen3-8b,geometry_of_truth,4,0.7038310412573674,0.6365422396856582,575,2939,450,0.15311330384484517,0.9089013883308781,0.3849296906388108,0.118497992364362,0.5239716976920673,0.33359840954274356,2515,0.9251700680272109,0.3022222222222222,0.38767395626242546,0.8741496598639455,0.5711111111111111,0.4357852882703777,0.6173469387755102,0.8066666666666666,0.4779324055666004
olmo3-7b,qwen3-8b,imdb,4,0.7409402546523016,0.6849493960169768,688,3219,827,0.2569120844982914,0.7524962288644536,0.5082407652675383,0.13565051853227655,0.2442554635969153,0.238,2500,0.6770186335403726,0.13180169286577992,0.2816,0.6242236024844721,0.2430471584038694,0.3184,0.531055900621118,0.4135429262394196,0.3748
olmo3-7b,qwen3-8b,rte,4,0.8010044642857143,0.6415178571428571,849,168,38,0.2261904761904762,0.6479757085020244,0.5290485829959515,0.07908045721689032,0.11892712550607287,0.3893129770992366,131,0.375,0.07894736842105263,0.4122137404580153,0.4117647058823529,0.18421052631578946,0.44274809160305345,0.29411764705882354,0.2631578947368421,0.46564885496183206
olmo3-7b,qwen3-8b,truthfulqa,4,0.8083722072182666,0.663147557083231,787,911,369,0.40504939626783754,0.5717057170571705,0.480019800198002,0.011737797089055176,0.09168591685916855,0.41370869033047736,817,0.5,0.06233062330623306,0.4418604651162791,0.5274725274725275,0.13008130081300814,0.4724602203182375,0.46703296703296704,0.23035230352303523,0.5177478580171359
olmo3-7b,qwen3-8b-base,boolq,4,0.7938302624232273,0.7709380234505863,1296,2155,573,0.26589327146171693,0.5333176684471685,0.47160629066527227,0.006874957331038677,0.06171137778189628,0.3597413096200485,1237,0.32407407407407407,0.06108202443280977,0.3880355699272433,0.3101851851851852,0.1169284467713787,0.41390460792239286,0.2737819025522042,0.20593368237347295,0.4551333872271625
olmo3-7b,qwen3-8b-base,geometry_of_truth,4,0.7038310412573674,0.7213490504256712,877,3236,724,0.22373300370828184,0.8806205352429883,0.44559031015765205,0.18094336749337728,0.4350302250853363,0.2755467196819085,2515,1.0,0.22375690607734808,0.3399602385685885,0.9845679012345679,0.44060773480662985,0.40238568588469187,0.8361669242658424,0.7472375690607734,0.4906560636182903
olmo3-7b,qwen3-8b-base,imdb,4,0.7409402546523016,0.7592229840026118,877,3409,1011,0.2965679084775594,0.6331925137086708,0.5053866393771929,0.08810712484379499,0.12780587433147794,0.2332,2500,0.49411764705882355,0.0830860534124629,0.2668,0.4604105571847507,0.1552917903066271,0.296,0.4222873900293255,0.28486646884273,0.3484
olmo3-7b,qwen3-8b-base,rte,4,0.8010044642857143,0.8262276785714285,1778,207,70,0.33816425120772947,0.6988529718456725,0.5297966631908237,0.010412234613083073,0.16905630865484877,0.22137404580152673,131,0.8,0.11428571428571428,0.2824427480916031,0.6666666666666666,0.2,0.3282442748091603,0.5853658536585366,0.34285714285714286,0.40458015267175573
olmo3-7b,qwen3-8b-base,truthfulqa,4,0.8083722072182666,0.8246992388902529,1588,1160,552,0.47586206896551725,0.5602950991609458,0.49652579138062547,0.054774899291105066,0.0637693077803203,0.2252141982864137,817,0.603448275862069,0.06340579710144928,0.26805385556915545,0.5775862068965517,0.1213768115942029,0.3072215422276622,0.5474137931034483,0.23007246376811594,0.3806609547123623
olmo3-7b,qwen38-27b,boolq,3,0.686359269932757,0.5835734870317003,286,1527,220,0.14407334643091027,0.5394066912429575,0.5018553940321346,0.027259474784620392,0.03755129721082284,0.4486661277283751,1237,0.11842105263157894,0.04090909090909091,0.4559417946645109,0.12418300653594772,0.08636363636363636,0.46402586903799514,0.12459016393442623,0.17272727272727273,0.4793856103476152
olmo3-7b,qwen38-27b,geometry_of_truth,3,0.6615186615186616,0.6753539253539254,509,2623,836,0.31871902401829966,0.9618965254107952,0.2788460251202866,0.24831295614766014,0.6830505002905085,0.30099403578528827,2515,1.0,0.15669856459330145,0.35308151093439366,1.0,0.3133971291866029,0.405168986083499,1.0,0.6279904306220095,0.509741550695825
olmo3-7b,qwen38-27b,rte,3,0.7402684563758389,0.6956375838926174,700,177,46,0.2598870056497175,0.6606372386325922,0.4770577497510787,0.09370303436134086,0.1835794888815135,0.24427480916030533,131,0.3333333333333333,0.06521739130434782,0.26717557251908397,0.2777777777777778,0.10869565217391304,0.2824427480916031,0.45714285714285713,0.34782608695652173,0.366412213740458
olmo3-7b,qwen38-27b,truthfulqa,3,0.731441896618733,0.7098717450446949,570,980,435,0.44387755102040816,0.632462300959612,0.4881841189496995,0.04849376413189699,0.1442781820099125,0.2962056303549572,817,0.6938775510204082,0.07816091954022988,0.3378212974296206,0.6632653061224489,0.14942528735632185,0.37576499388004897,0.6632653061224489,0.2988505747126437,0.45532435740514077
qwen3-1.7b,gemma4-12b,boolq,4,0.6475432719151312,0.6072026800670016,1176,1286,347,0.2698289269051322,0.5242163930602487,0.49641687612979657,0.028013588846723905,0.02779951693045213,0.4963621665319321,1237,0.21875,0.040345821325648415,0.50767987065481,0.27906976744186046,0.1037463976945245,0.5254648342764754,0.26459143968871596,0.19596541786743515,0.5513338722716249
qwen3-1.7b,gemma4-12b,geometry_of_truth,4,0.785199738048461,0.7917485265225933,1400,3205,1211,0.3778471138845554,0.8632785226033178,0.5048523978210436,0.08781548589585164,0.3584261247822742,0.4003976143141153,2515,0.84375,0.11147811725846409,0.4540755467196819,0.83125,0.21965317919075145,0.5061630218687873,0.828393135725429,0.4384805945499587,0.6115308151093439
qwen3-1.7b,gemma4-12b,imdb,4,0.5128958537381652,0.5009794319294809,788,1590,608,0.38238993710691827,0.6705317424161218,0.4684292595669418,0.02118820379941175,0.20210248284917998,0.3884,2500,0.65,0.08552631578947369,0.4092,0.6226415094339622,0.16282894736842105,0.428,0.5943396226415094,0.31085526315789475,0.464
qwen3-1.7b,gemma4-12b,rte,4,0.6172991071428572,0.5954241071428571,1586,142,61,0.4295774647887324,0.6486541185994738,0.4786480469540579,0.03830353384722867,0.17000607164541587,0.17557251908396945,131,0.42857142857142855,0.04918032786885246,0.1984732824427481,0.6428571428571429,0.14754098360655737,0.24427480916030533,0.6071428571428571,0.2786885245901639,0.3053435114503817
qwen3-1.7b,gemma4-12b,truthfulqa,4,0.6329486864718881,0.6350356002946231,1559,763,362,0.4744429882044561,0.43107700362353785,0.5184552431077003,0.030749909405283028,-0.08737823948416246,0.3292533659730722,817,0.3684210526315789,0.03867403314917127,0.3463892288861689,0.32894736842105265,0.06906077348066299,0.3598531211750306,0.37254901960784315,0.1574585635359116,0.3990208078335373
qwen3-1.7b,gemma4-12b-base,boolq,4,0.6475432719151312,0.32858738135120047,208,825,134,0.16242424242424242,0.5194073050089638,0.5086074691664687,0.013664221020768233,0.010799835842495109,0.4381568310428456,1237,0.24390243902439024,0.07462686567164178,0.4462409054163298,0.1951219512195122,0.11940298507462686,0.4510913500404204,0.16363636363636364,0.20149253731343283,0.459983831851253
qwen3-1.7b,gemma4-12b-base,geometry_of_truth,4,0.785199738048461,0.8040275049115914,1378,3492,1000,0.286368843069874,0.9766837881219904,0.4061809791332263,0.06290203926370917,0.570502808988764,0.39244532803180915,2515,1.0,0.175,0.4620278330019881,1.0,0.349,0.5312127236580517,0.994269340974212,0.694,0.668389662027833
qwen3-1.7b,gemma4-12b-base,imdb,4,0.5128958537381652,0.5584394384590271,806,1986,607,0.3056394763343404,0.46778638867550804,0.44828165002693976,0.07468353708583123,0.019504738648568276,0.2968,2500,0.1717171717171717,0.02800658978583196,0.3036,0.21105527638190955,0.06919275123558484,0.3136,0.24685138539042822,0.1614497528830313,0.336
qwen3-1.7b,gemma4-12b-base,rte,4,0.6172991071428572,0.7073660714285714,1621,147,46,0.3129251700680272,0.7475247524752474,0.506457167455876,0.021268393158907634,0.24106758501937142,0.3053435114503817,131,0.5714285714285714,0.08695652173913043,0.33587786259541985,0.5333333333333333,0.17391304347826086,0.366412213740458,0.6551724137931034,0.41304347826086957,0.45038167938931295
qwen3-1.7b,gemma4-12b-base,truthfulqa,4,0.6329486864718881,0.7275963663147557,1552,784,359,0.45790816326530615,0.477332459446174,0.536908077994429,0.017682970857301257,-0.059575618548254994,0.40269277845777235,817,0.20512820512820512,0.022284122562674095,0.412484700122399,0.2948717948717949,0.06406685236768803,0.43084455324357407,0.36942675159235666,0.1615598885793872,0.47368421052631576
qwen3-1.7b,gemma4-31b,boolq,3,0.600864553314121,0.36743515850144093,440,741,151,0.203778677462888,0.5766528229879897,0.490052194410147,0.03064854665640066,0.08660062857784268,0.4664510913500404,1237,0.2972972972972973,0.0728476821192053,0.47534357316087306,0.2972972972972973,0.1456953642384106,0.48423605497170574,0.2702702702702703,0.26490066225165565,0.4987873888439774
qwen3-1.7b,gemma4-31b,geometry_of_truth,3,0.6470398970398971,0.6576576576576577,494,2440,1021,0.4184426229508197,0.8140604735370469,0.32706538312077793,0.08609841694867673,0.486995090416269,0.341948310139165,2515,1.0,0.11949069539666993,0.3904572564612326,1.0,0.23898139079333985,0.4389662027833002,0.9979508196721312,0.47698334965719885,0.5355864811133201
qwen3-1.7b,gemma4-31b,rte,3,0.5011744966442953,0.4444630872483222,708,112,51,0.45535714285714285,0.7312761170041787,0.4888299582127933,0.06654561184057292,0.24244615879138542,0.0916030534351145,131,0.8333333333333334,0.09803921568627451,0.1297709923664122,0.8181818181818182,0.17647058823529413,0.16030534351145037,0.8181818181818182,0.35294117647058826,0.22900763358778625
qwen3-1.7b,gemma4-31b,truthfulqa,3,0.43509521958802955,0.4325689856198989,568,525,250,0.47619047619047616,0.44920727272727273,0.47869454545454543,0.021924618865483,-0.029487272727272695,0.204406364749082,817,0.38461538461538464,0.04,0.21664626682986537,0.3269230769230769,0.068,0.2252141982864137,0.38095238095238093,0.16,0.2533659730722154
qwen3-1.7b,llama-8b,boolq,4,0.6475432719151312,0.7490228922389727,1268,1772,355,0.20033860045146726,0.5307284781377042,0.4923315475066347,0.018296407660016823,0.03839693063106947,0.40662894098625707,1237,0.16853932584269662,0.04225352112676056,0.41875505254648343,0.1694915254237288,0.08450704225352113,0.4308811641067098,0.18361581920903955,0.18309859154929578,0.45917542441390463
qwen3-1.7b,llama-8b,geometry_of_truth,4,0.785199738048461,0.5792403405370007,363,2847,357,0.12539515279241306,0.9569538658837029,0.41804247803539085,0.13448803736889212,0.538911387848312,0.45487077534791254,2515,0.8450704225352113,0.33613445378151263,0.5025844930417495,0.7929824561403509,0.6330532212885154,0.5447316103379721,0.5694200351493849,0.907563025210084,0.5836978131212723
qwen3-1.7b,llama-8b,imdb,4,0.5128958537381652,0.6913157035586027,794,2200,555,0.25227272727272726,0.6606040691147073,0.4970275746871492,0.08748576993284675,0.16357649442755806,0.3168,2500,0.5454545454545454,0.10810810810810811,0.3408,0.4863636363636364,0.1927927927927928,0.3596,0.41818181818181815,0.33153153153153153,0.3904
qwen3-1.7b,llama-8b,rte,4,0.6172991071428572,0.7657366071428572,1613,145,42,0.2896551724137931,0.7644475265834489,0.5418400369856682,0.03073216782318155,0.22260748959778076,0.42748091603053434,131,0.8571428571428571,0.14285714285714285,0.4732824427480916,0.5714285714285714,0.19047619047619047,0.48854961832061067,0.5172413793103449,0.35714285714285715,0.5419847328244275
qwen3-1.7b,llama-8b,truthfulqa,4,0.6329486864718881,0.7809968082494476,1554,876,382,0.4360730593607306,0.44896347796595804,0.5158830044301248,0.06096828378451012,-0.06691952646416677,0.36474908200734396,817,0.2727272727272727,0.031413612565445025,0.379436964504284,0.23863636363636365,0.0549738219895288,0.390452876376989,0.3314285714285714,0.1518324607329843,0.4357405140758874
qwen3-1.7b,olmo3-7b,boolq,4,0.6475432719151312,0.7938302624232273,1317,1799,415,0.23068371317398556,0.5559422661745248,0.497293074030225,0.012996574795590467,0.05864919214429981,0.47049312853678255,1237,0.24444444444444444,0.05301204819277108,0.48827809215844786,0.25,0.10843373493975904,0.5068714632174616,0.2833333333333333,0.2457831325301205,0.5529506871463218
qwen3-1.7b,olmo3-7b,geometry_of_truth,4,0.785199738048461,0.7038310412573674,1025,3315,826,0.24917043740573153,0.7632576070788953,0.578691399542977,0.1344621353530754,0.18456620753591835,0.3312127236580517,2515,1.0,0.2009685230024213,0.39721669980119284,0.9216867469879518,0.3704600484261501,0.45288270377733597,0.6576168929110106,0.5278450363196125,0.504572564612326
qwen3-1.7b,olmo3-7b,imdb,4,0.5128958537381652,0.7409402546523016,836,2337,695,0.2973898160034232,0.602327395087584,0.4912924228217912,0.05207073723541298,0.11103497226579284,0.33,2500,0.5042735042735043,0.08489208633093526,0.3536,0.46153846153846156,0.1553956834532374,0.3732,0.4004282655246253,0.26906474820143883,0.4048
qwen3-1.7b,olmo3-7b,rte,4,0.6172991071428572,0.8010044642857143,1656,164,58,0.35365853658536583,0.8074170461938842,0.4887768379960963,0.058613996247073905,0.31864020819778793,0.25190839694656486,131,0.75,0.10344827586206896,0.29770992366412213,0.8125,0.22413793103448276,0.3511450381679389,0.7575757575757576,0.43103448275862066,0.44274809160305345
qwen3-1.7b,olmo3-7b,truthfulqa,4,0.6329486864718881,0.8083722072182666,1535,876,430,0.4908675799086758,0.45569402440296175,0.46515147564918136,0.07155610240329568,-0.009457451246219606,0.3733170134638923,817,0.22727272727272727,0.023255813953488372,0.38555691554467564,0.3181818181818182,0.06511627906976744,0.40758873929008566,0.4,0.16279069767441862,0.4589963280293758
qwen3-1.7b,qwen3-32b,boolq,4,0.6475432719151312,0.7290619765494137,1141,1727,289,0.1673422119281992,0.5139683624411067,0.5184873262075835,0.016931214063896954,-0.004518963766476869,0.43411479385610346,1237,0.09302325581395349,0.02768166089965398,0.44058205335489087,0.12138728323699421,0.0726643598615917,0.4510913500404204,0.14782608695652175,0.17647058823529413,0.47534357316087306
qwen3-1.7b,qwen3-32b,geometry_of_truth,4,0.785199738048461,0.6421087098886706,544,3066,575,0.18754076973255054,0.9257584696210707,0.4669783394131918,0.24298697479455925,0.4587801302078789,0.40715705765407556,2515,0.9869281045751634,0.26260869565217393,0.4671968190854871,0.9381107491856677,0.5008695652173913,0.5216699801192843,0.7585644371941273,0.808695652173913,0.5920477137176938
qwen3-1.7b,qwen3-32b,imdb,4,0.5128958537381652,0.717760365654587,729,2357,710,0.30123037759864235,0.7894644124614109,0.6227128710331203,0.1096573350932821,0.16675154142829052,0.2452,2500,0.788135593220339,0.13098591549295774,0.2824,0.788135593220339,0.2619718309859155,0.3196,0.6942675159235668,0.46056338028169014,0.376
qwen3-1.7b,qwen3-32b,rte,4,0.6172991071428572,0.7856026785714286,1547,160,54,0.3375,0.8915094339622641,0.605083857442348,0.12501281822153842,0.28642557651991607,0.25190839694656486,131,1.0,0.14814814814814814,0.31297709923664124,1.0,0.2962962962962963,0.37404580152671757,0.875,0.5185185185185185,0.46564885496183206
qwen3-1.7b,qwen3-32b,truthfulqa,4,0.6329486864718881,0.8048121777559538,1472,890,365,0.4101123595505618,0.5753842139595564,0.46248793215916506,0.06571817818978741,0.11289628180039135,0.36107711138310894,817,0.6590909090909091,0.07945205479452055,0.39657282741738065,0.5955056179775281,0.14520547945205478,0.4259485924112607,0.5337078651685393,0.2602739726027397,0.4773561811505508
qwen3-1.7b,qwen3-8b,boolq,4,0.6475432719151312,0.3330541596873255,88,878,76,0.08656036446469248,0.5326650479065494,0.47431995668722926,0.03181357672832666,0.05834509121932019,0.4333063864187551,1237,0.06818181818181818,0.039473684210526314,0.4357316087308003,0.07954545454545454,0.09210526315789473,0.43896523848019403,0.08522727272727272,0.19736842105263158,0.44543249797898143
qwen3-1.7b,qwen3-8b,geometry_of_truth,4,0.785199738048461,0.6365422396856582,572,2976,499,0.1676747311827957,0.9521974914706278,0.40419433942572264,0.31103951488589354,0.5480031520449051,0.46520874751491054,2515,0.87248322147651,0.2605210420841683,0.5168986083499006,0.8859060402684564,0.5290581162324649,0.5701789264413519,0.7025210084033613,0.8376753507014028,0.6314115308151094
qwen3-1.7b,qwen3-8b,imdb,4,0.5128958537381652,0.6849493960169768,662,2187,546,0.2496570644718793,0.843068976524187,0.49010308196779856,0.10513261060591676,0.35296589455638844,0.3104,2500,0.8348623853211009,0.16666666666666666,0.3468,0.7808219178082192,0.3131868131868132,0.3788,0.6864988558352403,0.5494505494505495,0.4304
qwen3-1.7b,qwen3-8b,rte,4,0.6172991071428572,0.6415178571428571,796,134,32,0.23880597014925373,0.6703431372549019,0.47732843137254904,0.07238014997573838,0.19301470588235287,0.33587786259541985,131,0.42857142857142855,0.09375,0.35877862595419846,0.46153846153846156,0.1875,0.3816793893129771,0.4444444444444444,0.375,0.42748091603053434
qwen3-1.7b,qwen3-8b,truthfulqa,4,0.6329486864718881,0.663147557083231,762,762,280,0.3674540682414698,0.5863292827504445,0.5019691019561352,0.11653237567792725,0.08436018079430929,0.38310893512851896,817,0.5789473684210527,0.07857142857142857,0.41003671970624234,0.5526315789473685,0.15,0.43451652386780903,0.4934210526315789,0.26785714285714285,0.4749082007343941
qwen3-1.7b,qwen3-8b-base,boolq,4,0.6475432719151312,0.7709380234505863,1232,1793,390,0.21751254880089235,0.5282197488897418,0.49895781932488986,0.006557044476074053,0.029261929564851907,0.4373484236054972,1237,0.24444444444444444,0.05641025641025641,0.4551333872271625,0.26256983240223464,0.12051282051282051,0.47534357316087306,0.22841225626740946,0.21025641025641026,0.5036378334680679
qwen3-1.7b,qwen3-8b-base,geometry_of_truth,4,0.785199738048461,0.7213490504256712,945,3408,916,0.2687793427230047,0.9452724701577799,0.35650325583351444,0.13651039085042496,0.5887692143242655,0.2934393638170974,2515,1.0,0.185589519650655,0.3610337972166998,1.0,0.3722707423580786,0.4290258449304175,0.9853372434017595,0.7336244541484717,0.5606361829025845
qwen3-1.7b,qwen3-8b-base,imdb,4,0.5128958537381652,0.7592229840026118,805,2265,622,0.27461368653421636,0.6174680462568471,0.5798425259260274,0.09660037182905801,0.037625520330819784,0.392,2500,0.45132743362831856,0.0819935691318328,0.4124,0.3938053097345133,0.14308681672025725,0.4276,0.3554083885209713,0.25884244372990356,0.4564
qwen3-1.7b,qwen3-8b-base,rte,4,0.6172991071428572,0.8262276785714285,1649,162,56,0.345679012345679,0.6351078167115903,0.5339454177897573,0.05956058335948471,0.10116239892183299,0.2900763358778626,131,0.375,0.05357142857142857,0.31297709923664124,0.5,0.14285714285714285,0.3511450381679389,0.5625,0.32142857142857145,0.42748091603053434
qwen3-1.7b,qwen3-8b-base,truthfulqa,4,0.6329486864718881,0.8246992388902529,1543,885,377,0.42598870056497173,0.47200756072599676,0.4356920570605066,0.03147651028961034,0.036315503665490134,0.40514075887392903,817,0.3181818181818182,0.03713527851458886,0.4222766217870257,0.32954545454545453,0.07692307692307693,0.44063647490820074,0.384180790960452,0.18037135278514588,0.4883720930232558
qwen3-1.7b,qwen38-27b,boolq,3,0.600864553314121,0.5835734870317003,302,1365,151,0.11062271062271062,0.5343181644609796,0.5217795694818727,0.018227711230059708,0.01253859497910692,0.41147938561034764,1237,0.058823529411764705,0.026490066225165563,0.4147130153597413,0.0661764705882353,0.059602649006622516,0.41875505254648343,0.08791208791208792,0.15894039735099338,0.4308811641067098
qwen3-1.7b,qwen38-27b,geometry_of_truth,3,0.6470398970398971,0.6753539253539254,494,2821,782,0.2772066643034385,0.9603304613740501,0.8005373791625954,0.10528923348270558,0.15979308221145472,0.2147117296222664,2515,1.0,0.18030690537084398,0.27077534791252483,1.0,0.36061381074168797,0.3268389662027833,0.99822695035461,0.7199488491048593,0.4385685884691849
qwen3-1.7b,qwen38-27b,rte,3,0.5011744966442953,0.6956375838926174,674,125,42,0.336,0.8192771084337349,0.5936603557085484,0.05225235871294524,0.22561675272518655,0.183206106870229,131,0.6666666666666666,0.09523809523809523,0.21374045801526717,0.5833333333333334,0.16666666666666666,0.2366412213740458,0.72,0.42857142857142855,0.32061068702290074
qwen3-1.7b,qwen38-27b,truthfulqa,3,0.43509521958802955,0.7098717450446949,555,616,270,0.4383116883116883,0.6443052879469064,0.45791318775422823,0.036895478718341736,0.1863921001926782,0.34516523867809057,817,0.45161290322580644,0.05185185185185185,0.3623011015911873,0.5,0.11481481481481481,0.38310893512851896,0.5609756097560976,0.25555555555555554,0.42962056303549573
qwen3-8b,gemma4-12b,boolq,4,0.3330541596873255,0.6072026800670016,39,494,32,0.06477732793522267,0.3934659090909091,0.48784158549783546,0.057556394535628094,-0.09437567640692635,0.6386418755052546,1237,0.0,0.0,0.6386418755052546,0.04081632653061224,0.0625,0.6402586903799515,0.030303030303030304,0.09375,0.6410670978172999
qwen3-8b,gemma4-12b,geometry_of_truth,4,0.6365422396856582,0.7917485265225933,575,2620,630,0.24045801526717558,0.9341995692749462,0.41222700805615375,0.2385541082984098,0.5219725612187924,0.5658051689860835,2515,0.8854961832061069,0.18412698412698414,0.6119284294234593,0.9083969465648855,0.37777777777777777,0.6604373757455269,0.8587786259541985,0.7142857142857143,0.7447316103379722
qwen3-8b,gemma4-12b,imdb,4,0.6849493960169768,0.5009794319294809,641,1787,564,0.3156127588136542,0.7970169853226864,0.5009793091050375,0.01387123511491111,0.29603767621764887,0.4372,2500,0.8539325842696629,0.1347517730496454,0.4676,0.7877094972067039,0.25,0.4936,0.711484593837535,0.450354609929078,0.5388
qwen3-8b,gemma4-12b,rte,4,0.6415178571428571,0.5954241071428571,766,112,31,0.2767857142857143,0.810832337714058,0.4851652727996814,0.0567956074763004,0.32566706491437664,0.46564885496183206,131,0.6666666666666666,0.12903225806451613,0.4961832061068702,0.6363636363636364,0.22580645161290322,0.5190839694656488,0.5909090909090909,0.41935483870967744,0.5648854961832062
qwen3-8b,gemma4-12b,truthfulqa,4,0.663147557083231,0.6350356002946231,764,703,262,0.37268847795163584,0.6095532360526907,0.48884171989406455,0.03952884068484442,0.12071151615862619,0.46511627906976744,817,0.4,0.05343511450381679,0.48225214198286415,0.4714285714285714,0.12595419847328243,0.5055079559363526,0.5106382978723404,0.2748091603053435,0.5532435740514076
qwen3-8b,gemma4-12b-base,boolq,4,0.3330541596873255,0.32858738135120047,72,698,66,0.09455587392550144,0.5865937859608745,0.5139288454161872,0.07569370120745757,0.0726649405446873,0.18108326596604687,1237,0.11428571428571428,0.06060606060606061,0.18431689571544058,0.12857142857142856,0.13636363636363635,0.1883589329021827,0.14285714285714285,0.30303030303030304,0.19725141471301536
qwen3-8b,gemma4-12b-base,geometry_of_truth,4,0.6365422396856582,0.8040275049115914,564,2855,364,0.12749562171628723,0.8802424993713633,0.3986783740145844,0.1489410477043578,0.48156412535677895,0.6015904572564612,2515,0.8741258741258742,0.3434065934065934,0.6512922465208748,0.6993006993006993,0.5494505494505495,0.6811133200795229,0.4658493870402802,0.7307692307692307,0.7073558648111332
qwen3-8b,gemma4-12b-base,imdb,4,0.6849493960169768,0.5584394384590271,675,2344,604,0.257679180887372,0.6841954022988505,0.5269722444241455,0.06785999221083298,0.15722315787470498,0.3128,2500,0.5042735042735043,0.09768211920529801,0.3364,0.452991452991453,0.17549668874172186,0.3552,0.464818763326226,0.3609271523178808,0.4
qwen3-8b,gemma4-12b-base,rte,4,0.6415178571428571,0.7073660714285714,818,155,35,0.22580645161290322,0.6726190476190476,0.5026190476190476,0.07049368347895318,0.16999999999999993,0.3053435114503817,131,0.5,0.11428571428571428,0.33587786259541985,0.375,0.17142857142857143,0.3511450381679389,0.3225806451612903,0.2857142857142857,0.3816793893129771
qwen3-8b,gemma4-12b-base,truthfulqa,4,0.663147557083231,0.7275963663147557,773,872,327,0.375,0.6063799343489606,0.512009370703925,0.023178430339513004,0.0943705636450356,0.37209302325581395,817,0.6363636363636364,0.0856269113149847,0.40636474908200737,0.5517241379310345,0.14678899082568808,0.43084455324357407,0.5114942528735632,0.27217125382262997,0.4810281517747858
qwen3-8b,gemma4-31b,boolq,3,0.404418828049952,0.36743515850144093,57,302,12,0.039735099337748346,0.5008620689655172,0.5306034482758621,0.0779611258572712,-0.02974137931034493,0.42037186742118027,1237,0.06666666666666667,0.08333333333333333,0.4211802748585287,0.06666666666666667,0.16666666666666666,0.4219886822958771,0.03333333333333333,0.16666666666666666,0.4219886822958771
qwen3-8b,gemma4-31b,geometry_of_truth,3,0.6718146718146718,0.6576576576576577,486,2478,864,0.3486682808716707,0.9774154963513699,0.6595312930262976,0.23135835488837425,0.3178842033250723,0.33916500994035786,2515,0.9838709677419355,0.1412037037037037,0.38767395626242546,0.9919354838709677,0.2847222222222222,0.43697813121272366,0.9959677419354839,0.5717592592592593,0.5355864811133201
qwen3-8b,gemma4-31b,rte,3,0.6820469798657718,0.4444630872483222,595,99,36,0.36363636363636365,0.7896825396825395,0.45679012345679004,0.028113436293211256,0.3328924162257495,0.3053435114503817,131,1.0,0.1388888888888889,0.3435114503816794,0.8,0.2222222222222222,0.366412213740458,0.7,0.3888888888888889,0.4122137404580153
qwen3-8b,gemma4-31b,truthfulqa,3,0.6999611348620287,0.4325689856198989,534,549,215,0.39162112932604737,0.5559114329480573,0.558337975212366,0.03358217318709471,-0.0024265422643086065,0.4039167686658507,817,0.4074074074074074,0.05116279069767442,0.4173806609547124,0.43636363636363634,0.11162790697674418,0.43329253365973075,0.4090909090909091,0.20930232558139536,0.4589963280293758
qwen3-8b,llama-8b,boolq,4,0.3330541596873255,0.7490228922389727,100,1016,94,0.09251968503937008,0.5712950569991232,0.47071295056999124,0.029431200232806213,0.10058210642913196,0.46160064672594986,1237,0.11764705882352941,0.06382978723404255,0.4664510913500404,0.10784313725490197,0.11702127659574468,0.47049312853678255,0.15763546798029557,0.3404255319148936,0.4874696847210994
qwen3-8b,llama-8b,geometry_of_truth,4,0.6365422396856582,0.5792403405370007,384,2689,198,0.07363332093715136,0.9393493343714139,0.3509812091205106,0.16067076845892184,0.5883681252509032,0.28469184890656063,2515,0.7686567164179104,0.5202020202020202,0.3256461232604374,0.5278810408921933,0.7171717171717171,0.3411530815109344,0.31784386617100374,0.8636363636363636,0.3526838966202783
qwen3-8b,llama-8b,imdb,4,0.6849493960169768,0.6913157035586027,685,3217,762,0.23686664594342555,0.7293097273227811,0.5589770728760738,0.05835854992554638,0.1703326544467073,0.1648,2500,0.5900621118012422,0.12467191601049869,0.2028,0.5186335403726708,0.21916010498687663,0.2316,0.4681181959564541,0.39501312335958005,0.2852
qwen3-8b,llama-8b,rte,4,0.6415178571428571,0.7657366071428572,840,165,38,0.23030303030303031,0.6653543307086615,0.5256941566514712,0.054721541687239784,0.13966017405719022,0.32061068702290074,131,0.5,0.10526315789473684,0.3511450381679389,0.5,0.21052631578947367,0.3816793893129771,0.3333333333333333,0.2894736842105263,0.40458015267175573
qwen3-8b,llama-8b,truthfulqa,4,0.663147557083231,0.7809968082494476,788,973,368,0.37821171634121276,0.5849757455982751,0.5566362738052462,0.02551396489004393,0.02833947179302898,0.29008567931456547,817,0.5102040816326531,0.06793478260869565,0.32068543451652387,0.5154639175257731,0.1358695652173913,0.35128518971848227,0.47692307692307695,0.25271739130434784,0.4039167686658507
qwen3-8b,qwen3-32b,boolq,4,0.3330541596873255,0.7290619765494137,95,975,84,0.08615384615384615,0.5511330233552456,0.4627859280637059,0.025122403959361547,0.08834709529153972,0.39854486661277283,1237,0.10204081632653061,0.05952380952380952,0.40258690379951495,0.08163265306122448,0.09523809523809523,0.40501212611156023,0.09743589743589744,0.2261904761904762,0.41390460792239286
qwen3-8b,qwen3-32b,geometry_of_truth,4,0.6365422396856582,0.6421087098886706,551,2858,367,0.1284114765570329,0.9320485628371128,0.4745607347212909,0.30231899675169427,0.4574878281158219,0.27594433399602386,2515,1.0,0.3896457765667575,0.33280318091451294,0.8951048951048951,0.6975476839237057,0.37773359840954274,0.5244755244755245,0.8174386920980926,0.3952286282306163
qwen3-8b,qwen3-32b,imdb,4,0.6849493960169768,0.717760365654587,676,3255,796,0.2445468509984639,0.731146582853266,0.4603418168516433,0.08794574929100012,0.2708047660016226,0.19,2500,0.6380368098159509,0.1306532663316583,0.2316,0.5858895705521472,0.2399497487437186,0.2664,0.5099846390168971,0.41708542713567837,0.3228
qwen3-8b,qwen3-32b,rte,4,0.6415178571428571,0.7856026785714286,835,174,40,0.22988505747126436,0.8432835820895522,0.5402985074626866,0.05651522519042807,0.30298507462686564,0.29770992366412213,131,0.7777777777777778,0.175,0.3511450381679389,0.8823529411764706,0.375,0.4122137404580153,0.6,0.525,0.4580152671755725
qwen3-8b,qwen3-32b,truthfulqa,4,0.663147557083231,0.8048121777559538,781,1018,363,0.3565815324165029,0.678245326267533,0.49392467352217523,0.0671157713614198,0.18432065274535775,0.25703794369645044,817,0.7058823529411765,0.09917355371900827,0.3011015911872705,0.6666666666666666,0.18732782369146006,0.3402692778457772,0.6470588235294118,0.36363636363636365,0.4186046511627907
qwen3-8b,qwen3-8b-base,boolq,4,0.3330541596873255,0.7709380234505863,109,1040,107,0.10288461538461538,0.5689615450110687,0.48195700734240865,0.02079194736424759,0.08700453766866001,0.5278900565885206,1237,0.09615384615384616,0.04672897196261682,0.5319320937752627,0.09615384615384616,0.09345794392523364,0.5359741309620049,0.125,0.24299065420560748,0.5489086499595797
qwen3-8b,qwen3-8b-base,geometry_of_truth,4,0.6365422396856582,0.7213490504256712,577,2895,404,0.13955094991364422,0.8907602020740012,0.5675135934910231,0.2174949055026853,0.32324660858297805,0.4039761431411531,2515,0.9448275862068966,0.33910891089108913,0.4584493041749503,0.8241379310344827,0.5915841584158416,0.4990059642147117,0.5198618307426598,0.745049504950495,0.5236580516898608
qwen3-8b,qwen3-8b-base,imdb,4,0.6849493960169768,0.7592229840026118,689,3315,845,0.2549019607843137,0.7140627171022687,0.47408296001724837,0.056861283320658644,0.23997975708502028,0.2272,2500,0.608433734939759,0.11952662721893491,0.2676,0.5421686746987951,0.21301775147928995,0.2992,0.4856711915535445,0.3810650887573965,0.356
qwen3-8b,qwen3-8b-base,rte,4,0.6415178571428571,0.8262276785714285,854,177,43,0.24293785310734464,0.6497743838944811,0.5346667823672336,0.06139523843000101,0.11510760152724742,0.32061068702290074,131,0.4444444444444444,0.09302325581395349,0.3511450381679389,0.5,0.20930232558139536,0.3893129770992366,0.45714285714285713,0.37209302325581395,0.44274809160305345
qwen3-8b,qwen3-8b-base,truthfulqa,4,0.663147557083231,0.8246992388902529,791,1017,372,0.36578171091445427,0.5100066683337501,0.46575914812036345,0.050264937945980956,0.044247520213386626,0.3084455324357405,817,0.35294117647058826,0.04838709677419355,0.33047735618115054,0.3627450980392157,0.09946236559139784,0.3537331701346389,0.3497536945812808,0.19086021505376344,0.3953488372093023
qwen3-8b,qwen38-27b,boolq,3,0.404418828049952,0.5835734870317003,62,1175,109,0.09276595744680852,0.5718797872523538,0.5026894676145068,0.026640987800022213,0.06919031963784694,0.2085691188358933,1237,0.13559322033898305,0.07339449541284404,0.21503637833468067,0.1016949152542373,0.11009174311926606,0.21827000808407437,0.14042553191489363,0.30275229357798167,0.23524656426839127
qwen3-8b,qwen38-27b,geometry_of_truth,3,0.6718146718146718,0.6753539253539254,487,2932,448,0.15279672578444747,0.9218426501035197,0.3184719256815045,0.1622353439576582,0.6033707244220152,0.3526838966202783,2515,0.9795918367346939,0.32142857142857145,0.4099403578528827,0.9488054607508533,0.6205357142857143,0.46322067594433397,0.636518771331058,0.8325892857142857,0.5009940357852882
qwen3-8b,qwen38-27b,rte,3,0.6820469798657718,0.6956375838926174,638,176,43,0.24431818181818182,0.6453925511453051,0.5540304248994579,0.16297519177487504,0.09136212624584727,0.15267175572519084,131,0.4444444444444444,0.09302325581395349,0.183206106870229,0.2777777777777778,0.11627906976744186,0.19083969465648856,0.37142857142857144,0.3023255813953488,0.25190839694656486
qwen3-8b,qwen38-27b,truthfulqa,3,0.6999611348620287,0.7098717450446949,552,969,366,0.37770897832817335,0.6139838149869958,0.4943055668832522,0.04250581815784104,0.11967824810374361,0.22399020807833536,817,0.7291666666666666,0.09562841530054644,0.2668298653610771,0.6804123711340206,0.18032786885245902,0.3047735618115055,0.5463917525773195,0.2896174863387978,0.3537331701346389
qwen3-8b-base,gemma4-12b,boolq,4,0.7709380234505863,0.6072026800670016,1104,1509,442,0.292909211398277,0.528898633204273,0.5094118283172255,0.024575692091293313,0.01948680488704746,0.4874696847210994,1237,0.25333333333333335,0.042986425339366516,0.5028294260307195,0.31788079470198677,0.1085972850678733,0.5262732417138237,0.30132450331125826,0.20588235294117646,0.561034761519806
qwen3-8b-base,gemma4-12b,geometry_of_truth,4,0.7213490504256712,0.7917485265225933,945,2870,860,0.29965156794425085,0.9099201666088164,0.4547405414786533,0.030556465692138424,0.4551796251301631,0.5427435387673957,2515,1.0,0.16744186046511628,0.6,1.0,0.33372093023255817,0.6568588469184891,0.9878048780487805,0.6593023255813953,0.7681908548707753
qwen3-8b-base,gemma4-12b,imdb,4,0.7592229840026118,0.5009794319294809,771,1992,763,0.3830321285140562,0.650428109673711,0.44914431385680487,0.05068435933535712,0.20128379581690614,0.4204,2500,0.63,0.08256880733944955,0.4456,0.6331658291457286,0.1651376146788991,0.4708,0.5527638190954773,0.28833551769331583,0.5084
qwen3-8b-base,gemma4-12b,rte,4,0.8262276785714285,0.5954241071428571,1599,146,61,0.4178082191780822,0.6786885245901638,0.5115718418514947,0.06400652777512114,0.1671166827386691,0.3282442748091603,131,0.8571428571428571,0.09836065573770492,0.37404580152671757,0.6,0.14754098360655737,0.3969465648854962,0.6896551724137931,0.32786885245901637,0.48091603053435117
qwen3-8b-base,gemma4-12b,truthfulqa,4,0.8246992388902529,0.6350356002946231,1545,892,393,0.4405829596412556,0.5582870575757113,0.47606536227671625,0.01986924028602977,0.08222169529899503,0.4039167686658507,817,0.4666666666666667,0.05343511450381679,0.42962056303549573,0.5617977528089888,0.1272264631043257,0.46511627906976744,0.5674157303370787,0.25699745547073793,0.5275397796817626
qwen3-8b-base,gemma4-12b-base,boolq,4,0.7709380234505863,0.32858738135120047,236,935,167,0.1786096256684492,0.5404035678642714,0.47034836576846306,0.03343640698190214,0.07005520209580829,0.5295068714632175,1237,0.2127659574468085,0.059880239520958084,0.5375909458367018,0.22340425531914893,0.12574850299401197,0.5464834276475343,0.20320855614973263,0.2275449101796407,0.5602263540824576
qwen3-8b-base,gemma4-12b-base,geometry_of_truth,4,0.7213490504256712,0.8040275049115914,937,3501,987,0.2819194515852613,0.936641333355902,0.3078671294852171,0.18689938531247166,0.628774203870685,0.26600397614314114,2515,1.0,0.1773049645390071,0.33558648111332007,0.9971428571428571,0.353596757852077,0.4047713717693837,0.9928571428571429,0.7041540020263425,0.5423459244532803
qwen3-8b-base,gemma4-12b-base,imdb,4,0.7592229840026118,0.5584394384590271,820,2485,740,0.2977867203219316,0.5172771625493688,0.5440447610934718,0.08474415538332987,-0.026767598544102933,0.3464,2500,0.28225806451612906,0.0472972972972973,0.3604,0.2661290322580645,0.0891891891891892,0.3728,0.29979879275653926,0.20135135135135135,0.406
qwen3-8b-base,gemma4-12b-base,rte,4,0.8262276785714285,0.7073660714285714,1700,187,58,0.31016042780748665,0.6868484362469928,0.5347834803528468,0.0714276072759067,0.15206495589414593,0.2748091603053435,131,0.6666666666666666,0.10344827586206896,0.32061068702290074,0.5263157894736842,0.1724137931034483,0.3511450381679389,0.4864864864864865,0.3103448275862069,0.4122137404580153
qwen3-8b-base,gemma4-12b-base,truthfulqa,4,0.8246992388902529,0.7275963663147557,1560,1064,465,0.43703007518796994,0.5373184698511857,0.504768700522376,0.02600159981150193,0.03254976932880971,0.2937576499388005,817,0.5094339622641509,0.05806451612903226,0.3268053855569155,0.4811320754716981,0.10967741935483871,0.3561811505507956,0.49295774647887325,0.22580645161290322,0.4222766217870257
qwen3-8b-base,gemma4-31b,boolq,3,0.6366474543707973,0.36743515850144093,346,648,124,0.19135802469135801,0.6162121398670277,0.5017121706476237,0.02613841594756048,0.11449996921940397,0.5650767987065481,1237,0.375,0.0967741935483871,0.5747776879547292,0.3076923076923077,0.16129032258064516,0.5812449474535166,0.2846153846153846,0.29838709677419356,0.5949878738884398
qwen3-8b-base,gemma4-31b,geometry_of_truth,3,0.6711711711711712,0.6576576576576577,500,2226,605,0.27178796046720577,0.8988747890548127,0.3369616755293386,0.12956334844984246,0.561913113525474,0.5347912524850894,2515,1.0,0.1834710743801653,0.5789264413518886,1.0,0.3685950413223141,0.6234592445328032,0.9820224719101124,0.7223140495867768,0.7085487077534791
qwen3-8b-base,gemma4-31b,rte,3,0.7557046979865771,0.4444630872483222,688,106,42,0.39622641509433965,0.7578125,0.5478980654761905,0.09611808581645925,0.20991443452380953,0.3282442748091603,131,1.0,0.11904761904761904,0.366412213740458,0.9090909090909091,0.23809523809523808,0.40458015267175573,0.7619047619047619,0.38095238095238093,0.45038167938931295
qwen3-8b-base,gemma4-31b,truthfulqa,3,0.7312475709288768,0.4325689856198989,560,578,241,0.41695501730103807,0.5117032148441829,0.5174316953347206,0.046503563144214256,-0.005728480490537646,0.46511627906976744,817,0.6206896551724138,0.07468879668049792,0.48714810281517745,0.5,0.12033195020746888,0.5006119951040392,0.45689655172413796,0.21991701244813278,0.5299877600979193
qwen3-8b-base,llama-8b,boolq,4,0.7709380234505863,0.7490228922389727,1241,2096,467,0.22280534351145037,0.5232095464565563,0.496501117985969,0.015839898351562638,0.026708428470587242,0.370250606305578,1237,0.2571428571428571,0.057815845824411134,0.3920776071139854,0.2523809523809524,0.11349036402569593,0.4130962004850445,0.24105011933174225,0.21627408993576017,0.4518997574777688
qwen3-8b-base,llama-8b,geometry_of_truth,4,0.7213490504256712,0.5792403405370007,373,2897,385,0.13289609941318606,0.9685333774505749,0.4610821304491686,0.21295434754747294,0.5074512470014063,0.29582504970178924,2515,0.9724137931034482,0.36623376623376624,0.3518886679920477,0.9206896551724137,0.6935064935064935,0.40198807157057653,0.614853195164076,0.9246753246753247,0.43737574552683894
qwen3-8b-base,llama-8b,imdb,4,0.7592229840026118,0.6913157035586027,846,3308,846,0.25574365175332525,0.6572099217803281,0.4859854420765373,0.06758965822996443,0.1712244797037908,0.24,2500,0.4666666666666667,0.09101654846335698,0.2708,0.42900302114803623,0.16784869976359337,0.2968,0.4093655589123867,0.3203309692671395,0.3484
qwen3-8b-base,llama-8b,rte,4,0.8262276785714285,0.7657366071428572,1721,201,64,0.31840796019900497,0.6272810218978102,0.5501539689781022,0.026440228842220817,0.077127052919708,0.24427480916030533,131,0.5,0.078125,0.2824427480916031,0.45,0.140625,0.31297709923664124,0.4,0.25,0.366412213740458
qwen3-8b-base,llama-8b,truthfulqa,4,0.8246992388902529,0.7809968082494476,1598,1147,492,0.42894507410636445,0.5051325017066964,0.48396946564885496,0.017868375852632807,0.021163036057841478,0.2460220318237454,817,0.3333333333333333,0.03861788617886179,0.2692778457772338,0.4,0.09349593495934959,0.3023255813953488,0.37554585152838427,0.17479674796747968,0.35128518971848227
qwen3-8b-base,qwen3-32b,boolq,4,0.7709380234505863,0.7290619765494137,1118,1978,362,0.18301314459049545,0.5342107242492204,0.5072543727093705,0.032170086090937,0.026956351539849988,0.46079223928860147,1237,0.1919191919191919,0.052486187845303865,0.4761519805982215,0.19696969696969696,0.10773480662983426,0.49232012934519,0.21464646464646464,0.23480662983425415,0.5295068714632175
qwen3-8b-base,qwen3-32b,geometry_of_truth,4,0.7213490504256712,0.6421087098886706,535,2891,378,0.13075060532687652,0.9216444857113382,0.4003770341315108,0.2390359977997505,0.5212674515798273,0.42703777335984094,2515,0.9793103448275862,0.37566137566137564,0.4834990059642147,0.9342560553633218,0.7142857142857143,0.5343936381709742,0.5415224913494809,0.828042328042328,0.5514910536779324
qwen3-8b-base,qwen3-32b,imdb,4,0.7592229840026118,0.717760365654587,760,3378,913,0.27027827116637065,0.6841982719741219,0.5432652979611605,0.08865938752953233,0.14093297401296134,0.2388,2500,0.6153846153846154,0.11391018619934283,0.2804,0.5532544378698225,0.20481927710843373,0.3136,0.4940828402366864,0.3658269441401972,0.3724
qwen3-8b-base,qwen3-32b,rte,4,0.8262276785714285,0.7856026785714286,1608,211,70,0.33175355450236965,0.8607902735562311,0.5132472137791286,0.07618843415827173,0.3475430597771024,0.16030534351145037,131,1.0,0.15714285714285714,0.24427480916030533,0.9047619047619048,0.2714285714285714,0.3053435114503817,0.8333333333333334,0.5,0.42748091603053434
qwen3-8b-base,qwen3-32b,truthfulqa,4,0.8246992388902529,0.8048121777559538,1500,1179,467,0.39609838846480067,0.6721723648437312,0.4542877679667012,0.06321232186625166,0.21788459687703005,0.26193390452876375,817,0.6949152542372882,0.08779443254817987,0.31211750305997554,0.6610169491525424,0.1670235546038544,0.3574051407588739,0.6398305084745762,0.3233404710920771,0.4467564259485924
qwen3-8b-base,qwen3-8b,boolq,4,0.7709380234505863,0.3330541596873255,109,1040,107,0.10288461538461538,0.5662569742865443,0.4823101040758882,0.019555831559724717,0.08394687021065611,0.5278900565885206,1237,0.09615384615384616,0.04672897196261682,0.5319320937752627,0.10576923076923077,0.102803738317757,0.5367825383993533,0.1201923076923077,0.2336448598130841,0.5481002425222312
qwen3-8b-base,qwen3-8b,geometry_of_truth,4,0.7213490504256712,0.6365422396856582,577,2895,404,0.13955094991364422,0.8851399692357835,0.5673456622057227,0.21444001711148145,0.31779430703006084,0.4039761431411531,2515,0.9241379310344827,0.3316831683168317,0.4572564612326044,0.8137931034482758,0.5841584158415841,0.4978131212723658,0.5129533678756477,0.7351485148514851,0.5220675944333996
qwen3-8b-base,qwen3-8b,imdb,4,0.7592229840026118,0.6849493960169768,689,3315,845,0.2549019607843137,0.7120551948829744,0.47580252976546966,0.0567851929259628,0.23625266511750476,0.2272,2500,0.5963855421686747,0.11715976331360947,0.2668,0.5481927710843374,0.2153846153846154,0.3,0.4766214177978884,0.3739644970414201,0.3536
qwen3-8b-base,qwen3-8b,rte,4,0.8262276785714285,0.6415178571428571,854,177,43,0.24293785310734464,0.6678236723359945,0.5331048247136412,0.06118059799689931,0.1347188476223533,0.32061068702290074,131,0.4444444444444444,0.09302325581395349,0.3511450381679389,0.4444444444444444,0.18604651162790697,0.3816793893129771,0.45714285714285713,0.37209302325581395,0.44274809160305345
qwen3-8b-base,qwen3-8b,truthfulqa,4,0.8246992388902529,0.663147557083231,791,1017,372,0.36578171091445427,0.5078769692423106,0.4660123364174377,0.0507702680313057,0.041864632824872905,0.3084455324357405,817,0.37254901960784315,0.051075268817204304,0.3317013463892289,0.3627450980392157,0.09946236559139784,0.3537331701346389,0.3399014778325123,0.18548387096774194,0.3929008567931457
qwen3-8b-base,qwen38-27b,boolq,3,0.6366474543707973,0.5835734870317003,257,1467,197,0.13428766189502386,0.5553179583516528,0.4912116791238659,0.03263744339891308,0.06410627922778689,0.3920776071139854,1237,0.1095890410958904,0.04060913705583756,0.39854486661277283,0.1360544217687075,0.10152284263959391,0.4082457558609539,0.14675767918088736,0.2182741116751269,0.42683912691996767
qwen3-8b-base,qwen38-27b,geometry_of_truth,3,0.6711711711711712,0.6753539253539254,502,3089,583,0.18873421819359015,0.9318883393406425,0.48000561944643316,0.20655396562634637,0.45188271989420936,0.23499005964214711,2515,1.0,0.2641509433962264,0.2962226640159046,0.9935275080906149,0.5265866209262435,0.35705765407554674,0.7880258899676376,0.8353344768439108,0.4286282306163022
qwen3-8b-base,qwen38-27b,rte,3,0.7557046979865771,0.6956375838926174,702,182,45,0.24725274725274726,0.6326034063260341,0.47923763179237633,0.10767048794843194,0.15336577453365774,0.2366412213740458,131,0.3333333333333333,0.06666666666666667,0.2595419847328244,0.3888888888888889,0.15555555555555556,0.2900763358778626,0.3055555555555556,0.24444444444444444,0.32061068702290074
qwen3-8b-base,qwen38-27b,truthfulqa,3,0.7312475709288768,0.7098717450446949,570,1015,405,0.39901477832512317,0.5950900627403359,0.5168174458611617,0.018699076169303542,0.0782726168791742,0.2533659730722154,817,0.5686274509803921,0.07160493827160494,0.28886168910648713,0.5294117647058824,0.13333333333333333,0.31946144430844553,0.5172413793103449,0.25925925925925924,0.3818849449204406
qwen38-27b,gemma4-31b,boolq,3,0.5835734870317003,0.36743515850144093,291,614,40,0.06514657980456026,0.49651567944250874,0.5068924216027875,0.04772092691017432,-0.010376742160278729,0.486661277283751,1237,0.06451612903225806,0.05,0.48827809215844786,0.04918032786885246,0.075,0.4890864995957963,0.04065040650406504,0.125,0.49070331447049315
qwen38-27b,gemma4-31b,geometry_of_truth,3,0.6753539253539254,0.6576576576576577,506,2385,764,0.32033542976939205,0.9519445368543108,0.6581401742832134,0.09371206004191986,0.29380436257109743,0.41669980119284294,2515,1.0,0.15575916230366493,0.4640159045725646,1.0,0.31151832460732987,0.5113320079522863,0.9979035639412998,0.6230366492146597,0.6059642147117297
qwen38-27b,gemma4-31b,rte,3,0.6956375838926174,0.4444630872483222,635,107,43,0.40186915887850466,0.8263081395348837,0.46865915697674415,0.11610843647345703,0.35764898255813954,0.1984732824427481,131,1.0,0.11627906976744186,0.2366412213740458,1.0,0.2558139534883721,0.2824427480916031,0.9047619047619048,0.4418604651162791,0.3435114503816794
qwen38-27b,gemma4-31b,truthfulqa,3,0.7098717450446949,0.4325689856198989,555,638,275,0.43103448275862066,0.6347307788630103,0.4872677185073879,0.021242842258903123,0.1474630603556224,0.3390452876376989,817,0.40625,0.04727272727272727,0.35495716034271724,0.421875,0.09818181818181818,0.37209302325581395,0.5,0.23272727272727273,0.4173806609547124
qwen38-27b,qwen3-32b,boolq,3,0.5835734870317003,0.590297790585975,250,1519,150,0.09874917709019092,0.5260384709033358,0.5049245191137083,0.02083682341171121,0.021113951789627494,0.25222312045270817,1237,0.06578947368421052,0.03333333333333333,0.2562651576394503,0.09868421052631579,0.1,0.26434923201293453,0.10197368421052631,0.20666666666666667,0.2772837510105093
qwen38-27b,qwen3-32b,geometry_of_truth,3,0.6753539253539254,0.7200772200772201,488,3153,645,0.20456707897240722,0.9436352509179927,0.3954846815770928,0.11714678257574436,0.5481505693408999,0.2811133200795229,2515,0.9936708860759493,0.2434108527131783,0.3435387673956262,0.9968253968253968,0.4868217054263566,0.4059642147117296,0.8700475435816165,0.8511627906976744,0.49940357852882705
qwen38-27b,qwen3-32b,rte,3,0.6956375838926174,0.7145973154362416,669,180,44,0.24444444444444444,0.727774064171123,0.49954044117647056,0.07553710471711977,0.22823362299465244,0.1984732824427481,131,0.5555555555555556,0.11363636363636363,0.2366412213740458,0.5555555555555556,0.22727272727272727,0.2748091603053435,0.4166666666666667,0.3409090909090909,0.31297709923664124
qwen38-27b,qwen3-32b,truthfulqa,3,0.7098717450446949,0.7110376991838321,562,1011,369,0.3649851632047478,0.6884524141191568,0.4749575766785705,0.08597857350802685,0.21349483744058628,0.24112607099143207,817,0.7254901960784313,0.1002710027100271,0.2864137086903305,0.7128712871287128,0.1951219512195122,0.3292533659730722,0.6237623762376238,0.34146341463414637,0.3953488372093023
gemma2-9b,gemma4-12b,boolq,4,0.4683137911781128,0.6072026800670016,83,822,64,0.07785888077858881,0.5536980540897097,0.504668947889182,0.050275312817703484,0.049029106200527695,0.6329830234438156,1237,0.024390243902439025,0.015625,0.6337914308811641,0.07317073170731707,0.09375,0.6378334680679062,0.11585365853658537,0.296875,0.6483427647534358
gemma2-9b,gemma4-12b,geometry_of_truth,4,0.5890635232481991,0.7917485265225933,447,2408,398,0.16528239202657807,0.9366421660541513,0.590201630040751,0.04351538564716546,0.3464405360134003,0.6457256461232604,2515,0.95,0.2864321608040201,0.6910536779324056,0.9253112033195021,0.5603015075376885,0.7343936381709741,0.6597510373443983,0.7989949748743719,0.7721669980119285
gemma2-9b,gemma4-12b,imdb,4,0.6674828599412341,0.5009794319294809,579,1781,565,0.31723750701852893,0.8353298206800187,0.519017087796926,0.07183170793957479,0.3163127328830927,0.4088,2500,0.9213483146067416,0.14513274336283186,0.4416,0.8707865168539326,0.2743362831858407,0.4708,0.7837078651685393,0.49380530973451325,0.5204
gemma2-9b,gemma4-12b,rte,4,0.61171875,0.5954241071428571,629,106,30,0.2830188679245283,0.7381578947368421,0.47675438596491226,0.07783635891311949,0.26140350877192986,0.4732824427480916,131,0.6,0.1,0.4961832061068702,0.6363636363636364,0.23333333333333334,0.5267175572519084,0.47619047619047616,0.3333333333333333,0.549618320610687
gemma2-9b,gemma4-12b,truthfulqa,4,0.6189540878958998,0.6350356002946231,553,660,206,0.31212121212121213,0.4998289209186946,0.48133634147384624,0.047419025440982254,0.018492579444848334,0.4981640146878825,817,0.2727272727272727,0.043689320388349516,0.5091799265605875,0.2878787878787879,0.09223300970873786,0.5214198286413708,0.3333333333333333,0.21359223300970873,0.5520195838433293
gemma2-9b,gemma4-12b-base,boolq,4,0.4683137911781128,0.32858738135120047,84,828,94,0.11352657004830918,0.5851353701663865,0.5129319090961795,0.029543479037953263,0.07220346107020703,0.18189167340339532,1237,0.12195121951219512,0.05319148936170213,0.18593371059013744,0.18072289156626506,0.1595744680851064,0.19401778496362165,0.1746987951807229,0.30851063829787234,0.2053354890864996
gemma2-9b,gemma4-12b-base,geometry_of_truth,4,0.5890635232481991,0.8040275049115914,445,2941,427,0.14518871132267935,0.9699965905216501,0.5245293802015505,0.2651102081362405,0.4454672103200996,0.4469184890656064,2515,0.9659863945578231,0.3325526932084309,0.5033797216699801,0.9625850340136054,0.6627634660421545,0.5594433399602385,0.6581632653061225,0.9063231850117096,0.6007952286282306
gemma2-9b,gemma4-12b-base,imdb,4,0.6674828599412341,0.5584394384590271,602,2326,596,0.25623387790197766,0.7183002288862163,0.524186532567793,0.06267368315763115,0.19411369631842323,0.2916,2500,0.5,0.09731543624161074,0.3148,0.5236051502145923,0.20469798657718122,0.3404,0.4967741935483871,0.3875838926174497,0.384
gemma2-9b,gemma4-12b-base,rte,4,0.61171875,0.7073660714285714,670,152,36,0.23684210526315788,0.6372126436781609,0.4606082375478927,0.012454985115429449,0.17660440613026818,0.2824427480916031,131,0.5,0.1111111111111111,0.31297709923664124,0.3333333333333333,0.1388888888888889,0.32061068702290074,0.3,0.25,0.3511450381679389
gemma2-9b,gemma4-12b-base,truthfulqa,4,0.6189540878958998,0.7275963663147557,563,808,264,0.32673267326732675,0.5930397727272727,0.5401034703654188,0.067402980501865,0.05293630236185387,0.4222766217870257,817,0.4,0.06060606060606061,0.4418604651162791,0.3950617283950617,0.12121212121212122,0.4614443084455324,0.4074074074074074,0.25,0.5030599755201959
gemma2-9b,gemma4-31b,boolq,3,0.4872718539865514,0.36743515850144093,103,505,26,0.05148514851485148,0.4547936405973984,0.5101975268989882,0.028310849806117346,-0.05540388630158982,0.41390460792239286,1237,0.08,0.07692307692307693,0.41552142279708976,0.04,0.07692307692307693,0.41552142279708976,0.039603960396039604,0.15384615384615385,0.4171382376717866
gemma2-9b,gemma4-31b,geometry_of_truth,3,0.7142857142857143,0.6576576576576577,466,2630,1009,0.3836501901140684,0.9764280635294074,0.3455345444362857,0.1990934064567489,0.6308935190931217,0.2970178926441352,2515,1.0,0.13082259663032705,0.34950298210735586,1.0,0.2606541129831516,0.40159045725646125,1.0,0.5213082259663032,0.5061630218687873
gemma2-9b,gemma4-31b,rte,3,0.6679530201342282,0.4444630872483222,544,100,38,0.38,0.7134974533106961,0.5001061120543293,0.08000672979291233,0.21339134125636683,0.2748091603053435,131,1.0,0.13157894736842105,0.31297709923664124,0.9,0.23684210526315788,0.3435114503816794,0.6,0.3157894736842105,0.366412213740458
gemma2-9b,gemma4-31b,truthfulqa,3,0.6993781577924602,0.4325689856198989,502,555,203,0.36576576576576575,0.5793915136587551,0.534195868786386,0.038655534098248005,0.045195644872369045,0.3843329253365973,817,0.4642857142857143,0.06403940886699508,0.40024479804161567,0.48214285714285715,0.1330049261083744,0.4173806609547124,0.4774774774774775,0.26108374384236455,0.44920440636474906
gemma2-9b,llama31-405b,boolq,4,0.4683137911781128,0.6517308766052484,128,1392,121,0.08692528735632184,0.6485815164736557,0.4877268500757521,0.037084587609641985,0.16085466639790358,0.25788197251414713,1237,0.21428571428571427,0.12396694214876033,0.2700080840743735,0.18705035971223022,0.21487603305785125,0.2789005658852061,0.14388489208633093,0.3305785123966942,0.2902182700080841
gemma2-9b,llama31-405b,geometry_of_truth,4,0.5890635232481991,0.39996725605762934,172,2012,10,0.004970178926441352,0.22582417582417583,0.1918081918081918,0.1298510850171667,0.03401598401598402,0.17415506958250496,2515,0.0,0.0,0.17415506958250496,0.0,0.0,0.17415506958250496,0.0,0.0,0.17415506958250496
gemma2-9b,llama31-405b,imdb,4,0.6674828599412341,0.683643486777669,538,3105,682,0.21964573268921095,0.6383104002091394,0.4976963496211163,0.050898887970350984,0.14061405058802312,0.192,2500,0.3870967741935484,0.08797653958944282,0.216,0.3741935483870968,0.17008797653958943,0.2384,0.3446054750402576,0.31378299120234604,0.2776
gemma2-9b,llama31-405b,rte,4,0.61171875,0.7143973214285714,576,156,35,0.22435897435897437,0.7123966942148761,0.5544273907910271,0.045204389919024396,0.15796930342384896,0.2748091603053435,131,0.75,0.17142857142857143,0.32061068702290074,0.4375,0.2,0.3282442748091603,0.3548387096774194,0.3142857142857143,0.35877862595419846
gemma2-9b,llama31-405b,truthfulqa,4,0.6189540878958998,0.7527620918242082,508,951,253,0.26603575184016826,0.7388359740421531,0.5545007191637314,0.0613531414339683,0.18433525487842162,0.2766217870257038,817,0.7083333333333334,0.13438735177865613,0.3182374541003672,0.6210526315789474,0.233201581027668,0.3488372093023256,0.5631578947368421,0.42292490118577075,0.40758873929008566
gemma2-9b,llama31-70b,boolq,4,0.4683137911781128,0.7279452819653824,146,1480,146,0.09864864864864865,0.5862068965517242,0.530770573617301,0.03415974438678321,0.05543632293442324,0.3128536782538399,1237,0.16216216216216217,0.0821917808219178,0.322554567502021,0.1554054054054054,0.15753424657534246,0.3314470493128537,0.13513513513513514,0.273972602739726,0.3451899757477769
gemma2-9b,llama31-70b,geometry_of_truth,4,0.5890635232481991,0.5862802881466929,367,2849,337,0.11828711828711828,0.8886685157534634,0.5301319246253,0.3050406274423516,0.3585365911281634,0.08389662027833002,2515,0.9647887323943662,0.4065281899109792,0.13836978131212724,0.8350877192982457,0.7062314540059347,0.17852882703777337,0.47368421052631576,0.8011869436201781,0.19125248508946321
gemma2-9b,llama31-70b,imdb,4,0.6674828599412341,0.7068233757753836,597,3196,756,0.23654568210262827,0.688730592419117,0.47999948499436207,0.15061385341281747,0.20873110742475498,0.1756,2500,0.45625,0.09656084656084656,0.2048,0.459375,0.19444444444444445,0.2344,0.4162754303599374,0.35185185185185186,0.282
gemma2-9b,llama31-70b,rte,4,0.61171875,0.7806919642857143,688,165,41,0.24848484848484848,0.7879622344610543,0.5415027537372148,0.05116976274333548,0.2464594807238395,0.2824427480916031,131,0.625,0.12195121951219512,0.32061068702290074,0.6875,0.2682926829268293,0.366412213740458,0.6060606060606061,0.4878048780487805,0.4351145038167939
gemma2-9b,llama31-70b,truthfulqa,4,0.6189540878958998,0.7976921188313283,577,964,276,0.2863070539419087,0.593497219413549,0.47424666118975395,0.0843308987465716,0.1192505582237951,0.32802937576499386,817,0.4375,0.07608695652173914,0.3537331701346389,0.34375,0.11956521739130435,0.3684210526315789,0.3160621761658031,0.2210144927536232,0.40269277845777235
gemma2-9b,llama31-70b-base,boolq,4,0.4683137911781128,0.6062255723059743,112,1206,136,0.11276948590381426,0.5585555250137437,0.540210967564596,0.030494894645947578,0.018344557449147758,0.3831851253031528,1237,0.15,0.0661764705882353,0.3904607922392886,0.12396694214876033,0.11029411764705882,0.39531123686337916,0.11203319502074689,0.19852941176470587,0.40501212611156023
gemma2-9b,llama31-70b-base,geometry_of_truth,4,0.5890635232481991,0.48952193844138836,374,2135,319,0.14941451990632318,0.9344938063607364,0.6319600762294063,0.1867582493877479,0.3025337301313301,0.18131212723658052,2515,0.9813084112149533,0.329153605015674,0.22306163021868788,0.9112149532710281,0.6112852664576802,0.2588469184890656,0.6182669789227166,0.8275862068965517,0.28628230616302186
gemma2-9b,llama31-70b-base,imdb,4,0.6674828599412341,0.6658504733920992,574,2772,658,0.23737373737373738,0.6817309987261073,0.4525510922982692,0.06507414349628145,0.22917990642783814,0.3012,2500,0.4892086330935252,0.1033434650455927,0.3284,0.4548736462093863,0.19148936170212766,0.3516,0.4223826714801444,0.3556231003039514,0.3948
gemma2-9b,llama31-70b-base,rte,4,0.61171875,0.7425223214285714,659,152,36,0.23684210526315788,0.6379310344827586,0.517780172413793,0.04209943613507489,0.12015086206896552,0.3511450381679389,131,0.25,0.05555555555555555,0.366412213740458,0.3333333333333333,0.1388888888888889,0.3893129770992366,0.5,0.4166666666666667,0.46564885496183206
gemma2-9b,llama31-70b-base,truthfulqa,4,0.6189540878958998,0.7568131598330469,568,879,250,0.2844141069397042,0.5606486486486486,0.4914022257551669,0.015255990340410665,0.06924642289348171,0.386780905752754,817,0.3409090909090909,0.06,0.40514075887392903,0.32954545454545453,0.116,0.4222766217870257,0.35795454545454547,0.252,0.4638922888616891
gemma2-9b,qwen3-32b,boolq,4,0.4683137911781128,0.7290619765494137,147,1417,135,0.09527170077628794,0.5381290807187844,0.4931891720113249,0.021588646431405744,0.04493990870745951,0.36216653193209375,1237,0.08450704225352113,0.044444444444444446,0.3670169765561843,0.07746478873239436,0.08148148148148149,0.37105901374292644,0.10954063604240283,0.22962962962962963,0.3872271624898949
gemma2-9b,qwen3-32b,geometry_of_truth,4,0.5890635232481991,0.6421087098886706,465,2810,297,0.10569395017793594,0.8931830575284615,0.5251637612361847,0.2621134542380107,0.3680192962922768,0.22703777335984096,2515,0.8642857142857143,0.4074074074074074,0.27514910536779325,0.6334519572953736,0.5993265993265994,0.2978131212723658,0.39501779359430605,0.7474747474747475,0.31530815109343935
gemma2-9b,qwen3-32b,imdb,4,0.6674828599412341,0.717760365654587,609,3206,759,0.23674360573923892,0.7562786946237844,0.4053822459056907,0.11460639206004242,0.35089644871809367,0.192,2500,0.7,0.14756258234519104,0.2368,0.632398753894081,0.26745718050065875,0.2732,0.5351014040561622,0.4519104084321476,0.3292
gemma2-9b,qwen3-32b,rte,4,0.61171875,0.7856026785714286,691,165,39,0.23636363636363636,0.7842897842897842,0.4831094831094831,0.03184144215293746,0.30118030118030115,0.3053435114503817,131,0.625,0.1282051282051282,0.3435114503816794,0.5625,0.23076923076923078,0.37404580152671757,0.5757575757575758,0.48717948717948717,0.45038167938931295
gemma2-9b,qwen3-32b,truthfulqa,4,0.6189540878958998,0.8048121777559538,573,968,290,0.29958677685950413,0.620155630149527,0.48330917505848847,0.059962784258749575,0.13684645509103854,0.3317013463892289,817,0.5833333333333334,0.09655172413793103,0.3659730722154223,0.4948453608247423,0.16551724137931034,0.390452876376989,0.42783505154639173,0.28620689655172415,0.43329253365973075
gemma2-9b,qwen38-27b,boolq,3,0.4872718539865514,0.5835734870317003,102,1380,131,0.09492753623188406,0.5565551677983608,0.49317469242569634,0.024966564064771424,0.06338047537266445,0.18916734033953111,1237,0.13043478260869565,0.06870229007633588,0.19644300727566694,0.10869565217391304,0.11450381679389313,0.20129345189975748,0.10869565217391304,0.22900763358778625,0.21341956345998384
gemma2-9b,qwen38-27b,geometry_of_truth,3,0.7142857142857143,0.6753539253539254,465,3112,604,0.19408740359897173,0.9576764948192273,0.4387351204622031,0.31967519082432316,0.5189413743570243,0.3017892644135189,2515,1.0,0.2582781456953642,0.36381709741550694,0.9967845659163987,0.5132450331125827,0.42504970178926443,0.8665594855305466,0.8923841059602649,0.51610337972167
gemma2-9b,qwen38-27b,rte,3,0.6679530201342282,0.6956375838926174,581,171,42,0.24561403508771928,0.5627537836840162,0.44047619047619047,0.10788587345818429,0.12227759320782572,0.16793893129770993,131,0.2222222222222222,0.047619047619047616,0.183206106870229,0.17647058823529413,0.07142857142857142,0.19083969465648856,0.23529411764705882,0.19047619047619047,0.22900763358778625
gemma2-9b,qwen38-27b,truthfulqa,3,0.6993781577924602,0.7098717450446949,518,967,332,0.34332988624612204,0.6210131866046864,0.528906175884641,0.04366405734246888,0.09210701072004546,0.2582619339045288,817,0.5833333333333334,0.08433734939759036,0.29253365973072215,0.5463917525773195,0.15963855421686746,0.32313341493268055,0.5129533678756477,0.29819277108433734,0.379436964504284
gemma4-12b,llama31-405b,boolq,4,0.6072026800670016,0.6517308766052484,677,1276,211,0.16536050156739812,0.6343991277840821,0.5221135660725809,0.048289607128602446,0.11228556171150128,0.5675020210185934,1237,0.390625,0.11848341232227488,0.587712206952304,0.2890625,0.17535545023696683,0.597413096200485,0.23529411764705882,0.2843601895734597,0.6160064672594988
gemma4-12b,llama31-405b,geometry_of_truth,4,0.7917485265225933,0.39996725605762934,159,1543,10,0.0064808813998703824,0.37279843444227,0.4882583170254403,0.1523960936749131,-0.1154598825831703,0.7801192842942346,2515,0.0,0.0,0.7801192842942346,0.0,0.0,0.7801192842942346,0.0,0.0,0.7801192842942346
gemma4-12b,llama31-405b,imdb,4,0.5009794319294809,0.683643486777669,579,1808,584,0.3230088495575221,0.7586875503626108,0.5269450459978512,0.0594070521887377,0.23174250436475963,0.4256,2500,0.6888888888888889,0.10616438356164383,0.4504,0.7292817679558011,0.22602739726027396,0.4784,0.6574585635359116,0.4075342465753425,0.5208
gemma4-12b,llama31-405b,rte,4,0.5954241071428571,0.7143973214285714,1095,126,43,0.3412698412698413,0.8105912020173718,0.539016531241244,0.0914278860858821,0.27157467077612774,0.44274809160305345,131,1.0,0.13953488372093023,0.48854961832061067,0.8461538461538461,0.2558139534883721,0.5267175572519084,0.84,0.4883720930232558,0.6030534351145038
gemma4-12b,llama31-405b,truthfulqa,4,0.6350356002946231,0.7527620918242082,1221,793,277,0.3493064312736444,0.7368119105588672,0.5193903394621218,0.0535876151681455,0.21742157109674543,0.46878824969400246,817,0.775,0.11191335740072202,0.5067319461444308,0.6835443037974683,0.19494584837545126,0.5348837209302325,0.6477987421383647,0.37184115523465705,0.594859241126071
gemma4-12b,llama31-70b,boolq,4,0.6072026800670016,0.7279452819653824,1001,1394,259,0.18579626972740315,0.5963771197251373,0.4994744272277313,0.03446294000511529,0.09690269249740602,0.5852869846402587,1237,0.38571428571428573,0.10424710424710425,0.6071139854486661,0.2949640287769784,0.1583011583011583,0.618431689571544,0.24731182795698925,0.26640926640926643,0.6410670978172999
gemma4-12b,llama31-70b,geometry_of_truth,4,0.7917485265225933,0.5862802881466929,380,2421,414,0.17100371747211895,0.9286807767018334,0.5754313405496222,0.1666941288180963,0.35324943615221116,0.6286282306163022,2515,0.9917355371900827,0.2898550724637681,0.6763419483101392,0.9752066115702479,0.5700483091787439,0.722465208747515,0.7086776859504132,0.8285024154589372,0.7650099403578529
gemma4-12b,llama31-70b,imdb,4,0.5009794319294809,0.7068233757753836,653,1916,691,0.3606471816283925,0.7148456835700996,0.5852786556011695,0.030505979659470953,0.12956702796893005,0.3828,2500,0.6770833333333334,0.09406657018813314,0.4088,0.6145833333333334,0.170767004341534,0.43,0.608355091383812,0.33719247467438496,0.476
gemma4-12b,llama31-70b,rte,4,0.5954241071428571,0.7806919642857143,1446,142,58,0.4084507042253521,0.8429802955665024,0.6108374384236454,0.08350870208533501,0.2321428571428571,0.31297709923664124,131,1.0,0.1206896551724138,0.366412213740458,0.9285714285714286,0.22413793103448276,0.4122137404580153,0.9285714285714286,0.4482758620689655,0.5114503816793893
gemma4-12b,llama31-70b,truthfulqa,4,0.6350356002946231,0.7976921188313283,1428,854,341,0.3992974238875878,0.6424402485523029,0.4436126974327314,0.014589067658224986,0.19882755111957146,0.41982864137086906,817,0.627906976744186,0.07917888563049853,0.4528763769889841,0.5647058823529412,0.14076246334310852,0.4785801713586291,0.5380116959064327,0.2697947214076246,0.5324357405140759
gemma4-12b,llama31-70b-base,boolq,4,0.6072026800670016,0.6062255723059743,616,1024,264,0.2578125,0.6227721291866029,0.5120626495215311,0.010827712581798172,0.11070947966507172,0.6313662085691188,1237,0.49019607843137253,0.0946969696969697,0.6515763945028294,0.4215686274509804,0.16287878787878787,0.666127728375101,0.3951219512195122,0.3068181818181818,0.6968472109943411
gemma4-12b,llama31-70b-base,geometry_of_truth,4,0.7917485265225933,0.48952193844138836,503,1816,457,0.2516519823788546,0.9035170345037459,0.5154151028156564,0.2117318930194601,0.3881019316880895,0.6775347912524851,2515,0.989010989010989,0.19693654266958424,0.7133200795228628,0.9230769230769231,0.3676148796498906,0.7443339960238569,0.7796143250688705,0.6192560175054704,0.7900596421471173
gemma4-12b,llama31-70b-base,imdb,4,0.5009794319294809,0.6658504733920992,651,1753,688,0.39247005134055907,0.45373130254394584,0.4804222622557047,0.04548363029143098,-0.026690959711758888,0.4324,2500,0.26136363636363635,0.03343023255813953,0.4416,0.32,0.08139534883720931,0.4548,0.33048433048433046,0.1686046511627907,0.4788
gemma4-12b,llama31-70b-base,rte,4,0.5954241071428571,0.7425223214285714,1391,133,52,0.39097744360902253,0.7075023741690408,0.46972934472934474,0.04201759401484885,0.23777302943969608,0.3969465648854962,131,0.8571428571428571,0.11538461538461539,0.44274809160305345,0.8461538461538461,0.21153846153846154,0.48091603053435117,0.7037037037037037,0.36538461538461536,0.5419847328244275
gemma4-12b,llama31-70b-base,truthfulqa,4,0.6350356002946231,0.7568131598330469,1361,829,350,0.4221954161640531,0.6009364747986878,0.5003220996122875,0.04792368874826868,0.10061437518640037,0.3929008567931457,817,0.43902439024390244,0.05142857142857143,0.4149326805385557,0.46987951807228917,0.11142857142857143,0.44063647490820074,0.536144578313253,0.2542857142857143,0.5018359853121175
gemma4-12b-base,llama31-405b,boolq,4,0.32858738135120047,0.6517308766052484,113,841,91,0.10820451843043995,0.6467545787545788,0.5623369963369963,0.04251119949390834,0.08441758241758246,0.3589329021827001,1237,0.2857142857142857,0.13186813186813187,0.36863379143088115,0.21428571428571427,0.1978021978021978,0.3734842360549717,0.18452380952380953,0.34065934065934067,0.3839935327405012
gemma4-12b-base,llama31-405b,geometry_of_truth,4,0.8040275049115914,0.39996725605762934,163,2012,10,0.004970178926441352,0.41653346653346657,0.5091658341658342,0.2571091510211312,-0.0926323676323676,0.6043737574552683,2515,0.0,0.0,0.6043737574552683,0.0,0.0,0.6043737574552683,0.0,0.0,0.6043737574552683
gemma4-12b-base,llama31-405b,imdb,4,0.5584394384590271,0.683643486777669,614,2336,596,0.2551369863013699,0.6489585744040731,0.5289482565764099,0.07220914347805643,0.12001031782766325,0.3236,2500,0.4188034188034188,0.08221476510067115,0.3432,0.43162393162393164,0.16946308724832215,0.364,0.4004282655246253,0.313758389261745,0.3984
gemma4-12b-base,llama31-405b,rte,4,0.7073660714285714,0.7143973214285714,1161,174,50,0.28735632183908044,0.7437096774193549,0.49209677419354836,0.05909006952388155,0.25161290322580654,0.2366412213740458,131,0.7777777777777778,0.14,0.2900763358778626,0.6470588235294118,0.22,0.32061068702290074,0.5714285714285714,0.4,0.3893129770992366
gemma4-12b-base,llama31-405b,truthfulqa,4,0.7275963663147557,0.7527620918242082,1231,970,356,0.3670103092783505,0.781411265234418,0.4803107729751492,0.1275273962659993,0.30110049225926877,0.34149326805385555,817,0.7916666666666666,0.10674157303370786,0.3880048959608323,0.7628865979381443,0.20786516853932585,0.4320685434516524,0.7061855670103093,0.3848314606741573,0.5091799265605875
gemma4-12b-base,llama31-70b,boolq,4,0.32858738135120047,0.7279452819653824,151,963,150,0.1557632398753894,0.5920869208692087,0.5305965559655597,0.026295086980847635,0.06149036490364901,0.3589329021827001,1237,0.4166666666666667,0.13333333333333333,0.37510105092966856,0.2916666666666667,0.18666666666666668,0.38156831042845596,0.23316062176165803,0.3,0.39531123686337916
gemma4-12b-base,llama31-70b,geometry_of_truth,4,0.8040275049115914,0.5862802881466929,377,2922,410,0.1403148528405202,0.9243038294236444,0.5184412381544197,0.20310027676786938,0.40586259126922475,0.45606361829025843,2515,0.9931506849315068,0.35365853658536583,0.5137176938369782,0.952054794520548,0.6780487804878049,0.5666003976143141,0.6061643835616438,0.8634146341463415,0.5968190854870775
gemma4-12b-base,llama31-70b,imdb,4,0.5584394384590271,0.7068233757753836,690,2455,715,0.29124236252545826,0.5493754521340728,0.515655493931356,0.07813391710709804,0.03371995820271678,0.2712,2500,0.3008130081300813,0.05174825174825175,0.286,0.2764227642276423,0.0951048951048951,0.2984,0.3136456211812627,0.2153846153846154,0.3328
gemma4-12b-base,llama31-70b,rte,4,0.7073660714285714,0.7806919642857143,1516,186,59,0.3172043010752688,0.8652075270252236,0.5246229814493527,0.032649485713933196,0.3405845455758709,0.1984732824427481,131,1.0,0.15254237288135594,0.26717557251908397,0.8947368421052632,0.288135593220339,0.3282442748091603,0.8378378378378378,0.5254237288135594,0.4351145038167939
gemma4-12b-base,llama31-70b,truthfulqa,4,0.7275963663147557,0.7976921188313283,1446,1024,415,0.4052734375,0.7346707025144914,0.5478534828971056,0.08767178779239647,0.18681721961738584,0.3047735618115055,817,0.6274509803921569,0.07710843373493977,0.34394124847001223,0.6764705882352942,0.16626506024096385,0.38922888616891066,0.6634146341463415,0.327710843373494,0.47123623011015914
gemma4-12b-base,llama31-70b-base,boolq,4,0.32858738135120047,0.6062255723059743,161,932,185,0.1984978540772532,0.5721697601215674,0.5018180831433844,0.01756866532553179,0.07035167697818301,0.3565076798706548,1237,0.5106382978723404,0.12972972972972974,0.375909458367017,0.3655913978494624,0.1837837837837838,0.3839935327405012,0.27956989247311825,0.2810810810810811,0.39854486661277283
gemma4-12b-base,llama31-70b-base,geometry_of_truth,4,0.8040275049115914,0.48952193844138836,499,2442,626,0.25634725634725636,0.945101933822184,0.5525540192959986,0.13251871675383325,0.3925479145261854,0.36739562624254474,2515,1.0,0.19488817891373802,0.41590457256461233,1.0,0.38977635782747605,0.4644135188866799,0.9221311475409836,0.7188498402555911,0.5463220675944334
gemma4-12b-base,llama31-70b-base,imdb,4,0.5584394384590271,0.6658504733920992,682,2184,676,0.30952380952380953,0.3483580666426004,0.48862182757051154,0.023472802619831777,-0.14026376092791115,0.3496,2500,0.08256880733944955,0.013313609467455622,0.3532,0.12385321100917432,0.03994082840236687,0.3604,0.13272311212814644,0.08579881656804733,0.3728
gemma4-12b-base,llama31-70b-base,rte,4,0.7073660714285714,0.7425223214285714,1438,168,49,0.2916666666666667,0.6554621848739495,0.526839307151432,0.052343313230904305,0.12862287772251746,0.3435114503816794,131,0.5,0.08163265306122448,0.37404580152671757,0.5294117647058824,0.1836734693877551,0.4122137404580153,0.4411764705882353,0.30612244897959184,0.4580152671755725
gemma4-12b-base,llama31-70b-base,truthfulqa,4,0.7275963663147557,0.7568131598330469,1374,948,383,0.4040084388185654,0.5883407657293376,0.5180029575544721,0.029188831065398078,0.07033780817486546,0.37821297429620565,817,0.44680851063829785,0.05483028720626632,0.4039167686658507,0.4842105263157895,0.12010443864229765,0.43451652386780903,0.47368421052631576,0.2349869451697128,0.4883720930232558
gemma4-31b,llama31-405b,boolq,3,0.36743515850144093,0.553554274735831,170,638,40,0.06269592476489028,0.5977006688963211,0.5486308528428093,0.0504523095285036,0.049069816053511794,0.4316895715440582,1237,0.09375,0.075,0.43411479385610346,0.109375,0.175,0.4373484236054972,0.0859375,0.275,0.44058205335489087
gemma4-31b,llama31-405b,geometry_of_truth,3,0.6576576576576577,0.574967824967825,127,1958,338,0.17262512768130744,0.9198590108846518,0.5135240886843452,0.2808637569980928,0.40633492220030665,0.5530815109343936,2515,0.9795918367346939,0.28402366863905326,0.5912524850894633,0.9693877551020408,0.5621301775147929,0.6286282306163022,0.7551020408163265,0.8757396449704142,0.6707753479125248
gemma4-31b,llama31-405b,rte,3,0.4444630872483222,0.6810402684563759,527,89,26,0.29213483146067415,0.7448107448107448,0.5260989010989012,0.04894558004952124,0.2187118437118436,0.48091603053435117,131,0.75,0.11538461538461539,0.5038167938931297,0.7777777777777778,0.2692307692307692,0.5343511450381679,0.6111111111111112,0.4230769230769231,0.5648854961832062
gemma4-31b,llama31-405b,truthfulqa,3,0.4325689856198989,0.6991838321026039,496,516,160,0.31007751937984496,0.7197507022471911,0.46509392556179774,0.050131080925685585,0.2546567766853933,0.4504283965728274,817,0.7307692307692307,0.11875,0.47368421052631576,0.5961538461538461,0.19375,0.4883720930232558,0.5533980582524272,0.35625,0.5201958384332925
gemma4-31b,llama31-70b,boolq,3,0.36743515850144093,0.5864553314121037,247,618,47,0.07605177993527508,0.5815106010358833,0.5211368632857621,0.046658523051285164,0.060373737750121115,0.47696038803556995,1237,0.0967741935483871,0.06382978723404255,0.4793856103476152,0.08064516129032258,0.10638297872340426,0.48100242522231207,0.0967741935483871,0.2553191489361702,0.486661277283751
gemma4-31b,llama31-70b,geometry_of_truth,3,0.6576576576576577,0.7332689832689833,431,2686,1065,0.3965003723008191,0.9818653645086641,0.3005123481998303,0.1410806890812132,0.6813530163088338,0.29105367793240555,2515,1.0,0.12582159624413145,0.34433399602385684,1.0,0.25258215962441316,0.39801192842942346,0.9981378026070763,0.5032863849765258,0.5041749502982107
gemma4-31b,llama31-70b,rte,3,0.4444630872483222,0.7060402684563758,602,101,37,0.36633663366336633,0.8475506756756757,0.3361486486486487,0.08353377859174374,0.511402027027027,0.33587786259541985,131,1.0,0.13513513513513514,0.37404580152671757,0.9,0.24324324324324326,0.40458015267175573,0.85,0.4594594594594595,0.46564885496183206
gemma4-31b,llama31-70b,truthfulqa,3,0.4325689856198989,0.7092887679751263,527,545,199,0.3651376146788991,0.6878612716763006,0.4706988700729079,0.05241192983072966,0.21716240160339273,0.42717258261933905,817,0.5185185185185185,0.07035175879396985,0.44430844553243576,0.5925925925925926,0.16080402010050251,0.4663402692778458,0.5963302752293578,0.32663316582914576,0.5067319461444308
gemma4-31b,llama31-70b-base,boolq,3,0.36743515850144093,0.5518731988472623,203,433,65,0.15011547344110854,0.6004598662207358,0.49409489966555187,0.07060925017951594,0.1063649665551839,0.6006467259498788,1237,0.18181818181818182,0.06153846153846154,0.6038803556992725,0.20930232558139536,0.13846153846153847,0.6079223928860146,0.2413793103448276,0.3230769230769231,0.6176232821341956
gemma4-31b,llama31-70b-base,geometry_of_truth,3,0.6576576576576577,0.6956241956241956,461,2122,602,0.2836946277097078,0.9432669610071691,0.6838813057352684,0.12864822527464154,0.2593856552719007,0.6397614314115309,2515,1.0,0.1760797342192691,0.6819085487077535,0.9952830188679245,0.3504983388704319,0.7236580516898609,0.910377358490566,0.6411960132890365,0.7932405566600398
gemma4-31b,llama31-70b-base,rte,3,0.4444630872483222,0.6671140939597315,619,102,40,0.39215686274509803,0.6693548387096775,0.49667338709677417,0.07933685491129856,0.17268145161290333,0.3435114503816794,131,1.0,0.125,0.3816793893129771,0.9,0.225,0.4122137404580153,0.75,0.375,0.4580152671755725
gemma4-31b,llama31-70b-base,truthfulqa,3,0.4325689856198989,0.6706179556937427,530,535,214,0.4,0.548111916615716,0.5445453751419338,0.04936974251446189,0.0035665414737822143,0.40024479804161567,817,0.25925925925925924,0.03271028037383177,0.408812729498164,0.3148148148148148,0.0794392523364486,0.42105263157894735,0.3644859813084112,0.1822429906542056,0.4479804161566707
gptj-6b,gemma2-9b,boolq,4,0.4990228922389726,0.4683137911781128,81,642,42,0.06542056074766354,0.5054761904761904,0.48737103174603175,0.020589701197029735,0.018105158730158666,0.5578011317704122,1237,0.0625,0.047619047619047616,0.5594179466451091,0.046875,0.07142857142857142,0.5602263540824576,0.0625,0.19047619047619047,0.5642683912691997
gptj-6b,gemma2-9b,geometry_of_truth,4,0.7848722986247544,0.5890635232481991,444,2426,408,0.16817807089859851,0.978151295205892,0.5475931081054819,0.272881488165692,0.43055818710041005,0.6210735586481113,2515,0.9917355371900827,0.29411764705882354,0.6687872763419483,0.9629629629629629,0.5735294117647058,0.7141153081510935,0.7381443298969073,0.8774509803921569,0.7634194831013916
gptj-6b,gemma2-9b,imdb,4,0.4693111328762651,0.6674828599412341,569,1708,680,0.3981264637002342,0.8420405127031357,0.5605133468757153,0.0687915491967054,0.28152716582742043,0.3324,2500,0.8705882352941177,0.10882352941176471,0.362,0.8596491228070176,0.2161764705882353,0.3912,0.8391812865497076,0.42205882352941176,0.4472
gptj-6b,gemma2-9b,rte,4,0.5744419642857143,0.61171875,613,110,30,0.2727272727272727,0.6804166666666667,0.5303125000000001,0.05342389365437945,0.1501041666666666,0.3893129770992366,131,0.6666666666666666,0.13333333333333333,0.4198473282442748,0.5454545454545454,0.2,0.4351145038167939,0.4090909090909091,0.3,0.4580152671755725
gptj-6b,gemma2-9b,truthfulqa,4,0.6300024551927327,0.6189540878958998,551,672,214,0.31845238095238093,0.5085397706403297,0.4379336203730156,0.07429960262004458,0.07060615026731415,0.47613219094247244,817,0.2647058823529412,0.04205607476635514,0.48714810281517745,0.2537313432835821,0.0794392523364486,0.4969400244798042,0.30597014925373134,0.19158878504672897,0.5263157894736842
gptj-6b,gemma4-12b,boolq,4,0.4990228922389726,0.6072026800670016,1130,1295,488,0.37683397683397685,0.48978456944359805,0.4951087563735349,0.004787499511908082,-0.005324186929936858,0.2918350848827809,1237,0.36923076923076925,0.04918032786885246,0.3112368633791431,0.33076923076923076,0.08811475409836066,0.3265966046887631,0.3359073359073359,0.17827868852459017,0.36216653193209375
gptj-6b,gemma4-12b,geometry_of_truth,4,0.7848722986247544,0.7917485265225933,1407,3425,1691,0.4937226277372263,0.5191505064126043,0.4956961408419771,0.018209239756376738,0.02345436557062719,0.20675944333996024,2515,0.5263157894736842,0.05322294500295683,0.24254473161033796,0.5233918128654971,0.10585452395032525,0.27793240556660037,0.5328467153284672,0.21584861028976937,0.3518886679920477
gptj-6b,gemma4-12b,imdb,4,0.4693111328762651,0.5009794319294809,753,1508,847,0.5616710875331565,0.5312458137379056,0.4872813543216514,0.04466761251961462,0.043964459416254154,0.354,2500,0.5733333333333334,0.05076741440377804,0.3712,0.5695364238410596,0.10153482880755609,0.3884,0.5695364238410596,0.20306965761511217,0.4228
gptj-6b,gemma4-12b,rte,4,0.5744419642857143,0.5954241071428571,1551,138,65,0.47101449275362317,0.45542676501580615,0.4617492096944152,0.05208763357112495,-0.0063224446786090405,0.1450381679389313,131,0.2857142857142857,0.03076923076923077,0.16030534351145037,0.42857142857142855,0.09230769230769231,0.19083969465648856,0.4642857142857143,0.2,0.24427480916030533
gptj-6b,gemma4-12b,truthfulqa,4,0.6300024551927327,0.6350356002946231,1557,812,394,0.4852216748768473,0.46419376776042554,0.5001912661210017,0.031281042194583955,-0.0359974983605762,0.2864137086903305,817,0.36585365853658536,0.03807106598984772,0.3047735618115055,0.4444444444444444,0.09137055837563451,0.33047735618115054,0.4691358024691358,0.19289340101522842,0.379436964504284
gptj-6b,gemma4-12b-base,boolq,4,0.4990228922389726,0.32858738135120047,82,257,35,0.13618677042801555,0.523037323037323,0.5483590733590733,0.01705152250139039,-0.025321750321750325,0.6216653193209377,1237,0.15384615384615385,0.05714285714285714,0.6232821341956346,0.11538461538461539,0.08571428571428572,0.624090541632983,0.11764705882352941,0.17142857142857143,0.6265157639450283
gptj-6b,gemma4-12b-base,geometry_of_truth,4,0.7848722986247544,0.8040275049115914,1393,3030,1012,0.333993399339934,0.9088357940590025,0.39407645910128997,0.06077899183060596,0.5147593349577125,0.5709741550695825,2515,0.993421052631579,0.1492094861660079,0.631013916500994,0.9933993399339934,0.2974308300395257,0.6906560636182902,0.9933993399339934,0.5948616600790514,0.810337972166998
gptj-6b,gemma4-12b-base,imdb,4,0.4693111328762651,0.5584394384590271,758,1705,780,0.4574780058651026,0.4192030492030492,0.5146178101178102,0.07688617886234551,-0.09541476091476098,0.3152,2500,0.27058823529411763,0.029487179487179487,0.3244,0.3058823529411765,0.06666666666666667,0.336,0.34017595307917886,0.14871794871794872,0.3616
gptj-6b,gemma4-12b-base,rte,4,0.5744419642857143,0.7073660714285714,1547,133,47,0.3533834586466165,0.6682335477486392,0.5487382483918852,0.09763821019755929,0.11949529935675396,0.32061068702290074,131,0.42857142857142855,0.06382978723404255,0.3435114503816794,0.5384615384615384,0.14893617021276595,0.37404580152671757,0.48148148148148145,0.2765957446808511,0.4198473282442748
gptj-6b,gemma4-12b-base,truthfulqa,4,0.6300024551927327,0.7275963663147557,1549,804,378,0.4701492537313433,0.48981543582482545,0.5111238418163301,0.01758915419651492,-0.02130840599150463,0.39167686658506734,817,0.525,0.05555555555555555,0.4173806609547124,0.4875,0.10317460317460317,0.4394124847001224,0.45962732919254656,0.19576719576719576,0.48225214198286415
gptj-6b,gemma4-31b,boolq,3,0.5389048991354467,0.36743515850144093,433,1052,343,0.32604562737642584,0.5472167508954014,0.4953996307368404,0.026638634727091305,0.05181712015856105,0.27809215844785773,1237,0.3584905660377358,0.05539358600583091,0.29345189975747776,0.3523809523809524,0.10787172011661808,0.3080032336297494,0.36666666666666664,0.22448979591836735,0.3403395311236863
gptj-6b,gemma4-31b,geometry_of_truth,3,0.6492921492921493,0.6576576576576577,501,3045,1552,0.509688013136289,0.5386679935920896,0.5612316238667044,0.023560183588384274,-0.022563630274614832,0.08111332007952286,2515,0.5986842105263158,0.0586340206185567,0.1172962226640159,0.5723684210526315,0.11211340206185567,0.15029821073558647,0.5533661740558292,0.21713917525773196,0.2151093439363817
gptj-6b,gemma4-31b,rte,3,0.4595637583892617,0.4444630872483222,700,109,51,0.46788990825688076,0.6683569979716025,0.5017748478701826,0.0942442320455071,0.16658215010141997,0.12213740458015267,131,1.0,0.09803921568627451,0.16030534351145037,0.7272727272727273,0.1568627450980392,0.183206106870229,0.6818181818181818,0.29411764705882354,0.2366412213740458
gptj-6b,gemma4-31b,truthfulqa,3,0.43276331130975515,0.4325689856198989,567,588,282,0.47959183673469385,0.41652760394938115,0.5081148889815974,0.0400793882129152,-0.09158728503221625,0.15667074663402691,817,0.20689655172413793,0.02127659574468085,0.16401468788249693,0.3559322033898305,0.07446808510638298,0.18237454100367198,0.3983050847457627,0.16666666666666666,0.2141982864137087
gptj-6b,llama-8b,boolq,4,0.4990228922389726,0.7490228922389727,1134,1238,313,0.252827140549273,0.5402435022882307,0.5061989465503842,0.019673786498143275,0.03404455573784648,0.49797898140662894,1237,0.1774193548387097,0.03514376996805112,0.5068714632174616,0.23387096774193547,0.0926517571884984,0.5214227970897333,0.2661290322580645,0.2108626198083067,0.5513338722716249
gptj-6b,llama-8b,geometry_of_truth,4,0.7848722986247544,0.5792403405370007,367,2355,338,0.1435244161358811,0.9497877508632248,0.5074906930147005,0.18080560045936833,0.44229705784852424,0.658051689860835,2515,0.788135593220339,0.27514792899408286,0.6950298210735586,0.7203389830508474,0.5029585798816568,0.7256461232604374,0.6390658174097664,0.8905325443786982,0.7777335984095427
gptj-6b,llama-8b,imdb,4,0.4693111328762651,0.6913157035586027,747,1697,669,0.3942251031231585,0.6354771916967656,0.4401572851052445,0.05987249291559839,0.19531990659152115,0.3824,2500,0.6352941176470588,0.08071748878923767,0.404,0.6176470588235294,0.15695067264573992,0.4244,0.584070796460177,0.29596412556053814,0.4616
gptj-6b,llama-8b,rte,4,0.5744419642857143,0.7657366071428572,1537,137,48,0.35036496350364965,0.7237827715355805,0.5143375468164794,0.02556077683735238,0.2094452247191011,0.366412213740458,131,0.8571428571428571,0.125,0.4122137404580153,0.8571428571428571,0.25,0.4580152671755725,0.5925925925925926,0.3333333333333333,0.48854961832061067
gptj-6b,llama-8b,truthfulqa,4,0.6300024551927327,0.7809968082494476,1548,859,391,0.4551804423748545,0.516432771547861,0.496353586027499,0.05857940167089161,0.02007918552036203,0.37821297429620565,817,0.3488372093023256,0.03836317135549872,0.39657282741738065,0.4069767441860465,0.08951406649616368,0.42105263157894735,0.4127906976744186,0.1815856777493606,0.46511627906976744
gptj-6b,llama31-405b,boolq,4,0.4990228922389726,0.6517308766052484,680,979,122,0.12461695607763024,0.6880846261262122,0.49899334315282057,0.05769890247818763,0.18909128297339167,0.6006467259498788,1237,0.3877551020408163,0.1557377049180328,0.6160064672594988,0.3163265306122449,0.2540983606557377,0.6257073565076798,0.24489795918367346,0.39344262295081966,0.6394502829426031
gptj-6b,llama31-405b,geometry_of_truth,4,0.7848722986247544,0.39996725605762934,159,1549,6,0.003873466752743706,0.36573774033268525,0.6831119032188377,0.28370206248863583,-0.3173741628861525,0.7666003976143141,2515,0.0,0.0,0.7666003976143141,0.0,0.0,0.7666003976143141,0.0,0.0,0.7666003976143141
gptj-6b,llama31-405b,imdb,4,0.4693111328762651,0.683643486777669,575,1674,640,0.3823178016726404,0.8338506407156672,0.5076413654497098,0.05742393248079317,0.32620927526595733,0.3964,2500,0.8928571428571429,0.1171875,0.4264,0.8622754491017964,0.225,0.454,0.817910447761194,0.428125,0.506
gptj-6b,llama31-405b,rte,4,0.5744419642857143,0.7143973214285714,1080,121,36,0.2975206611570248,0.7859477124183006,0.42491830065359476,0.10171811425823585,0.3610294117647059,0.46564885496183206,131,0.8333333333333334,0.1388888888888889,0.5038167938931297,0.9166666666666666,0.3055555555555556,0.549618320610687,0.75,0.5,0.6030534351145038
gptj-6b,llama31-405b,truthfulqa,4,0.6300024551927327,0.7527620918242082,1218,801,287,0.35830212234706615,0.76623191746092,0.5545424965089006,0.04451653400906078,0.21168942095201937,0.4418604651162791,817,0.775,0.10801393728222997,0.47980416156670747,0.7875,0.21951219512195122,0.5189718482252142,0.70625,0.39372822299651566,0.5801713586291309
gptj-6b,llama31-70b,boolq,4,0.4990228922389726,0.7279452819653824,1004,1078,162,0.150278293135436,0.6367526551296566,0.5102684106959945,0.012807448326950386,0.12648424443366213,0.6313662085691188,1237,0.35185185185185186,0.11728395061728394,0.6467259498787389,0.28703703703703703,0.19135802469135801,0.65642683912692,0.2361111111111111,0.3148148148148148,0.6725949878738885
gptj-6b,llama31-70b,geometry_of_truth,4,0.7848722986247544,0.5862802881466929,377,2396,379,0.15818030050083473,0.9702162227922815,0.5253138559709487,0.31727311570198663,0.4449023668213328,0.6397614314115309,2515,1.0,0.316622691292876,0.6874751491053678,0.9916666666666667,0.6279683377308707,0.7343936381709741,0.7244258872651357,0.9155672823218998,0.7777335984095427
gptj-6b,llama31-70b,imdb,4,0.4693111328762651,0.7068233757753836,645,1861,826,0.44384739387426114,0.7034436373419424,0.49533167233977843,0.11777390520623579,0.20811196500216395,0.2904,2500,0.6774193548387096,0.07627118644067797,0.3156,0.7043010752688172,0.1585956416464891,0.3428,0.6559139784946236,0.29539951573849876,0.388
gptj-6b,llama31-70b,rte,4,0.5744419642857143,0.7806919642857143,1429,141,52,0.36879432624113473,0.8885047536732931,0.4913569576490925,0.054554605007325174,0.3971477960242006,0.32061068702290074,131,1.0,0.1346153846153846,0.37404580152671757,0.9285714285714286,0.25,0.4198473282442748,0.8571428571428571,0.46153846153846156,0.5038167938931297
gptj-6b,llama31-70b,truthfulqa,4,0.6300024551927327,0.7976921188313283,1425,860,352,0.40930232558139534,0.7143040891195419,0.5107820329277022,0.11468052450155485,0.20352205619183972,0.390452876376989,817,0.6976744186046512,0.08522727272727272,0.42717258261933905,0.7209302325581395,0.17613636363636365,0.4663402692778458,0.6686046511627907,0.32670454545454547,0.5312117503059975
gptj-6b,llama31-70b-base,boolq,4,0.4990228922389726,0.6062255723059743,601,724,157,0.21685082872928177,0.6020961817140162,0.491468113548793,0.030381623425038834,0.11062806816522325,0.6936135812449474,1237,0.2777777777777778,0.06369426751592357,0.7016976556184317,0.2916666666666667,0.1337579617834395,0.7105901374292644,0.2896551724137931,0.267515923566879,0.7275666936135813
gptj-6b,llama31-70b-base,geometry_of_truth,4,0.7848722986247544,0.48952193844138836,504,1898,489,0.2576396206533193,0.9161757384967512,0.5326229570058679,0.11543314632451185,0.38355278149088323,0.6353876739562624,2515,1.0,0.19427402862985685,0.6731610337972167,0.9947368421052631,0.38650306748466257,0.7105367793240557,0.8210526315789474,0.6380368098159509,0.7594433399602386
gptj-6b,llama31-70b-base,imdb,4,0.4693111328762651,0.6658504733920992,647,1668,781,0.46822541966426856,0.4407106779242639,0.5097113376167635,0.0888084892713954,-0.06900065969249958,0.3736,2500,0.30120481927710846,0.03201024327784891,0.3836,0.31736526946107785,0.0678617157490397,0.3948,0.3323353293413174,0.14212548015364918,0.418
gptj-6b,llama31-70b-base,rte,4,0.5744419642857143,0.7425223214285714,1370,135,47,0.34814814814814815,0.7417794970986461,0.441791586073501,0.0468052182125929,0.2999879110251451,0.3893129770992366,131,0.5714285714285714,0.0851063829787234,0.4198473282442748,0.7142857142857143,0.2127659574468085,0.46564885496183206,0.6296296296296297,0.3617021276595745,0.5190839694656488
gptj-6b,llama31-70b-base,truthfulqa,4,0.6300024551927327,0.7568131598330469,1356,817,344,0.42105263157894735,0.5989355425537146,0.491952037956635,0.047358360176775256,0.10698350459707962,0.40514075887392903,817,0.4146341463414634,0.04941860465116279,0.4259485924112607,0.45121951219512196,0.10755813953488372,0.4504283965728274,0.49693251533742333,0.23546511627906977,0.5042839657282742
gptj-6b,llama31-8b-base,boolq,4,0.4990228922389726,0.6969570072585148,1126,1004,254,0.25298804780876494,0.5618320209973754,0.5126404199475065,0.028020196145647533,0.04919160104986886,0.6168148746968473,1237,0.22,0.04330708661417323,0.6257073565076798,0.29,0.1141732283464567,0.6402586903799515,0.2885572139303483,0.2283464566929134,0.6637025060630558
gptj-6b,llama31-8b-base,geometry_of_truth,4,0.7848722986247544,0.8238375900458416,1395,3596,1580,0.43937708565072303,0.8659662572835041,0.34912017153907976,0.06964329499659555,0.5168460857444244,0.16302186878727634,2515,0.9833333333333333,0.1120253164556962,0.23339960238568588,0.9888888888888889,0.22531645569620254,0.30457256461232607,0.9888734353268428,0.45,0.44572564612326043
gptj-6b,llama31-8b-base,imdb,4,0.4693111328762651,0.5558276199804114,737,1559,628,0.4028223220012829,0.46105824160036124,0.5003694404345714,0.06552203175171642,-0.03931119883421019,0.3736,2500,0.2564102564102564,0.03184713375796178,0.3816,0.30128205128205127,0.07484076433121019,0.3924,0.3173076923076923,0.15764331210191082,0.4132
gptj-6b,llama31-8b-base,rte,4,0.5744419642857143,0.6628348214285714,1535,132,47,0.3560606060606061,0.6503128911138923,0.4873591989987484,0.03147578855492998,0.16295369211514393,0.2824427480916031,131,1.0,0.14893617021276595,0.33587786259541985,0.6923076923076923,0.19148936170212766,0.3511450381679389,0.6153846153846154,0.3404255319148936,0.40458015267175573
gptj-6b,llama31-8b-base,truthfulqa,4,0.6300024551927327,0.7129879695556102,1548,877,450,0.5131128848346637,0.4631433775696071,0.46220010408535,0.05828957045538369,0.0009432734842571011,0.27050183598531213,817,0.36363636363636365,0.035555555555555556,0.29008567931456547,0.32954545454545453,0.06444444444444444,0.30599755201958384,0.4114285714285714,0.16,0.35862913096695226
gptj-6b,olmo3-7b,boolq,4,0.4990228922389726,0.7938302624232273,1137,1247,390,0.31275060144346434,0.5133620560691738,0.49158737994794005,0.009133236717140251,0.021774676121233794,0.534357316087308,1237,0.20967741935483872,0.03333333333333333,0.5448666127728375,0.288,0.09230769230769231,0.5634599838318513,0.2931726907630522,0.18717948717948718,0.5933710590137429
gptj-6b,olmo3-7b,geometry_of_truth,4,0.7848722986247544,0.7038310412573674,1027,2913,896,0.3075866803982149,0.810327617040867,0.4183570510039663,0.09699658733991408,0.39197056603690067,0.4636182902584493,2515,1.0,0.16294642857142858,0.5216699801192843,0.9896907216494846,0.32142857142857145,0.5781312127236581,0.8679245283018868,0.5647321428571429,0.6648111332007952
gptj-6b,olmo3-7b,imdb,4,0.4693111328762651,0.7409402546523016,777,1925,893,0.4638961038961039,0.5702134170160681,0.4954556108231985,0.07346832176653244,0.07475780619286959,0.3284,2500,0.5520833333333334,0.0593505039193729,0.3496,0.53125,0.11422172452407615,0.3692,0.5324675324675324,0.22956326987681971,0.4104
gptj-6b,olmo3-7b,rte,4,0.5744419642857143,0.8010044642857143,1561,147,58,0.3945578231292517,0.7216195273149942,0.5284289035257652,0.04507293154976757,0.19319062378922902,0.2824427480916031,131,0.5714285714285714,0.06896551724137931,0.31297709923664124,0.6666666666666666,0.1724137931034483,0.35877862595419846,0.7241379310344828,0.3620689655172414,0.44274809160305345
gptj-6b,olmo3-7b,truthfulqa,4,0.6300024551927327,0.8083722072182666,1531,901,447,0.4961154273029967,0.46915806798135384,0.499168465245543,0.04508779261791818,-0.030010397264189137,0.3671970624235006,817,0.3111111111111111,0.03131991051454139,0.3843329253365973,0.3888888888888889,0.07829977628635347,0.41003671970624234,0.4111111111111111,0.16554809843400448,0.45777233782129745
gptj-6b,qwen3-32b,boolq,4,0.4990228922389726,0.7290619765494137,1049,1275,287,0.22509803921568627,0.5388212557660568,0.49996473359759624,0.027281093708742887,0.03885652216846053,0.46079223928860147,1237,0.265625,0.059233449477351915,0.47453516572352467,0.265625,0.11846689895470383,0.48827809215844786,0.25882352941176473,0.22996515679442509,0.5141471301535974
gptj-6b,qwen3-32b,geometry_of_truth,4,0.7848722986247544,0.6421087098886706,546,2696,679,0.2518545994065282,0.9589206034421701,0.6329282833762795,0.17306275621936032,0.32599232006589063,0.5125248508946322,2515,1.0,0.19882179675994108,0.5662027833001988,1.0,0.39764359351988215,0.6198807157057654,0.9851576994434137,0.7820324005891016,0.7236580516898609
gptj-6b,qwen3-32b,imdb,4,0.4693111328762651,0.717760365654587,694,1866,832,0.44587352625937837,0.8259164372861181,0.468662529292516,0.13416335929702378,0.35725390799360207,0.3044,2500,0.9247311827956989,0.10336538461538461,0.3388,0.9090909090909091,0.20432692307692307,0.3724,0.871313672922252,0.390625,0.4344
gptj-6b,qwen3-32b,rte,4,0.5744419642857143,0.7856026785714286,1479,144,55,0.3819444444444444,0.8855975485188968,0.44351378958120535,0.10369598847946337,0.4420837589376915,0.26717557251908397,131,1.0,0.12727272727272726,0.32061068702290074,1.0,0.2545454545454545,0.37404580152671757,0.9655172413793104,0.509090909090909,0.48091603053435117
gptj-6b,qwen3-32b,truthfulqa,4,0.6300024551927327,0.8048121777559538,1470,896,382,0.4263392857142857,0.6906818505918063,0.4897274227392181,0.05492842901846678,0.2009544278525882,0.35495716034271724,817,0.8888888888888888,0.10471204188481675,0.4039167686658507,0.8333333333333334,0.19633507853403143,0.4467564259485924,0.7821229050279329,0.36649214659685864,0.5263157894736842
gptj-6b,qwen3-8b,boolq,4,0.4990228922389726,0.3330541596873255,29,276,12,0.043478260869565216,0.5590277777777778,0.5080492424242424,0.025264852578254608,0.05097853535353536,0.5602263540824576,1237,0.07142857142857142,0.08333333333333333,0.561034761519806,0.03571428571428571,0.08333333333333333,0.561034761519806,0.01818181818181818,0.08333333333333333,0.561034761519806
gptj-6b,qwen3-8b,geometry_of_truth,4,0.7848722986247544,0.6365422396856582,572,2708,697,0.25738552437223045,0.9640556565860509,0.6252141200442045,0.3184449880212507,0.33884153654184634,0.49582504970178926,2515,0.9925925925925926,0.19225251076040173,0.5491053677932406,0.992619926199262,0.38593974175035867,0.6027833001988071,0.9723247232472325,0.7560975609756098,0.7053677932405567
gptj-6b,qwen3-8b,imdb,4,0.4693111328762651,0.6849493960169768,633,1638,613,0.37423687423687424,0.8381347232721921,0.5294365973023515,0.13405000139837037,0.3086981259698406,0.4136,2500,0.8414634146341463,0.11256117455138662,0.4412,0.8048780487804879,0.21533442088091354,0.4664,0.7987804878048781,0.4274061990212072,0.5184
gptj-6b,qwen3-8b,rte,4,0.5744419642857143,0.6415178571428571,747,114,30,0.2631578947368421,0.6321428571428572,0.4904761904761905,0.04016080834073192,0.14166666666666672,0.3969465648854962,131,0.16666666666666666,0.03333333333333333,0.40458015267175573,0.45454545454545453,0.16666666666666666,0.4351145038167939,0.391304347826087,0.3,0.46564885496183206
gptj-6b,qwen3-8b,truthfulqa,4,0.6300024551927327,0.663147557083231,761,715,272,0.3804195804195804,0.6401706280706413,0.4655839197981676,0.06758047766058474,0.1745867082724737,0.43818849449204406,817,0.6666666666666666,0.08823529411764706,0.4675642594859241,0.5416666666666666,0.14338235294117646,0.48592411260709917,0.5244755244755245,0.2757352941176471,0.5299877600979193
gptj-6b,qwen3-8b-base,boolq,4,0.4990228922389726,0.7709380234505863,1088,1210,343,0.2834710743801653,0.5093768599876926,0.500040352275364,0.018413897114961508,0.009336507712328523,0.5367825383993533,1237,0.21666666666666667,0.037900874635568516,0.5472918350848828,0.21487603305785125,0.07580174927113703,0.5578011317704122,0.2892561983471074,0.20408163265306123,0.5933710590137429
gptj-6b,qwen3-8b-base,geometry_of_truth,4,0.7848722986247544,0.7213490504256712,949,2937,919,0.3129043241402792,0.9404871930643791,0.35909135517017143,0.2866493898035027,0.5813958378942077,0.47912524850894633,2515,1.0,0.15995647442872687,0.5375745526838966,1.0,0.31991294885745375,0.596023856858847,0.9982964224872232,0.6376496191512514,0.7121272365805169
gptj-6b,qwen3-8b-base,imdb,4,0.4693111328762651,0.7592229840026118,756,1864,832,0.44635193133047213,0.6211741111359571,0.5142000456544424,0.03904693290061098,0.10697406548151467,0.3808,2500,0.6129032258064516,0.06850961538461539,0.4036,0.6290322580645161,0.140625,0.4276,0.5764075067024129,0.25841346153846156,0.4668
gptj-6b,qwen3-8b-base,rte,4,0.5744419642857143,0.8262276785714285,1560,146,56,0.3835616438356164,0.6660714285714286,0.5252976190476191,0.05752676716024726,0.14077380952380958,0.32061068702290074,131,0.7142857142857143,0.08928571428571429,0.35877862595419846,0.6,0.16071428571428573,0.3893129770992366,0.5517241379310345,0.2857142857142857,0.44274809160305345
gptj-6b,qwen3-8b-base,truthfulqa,4,0.6300024551927327,0.8246992388902529,1537,894,399,0.4463087248322148,0.5635553530290373,0.5180172653856865,0.03771750273739822,0.045538087643350766,0.386780905752754,817,0.7111111111111111,0.08020050125313283,0.4259485924112607,0.6179775280898876,0.13784461152882205,0.4541003671970624,0.5810055865921788,0.2606516290726817,0.5140758873929009
gptj-6b,qwen38-27b,boolq,3,0.5389048991354467,0.5835734870317003,288,878,94,0.1070615034168565,0.5234883847155883,0.5049086788970908,0.023690358272357232,0.01857970581849755,0.6257073565076798,1237,0.09090909090909091,0.0425531914893617,0.6289409862570736,0.10227272727272728,0.09574468085106383,0.6329830234438156,0.13636363636363635,0.2553191489361702,0.645109135004042
gptj-6b,qwen38-27b,geometry_of_truth,3,0.6492921492921493,0.6753539253539254,503,2393,748,0.31257835353113245,0.9760089722542789,0.38239174780163515,0.17494403259596897,0.5936172244526436,0.4031809145129225,2515,1.0,0.16042780748663102,0.45089463220675946,1.0,0.3195187165775401,0.4982107355864811,0.9979123173277662,0.6390374331550802,0.5932405566600397
gptj-6b,qwen38-27b,rte,3,0.4595637583892617,0.6956375838926174,648,111,43,0.38738738738738737,0.7558139534883721,0.4828146374829001,0.09385827364797247,0.272999316005472,0.1984732824427481,131,1.0,0.13953488372093023,0.24427480916030533,0.6363636363636364,0.16279069767441862,0.25190839694656486,0.5909090909090909,0.3023255813953488,0.29770992366412213
gptj-6b,qwen38-27b,truthfulqa,3,0.43276331130975515,0.7098717450446949,555,638,291,0.4561128526645768,0.6989512463234201,0.5200887330778295,0.05975101976614411,0.17886251324559055,0.3243574051407589,817,0.53125,0.058419243986254296,0.34516523867809057,0.609375,0.13402061855670103,0.37209302325581395,0.640625,0.281786941580756,0.42472460220318237
llama-8b,gemma2-9b,boolq,4,0.7490228922389727,0.4683137911781128,157,1451,153,0.10544452101998622,0.5828625235404896,0.5261286846531114,0.02126585637399029,0.05673383888737826,0.412287793047696,1237,0.0958904109589041,0.0457516339869281,0.417946645109135,0.11724137931034483,0.1111111111111111,0.4260307194826192,0.13793103448275862,0.26143790849673204,0.444624090541633
llama-8b,gemma2-9b,geometry_of_truth,4,0.5792403405370007,0.5890635232481991,364,2835,323,0.11393298059964727,0.9169497249117547,0.6228739819762971,0.30047707253487793,0.2940757429354577,0.08071570576540756,2515,0.8802816901408451,0.38699690402476783,0.13041749502982108,0.6549295774647887,0.5758513931888545,0.15467196819085488,0.43209876543209874,0.7585139318885449,0.17813121272365806
llama-8b,gemma2-9b,imdb,4,0.6913157035586027,0.6674828599412341,613,3145,701,0.22289348171701112,0.6970291447102689,0.4262879368029306,0.05938106682483296,0.2707412079073383,0.186,2500,0.5414012738853503,0.12125534950071326,0.22,0.4872611464968153,0.21825962910128388,0.2472,0.4260731319554849,0.38231098430813126,0.2932
llama-8b,gemma2-9b,rte,4,0.7657366071428572,0.61171875,699,158,36,0.22784810126582278,0.6186247723132969,0.43471083788706744,0.06607061990326521,0.1839139344262295,0.3435114503816794,131,0.5,0.1111111111111111,0.37404580152671757,0.375,0.16666666666666666,0.3893129770992366,0.28125,0.25,0.4122137404580153
llama-8b,gemma2-9b,truthfulqa,4,0.7809968082494476,0.6189540878958998,578,908,296,0.32599118942731276,0.5606396838014485,0.47006657392686807,0.03782997791928553,0.0905731098745804,0.3623011015911873,817,0.4,0.060810810810810814,0.3843329253365973,0.4065934065934066,0.125,0.40758873929008566,0.34065934065934067,0.20945945945945946,0.43818849449204406
llama-8b,llama31-405b,boolq,4,0.7490228922389727,0.6517308766052484,765,1902,280,0.14721345951629863,0.6547274088426986,0.51499471551876,0.057005930620194094,0.13973269332393867,0.3791430881164107,1237,0.35789473684210527,0.12142857142857143,0.40662894098625707,0.32105263157894737,0.21785714285714286,0.4284559417946645,0.26052631578947366,0.3535714285714286,0.45917542441390463
llama-8b,llama31-405b,geometry_of_truth,4,0.5792403405370007,0.39996725605762934,206,2012,10,0.004970178926441352,0.43321678321678325,0.5803446553446554,0.10004787708893322,-0.14712787212787215,0.1554671968190855,2515,0.0,0.0,0.1554671968190855,0.0,0.0,0.1554671968190855,0.0,0.0,0.1554671968190855
llama-8b,llama31-405b,imdb,4,0.6913157035586027,0.683643486777669,628,3185,746,0.23422291993720565,0.6504072011229495,0.5122336209957273,0.07026887889463912,0.13817358012722214,0.182,2500,0.39622641509433965,0.08445040214477212,0.2072,0.4056603773584906,0.17292225201072386,0.2336,0.3893249607535322,0.3324396782841823,0.2812
llama-8b,llama31-405b,rte,4,0.7657366071428572,0.7143973214285714,1182,186,56,0.3010752688172043,0.7429945054945055,0.5243131868131867,0.05216064683968605,0.2186813186813188,0.20610687022900764,131,0.6666666666666666,0.10714285714285714,0.25190839694656486,0.7894736842105263,0.26785714285714285,0.32061068702290074,0.6486486486486487,0.42857142857142855,0.3893129770992366
llama-8b,llama31-405b,truthfulqa,4,0.7809968082494476,0.7527620918242082,1248,1071,385,0.35947712418300654,0.7534777176176592,0.4615605240240809,0.07287085812436306,0.2919171935935784,0.28886168910648713,817,0.7222222222222222,0.1012987012987013,0.33659730722154224,0.7383177570093458,0.2051948051948052,0.38555691554467564,0.6682242990654206,0.37142857142857144,0.4638922888616891
llama-8b,llama31-70b,boolq,4,0.7490228922389727,0.7279452819653824,1123,2074,359,0.17309546769527484,0.5878265671569065,0.4986965737349456,0.02104303292589735,0.08912999342196093,0.3468067906224737,1237,0.3269230769230769,0.0947075208913649,0.3742926434923201,0.28019323671497587,0.1615598885793872,0.3936944219886823,0.23132530120481928,0.26740947075208915,0.4244139046079224
llama-8b,llama31-70b,geometry_of_truth,4,0.5792403405370007,0.5862802881466929,349,2873,362,0.12600069613644274,0.9210204382485021,0.35084688145639853,0.31268311489794764,0.5701735567921036,0.04532803180914513,2515,0.9861111111111112,0.39226519337016574,0.10178926441351889,0.9128919860627178,0.7237569060773481,0.14950298210735585,0.5304347826086957,0.8425414364640884,0.1666003976143141
llama-8b,llama31-70b,imdb,4,0.6913157035586027,0.7068233757753836,720,3185,735,0.23076923076923078,0.5983856726364015,0.47244078856032207,0.06419891153189276,0.12594488407607946,0.2336,2500,0.27672955974842767,0.05986394557823129,0.2512,0.31446540880503143,0.1360544217687075,0.2736,0.3076923076923077,0.26666666666666666,0.312
llama-8b,llama31-70b,rte,4,0.7657366071428572,0.7806919642857143,1554,194,59,0.30412371134020616,0.8256120527306968,0.4400816070307596,0.06758396909245638,0.3855304456999372,0.2595419847328244,131,0.5,0.0847457627118644,0.29770992366412213,0.7368421052631579,0.23728813559322035,0.366412213740458,0.717948717948718,0.4745762711864407,0.4732824427480916
llama-8b,llama31-70b,truthfulqa,4,0.7809968082494476,0.7976921188313283,1472,1141,456,0.39964943032427697,0.6633595850941222,0.45414505698552954,0.06398195436538325,0.20921452810859265,0.22276621787025705,817,0.543859649122807,0.06798245614035088,0.2607099143206854,0.5526315789473685,0.13815789473684212,0.2998776009791922,0.5657894736842105,0.28289473684210525,0.3806609547123623
llama-8b,llama31-70b-base,boolq,4,0.7490228922389727,0.6062255723059743,717,1630,337,0.2067484662576687,0.5805925997324098,0.5007011045552289,0.03789726439228633,0.07989149517718097,0.43654001616814875,1237,0.2926829268292683,0.0712166172106825,0.4559417946645109,0.3128834355828221,0.1513353115727003,0.47776879547291834,0.2883435582822086,0.2789317507418398,0.5125303152789006
llama-8b,llama31-70b-base,geometry_of_truth,4,0.5792403405370007,0.48952193844138836,338,2104,288,0.13688212927756654,0.8695106002202644,0.4305866258259912,0.18195591874763115,0.43892397439427316,0.18727634194831014,2515,0.6095238095238096,0.2222222222222222,0.21272365805168986,0.5,0.3645833333333333,0.2290258449304175,0.43942992874109266,0.6423611111111112,0.26083499005964217
llama-8b,llama31-70b-base,imdb,4,0.6913157035586027,0.6658504733920992,704,2840,709,0.24964788732394366,0.4508653571861148,0.4827007986741493,0.05497590411008836,-0.031835441488034466,0.3016,2500,0.09859154929577464,0.019746121297602257,0.3072,0.1443661971830986,0.05782792665726375,0.318,0.17253521126760563,0.1382228490832158,0.3408
llama-8b,llama31-70b-base,rte,4,0.7657366071428572,0.7425223214285714,1474,179,54,0.3016759776536313,0.6555555555555554,0.5224074074074074,0.01981100690305847,0.13314814814814802,0.3282442748091603,131,0.4444444444444444,0.07407407407407407,0.35877862595419846,0.5555555555555556,0.18518518518518517,0.40458015267175573,0.5277777777777778,0.35185185185185186,0.4732824427480916
llama-8b,llama31-70b-base,truthfulqa,4,0.7809968082494476,0.7568131598330469,1405,1057,426,0.4030274361400189,0.5402743986369352,0.4844162704701532,0.0572522646061512,0.055858128166781984,0.2913096695226438,817,0.39622641509433965,0.04929577464788732,0.31701346389228885,0.37735849056603776,0.09389671361502347,0.3402692778457772,0.38388625592417064,0.19014084507042253,0.390452876376989
llama-8b,llama31-8b-base,boolq,4,0.7490228922389727,0.6969570072585148,1240,1981,452,0.2281675921251893,0.537393576691342,0.4882778813152213,0.021179437954112073,0.049115695376120705,0.33063864187550523,1237,0.2727272727272727,0.059734513274336286,0.35246564268391267,0.2777777777777778,0.12168141592920353,0.37510105092966856,0.26262626262626265,0.23008849557522124,0.4147130153597413
llama-8b,llama31-8b-base,geometry_of_truth,4,0.5792403405370007,0.8238375900458416,386,2858,356,0.1245626312106368,0.9701856492334222,0.4026655080430038,0.22763229002229343,0.5675201411904185,0.5284294234592445,2515,0.8601398601398601,0.3455056179775281,0.5773359840954274,0.8111888111888111,0.651685393258427,0.620675944333996,0.5926573426573427,0.952247191011236,0.663220675944334
llama-8b,llama31-8b-base,imdb,4,0.6913157035586027,0.5558276199804114,804,2474,582,0.23524656426839127,0.5353541407844932,0.526120107815145,0.09899276284169573,0.009234032969348216,0.2808,2500,0.23387096774193547,0.04982817869415808,0.2924,0.2834008097165992,0.12027491408934708,0.3088,0.2545454545454545,0.21649484536082475,0.3312
llama-8b,llama31-8b-base,rte,4,0.7657366071428572,0.6628348214285714,1617,174,53,0.3045977011494253,0.6301263059410572,0.5240527054420708,0.07229305228939882,0.1060736004989864,0.2366412213740458,131,0.7777777777777778,0.1320754716981132,0.2900763358778626,0.6470588235294118,0.20754716981132076,0.32061068702290074,0.5428571428571428,0.3584905660377358,0.3816793893129771
llama-8b,llama31-8b-base,truthfulqa,4,0.7809968082494476,0.7129879695556102,1599,1031,502,0.486905916585839,0.5387900195060966,0.5411699139171103,0.050273975368493845,-0.0023798944110137166,0.23011015911872704,817,0.4807692307692308,0.049800796812749,0.2607099143206854,0.5436893203883495,0.11155378486055777,0.29865361077111385,0.5388349514563107,0.22111553784860558,0.3659730722154223
llama31-70b,llama31-405b,boolq,4,0.7279452819653824,0.6517308766052484,744,1988,296,0.1488933601609658,0.6578832822183887,0.522624852245863,0.0743988599834882,0.13525842997252568,0.2425222312045271,1237,0.3939393939393939,0.13175675675675674,0.2740501212611156,0.32663316582914576,0.2195945945945946,0.2950687146321746,0.28391959798994976,0.38175675675675674,0.33387227162489896
llama31-70b,llama31-405b,geometry_of_truth,4,0.5862802881466929,0.39996725605762934,217,2012,10,0.004970178926441352,0.31973026973026974,0.671441058941059,0.1812827679934452,-0.35171078921078924,0.16978131212723657,2515,0.0,0.0,0.16978131212723657,0.0,0.0,0.16978131212723657,0.0,0.0,0.16978131212723657
llama31-70b,llama31-405b,imdb,4,0.7068233757753836,0.683643486777669,604,3214,771,0.23988799004355943,0.6590427771344899,0.5004491511521045,0.028671398432623472,0.15859362598238536,0.1956,2500,0.39751552795031053,0.08300907911802853,0.2212,0.3862928348909657,0.1608300907911803,0.2452,0.37791601866251945,0.3151750972762646,0.2928
llama31-70b,llama31-405b,rte,4,0.7806919642857143,0.7143973214285714,1168,191,57,0.29842931937172773,0.8127782141921969,0.5016365540717466,0.06128779411872643,0.3111416601204503,0.20610687022900764,131,0.9,0.15789473684210525,0.2748091603053435,0.7894736842105263,0.2631578947368421,0.32061068702290074,0.6842105263157895,0.45614035087719296,0.40458015267175573
llama31-70b,llama31-405b,truthfulqa,4,0.7976921188313283,0.7527620918242082,1229,1179,395,0.33502968617472434,0.7207633686385946,0.5336557091190907,0.03976879790525138,0.18710765951950392,0.18115055079559364,817,0.6101694915254238,0.09113924050632911,0.2252141982864137,0.6440677966101694,0.19240506329113924,0.2741738066095471,0.5805084745762712,0.3468354430379747,0.3488372093023256
llama31-70b,llama31-70b-base,boolq,4,0.7279452819653824,0.6062255723059743,655,1704,341,0.20011737089201878,0.659053794996805,0.5195548245095023,0.030260166297806725,0.13949897048730275,0.3193209377526273,1237,0.47058823529411764,0.11730205278592376,0.3516572352465643,0.4411764705882353,0.21994134897360704,0.3799514955537591,0.375366568914956,0.375366568914956,0.42279708973322555
llama31-70b,llama31-70b-base,geometry_of_truth,4,0.5862802881466929,0.48952193844138836,367,2121,305,0.1438000942951438,0.948645916082906,0.4383706759586914,0.1811939123140206,0.5102752401242147,0.18807157057654075,2515,0.9811320754716981,0.34098360655737703,0.2294234592445328,0.9669811320754716,0.6721311475409836,0.26958250497017894,0.6132075471698113,0.8524590163934426,0.2914512922465209
llama31-70b,llama31-70b-base,imdb,4,0.7068233757753836,0.6658504733920992,650,2861,734,0.2565536525690318,0.5270705308291347,0.5028243973615472,0.07725610625993405,0.024246133467587527,0.3152,2500,0.21678321678321677,0.04223433242506812,0.3276,0.2202797202797203,0.08583106267029973,0.3404,0.256993006993007,0.20027247956403268,0.374
llama31-70b,llama31-70b-base,rte,4,0.7806919642857143,0.7425223214285714,1432,188,60,0.3191489361702128,0.8274739583333333,0.5369140625,0.04393769224054571,0.2905598958333333,0.25190839694656486,131,0.6666666666666666,0.1,0.29770992366412213,0.7894736842105263,0.25,0.366412213740458,0.7105263157894737,0.45,0.4580152671755725
llama31-70b,llama31-70b-base,truthfulqa,4,0.7976921188313283,0.7568131598330469,1371,1118,402,0.3595706618962433,0.6855179410211512,0.4842851038105561,0.06779481388909284,0.20123283721059504,0.2668298653610771,817,0.5357142857142857,0.07462686567164178,0.30354957160342716,0.5982142857142857,0.16666666666666666,0.3488372093023256,0.5803571428571429,0.32338308457711445,0.4259485924112607
llama31-70b-base,llama31-405b,boolq,4,0.6062255723059743,0.6517308766052484,508,1498,245,0.16355140186915887,0.6883007313060898,0.511691124973533,0.03168326498010127,0.17660960633255685,0.3791430881164107,1237,0.4533333333333333,0.13877551020408163,0.40662894098625707,0.42,0.2571428571428571,0.43007275666936134,0.3466666666666667,0.42448979591836733,0.46321746160064675
llama31-70b-base,llama31-405b,geometry_of_truth,4,0.48952193844138836,0.39996725605762934,175,1485,9,0.006060606060606061,0.41516109605540497,0.5959424872026498,0.27486038100449156,-0.18078139114724479,0.2536779324055666,2515,0.0,0.0,0.2536779324055666,0.0,0.0,0.2536779324055666,0.0,0.0,0.2536779324055666
llama31-70b-base,llama31-405b,imdb,4,0.6658504733920992,0.683643486777669,564,2811,692,0.24617573817146923,0.5620023350527978,0.5090762902121462,0.08089111180378279,0.052926044840651665,0.306,2500,0.2978723404255319,0.06069364161849711,0.3228,0.298932384341637,0.12138728323699421,0.3396,0.29359430604982206,0.2384393063583815,0.372
llama31-70b-base,llama31-405b,rte,4,0.7425223214285714,0.7143973214285714,1129,170,47,0.27647058823529413,0.7529839128178516,0.5732139768206193,0.021017792417132145,0.17976993599723234,0.3511450381679389,131,0.75,0.1276595744680851,0.3969465648854962,0.7058823529411765,0.2553191489361702,0.44274809160305345,0.5882352941176471,0.425531914893617,0.5038167938931297
llama31-70b-base,llama31-405b,truthfulqa,4,0.7568131598330469,0.7527620918242082,1206,1057,338,0.3197729422894986,0.7370526125206771,0.4516751569816725,0.05379427714223254,0.2853774555390046,0.3157894736842105,817,0.6226415094339622,0.09763313609467456,0.3561811505507956,0.6509433962264151,0.20414201183431951,0.40024479804161567,0.6066350710900474,0.378698224852071,0.4724602203182375
llama31-70b-base,llama31-70b,boolq,4,0.6062255723059743,0.7279452819653824,655,1704,341,0.20011737089201878,0.6584212417407694,0.5138951941013334,0.030520543343804954,0.144526047639436,0.3193209377526273,1237,0.4588235294117647,0.11436950146627566,0.35084882780921584,0.4235294117647059,0.21114369501466276,0.37752627324171384,0.3724340175953079,0.3724340175953079,0.4219886822958771
llama31-70b-base,llama31-70b,geometry_of_truth,4,0.48952193844138836,0.5862802881466929,367,2121,305,0.1438000942951438,0.9534068751354083,0.4437829493753159,0.184679803901853,0.5096239257600924,0.18807157057654075,2515,0.9811320754716981,0.34098360655737703,0.2294234592445328,0.9622641509433962,0.6688524590163935,0.2691848906560636,0.6226415094339622,0.8655737704918033,0.2930417495029821
llama31-70b-base,llama31-70b,imdb,4,0.6658504733920992,0.7068233757753836,650,2861,734,0.2565536525690318,0.5294584100362666,0.5021994045674595,0.07579315119447862,0.027259005468807107,0.3152,2500,0.21678321678321677,0.04223433242506812,0.3276,0.22727272727272727,0.0885558583106267,0.3412,0.263986013986014,0.20572207084468666,0.3756
llama31-70b-base,llama31-70b,rte,4,0.7425223214285714,0.7806919642857143,1432,188,60,0.3191489361702128,0.8266927083333333,0.5370768229166667,0.04014835977778766,0.2896158854166666,0.25190839694656486,131,0.6666666666666666,0.1,0.29770992366412213,0.7368421052631579,0.23333333333333334,0.35877862595419846,0.7368421052631579,0.4666666666666667,0.46564885496183206
llama31-70b-base,llama31-70b,truthfulqa,4,0.7568131598330469,0.7976921188313283,1371,1118,402,0.3595706618962433,0.6830651213207705,0.4832176408460491,0.06642898544276453,0.19984748047472134,0.2668298653610771,817,0.5178571428571429,0.07213930348258707,0.3023255813953488,0.5982142857142857,0.16666666666666666,0.3488372093023256,0.5758928571428571,0.3208955223880597,0.42472460220318237
llama31-8b-base,gemma2-9b,boolq,4,0.6969570072585148,0.4683137911781128,130,1346,136,0.10104011887072809,0.5909577053962081,0.49728518473505107,0.026846335869836525,0.093672520661157,0.46321746160064675,1237,0.07462686567164178,0.03676470588235294,0.46725949878738887,0.1259259259259259,0.125,0.47696038803556995,0.13382899628252787,0.2647058823529412,0.49232012934519
llama31-8b-base,gemma2-9b,geometry_of_truth,4,0.8238375900458416,0.5890635232481991,438,2917,413,0.1415838189921152,0.9720437614586638,0.3496265539301766,0.20074815561197637,0.6224172075284872,0.5017892644135189,2515,0.9863013698630136,0.3486682808716707,0.5590457256461233,0.9623287671232876,0.6803874092009685,0.6135188866799205,0.62778730703259,0.8861985472154964,0.6473161033797217
llama31-8b-base,gemma2-9b,imdb,4,0.5558276199804114,0.6674828599412341,593,2394,511,0.2134502923976608,0.6752642086523462,0.5473052744039002,0.0975016694997506,0.12795893424844595,0.2964,2500,0.4583333333333333,0.10763209393346379,0.3184,0.4351464435146444,0.2035225048923679,0.338,0.38413361169102295,0.36007827788649704,0.37
llama31-8b-base,gemma2-9b,rte,4,0.6628348214285714,0.61171875,656,142,34,0.23943661971830985,0.6348039215686274,0.5238970588235294,0.06378201893587687,0.11090686274509798,0.2748091603053435,131,0.42857142857142855,0.08823529411764706,0.29770992366412213,0.35714285714285715,0.14705882352941177,0.31297709923664124,0.2857142857142857,0.23529411764705882,0.33587786259541985
llama31-8b-base,gemma2-9b,truthfulqa,4,0.7129879695556102,0.6189540878958998,573,756,264,0.3492063492063492,0.5454776422764227,0.48888272973638824,0.029432248993405418,0.05659491254003446,0.4773561811505508,817,0.4473684210526316,0.06439393939393939,0.4981640146878825,0.3684210526315789,0.10606060606060606,0.5116279069767442,0.3509933774834437,0.20075757575757575,0.5422276621787026
llama31-8b-base,gemma4-12b,boolq,4,0.6969570072585148,0.6072026800670016,1147,1281,348,0.2716627634660422,0.5797883480553399,0.5066449224476722,0.02798760937030602,0.07314342560766762,0.5755860953920776,1237,0.390625,0.07183908045977011,0.5957962813257882,0.375,0.13793103448275862,0.6143896523848019,0.35546875,0.2614942528735632,0.6491511721907841
llama31-8b-base,gemma4-12b,geometry_of_truth,4,0.8238375900458416,0.7917485265225933,1408,3506,1506,0.4295493439817456,0.8704687915006639,0.554988213811421,0.05066878475555478,0.31548057768924287,0.23856858846918488,2515,0.96,0.11155378486055777,0.3053677932405567,0.9487179487179487,0.22111553784860558,0.3709741550695825,0.9186875891583453,0.42762284196547146,0.49463220675944336
llama31-8b-base,gemma4-12b,imdb,4,0.5558276199804114,0.5009794319294809,753,1626,568,0.34932349323493234,0.4551555552597247,0.532379472962539,0.07642480181720417,-0.07722391770281428,0.406,2500,0.2222222222222222,0.03169014084507042,0.4132,0.22699386503067484,0.06514084507042253,0.4208,0.27384615384615385,0.15669014084507044,0.4416
llama31-8b-base,gemma4-12b,rte,4,0.6628348214285714,0.5954241071428571,1551,126,49,0.3888888888888889,0.6337132255499602,0.4736284124039226,0.09032983452304144,0.16008481314603762,0.33587786259541985,131,0.8333333333333334,0.10204081632653061,0.37404580152671757,0.7692307692307693,0.20408163265306123,0.4122137404580153,0.64,0.32653061224489793,0.4580152671755725
llama31-8b-base,gemma4-12b,truthfulqa,4,0.7129879695556102,0.6350356002946231,1553,823,415,0.5042527339003645,0.493284904323175,0.5053271911174109,0.03380757605726669,-0.012042286794235857,0.35862913096695226,817,0.3902439024390244,0.03855421686746988,0.37821297429620565,0.43902439024390244,0.08674698795180723,0.40269277845777235,0.4727272727272727,0.18795180722891566,0.4541003671970624
llama31-8b-base,gemma4-12b-base,boolq,4,0.6969570072585148,0.32858738135120047,192,958,193,0.20146137787056367,0.5733617799451386,0.4920214026888821,0.028678460534931338,0.08134037725625648,0.423605497170574,1237,0.1875,0.046632124352331605,0.4308811641067098,0.17708333333333334,0.08808290155440414,0.4373484236054972,0.2552083333333333,0.2538860103626943,0.46321746160064675
llama31-8b-base,gemma4-12b-base,geometry_of_truth,4,0.8238375900458416,0.8040275049115914,1418,3233,730,0.22579647386328489,0.8984938621599285,0.4761792698077376,0.07093606098157826,0.42231459235219093,0.679920477137177,2515,1.0,0.2219178082191781,0.7443339960238569,0.9938080495356038,0.4397260273972603,0.8075546719681909,0.8562596599690881,0.7589041095890411,0.9001988071570577
llama31-8b-base,gemma4-12b-base,imdb,4,0.5558276199804114,0.5584394384590271,778,2165,614,0.2836027713625866,0.388161887780711,0.5055756294667515,0.04119977762677398,-0.11741374168604052,0.2768,2500,0.08333333333333333,0.014657980456026058,0.2804,0.1111111111111111,0.03908794788273615,0.2864,0.16628175519630484,0.11726384364820847,0.3056
llama31-8b-base,gemma4-12b-base,rte,4,0.6628348214285714,0.7073660714285714,1582,167,49,0.2934131736526946,0.6217571774472501,0.4806295399515739,0.051447770147111244,0.1411276374956762,0.2366412213740458,131,0.625,0.10204081632653061,0.2748091603053435,0.47058823529411764,0.16326530612244897,0.29770992366412213,0.45454545454545453,0.30612244897959184,0.3511450381679389
llama31-8b-base,gemma4-12b-base,truthfulqa,4,0.7129879695556102,0.7275963663147557,1568,959,476,0.49635036496350365,0.5513596743045044,0.523227769368617,0.03202095233738552,0.028131904935887353,0.27539779681762544,817,0.5416666666666666,0.0546218487394958,0.3072215422276622,0.5416666666666666,0.1092436974789916,0.3390452876376989,0.546875,0.22058823529411764,0.4039167686658507
llama31-8b-base,gemma4-31b,boolq,3,0.5240153698366955,0.36743515850144093,293,463,75,0.16198704103671707,0.5145360824742269,0.46735395189003437,0.021818423924205483,0.047182130584192516,0.540016168148747,1237,0.13043478260869565,0.04,0.5424413904607922,0.15217391304347827,0.09333333333333334,0.5456750202101859,0.12903225806451613,0.16,0.549717057396928
llama31-8b-base,gemma4-31b,geometry_of_truth,3,0.666023166023166,0.6576576576576577,505,2733,1278,0.4676180021953897,0.790849103786522,0.493582514560444,0.0690624920717493,0.29726658922607796,0.19324055666003975,2515,1.0,0.10719874804381847,0.247713717693837,0.9633699633699634,0.20579029733959311,0.2978131212723658,0.9177330895795247,0.39280125195618154,0.39284294234592443
llama31-8b-base,gemma4-31b,rte,3,0.5503355704697986,0.4444630872483222,672,100,38,0.38,0.6943972835314093,0.48418930390492365,0.06923996527136236,0.21020797962648563,0.2366412213740458,131,1.0,0.13157894736842105,0.2748091603053435,0.7,0.18421052631578946,0.2900763358778626,0.75,0.39473684210526316,0.3511450381679389
llama31-8b-base,gemma4-31b,truthfulqa,3,0.5511076564321803,0.4325689856198989,567,548,271,0.49452554744525545,0.45448732465664005,0.4638056669375358,0.04556884492475917,-0.00931834228089573,0.3108935128518972,817,0.37037037037037035,0.03690036900369004,0.32313341493268055,0.41818181818181815,0.08487084870848709,0.3390452876376989,0.41818181818181815,0.16974169741697417,0.3671970624235006
llama31-8b-base,llama-8b,boolq,4,0.6969570072585148,0.7490228922389727,1240,1981,452,0.2281675921251893,0.5373530620395075,0.48840738350590646,0.021669246608255355,0.048945678533601045,0.33063864187550523,1237,0.2727272727272727,0.059734513274336286,0.35246564268391267,0.2777777777777778,0.12168141592920353,0.37510105092966856,0.26262626262626265,0.23008849557522124,0.4147130153597413
llama31-8b-base,llama-8b,geometry_of_truth,4,0.8238375900458416,0.5792403405370007,386,2858,356,0.1245626312106368,0.9701171646952101,0.394747404323732,0.22890520946731363,0.5753697603714781,0.5284294234592445,2515,0.8601398601398601,0.3455056179775281,0.5773359840954274,0.8041958041958042,0.6460674157303371,0.6198807157057654,0.5926573426573427,0.952247191011236,0.663220675944334
llama31-8b-base,llama-8b,imdb,4,0.5558276199804114,0.6913157035586027,804,2474,582,0.23524656426839127,0.5359834862651933,0.5255395752054227,0.1008788428173141,0.010443911059770605,0.2808,2500,0.24193548387096775,0.05154639175257732,0.2928,0.2793522267206478,0.11855670103092783,0.3084,0.2585858585858586,0.21993127147766323,0.332
llama31-8b-base,llama-8b,rte,4,0.6628348214285714,0.7657366071428572,1617,174,53,0.3045977011494253,0.6312178387650086,0.5257679713082801,0.07134831728898382,0.10544986745672846,0.2366412213740458,131,0.6666666666666666,0.11320754716981132,0.2824427480916031,0.7058823529411765,0.22641509433962265,0.3282442748091603,0.5428571428571428,0.3584905660377358,0.3816793893129771
llama31-8b-base,llama-8b,truthfulqa,4,0.7129879695556102,0.7809968082494476,1599,1031,502,0.486905916585839,0.5387975508175239,0.5409835139592858,0.05072698588120516,-0.002185963141761893,0.23011015911872704,817,0.4807692307692308,0.049800796812749,0.2607099143206854,0.5436893203883495,0.11155378486055777,0.29865361077111385,0.5388349514563107,0.22111553784860558,0.3659730722154223
llama31-8b-base,llama31-405b,boolq,4,0.6969570072585148,0.6517308766052484,720,1685,240,0.142433234421365,0.6736966551326412,0.5372174163783161,0.03106881402756622,0.1364792387543251,0.46725949878738887,1237,0.44047619047619047,0.15416666666666667,0.4971705739692805,0.3392857142857143,0.2375,0.513338722716249,0.28486646884273,0.4,0.5448666127728375
llama31-8b-base,llama31-405b,geometry_of_truth,4,0.8238375900458416,0.39996725605762934,159,2008,10,0.0049800796812749,0.43203203203203194,0.5902527527527528,0.30489198415772634,-0.15822072072072085,0.6481113320079522,2515,0.0,0.0,0.6481113320079522,0.0,0.0,0.6481113320079522,0.0,0.0,0.6481113320079522
llama31-8b-base,llama31-405b,imdb,4,0.5558276199804114,0.683643486777669,596,2407,518,0.21520565018695473,0.6159701257636674,0.5173824376444811,0.013894918708390658,0.09858768811918628,0.3228,2500,0.425,0.09845559845559845,0.3432,0.36929460580912865,0.1718146718146718,0.3584,0.3492723492723493,0.32432432432432434,0.39
llama31-8b-base,llama31-405b,rte,4,0.6628348214285714,0.7143973214285714,1120,162,46,0.2839506172839506,0.7608695652173914,0.5078710644677661,0.04202437344743355,0.25299850074962527,0.2595419847328244,131,0.75,0.13043478260869565,0.3053435114503817,0.6875,0.2391304347826087,0.3435114503816794,0.6875,0.4782608695652174,0.42748091603053434
llama31-8b-base,llama31-405b,truthfulqa,4,0.7129879695556102,0.7527620918242082,1242,912,364,0.3991228070175439,0.7629541990855859,0.5197533989732894,0.03736123023861382,0.2432008001122965,0.3769889840881273,817,0.7608695652173914,0.09615384615384616,0.41982864137086906,0.7692307692307693,0.19230769230769232,0.46266829865361075,0.7307692307692307,0.36538461538461536,0.5397796817625459
llama31-8b-base,llama31-70b,boolq,4,0.6969570072585148,0.7279452819653824,1067,1872,332,0.17735042735042736,0.6040682209356908,0.5254977703019872,0.024999602551840194,0.0785704506337036,0.41390460792239286,1237,0.35106382978723405,0.09939759036144578,0.44058205335489087,0.26737967914438504,0.15060240963855423,0.45432497978981407,0.2647058823529412,0.29819277108433734,0.4939369442198868
llama31-8b-base,llama31-70b,geometry_of_truth,4,0.8238375900458416,0.5862802881466929,371,2901,398,0.13719407100999656,0.9329628566323426,0.3531957630742606,0.18859834187893484,0.579767093558082,0.5093439363817097,2515,1.0,0.36432160804020103,0.5669980119284295,0.9517241379310345,0.6934673366834171,0.6190854870775347,0.6051724137931035,0.8819095477386935,0.6489065606361829
llama31-8b-base,llama31-70b,imdb,4,0.5558276199804114,0.7068233757753836,682,2491,599,0.2404656764351666,0.5791744168399059,0.45583526278822706,0.05851941606296167,0.12333915405167883,0.3008,2500,0.232,0.048414023372287146,0.3124,0.2570281124497992,0.10684474123539232,0.3264,0.28714859437751006,0.2387312186978297,0.358
llama31-8b-base,llama31-70b,rte,4,0.6628348214285714,0.7806919642857143,1479,172,53,0.3081395348837209,0.871571270017441,0.4907245917234818,0.02935690343508957,0.38084667829395913,0.25190839694656486,131,0.8888888888888888,0.1509433962264151,0.31297709923664124,0.9411764705882353,0.3018867924528302,0.37404580152671757,0.8235294117647058,0.5283018867924528,0.46564885496183206
llama31-8b-base,llama31-70b,truthfulqa,4,0.7129879695556102,0.7976921188313283,1463,985,441,0.44771573604060916,0.7201172135520875,0.4838841786714685,0.07499414686654891,0.23623303488061898,0.2962056303549572,817,0.7346938775510204,0.08163265306122448,0.3402692778457772,0.7551020408163265,0.16780045351473924,0.386780905752754,0.7360406091370558,0.3287981859410431,0.47368421052631576
llama31-8b-base,llama31-70b-base,boolq,4,0.6969570072585148,0.6062255723059743,686,1581,379,0.23972169512966476,0.5940977877679681,0.4816263790779659,0.023118183058548177,0.11247140869000216,0.3920776071139854,1237,0.43037974683544306,0.08970976253298153,0.4195634599838319,0.3987341772151899,0.1662269129287599,0.44300727566693615,0.34177215189873417,0.2849604221635884,0.4793856103476152
llama31-8b-base,llama31-70b-base,geometry_of_truth,4,0.8238375900458416,0.48952193844138836,496,2249,439,0.19519786571809694,0.9289155413483684,0.4726478435419525,0.10001832426080433,0.4562676978064159,0.5598409542743539,2515,1.0,0.255125284738041,0.6043737574552683,0.9333333333333333,0.4783599088838269,0.6433399602385685,0.7,0.7175398633257403,0.685089463220676
llama31-8b-base,llama31-70b-base,imdb,4,0.5558276199804114,0.6658504733920992,693,2240,586,0.26160714285714287,0.30874888057083666,0.4970982538968516,0.09136660559353361,-0.18834937332601492,0.3584,2500,0.03571428571428571,0.006825938566552901,0.36,0.026785714285714284,0.010238907849829351,0.3608,0.06473214285714286,0.04948805460750853,0.37
llama31-8b-base,llama31-70b-base,rte,4,0.6628348214285714,0.7425223214285714,1433,158,46,0.2911392405063291,0.6822593167701864,0.48500582298136646,0.020251726366786172,0.1972534937888199,0.3511450381679389,131,0.75,0.13043478260869565,0.3969465648854962,0.5,0.17391304347826086,0.4122137404580153,0.5,0.34782608695652173,0.4732824427480916
llama31-8b-base,llama31-70b-base,truthfulqa,4,0.7129879695556102,0.7568131598330469,1412,915,414,0.4524590163934426,0.6478781567300181,0.5097353601974794,0.01548403006823537,0.1381427965325387,0.3574051407588739,817,0.6086956521739131,0.06763285024154589,0.39167686658506734,0.5869565217391305,0.13043478260869565,0.423500611995104,0.5792349726775956,0.2560386473429952,0.48714810281517745
llama31-8b-base,qwen3-32b,boolq,4,0.6969570072585148,0.7290619765494137,1091,1755,291,0.1658119658119658,0.5703434548288359,0.4903420934031886,0.004856748462232254,0.08000136142564729,0.5117219078415521,1237,0.22727272727272727,0.06872852233676977,0.5278900565885206,0.19318181818181818,0.11683848797250859,0.5392077607113985,0.19658119658119658,0.23711340206185566,0.5675020210185934
llama31-8b-base,qwen3-32b,geometry_of_truth,4,0.8238375900458416,0.6421087098886706,528,3181,678,0.21314052184847532,0.9545495258197537,0.7090933357846689,0.1169002113538373,0.2454561900350848,0.39801192842942346,2515,0.9937106918238994,0.23303834808259588,0.4608349900596421,0.9874213836477987,0.4631268436578171,0.5228628230616302,0.9025157232704403,0.8466076696165191,0.6262425447316103
llama31-8b-base,qwen3-32b,imdb,4,0.5558276199804114,0.717760365654587,713,2524,629,0.24920760697305863,0.6499439995637419,0.43611860347076864,0.13455161710856284,0.2138253960929733,0.2956,2500,0.49206349206349204,0.0985691573926868,0.3204,0.4801587301587302,0.19236883942766295,0.344,0.4178217821782178,0.3354531001589825,0.38
llama31-8b-base,qwen3-32b,rte,4,0.6628348214285714,0.7856026785714286,1528,170,51,0.3,0.8945460537156039,0.4512275498434668,0.03926697084573911,0.4433185038721371,0.2748091603053435,131,1.0,0.1568627450980392,0.33587786259541985,0.8235294117647058,0.27450980392156865,0.3816793893129771,0.7352941176470589,0.49019607843137253,0.46564885496183206
llama31-8b-base,qwen3-32b,truthfulqa,4,0.7129879695556102,0.8048121777559538,1494,1009,464,0.45986124876114964,0.7287844036697249,0.45931667193925974,0.054388557163179314,0.2694677317304651,0.2778457772337821,817,0.84,0.09051724137931035,0.3292533659730722,0.8118811881188119,0.17672413793103448,0.37821297429620565,0.7871287128712872,0.3426724137931034,0.4724602203182375
llama31-8b-base,qwen3-8b,boolq,4,0.6969570072585148,0.3330541596873255,86,973,93,0.09558067831449127,0.5511608015640274,0.5269947458455524,0.0251490058988686,0.024166055718474966,0.486661277283751,1237,0.061224489795918366,0.03225806451612903,0.4890864995957963,0.1134020618556701,0.11827956989247312,0.49555375909458366,0.11794871794871795,0.24731182795698925,0.5052546483427648
llama31-8b-base,qwen3-8b,geometry_of_truth,4,0.8238375900458416,0.6365422396856582,558,3186,702,0.22033898305084745,0.9543012602593923,0.6037582121016098,0.2928258617200669,0.3505430481577825,0.37654075546719684,2515,0.9811320754716981,0.2222222222222222,0.4385685884691849,0.9717868338557993,0.4415954415954416,0.49980119284294233,0.9010989010989011,0.8176638176638177,0.6047713717693837
llama31-8b-base,qwen3-8b,imdb,4,0.5558276199804114,0.6849493960169768,655,2418,532,0.22001654259718775,0.7066951578309506,0.5295394836508025,0.09373537675805173,0.1771556741801481,0.3072,2500,0.48760330578512395,0.11090225563909774,0.3308,0.48760330578512395,0.22180451127819548,0.3544,0.42355371900826444,0.38533834586466165,0.3892
llama31-8b-base,qwen3-8b,rte,4,0.6628348214285714,0.6415178571428571,792,145,33,0.22758620689655173,0.7210497835497837,0.5418695887445888,0.026034110895782493,0.17918019480519487,0.29770992366412213,131,0.5714285714285714,0.12121212121212122,0.3282442748091603,0.42857142857142855,0.18181818181818182,0.3435114503816794,0.4827586206896552,0.42424242424242425,0.40458015267175573
llama31-8b-base,qwen3-8b,truthfulqa,4,0.7129879695556102,0.663147557083231,782,807,339,0.4200743494423792,0.5919748884350654,0.49801767390262963,0.014393857596286272,0.09395721453243577,0.397796817625459,817,0.575,0.06784660766961652,0.4259485924112607,0.5308641975308642,0.12684365781710916,0.4504283965728274,0.5093167701863354,0.24188790560471976,0.4981640146878825
llama31-8b-base,qwen3-8b-base,boolq,4,0.6969570072585148,0.7709380234505863,1190,1993,499,0.2503763171098846,0.5252969124326297,0.5023598066279815,0.009468317155848904,0.02293710580464814,0.3419563459983832,1237,0.3,0.06012024048096192,0.36620856911883587,0.2914572864321608,0.11623246492985972,0.38884397736459175,0.2531328320802005,0.20240480961923848,0.423605497170574
llama31-8b-base,qwen3-8b-base,geometry_of_truth,4,0.8238375900458416,0.7213490504256712,933,3246,742,0.2285890326555761,0.916336556926707,0.38743630137871055,0.07927204838786904,0.5289002555479965,0.504572564612326,2515,1.0,0.2183288409703504,0.5689860834990059,0.9969230769230769,0.4366576819407008,0.6333996023856859,0.9183359013867488,0.8032345013477089,0.7415506958250497
llama31-8b-base,qwen3-8b-base,imdb,4,0.5558276199804114,0.7592229840026118,807,2517,624,0.24791418355184744,0.5529387961044063,0.5569153646362441,0.05036304874686599,-0.00397656853183781,0.376,2500,0.30158730158730157,0.060897435897435896,0.3912,0.2976190476190476,0.1201923076923077,0.406,0.2803180914512923,0.22596153846153846,0.4324
llama31-8b-base,qwen3-8b-base,rte,4,0.6628348214285714,0.8262276785714285,1628,174,53,0.3045977011494253,0.6485264306876657,0.46327771713706534,0.05292481452103347,0.18524871355060035,0.31297709923664124,131,0.4444444444444444,0.07547169811320754,0.3435114503816794,0.5882352941176471,0.18867924528301888,0.3893129770992366,0.42857142857142855,0.2830188679245283,0.42748091603053434
llama31-8b-base,qwen3-8b-base,truthfulqa,4,0.7129879695556102,0.8246992388902529,1595,1042,504,0.4836852207293666,0.5715023307960111,0.472261867882221,0.022508271080639356,0.09924046291379007,0.2533659730722154,817,0.6153846153846154,0.06349206349206349,0.29253365973072215,0.5961538461538461,0.12301587301587301,0.3292533659730722,0.5721153846153846,0.2361111111111111,0.3990208078335373
llama31-8b-base,qwen38-27b,boolq,3,0.5240153698366955,0.5835734870317003,222,1250,156,0.1248,0.5624150377349646,0.5227318004968827,0.023249743257610752,0.03968323723808187,0.35408245755860956,1237,0.14516129032258066,0.057692307692307696,0.36135812449474536,0.112,0.08974358974358974,0.3654001616814875,0.136,0.21794871794871795,0.38156831042845596
llama31-8b-base,qwen38-27b,geometry_of_truth,3,0.666023166023166,0.6753539253539254,510,2510,515,0.2051792828685259,0.9361958293792735,0.5112100639949388,0.1896315657353349,0.42498576538433464,0.4827037773359841,2515,0.9920634920634921,0.24271844660194175,0.5324055666003976,0.9920318725099602,0.48349514563106794,0.5817097415506959,0.9023904382470119,0.8796116504854369,0.6628230616302186
llama31-8b-base,qwen38-27b,rte,3,0.5503355704697986,0.6956375838926174,670,139,37,0.26618705035971224,0.7021727609962904,0.5317302596714362,0.10574916292611247,0.17044250132485428,0.20610687022900764,131,0.2857142857142857,0.05405405405405406,0.22137404580152673,0.35714285714285715,0.13513513513513514,0.24427480916030533,0.5,0.3783783783783784,0.31297709923664124
llama31-8b-base,qwen38-27b,truthfulqa,3,0.5511076564321803,0.7098717450446949,569,807,371,0.459727385377943,0.6601053438512327,0.42300594722916,0.026322855626923707,0.23709939662207263,0.2558139534883721,817,0.625,0.0673854447439353,0.2864137086903305,0.7037037037037037,0.15363881401617252,0.32558139534883723,0.6708074534161491,0.29110512129380056,0.3880048959608323
olmo3-7b,gemma2-9b,boolq,4,0.7938302624232273,0.4683137911781128,159,1378,142,0.10304789550072568,0.582507178996308,0.5160957655317016,0.03523906547107414,0.06641141346460644,0.5909458367016976,1237,0.13043478260869565,0.06338028169014084,0.5982215036378334,0.10869565217391304,0.1056338028169014,0.603071948261924,0.11594202898550725,0.22535211267605634,0.6168148746968473
olmo3-7b,gemma2-9b,geometry_of_truth,4,0.7038310412573674,0.5890635232481991,447,2936,424,0.1444141689373297,0.9677472659536113,0.5791361840523975,0.25846290277564576,0.38861108190121374,0.24970178926441353,2515,0.9591836734693877,0.33254716981132076,0.30576540755467196,0.9319727891156463,0.6462264150943396,0.35864811133200797,0.6422487223168655,0.8891509433962265,0.3996023856858847
olmo3-7b,gemma2-9b,imdb,4,0.7409402546523016,0.6674828599412341,614,3158,776,0.24572514249525015,0.7415614964467181,0.4662136610922122,0.04386243946309236,0.2753478353545059,0.2512,2500,0.7025316455696202,0.14304123711340205,0.2956,0.6107594936708861,0.24871134020618557,0.3284,0.5268987341772152,0.42912371134020616,0.3844
olmo3-7b,gemma2-9b,rte,4,0.8010044642857143,0.61171875,701,162,39,0.24074074074074073,0.6358140504481968,0.5090160516989785,0.09044383241567824,0.12679799874921838,0.366412213740458,131,0.25,0.05128205128205128,0.3816793893129771,0.3125,0.1282051282051282,0.40458015267175573,0.28125,0.23076923076923078,0.4351145038167939
olmo3-7b,gemma2-9b,truthfulqa,4,0.8083722072182666,0.6189540878958998,578,859,291,0.33876600698486614,0.5758010260877983,0.5351870674217124,0.040448202627259684,0.04061395866608586,0.5006119951040392,817,0.37209302325581395,0.054982817869415807,0.5201958384332925,0.38372093023255816,0.1134020618556701,0.5410036719706243,0.36627906976744184,0.21649484536082475,0.5777233782129743
olmo3-7b,llama31-405b,boolq,4,0.7938302624232273,0.6517308766052484,763,1810,277,0.15303867403314916,0.6571810070153377,0.49375884570731515,0.027537779838771106,0.1634221613080225,0.5448666127728375,1237,0.37777777777777777,0.12274368231046931,0.5723524656426839,0.32044198895027626,0.20938628158844766,0.5917542441390461,0.27071823204419887,0.35379061371841153,0.624090541632983
olmo3-7b,llama31-405b,geometry_of_truth,4,0.7038310412573674,0.39996725605762934,160,2010,10,0.004975124378109453,0.4221999999999999,0.49729999999999996,0.2742248347615511,-0.07510000000000006,0.4047713717693837,2515,0.0,0.0,0.4047713717693837,0.0,0.0,0.4047713717693837,0.0,0.0,0.4047713717693837
olmo3-7b,llama31-405b,imdb,4,0.7409402546523016,0.683643486777669,623,3174,795,0.2504725897920605,0.6644554950153464,0.5159222071532619,0.1183734700392475,0.14853328786208453,0.268,2500,0.49056603773584906,0.09811320754716982,0.2992,0.47003154574132494,0.18742138364779873,0.3276,0.4125984251968504,0.32955974842767294,0.3728
olmo3-7b,llama31-405b,rte,4,0.8010044642857143,0.7143973214285714,1184,181,51,0.281767955801105,0.7576168929110105,0.5216817496229261,0.03770427966050505,0.2359351432880844,0.3511450381679389,131,0.5555555555555556,0.09803921568627451,0.3893129770992366,0.7222222222222222,0.2549019607843137,0.45038167938931295,0.5,0.35294117647058826,0.48854961832061067
olmo3-7b,llama31-405b,truthfulqa,4,0.8083722072182666,0.7527620918242082,1236,1020,390,0.38235294117647056,0.7794017094017094,0.46845645095645094,0.07239531534084467,0.31094525844525844,0.40269277845777235,817,0.8431372549019608,0.11025641025641025,0.45532435740514077,0.7745098039215687,0.20256410256410257,0.49938800489596086,0.7254901960784313,0.37948717948717947,0.583843329253366
olmo3-7b,llama31-70b,boolq,4,0.7938302624232273,0.7279452819653824,1123,2018,377,0.18681863230921705,0.591568510499356,0.46813783728301783,0.02136920440767023,0.12343067321633816,0.4785772029102668,1237,0.3564356435643564,0.09549071618037135,0.50767987065481,0.3415841584158416,0.1830238726790451,0.534357316087308,0.26732673267326734,0.2864721485411141,0.5658852061438965
olmo3-7b,llama31-70b,geometry_of_truth,4,0.7038310412573674,0.5862802881466929,379,2897,388,0.13393165343458752,0.888436679500191,0.3816952270794213,0.30289219135846734,0.5067414524207697,0.2739562624254473,2515,0.9793103448275862,0.36597938144329895,0.3304174950298211,0.8724137931034482,0.6520618556701031,0.3745526838966203,0.531951640759931,0.7938144329896907,0.3964214711729622
olmo3-7b,llama31-70b,imdb,4,0.7409402546523016,0.7068233757753836,714,3278,891,0.27181208053691275,0.5616077923018294,0.5144594010674168,0.03722346366501119,0.04714839123441261,0.234,2500,0.3170731707317073,0.058361391694725026,0.2548,0.31402439024390244,0.11560044893378227,0.2752,0.3201219512195122,0.2356902356902357,0.318
olmo3-7b,llama31-70b,rte,4,0.8010044642857143,0.7806919642857143,1555,198,64,0.32323232323232326,0.8260261194029851,0.42718050373134325,0.06153063162537775,0.39884561567164184,0.25190839694656486,131,0.8,0.125,0.31297709923664124,0.7,0.21875,0.35877862595419846,0.725,0.453125,0.4732824427480916
olmo3-7b,llama31-70b,truthfulqa,4,0.8083722072182666,0.7976921188313283,1461,1091,466,0.4271310724106325,0.7393579399141632,0.46581030042918453,0.0634981591209982,0.2735476394849787,0.3243574051407589,817,0.7818181818181819,0.09227467811158799,0.3769889840881273,0.7798165137614679,0.18240343347639484,0.4283965728274174,0.7155963302752294,0.33476394849785407,0.5152998776009792
olmo3-7b,llama31-70b-base,boolq,4,0.7938302624232273,0.6062255723059743,784,1693,425,0.25103366804489075,0.6096288736314716,0.5198501577287067,0.024637463016182998,0.08977871590276487,0.4551333872271625,1237,0.32941176470588235,0.06588235294117648,0.47776879547291834,0.3905325443786982,0.15529411764705883,0.5084882780921585,0.35988200589970504,0.28705882352941176,0.5537590945836701
olmo3-7b,llama31-70b-base,geometry_of_truth,4,0.7038310412573674,0.48952193844138836,482,2296,483,0.21036585365853658,0.8870008302128978,0.28560151608066425,0.13295475069011817,0.6013993141322336,0.28151093439363817,2515,0.9826086956521739,0.23395445134575568,0.326441351888668,0.9695652173913043,0.4616977225672878,0.37017892644135186,0.7124183006535948,0.6770186335403726,0.4115308151093439
olmo3-7b,llama31-70b-base,imdb,4,0.7409402546523016,0.6658504733920992,741,2910,838,0.28797250859106527,0.4779656702389399,0.43106604942822124,0.02083776518428684,0.046899620810718634,0.3236,2500,0.17123287671232876,0.029832935560859187,0.3336,0.17525773195876287,0.060859188544152745,0.344,0.20962199312714777,0.14558472553699284,0.3724
olmo3-7b,llama31-70b-base,rte,4,0.8010044642857143,0.7425223214285714,1512,184,59,0.32065217391304346,0.6909830508474577,0.510135593220339,0.026886185899893035,0.18084745762711874,0.32061068702290074,131,0.5555555555555556,0.0847457627118644,0.35877862595419846,0.6111111111111112,0.1864406779661017,0.40458015267175573,0.5135135135135135,0.3220338983050847,0.46564885496183206
olmo3-7b,llama31-70b-base,truthfulqa,4,0.8083722072182666,0.7568131598330469,1428,1017,447,0.43952802359882004,0.6120687625103025,0.4699134581419993,0.006681376790611095,0.1421553043683032,0.3659730722154223,817,0.49019607843137253,0.05592841163310962,0.39657282741738065,0.5098039215686274,0.116331096196868,0.42962056303549573,0.5369458128078818,0.24384787472035793,0.49938800489596086
olmo3-7b,llama31-8b-base,boolq,4,0.7938302624232273,0.6969570072585148,1235,1962,513,0.26146788990825687,0.5647075283485148,0.5022395629438599,0.00704093006374746,0.062467965404654935,0.3928860145513339,1237,0.3673469387755102,0.07017543859649122,0.4219886822958771,0.3469387755102041,0.13255360623781676,0.44785772029102666,0.32142857142857145,0.24561403508771928,0.49474535165723527
olmo3-7b,llama31-8b-base,geometry_of_truth,4,0.7038310412573674,0.8238375900458416,1012,3340,839,0.25119760479041914,0.7027639480560577,0.45463816857047407,0.13124693452653127,0.24812577948558362,0.39363817097415504,2515,1.0,0.19904648390941598,0.4600397614314115,0.9760479041916168,0.38855780691299163,0.5232604373757456,0.6077844311377245,0.48390941597139453,0.5550695825049702
olmo3-7b,llama31-8b-base,imdb,4,0.7409402546523016,0.5558276199804114,811,2581,690,0.2673382409918636,0.5438882885368527,0.5816658236191264,0.07621914705493418,-0.03777753508227377,0.3196,2500,0.2868217054263566,0.0536231884057971,0.3344,0.2713178294573643,0.10144927536231885,0.3476,0.2868217054263566,0.2144927536231884,0.3788
olmo3-7b,llama31-8b-base,rte,4,0.8010044642857143,0.6628348214285714,1624,169,51,0.30177514792899407,0.7146892655367232,0.49426719840478567,0.03383154808534441,0.22042206713193752,0.33587786259541985,131,0.875,0.13725490196078433,0.3893129770992366,0.5882352941176471,0.19607843137254902,0.4122137404580153,0.5588235294117647,0.37254901960784315,0.48091603053435117
olmo3-7b,llama31-8b-base,truthfulqa,4,0.8083722072182666,0.7129879695556102,1582,1068,559,0.5234082397003745,0.545367640081397,0.5121638766953338,0.02756880495137486,0.033203763386063234,0.21664626682986537,817,0.6226415094339622,0.059033989266547404,0.25703794369645044,0.5981308411214953,0.11449016100178891,0.29498164014687883,0.5794392523364486,0.22182468694096602,0.3684210526315789
qwen3-1.7b,gemma2-9b,boolq,4,0.6475432719151312,0.4683137911781128,146,1230,109,0.0886178861788618,0.5537159646121992,0.5042761623386721,0.02937157967644395,0.04943980227352707,0.4260307194826192,1237,0.04838709677419355,0.027522935779816515,0.4284559417946645,0.06504065040650407,0.07339449541284404,0.43249797898140663,0.09349593495934959,0.21100917431192662,0.444624090541633
qwen3-1.7b,gemma2-9b,geometry_of_truth,4,0.785199738048461,0.5890635232481991,443,2913,421,0.14452454514246482,0.9772554835807125,0.3620011590533889,0.2160348701022669,0.6152543245273235,0.4226640159045726,2515,0.9863013698630136,0.342042755344418,0.47992047713717695,0.9690721649484536,0.669833729216152,0.5347912524850894,0.6535162950257289,0.9049881235154394,0.574155069582505
qwen3-1.7b,gemma2-9b,imdb,4,0.5128958537381652,0.6674828599412341,590,2194,552,0.2515952597994531,0.8422600134159474,0.4620221672050699,0.19592504650207943,0.3802378462108775,0.278,2500,0.8636363636363636,0.1721014492753623,0.316,0.8127853881278538,0.322463768115942,0.3492,0.7289293849658315,0.5797101449275363,0.406
qwen3-1.7b,gemma2-9b,rte,4,0.6172991071428572,0.61171875,652,126,29,0.23015873015873015,0.6281549946676146,0.535904728048347,0.14599714476509307,0.0922502666192676,0.37404580152671757,131,0.3333333333333333,0.06896551724137931,0.3893129770992366,0.3076923076923077,0.13793103448275862,0.40458015267175573,0.36,0.3103448275862069,0.44274809160305345
qwen3-1.7b,gemma2-9b,truthfulqa,4,0.6329486864718881,0.6189540878958998,553,697,223,0.3199426111908178,0.3907967682730696,0.5344056876880287,0.09385504093129948,-0.14360891941495907,0.4186046511627907,817,0.02857142857142857,0.004484304932735426,0.41982864137086906,0.1,0.03139013452914798,0.42717258261933905,0.16546762589928057,0.1031390134529148,0.4467564259485924
qwen3-1.7b,gptj-6b,boolq,4,0.6475432719151312,0.4990228922389726,1195,1105,292,0.2642533936651584,0.4682892719338152,0.5009277746887058,0.01779462632806141,-0.03263850275489055,0.47453516572352467,1237,0.12727272727272726,0.023972602739726026,0.4801940177849636,0.19090909090909092,0.07191780821917808,0.49151172190784154,0.22171945701357465,0.1678082191780822,0.5141471301535974
qwen3-1.7b,gptj-6b,geometry_of_truth,4,0.785199738048461,0.7848722986247544,1408,3330,1313,0.3942942942942943,0.951045964594171,0.5167232371000343,0.07807295428650275,0.4343227274941367,0.3025844930417495,2515,1.0,0.12642802741812642,0.36858846918489063,1.0,0.2536176694592536,0.4349900596421471,0.9864864864864865,0.5003808073115004,0.563817097415507
qwen3-1.7b,gptj-6b,imdb,4,0.5128958537381652,0.4693111328762651,785,1723,782,0.4538595473012188,0.6290717553019451,0.48380063109659144,0.07195255524807168,0.1452711242053537,0.2648,2500,0.6395348837209303,0.07033248081841433,0.2868,0.627906976744186,0.13810741687979539,0.308,0.6318840579710145,0.27877237851662406,0.352
qwen3-1.7b,gptj-6b,rte,4,0.6172991071428572,0.5744419642857143,1567,146,59,0.4041095890410959,0.6093902201441653,0.49995129553867135,0.05816990990363279,0.10943892460549398,0.12213740458015267,131,0.5714285714285714,0.06779661016949153,0.15267175572519084,0.6,0.15254237288135594,0.19083969465648856,0.5862068965517241,0.288135593220339,0.25190839694656486
qwen3-1.7b,gptj-6b,truthfulqa,4,0.6329486864718881,0.6300024551927327,1557,830,405,0.4879518072289157,0.4403543936092956,0.516474945533769,0.06287215951763413,-0.07612055192447342,0.2215422276621787,817,0.21428571428571427,0.022222222222222223,0.23255813953488372,0.2891566265060241,0.05925925925925926,0.25091799265605874,0.3433734939759036,0.14074074074074075,0.2913096695226438
qwen3-1.7b,llama31-405b,boolq,4,0.6475432719151312,0.6517308766052484,756,1553,200,0.128783000643915,0.6904656319290465,0.5534525129342203,0.041752858753264004,0.13701311899482627,0.4510913500404204,1237,0.47435897435897434,0.185,0.48100242522231207,0.32903225806451614,0.255,0.49232012934519,0.26366559485530544,0.41,0.5173807599029911
qwen3-1.7b,llama31-405b,geometry_of_truth,4,0.785199738048461,0.39996725605762934,157,2000,10,0.005,0.4721105527638191,0.4885678391959799,0.15519505806509135,-0.016457286432160823,0.5753479125248508,2515,0.0,0.0,0.5753479125248508,0.0,0.0,0.5753479125248508,0.0,0.0,0.5753479125248508
qwen3-1.7b,llama31-405b,imdb,4,0.5128958537381652,0.683643486777669,601,2182,540,0.24747937671860679,0.7534149862408085,0.4779754251815762,0.13645379795924772,0.2754395610592323,0.3196,2500,0.6513761467889908,0.13148148148148148,0.348,0.6330275229357798,0.25555555555555554,0.3748,0.5389908256880734,0.4351851851851852,0.4136
qwen3-1.7b,llama31-405b,rte,4,0.6172991071428572,0.7143973214285714,1129,135,34,0.2518518518518518,0.7903319743739079,0.5077897495631916,0.10552785481082892,0.28254222481071634,0.46564885496183206,131,0.8571428571428571,0.17647058823529413,0.5114503816793893,0.7857142857142857,0.3235294117647059,0.549618320610687,0.6666666666666666,0.5294117647058824,0.6030534351145038
qwen3-1.7b,llama31-405b,truthfulqa,4,0.6329486864718881,0.7527620918242082,1222,828,280,0.33816425120772947,0.714240093847758,0.4369427789363921,0.1016013217185299,0.2772973149113659,0.423500611995104,817,0.6585365853658537,0.09642857142857143,0.4565483476132191,0.6506024096385542,0.19285714285714287,0.48959608323133413,0.608433734939759,0.3607142857142857,0.5471236230110159
qwen3-1.7b,llama31-70b,boolq,4,0.6475432719151312,0.7279452819653824,1096,1714,258,0.15052508751458576,0.5911677953829118,0.496183261989948,0.03389958251729186,0.09498453339296375,0.45270816491511723,1237,0.26744186046511625,0.08914728682170543,0.47130153597413094,0.21052631578947367,0.13953488372093023,0.48181083265966046,0.19825072886297376,0.26356589147286824,0.50767987065481
qwen3-1.7b,llama31-70b,geometry_of_truth,4,0.785199738048461,0.5862802881466929,375,2880,390,0.13541666666666666,0.9540438677788076,0.7238005869632376,0.126448986424874,0.23024328081557,0.4429423459244533,2515,1.0,0.36923076923076925,0.5001988071570577,0.9513888888888888,0.7025641025641025,0.5518886679920477,0.6024305555555556,0.8897435897435897,0.5809145129224652
qwen3-1.7b,llama31-70b,imdb,4,0.5128958537381652,0.7068233757753836,672,2256,611,0.2708333333333333,0.7117814733930623,0.5341589600982992,0.09945556173566521,0.17762251329476308,0.3056,2500,0.49557522123893805,0.09165302782324058,0.328,0.4911504424778761,0.18166939443535188,0.35,0.45454545454545453,0.3355155482815057,0.3876
qwen3-1.7b,llama31-70b,rte,4,0.6172991071428572,0.7806919642857143,1487,158,53,0.33544303797468356,0.9040431266846362,0.4334681042228212,0.09811216878557827,0.47057502246181493,0.2748091603053435,131,0.875,0.1320754716981132,0.3282442748091603,0.9375,0.2830188679245283,0.3893129770992366,0.875,0.5283018867924528,0.48854961832061067
