overseer,target,held_out,both_true_test_n,row2_test_n,base_rate,n_false,router_coverage,auroc_margin,auroc_anomaly,auroc_spread,auroc_best,prec_05_margin,recall_05_margin,caught_05_margin,prec_10_margin,recall_10_margin,caught_10_margin,prec_20_margin,recall_20_margin,caught_20_margin,prec_05_anomaly,recall_05_anomaly,caught_05_anomaly,prec_10_anomaly,recall_10_anomaly,caught_10_anomaly,prec_20_anomaly,recall_20_anomaly,caught_20_anomaly,prec_05_spread,recall_05_spread,caught_05_spread,prec_10_spread,recall_10_spread,caught_10_spread,prec_20_spread,recall_20_spread,caught_20_spread,prec_05_best,recall_05_best,caught_05_best,prec_10_best,recall_10_best,caught_10_best,prec_20_best,recall_20_best,caught_20_best,supervised_reference
gemma4-12b,gemma4-12b-base,boolq,664,203,0.3057228915662651,475,0.1936842105263158,0.5970101407306883,0.44188581259416776,0.5712682859066284,0.5970101407306883,0.30303030303030304,0.04926108374384237,0.21473684210526317,0.3484848484848485,0.11330049261083744,0.24210526315789474,0.3609022556390977,0.23645320197044334,0.29473684210526313,0.24242424242424243,0.03940886699507389,0.21052631578947367,0.21212121212121213,0.06896551724137931,0.2231578947368421,0.22556390977443608,0.1477832512315271,0.25684210526315787,0.24242424242424243,0.03940886699507389,0.21052631578947367,0.30303030303030304,0.09852216748768473,0.23578947368421052,0.37593984962406013,0.24630541871921183,0.29894736842105263,0.30303030303030304,0.04926108374384237,0.21473684210526317,0.3484848484848485,0.11330049261083744,0.24210526315789474,0.3609022556390977,0.23645320197044334,0.29473684210526313,margin
gemma4-12b,gemma4-12b-base,geometry_of_truth,493,24,0.0486815415821501,1000,0.455,0.6784825870646766,0.8919687277896233,0.27842928216062546,0.8919687277896233,0.0,0.0,0.455,0.02040816326530612,0.041666666666666664,0.456,0.09090909090909091,0.375,0.464,0.2,0.20833333333333334,0.46,0.24489795918367346,0.5,0.467,0.1919191919191919,0.7916666666666666,0.474,0.0,0.0,0.455,0.0,0.0,0.455,0.0,0.0,0.455,0.2,0.20833333333333334,0.46,0.24489795918367346,0.5,0.467,0.1919191919191919,0.7916666666666666,0.474,anomaly
gemma4-12b,gemma4-12b-base,imdb,430,179,0.41627906976744183,1018,0.15913555992141454,0.4611275568118587,0.32164081105744624,0.568029557746667,0.568029557746667,0.45454545454545453,0.055865921787709494,0.16895874263261296,0.4186046511627907,0.1005586592178771,0.17681728880157171,0.3953488372093023,0.18994413407821228,0.1925343811394892,0.18181818181818182,0.0223463687150838,0.16306483300589392,0.23255813953488372,0.055865921787709494,0.16895874263261296,0.22093023255813954,0.10614525139664804,0.17779960707269155,0.36363636363636365,0.0446927374301676,0.16699410609037327,0.46511627906976744,0.11173184357541899,0.1787819253438114,0.4186046511627907,0.2011173184357542,0.1944990176817289,0.36363636363636365,0.0446927374301676,0.16699410609037327,0.46511627906976744,0.11173184357541899,0.1787819253438114,0.4186046511627907,0.2011173184357542,0.1944990176817289,spread
gemma4-12b,gemma4-12b-base,rte,52,26,0.5,62,0.2903225806451613,0.5192307692307692,0.5636094674556212,0.47781065088757396,0.5636094674556212,0.6666666666666666,0.07692307692307693,0.3225806451612903,0.6,0.11538461538461539,0.3387096774193548,0.4,0.15384615384615385,0.3548387096774194,0.6666666666666666,0.07692307692307693,0.3225806451612903,0.6,0.11538461538461539,0.3387096774193548,0.6,0.23076923076923078,0.3870967741935484,0.6666666666666666,0.07692307692307693,0.3225806451612903,0.4,0.07692307692307693,0.3225806451612903,0.5,0.19230769230769232,0.3709677419354839,0.6666666666666666,0.07692307692307693,0.3225806451612903,0.6,0.11538461538461539,0.3387096774193548,0.6,0.23076923076923078,0.3870967741935484,anomaly
gemma4-12b,gemma4-12b-base,truthfulqa,179,41,0.22905027932960895,327,0.41284403669724773,0.651643690349947,0.6610109579356663,0.4717214563449983,0.6610109579356663,0.2222222222222222,0.04878048780487805,0.41896024464831805,0.2777777777777778,0.12195121951219512,0.42813455657492355,0.3333333333333333,0.2926829268292683,0.44954128440366975,0.2222222222222222,0.04878048780487805,0.41896024464831805,0.3333333333333333,0.14634146341463414,0.43119266055045874,0.3333333333333333,0.2926829268292683,0.44954128440366975,0.1111111111111111,0.024390243902439025,0.41590214067278286,0.05555555555555555,0.024390243902439025,0.41590214067278286,0.16666666666666666,0.14634146341463414,0.43119266055045874,0.2222222222222222,0.04878048780487805,0.41896024464831805,0.3333333333333333,0.14634146341463414,0.43119266055045874,0.3333333333333333,0.2926829268292683,0.44954128440366975,anomaly
gemma4-12b,gemma4-31b,boolq,524,83,0.15839694656488548,475,0.5052631578947369,0.6122175777941699,0.4612736660929432,0.484413845859629,0.6122175777941699,0.2692307692307692,0.08433734939759036,0.52,0.21153846153846154,0.13253012048192772,0.5284210526315789,0.24761904761904763,0.3132530120481928,0.56,0.15384615384615385,0.04819277108433735,0.5136842105263157,0.15384615384615385,0.0963855421686747,0.5221052631578947,0.12380952380952381,0.1566265060240964,0.5326315789473685,0.07692307692307693,0.024096385542168676,0.5094736842105263,0.1346153846153846,0.08433734939759036,0.52,0.19047619047619047,0.24096385542168675,0.5473684210526316,0.2692307692307692,0.08433734939759036,0.52,0.21153846153846154,0.13253012048192772,0.5284210526315789,0.24761904761904763,0.3132530120481928,0.56,margin
gemma4-12b,gemma4-31b,geometry_of_truth,497,72,0.1448692152917505,1000,0.401,0.7630065359477125,0.5097385620915031,0.514313725490196,0.7630065359477125,0.4,0.1388888888888889,0.411,0.36,0.25,0.419,0.31313131313131315,0.4305555555555556,0.432,0.32,0.1111111111111111,0.409,0.3,0.20833333333333334,0.416,0.23232323232323232,0.3194444444444444,0.424,0.32,0.1111111111111111,0.409,0.2,0.1388888888888889,0.411,0.18181818181818182,0.25,0.419,0.4,0.1388888888888889,0.411,0.36,0.25,0.419,0.31313131313131315,0.4305555555555556,0.432,margin
gemma4-12b,gemma4-31b,rte,57,33,0.5789473684210527,62,0.14516129032258066,0.63510101010101,0.48106060606060613,0.4393939393939394,0.63510101010101,0.6666666666666666,0.06060606060606061,0.1774193548387097,0.6666666666666666,0.12121212121212122,0.20967741935483872,0.7272727272727273,0.24242424242424243,0.27419354838709675,0.6666666666666666,0.06060606060606061,0.1774193548387097,0.6666666666666666,0.12121212121212122,0.20967741935483872,0.6363636363636364,0.21212121212121213,0.25806451612903225,0.6666666666666666,0.06060606060606061,0.1774193548387097,0.6666666666666666,0.12121212121212122,0.20967741935483872,0.7272727272727273,0.24242424242424243,0.27419354838709675,0.6666666666666666,0.06060606060606061,0.1774193548387097,0.6666666666666666,0.12121212121212122,0.20967741935483872,0.7272727272727273,0.24242424242424243,0.27419354838709675,margin
gemma4-12b,gemma4-31b,truthfulqa,201,55,0.2736318407960199,327,0.44036697247706424,0.6867995018679951,0.6469489414694893,0.41183063511830637,0.6867995018679951,0.4,0.07272727272727272,0.4525993883792049,0.5,0.18181818181818182,0.4709480122324159,0.475,0.34545454545454546,0.4984709480122324,0.4,0.07272727272727272,0.4525993883792049,0.4,0.14545454545454545,0.4648318042813456,0.375,0.2727272727272727,0.48623853211009177,0.0,0.0,0.44036697247706424,0.15,0.05454545454545454,0.44954128440366975,0.2,0.14545454545454545,0.4648318042813456,0.4,0.07272727272727272,0.4525993883792049,0.5,0.18181818181818182,0.4709480122324159,0.475,0.34545454545454546,0.4984709480122324,margin
gemma4-12b,qwen3-32b,boolq,488,56,0.11475409836065574,475,0.5284210526315789,0.7078373015873016,0.5542741402116402,0.5240988756613757,0.7078373015873016,0.08333333333333333,0.03571428571428571,0.5326315789473685,0.14285714285714285,0.125,0.5431578947368421,0.24489795918367346,0.42857142857142855,0.5789473684210527,0.08333333333333333,0.03571428571428571,0.5326315789473685,0.14285714285714285,0.125,0.5431578947368421,0.14285714285714285,0.25,0.5578947368421052,0.08333333333333333,0.03571428571428571,0.5326315789473685,0.12244897959183673,0.10714285714285714,0.5410526315789473,0.1326530612244898,0.23214285714285715,0.5557894736842105,0.08333333333333333,0.03571428571428571,0.5326315789473685,0.14285714285714285,0.125,0.5431578947368421,0.24489795918367346,0.42857142857142855,0.5789473684210527,margin
gemma4-12b,qwen3-32b,geometry_of_truth,517,9,0.017408123791102514,1000,0.421,0.8230533683289588,0.9429133858267716,0.32983377077865267,0.9429133858267716,0.0,0.0,0.421,0.019230769230769232,0.1111111111111111,0.422,0.04854368932038835,0.5555555555555556,0.426,0.15384615384615385,0.4444444444444444,0.425,0.1346153846153846,0.7777777777777778,0.428,0.08737864077669903,1.0,0.43,0.0,0.0,0.421,0.0,0.0,0.421,0.019417475728155338,0.2222222222222222,0.423,0.15384615384615385,0.4444444444444444,0.425,0.1346153846153846,0.7777777777777778,0.428,0.08737864077669903,1.0,0.43,anomaly
gemma4-12b,qwen3-32b,imdb,346,28,0.08092485549132948,1018,0.3575638506876228,0.6540880503144654,0.5125786163522013,0.3468104222821204,0.6540880503144654,0.35294117647058826,0.21428571428571427,0.36345776031434185,0.22857142857142856,0.2857142857142857,0.3654223968565815,0.17391304347826086,0.42857142857142855,0.3693516699410609,0.0,0.0,0.3575638506876228,0.0,0.0,0.3575638506876228,0.043478260869565216,0.10714285714285714,0.3605108055009823,0.11764705882352941,0.07142857142857142,0.35952848722986247,0.05714285714285714,0.07142857142857142,0.35952848722986247,0.028985507246376812,0.07142857142857142,0.35952848722986247,0.35294117647058826,0.21428571428571427,0.36345776031434185,0.22857142857142856,0.2857142857142857,0.3654223968565815,0.17391304347826086,0.42857142857142855,0.3693516699410609,margin
gemma4-12b,qwen3-32b,rte,41,16,0.3902439024390244,62,0.4838709677419355,0.7925,0.47250000000000003,0.705,0.7925,0.5,0.0625,0.5,0.75,0.1875,0.532258064516129,0.75,0.375,0.5806451612903226,0.0,0.0,0.4838709677419355,0.0,0.0,0.4838709677419355,0.25,0.125,0.5161290322580645,1.0,0.125,0.5161290322580645,1.0,0.25,0.5483870967741935,0.875,0.4375,0.5967741935483871,0.5,0.0625,0.5,0.75,0.1875,0.532258064516129,0.75,0.375,0.5806451612903226,margin
gemma4-12b,qwen3-32b,truthfulqa,193,42,0.21761658031088082,327,0.43119266055045874,0.5793125197098707,0.5228634500157678,0.4135919268369599,0.5793125197098707,0.2,0.047619047619047616,0.43730886850152906,0.2631578947368421,0.11904761904761904,0.44648318042813456,0.2564102564102564,0.23809523809523808,0.4617737003058104,0.3,0.07142857142857142,0.44036697247706424,0.2631578947368421,0.11904761904761904,0.44648318042813456,0.28205128205128205,0.2619047619047619,0.4648318042813456,0.1,0.023809523809523808,0.43425076452599387,0.10526315789473684,0.047619047619047616,0.43730886850152906,0.10256410256410256,0.09523809523809523,0.4434250764525994,0.2,0.047619047619047616,0.43730886850152906,0.2631578947368421,0.11904761904761904,0.44648318042813456,0.2564102564102564,0.23809523809523808,0.4617737003058104,margin
gemma4-12b,qwen38-27b,boolq,419,26,0.06205250596658711,475,0.5873684210526315,0.6963202192209825,0.4775885691916226,0.4188686631434723,0.6963202192209825,0.14285714285714285,0.11538461538461539,0.5936842105263158,0.11904761904761904,0.19230769230769232,0.5978947368421053,0.10714285714285714,0.34615384615384615,0.6063157894736843,0.047619047619047616,0.038461538461538464,0.5894736842105263,0.047619047619047616,0.07692307692307693,0.5915789473684211,0.07142857142857142,0.23076923076923078,0.6,0.047619047619047616,0.038461538461538464,0.5894736842105263,0.023809523809523808,0.038461538461538464,0.5894736842105263,0.03571428571428571,0.11538461538461539,0.5936842105263158,0.14285714285714285,0.11538461538461539,0.5936842105263158,0.11904761904761904,0.19230769230769232,0.5978947368421053,0.10714285714285714,0.34615384615384615,0.6063157894736843,margin
gemma4-12b,qwen38-27b,geometry_of_truth,526,17,0.03231939163498099,1000,0.423,0.7825031780885242,0.9008436380446088,0.42170345544897725,0.9008436380446088,0.0,0.0,0.423,0.03773584905660377,0.11764705882352941,0.425,0.06666666666666667,0.4117647058823529,0.43,0.15384615384615385,0.23529411764705882,0.427,0.22641509433962265,0.7058823529411765,0.435,0.13333333333333333,0.8235294117647058,0.437,0.0,0.0,0.423,0.018867924528301886,0.058823529411764705,0.424,0.01904761904761905,0.11764705882352941,0.425,0.15384615384615385,0.23529411764705882,0.427,0.22641509433962265,0.7058823529411765,0.435,0.13333333333333333,0.8235294117647058,0.437,anomaly
gemma4-12b,qwen38-27b,rte,50,24,0.48,62,0.25806451612903225,0.7532051282051282,0.5176282051282051,0.6586538461538461,0.7532051282051282,0.0,0.0,0.25806451612903225,0.6,0.125,0.3064516129032258,0.7,0.2916666666666667,0.3709677419354839,1.0,0.08333333333333333,0.2903225806451613,0.6,0.125,0.3064516129032258,0.4,0.16666666666666666,0.3225806451612903,1.0,0.08333333333333333,0.2903225806451613,1.0,0.20833333333333334,0.3387096774193548,0.9,0.375,0.4032258064516129,0.0,0.0,0.25806451612903225,0.6,0.125,0.3064516129032258,0.7,0.2916666666666667,0.3709677419354839,margin
gemma4-12b,qwen38-27b,truthfulqa,210,63,0.3,327,0.4036697247706422,0.5328798185941043,0.5072886297376094,0.45578231292517,0.5328798185941043,0.4,0.06349206349206349,0.41590214067278286,0.23809523809523808,0.07936507936507936,0.41896024464831805,0.38095238095238093,0.25396825396825395,0.4525993883792049,0.5,0.07936507936507936,0.41896024464831805,0.42857142857142855,0.14285714285714285,0.43119266055045874,0.3333333333333333,0.2222222222222222,0.44648318042813456,0.1,0.015873015873015872,0.40672782874617736,0.09523809523809523,0.031746031746031744,0.40978593272171254,0.19047619047619047,0.12698412698412698,0.42813455657492355,0.4,0.06349206349206349,0.41590214067278286,0.23809523809523808,0.07936507936507936,0.41896024464831805,0.38095238095238093,0.25396825396825395,0.4525993883792049,margin
gemma4-12b-base,gemma4-12b,boolq,664,203,0.3057228915662651,475,0.1936842105263158,0.5970101407306883,0.44188581259416776,0.5712682859066284,0.5970101407306883,0.30303030303030304,0.04926108374384237,0.21473684210526317,0.3484848484848485,0.11330049261083744,0.24210526315789474,0.3609022556390977,0.23645320197044334,0.29473684210526313,0.24242424242424243,0.03940886699507389,0.21052631578947367,0.21212121212121213,0.06896551724137931,0.2231578947368421,0.22556390977443608,0.1477832512315271,0.25684210526315787,0.24242424242424243,0.03940886699507389,0.21052631578947367,0.30303030303030304,0.09852216748768473,0.23578947368421052,0.37593984962406013,0.24630541871921183,0.29894736842105263,0.30303030303030304,0.04926108374384237,0.21473684210526317,0.3484848484848485,0.11330049261083744,0.24210526315789474,0.3609022556390977,0.23645320197044334,0.29473684210526313,margin
gemma4-12b-base,gemma4-12b,geometry_of_truth,493,24,0.0486815415821501,1000,0.455,0.6784825870646766,0.8919687277896233,0.27842928216062546,0.8919687277896233,0.0,0.0,0.455,0.02040816326530612,0.041666666666666664,0.456,0.09090909090909091,0.375,0.464,0.2,0.20833333333333334,0.46,0.24489795918367346,0.5,0.467,0.1919191919191919,0.7916666666666666,0.474,0.0,0.0,0.455,0.0,0.0,0.455,0.0,0.0,0.455,0.2,0.20833333333333334,0.46,0.24489795918367346,0.5,0.467,0.1919191919191919,0.7916666666666666,0.474,anomaly
gemma4-12b-base,gemma4-12b,imdb,430,179,0.41627906976744183,1018,0.15913555992141454,0.4611275568118587,0.32164081105744624,0.568029557746667,0.568029557746667,0.45454545454545453,0.055865921787709494,0.16895874263261296,0.4186046511627907,0.1005586592178771,0.17681728880157171,0.3953488372093023,0.18994413407821228,0.1925343811394892,0.18181818181818182,0.0223463687150838,0.16306483300589392,0.23255813953488372,0.055865921787709494,0.16895874263261296,0.22093023255813954,0.10614525139664804,0.17779960707269155,0.36363636363636365,0.0446927374301676,0.16699410609037327,0.46511627906976744,0.11173184357541899,0.1787819253438114,0.4186046511627907,0.2011173184357542,0.1944990176817289,0.36363636363636365,0.0446927374301676,0.16699410609037327,0.46511627906976744,0.11173184357541899,0.1787819253438114,0.4186046511627907,0.2011173184357542,0.1944990176817289,spread
gemma4-12b-base,gemma4-12b,rte,52,26,0.5,62,0.2903225806451613,0.5192307692307692,0.5636094674556212,0.47781065088757396,0.5636094674556212,0.6666666666666666,0.07692307692307693,0.3225806451612903,0.6,0.11538461538461539,0.3387096774193548,0.4,0.15384615384615385,0.3548387096774194,0.6666666666666666,0.07692307692307693,0.3225806451612903,0.6,0.11538461538461539,0.3387096774193548,0.6,0.23076923076923078,0.3870967741935484,0.6666666666666666,0.07692307692307693,0.3225806451612903,0.4,0.07692307692307693,0.3225806451612903,0.5,0.19230769230769232,0.3709677419354839,0.6666666666666666,0.07692307692307693,0.3225806451612903,0.6,0.11538461538461539,0.3387096774193548,0.6,0.23076923076923078,0.3870967741935484,anomaly
gemma4-12b-base,gemma4-12b,truthfulqa,179,41,0.22905027932960895,327,0.41284403669724773,0.651643690349947,0.6610109579356663,0.4717214563449983,0.6610109579356663,0.2222222222222222,0.04878048780487805,0.41896024464831805,0.2777777777777778,0.12195121951219512,0.42813455657492355,0.3333333333333333,0.2926829268292683,0.44954128440366975,0.2222222222222222,0.04878048780487805,0.41896024464831805,0.3333333333333333,0.14634146341463414,0.43119266055045874,0.3333333333333333,0.2926829268292683,0.44954128440366975,0.1111111111111111,0.024390243902439025,0.41590214067278286,0.05555555555555555,0.024390243902439025,0.41590214067278286,0.16666666666666666,0.14634146341463414,0.43119266055045874,0.2222222222222222,0.04878048780487805,0.41896024464831805,0.3333333333333333,0.14634146341463414,0.43119266055045874,0.3333333333333333,0.2926829268292683,0.44954128440366975,anomaly
gemma4-12b-base,gemma4-31b,boolq,624,83,0.1330128205128205,475,0.4378947368421053,0.7010890140970536,0.44861145135068925,0.48863104915039085,0.7010890140970536,0.3225806451612903,0.12048192771084337,0.4589473684210526,0.27419354838709675,0.20481927710843373,0.47368421052631576,0.256,0.3855421686746988,0.5052631578947369,0.03225806451612903,0.012048192771084338,0.44,0.04838709677419355,0.03614457831325301,0.4442105263157895,0.112,0.1686746987951807,0.4673684210526316,0.12903225806451613,0.04819277108433735,0.4463157894736842,0.11290322580645161,0.08433734939759036,0.45263157894736844,0.112,0.1686746987951807,0.4673684210526316,0.3225806451612903,0.12048192771084337,0.4589473684210526,0.27419354838709675,0.20481927710843373,0.47368421052631576,0.256,0.3855421686746988,0.5052631578947369,margin
gemma4-12b-base,gemma4-31b,geometry_of_truth,724,5,0.006906077348066298,1000,0.22,0.8422809457579973,0.9891515994436718,0.6503477051460362,0.9891515994436718,0.0,0.0,0.22,0.041666666666666664,0.6,0.223,0.020689655172413793,0.6,0.223,0.1388888888888889,1.0,0.225,0.06944444444444445,1.0,0.225,0.034482758620689655,1.0,0.225,0.0,0.0,0.22,0.0,0.0,0.22,0.0,0.0,0.22,0.1388888888888889,1.0,0.225,0.06944444444444445,1.0,0.225,0.034482758620689655,1.0,0.225,anomaly
gemma4-12b-base,gemma4-31b,rte,57,28,0.49122807017543857,62,0.1774193548387097,0.5751231527093595,0.5455665024630542,0.4285714285714286,0.5751231527093595,1.0,0.10714285714285714,0.22580645161290322,0.6666666666666666,0.14285714285714285,0.24193548387096775,0.5454545454545454,0.21428571428571427,0.27419354838709675,0.6666666666666666,0.07142857142857142,0.20967741935483872,0.6666666666666666,0.14285714285714285,0.24193548387096775,0.5454545454545454,0.21428571428571427,0.27419354838709675,0.6666666666666666,0.07142857142857142,0.20967741935483872,0.6666666666666666,0.14285714285714285,0.24193548387096775,0.45454545454545453,0.17857142857142858,0.25806451612903225,1.0,0.10714285714285714,0.22580645161290322,0.6666666666666666,0.14285714285714285,0.24193548387096775,0.5454545454545454,0.21428571428571427,0.27419354838709675,margin
gemma4-12b-base,gemma4-31b,truthfulqa,193,35,0.18134715025906736,327,0.3394495412844037,0.6757685352622061,0.6806509945750452,0.3840867992766726,0.6806509945750452,0.1,0.02857142857142857,0.3425076452599388,0.2631578947368421,0.14285714285714285,0.3547400611620795,0.28205128205128205,0.3142857142857143,0.3730886850152905,0.4,0.11428571428571428,0.3516819571865443,0.3684210526315789,0.2,0.36085626911314983,0.28205128205128205,0.3142857142857143,0.3730886850152905,0.0,0.0,0.3394495412844037,0.05263157894736842,0.02857142857142857,0.3425076452599388,0.05128205128205128,0.05714285714285714,0.345565749235474,0.4,0.11428571428571428,0.3516819571865443,0.3684210526315789,0.2,0.36085626911314983,0.28205128205128205,0.3142857142857143,0.3730886850152905,anomaly
gemma4-12b-base,qwen3-32b,boolq,629,65,0.10333863275039745,475,0.4231578947368421,0.7408892525913803,0.5406164757228588,0.4698308783415166,0.7408892525913803,0.1935483870967742,0.09230769230769231,0.4357894736842105,0.31746031746031744,0.3076923076923077,0.4652631578947368,0.2619047619047619,0.5076923076923077,0.4926315789473684,0.0,0.0,0.4231578947368421,0.09523809523809523,0.09230769230769231,0.4357894736842105,0.1349206349206349,0.26153846153846155,0.4589473684210526,0.0,0.0,0.4231578947368421,0.031746031746031744,0.03076923076923077,0.42736842105263156,0.0873015873015873,0.16923076923076924,0.4463157894736842,0.1935483870967742,0.09230769230769231,0.4357894736842105,0.31746031746031744,0.3076923076923077,0.4652631578947368,0.2619047619047619,0.5076923076923077,0.4926315789473684,margin
gemma4-12b-base,qwen3-32b,geometry_of_truth,971,25,0.025746652935118436,1000,0.074,0.7610570824524312,0.8983509513742072,0.45230443974630025,0.8983509513742072,0.1836734693877551,0.36,0.083,0.13402061855670103,0.52,0.087,0.07731958762886598,0.6,0.089,0.14285714285714285,0.28,0.081,0.15463917525773196,0.6,0.089,0.10309278350515463,0.8,0.094,0.0,0.0,0.074,0.020618556701030927,0.08,0.076,0.010309278350515464,0.08,0.076,0.14285714285714285,0.28,0.081,0.15463917525773196,0.6,0.089,0.10309278350515463,0.8,0.094,anomaly
gemma4-12b-base,qwen3-32b,imdb,352,25,0.07102272727272728,1018,0.25343811394891946,0.6309480122324159,0.5480122324159021,0.43730886850152906,0.6309480122324159,0.1111111111111111,0.08,0.2554027504911591,0.14285714285714285,0.2,0.2583497053045187,0.12857142857142856,0.36,0.26227897838899805,0.0,0.0,0.25343811394891946,0.0,0.0,0.25343811394891946,0.05714285714285714,0.16,0.25736738703339884,0.16666666666666666,0.12,0.25638506876227896,0.11428571428571428,0.16,0.25736738703339884,0.07142857142857142,0.2,0.2583497053045187,0.1111111111111111,0.08,0.2554027504911591,0.14285714285714285,0.2,0.2583497053045187,0.12857142857142856,0.36,0.26227897838899805,margin
gemma4-12b-base,qwen3-32b,rte,57,18,0.3157894736842105,62,0.2903225806451613,0.7962962962962963,0.5384615384615385,0.6851851851851852,0.7962962962962963,0.6666666666666666,0.1111111111111111,0.3225806451612903,0.5,0.16666666666666666,0.3387096774193548,0.5454545454545454,0.3333333333333333,0.3870967741935484,0.0,0.0,0.2903225806451613,0.0,0.0,0.2903225806451613,0.2727272727272727,0.16666666666666666,0.3387096774193548,0.6666666666666666,0.1111111111111111,0.3225806451612903,0.5,0.16666666666666666,0.3387096774193548,0.5454545454545454,0.3333333333333333,0.3870967741935484,0.6666666666666666,0.1111111111111111,0.3225806451612903,0.5,0.16666666666666666,0.3387096774193548,0.5454545454545454,0.3333333333333333,0.3870967741935484,margin
gemma4-12b-base,qwen3-32b,truthfulqa,171,27,0.15789473684210525,327,0.2996941896024465,0.5599279835390947,0.49151234567901236,0.3325617283950617,0.5599279835390947,0.1111111111111111,0.037037037037037035,0.30275229357798167,0.29411764705882354,0.18518518518518517,0.3149847094801223,0.23529411764705882,0.2962962962962963,0.3241590214067278,0.2222222222222222,0.07407407407407407,0.3058103975535168,0.17647058823529413,0.1111111111111111,0.308868501529052,0.20588235294117646,0.25925925925925924,0.3211009174311927,0.0,0.0,0.2996941896024465,0.0,0.0,0.2996941896024465,0.029411764705882353,0.037037037037037035,0.30275229357798167,0.1111111111111111,0.037037037037037035,0.30275229357798167,0.29411764705882354,0.18518518518518517,0.3149847094801223,0.23529411764705882,0.2962962962962963,0.3241590214067278,margin
gemma4-12b-base,qwen38-27b,boolq,562,34,0.060498220640569395,475,0.4863157894736842,0.6770833333333334,0.48406862745098045,0.35834447415329773,0.6770833333333334,0.10714285714285714,0.08823529411764706,0.4926315789473684,0.125,0.20588235294117646,0.5010526315789474,0.125,0.4117647058823529,0.5157894736842106,0.03571428571428571,0.029411764705882353,0.4884210526315789,0.03571428571428571,0.058823529411764705,0.4905263157894737,0.044642857142857144,0.14705882352941177,0.4968421052631579,0.0,0.0,0.4863157894736842,0.017857142857142856,0.029411764705882353,0.4884210526315789,0.03571428571428571,0.11764705882352941,0.49473684210526314,0.10714285714285714,0.08823529411764706,0.4926315789473684,0.125,0.20588235294117646,0.5010526315789474,0.125,0.4117647058823529,0.5157894736842106,margin
gemma4-12b-base,qwen38-27b,geometry_of_truth,988,36,0.03643724696356275,1000,0.07,0.7129143323996265,0.9267915499533147,0.2678863211951447,0.9267915499533147,0.24489795918367346,0.3333333333333333,0.082,0.18181818181818182,0.5,0.088,0.11616161616161616,0.6388888888888888,0.093,0.2857142857142857,0.3888888888888889,0.084,0.24242424242424243,0.6666666666666666,0.094,0.15656565656565657,0.8611111111111112,0.101,0.02040816326530612,0.027777777777777776,0.071,0.010101010101010102,0.027777777777777776,0.071,0.020202020202020204,0.1111111111111111,0.074,0.2857142857142857,0.3888888888888889,0.084,0.24242424242424243,0.6666666666666666,0.094,0.15656565656565657,0.8611111111111112,0.101,anomaly
gemma4-12b-base,qwen38-27b,rte,63,23,0.36507936507936506,62,0.16129032258064516,0.798913043478261,0.6130434782608696,0.7021739130434783,0.798913043478261,0.6666666666666666,0.08695652173913043,0.1935483870967742,0.8333333333333334,0.21739130434782608,0.24193548387096775,0.5384615384615384,0.30434782608695654,0.27419354838709675,1.0,0.13043478260869565,0.20967741935483872,0.6666666666666666,0.17391304347826086,0.22580645161290322,0.46153846153846156,0.2608695652173913,0.25806451612903225,0.3333333333333333,0.043478260869565216,0.1774193548387097,0.5,0.13043478260869565,0.20967741935483872,0.5384615384615384,0.30434782608695654,0.27419354838709675,0.6666666666666666,0.08695652173913043,0.1935483870967742,0.8333333333333334,0.21739130434782608,0.24193548387096775,0.5384615384615384,0.30434782608695654,0.27419354838709675,margin
gemma4-12b-base,qwen38-27b,truthfulqa,174,38,0.21839080459770116,327,0.3333333333333333,0.530766253869969,0.5561145510835913,0.41505417956656343,0.5561145510835913,0.1111111111111111,0.02631578947368421,0.3363914373088685,0.23529411764705882,0.10526315789473684,0.345565749235474,0.2571428571428571,0.23684210526315788,0.36085626911314983,0.2222222222222222,0.05263157894736842,0.3394495412844037,0.29411764705882354,0.13157894736842105,0.3486238532110092,0.2571428571428571,0.23684210526315788,0.36085626911314983,0.0,0.0,0.3333333333333333,0.058823529411764705,0.02631578947368421,0.3363914373088685,0.02857142857142857,0.02631578947368421,0.3363914373088685,0.2222222222222222,0.05263157894736842,0.3394495412844037,0.29411764705882354,0.13157894736842105,0.3486238532110092,0.2571428571428571,0.23684210526315788,0.36085626911314983,anomaly
gemma4-31b,qwen3-32b,boolq,630,57,0.09047619047619047,475,0.2631578947368421,0.7348519641162242,0.48782952144759806,0.4778481981568231,0.7348519641162242,0.25,0.14035087719298245,0.28,0.2222222222222222,0.24561403508771928,0.2926315789473684,0.1984126984126984,0.43859649122807015,0.3157894736842105,0.0625,0.03508771929824561,0.2673684210526316,0.07936507936507936,0.08771929824561403,0.2736842105263158,0.0873015873015873,0.19298245614035087,0.2863157894736842,0.03125,0.017543859649122806,0.26526315789473687,0.047619047619047616,0.05263157894736842,0.2694736842105263,0.07142857142857142,0.15789473684210525,0.28210526315789475,0.25,0.14035087719298245,0.28,0.2222222222222222,0.24561403508771928,0.2926315789473684,0.1984126984126984,0.43859649122807015,0.3157894736842105,margin
gemma4-31b,qwen3-32b,geometry_of_truth,753,6,0.00796812749003984,1000,0.154,0.892904953145917,0.9823739402052656,0.7753235162873718,0.9823739402052656,0.0,0.0,0.154,0.05333333333333334,0.6666666666666666,0.158,0.033112582781456956,0.8333333333333334,0.159,0.13157894736842105,0.8333333333333334,0.159,0.08,1.0,0.16,0.039735099337748346,1.0,0.16,0.0,0.0,0.154,0.04,0.5,0.157,0.026490066225165563,0.6666666666666666,0.158,0.13157894736842105,0.8333333333333334,0.159,0.08,1.0,0.16,0.039735099337748346,1.0,0.16,anomaly
gemma4-31b,qwen3-32b,rte,45,17,0.37777777777777777,62,0.4032258064516129,0.7857142857142857,0.5,0.5441176470588236,0.7857142857142857,0.5,0.058823529411764705,0.41935483870967744,0.5,0.11764705882352941,0.43548387096774194,0.5555555555555556,0.29411764705882354,0.4838709677419355,0.5,0.058823529411764705,0.41935483870967744,0.25,0.058823529411764705,0.41935483870967744,0.2222222222222222,0.11764705882352941,0.43548387096774194,0.0,0.0,0.4032258064516129,0.25,0.058823529411764705,0.41935483870967744,0.6666666666666666,0.35294117647058826,0.5,0.5,0.058823529411764705,0.41935483870967744,0.5,0.11764705882352941,0.43548387096774194,0.5555555555555556,0.29411764705882354,0.4838709677419355,margin
gemma4-31b,qwen3-32b,truthfulqa,206,37,0.1796116504854369,327,0.3516819571865443,0.7326083479929634,0.5510954741723972,0.45290260674876065,0.7326083479929634,0.3,0.08108108108108109,0.36085626911314983,0.3333333333333333,0.1891891891891892,0.3730886850152905,0.34146341463414637,0.3783783783783784,0.3944954128440367,0.4,0.10810810810810811,0.363914373088685,0.2857142857142857,0.16216216216216217,0.37003058103975534,0.2926829268292683,0.32432432432432434,0.38837920489296635,0.1,0.02702702702702703,0.3547400611620795,0.14285714285714285,0.08108108108108109,0.36085626911314983,0.14634146341463414,0.16216216216216217,0.37003058103975534,0.3,0.08108108108108109,0.36085626911314983,0.3333333333333333,0.1891891891891892,0.3730886850152905,0.34146341463414637,0.3783783783783784,0.3944954128440367,margin
llama-8b,gemma4-12b,boolq,405,58,0.14320987654320988,475,0.5726315789473684,0.6377819735665309,0.42114677531551226,0.46611348504422145,0.6377819735665309,0.15,0.05172413793103448,0.5789473684210527,0.15,0.10344827586206896,0.5852631578947368,0.20987654320987653,0.29310344827586204,0.608421052631579,0.15,0.05172413793103448,0.5789473684210527,0.1,0.06896551724137931,0.5810526315789474,0.1111111111111111,0.15517241379310345,0.5915789473684211,0.25,0.08620689655172414,0.5831578947368421,0.15,0.10344827586206896,0.5852631578947368,0.13580246913580246,0.1896551724137931,0.5957894736842105,0.15,0.05172413793103448,0.5789473684210527,0.15,0.10344827586206896,0.5852631578947368,0.20987654320987653,0.29310344827586204,0.608421052631579,margin
llama-8b,gemma4-12b,geometry_of_truth,549,48,0.08743169398907104,1000,0.435,0.6734031936127745,0.8406520292747838,0.33308383233532934,0.8406520292747838,0.07407407407407407,0.041666666666666664,0.437,0.16363636363636364,0.1875,0.444,0.14545454545454545,0.3333333333333333,0.451,0.2222222222222222,0.125,0.441,0.3090909090909091,0.3541666666666667,0.452,0.2727272727272727,0.625,0.465,0.037037037037037035,0.020833333333333332,0.436,0.01818181818181818,0.020833333333333332,0.436,0.01818181818181818,0.041666666666666664,0.437,0.2222222222222222,0.125,0.441,0.3090909090909091,0.3541666666666667,0.452,0.2727272727272727,0.625,0.465,anomaly
llama-8b,gemma4-12b,imdb,365,38,0.10410958904109589,1018,0.35461689587426326,0.6467889908256881,0.4385964912280702,0.365684854337679,0.6467889908256881,0.3333333333333333,0.15789473684210525,0.3605108055009823,0.3055555555555556,0.2894736842105263,0.3654223968565815,0.1917808219178082,0.3684210526315789,0.36836935166994106,0.05555555555555555,0.02631578947368421,0.3555992141453831,0.08333333333333333,0.07894736842105263,0.3575638506876228,0.0821917808219178,0.15789473684210525,0.3605108055009823,0.2777777777777778,0.13157894736842105,0.35952848722986247,0.1388888888888889,0.13157894736842105,0.35952848722986247,0.0684931506849315,0.13157894736842105,0.35952848722986247,0.3333333333333333,0.15789473684210525,0.3605108055009823,0.3055555555555556,0.2894736842105263,0.3654223968565815,0.1917808219178082,0.3684210526315789,0.36836935166994106,margin
llama-8b,gemma4-12b,rte,48,22,0.4583333333333333,62,0.3709677419354839,0.6083916083916083,0.5192307692307692,0.5699300699300699,0.6083916083916083,0.5,0.045454545454545456,0.3870967741935484,0.8,0.18181818181818182,0.43548387096774194,0.6,0.2727272727272727,0.46774193548387094,0.5,0.045454545454545456,0.3870967741935484,0.6,0.13636363636363635,0.41935483870967744,0.6,0.2727272727272727,0.46774193548387094,1.0,0.09090909090909091,0.4032258064516129,0.8,0.18181818181818182,0.43548387096774194,0.5,0.22727272727272727,0.45161290322580644,0.5,0.045454545454545456,0.3870967741935484,0.8,0.18181818181818182,0.43548387096774194,0.6,0.2727272727272727,0.46774193548387094,margin
llama-8b,gemma4-12b,truthfulqa,201,45,0.22388059701492538,327,0.41896024464831805,0.6264957264957265,0.673076923076923,0.5017094017094017,0.673076923076923,0.6,0.13333333333333333,0.43730886850152906,0.45,0.2,0.44648318042813456,0.35,0.3111111111111111,0.4617737003058104,0.2,0.044444444444444446,0.42507645259938837,0.35,0.15555555555555556,0.44036697247706424,0.325,0.28888888888888886,0.45871559633027525,0.2,0.044444444444444446,0.42507645259938837,0.2,0.08888888888888889,0.43119266055045874,0.3,0.26666666666666666,0.45565749235474007,0.2,0.044444444444444446,0.42507645259938837,0.35,0.15555555555555556,0.44036697247706424,0.325,0.28888888888888886,0.45871559633027525,anomaly
llama-8b,gemma4-12b-base,boolq,540,68,0.1259259259259259,475,0.4631578947368421,0.7007103688933201,0.4208000997008974,0.4256293619142572,0.7007103688933201,0.18518518518518517,0.07352941176470588,0.47368421052631576,0.2777777777777778,0.22058823529411764,0.49473684210526314,0.23148148148148148,0.36764705882352944,0.5157894736842106,0.037037037037037035,0.014705882352941176,0.4652631578947368,0.05555555555555555,0.04411764705882353,0.4694736842105263,0.1111111111111111,0.17647058823529413,0.4884210526315789,0.07407407407407407,0.029411764705882353,0.4673684210526316,0.07407407407407407,0.058823529411764705,0.47157894736842104,0.06481481481481481,0.10294117647058823,0.47789473684210526,0.18518518518518517,0.07352941176470588,0.47368421052631576,0.2777777777777778,0.22058823529411764,0.49473684210526314,0.23148148148148148,0.36764705882352944,0.5157894736842106,margin
llama-8b,gemma4-12b-base,geometry_of_truth,1000,79,0.079,1000,0.058,0.691419618191564,0.8674115916931239,0.20566527852224467,0.8674115916931239,0.24,0.1518987341772152,0.07,0.22,0.27848101265822783,0.08,0.16,0.4050632911392405,0.09,0.24,0.1518987341772152,0.07,0.25,0.31645569620253167,0.083,0.25,0.6329113924050633,0.108,0.02,0.012658227848101266,0.059,0.03,0.0379746835443038,0.061,0.015,0.0379746835443038,0.061,0.24,0.1518987341772152,0.07,0.25,0.31645569620253167,0.083,0.25,0.6329113924050633,0.108,anomaly
llama-8b,gemma4-12b-base,imdb,368,32,0.08695652173913043,1018,0.25638506876227896,0.5899367559523809,0.521298363095238,0.49228050595238093,0.5899367559523809,0.2777777777777778,0.15625,0.26129666011787817,0.21621621621621623,0.25,0.2642436149312377,0.12162162162162163,0.28125,0.26522593320235754,0.0,0.0,0.25638506876227896,0.0,0.0,0.25638506876227896,0.06756756756756757,0.15625,0.26129666011787817,0.3333333333333333,0.1875,0.26227897838899805,0.16216216216216217,0.1875,0.26227897838899805,0.08108108108108109,0.1875,0.26227897838899805,0.2777777777777778,0.15625,0.26129666011787817,0.21621621621621623,0.25,0.2642436149312377,0.12162162162162163,0.28125,0.26522593320235754,margin
llama-8b,gemma4-12b-base,rte,61,23,0.3770491803278688,62,0.20967741935483872,0.5457665903890161,0.5961098398169337,0.5102974828375286,0.5961098398169337,0.6666666666666666,0.08695652173913043,0.24193548387096775,0.5,0.13043478260869565,0.25806451612903225,0.4166666666666667,0.21739130434782608,0.2903225806451613,0.6666666666666666,0.08695652173913043,0.24193548387096775,0.6666666666666666,0.17391304347826086,0.27419354838709675,0.5,0.2608695652173913,0.3064516129032258,0.0,0.0,0.20967741935483872,0.3333333333333333,0.08695652173913043,0.24193548387096775,0.4166666666666667,0.21739130434782608,0.2903225806451613,0.6666666666666666,0.08695652173913043,0.24193548387096775,0.6666666666666666,0.17391304347826086,0.27419354838709675,0.5,0.2608695652173913,0.3064516129032258,anomaly
llama-8b,gemma4-12b-base,truthfulqa,192,28,0.14583333333333334,327,0.2996941896024465,0.6837979094076654,0.7060104529616724,0.5775261324041813,0.7060104529616724,0.2,0.07142857142857142,0.3058103975535168,0.2631578947368421,0.17857142857142858,0.3149847094801223,0.2631578947368421,0.35714285714285715,0.3302752293577982,0.3,0.10714285714285714,0.308868501529052,0.3684210526315789,0.25,0.3211009174311927,0.2894736842105263,0.39285714285714285,0.3333333333333333,0.2,0.07142857142857142,0.3058103975535168,0.15789473684210525,0.10714285714285714,0.308868501529052,0.15789473684210525,0.21428571428571427,0.3180428134556575,0.3,0.10714285714285714,0.308868501529052,0.3684210526315789,0.25,0.3211009174311927,0.2894736842105263,0.39285714285714285,0.3333333333333333,anomaly
llama-8b,gemma4-31b,boolq,537,52,0.09683426443202979,475,0.3368421052631579,0.6691514670896114,0.49183187946074547,0.4501982553528945,0.6691514670896114,0.1111111111111111,0.057692307692307696,0.3431578947368421,0.24074074074074073,0.25,0.3642105263157895,0.14953271028037382,0.3076923076923077,0.3705263157894737,0.037037037037037035,0.019230769230769232,0.3389473684210526,0.05555555555555555,0.057692307692307696,0.3431578947368421,0.09345794392523364,0.19230769230769232,0.35789473684210527,0.037037037037037035,0.019230769230769232,0.3389473684210526,0.05555555555555555,0.057692307692307696,0.3431578947368421,0.06542056074766354,0.1346153846153846,0.35157894736842105,0.1111111111111111,0.057692307692307696,0.3431578947368421,0.24074074074074073,0.25,0.3642105263157895,0.14953271028037382,0.3076923076923077,0.3705263157894737,margin
llama-8b,gemma4-31b,geometry_of_truth,731,12,0.016415868673050615,1000,0.234,0.7243857209086695,0.9166666666666667,0.5047519703291609,0.9166666666666667,0.08108108108108109,0.25,0.237,0.0684931506849315,0.4166666666666667,0.239,0.04794520547945205,0.5833333333333334,0.241,0.2702702702702703,0.8333333333333334,0.244,0.136986301369863,0.8333333333333334,0.244,0.07534246575342465,0.9166666666666666,0.245,0.02702702702702703,0.08333333333333333,0.235,0.0136986301369863,0.08333333333333333,0.235,0.0273972602739726,0.3333333333333333,0.238,0.2702702702702703,0.8333333333333334,0.244,0.136986301369863,0.8333333333333334,0.244,0.07534246575342465,0.9166666666666666,0.245,anomaly
llama-8b,gemma4-31b,rte,51,22,0.43137254901960786,62,0.3225806451612903,0.6394984326018809,0.4780564263322884,0.5924764890282131,0.6394984326018809,0.6666666666666666,0.09090909090909091,0.3548387096774194,0.6,0.13636363636363635,0.3709677419354839,0.5,0.22727272727272727,0.4032258064516129,0.3333333333333333,0.045454545454545456,0.3387096774193548,0.4,0.09090909090909091,0.3548387096774194,0.4,0.18181818181818182,0.3870967741935484,0.3333333333333333,0.045454545454545456,0.3387096774193548,0.2,0.045454545454545456,0.3387096774193548,0.3,0.13636363636363635,0.3709677419354839,0.6666666666666666,0.09090909090909091,0.3548387096774194,0.6,0.13636363636363635,0.3709677419354839,0.5,0.22727272727272727,0.4032258064516129,margin
llama-8b,gemma4-31b,truthfulqa,214,39,0.1822429906542056,327,0.345565749235474,0.696996336996337,0.672967032967033,0.37465201465201464,0.696996336996337,0.36363636363636365,0.10256410256410256,0.3577981651376147,0.38095238095238093,0.20512820512820512,0.37003058103975534,0.32558139534883723,0.358974358974359,0.38837920489296635,0.36363636363636365,0.10256410256410256,0.3577981651376147,0.23809523809523808,0.1282051282051282,0.36085626911314983,0.27906976744186046,0.3076923076923077,0.382262996941896,0.09090909090909091,0.02564102564102564,0.3486238532110092,0.047619047619047616,0.02564102564102564,0.3486238532110092,0.046511627906976744,0.05128205128205128,0.3516819571865443,0.36363636363636365,0.10256410256410256,0.3577981651376147,0.38095238095238093,0.20512820512820512,0.37003058103975534,0.32558139534883723,0.358974358974359,0.38837920489296635,margin
llama-8b,qwen3-32b,boolq,607,57,0.09390444810543658,475,0.22526315789473683,0.7206379585326954,0.4703030303030303,0.5102711323763955,0.7206379585326954,0.1,0.05263157894736842,0.23157894736842105,0.16393442622950818,0.17543859649122806,0.2463157894736842,0.19008264462809918,0.40350877192982454,0.2736842105263158,0.03333333333333333,0.017543859649122806,0.22736842105263158,0.06557377049180328,0.07017543859649122,0.2336842105263158,0.08264462809917356,0.17543859649122806,0.2463157894736842,0.1,0.05263157894736842,0.23157894736842105,0.14754098360655737,0.15789473684210525,0.24421052631578946,0.09917355371900827,0.21052631578947367,0.2505263157894737,0.1,0.05263157894736842,0.23157894736842105,0.16393442622950818,0.17543859649122806,0.2463157894736842,0.19008264462809918,0.40350877192982454,0.2736842105263158,margin
llama-8b,qwen3-32b,geometry_of_truth,992,29,0.029233870967741934,1000,0.094,0.6713574676836037,0.893687112829878,0.4676836036810255,0.893687112829878,0.06,0.10344827586206896,0.097,0.08080808080808081,0.27586206896551724,0.102,0.0707070707070707,0.4827586206896552,0.108,0.18,0.3103448275862069,0.103,0.16161616161616163,0.5517241379310345,0.11,0.11616161616161616,0.7931034482758621,0.117,0.0,0.0,0.094,0.010101010101010102,0.034482758620689655,0.095,0.030303030303030304,0.20689655172413793,0.1,0.18,0.3103448275862069,0.103,0.16161616161616163,0.5517241379310345,0.11,0.11616161616161616,0.7931034482758621,0.117,anomaly
llama-8b,qwen3-32b,imdb,965,76,0.07875647668393783,1018,0.07170923379174853,0.8004262625066604,0.5118702267479723,0.5014800781481261,0.8004262625066604,0.2916666666666667,0.18421052631578946,0.08546168958742632,0.34375,0.4342105263157895,0.10412573673870335,0.2538860103626943,0.6447368421052632,0.11984282907662082,0.0625,0.039473684210526314,0.07465618860510806,0.03125,0.039473684210526314,0.07465618860510806,0.07772020725388601,0.19736842105263158,0.08644400785854617,0.125,0.07894736842105263,0.07760314341846758,0.07291666666666667,0.09210526315789473,0.07858546168958742,0.07772020725388601,0.19736842105263158,0.08644400785854617,0.2916666666666667,0.18421052631578946,0.08546168958742632,0.34375,0.4342105263157895,0.10412573673870335,0.2538860103626943,0.6447368421052632,0.11984282907662082,margin
llama-8b,qwen3-32b,rte,57,17,0.2982456140350877,62,0.27419354838709675,0.8279411764705882,0.4941176470588236,0.6794117647058824,0.8279411764705882,0.3333333333333333,0.058823529411764705,0.2903225806451613,0.6666666666666666,0.23529411764705882,0.3387096774193548,0.7272727272727273,0.47058823529411764,0.4032258064516129,0.3333333333333333,0.058823529411764705,0.2903225806451613,0.3333333333333333,0.11764705882352941,0.3064516129032258,0.36363636363636365,0.23529411764705882,0.3387096774193548,0.3333333333333333,0.058823529411764705,0.2903225806451613,0.3333333333333333,0.11764705882352941,0.3064516129032258,0.45454545454545453,0.29411764705882354,0.3548387096774194,0.3333333333333333,0.058823529411764705,0.2903225806451613,0.6666666666666666,0.23529411764705882,0.3387096774193548,0.7272727272727273,0.47058823529411764,0.4032258064516129,margin
llama-8b,qwen3-32b,truthfulqa,247,51,0.20647773279352227,327,0.1834862385321101,0.691376550620248,0.6230492196878751,0.43007202881152456,0.691376550620248,0.5833333333333334,0.13725490196078433,0.20489296636085627,0.44,0.21568627450980393,0.21712538226299694,0.3877551020408163,0.37254901960784315,0.2415902140672783,0.5,0.11764705882352941,0.2018348623853211,0.4,0.19607843137254902,0.21406727828746178,0.30612244897959184,0.29411764705882354,0.22935779816513763,0.08333333333333333,0.0196078431372549,0.18654434250764526,0.12,0.058823529411764705,0.1926605504587156,0.16326530612244897,0.1568627450980392,0.20795107033639143,0.5833333333333334,0.13725490196078433,0.20489296636085627,0.44,0.21568627450980393,0.21712538226299694,0.3877551020408163,0.37254901960784315,0.2415902140672783,margin
llama-8b,qwen3-8b,boolq,595,56,0.09411764705882353,475,0.24210526315789474,0.7088523721176782,0.46518022793533,0.48273919957593436,0.7088523721176782,0.1,0.05357142857142857,0.24842105263157896,0.08333333333333333,0.08928571428571429,0.25263157894736843,0.17647058823529413,0.375,0.2863157894736842,0.03333333333333333,0.017857142857142856,0.24421052631578946,0.03333333333333333,0.03571428571428571,0.2463157894736842,0.05042016806722689,0.10714285714285714,0.25473684210526315,0.13333333333333333,0.07142857142857142,0.2505263157894737,0.1,0.10714285714285714,0.25473684210526315,0.11764705882352941,0.25,0.27157894736842103,0.1,0.05357142857142857,0.24842105263157896,0.08333333333333333,0.08928571428571429,0.25263157894736843,0.17647058823529413,0.375,0.2863157894736842,margin
llama-8b,qwen3-8b,geometry_of_truth,971,26,0.026776519052523172,1000,0.096,0.6241758241758242,0.8790394790394791,0.36052096052096055,0.8790394790394791,0.04081632653061224,0.07692307692307693,0.098,0.061855670103092786,0.23076923076923078,0.102,0.04639175257731959,0.34615384615384615,0.105,0.08163265306122448,0.15384615384615385,0.1,0.12371134020618557,0.46153846153846156,0.108,0.0979381443298969,0.7307692307692307,0.115,0.0,0.0,0.096,0.0,0.0,0.096,0.005154639175257732,0.038461538461538464,0.097,0.08163265306122448,0.15384615384615385,0.1,0.12371134020618557,0.46153846153846156,0.108,0.0979381443298969,0.7307692307692307,0.115,anomaly
llama-8b,qwen3-8b,imdb,973,83,0.08530318602261049,1018,0.08447937131630648,0.8114119398944091,0.4779612833355895,0.571395695140111,0.8114119398944091,0.4489795918367347,0.26506024096385544,0.10609037328094302,0.35051546391752575,0.40963855421686746,0.11787819253438114,0.28205128205128205,0.6626506024096386,0.13850687622789784,0.061224489795918366,0.03614457831325301,0.08742632612966601,0.05154639175257732,0.060240963855421686,0.0893909626719057,0.05641025641025641,0.13253012048192772,0.09528487229862476,0.1836734693877551,0.10843373493975904,0.09332023575638507,0.12371134020618557,0.14457831325301204,0.0962671905697446,0.11794871794871795,0.27710843373493976,0.10707269155206287,0.4489795918367347,0.26506024096385544,0.10609037328094302,0.35051546391752575,0.40963855421686746,0.11787819253438114,0.28205128205128205,0.6626506024096386,0.13850687622789784,margin
llama-8b,qwen3-8b,rte,56,16,0.2857142857142857,62,0.3064516129032258,0.7640625,0.546875,0.5203125,0.7640625,0.6666666666666666,0.125,0.3387096774193548,0.3333333333333333,0.125,0.3387096774193548,0.5454545454545454,0.375,0.4032258064516129,0.3333333333333333,0.0625,0.3225806451612903,0.3333333333333333,0.125,0.3387096774193548,0.2727272727272727,0.1875,0.3548387096774194,0.3333333333333333,0.0625,0.3225806451612903,0.3333333333333333,0.125,0.3387096774193548,0.36363636363636365,0.25,0.3709677419354839,0.6666666666666666,0.125,0.3387096774193548,0.3333333333333333,0.125,0.3387096774193548,0.5454545454545454,0.375,0.4032258064516129,margin
llama-8b,qwen3-8b,truthfulqa,257,55,0.2140077821011673,327,0.22629969418960244,0.7171917191719172,0.6394239423942394,0.43591359135913593,0.7171917191719172,0.5384615384615384,0.12727272727272726,0.24770642201834864,0.46153846153846156,0.21818181818181817,0.26299694189602446,0.4117647058823529,0.38181818181818183,0.290519877675841,0.46153846153846156,0.10909090909090909,0.24464831804281345,0.38461538461538464,0.18181818181818182,0.25688073394495414,0.3137254901960784,0.2909090909090909,0.27522935779816515,0.15384615384615385,0.03636363636363636,0.2324159021406728,0.11538461538461539,0.05454545454545454,0.23547400611620795,0.11764705882352941,0.10909090909090909,0.24464831804281345,0.5384615384615384,0.12727272727272726,0.24770642201834864,0.46153846153846156,0.21818181818181817,0.26299694189602446,0.4117647058823529,0.38181818181818183,0.290519877675841,margin
llama-8b,qwen3-8b-base,boolq,536,57,0.10634328358208955,475,0.2336842105263158,0.686151704940849,0.4591803098560598,0.4989195326520895,0.686151704940849,0.25925925925925924,0.12280701754385964,0.24842105263157896,0.12962962962962962,0.12280701754385964,0.24842105263157896,0.19626168224299065,0.3684210526315789,0.27789473684210525,0.0,0.0,0.2336842105263158,0.037037037037037035,0.03508771929824561,0.23789473684210527,0.056074766355140186,0.10526315789473684,0.2463157894736842,0.1111111111111111,0.05263157894736842,0.24,0.1111111111111111,0.10526315789473684,0.2463157894736842,0.08411214953271028,0.15789473684210525,0.25263157894736843,0.25925925925925924,0.12280701754385964,0.24842105263157896,0.12962962962962962,0.12280701754385964,0.24842105263157896,0.19626168224299065,0.3684210526315789,0.27789473684210525,margin
llama-8b,qwen3-8b-base,geometry_of_truth,1041,71,0.06820365033621517,1000,0.065,0.7329751706112967,0.8749528096413532,0.6223319297226659,0.8749528096413532,0.21153846153846154,0.15492957746478872,0.076,0.20192307692307693,0.29577464788732394,0.086,0.14903846153846154,0.43661971830985913,0.096,0.17307692307692307,0.1267605633802817,0.074,0.2403846153846154,0.352112676056338,0.09,0.23557692307692307,0.6901408450704225,0.114,0.1346153846153846,0.09859154929577464,0.072,0.11538461538461539,0.16901408450704225,0.077,0.11057692307692307,0.323943661971831,0.088,0.17307692307692307,0.1267605633802817,0.074,0.2403846153846154,0.352112676056338,0.09,0.23557692307692307,0.6901408450704225,0.114,anomaly
llama-8b,qwen3-8b-base,imdb,963,78,0.08099688473520249,1018,0.08055009823182711,0.7536578299290163,0.5046791250181081,0.5427495291902071,0.7536578299290163,0.3333333333333333,0.20512820512820512,0.0962671905697446,0.3125,0.38461538461538464,0.1100196463654224,0.24870466321243523,0.6153846153846154,0.12770137524557956,0.041666666666666664,0.02564102564102564,0.0825147347740668,0.052083333333333336,0.0641025641025641,0.08546168958742632,0.05699481865284974,0.14102564102564102,0.09135559921414538,0.10416666666666667,0.0641025641025641,0.08546168958742632,0.14583333333333334,0.1794871794871795,0.09430255402750491,0.10880829015544041,0.2692307692307692,0.10117878192534381,0.3333333333333333,0.20512820512820512,0.0962671905697446,0.3125,0.38461538461538464,0.1100196463654224,0.24870466321243523,0.6153846153846154,0.12770137524557956,margin
llama-8b,qwen3-8b-base,rte,60,20,0.3333333333333333,62,0.1935483870967742,0.81875,0.58375,0.6637500000000001,0.81875,0.3333333333333333,0.05,0.20967741935483872,0.5,0.15,0.24193548387096775,0.75,0.45,0.3387096774193548,0.6666666666666666,0.1,0.22580645161290322,0.6666666666666666,0.2,0.25806451612903225,0.4166666666666667,0.25,0.27419354838709675,0.3333333333333333,0.05,0.20967741935483872,0.5,0.15,0.24193548387096775,0.4166666666666667,0.25,0.27419354838709675,0.3333333333333333,0.05,0.20967741935483872,0.5,0.15,0.24193548387096775,0.75,0.45,0.3387096774193548,margin
llama-8b,qwen3-8b-base,truthfulqa,225,41,0.18222222222222223,327,0.2874617737003058,0.7254772004241781,0.6891569459172853,0.5299575821845175,0.7254772004241781,0.5454545454545454,0.14634146341463414,0.3058103975535168,0.5454545454545454,0.2926829268292683,0.3241590214067278,0.4222222222222222,0.4634146341463415,0.345565749235474,0.2727272727272727,0.07317073170731707,0.2966360856269113,0.2727272727272727,0.14634146341463414,0.3058103975535168,0.24444444444444444,0.2682926829268293,0.3211009174311927,0.2727272727272727,0.07317073170731707,0.2966360856269113,0.2727272727272727,0.14634146341463414,0.3058103975535168,0.2,0.21951219512195122,0.3149847094801223,0.5454545454545454,0.14634146341463414,0.3058103975535168,0.5454545454545454,0.2926829268292683,0.3241590214067278,0.4222222222222222,0.4634146341463415,0.345565749235474,margin
llama-8b,qwen38-27b,boolq,592,45,0.07601351351351351,475,0.20842105263157895,0.6708917326833232,0.4081251269551086,0.48799512492382696,0.6708917326833232,0.06666666666666667,0.044444444444444446,0.21263157894736842,0.1016949152542373,0.13333333333333333,0.22105263157894736,0.1440677966101695,0.37777777777777777,0.24421052631578946,0.03333333333333333,0.022222222222222223,0.21052631578947367,0.03389830508474576,0.044444444444444446,0.21263157894736842,0.03389830508474576,0.08888888888888889,0.2168421052631579,0.03333333333333333,0.022222222222222223,0.21052631578947367,0.06779661016949153,0.08888888888888889,0.2168421052631579,0.07627118644067797,0.2,0.22736842105263158,0.06666666666666667,0.044444444444444446,0.21263157894736842,0.1016949152542373,0.13333333333333333,0.22105263157894736,0.1440677966101695,0.37777777777777777,0.24421052631578946,margin
llama-8b,qwen38-27b,geometry_of_truth,1012,45,0.044466403162055336,1000,0.08,0.6597035504998277,0.9133632080891647,0.5297024014707572,0.9133632080891647,0.0392156862745098,0.044444444444444446,0.082,0.06930693069306931,0.15555555555555556,0.087,0.06435643564356436,0.28888888888888886,0.093,0.27450980392156865,0.3111111111111111,0.094,0.26732673267326734,0.6,0.107,0.19801980198019803,0.8888888888888888,0.12,0.0392156862745098,0.044444444444444446,0.082,0.0594059405940594,0.13333333333333333,0.086,0.04455445544554455,0.2,0.089,0.27450980392156865,0.3111111111111111,0.094,0.26732673267326734,0.6,0.107,0.19801980198019803,0.8888888888888888,0.12,anomaly
llama-8b,qwen38-27b,rte,60,19,0.31666666666666665,62,0.24193548387096775,0.8549422336328627,0.5455712451861361,0.6405648267008985,0.8549422336328627,0.6666666666666666,0.10526315789473684,0.27419354838709675,0.8333333333333334,0.2631578947368421,0.3225806451612903,0.75,0.47368421052631576,0.3870967741935484,0.6666666666666666,0.10526315789473684,0.27419354838709675,0.5,0.15789473684210525,0.2903225806451613,0.3333333333333333,0.21052631578947367,0.3064516129032258,0.6666666666666666,0.10526315789473684,0.27419354838709675,0.6666666666666666,0.21052631578947367,0.3064516129032258,0.4166666666666667,0.2631578947368421,0.3225806451612903,0.6666666666666666,0.10526315789473684,0.27419354838709675,0.8333333333333334,0.2631578947368421,0.3225806451612903,0.75,0.47368421052631576,0.3870967741935484,margin
llama-8b,qwen38-27b,truthfulqa,240,60,0.25,327,0.22935779816513763,0.6362962962962964,0.5667592592592592,0.46129629629629626,0.6362962962962964,0.5833333333333334,0.11666666666666667,0.25076452599388377,0.4166666666666667,0.16666666666666666,0.2599388379204893,0.3541666666666667,0.2833333333333333,0.28134556574923547,0.25,0.05,0.23853211009174313,0.3333333333333333,0.13333333333333333,0.25382262996941896,0.3333333333333333,0.26666666666666666,0.2782874617737003,0.08333333333333333,0.016666666666666666,0.2324159021406728,0.16666666666666666,0.06666666666666667,0.2415902140672783,0.22916666666666666,0.18333333333333332,0.26299694189602446,0.5833333333333334,0.11666666666666667,0.25076452599388377,0.4166666666666667,0.16666666666666666,0.2599388379204893,0.3541666666666667,0.2833333333333333,0.28134556574923547,margin
olmo3-7b,gemma4-12b,boolq,648,197,0.30401234567901236,475,0.20842105263157895,0.5886186365324659,0.48827760081938615,0.5686629824304703,0.5886186365324659,0.21875,0.03553299492385787,0.2231578947368421,0.3384615384615385,0.1116751269035533,0.25473684210526315,0.35384615384615387,0.233502538071066,0.30526315789473685,0.21875,0.03553299492385787,0.2231578947368421,0.24615384615384617,0.08121827411167512,0.24210526315789474,0.2692307692307692,0.17766497461928935,0.28210526315789475,0.34375,0.05583756345177665,0.23157894736842105,0.36923076923076925,0.1218274111675127,0.25894736842105265,0.4,0.2639593908629442,0.3178947368421053,0.21875,0.03553299492385787,0.2231578947368421,0.3384615384615385,0.1116751269035533,0.25473684210526315,0.35384615384615387,0.233502538071066,0.30526315789473685,margin
olmo3-7b,gemma4-12b,geometry_of_truth,596,83,0.13926174496644295,1000,0.466,0.6870053312665867,0.8239507738556566,0.3974729326663379,0.8239507738556566,0.1,0.03614457831325301,0.469,0.15,0.10843373493975904,0.475,0.24369747899159663,0.3493975903614458,0.495,0.4,0.14457831325301204,0.478,0.36666666666666664,0.26506024096385544,0.488,0.4117647058823529,0.5903614457831325,0.515,0.23333333333333334,0.08433734939759036,0.473,0.13333333333333333,0.0963855421686747,0.474,0.1092436974789916,0.1566265060240964,0.479,0.4,0.14457831325301204,0.478,0.36666666666666664,0.26506024096385544,0.488,0.4117647058823529,0.5903614457831325,0.515,anomaly
olmo3-7b,gemma4-12b,imdb,372,44,0.11827956989247312,1018,0.3575638506876228,0.6092017738359202,0.46875,0.4280072062084257,0.6092017738359202,0.3684210526315789,0.1590909090909091,0.3644400785854617,0.2972972972972973,0.25,0.36836935166994106,0.16216216216216217,0.2727272727272727,0.3693516699410609,0.05263157894736842,0.022727272727272728,0.35854616895874264,0.08108108108108109,0.06818181818181818,0.3605108055009823,0.08108108108108109,0.13636363636363635,0.36345776031434185,0.2631578947368421,0.11363636363636363,0.362475442043222,0.1891891891891892,0.1590909090909091,0.3644400785854617,0.0945945945945946,0.1590909090909091,0.3644400785854617,0.3684210526315789,0.1590909090909091,0.3644400785854617,0.2972972972972973,0.25,0.36836935166994106,0.16216216216216217,0.2727272727272727,0.3693516699410609,margin
olmo3-7b,gemma4-12b,rte,46,19,0.41304347826086957,62,0.41935483870967744,0.53411306042885,0.49317738791423005,0.5165692007797271,0.53411306042885,0.0,0.0,0.41935483870967744,0.2,0.05263157894736842,0.43548387096774194,0.1111111111111111,0.05263157894736842,0.43548387096774194,0.5,0.05263157894736842,0.43548387096774194,0.6,0.15789473684210525,0.46774193548387094,0.5555555555555556,0.2631578947368421,0.5,0.5,0.05263157894736842,0.43548387096774194,0.2,0.05263157894736842,0.43548387096774194,0.2222222222222222,0.10526315789473684,0.45161290322580644,0.0,0.0,0.41935483870967744,0.2,0.05263157894736842,0.43548387096774194,0.1111111111111111,0.05263157894736842,0.43548387096774194,margin
olmo3-7b,gemma4-12b,truthfulqa,197,51,0.25888324873096447,327,0.363914373088685,0.6819769003491807,0.6274509803921569,0.3564329841525652,0.6819769003491807,0.5,0.09803921568627451,0.37920489296636084,0.6,0.23529411764705882,0.40061162079510704,0.5384615384615384,0.4117647058823529,0.42813455657492355,0.4,0.0784313725490196,0.3761467889908257,0.45,0.17647058823529413,0.39143730886850153,0.41025641025641024,0.3137254901960784,0.41284403669724773,0.2,0.0392156862745098,0.37003058103975534,0.2,0.0784313725490196,0.3761467889908257,0.15384615384615385,0.11764705882352941,0.382262996941896,0.5,0.09803921568627451,0.37920489296636084,0.6,0.23529411764705882,0.40061162079510704,0.5384615384615384,0.4117647058823529,0.42813455657492355,margin
olmo3-7b,gemma4-12b-base,boolq,712,181,0.2542134831460674,475,0.20842105263157895,0.6866435683740675,0.4416872158233709,0.45049994277450034,0.6866435683740675,0.3333333333333333,0.06629834254143646,0.2336842105263158,0.4084507042253521,0.16022099447513813,0.2694736842105263,0.4154929577464789,0.3259668508287293,0.33263157894736844,0.19444444444444445,0.03867403314917127,0.2231578947368421,0.18309859154929578,0.0718232044198895,0.23578947368421052,0.20422535211267606,0.16022099447513813,0.2694736842105263,0.08333333333333333,0.016574585635359115,0.21473684210526317,0.16901408450704225,0.06629834254143646,0.2336842105263158,0.16901408450704225,0.13259668508287292,0.25894736842105265,0.3333333333333333,0.06629834254143646,0.2336842105263158,0.4084507042253521,0.16022099447513813,0.2694736842105263,0.4154929577464789,0.3259668508287293,0.33263157894736844,margin
olmo3-7b,gemma4-12b-base,geometry_of_truth,1030,78,0.07572815533980583,1000,0.161,0.752518315018315,0.8721988795518207,0.41402714932126694,0.8721988795518207,0.3269230769230769,0.21794871794871795,0.178,0.2815533980582524,0.3717948717948718,0.19,0.21844660194174756,0.5769230769230769,0.206,0.2692307692307692,0.1794871794871795,0.175,0.2621359223300971,0.34615384615384615,0.188,0.23786407766990292,0.6282051282051282,0.21,0.11538461538461539,0.07692307692307693,0.167,0.07766990291262135,0.10256410256410256,0.169,0.05825242718446602,0.15384615384615385,0.173,0.2692307692307692,0.1794871794871795,0.175,0.2621359223300971,0.34615384615384615,0.188,0.23786407766990292,0.6282051282051282,0.21,anomaly
olmo3-7b,gemma4-12b-base,imdb,375,39,0.104,1018,0.25736738703339884,0.5873015873015873,0.5183150183150184,0.5172466422466423,0.5873015873015873,0.2631578947368421,0.1282051282051282,0.26227897838899805,0.18421052631578946,0.1794871794871795,0.2642436149312377,0.12,0.23076923076923078,0.26620825147347743,0.0,0.0,0.25736738703339884,0.02631578947368421,0.02564102564102564,0.2583497053045187,0.09333333333333334,0.1794871794871795,0.2642436149312377,0.3157894736842105,0.15384615384615385,0.2632612966601179,0.15789473684210525,0.15384615384615385,0.2632612966601179,0.13333333333333333,0.2564102564102564,0.26719056974459726,0.2631578947368421,0.1282051282051282,0.26227897838899805,0.18421052631578946,0.1794871794871795,0.2642436149312377,0.12,0.23076923076923078,0.26620825147347743,margin
olmo3-7b,gemma4-12b-base,rte,55,18,0.32727272727272727,62,0.3225806451612903,0.536036036036036,0.536036036036036,0.6381381381381381,0.6381381381381381,0.6666666666666666,0.1111111111111111,0.3548387096774194,0.3333333333333333,0.1111111111111111,0.3548387096774194,0.18181818181818182,0.1111111111111111,0.3548387096774194,1.0,0.16666666666666666,0.3709677419354839,0.5,0.16666666666666666,0.3709677419354839,0.45454545454545453,0.2777777777777778,0.4032258064516129,0.3333333333333333,0.05555555555555555,0.3387096774193548,0.3333333333333333,0.1111111111111111,0.3548387096774194,0.45454545454545453,0.2777777777777778,0.4032258064516129,0.3333333333333333,0.05555555555555555,0.3387096774193548,0.3333333333333333,0.1111111111111111,0.3548387096774194,0.45454545454545453,0.2777777777777778,0.4032258064516129,spread
olmo3-7b,gemma4-12b-base,truthfulqa,193,32,0.16580310880829016,327,0.25688073394495414,0.7573757763975155,0.6647903726708074,0.36296583850931674,0.7573757763975155,0.3,0.09375,0.26605504587155965,0.42105263157894735,0.25,0.28134556574923547,0.46153846153846156,0.5625,0.3119266055045872,0.3,0.09375,0.26605504587155965,0.3157894736842105,0.1875,0.27522935779816515,0.2564102564102564,0.3125,0.2874617737003058,0.1,0.03125,0.2599388379204893,0.05263157894736842,0.03125,0.2599388379204893,0.07692307692307693,0.09375,0.26605504587155965,0.3,0.09375,0.26605504587155965,0.42105263157894735,0.25,0.28134556574923547,0.46153846153846156,0.5625,0.3119266055045872,margin
olmo3-7b,gemma4-31b,boolq,615,90,0.14634146341463414,475,0.39789473684210525,0.6626878306878307,0.46757671957671953,0.41873015873015873,0.6626878306878307,0.1935483870967742,0.06666666666666667,0.4105263157894737,0.24193548387096775,0.16666666666666666,0.42947368421052634,0.23577235772357724,0.32222222222222224,0.4589473684210526,0.16129032258064516,0.05555555555555555,0.40842105263157896,0.11290322580645161,0.07777777777777778,0.4126315789473684,0.14634146341463414,0.2,0.4357894736842105,0.06451612903225806,0.022222222222222223,0.40210526315789474,0.08064516129032258,0.05555555555555555,0.40842105263157896,0.08130081300813008,0.1111111111111111,0.4189473684210526,0.1935483870967742,0.06666666666666667,0.4105263157894737,0.24193548387096775,0.16666666666666666,0.42947368421052634,0.23577235772357724,0.32222222222222224,0.4589473684210526,margin
olmo3-7b,gemma4-31b,geometry_of_truth,776,26,0.03350515463917526,1000,0.307,0.8652820512820514,0.9001025641025642,0.3901538461538462,0.9001025641025642,0.1282051282051282,0.19230769230769232,0.312,0.20512820512820512,0.6153846153846154,0.323,0.12258064516129032,0.7307692307692307,0.326,0.3076923076923077,0.46153846153846156,0.319,0.20512820512820512,0.6153846153846154,0.323,0.14838709677419354,0.8846153846153846,0.33,0.0,0.0,0.307,0.01282051282051282,0.038461538461538464,0.308,0.012903225806451613,0.07692307692307693,0.309,0.3076923076923077,0.46153846153846156,0.319,0.20512820512820512,0.6153846153846154,0.323,0.14838709677419354,0.8846153846153846,0.33,anomaly
olmo3-7b,gemma4-31b,rte,49,20,0.40816326530612246,62,0.3387096774193548,0.6051724137931034,0.4982758620689655,0.5,0.6051724137931034,0.0,0.0,0.3387096774193548,0.2,0.05,0.3548387096774194,0.3,0.15,0.3870967741935484,0.5,0.05,0.3548387096774194,0.4,0.1,0.3709677419354839,0.4,0.2,0.4032258064516129,0.0,0.0,0.3387096774193548,0.2,0.05,0.3548387096774194,0.3,0.15,0.3870967741935484,0.0,0.0,0.3387096774193548,0.2,0.05,0.3548387096774194,0.3,0.15,0.3870967741935484,margin
olmo3-7b,gemma4-31b,truthfulqa,247,58,0.23481781376518218,327,0.21100917431192662,0.7596241561758803,0.6819011129355957,0.37611749680715195,0.7596241561758803,0.4166666666666667,0.08620689655172414,0.22629969418960244,0.48,0.20689655172413793,0.24770642201834864,0.4897959183673469,0.41379310344827586,0.28440366972477066,0.5,0.10344827586206896,0.22935779816513763,0.44,0.1896551724137931,0.24464831804281345,0.42857142857142855,0.3620689655172414,0.27522935779816515,0.3333333333333333,0.06896551724137931,0.22324159021406728,0.2,0.08620689655172414,0.22629969418960244,0.1836734693877551,0.15517241379310345,0.23853211009174313,0.4166666666666667,0.08620689655172414,0.22629969418960244,0.48,0.20689655172413793,0.24770642201834864,0.4897959183673469,0.41379310344827586,0.28440366972477066,margin
olmo3-7b,llama-8b,boolq,524,67,0.12786259541984732,475,0.4568421052631579,0.6862732290407917,0.4673568699173716,0.4375714425683399,0.6862732290407917,0.15384615384615385,0.05970149253731343,0.4652631578947368,0.25,0.19402985074626866,0.4842105263157895,0.21904761904761905,0.34328358208955223,0.5052631578947369,0.038461538461538464,0.014925373134328358,0.4589473684210526,0.09615384615384616,0.07462686567164178,0.4673684210526316,0.09523809523809523,0.14925373134328357,0.47789473684210526,0.038461538461538464,0.014925373134328358,0.4589473684210526,0.019230769230769232,0.014925373134328358,0.4589473684210526,0.09523809523809523,0.14925373134328357,0.47789473684210526,0.15384615384615385,0.05970149253731343,0.4652631578947368,0.25,0.19402985074626866,0.4842105263157895,0.21904761904761905,0.34328358208955223,0.5052631578947369,margin
olmo3-7b,llama-8b,geometry_of_truth,1084,110,0.1014760147601476,1000,0.125,0.6890517080455479,0.8620589882396864,0.3131603509426918,0.8620589882396864,0.3148148148148148,0.15454545454545454,0.142,0.2777777777777778,0.2727272727272727,0.155,0.19815668202764977,0.39090909090909093,0.168,0.16666666666666666,0.08181818181818182,0.134,0.28703703703703703,0.2818181818181818,0.156,0.3087557603686636,0.6090909090909091,0.192,0.037037037037037035,0.01818181818181818,0.127,0.027777777777777776,0.02727272727272727,0.128,0.027649769585253458,0.05454545454545454,0.131,0.16666666666666666,0.08181818181818182,0.134,0.28703703703703703,0.2818181818181818,0.156,0.3087557603686636,0.6090909090909091,0.192,anomaly
olmo3-7b,llama-8b,imdb,967,82,0.08479834539813857,1018,0.09135559921414538,0.7674245556014881,0.5220476781038997,0.5337191677001516,0.7674245556014881,0.4375,0.25609756097560976,0.11198428290766209,0.30927835051546393,0.36585365853658536,0.12082514734774066,0.22797927461139897,0.5365853658536586,0.13457760314341846,0.0625,0.036585365853658534,0.09430255402750491,0.061855670103092786,0.07317073170731707,0.09724950884086445,0.06735751295336788,0.15853658536585366,0.10412573673870335,0.125,0.07317073170731707,0.09724950884086445,0.14432989690721648,0.17073170731707318,0.10510805500982318,0.11917098445595854,0.2804878048780488,0.11394891944990176,0.4375,0.25609756097560976,0.11198428290766209,0.30927835051546393,0.36585365853658536,0.12082514734774066,0.22797927461139897,0.5365853658536586,0.13457760314341846,margin
olmo3-7b,llama-8b,rte,57,17,0.2982456140350877,62,0.3064516129032258,0.5764705882352941,0.5529411764705883,0.4441176470588236,0.5764705882352941,0.3333333333333333,0.058823529411764705,0.3225806451612903,0.3333333333333333,0.11764705882352941,0.3387096774193548,0.36363636363636365,0.23529411764705882,0.3709677419354839,0.6666666666666666,0.11764705882352941,0.3387096774193548,0.5,0.17647058823529413,0.3548387096774194,0.45454545454545453,0.29411764705882354,0.3870967741935484,0.0,0.0,0.3064516129032258,0.3333333333333333,0.11764705882352941,0.3387096774193548,0.18181818181818182,0.11764705882352941,0.3387096774193548,0.3333333333333333,0.058823529411764705,0.3225806451612903,0.3333333333333333,0.11764705882352941,0.3387096774193548,0.36363636363636365,0.23529411764705882,0.3709677419354839,margin
olmo3-7b,llama-8b,truthfulqa,209,35,0.1674641148325359,327,0.2691131498470948,0.6839080459770115,0.6426929392446634,0.3863711001642036,0.6839080459770115,0.5,0.14285714285714285,0.28440366972477066,0.3333333333333333,0.2,0.290519877675841,0.3333333333333333,0.4,0.3119266055045872,0.3,0.08571428571428572,0.2782874617737003,0.23809523809523808,0.14285714285714285,0.28440366972477066,0.21428571428571427,0.2571428571428571,0.2966360856269113,0.1,0.02857142857142857,0.27217125382262997,0.047619047619047616,0.02857142857142857,0.27217125382262997,0.14285714285714285,0.17142857142857143,0.2874617737003058,0.5,0.14285714285714285,0.28440366972477066,0.3333333333333333,0.2,0.290519877675841,0.3333333333333333,0.4,0.3119266055045872,margin
olmo3-7b,qwen3-32b,boolq,617,64,0.10372771474878444,475,0.4168421052631579,0.7191738245931284,0.494998869801085,0.4461177667269439,0.7191738245931284,0.12903225806451613,0.0625,0.42526315789473684,0.27419354838709675,0.265625,0.45263157894736844,0.21951219512195122,0.421875,0.47368421052631576,0.06451612903225806,0.03125,0.42105263157894735,0.11290322580645161,0.109375,0.43157894736842106,0.11382113821138211,0.21875,0.4463157894736842,0.0,0.0,0.4168421052631579,0.03225806451612903,0.03125,0.42105263157894735,0.07317073170731707,0.140625,0.4357894736842105,0.12903225806451613,0.0625,0.42526315789473684,0.27419354838709675,0.265625,0.45263157894736844,0.21951219512195122,0.421875,0.47368421052631576,margin
olmo3-7b,qwen3-32b,geometry_of_truth,1023,29,0.028347996089931573,1000,0.195,0.7252133490598764,0.896551724137931,0.6229792548393811,0.896551724137931,0.23529411764705882,0.41379310344827586,0.207,0.14705882352941177,0.5172413793103449,0.21,0.08780487804878048,0.6206896551724138,0.213,0.17647058823529413,0.3103448275862069,0.204,0.1568627450980392,0.5517241379310345,0.211,0.11707317073170732,0.8275862068965517,0.219,0.11764705882352941,0.20689655172413793,0.201,0.06862745098039216,0.2413793103448276,0.202,0.05853658536585366,0.41379310344827586,0.207,0.17647058823529413,0.3103448275862069,0.204,0.1568627450980392,0.5517241379310345,0.211,0.11707317073170732,0.8275862068965517,0.219,anomaly
olmo3-7b,qwen3-32b,imdb,974,86,0.08829568788501027,1018,0.06679764243614932,0.7897024931908652,0.5106720092185209,0.47891787135973185,0.7897024931908652,0.3673469387755102,0.20930232558139536,0.08447937131630648,0.3402061855670103,0.38372093023255816,0.09921414538310412,0.26153846153846155,0.5930232558139535,0.1168958742632613,0.061224489795918366,0.03488372093023256,0.06974459724950884,0.041237113402061855,0.046511627906976744,0.07072691552062868,0.06666666666666667,0.1511627906976744,0.07956777996070727,0.061224489795918366,0.03488372093023256,0.06974459724950884,0.061855670103092786,0.06976744186046512,0.07269155206286837,0.09743589743589744,0.22093023255813954,0.08546168958742632,0.3673469387755102,0.20930232558139536,0.08447937131630648,0.3402061855670103,0.38372093023255816,0.09921414538310412,0.26153846153846155,0.5930232558139535,0.1168958742632613,margin
olmo3-7b,qwen3-32b,rte,60,18,0.3,62,0.1935483870967742,0.83994708994709,0.4828042328042328,0.6772486772486772,0.83994708994709,0.3333333333333333,0.05555555555555555,0.20967741935483872,0.5,0.16666666666666666,0.24193548387096775,0.5833333333333334,0.3888888888888889,0.3064516129032258,0.3333333333333333,0.05555555555555555,0.20967741935483872,0.5,0.16666666666666666,0.24193548387096775,0.4166666666666667,0.2777777777777778,0.27419354838709675,0.3333333333333333,0.05555555555555555,0.20967741935483872,0.5,0.16666666666666666,0.24193548387096775,0.5,0.3333333333333333,0.2903225806451613,0.3333333333333333,0.05555555555555555,0.20967741935483872,0.5,0.16666666666666666,0.24193548387096775,0.5833333333333334,0.3888888888888889,0.3064516129032258,margin
olmo3-7b,qwen3-32b,truthfulqa,200,34,0.17,327,0.2691131498470948,0.7983699503897945,0.56218993621545,0.5940822111977321,0.7983699503897945,0.5,0.14705882352941177,0.28440366972477066,0.5,0.29411764705882354,0.2996941896024465,0.4,0.47058823529411764,0.3180428134556575,0.4,0.11764705882352941,0.28134556574923547,0.3,0.17647058823529413,0.2874617737003058,0.275,0.3235294117647059,0.30275229357798167,0.3,0.08823529411764706,0.2782874617737003,0.3,0.17647058823529413,0.2874617737003058,0.275,0.3235294117647059,0.30275229357798167,0.5,0.14705882352941177,0.28440366972477066,0.5,0.29411764705882354,0.2996941896024465,0.4,0.47058823529411764,0.3180428134556575,margin
olmo3-7b,qwen3-8b,boolq,602,70,0.11627906976744186,475,0.40421052631578946,0.6947368421052631,0.4563641245972073,0.3863050483351235,0.6947368421052631,0.1,0.04285714285714286,0.4105263157894737,0.18333333333333332,0.15714285714285714,0.42736842105263156,0.21666666666666667,0.37142857142857144,0.4589473684210526,0.06666666666666667,0.02857142857142857,0.40842105263157896,0.06666666666666667,0.05714285714285714,0.4126315789473684,0.075,0.12857142857142856,0.4231578947368421,0.03333333333333333,0.014285714285714285,0.4063157894736842,0.05,0.04285714285714286,0.4105263157894737,0.041666666666666664,0.07142857142857142,0.4147368421052632,0.1,0.04285714285714286,0.4105263157894737,0.18333333333333332,0.15714285714285714,0.42736842105263156,0.21666666666666667,0.37142857142857144,0.4589473684210526,margin
olmo3-7b,qwen3-8b,geometry_of_truth,1003,26,0.0259222333000997,1000,0.197,0.7152192740729076,0.8835524761829778,0.514250846390048,0.8835524761829778,0.14,0.2692307692307692,0.204,0.11,0.4230769230769231,0.208,0.07960199004975124,0.6153846153846154,0.213,0.08,0.15384615384615385,0.201,0.12,0.46153846153846156,0.209,0.09950248756218906,0.7692307692307693,0.217,0.08,0.15384615384615385,0.201,0.07,0.2692307692307692,0.204,0.04477611940298507,0.34615384615384615,0.206,0.08,0.15384615384615385,0.201,0.12,0.46153846153846156,0.209,0.09950248756218906,0.7692307692307693,0.217,anomaly
olmo3-7b,qwen3-8b,imdb,988,96,0.09716599190283401,1018,0.07367387033398821,0.8132006726457399,0.4638452914798207,0.5447145926756353,0.8132006726457399,0.40816326530612246,0.20833333333333334,0.09332023575638507,0.36363636363636365,0.375,0.10903732809430255,0.30808080808080807,0.6354166666666666,0.13359528487229863,0.061224489795918366,0.03125,0.07662082514734773,0.06060606060606061,0.0625,0.07956777996070727,0.06565656565656566,0.13541666666666666,0.08644400785854617,0.14285714285714285,0.07291666666666667,0.08055009823182711,0.1111111111111111,0.11458333333333333,0.08447937131630648,0.1111111111111111,0.22916666666666666,0.09528487229862476,0.40816326530612246,0.20833333333333334,0.09332023575638507,0.36363636363636365,0.375,0.10903732809430255,0.30808080808080807,0.6354166666666666,0.13359528487229863,margin
olmo3-7b,qwen3-8b,rte,59,17,0.288135593220339,62,0.22580645161290322,0.7507002801120448,0.5322128851540616,0.5154061624649859,0.7507002801120448,0.6666666666666666,0.11764705882352941,0.25806451612903225,0.5,0.17647058823529413,0.27419354838709675,0.3333333333333333,0.23529411764705882,0.2903225806451613,0.6666666666666666,0.11764705882352941,0.25806451612903225,0.5,0.17647058823529413,0.27419354838709675,0.4166666666666667,0.29411764705882354,0.3064516129032258,0.3333333333333333,0.058823529411764705,0.24193548387096775,0.3333333333333333,0.11764705882352941,0.25806451612903225,0.3333333333333333,0.23529411764705882,0.2903225806451613,0.6666666666666666,0.11764705882352941,0.25806451612903225,0.5,0.17647058823529413,0.27419354838709675,0.3333333333333333,0.23529411764705882,0.2903225806451613,margin
olmo3-7b,qwen3-8b,truthfulqa,222,45,0.20270270270270271,327,0.2691131498470948,0.7978656622724419,0.6347771500313873,0.5638418079096046,0.7978656622724419,0.45454545454545453,0.1111111111111111,0.28440366972477066,0.5909090909090909,0.28888888888888886,0.308868501529052,0.6136363636363636,0.6,0.3516819571865443,0.5454545454545454,0.13333333333333333,0.2874617737003058,0.4090909090909091,0.2,0.2966360856269113,0.3181818181818182,0.3111111111111111,0.3119266055045872,0.36363636363636365,0.08888888888888889,0.28134556574923547,0.3181818181818182,0.15555555555555556,0.290519877675841,0.2727272727272727,0.26666666666666666,0.3058103975535168,0.45454545454545453,0.1111111111111111,0.28440366972477066,0.5909090909090909,0.28888888888888886,0.308868501529052,0.6136363636363636,0.6,0.3516819571865443,margin
olmo3-7b,qwen3-8b-base,boolq,474,54,0.11392405063291139,475,0.4673684210526316,0.6240299823633157,0.48730158730158735,0.5188271604938272,0.6240299823633157,0.16666666666666666,0.07407407407407407,0.47578947368421054,0.1276595744680851,0.1111111111111111,0.48,0.15789473684210525,0.2777777777777778,0.49894736842105264,0.041666666666666664,0.018518518518518517,0.4694736842105263,0.06382978723404255,0.05555555555555555,0.47368421052631576,0.11578947368421053,0.2037037037037037,0.4905263157894737,0.125,0.05555555555555555,0.47368421052631576,0.10638297872340426,0.09259259259259259,0.47789473684210526,0.08421052631578947,0.14814814814814814,0.4842105263157895,0.16666666666666666,0.07407407407407407,0.47578947368421054,0.1276595744680851,0.1111111111111111,0.48,0.15789473684210525,0.2777777777777778,0.49894736842105264,margin
olmo3-7b,qwen3-8b-base,geometry_of_truth,1077,75,0.06963788300835655,1000,0.158,0.7302461743180306,0.8777644710578842,0.5284098469727212,0.8777644710578842,0.5370370370370371,0.38666666666666666,0.187,0.32407407407407407,0.4666666666666667,0.193,0.2,0.5733333333333334,0.201,0.2037037037037037,0.14666666666666667,0.169,0.24074074074074073,0.3466666666666667,0.184,0.24186046511627907,0.6933333333333334,0.21,0.1111111111111111,0.08,0.164,0.10185185185185185,0.14666666666666667,0.169,0.11162790697674418,0.32,0.182,0.2037037037037037,0.14666666666666667,0.169,0.24074074074074073,0.3466666666666667,0.184,0.24186046511627907,0.6933333333333334,0.21,anomaly
olmo3-7b,qwen3-8b-base,imdb,967,84,0.08686659772492245,1018,0.08349705304518663,0.7333360297686458,0.4968451706843553,0.42556490319797236,0.7333360297686458,0.4166666666666667,0.23809523809523808,0.1031434184675835,0.35051546391752575,0.40476190476190477,0.1168958742632613,0.24352331606217617,0.5595238095238095,0.12966601178781925,0.0625,0.03571428571428571,0.08644400785854617,0.05154639175257732,0.05952380952380952,0.08840864440078586,0.06735751295336788,0.15476190476190477,0.0962671905697446,0.125,0.07142857142857142,0.0893909626719057,0.10309278350515463,0.11904761904761904,0.09332023575638507,0.07253886010362694,0.16666666666666666,0.09724950884086445,0.4166666666666667,0.23809523809523808,0.1031434184675835,0.35051546391752575,0.40476190476190477,0.1168958742632613,0.24352331606217617,0.5595238095238095,0.12966601178781925,margin
olmo3-7b,qwen3-8b-base,rte,62,18,0.2903225806451613,62,0.20967741935483872,0.7651515151515151,0.5681818181818181,0.6565656565656566,0.7651515151515151,0.3333333333333333,0.05555555555555555,0.22580645161290322,0.16666666666666666,0.05555555555555555,0.22580645161290322,0.4166666666666667,0.2777777777777778,0.2903225806451613,0.6666666666666666,0.1111111111111111,0.24193548387096775,0.6666666666666666,0.2222222222222222,0.27419354838709675,0.5,0.3333333333333333,0.3064516129032258,0.3333333333333333,0.05555555555555555,0.22580645161290322,0.3333333333333333,0.1111111111111111,0.24193548387096775,0.5,0.3333333333333333,0.3064516129032258,0.3333333333333333,0.05555555555555555,0.22580645161290322,0.16666666666666666,0.05555555555555555,0.22580645161290322,0.4166666666666667,0.2777777777777778,0.2903225806451613,margin
olmo3-7b,qwen3-8b-base,truthfulqa,191,27,0.14136125654450263,327,0.3547400611620795,0.6278229448961157,0.6138211382113821,0.4367660343270099,0.6278229448961157,0.2,0.07407407407407407,0.36085626911314983,0.3157894736842105,0.2222222222222222,0.3730886850152905,0.2631578947368421,0.37037037037037035,0.3853211009174312,0.2,0.07407407407407407,0.36085626911314983,0.2631578947368421,0.18518518518518517,0.37003058103975534,0.15789473684210525,0.2222222222222222,0.3730886850152905,0.1,0.037037037037037035,0.3577981651376147,0.21052631578947367,0.14814814814814814,0.3669724770642202,0.10526315789473684,0.14814814814814814,0.3669724770642202,0.2,0.07407407407407407,0.36085626911314983,0.3157894736842105,0.2222222222222222,0.3730886850152905,0.2631578947368421,0.37037037037037035,0.3853211009174312,margin
olmo3-7b,qwen38-27b,boolq,552,33,0.059782608695652176,475,0.48,0.6469317451976412,0.46779938109417885,0.4922636772347755,0.6469317451976412,0.10714285714285714,0.09090909090909091,0.4863157894736842,0.07272727272727272,0.12121212121212122,0.4884210526315789,0.1,0.3333333333333333,0.5031578947368421,0.03571428571428571,0.030303030303030304,0.48210526315789476,0.01818181818181818,0.030303030303030304,0.48210526315789476,0.045454545454545456,0.15151515151515152,0.4905263157894737,0.0,0.0,0.48,0.01818181818181818,0.030303030303030304,0.48210526315789476,0.045454545454545456,0.15151515151515152,0.4905263157894737,0.10714285714285714,0.09090909090909091,0.4863157894736842,0.07272727272727272,0.12121212121212122,0.4884210526315789,0.1,0.3333333333333333,0.5031578947368421,margin
olmo3-7b,qwen38-27b,geometry_of_truth,1045,46,0.04401913875598086,1000,0.179,0.6782869826348086,0.9213343778561169,0.4784349566958263,0.9213343778561169,0.3269230769230769,0.3695652173913043,0.196,0.20192307692307693,0.45652173913043476,0.2,0.11961722488038277,0.5434782608695652,0.204,0.2692307692307692,0.30434782608695654,0.193,0.27884615384615385,0.6304347826086957,0.208,0.20095693779904306,0.9130434782608695,0.221,0.038461538461538464,0.043478260869565216,0.181,0.019230769230769232,0.043478260869565216,0.181,0.023923444976076555,0.10869565217391304,0.184,0.2692307692307692,0.30434782608695654,0.193,0.27884615384615385,0.6304347826086957,0.208,0.20095693779904306,0.9130434782608695,0.221,anomaly
olmo3-7b,qwen38-27b,rte,62,19,0.3064516129032258,62,0.1935483870967742,0.8335373317013464,0.5226438188494491,0.6829865361077111,0.8335373317013464,0.3333333333333333,0.05263157894736842,0.20967741935483872,0.5,0.15789473684210525,0.24193548387096775,0.5833333333333334,0.3684210526315789,0.3064516129032258,1.0,0.15789473684210525,0.24193548387096775,0.5,0.15789473684210525,0.24193548387096775,0.4166666666666667,0.2631578947368421,0.27419354838709675,0.3333333333333333,0.05263157894736842,0.20967741935483872,0.5,0.15789473684210525,0.24193548387096775,0.5833333333333334,0.3684210526315789,0.3064516129032258,0.3333333333333333,0.05263157894736842,0.20967741935483872,0.5,0.15789473684210525,0.24193548387096775,0.5833333333333334,0.3684210526315789,0.3064516129032258,margin
olmo3-7b,qwen38-27b,truthfulqa,193,47,0.24352331606217617,327,0.290519877675841,0.7238414456426697,0.5201107548819586,0.5918099679393762,0.7238414456426697,0.4,0.0851063829787234,0.30275229357798167,0.5263157894736842,0.2127659574468085,0.3211009174311927,0.4358974358974359,0.3617021276595745,0.3425076452599388,0.4,0.0851063829787234,0.30275229357798167,0.3684210526315789,0.14893617021276595,0.3119266055045872,0.28205128205128205,0.23404255319148937,0.3241590214067278,0.4,0.0851063829787234,0.30275229357798167,0.3157894736842105,0.1276595744680851,0.308868501529052,0.358974358974359,0.2978723404255319,0.3333333333333333,0.4,0.0851063829787234,0.30275229357798167,0.5263157894736842,0.2127659574468085,0.3211009174311927,0.4358974358974359,0.3617021276595745,0.3425076452599388,margin
qwen3-1.7b,gemma4-12b,boolq,653,197,0.3016845329249617,475,0.19157894736842104,0.5512178288360495,0.45078591147920566,0.5249131712530056,0.5512178288360495,0.45454545454545453,0.07614213197969544,0.2231578947368421,0.35384615384615387,0.116751269035533,0.24,0.31297709923664124,0.20812182741116753,0.27789473684210525,0.18181818181818182,0.030456852791878174,0.20421052631578948,0.18461538461538463,0.06091370558375635,0.2168421052631579,0.21374045801526717,0.14213197969543148,0.2505263157894737,0.30303030303030304,0.050761421319796954,0.21263157894736842,0.23076923076923078,0.07614213197969544,0.2231578947368421,0.2748091603053435,0.18274111675126903,0.2673684210526316,0.45454545454545453,0.07614213197969544,0.2231578947368421,0.35384615384615387,0.116751269035533,0.24,0.31297709923664124,0.20812182741116753,0.27789473684210525,margin
qwen3-1.7b,gemma4-12b,geometry_of_truth,560,63,0.1125,1000,0.437,0.6053144262399796,0.8760180128389383,0.41972469739069335,0.8760180128389383,0.10714285714285714,0.047619047619047616,0.44,0.125,0.1111111111111111,0.444,0.15178571428571427,0.2698412698412698,0.454,0.2857142857142857,0.12698412698412698,0.445,0.35714285714285715,0.31746031746031744,0.457,0.35714285714285715,0.6349206349206349,0.477,0.0,0.0,0.437,0.0,0.0,0.437,0.07142857142857142,0.12698412698412698,0.445,0.2857142857142857,0.12698412698412698,0.445,0.35714285714285715,0.31746031746031744,0.457,0.35714285714285715,0.6349206349206349,0.477,anomaly
qwen3-1.7b,gemma4-12b,imdb,361,63,0.1745152354570637,1018,0.3025540275049116,0.5741983594332587,0.47304783210823476,0.6993182060296155,0.6993182060296155,0.3888888888888889,0.1111111111111111,0.3094302554027505,0.3333333333333333,0.19047619047619047,0.3143418467583497,0.25,0.2857142857142857,0.32023575638506874,0.05555555555555555,0.015873015873015872,0.30353634577603145,0.08333333333333333,0.047619047619047616,0.3055009823182711,0.16666666666666666,0.19047619047619047,0.3143418467583497,0.9444444444444444,0.2698412698412698,0.3192534381139489,0.6388888888888888,0.36507936507936506,0.325147347740668,0.4166666666666667,0.47619047619047616,0.3320235756385069,0.9444444444444444,0.2698412698412698,0.3192534381139489,0.6388888888888888,0.36507936507936506,0.325147347740668,0.4166666666666667,0.47619047619047616,0.3320235756385069,spread
qwen3-1.7b,gemma4-12b,rte,58,31,0.5344827586206896,62,0.12903225806451613,0.4862604540023895,0.45639187574671447,0.5101553166069295,0.5101553166069295,0.0,0.0,0.12903225806451613,0.3333333333333333,0.06451612903225806,0.16129032258064516,0.3333333333333333,0.12903225806451613,0.1935483870967742,0.3333333333333333,0.03225806451612903,0.14516129032258066,0.6666666666666666,0.12903225806451613,0.1935483870967742,0.5,0.1935483870967742,0.22580645161290322,0.6666666666666666,0.06451612903225806,0.16129032258064516,0.5,0.0967741935483871,0.1774193548387097,0.6666666666666666,0.25806451612903225,0.25806451612903225,0.6666666666666666,0.06451612903225806,0.16129032258064516,0.5,0.0967741935483871,0.1774193548387097,0.6666666666666666,0.25806451612903225,0.25806451612903225,spread
qwen3-1.7b,gemma4-12b,truthfulqa,225,75,0.3333333333333333,327,0.3761467889908257,0.6408,0.6081777777777778,0.3797333333333333,0.6408,0.5454545454545454,0.08,0.3944954128440367,0.5,0.14666666666666667,0.40978593272171254,0.5333333333333333,0.32,0.44954128440366975,0.45454545454545453,0.06666666666666667,0.39143730886850153,0.4090909090909091,0.12,0.4036697247706422,0.4444444444444444,0.26666666666666666,0.43730886850152906,0.18181818181818182,0.02666666666666667,0.382262996941896,0.09090909090909091,0.02666666666666667,0.382262996941896,0.15555555555555556,0.09333333333333334,0.39755351681957185,0.5454545454545454,0.08,0.3944954128440367,0.5,0.14666666666666667,0.40978593272171254,0.5333333333333333,0.32,0.44954128440366975,margin
qwen3-1.7b,gemma4-12b-base,boolq,718,175,0.24373259052924792,475,0.2168421052631579,0.68,0.4533438568797685,0.4946172059984215,0.68,0.4166666666666667,0.08571428571428572,0.24842105263157896,0.3611111111111111,0.14857142857142858,0.27157894736842103,0.3888888888888889,0.32,0.33473684210526317,0.16666666666666666,0.03428571428571429,0.2294736842105263,0.18055555555555555,0.07428571428571429,0.24421052631578946,0.19444444444444445,0.16,0.27578947368421053,0.08333333333333333,0.017142857142857144,0.2231578947368421,0.16666666666666666,0.06857142857142857,0.24210526315789474,0.2152777777777778,0.17714285714285713,0.28210526315789475,0.4166666666666667,0.08571428571428572,0.24842105263157896,0.3611111111111111,0.14857142857142858,0.27157894736842103,0.3888888888888889,0.32,0.33473684210526317,margin
qwen3-1.7b,gemma4-12b-base,geometry_of_truth,1005,79,0.07860696517412935,1000,0.09,0.6319955163080624,0.86115591765317,0.39764059381578587,0.86115591765317,0.2,0.12658227848101267,0.1,0.2,0.25316455696202533,0.11,0.1691542288557214,0.43037974683544306,0.124,0.26,0.16455696202531644,0.103,0.27,0.34177215189873417,0.117,0.23880597014925373,0.6075949367088608,0.138,0.06,0.0379746835443038,0.093,0.05,0.06329113924050633,0.095,0.06467661691542288,0.16455696202531644,0.103,0.26,0.16455696202531644,0.103,0.27,0.34177215189873417,0.117,0.23880597014925373,0.6075949367088608,0.138,anomaly
qwen3-1.7b,gemma4-12b-base,imdb,381,64,0.1679790026246719,1018,0.1905697445972495,0.5776320977917981,0.5074428233438486,0.7309246845425867,0.7309246845425867,0.3157894736842105,0.09375,0.19646365422396855,0.2631578947368421,0.15625,0.20039292730844793,0.2236842105263158,0.265625,0.20726915520628683,0.10526315789473684,0.03125,0.1925343811394892,0.15789473684210525,0.09375,0.19646365422396855,0.15789473684210525,0.1875,0.20235756385068762,0.9473684210526315,0.28125,0.2082514734774067,0.631578947368421,0.375,0.21414538310412573,0.4473684210526316,0.53125,0.22396856581532418,0.9473684210526315,0.28125,0.2082514734774067,0.631578947368421,0.375,0.21414538310412573,0.4473684210526316,0.53125,0.22396856581532418,spread
qwen3-1.7b,gemma4-12b-base,rte,55,26,0.4727272727272727,62,0.16129032258064516,0.5132625994694959,0.46286472148541113,0.5610079575596817,0.5610079575596817,0.3333333333333333,0.038461538461538464,0.1774193548387097,0.5,0.11538461538461539,0.20967741935483872,0.45454545454545453,0.19230769230769232,0.24193548387096775,0.6666666666666666,0.07692307692307693,0.1935483870967742,0.3333333333333333,0.07692307692307693,0.1935483870967742,0.36363636363636365,0.15384615384615385,0.22580645161290322,0.6666666666666666,0.07692307692307693,0.1935483870967742,0.3333333333333333,0.07692307692307693,0.1935483870967742,0.5454545454545454,0.23076923076923078,0.25806451612903225,0.6666666666666666,0.07692307692307693,0.1935483870967742,0.3333333333333333,0.07692307692307693,0.1935483870967742,0.5454545454545454,0.23076923076923078,0.25806451612903225,spread
qwen3-1.7b,gemma4-12b-base,truthfulqa,199,42,0.21105527638190955,327,0.3547400611620795,0.5982711555959963,0.6373976342129208,0.41022141340612683,0.6373976342129208,0.0,0.0,0.3547400611620795,0.3,0.14285714285714285,0.3730886850152905,0.275,0.2619047619047619,0.38837920489296635,0.4,0.09523809523809523,0.3669724770642202,0.35,0.16666666666666666,0.3761467889908257,0.325,0.30952380952380953,0.3944954128440367,0.0,0.0,0.3547400611620795,0.0,0.0,0.3547400611620795,0.05,0.047619047619047616,0.36085626911314983,0.4,0.09523809523809523,0.3669724770642202,0.35,0.16666666666666666,0.3761467889908257,0.325,0.30952380952380953,0.3944954128440367,anomaly
qwen3-1.7b,gemma4-31b,boolq,615,80,0.13008130081300814,475,0.4231578947368421,0.6895560747663552,0.4360514018691589,0.4785747663551402,0.6895560747663552,0.3548387096774194,0.1375,0.4463157894736842,0.2903225806451613,0.225,0.4610526315789474,0.2601626016260163,0.4,0.4905263157894737,0.0967741935483871,0.0375,0.42947368421052634,0.0967741935483871,0.075,0.4357894736842105,0.08943089430894309,0.1375,0.4463157894736842,0.0,0.0,0.4231578947368421,0.04838709677419355,0.0375,0.42947368421052634,0.08943089430894309,0.1375,0.4463157894736842,0.3548387096774194,0.1375,0.4463157894736842,0.2903225806451613,0.225,0.4610526315789474,0.2601626016260163,0.4,0.4905263157894737,margin
qwen3-1.7b,gemma4-31b,geometry_of_truth,743,20,0.026917900403768506,1000,0.25,0.7861687413554632,0.8972337482710927,0.5642461964038727,0.8972337482710927,0.10810810810810811,0.2,0.254,0.13513513513513514,0.5,0.26,0.08053691275167785,0.6,0.262,0.2972972972972973,0.55,0.261,0.1891891891891892,0.7,0.264,0.12080536912751678,0.9,0.268,0.02702702702702703,0.05,0.251,0.04054054054054054,0.15,0.253,0.04697986577181208,0.35,0.257,0.2972972972972973,0.55,0.261,0.1891891891891892,0.7,0.264,0.12080536912751678,0.9,0.268,anomaly
qwen3-1.7b,gemma4-31b,rte,56,29,0.5178571428571429,62,0.14516129032258066,0.6002554278416347,0.41762452107279696,0.70242656449553,0.70242656449553,0.3333333333333333,0.034482758620689655,0.16129032258064516,0.5,0.10344827586206896,0.1935483870967742,0.45454545454545453,0.1724137931034483,0.22580645161290322,0.6666666666666666,0.06896551724137931,0.1774193548387097,0.3333333333333333,0.06896551724137931,0.1774193548387097,0.45454545454545453,0.1724137931034483,0.22580645161290322,1.0,0.10344827586206896,0.1935483870967742,0.8333333333333334,0.1724137931034483,0.22580645161290322,0.8181818181818182,0.3103448275862069,0.2903225806451613,1.0,0.10344827586206896,0.1935483870967742,0.8333333333333334,0.1724137931034483,0.22580645161290322,0.8181818181818182,0.3103448275862069,0.2903225806451613,spread
qwen3-1.7b,gemma4-31b,truthfulqa,262,81,0.30916030534351147,327,0.22935779816513763,0.7545187913512038,0.6339949525953209,0.47179592115135394,0.7545187913512038,0.5384615384615384,0.08641975308641975,0.25076452599388377,0.5,0.16049382716049382,0.2691131498470948,0.5576923076923077,0.35802469135802467,0.3180428134556575,0.46153846153846156,0.07407407407407407,0.24770642201834864,0.5384615384615384,0.1728395061728395,0.27217125382262997,0.4807692307692308,0.30864197530864196,0.3058103975535168,0.07692307692307693,0.012345679012345678,0.2324159021406728,0.11538461538461539,0.037037037037037035,0.23853211009174313,0.28846153846153844,0.18518518518518517,0.27522935779816515,0.5384615384615384,0.08641975308641975,0.25076452599388377,0.5,0.16049382716049382,0.2691131498470948,0.5576923076923077,0.35802469135802467,0.3180428134556575,margin
qwen3-1.7b,llama-8b,boolq,528,63,0.11931818181818182,475,0.4568421052631579,0.7014507595152756,0.40092165898617516,0.4673323092677931,0.7014507595152756,0.15384615384615385,0.06349206349206349,0.4652631578947368,0.2641509433962264,0.2222222222222222,0.4863157894736842,0.22641509433962265,0.38095238095238093,0.5073684210526316,0.07692307692307693,0.031746031746031744,0.4610526315789474,0.05660377358490566,0.047619047619047616,0.4631578947368421,0.0660377358490566,0.1111111111111111,0.47157894736842104,0.038461538461538464,0.015873015873015872,0.4589473684210526,0.07547169811320754,0.06349206349206349,0.4652631578947368,0.11320754716981132,0.19047619047619047,0.48210526315789476,0.15384615384615385,0.06349206349206349,0.4652631578947368,0.2641509433962264,0.2222222222222222,0.4863157894736842,0.22641509433962265,0.38095238095238093,0.5073684210526316,margin
qwen3-1.7b,llama-8b,geometry_of_truth,1051,109,0.10371075166508087,1000,0.058,0.6603654142075226,0.8584506905081907,0.6457176805157872,0.8584506905081907,0.22641509433962265,0.11009174311926606,0.07,0.18095238095238095,0.1743119266055046,0.077,0.14285714285714285,0.27522935779816515,0.088,0.2641509433962264,0.12844036697247707,0.072,0.2761904761904762,0.26605504587155965,0.087,0.3047619047619048,0.5871559633027523,0.122,0.24528301886792453,0.11926605504587157,0.071,0.26666666666666666,0.25688073394495414,0.086,0.19047619047619047,0.3669724770642202,0.098,0.2641509433962264,0.12844036697247707,0.072,0.2761904761904762,0.26605504587155965,0.087,0.3047619047619048,0.5871559633027523,0.122,anomaly
qwen3-1.7b,llama-8b,imdb,838,62,0.07398568019093078,1018,0.11296660117878192,0.7401272031925508,0.5449991686065846,0.5306992018623212,0.7401272031925508,0.30952380952380953,0.20967741935483872,0.12573673870333987,0.25,0.3387096774193548,0.13359528487229863,0.19047619047619047,0.5161290322580645,0.1444007858546169,0.09523809523809523,0.06451612903225806,0.1168958742632613,0.09523809523809523,0.12903225806451613,0.12082514734774066,0.08333333333333333,0.22580645161290322,0.12671905697445973,0.16666666666666666,0.11290322580645161,0.11984282907662082,0.11904761904761904,0.16129032258064516,0.12278978388998035,0.09523809523809523,0.25806451612903225,0.12868369351669942,0.30952380952380953,0.20967741935483872,0.12573673870333987,0.25,0.3387096774193548,0.13359528487229863,0.19047619047619047,0.5161290322580645,0.1444007858546169,margin
qwen3-1.7b,llama-8b,rte,48,19,0.3958333333333333,62,0.3387096774193548,0.558983666061706,0.3992740471869328,0.5517241379310345,0.558983666061706,0.0,0.0,0.3387096774193548,0.4,0.10526315789473684,0.3709677419354839,0.3,0.15789473684210525,0.3870967741935484,0.0,0.0,0.3387096774193548,0.4,0.10526315789473684,0.3709677419354839,0.3,0.15789473684210525,0.3870967741935484,0.5,0.05263157894736842,0.3548387096774194,0.6,0.15789473684210525,0.3870967741935484,0.6,0.3157894736842105,0.43548387096774194,0.0,0.0,0.3387096774193548,0.4,0.10526315789473684,0.3709677419354839,0.3,0.15789473684210525,0.3870967741935484,margin
qwen3-1.7b,llama-8b,truthfulqa,221,43,0.19457013574660634,327,0.37920489296636084,0.6387509798798015,0.646981970211654,0.4081525999477398,0.646981970211654,0.36363636363636365,0.09302325581395349,0.39143730886850153,0.2727272727272727,0.13953488372093023,0.39755351681957185,0.36363636363636365,0.37209302325581395,0.42813455657492355,0.45454545454545453,0.11627906976744186,0.3944954128440367,0.36363636363636365,0.18604651162790697,0.4036697247706422,0.25,0.2558139534883721,0.41284403669724773,0.0,0.0,0.37920489296636084,0.045454545454545456,0.023255813953488372,0.382262996941896,0.09090909090909091,0.09302325581395349,0.39143730886850153,0.45454545454545453,0.11627906976744186,0.3944954128440367,0.36363636363636365,0.18604651162790697,0.4036697247706422,0.25,0.2558139534883721,0.41284403669724773,anomaly
qwen3-1.7b,olmo3-7b,boolq,707,172,0.24328147100424327,475,0.21894736842105264,0.6549880460769398,0.44918495979134976,0.45912845033688326,0.6549880460769398,0.4,0.08139534883720931,0.24842105263157896,0.38028169014084506,0.1569767441860465,0.27578947368421053,0.3546099290780142,0.29069767441860467,0.32421052631578945,0.14285714285714285,0.029069767441860465,0.2294736842105263,0.15492957746478872,0.06395348837209303,0.24210526315789474,0.1773049645390071,0.14534883720930233,0.27157894736842103,0.14285714285714285,0.029069767441860465,0.2294736842105263,0.1267605633802817,0.05232558139534884,0.23789473684210527,0.16312056737588654,0.13372093023255813,0.2673684210526316,0.4,0.08139534883720931,0.24842105263157896,0.38028169014084506,0.1569767441860465,0.27578947368421053,0.3546099290780142,0.29069767441860467,0.32421052631578945,margin
qwen3-1.7b,olmo3-7b,geometry_of_truth,1106,133,0.12025316455696203,1000,0.111,0.6025315086276843,0.8655734917973248,0.48099436669783396,0.8655734917973248,0.21818181818181817,0.09022556390977443,0.123,0.2072072072072072,0.17293233082706766,0.134,0.18552036199095023,0.3082706766917293,0.152,0.3090909090909091,0.12781954887218044,0.128,0.36036036036036034,0.3007518796992481,0.151,0.3755656108597285,0.6240601503759399,0.194,0.05454545454545454,0.022556390977443608,0.114,0.07207207207207207,0.06015037593984962,0.119,0.12669683257918551,0.21052631578947367,0.139,0.3090909090909091,0.12781954887218044,0.128,0.36036036036036034,0.3007518796992481,0.151,0.3755656108597285,0.6240601503759399,0.194,anomaly
qwen3-1.7b,olmo3-7b,imdb,845,74,0.08757396449704143,1018,0.10412573673870335,0.7281698040452904,0.5030322150944719,0.44621761839660673,0.7281698040452904,0.2857142857142857,0.16216216216216217,0.11591355599214145,0.2857142857142857,0.32432432432432434,0.12770137524557956,0.21301775147928995,0.4864864864864865,0.13948919449901767,0.09523809523809523,0.05405405405405406,0.10805500982318271,0.08333333333333333,0.0945945945945946,0.11100196463654224,0.07692307692307693,0.17567567567567569,0.1168958742632613,0.11904761904761904,0.06756756756756757,0.10903732809430255,0.11904761904761904,0.13513513513513514,0.11394891944990176,0.08875739644970414,0.20270270270270271,0.11886051080550099,0.2857142857142857,0.16216216216216217,0.11591355599214145,0.2857142857142857,0.32432432432432434,0.12770137524557956,0.21301775147928995,0.4864864864864865,0.13948919449901767,margin
qwen3-1.7b,olmo3-7b,rte,48,18,0.375,62,0.3225806451612903,0.5425925925925926,0.38888888888888884,0.6907407407407407,0.6907407407407407,0.0,0.0,0.3225806451612903,0.0,0.0,0.3225806451612903,0.1,0.05555555555555555,0.3387096774193548,0.0,0.0,0.3225806451612903,0.2,0.05555555555555555,0.3387096774193548,0.3,0.16666666666666666,0.3709677419354839,0.0,0.0,0.3225806451612903,0.6,0.16666666666666666,0.3709677419354839,0.6,0.3333333333333333,0.41935483870967744,0.0,0.0,0.3225806451612903,0.6,0.16666666666666666,0.3709677419354839,0.6,0.3333333333333333,0.41935483870967744,spread
qwen3-1.7b,olmo3-7b,truthfulqa,255,66,0.25882352941176473,327,0.22018348623853212,0.7284752284752285,0.6487093153759821,0.5852172518839186,0.7284752284752285,0.46153846153846156,0.09090909090909091,0.23853211009174313,0.5384615384615384,0.21212121212121213,0.26299694189602446,0.5098039215686274,0.3939393939393939,0.2996941896024465,0.46153846153846156,0.09090909090909091,0.23853211009174313,0.38461538461538464,0.15151515151515152,0.25076452599388377,0.39215686274509803,0.30303030303030304,0.28134556574923547,0.23076923076923078,0.045454545454545456,0.22935779816513763,0.19230769230769232,0.07575757575757576,0.23547400611620795,0.27450980392156865,0.21212121212121213,0.26299694189602446,0.46153846153846156,0.09090909090909091,0.23853211009174313,0.5384615384615384,0.21212121212121213,0.26299694189602446,0.5098039215686274,0.3939393939393939,0.2996941896024465,margin
qwen3-1.7b,qwen3-32b,boolq,624,63,0.10096153846153846,475,0.40421052631578946,0.7647624706448235,0.4494808024219788,0.48261324731912963,0.7647624706448235,0.25806451612903225,0.12698412698412698,0.42105263157894735,0.3870967741935484,0.38095238095238093,0.45473684210526316,0.264,0.5238095238095238,0.47368421052631576,0.12903225806451613,0.06349206349206349,0.4126315789473684,0.08064516129032258,0.07936507936507936,0.4147368421052632,0.072,0.14285714285714285,0.4231578947368421,0.03225806451612903,0.015873015873015872,0.4063157894736842,0.0967741935483871,0.09523809523809523,0.4168421052631579,0.104,0.20634920634920634,0.43157894736842106,0.25806451612903225,0.12698412698412698,0.42105263157894735,0.3870967741935484,0.38095238095238093,0.45473684210526316,0.264,0.5238095238095238,0.47368421052631576,margin
qwen3-1.7b,qwen3-32b,geometry_of_truth,993,30,0.030211480362537766,1000,0.124,0.6519210799584632,0.8807892004153686,0.6192454136379371,0.8807892004153686,0.08,0.13333333333333333,0.128,0.10101010101010101,0.3333333333333333,0.134,0.07035175879396985,0.4666666666666667,0.138,0.16,0.26666666666666666,0.132,0.1111111111111111,0.36666666666666664,0.135,0.11055276381909548,0.7333333333333333,0.146,0.14,0.23333333333333334,0.131,0.08080808080808081,0.26666666666666666,0.132,0.07035175879396985,0.4666666666666667,0.138,0.16,0.26666666666666666,0.132,0.1111111111111111,0.36666666666666664,0.135,0.11055276381909548,0.7333333333333333,0.146,anomaly
qwen3-1.7b,qwen3-32b,imdb,839,65,0.07747318235995232,1018,0.09037328094302555,0.7531107135758299,0.5129198966408269,0.41928046114092626,0.7531107135758299,0.23809523809523808,0.15384615384615385,0.10019646365422397,0.2619047619047619,0.3384615384615385,0.11198428290766209,0.19047619047619047,0.49230769230769234,0.12180746561886051,0.09523809523809523,0.06153846153846154,0.09430255402750491,0.09523809523809523,0.12307692307692308,0.09823182711198428,0.07142857142857142,0.18461538461538463,0.10216110019646366,0.023809523809523808,0.015384615384615385,0.09135559921414538,0.05952380952380952,0.07692307692307693,0.09528487229862476,0.05952380952380952,0.15384615384615385,0.10019646365422397,0.23809523809523808,0.15384615384615385,0.10019646365422397,0.2619047619047619,0.3384615384615385,0.11198428290766209,0.19047619047619047,0.49230769230769234,0.12180746561886051,margin
qwen3-1.7b,qwen3-32b,rte,43,15,0.3488372093023256,62,0.3870967741935484,0.8047619047619048,0.4285714285714286,0.6904761904761905,0.8047619047619048,0.5,0.06666666666666667,0.4032258064516129,0.25,0.06666666666666667,0.4032258064516129,0.5555555555555556,0.3333333333333333,0.46774193548387094,0.0,0.0,0.3870967741935484,0.0,0.0,0.3870967741935484,0.2222222222222222,0.13333333333333333,0.41935483870967744,1.0,0.13333333333333333,0.41935483870967744,1.0,0.26666666666666666,0.45161290322580644,0.8888888888888888,0.5333333333333333,0.5161290322580645,0.5,0.06666666666666667,0.4032258064516129,0.25,0.06666666666666667,0.4032258064516129,0.5555555555555556,0.3333333333333333,0.46774193548387094,margin
qwen3-1.7b,qwen3-32b,truthfulqa,221,45,0.20361990950226244,327,0.36085626911314983,0.6883838383838383,0.5976010101010101,0.4377525252525252,0.6883838383838383,0.18181818181818182,0.044444444444444446,0.3669724770642202,0.3181818181818182,0.15555555555555556,0.382262996941896,0.3181818181818182,0.3111111111111111,0.4036697247706422,0.45454545454545453,0.1111111111111111,0.3761467889908257,0.36363636363636365,0.17777777777777778,0.3853211009174312,0.3181818181818182,0.3111111111111111,0.4036697247706422,0.18181818181818182,0.044444444444444446,0.3669724770642202,0.13636363636363635,0.06666666666666667,0.37003058103975534,0.20454545454545456,0.2,0.38837920489296635,0.18181818181818182,0.044444444444444446,0.3669724770642202,0.3181818181818182,0.15555555555555556,0.382262996941896,0.3181818181818182,0.3111111111111111,0.4036697247706422,margin
qwen3-1.7b,qwen3-8b,boolq,612,65,0.10620915032679738,475,0.40842105263157896,0.7348333567711997,0.4107439178737168,0.4887920123751934,0.7348333567711997,0.25806451612903225,0.12307692307692308,0.42526315789473684,0.2459016393442623,0.23076923076923078,0.44,0.23770491803278687,0.4461538461538462,0.4694736842105263,0.0967741935483871,0.046153846153846156,0.4147368421052632,0.08196721311475409,0.07692307692307693,0.4189473684210526,0.06557377049180328,0.12307692307692308,0.42526315789473684,0.06451612903225806,0.03076923076923077,0.4126315789473684,0.08196721311475409,0.07692307692307693,0.4189473684210526,0.09016393442622951,0.16923076923076924,0.43157894736842106,0.25806451612903225,0.12307692307692308,0.42526315789473684,0.2459016393442623,0.23076923076923078,0.44,0.23770491803278687,0.4461538461538462,0.4694736842105263,margin
qwen3-1.7b,qwen3-8b,geometry_of_truth,975,26,0.02666666666666667,1000,0.128,0.6116965226554267,0.8752938315635892,0.6388100834886926,0.8752938315635892,0.08163265306122448,0.15384615384615385,0.132,0.07142857142857142,0.2692307692307692,0.135,0.046153846153846156,0.34615384615384615,0.137,0.10204081632653061,0.19230769230769232,0.133,0.09183673469387756,0.34615384615384615,0.137,0.09743589743589744,0.7307692307692307,0.147,0.10204081632653061,0.19230769230769232,0.133,0.09183673469387756,0.34615384615384615,0.137,0.046153846153846156,0.34615384615384615,0.137,0.10204081632653061,0.19230769230769232,0.133,0.09183673469387756,0.34615384615384615,0.137,0.09743589743589744,0.7307692307692307,0.147,anomaly
qwen3-1.7b,qwen3-8b,imdb,845,69,0.08165680473372781,1018,0.10903732809430255,0.748524577917227,0.49038174211863145,0.38646720454205885,0.748524577917227,0.2857142857142857,0.17391304347826086,0.12082514734774066,0.23809523809523808,0.2898550724637681,0.12868369351669942,0.1893491124260355,0.463768115942029,0.14047151277013753,0.09523809523809523,0.057971014492753624,0.11296660117878192,0.09523809523809523,0.11594202898550725,0.1168958742632613,0.07100591715976332,0.17391304347826086,0.12082514734774066,0.07142857142857142,0.043478260869565216,0.11198428290766209,0.08333333333333333,0.10144927536231885,0.11591355599214145,0.047337278106508875,0.11594202898550725,0.1168958742632613,0.2857142857142857,0.17391304347826086,0.12082514734774066,0.23809523809523808,0.2898550724637681,0.12868369351669942,0.1893491124260355,0.463768115942029,0.14047151277013753,margin
qwen3-1.7b,qwen3-8b,rte,48,20,0.4166666666666667,62,0.22580645161290322,0.6982142857142857,0.45535714285714285,0.6785714285714285,0.6982142857142857,0.5,0.05,0.24193548387096775,0.4,0.1,0.25806451612903225,0.5,0.25,0.3064516129032258,0.5,0.05,0.24193548387096775,0.4,0.1,0.25806451612903225,0.4,0.2,0.2903225806451613,0.5,0.05,0.24193548387096775,0.8,0.2,0.2903225806451613,0.7,0.35,0.3387096774193548,0.5,0.05,0.24193548387096775,0.4,0.1,0.25806451612903225,0.5,0.25,0.3064516129032258,margin
qwen3-1.7b,qwen3-8b,truthfulqa,252,60,0.23809523809523808,327,0.3363914373088685,0.6260416666666667,0.6596354166666666,0.4247395833333333,0.6596354166666666,0.3076923076923077,0.06666666666666667,0.3486238532110092,0.52,0.21666666666666667,0.3761467889908257,0.42,0.35,0.40061162079510704,0.5384615384615384,0.11666666666666667,0.3577981651376147,0.44,0.18333333333333332,0.37003058103975534,0.38,0.31666666666666665,0.3944954128440367,0.07692307692307693,0.016666666666666666,0.3394495412844037,0.16,0.06666666666666667,0.3486238532110092,0.24,0.2,0.3730886850152905,0.5384615384615384,0.11666666666666667,0.3577981651376147,0.44,0.18333333333333332,0.37003058103975534,0.38,0.31666666666666665,0.3944954128440367,anomaly
qwen3-1.7b,qwen3-8b-base,boolq,466,47,0.10085836909871244,475,0.48,0.6861321281673691,0.4923069110851572,0.3476362159142843,0.6861321281673691,0.21739130434782608,0.10638297872340426,0.4905263157894737,0.1702127659574468,0.1702127659574468,0.4968421052631579,0.1935483870967742,0.3829787234042553,0.5178947368421053,0.13043478260869565,0.06382978723404255,0.4863157894736842,0.0851063829787234,0.0851063829787234,0.4884210526315789,0.0967741935483871,0.19148936170212766,0.49894736842105264,0.0,0.0,0.48,0.02127659574468085,0.02127659574468085,0.48210526315789476,0.053763440860215055,0.10638297872340426,0.4905263157894737,0.21739130434782608,0.10638297872340426,0.4905263157894737,0.1702127659574468,0.1702127659574468,0.4968421052631579,0.1935483870967742,0.3829787234042553,0.5178947368421053,margin
qwen3-1.7b,qwen3-8b-base,geometry_of_truth,1044,74,0.07088122605363985,1000,0.091,0.6844246308163836,0.8582056283087212,0.7359152967400391,0.8582056283087212,0.28846153846153844,0.20270270270270271,0.106,0.2403846153846154,0.33783783783783783,0.116,0.14832535885167464,0.4189189189189189,0.122,0.21153846153846154,0.14864864864864866,0.102,0.23076923076923078,0.32432432432432434,0.115,0.22966507177033493,0.6486486486486487,0.139,0.25,0.17567567567567569,0.104,0.2403846153846154,0.33783783783783783,0.116,0.18181818181818182,0.5135135135135135,0.129,0.21153846153846154,0.14864864864864866,0.102,0.23076923076923078,0.32432432432432434,0.115,0.22966507177033493,0.6486486486486487,0.139,anomaly
qwen3-1.7b,qwen3-8b-base,imdb,842,67,0.07957244655581948,1018,0.09921414538310412,0.6802888781896967,0.5368512277323062,0.5171497351949927,0.6802888781896967,0.21428571428571427,0.13432835820895522,0.10805500982318271,0.25,0.31343283582089554,0.11984282907662082,0.17857142857142858,0.44776119402985076,0.12868369351669942,0.11904761904761904,0.07462686567164178,0.10412573673870335,0.09523809523809523,0.11940298507462686,0.10707269155206287,0.07142857142857142,0.1791044776119403,0.11100196463654224,0.16666666666666666,0.1044776119402985,0.10609037328094302,0.14285714285714285,0.1791044776119403,0.11100196463654224,0.13095238095238096,0.3283582089552239,0.12082514734774066,0.21428571428571427,0.13432835820895522,0.10805500982318271,0.25,0.31343283582089554,0.11984282907662082,0.17857142857142858,0.44776119402985076,0.12868369351669942,margin
qwen3-1.7b,qwen3-8b-base,rte,50,20,0.4,62,0.24193548387096775,0.685,0.4633333333333333,0.5733333333333333,0.685,0.0,0.0,0.24193548387096775,0.4,0.1,0.27419354838709675,0.4,0.2,0.3064516129032258,0.0,0.0,0.24193548387096775,0.4,0.1,0.27419354838709675,0.4,0.2,0.3064516129032258,1.0,0.1,0.27419354838709675,1.0,0.25,0.3225806451612903,0.7,0.35,0.3548387096774194,0.0,0.0,0.24193548387096775,0.4,0.1,0.27419354838709675,0.4,0.2,0.3064516129032258,margin
qwen3-1.7b,qwen3-8b-base,truthfulqa,200,40,0.2,327,0.43425076452599387,0.65,0.681875,0.33203125000000006,0.681875,0.4,0.1,0.44648318042813456,0.45,0.225,0.4617737003058104,0.325,0.325,0.4740061162079511,0.1,0.025,0.43730886850152906,0.25,0.125,0.44954128440366975,0.375,0.375,0.4801223241590214,0.0,0.0,0.43425076452599387,0.0,0.0,0.43425076452599387,0.025,0.025,0.43730886850152906,0.1,0.025,0.43730886850152906,0.25,0.125,0.44954128440366975,0.375,0.375,0.4801223241590214,anomaly
qwen3-1.7b,qwen38-27b,boolq,559,32,0.057245080500894455,475,0.4673684210526316,0.7026209677419355,0.45327324478178366,0.4386859582542694,0.7026209677419355,0.21428571428571427,0.1875,0.48,0.14285714285714285,0.25,0.4842105263157895,0.11607142857142858,0.40625,0.49473684210526314,0.07142857142857142,0.0625,0.47157894736842104,0.05357142857142857,0.09375,0.47368421052631576,0.044642857142857144,0.15625,0.47789473684210526,0.03571428571428571,0.03125,0.4694736842105263,0.05357142857142857,0.09375,0.47368421052631576,0.044642857142857144,0.15625,0.47789473684210526,0.21428571428571427,0.1875,0.48,0.14285714285714285,0.25,0.4842105263157895,0.11607142857142858,0.40625,0.49473684210526314,margin
qwen3-1.7b,qwen38-27b,geometry_of_truth,1017,48,0.0471976401179941,1000,0.106,0.6343739250085999,0.8963063295493636,0.772596319229446,0.8963063295493636,0.09803921568627451,0.10416666666666667,0.111,0.10784313725490197,0.22916666666666666,0.117,0.08374384236453201,0.3541666666666667,0.123,0.2549019607843137,0.2708333333333333,0.119,0.20588235294117646,0.4375,0.127,0.19704433497536947,0.8333333333333334,0.146,0.27450980392156865,0.2916666666666667,0.12,0.21568627450980393,0.4583333333333333,0.128,0.1477832512315271,0.625,0.136,0.2549019607843137,0.2708333333333333,0.119,0.20588235294117646,0.4375,0.127,0.19704433497536947,0.8333333333333334,0.146,anomaly
qwen3-1.7b,qwen38-27b,rte,51,22,0.43137254901960786,62,0.1935483870967742,0.7429467084639498,0.4482758620689655,0.7053291536050157,0.7429467084639498,0.0,0.0,0.1935483870967742,0.4,0.09090909090909091,0.22580645161290322,0.5,0.22727272727272727,0.27419354838709675,0.3333333333333333,0.045454545454545456,0.20967741935483872,0.2,0.045454545454545456,0.20967741935483872,0.4,0.18181818181818182,0.25806451612903225,1.0,0.13636363636363635,0.24193548387096775,1.0,0.22727272727272727,0.27419354838709675,0.9,0.4090909090909091,0.3387096774193548,0.0,0.0,0.1935483870967742,0.4,0.09090909090909091,0.22580645161290322,0.5,0.22727272727272727,0.27419354838709675,margin
qwen3-1.7b,qwen38-27b,truthfulqa,236,66,0.2796610169491525,327,0.3333333333333333,0.5746880570409982,0.6126559714795009,0.44402852049910874,0.6126559714795009,0.4166666666666667,0.07575757575757576,0.3486238532110092,0.375,0.13636363636363635,0.36085626911314983,0.40425531914893614,0.2878787878787879,0.39143730886850153,0.4166666666666667,0.07575757575757576,0.3486238532110092,0.4166666666666667,0.15151515151515152,0.363914373088685,0.3829787234042553,0.2727272727272727,0.38837920489296635,0.25,0.045454545454545456,0.3425076452599388,0.20833333333333334,0.07575757575757576,0.3486238532110092,0.23404255319148937,0.16666666666666666,0.3669724770642202,0.4166666666666667,0.07575757575757576,0.3486238532110092,0.4166666666666667,0.15151515151515152,0.363914373088685,0.3829787234042553,0.2727272727272727,0.38837920489296635,anomaly
qwen3-8b,gemma4-12b,boolq,478,62,0.1297071129707113,475,0.5157894736842106,0.6564826302729528,0.4396712158808933,0.46859491315136476,0.6564826302729528,0.125,0.04838709677419355,0.5221052631578947,0.10416666666666667,0.08064516129032258,0.5263157894736842,0.1875,0.2903225806451613,0.5536842105263158,0.08333333333333333,0.03225806451612903,0.52,0.08333333333333333,0.06451612903225806,0.5242105263157895,0.0625,0.0967741935483871,0.5284210526315789,0.08333333333333333,0.03225806451612903,0.52,0.16666666666666666,0.12903225806451613,0.5326315789473685,0.11458333333333333,0.1774193548387097,0.5389473684210526,0.125,0.04838709677419355,0.5221052631578947,0.10416666666666667,0.08064516129032258,0.5263157894736842,0.1875,0.2903225806451613,0.5536842105263158,margin
qwen3-8b,gemma4-12b,geometry_of_truth,506,8,0.015810276679841896,1000,0.419,0.7442269076305221,0.9221887550200804,0.3125,0.9221887550200804,0.0,0.0,0.419,0.0,0.0,0.419,0.0297029702970297,0.375,0.422,0.12,0.375,0.422,0.09803921568627451,0.625,0.424,0.07920792079207921,1.0,0.427,0.0,0.0,0.419,0.0,0.0,0.419,0.009900990099009901,0.125,0.42,0.12,0.375,0.422,0.09803921568627451,0.625,0.424,0.07920792079207921,1.0,0.427,anomaly
qwen3-8b,gemma4-12b,imdb,352,32,0.09090909090909091,1018,0.3762278978388998,0.6556640625,0.50478515625,0.33291015625,0.6556640625,0.2777777777777778,0.15625,0.381139489194499,0.2857142857142857,0.3125,0.38605108055009824,0.17142857142857143,0.375,0.3880157170923379,0.0,0.0,0.3762278978388998,0.0,0.0,0.3762278978388998,0.05714285714285714,0.125,0.3801571709233792,0.1111111111111111,0.0625,0.3781925343811395,0.05714285714285714,0.0625,0.3781925343811395,0.04285714285714286,0.09375,0.3791748526522593,0.2777777777777778,0.15625,0.381139489194499,0.2857142857142857,0.3125,0.38605108055009824,0.17142857142857143,0.375,0.3880157170923379,margin
qwen3-8b,gemma4-12b,rte,46,21,0.45652173913043476,62,0.3225806451612903,0.7428571428571429,0.46476190476190476,0.6095238095238096,0.7428571428571429,0.5,0.047619047619047616,0.3387096774193548,0.8,0.19047619047619047,0.3870967741935484,0.5555555555555556,0.23809523809523808,0.4032258064516129,0.5,0.047619047619047616,0.3387096774193548,0.4,0.09523809523809523,0.3548387096774194,0.3333333333333333,0.14285714285714285,0.3709677419354839,1.0,0.09523809523809523,0.3548387096774194,0.8,0.19047619047619047,0.3870967741935484,0.6666666666666666,0.2857142857142857,0.41935483870967744,0.5,0.047619047619047616,0.3387096774193548,0.8,0.19047619047619047,0.3870967741935484,0.5555555555555556,0.23809523809523808,0.4032258064516129,margin
qwen3-8b,gemma4-12b,truthfulqa,220,57,0.2590909090909091,327,0.40672782874617736,0.6612851146270584,0.6284576471854484,0.489505973522764,0.6612851146270584,0.36363636363636365,0.07017543859649122,0.41896024464831805,0.36363636363636365,0.14035087719298245,0.43119266055045874,0.38636363636363635,0.2982456140350877,0.45871559633027525,0.45454545454545453,0.08771929824561403,0.42201834862385323,0.45454545454545453,0.17543859649122806,0.43730886850152906,0.36363636363636365,0.2807017543859649,0.45565749235474007,0.2727272727272727,0.05263157894736842,0.41590214067278286,0.18181818181818182,0.07017543859649122,0.41896024464831805,0.18181818181818182,0.14035087719298245,0.43119266055045874,0.36363636363636365,0.07017543859649122,0.41896024464831805,0.36363636363636365,0.14035087719298245,0.43119266055045874,0.38636363636363635,0.2982456140350877,0.45871559633027525,margin
qwen3-8b,gemma4-12b-base,boolq,612,72,0.11764705882352941,475,0.4063157894736842,0.7478395061728396,0.45740740740740743,0.4786265432098765,0.7478395061728396,0.16129032258064516,0.06944444444444445,0.4168421052631579,0.26229508196721313,0.2222222222222222,0.44,0.2459016393442623,0.4166666666666667,0.4694736842105263,0.06451612903225806,0.027777777777777776,0.4105263157894737,0.04918032786885246,0.041666666666666664,0.4126315789473684,0.08196721311475409,0.1388888888888889,0.42736842105263156,0.03225806451612903,0.013888888888888888,0.40842105263157896,0.06557377049180328,0.05555555555555555,0.4147368421052632,0.09836065573770492,0.16666666666666666,0.43157894736842106,0.16129032258064516,0.06944444444444445,0.4168421052631579,0.26229508196721313,0.2222222222222222,0.44,0.2459016393442623,0.4166666666666667,0.4694736842105263,margin
qwen3-8b,gemma4-12b-base,geometry_of_truth,954,22,0.023060796645702306,1000,0.076,0.7796039797112758,0.8874853687085447,0.5561353882169332,0.8874853687085447,0.1875,0.4090909090909091,0.085,0.11578947368421053,0.5,0.087,0.06806282722513089,0.5909090909090909,0.089,0.08333333333333333,0.18181818181818182,0.08,0.11578947368421053,0.5,0.087,0.08900523560209424,0.7727272727272727,0.093,0.020833333333333332,0.045454545454545456,0.077,0.021052631578947368,0.09090909090909091,0.078,0.031413612565445025,0.2727272727272727,0.082,0.08333333333333333,0.18181818181818182,0.08,0.11578947368421053,0.5,0.087,0.08900523560209424,0.7727272727272727,0.093,anomaly
qwen3-8b,gemma4-12b-base,imdb,359,30,0.08356545961002786,1018,0.27013752455795675,0.6561296859169199,0.5228976697061803,0.3909827760891591,0.6561296859169199,0.2777777777777778,0.16666666666666666,0.275049115913556,0.19444444444444445,0.23333333333333334,0.2770137524557957,0.1527777777777778,0.36666666666666664,0.28094302554027506,0.0,0.0,0.27013752455795675,0.0,0.0,0.27013752455795675,0.041666666666666664,0.1,0.2730844793713163,0.05555555555555555,0.03333333333333333,0.27111984282907664,0.1111111111111111,0.13333333333333333,0.27406679764243613,0.06944444444444445,0.16666666666666666,0.275049115913556,0.2777777777777778,0.16666666666666666,0.275049115913556,0.19444444444444445,0.23333333333333334,0.2770137524557957,0.1527777777777778,0.36666666666666664,0.28094302554027506,margin
qwen3-8b,gemma4-12b-base,rte,58,20,0.3448275862068966,62,0.22580645161290322,0.6776315789473684,0.5592105263157895,0.6144736842105263,0.6776315789473684,0.6666666666666666,0.1,0.25806451612903225,0.3333333333333333,0.1,0.25806451612903225,0.3333333333333333,0.2,0.2903225806451613,0.6666666666666666,0.1,0.25806451612903225,0.3333333333333333,0.1,0.25806451612903225,0.3333333333333333,0.2,0.2903225806451613,0.3333333333333333,0.05,0.24193548387096775,0.3333333333333333,0.1,0.25806451612903225,0.5833333333333334,0.35,0.3387096774193548,0.6666666666666666,0.1,0.25806451612903225,0.3333333333333333,0.1,0.25806451612903225,0.3333333333333333,0.2,0.2903225806451613,margin
qwen3-8b,gemma4-12b-base,truthfulqa,187,29,0.15508021390374332,327,0.3547400611620795,0.6294194674814491,0.5912265386294195,0.3579223046704496,0.6294194674814491,0.1111111111111111,0.034482758620689655,0.3577981651376147,0.21052631578947367,0.13793103448275862,0.3669724770642202,0.21621621621621623,0.27586206896551724,0.37920489296636084,0.3333333333333333,0.10344827586206896,0.363914373088685,0.2631578947368421,0.1724137931034483,0.37003058103975534,0.21621621621621623,0.27586206896551724,0.37920489296636084,0.0,0.0,0.3547400611620795,0.0,0.0,0.3547400611620795,0.0,0.0,0.3547400611620795,0.1111111111111111,0.034482758620689655,0.3577981651376147,0.21052631578947367,0.13793103448275862,0.3669724770642202,0.21621621621621623,0.27586206896551724,0.37920489296636084,margin
qwen3-8b,gemma4-31b,boolq,609,53,0.08702791461412152,475,0.2926315789473684,0.7139609067463011,0.39188272023890325,0.4844916519614497,0.7139609067463011,0.23333333333333334,0.1320754716981132,0.30736842105263157,0.18032786885245902,0.20754716981132076,0.3157894736842105,0.1557377049180328,0.3584905660377358,0.33263157894736844,0.03333333333333333,0.018867924528301886,0.29473684210526313,0.04918032786885246,0.05660377358490566,0.29894736842105263,0.04918032786885246,0.11320754716981132,0.30526315789473685,0.03333333333333333,0.018867924528301886,0.29473684210526313,0.11475409836065574,0.1320754716981132,0.30736842105263157,0.10655737704918032,0.24528301886792453,0.32,0.23333333333333334,0.1320754716981132,0.30736842105263157,0.18032786885245902,0.20754716981132076,0.3157894736842105,0.1557377049180328,0.3584905660377358,0.33263157894736844,margin
qwen3-8b,gemma4-31b,geometry_of_truth,745,6,0.008053691275167786,1000,0.15,0.8405502931889941,0.9821831303563374,0.6991429860171403,0.9821831303563374,0.0,0.0,0.15,0.02702702702702703,0.3333333333333333,0.152,0.020134228187919462,0.5,0.153,0.16216216216216217,1.0,0.156,0.08108108108108109,1.0,0.156,0.040268456375838924,1.0,0.156,0.02702702702702703,0.16666666666666666,0.151,0.013513513513513514,0.16666666666666666,0.151,0.013422818791946308,0.3333333333333333,0.152,0.16216216216216217,1.0,0.156,0.08108108108108109,1.0,0.156,0.040268456375838924,1.0,0.156,anomaly
qwen3-8b,gemma4-31b,rte,50,22,0.44,62,0.24193548387096775,0.7581168831168831,0.5,0.5454545454545454,0.7581168831168831,1.0,0.09090909090909091,0.27419354838709675,0.6,0.13636363636363635,0.2903225806451613,0.5,0.22727272727272727,0.3225806451612903,1.0,0.09090909090909091,0.27419354838709675,0.6,0.13636363636363635,0.2903225806451613,0.5,0.22727272727272727,0.3225806451612903,0.0,0.0,0.24193548387096775,0.2,0.045454545454545456,0.25806451612903225,0.5,0.22727272727272727,0.3225806451612903,1.0,0.09090909090909091,0.27419354838709675,0.6,0.13636363636363635,0.2903225806451613,0.5,0.22727272727272727,0.3225806451612903,margin
qwen3-8b,gemma4-31b,truthfulqa,220,45,0.20454545454545456,327,0.37003058103975534,0.7758730158730158,0.6253968253968254,0.4673015873015873,0.7758730158730158,0.36363636363636365,0.08888888888888889,0.382262996941896,0.36363636363636365,0.17777777777777778,0.3944954128440367,0.45454545454545453,0.4444444444444444,0.43119266055045874,0.36363636363636365,0.08888888888888889,0.382262996941896,0.3181818181818182,0.15555555555555556,0.39143730886850153,0.29545454545454547,0.28888888888888886,0.40978593272171254,0.09090909090909091,0.022222222222222223,0.3730886850152905,0.2727272727272727,0.13333333333333333,0.38837920489296635,0.20454545454545456,0.2,0.39755351681957185,0.36363636363636365,0.08888888888888889,0.382262996941896,0.36363636363636365,0.17777777777777778,0.3944954128440367,0.45454545454545453,0.4444444444444444,0.43119266055045874,margin
qwen3-8b,llama-8b,boolq,595,56,0.09411764705882353,475,0.24210526315789474,0.7088523721176782,0.46518022793533,0.48273919957593436,0.7088523721176782,0.1,0.05357142857142857,0.24842105263157896,0.08333333333333333,0.08928571428571429,0.25263157894736843,0.17647058823529413,0.375,0.2863157894736842,0.03333333333333333,0.017857142857142856,0.24421052631578946,0.03333333333333333,0.03571428571428571,0.2463157894736842,0.05042016806722689,0.10714285714285714,0.25473684210526315,0.13333333333333333,0.07142857142857142,0.2505263157894737,0.1,0.10714285714285714,0.25473684210526315,0.11764705882352941,0.25,0.27157894736842103,0.1,0.05357142857142857,0.24842105263157896,0.08333333333333333,0.08928571428571429,0.25263157894736843,0.17647058823529413,0.375,0.2863157894736842,margin
qwen3-8b,llama-8b,geometry_of_truth,971,26,0.026776519052523172,1000,0.096,0.6241758241758242,0.8790394790394791,0.36052096052096055,0.8790394790394791,0.04081632653061224,0.07692307692307693,0.098,0.061855670103092786,0.23076923076923078,0.102,0.04639175257731959,0.34615384615384615,0.105,0.08163265306122448,0.15384615384615385,0.1,0.12371134020618557,0.46153846153846156,0.108,0.0979381443298969,0.7307692307692307,0.115,0.0,0.0,0.096,0.0,0.0,0.096,0.005154639175257732,0.038461538461538464,0.097,0.08163265306122448,0.15384615384615385,0.1,0.12371134020618557,0.46153846153846156,0.108,0.0979381443298969,0.7307692307692307,0.115,anomaly
qwen3-8b,llama-8b,imdb,973,83,0.08530318602261049,1018,0.08447937131630648,0.8114119398944091,0.4779612833355895,0.571395695140111,0.8114119398944091,0.4489795918367347,0.26506024096385544,0.10609037328094302,0.35051546391752575,0.40963855421686746,0.11787819253438114,0.28205128205128205,0.6626506024096386,0.13850687622789784,0.061224489795918366,0.03614457831325301,0.08742632612966601,0.05154639175257732,0.060240963855421686,0.0893909626719057,0.05641025641025641,0.13253012048192772,0.09528487229862476,0.1836734693877551,0.10843373493975904,0.09332023575638507,0.12371134020618557,0.14457831325301204,0.0962671905697446,0.11794871794871795,0.27710843373493976,0.10707269155206287,0.4489795918367347,0.26506024096385544,0.10609037328094302,0.35051546391752575,0.40963855421686746,0.11787819253438114,0.28205128205128205,0.6626506024096386,0.13850687622789784,margin
qwen3-8b,llama-8b,rte,56,16,0.2857142857142857,62,0.3064516129032258,0.7640625,0.546875,0.5203125,0.7640625,0.6666666666666666,0.125,0.3387096774193548,0.3333333333333333,0.125,0.3387096774193548,0.5454545454545454,0.375,0.4032258064516129,0.3333333333333333,0.0625,0.3225806451612903,0.3333333333333333,0.125,0.3387096774193548,0.2727272727272727,0.1875,0.3548387096774194,0.3333333333333333,0.0625,0.3225806451612903,0.3333333333333333,0.125,0.3387096774193548,0.36363636363636365,0.25,0.3709677419354839,0.6666666666666666,0.125,0.3387096774193548,0.3333333333333333,0.125,0.3387096774193548,0.5454545454545454,0.375,0.4032258064516129,margin
qwen3-8b,llama-8b,truthfulqa,257,55,0.2140077821011673,327,0.22629969418960244,0.7171917191719172,0.6394239423942394,0.43591359135913593,0.7171917191719172,0.5384615384615384,0.12727272727272726,0.24770642201834864,0.46153846153846156,0.21818181818181817,0.26299694189602446,0.4117647058823529,0.38181818181818183,0.290519877675841,0.46153846153846156,0.10909090909090909,0.24464831804281345,0.38461538461538464,0.18181818181818182,0.25688073394495414,0.3137254901960784,0.2909090909090909,0.27522935779816515,0.15384615384615385,0.03636363636363636,0.2324159021406728,0.11538461538461539,0.05454545454545454,0.23547400611620795,0.11764705882352941,0.10909090909090909,0.24464831804281345,0.5384615384615384,0.12727272727272726,0.24770642201834864,0.46153846153846156,0.21818181818181817,0.26299694189602446,0.4117647058823529,0.38181818181818183,0.290519877675841,margin
qwen3-8b,qwen3-32b,boolq,705,60,0.0851063829787234,475,0.1726315789473684,0.7417571059431525,0.4819121447028424,0.5351937984496125,0.7417571059431525,0.14285714285714285,0.08333333333333333,0.1831578947368421,0.22857142857142856,0.26666666666666666,0.2063157894736842,0.19858156028368795,0.4666666666666667,0.23157894736842105,0.08571428571428572,0.05,0.17894736842105263,0.05714285714285714,0.06666666666666667,0.18105263157894738,0.07092198581560284,0.16666666666666666,0.1936842105263158,0.08571428571428572,0.05,0.17894736842105263,0.11428571428571428,0.13333333333333333,0.18947368421052632,0.11347517730496454,0.26666666666666666,0.2063157894736842,0.14285714285714285,0.08333333333333333,0.1831578947368421,0.22857142857142856,0.26666666666666666,0.2063157894736842,0.19858156028368795,0.4666666666666667,0.23157894736842105,margin
qwen3-8b,qwen3-32b,geometry_of_truth,994,22,0.022132796780684104,1000,0.012,0.7940048634493079,0.8939393939393939,0.5195940890385335,0.8939393939393939,0.16,0.36363636363636365,0.02,0.1111111111111111,0.5,0.023,0.07035175879396985,0.6363636363636364,0.026,0.08,0.18181818181818182,0.016,0.12121212121212122,0.5454545454545454,0.024,0.09547738693467336,0.8636363636363636,0.031,0.02,0.045454545454545456,0.013,0.04040404040404041,0.18181818181818182,0.016,0.02512562814070352,0.22727272727272727,0.017,0.08,0.18181818181818182,0.016,0.12121212121212122,0.5454545454545454,0.024,0.09547738693467336,0.8636363636363636,0.031,anomaly
qwen3-8b,qwen3-32b,imdb,997,92,0.09227683049147442,1018,0.05009823182711198,0.8164905116502522,0.46504924333413405,0.623024261349988,0.8164905116502522,0.38,0.20652173913043478,0.068762278978389,0.39,0.42391304347826086,0.08840864440078586,0.2964824120603015,0.6413043478260869,0.10805500982318271,0.06,0.03260869565217391,0.05304518664047151,0.07,0.07608695652173914,0.05697445972495088,0.06030150753768844,0.13043478260869565,0.0618860510805501,0.18,0.09782608695652174,0.05893909626719057,0.22,0.2391304347826087,0.07170923379174853,0.18090452261306533,0.391304347826087,0.08546168958742632,0.38,0.20652173913043478,0.068762278978389,0.39,0.42391304347826086,0.08840864440078586,0.2964824120603015,0.6413043478260869,0.10805500982318271,margin
qwen3-8b,qwen3-32b,rte,57,14,0.24561403508771928,62,0.2903225806451613,0.8588039867109636,0.5116279069767442,0.5083056478405316,0.8588039867109636,0.6666666666666666,0.14285714285714285,0.3225806451612903,0.5,0.21428571428571427,0.3387096774193548,0.5454545454545454,0.42857142857142855,0.3870967741935484,0.0,0.0,0.2903225806451613,0.3333333333333333,0.14285714285714285,0.3225806451612903,0.2727272727272727,0.21428571428571427,0.3387096774193548,0.3333333333333333,0.07142857142857142,0.3064516129032258,0.16666666666666666,0.07142857142857142,0.3064516129032258,0.18181818181818182,0.14285714285714285,0.3225806451612903,0.6666666666666666,0.14285714285714285,0.3225806451612903,0.5,0.21428571428571427,0.3387096774193548,0.5454545454545454,0.42857142857142855,0.3870967741935484,margin
qwen3-8b,qwen3-32b,truthfulqa,269,59,0.21933085501858737,327,0.19571865443425077,0.6927360774818402,0.5995964487489911,0.4617433414043583,0.6927360774818402,0.5384615384615384,0.11864406779661017,0.21712538226299694,0.4074074074074074,0.1864406779661017,0.22935779816513763,0.3888888888888889,0.3559322033898305,0.2599388379204893,0.46153846153846156,0.1016949152542373,0.21406727828746178,0.4444444444444444,0.2033898305084746,0.2324159021406728,0.3888888888888889,0.3559322033898305,0.2599388379204893,0.07692307692307693,0.01694915254237288,0.19877675840978593,0.1111111111111111,0.05084745762711865,0.20489296636085627,0.14814814814814814,0.13559322033898305,0.22018348623853212,0.5384615384615384,0.11864406779661017,0.21712538226299694,0.4074074074074074,0.1864406779661017,0.22935779816513763,0.3888888888888889,0.3559322033898305,0.2599388379204893,margin
qwen3-8b,qwen3-8b-base,boolq,561,48,0.0855614973262032,475,0.23157894736842105,0.6810428849902534,0.48497400909681615,0.5715562053281352,0.6810428849902534,0.17857142857142858,0.10416666666666667,0.24210526315789474,0.10714285714285714,0.125,0.24421052631578946,0.16071428571428573,0.375,0.2694736842105263,0.03571428571428571,0.020833333333333332,0.2336842105263158,0.017857142857142856,0.020833333333333332,0.2336842105263158,0.0625,0.14583333333333334,0.2463157894736842,0.07142857142857142,0.041666666666666664,0.23578947368421052,0.07142857142857142,0.08333333333333333,0.24,0.09821428571428571,0.22916666666666666,0.25473684210526315,0.17857142857142858,0.10416666666666667,0.24210526315789474,0.10714285714285714,0.125,0.24421052631578946,0.16071428571428573,0.375,0.2694736842105263,margin
qwen3-8b,qwen3-8b-base,geometry_of_truth,1002,25,0.0249500998003992,1000,0.061,0.6773797338792221,0.8879426816786079,0.518689866939611,0.8879426816786079,0.16,0.32,0.069,0.09,0.36,0.07,0.06,0.48,0.073,0.1,0.2,0.066,0.11,0.44,0.072,0.1,0.8,0.081,0.12,0.24,0.067,0.06,0.24,0.067,0.035,0.28,0.068,0.1,0.2,0.066,0.11,0.44,0.072,0.1,0.8,0.081,anomaly
qwen3-8b,qwen3-8b-base,imdb,966,80,0.08281573498964803,1018,0.08644400785854617,0.764630361173815,0.464573927765237,0.40307562076749437,0.764630361173815,0.3958333333333333,0.2375,0.10510805500982318,0.35051546391752575,0.425,0.11984282907662082,0.24870466321243523,0.6,0.13359528487229863,0.08333333333333333,0.05,0.09037328094302555,0.061855670103092786,0.075,0.09233791748526522,0.06217616580310881,0.15,0.09823182711198428,0.0625,0.0375,0.0893909626719057,0.05154639175257732,0.0625,0.09135559921414538,0.046632124352331605,0.1125,0.09528487229862476,0.3958333333333333,0.2375,0.10510805500982318,0.35051546391752575,0.425,0.11984282907662082,0.24870466321243523,0.6,0.13359528487229863,margin
qwen3-8b,qwen3-8b-base,rte,61,18,0.29508196721311475,62,0.1774193548387097,0.8372093023255813,0.5607235142118863,0.3423772609819121,0.8372093023255813,0.6666666666666666,0.1111111111111111,0.20967741935483872,0.5,0.16666666666666666,0.22580645161290322,0.5833333333333334,0.3888888888888889,0.2903225806451613,0.3333333333333333,0.05555555555555555,0.1935483870967742,0.3333333333333333,0.1111111111111111,0.20967741935483872,0.3333333333333333,0.2222222222222222,0.24193548387096775,0.0,0.0,0.1774193548387097,0.0,0.0,0.1774193548387097,0.16666666666666666,0.1111111111111111,0.20967741935483872,0.6666666666666666,0.1111111111111111,0.20967741935483872,0.5,0.16666666666666666,0.22580645161290322,0.5833333333333334,0.3888888888888889,0.2903225806451613,margin
qwen3-8b,qwen3-8b-base,truthfulqa,246,55,0.22357723577235772,327,0.26299694189602446,0.6921465968586387,0.6825321275583056,0.4860542598762494,0.6921465968586387,0.5,0.10909090909090909,0.28134556574923547,0.36,0.16363636363636364,0.290519877675841,0.3469387755102041,0.3090909090909091,0.3149847094801223,0.3333333333333333,0.07272727272727272,0.27522935779816515,0.36,0.16363636363636364,0.290519877675841,0.3469387755102041,0.3090909090909091,0.3149847094801223,0.25,0.05454545454545454,0.27217125382262997,0.16,0.07272727272727272,0.27522935779816515,0.20408163265306123,0.18181818181818182,0.29357798165137616,0.5,0.10909090909090909,0.28134556574923547,0.36,0.16363636363636364,0.290519877675841,0.3469387755102041,0.3090909090909091,0.3149847094801223,margin
qwen3-8b,qwen38-27b,boolq,657,42,0.0639269406392694,475,0.18105263157894738,0.737862950058072,0.4632984901277585,0.656523422377081,0.737862950058072,0.15151515151515152,0.11904761904761904,0.19157894736842104,0.15151515151515152,0.23809523809523808,0.20210526315789473,0.16030534351145037,0.5,0.22526315789473683,0.06060606060606061,0.047619047619047616,0.18526315789473685,0.030303030303030304,0.047619047619047616,0.18526315789473685,0.03816793893129771,0.11904761904761904,0.19157894736842104,0.06060606060606061,0.047619047619047616,0.18526315789473685,0.10606060606060606,0.16666666666666666,0.1957894736842105,0.12213740458015267,0.38095238095238093,0.21473684210526317,0.15151515151515152,0.11904761904761904,0.19157894736842104,0.15151515151515152,0.23809523809523808,0.20210526315789473,0.16030534351145037,0.5,0.22526315789473683,margin
qwen3-8b,qwen38-27b,geometry_of_truth,1002,25,0.0249500998003992,1000,0.024,0.7055885363357216,0.8902354145342887,0.412446264073695,0.8902354145342887,0.2,0.4,0.034,0.12,0.48,0.036,0.07,0.56,0.038,0.08,0.16,0.028,0.12,0.48,0.036,0.1,0.8,0.044,0.0,0.0,0.024,0.0,0.0,0.024,0.01,0.08,0.026,0.08,0.16,0.028,0.12,0.48,0.036,0.1,0.8,0.044,anomaly
qwen3-8b,qwen38-27b,rte,65,21,0.3230769230769231,62,0.0967741935483871,0.8528138528138529,0.5487012987012987,0.3841991341991342,0.8528138528138529,0.6666666666666666,0.09523809523809523,0.12903225806451613,0.6666666666666666,0.19047619047619047,0.16129032258064516,0.5384615384615384,0.3333333333333333,0.20967741935483872,0.6666666666666666,0.09523809523809523,0.12903225806451613,0.3333333333333333,0.09523809523809523,0.12903225806451613,0.38461538461538464,0.23809523809523808,0.1774193548387097,0.0,0.0,0.0967741935483871,0.0,0.0,0.0967741935483871,0.15384615384615385,0.09523809523809523,0.12903225806451613,0.6666666666666666,0.09523809523809523,0.12903225806451613,0.6666666666666666,0.19047619047619047,0.16129032258064516,0.5384615384615384,0.3333333333333333,0.20967741935483872,margin
qwen3-8b,qwen38-27b,truthfulqa,256,68,0.265625,327,0.2415902140672783,0.6248435544430538,0.5431007509386734,0.48294743429286613,0.6248435544430538,0.38461538461538464,0.07352941176470588,0.25688073394495414,0.38461538461538464,0.14705882352941177,0.27217125382262997,0.3333333333333333,0.25,0.29357798165137616,0.5384615384615384,0.10294117647058823,0.26299694189602446,0.5,0.19117647058823528,0.28134556574923547,0.39215686274509803,0.29411764705882354,0.30275229357798167,0.23076923076923078,0.04411764705882353,0.25076452599388377,0.2692307692307692,0.10294117647058823,0.26299694189602446,0.23529411764705882,0.17647058823529413,0.2782874617737003,0.38461538461538464,0.07352941176470588,0.25688073394495414,0.38461538461538464,0.14705882352941177,0.27217125382262997,0.3333333333333333,0.25,0.29357798165137616,margin
qwen3-8b-base,gemma4-12b,boolq,330,41,0.12424242424242424,475,0.6,0.6034264494894085,0.540214364081357,0.38821841505612287,0.6034264494894085,0.125,0.04878048780487805,0.6042105263157894,0.21212121212121213,0.17073170731707318,0.6147368421052631,0.15151515151515152,0.24390243902439024,0.6210526315789474,0.0625,0.024390243902439025,0.6021052631578947,0.12121212121212122,0.0975609756097561,0.608421052631579,0.13636363636363635,0.21951219512195122,0.6189473684210526,0.0,0.0,0.6,0.030303030303030304,0.024390243902439025,0.6021052631578947,0.030303030303030304,0.04878048780487805,0.6042105263157894,0.125,0.04878048780487805,0.6042105263157894,0.21212121212121213,0.17073170731707318,0.6147368421052631,0.15151515151515152,0.24390243902439024,0.6210526315789474,margin
qwen3-8b-base,gemma4-12b,geometry_of_truth,543,32,0.058931860036832415,1000,0.43,0.6915973581213307,0.8902886497064579,0.3567759295499021,0.8902886497064579,0.0,0.0,0.43,0.037037037037037035,0.0625,0.432,0.11926605504587157,0.40625,0.443,0.14814814814814814,0.125,0.434,0.2222222222222222,0.375,0.442,0.23853211009174313,0.8125,0.456,0.1111111111111111,0.09375,0.433,0.05555555555555555,0.09375,0.433,0.027522935779816515,0.09375,0.433,0.14814814814814814,0.125,0.434,0.2222222222222222,0.375,0.442,0.23853211009174313,0.8125,0.456,anomaly
qwen3-8b-base,gemma4-12b,imdb,378,50,0.13227513227513227,1018,0.32711198428290766,0.5645121951219513,0.48085365853658535,0.5084756097560976,0.5645121951219513,0.3684210526315789,0.14,0.33398821218074654,0.23684210526315788,0.18,0.33595284872298625,0.17105263157894737,0.26,0.33988212180746563,0.05263157894736842,0.02,0.3280943025540275,0.05263157894736842,0.04,0.3290766208251473,0.11842105263157894,0.18,0.33595284872298625,0.47368421052631576,0.18,0.33595284872298625,0.3157894736842105,0.24,0.3388998035363458,0.19736842105263158,0.3,0.3418467583497053,0.3684210526315789,0.14,0.33398821218074654,0.23684210526315788,0.18,0.33595284872298625,0.17105263157894737,0.26,0.33988212180746563,margin
qwen3-8b-base,gemma4-12b,rte,48,21,0.4375,62,0.3387096774193548,0.689594356261023,0.5679012345679013,0.5238095238095238,0.689594356261023,0.5,0.047619047619047616,0.3548387096774194,0.6,0.14285714285714285,0.3870967741935484,0.5,0.23809523809523808,0.41935483870967744,0.0,0.0,0.3387096774193548,0.6,0.14285714285714285,0.3870967741935484,0.6,0.2857142857142857,0.43548387096774194,1.0,0.09523809523809523,0.3709677419354839,1.0,0.23809523809523808,0.41935483870967744,0.7,0.3333333333333333,0.45161290322580644,0.5,0.047619047619047616,0.3548387096774194,0.6,0.14285714285714285,0.3870967741935484,0.5,0.23809523809523808,0.41935483870967744,margin
qwen3-8b-base,gemma4-12b,truthfulqa,192,49,0.2552083333333333,327,0.43119266055045874,0.6630512344798059,0.6219494790923362,0.523761952333381,0.6630512344798059,0.5,0.10204081632653061,0.44648318042813456,0.5263157894736842,0.20408163265306123,0.4617737003058104,0.4473684210526316,0.3469387755102041,0.4831804281345566,0.3,0.061224489795918366,0.44036697247706424,0.3684210526315789,0.14285714285714285,0.4525993883792049,0.2894736842105263,0.22448979591836735,0.4648318042813456,0.3,0.061224489795918366,0.44036697247706424,0.2631578947368421,0.10204081632653061,0.44648318042813456,0.34210526315789475,0.2653061224489796,0.4709480122324159,0.5,0.10204081632653061,0.44648318042813456,0.5263157894736842,0.20408163265306123,0.4617737003058104,0.4473684210526316,0.3469387755102041,0.4831804281345566,margin
qwen3-8b-base,gemma4-12b-base,boolq,467,49,0.10492505353319058,475,0.49894736842105264,0.6756176154672395,0.49951176642905964,0.38375158675910553,0.6756176154672395,0.17391304347826086,0.08163265306122448,0.5073684210526316,0.1276595744680851,0.12244897959183673,0.511578947368421,0.17204301075268819,0.32653061224489793,0.5326315789473685,0.043478260869565216,0.02040816326530612,0.5010526315789474,0.06382978723404255,0.061224489795918366,0.5052631578947369,0.06451612903225806,0.12244897959183673,0.511578947368421,0.0,0.0,0.49894736842105264,0.02127659574468085,0.02040816326530612,0.5010526315789474,0.03225806451612903,0.061224489795918366,0.5052631578947369,0.17391304347826086,0.08163265306122448,0.5073684210526316,0.1276595744680851,0.12244897959183673,0.511578947368421,0.17204301075268819,0.32653061224489793,0.5326315789473685,margin
qwen3-8b-base,gemma4-12b-base,geometry_of_truth,1012,61,0.06027667984189723,1000,0.057,0.6987640275120236,0.8722483666890762,0.25296926444984574,0.8722483666890762,0.37254901960784315,0.3114754098360656,0.076,0.24752475247524752,0.4098360655737705,0.082,0.15841584158415842,0.5245901639344263,0.089,0.17647058823529413,0.14754098360655737,0.066,0.22772277227722773,0.3770491803278688,0.08,0.2079207920792079,0.6885245901639344,0.099,0.0,0.0,0.057,0.009900990099009901,0.01639344262295082,0.058,0.009900990099009901,0.03278688524590164,0.059,0.17647058823529413,0.14754098360655737,0.066,0.22772277227722773,0.3770491803278688,0.08,0.2079207920792079,0.6885245901639344,0.099,anomaly
qwen3-8b-base,gemma4-12b-base,imdb,389,51,0.13110539845758354,1018,0.2151277013752456,0.580635804617705,0.5279034690799396,0.5652047801369068,0.580635804617705,0.3157894736842105,0.11764705882352941,0.22102161100196463,0.20512820512820512,0.1568627450980392,0.22298624754420432,0.16666666666666666,0.2549019607843137,0.22789783889980353,0.05263157894736842,0.0196078431372549,0.21611001964636542,0.05128205128205128,0.0392156862745098,0.21709233791748528,0.0641025641025641,0.09803921568627451,0.2200392927308448,0.6842105263157895,0.2549019607843137,0.22789783889980353,0.358974358974359,0.27450980392156865,0.2288801571709234,0.20512820512820512,0.3137254901960784,0.23084479371316308,0.3157894736842105,0.11764705882352941,0.22102161100196463,0.20512820512820512,0.1568627450980392,0.22298624754420432,0.16666666666666666,0.2549019607843137,0.22789783889980353,margin
qwen3-8b-base,gemma4-12b-base,rte,60,21,0.35,62,0.20967741935483872,0.7094017094017094,0.5885225885225885,0.6446886446886447,0.7094017094017094,1.0,0.14285714285714285,0.25806451612903225,0.5,0.14285714285714285,0.25806451612903225,0.5,0.2857142857142857,0.3064516129032258,1.0,0.14285714285714285,0.25806451612903225,0.5,0.14285714285714285,0.25806451612903225,0.5833333333333334,0.3333333333333333,0.3225806451612903,0.6666666666666666,0.09523809523809523,0.24193548387096775,0.5,0.14285714285714285,0.25806451612903225,0.5833333333333334,0.3333333333333333,0.3225806451612903,1.0,0.14285714285714285,0.25806451612903225,0.5,0.14285714285714285,0.25806451612903225,0.5,0.2857142857142857,0.3064516129032258,margin
qwen3-8b-base,gemma4-12b-base,truthfulqa,171,20,0.11695906432748537,327,0.3853211009174312,0.6480132450331126,0.7056291390728476,0.4649006622516556,0.7056291390728476,0.2222222222222222,0.1,0.39143730886850153,0.23529411764705882,0.2,0.39755351681957185,0.17647058823529413,0.3,0.4036697247706422,0.1111111111111111,0.05,0.38837920489296635,0.23529411764705882,0.2,0.39755351681957185,0.17647058823529413,0.3,0.4036697247706422,0.0,0.0,0.3853211009174312,0.0,0.0,0.3853211009174312,0.058823529411764705,0.1,0.39143730886850153,0.1111111111111111,0.05,0.38837920489296635,0.23529411764705882,0.2,0.39755351681957185,0.17647058823529413,0.3,0.4036697247706422,anomaly
qwen3-8b-base,gemma4-31b,boolq,483,49,0.10144927536231885,475,0.30526315789473685,0.6767610269914418,0.49214708925044676,0.4957208689927584,0.6767610269914418,0.20833333333333334,0.10204081632653061,0.3157894736842105,0.1875,0.1836734693877551,0.32421052631578945,0.15463917525773196,0.30612244897959184,0.3368421052631579,0.041666666666666664,0.02040816326530612,0.30736842105263157,0.041666666666666664,0.04081632653061224,0.3094736842105263,0.08247422680412371,0.16326530612244897,0.32210526315789473,0.041666666666666664,0.02040816326530612,0.30736842105263157,0.041666666666666664,0.04081632653061224,0.3094736842105263,0.09278350515463918,0.1836734693877551,0.32421052631578945,0.20833333333333334,0.10204081632653061,0.3157894736842105,0.1875,0.1836734693877551,0.32421052631578945,0.15463917525773196,0.30612244897959184,0.3368421052631579,margin
qwen3-8b-base,gemma4-31b,geometry_of_truth,759,10,0.013175230566534914,1000,0.201,0.7899866488651536,0.961415220293725,0.5021361815754339,0.961415220293725,0.02631578947368421,0.1,0.202,0.05263157894736842,0.4,0.205,0.039473684210526314,0.6,0.207,0.21052631578947367,0.8,0.209,0.10526315789473684,0.8,0.209,0.06578947368421052,1.0,0.211,0.02631578947368421,0.1,0.202,0.039473684210526314,0.3,0.204,0.02631578947368421,0.4,0.205,0.21052631578947367,0.8,0.209,0.10526315789473684,0.8,0.209,0.06578947368421052,1.0,0.211,anomaly
qwen3-8b-base,gemma4-31b,rte,49,20,0.40816326530612246,62,0.3225806451612903,0.756896551724138,0.5448275862068965,0.5810344827586207,0.756896551724138,0.5,0.05,0.3387096774193548,0.6,0.15,0.3709677419354839,0.6,0.3,0.41935483870967744,0.0,0.0,0.3225806451612903,0.6,0.15,0.3709677419354839,0.6,0.3,0.41935483870967744,0.5,0.05,0.3387096774193548,0.4,0.1,0.3548387096774194,0.6,0.3,0.41935483870967744,0.5,0.05,0.3387096774193548,0.6,0.15,0.3709677419354839,0.6,0.3,0.41935483870967744,margin
qwen3-8b-base,gemma4-31b,truthfulqa,199,35,0.17587939698492464,327,0.40672782874617736,0.7252613240418119,0.6663763066202091,0.4254355400696864,0.7252613240418119,0.4,0.11428571428571428,0.41896024464831805,0.45,0.2571428571428571,0.43425076452599387,0.35,0.4,0.44954128440366975,0.4,0.11428571428571428,0.41896024464831805,0.4,0.22857142857142856,0.43119266055045874,0.275,0.3142857142857143,0.44036697247706424,0.2,0.05714285714285714,0.41284403669724773,0.15,0.08571428571428572,0.41590214067278286,0.125,0.14285714285714285,0.42201834862385323,0.4,0.11428571428571428,0.41896024464831805,0.45,0.2571428571428571,0.43425076452599387,0.35,0.4,0.44954128440366975,margin
qwen3-8b-base,llama-8b,boolq,536,57,0.10634328358208955,475,0.2336842105263158,0.686151704940849,0.4591803098560598,0.4989195326520895,0.686151704940849,0.25925925925925924,0.12280701754385964,0.24842105263157896,0.12962962962962962,0.12280701754385964,0.24842105263157896,0.19626168224299065,0.3684210526315789,0.27789473684210525,0.0,0.0,0.2336842105263158,0.037037037037037035,0.03508771929824561,0.23789473684210527,0.056074766355140186,0.10526315789473684,0.2463157894736842,0.1111111111111111,0.05263157894736842,0.24,0.1111111111111111,0.10526315789473684,0.2463157894736842,0.08411214953271028,0.15789473684210525,0.25263157894736843,0.25925925925925924,0.12280701754385964,0.24842105263157896,0.12962962962962962,0.12280701754385964,0.24842105263157896,0.19626168224299065,0.3684210526315789,0.27789473684210525,margin
qwen3-8b-base,llama-8b,geometry_of_truth,1041,71,0.06820365033621517,1000,0.065,0.7329751706112967,0.8749528096413532,0.6223319297226659,0.8749528096413532,0.21153846153846154,0.15492957746478872,0.076,0.20192307692307693,0.29577464788732394,0.086,0.14903846153846154,0.43661971830985913,0.096,0.17307692307692307,0.1267605633802817,0.074,0.2403846153846154,0.352112676056338,0.09,0.23557692307692307,0.6901408450704225,0.114,0.1346153846153846,0.09859154929577464,0.072,0.11538461538461539,0.16901408450704225,0.077,0.11057692307692307,0.323943661971831,0.088,0.17307692307692307,0.1267605633802817,0.074,0.2403846153846154,0.352112676056338,0.09,0.23557692307692307,0.6901408450704225,0.114,anomaly
qwen3-8b-base,llama-8b,imdb,963,78,0.08099688473520249,1018,0.08055009823182711,0.7536578299290163,0.5046791250181081,0.5427495291902071,0.7536578299290163,0.3333333333333333,0.20512820512820512,0.0962671905697446,0.3125,0.38461538461538464,0.1100196463654224,0.24870466321243523,0.6153846153846154,0.12770137524557956,0.041666666666666664,0.02564102564102564,0.0825147347740668,0.052083333333333336,0.0641025641025641,0.08546168958742632,0.05699481865284974,0.14102564102564102,0.09135559921414538,0.10416666666666667,0.0641025641025641,0.08546168958742632,0.14583333333333334,0.1794871794871795,0.09430255402750491,0.10880829015544041,0.2692307692307692,0.10117878192534381,0.3333333333333333,0.20512820512820512,0.0962671905697446,0.3125,0.38461538461538464,0.1100196463654224,0.24870466321243523,0.6153846153846154,0.12770137524557956,margin
qwen3-8b-base,llama-8b,rte,60,20,0.3333333333333333,62,0.1935483870967742,0.81875,0.58375,0.6637500000000001,0.81875,0.3333333333333333,0.05,0.20967741935483872,0.5,0.15,0.24193548387096775,0.75,0.45,0.3387096774193548,0.6666666666666666,0.1,0.22580645161290322,0.6666666666666666,0.2,0.25806451612903225,0.4166666666666667,0.25,0.27419354838709675,0.3333333333333333,0.05,0.20967741935483872,0.5,0.15,0.24193548387096775,0.4166666666666667,0.25,0.27419354838709675,0.3333333333333333,0.05,0.20967741935483872,0.5,0.15,0.24193548387096775,0.75,0.45,0.3387096774193548,margin
qwen3-8b-base,llama-8b,truthfulqa,225,41,0.18222222222222223,327,0.2874617737003058,0.7254772004241781,0.6891569459172853,0.5299575821845175,0.7254772004241781,0.5454545454545454,0.14634146341463414,0.3058103975535168,0.5454545454545454,0.2926829268292683,0.3241590214067278,0.4222222222222222,0.4634146341463415,0.345565749235474,0.2727272727272727,0.07317073170731707,0.2966360856269113,0.2727272727272727,0.14634146341463414,0.3058103975535168,0.24444444444444444,0.2682926829268293,0.3211009174311927,0.2727272727272727,0.07317073170731707,0.2966360856269113,0.2727272727272727,0.14634146341463414,0.3058103975535168,0.2,0.21951219512195122,0.3149847094801223,0.5454545454545454,0.14634146341463414,0.3058103975535168,0.5454545454545454,0.2926829268292683,0.3241590214067278,0.4222222222222222,0.4634146341463415,0.345565749235474,margin
qwen3-8b-base,qwen3-32b,boolq,569,47,0.08260105448154657,475,0.2231578947368421,0.7029836145756909,0.49788049237792453,0.46103366756338143,0.7029836145756909,0.17857142857142858,0.10638297872340426,0.2336842105263158,0.12280701754385964,0.14893617021276595,0.23789473684210527,0.19298245614035087,0.46808510638297873,0.2694736842105263,0.03571428571428571,0.02127659574468085,0.22526315789473683,0.017543859649122806,0.02127659574468085,0.22526315789473683,0.07894736842105263,0.19148936170212766,0.24210526315789474,0.10714285714285714,0.06382978723404255,0.2294736842105263,0.07017543859649122,0.0851063829787234,0.23157894736842105,0.05263157894736842,0.1276595744680851,0.23578947368421052,0.17857142857142858,0.10638297872340426,0.2336842105263158,0.12280701754385964,0.14893617021276595,0.23789473684210527,0.19298245614035087,0.46808510638297873,0.2694736842105263,margin
qwen3-8b-base,qwen3-32b,geometry_of_truth,1020,28,0.027450980392156862,1000,0.059,0.7021889400921659,0.8957733294930875,0.5167050691244239,0.8957733294930875,0.2549019607843137,0.4642857142857143,0.072,0.13725490196078433,0.5,0.073,0.07352941176470588,0.5357142857142857,0.074,0.13725490196078433,0.25,0.066,0.13725490196078433,0.5,0.073,0.11274509803921569,0.8214285714285714,0.082,0.0392156862745098,0.07142857142857142,0.061,0.0196078431372549,0.07142857142857142,0.061,0.024509803921568627,0.17857142857142858,0.064,0.13725490196078433,0.25,0.066,0.13725490196078433,0.5,0.073,0.11274509803921569,0.8214285714285714,0.082,anomaly
qwen3-8b-base,qwen3-32b,imdb,952,70,0.07352941176470588,1018,0.07956777996070727,0.7485098801425333,0.4863783608681568,0.41911240686750895,0.7485098801425333,0.2916666666666667,0.2,0.09332023575638507,0.2736842105263158,0.37142857142857144,0.10510805500982318,0.21052631578947367,0.5714285714285714,0.11886051080550099,0.0625,0.04285714285714286,0.0825147347740668,0.05263157894736842,0.07142857142857142,0.08447937131630648,0.04736842105263158,0.12857142857142856,0.08840864440078586,0.041666666666666664,0.02857142857142857,0.08153241650294696,0.042105263157894736,0.05714285714285714,0.08349705304518663,0.04736842105263158,0.12857142857142856,0.08840864440078586,0.2916666666666667,0.2,0.09332023575638507,0.2736842105263158,0.37142857142857144,0.10510805500982318,0.21052631578947367,0.5714285714285714,0.11886051080550099,margin
qwen3-8b-base,qwen3-32b,rte,62,17,0.27419354838709675,62,0.20967741935483872,0.8849673202614379,0.584313725490196,0.6797385620915033,0.8849673202614379,0.3333333333333333,0.058823529411764705,0.22580645161290322,0.6666666666666666,0.23529411764705882,0.27419354838709675,0.6666666666666666,0.47058823529411764,0.3387096774193548,0.6666666666666666,0.11764705882352941,0.24193548387096775,0.5,0.17647058823529413,0.25806451612903225,0.4166666666666667,0.29411764705882354,0.2903225806451613,0.6666666666666666,0.11764705882352941,0.24193548387096775,0.3333333333333333,0.11764705882352941,0.24193548387096775,0.25,0.17647058823529413,0.25806451612903225,0.3333333333333333,0.058823529411764705,0.22580645161290322,0.6666666666666666,0.23529411764705882,0.27419354838709675,0.6666666666666666,0.47058823529411764,0.3387096774193548,margin
qwen3-8b-base,qwen3-32b,truthfulqa,217,37,0.17050691244239632,327,0.3058103975535168,0.704954954954955,0.6687687687687688,0.5545045045045046,0.704954954954955,0.2727272727272727,0.08108108108108109,0.3149847094801223,0.22727272727272727,0.13513513513513514,0.3211009174311927,0.27906976744186046,0.32432432432432434,0.3425076452599388,0.36363636363636365,0.10810810810810811,0.3180428134556575,0.36363636363636365,0.21621621621621623,0.3302752293577982,0.27906976744186046,0.32432432432432434,0.3425076452599388,0.18181818181818182,0.05405405405405406,0.3119266055045872,0.18181818181818182,0.10810810810810811,0.3180428134556575,0.23255813953488372,0.2702702702702703,0.3363914373088685,0.2727272727272727,0.08108108108108109,0.3149847094801223,0.22727272727272727,0.13513513513513514,0.3211009174311927,0.27906976744186046,0.32432432432432434,0.3425076452599388,margin
qwen3-8b-base,qwen3-8b,boolq,561,48,0.0855614973262032,475,0.23157894736842105,0.6810428849902534,0.48497400909681615,0.5715562053281352,0.6810428849902534,0.17857142857142858,0.10416666666666667,0.24210526315789474,0.10714285714285714,0.125,0.24421052631578946,0.16071428571428573,0.375,0.2694736842105263,0.03571428571428571,0.020833333333333332,0.2336842105263158,0.017857142857142856,0.020833333333333332,0.2336842105263158,0.0625,0.14583333333333334,0.2463157894736842,0.07142857142857142,0.041666666666666664,0.23578947368421052,0.07142857142857142,0.08333333333333333,0.24,0.09821428571428571,0.22916666666666666,0.25473684210526315,0.17857142857142858,0.10416666666666667,0.24210526315789474,0.10714285714285714,0.125,0.24421052631578946,0.16071428571428573,0.375,0.2694736842105263,margin
qwen3-8b-base,qwen3-8b,geometry_of_truth,1002,25,0.0249500998003992,1000,0.061,0.6773797338792221,0.8879426816786079,0.518689866939611,0.8879426816786079,0.16,0.32,0.069,0.09,0.36,0.07,0.06,0.48,0.073,0.1,0.2,0.066,0.11,0.44,0.072,0.1,0.8,0.081,0.12,0.24,0.067,0.06,0.24,0.067,0.035,0.28,0.068,0.1,0.2,0.066,0.11,0.44,0.072,0.1,0.8,0.081,anomaly
qwen3-8b-base,qwen3-8b,imdb,966,80,0.08281573498964803,1018,0.08644400785854617,0.764630361173815,0.464573927765237,0.40307562076749437,0.764630361173815,0.3958333333333333,0.2375,0.10510805500982318,0.35051546391752575,0.425,0.11984282907662082,0.24870466321243523,0.6,0.13359528487229863,0.08333333333333333,0.05,0.09037328094302555,0.061855670103092786,0.075,0.09233791748526522,0.06217616580310881,0.15,0.09823182711198428,0.0625,0.0375,0.0893909626719057,0.05154639175257732,0.0625,0.09135559921414538,0.046632124352331605,0.1125,0.09528487229862476,0.3958333333333333,0.2375,0.10510805500982318,0.35051546391752575,0.425,0.11984282907662082,0.24870466321243523,0.6,0.13359528487229863,margin
qwen3-8b-base,qwen3-8b,rte,61,18,0.29508196721311475,62,0.1774193548387097,0.8372093023255813,0.5607235142118863,0.3423772609819121,0.8372093023255813,0.6666666666666666,0.1111111111111111,0.20967741935483872,0.5,0.16666666666666666,0.22580645161290322,0.5833333333333334,0.3888888888888889,0.2903225806451613,0.3333333333333333,0.05555555555555555,0.1935483870967742,0.3333333333333333,0.1111111111111111,0.20967741935483872,0.3333333333333333,0.2222222222222222,0.24193548387096775,0.0,0.0,0.1774193548387097,0.0,0.0,0.1774193548387097,0.16666666666666666,0.1111111111111111,0.20967741935483872,0.6666666666666666,0.1111111111111111,0.20967741935483872,0.5,0.16666666666666666,0.22580645161290322,0.5833333333333334,0.3888888888888889,0.2903225806451613,margin
qwen3-8b-base,qwen3-8b,truthfulqa,246,55,0.22357723577235772,327,0.26299694189602446,0.6921465968586387,0.6825321275583056,0.4860542598762494,0.6921465968586387,0.5,0.10909090909090909,0.28134556574923547,0.36,0.16363636363636364,0.290519877675841,0.3469387755102041,0.3090909090909091,0.3149847094801223,0.3333333333333333,0.07272727272727272,0.27522935779816515,0.36,0.16363636363636364,0.290519877675841,0.3469387755102041,0.3090909090909091,0.3149847094801223,0.25,0.05454545454545454,0.27217125382262997,0.16,0.07272727272727272,0.27522935779816515,0.20408163265306123,0.18181818181818182,0.29357798165137616,0.5,0.10909090909090909,0.28134556574923547,0.36,0.16363636363636364,0.290519877675841,0.3469387755102041,0.3090909090909091,0.3149847094801223,margin
qwen3-8b-base,qwen38-27b,boolq,562,36,0.06405693950177936,475,0.20210526315789473,0.6698880439374736,0.5211765948457964,0.4972010984368399,0.6698880439374736,0.14285714285714285,0.1111111111111111,0.21052631578947367,0.125,0.19444444444444445,0.2168421052631579,0.13392857142857142,0.4166666666666667,0.2336842105263158,0.0,0.0,0.20210526315789473,0.017857142857142856,0.027777777777777776,0.20421052631578948,0.05357142857142857,0.16666666666666666,0.21473684210526317,0.07142857142857142,0.05555555555555555,0.2063157894736842,0.08928571428571429,0.1388888888888889,0.21263157894736842,0.07142857142857142,0.2222222222222222,0.21894736842105264,0.14285714285714285,0.1111111111111111,0.21052631578947367,0.125,0.19444444444444445,0.2168421052631579,0.13392857142857142,0.4166666666666667,0.2336842105263158,margin
qwen3-8b-base,qwen38-27b,geometry_of_truth,1035,39,0.03768115942028986,1000,0.055,0.7306919987642879,0.9017866337143445,0.7283235506127073,0.9017866337143445,0.3076923076923077,0.41025641025641024,0.071,0.18269230769230768,0.48717948717948717,0.074,0.0966183574879227,0.5128205128205128,0.075,0.19230769230769232,0.2564102564102564,0.065,0.17307692307692307,0.46153846153846156,0.073,0.15942028985507245,0.8461538461538461,0.088,0.09615384615384616,0.1282051282051282,0.06,0.0673076923076923,0.1794871794871795,0.062,0.0966183574879227,0.5128205128205128,0.075,0.19230769230769232,0.2564102564102564,0.065,0.17307692307692307,0.46153846153846156,0.073,0.15942028985507245,0.8461538461538461,0.088,anomaly
qwen3-8b-base,qwen38-27b,rte,67,21,0.31343283582089554,62,0.11290322580645161,0.8457556935817805,0.6273291925465838,0.45445134575569357,0.8457556935817805,0.3333333333333333,0.047619047619047616,0.12903225806451613,0.5714285714285714,0.19047619047619047,0.1774193548387097,0.6153846153846154,0.38095238095238093,0.24193548387096775,0.6666666666666666,0.09523809523809523,0.14516129032258066,0.5714285714285714,0.19047619047619047,0.1774193548387097,0.6153846153846154,0.38095238095238093,0.24193548387096775,0.3333333333333333,0.047619047619047616,0.12903225806451613,0.2857142857142857,0.09523809523809523,0.14516129032258066,0.38461538461538464,0.23809523809523808,0.1935483870967742,0.3333333333333333,0.047619047619047616,0.12903225806451613,0.5714285714285714,0.19047619047619047,0.1774193548387097,0.6153846153846154,0.38095238095238093,0.24193548387096775,margin
qwen3-8b-base,qwen38-27b,truthfulqa,196,45,0.22959183673469388,327,0.3577981651376147,0.6448859455481971,0.6022075055187639,0.4743193524650478,0.6448859455481971,0.5,0.1111111111111111,0.3730886850152905,0.4,0.17777777777777778,0.382262996941896,0.3076923076923077,0.26666666666666666,0.3944954128440367,0.2,0.044444444444444446,0.363914373088685,0.3,0.13333333333333333,0.3761467889908257,0.28205128205128205,0.24444444444444444,0.39143730886850153,0.1,0.022222222222222223,0.36085626911314983,0.15,0.06666666666666667,0.3669724770642202,0.1794871794871795,0.15555555555555556,0.37920489296636084,0.5,0.1111111111111111,0.3730886850152905,0.4,0.17777777777777778,0.382262996941896,0.3076923076923077,0.26666666666666666,0.3944954128440367,margin
qwen38-27b,gemma4-31b,boolq,592,41,0.06925675675675676,475,0.2631578947368421,0.7116993492983932,0.4286220176176353,0.4348634411933956,0.7116993492983932,0.2,0.14634146341463414,0.27578947368421053,0.1694915254237288,0.24390243902439024,0.28421052631578947,0.13559322033898305,0.3902439024390244,0.2968421052631579,0.0,0.0,0.2631578947368421,0.03389830508474576,0.04878048780487805,0.2673684210526316,0.03389830508474576,0.0975609756097561,0.27157894736842103,0.06666666666666667,0.04878048780487805,0.2673684210526316,0.03389830508474576,0.04878048780487805,0.2673684210526316,0.0423728813559322,0.12195121951219512,0.2736842105263158,0.2,0.14634146341463414,0.27578947368421053,0.1694915254237288,0.24390243902439024,0.28421052631578947,0.13559322033898305,0.3902439024390244,0.2968421052631579,margin
qwen38-27b,gemma4-31b,geometry_of_truth,760,10,0.013157894736842105,1000,0.164,0.8722666666666667,0.9449333333333334,0.6974666666666667,0.9449333333333334,0.0,0.0,0.164,0.05263157894736842,0.4,0.168,0.05921052631578947,0.9,0.173,0.21052631578947367,0.8,0.172,0.11842105263157894,0.9,0.173,0.05921052631578947,0.9,0.173,0.05263157894736842,0.2,0.166,0.02631578947368421,0.2,0.166,0.03289473684210526,0.5,0.169,0.21052631578947367,0.8,0.172,0.11842105263157894,0.9,0.173,0.05921052631578947,0.9,0.173,anomaly
qwen38-27b,gemma4-31b,rte,53,24,0.4528301886792453,62,0.20967741935483872,0.7744252873563218,0.48563218390804597,0.646551724137931,0.7744252873563218,0.3333333333333333,0.041666666666666664,0.22580645161290322,0.6,0.125,0.25806451612903225,0.5454545454545454,0.25,0.3064516129032258,0.3333333333333333,0.041666666666666664,0.22580645161290322,0.4,0.08333333333333333,0.24193548387096775,0.2727272727272727,0.125,0.25806451612903225,0.3333333333333333,0.041666666666666664,0.22580645161290322,0.6,0.125,0.25806451612903225,0.5454545454545454,0.25,0.3064516129032258,0.3333333333333333,0.041666666666666664,0.22580645161290322,0.6,0.125,0.25806451612903225,0.5454545454545454,0.25,0.3064516129032258,margin
qwen38-27b,gemma4-31b,truthfulqa,201,55,0.2736318407960199,327,0.3425076452599388,0.6991282689912827,0.5291407222914072,0.4794520547945206,0.6991282689912827,0.4,0.07272727272727272,0.3547400611620795,0.45,0.16363636363636364,0.37003058103975534,0.45,0.32727272727272727,0.39755351681957185,0.5,0.09090909090909091,0.3577981651376147,0.4,0.14545454545454545,0.3669724770642202,0.35,0.2545454545454545,0.3853211009174312,0.2,0.03636363636363636,0.3486238532110092,0.2,0.07272727272727272,0.3547400611620795,0.225,0.16363636363636364,0.37003058103975534,0.4,0.07272727272727272,0.3547400611620795,0.45,0.16363636363636364,0.37003058103975534,0.45,0.32727272727272727,0.39755351681957185,margin
qwen38-27b,qwen3-32b,boolq,686,45,0.06559766763848396,475,0.15578947368421053,0.6957531634598717,0.4153579476512394,0.4973132258623678,0.6957531634598717,0.14705882352941177,0.1111111111111111,0.16631578947368422,0.15942028985507245,0.24444444444444444,0.17894736842105263,0.12408759124087591,0.37777777777777777,0.19157894736842104,0.029411764705882353,0.022222222222222223,0.15789473684210525,0.043478260869565216,0.06666666666666667,0.16210526315789472,0.043795620437956206,0.13333333333333333,0.16842105263157894,0.11764705882352941,0.08888888888888889,0.16421052631578947,0.11594202898550725,0.17777777777777778,0.1726315789473684,0.0948905109489051,0.28888888888888886,0.1831578947368421,0.14705882352941177,0.1111111111111111,0.16631578947368422,0.15942028985507245,0.24444444444444444,0.17894736842105263,0.12408759124087591,0.37777777777777777,0.19157894736842104,margin
qwen38-27b,qwen3-32b,geometry_of_truth,1018,27,0.026522593320235755,1000,0.024,0.7281459057442912,0.9021564450424189,0.5520611428784991,0.9021564450424189,0.21568627450980393,0.4074074074074074,0.035,0.13725490196078433,0.5185185185185185,0.038,0.07352941176470588,0.5555555555555556,0.039,0.17647058823529413,0.3333333333333333,0.033,0.14705882352941177,0.5555555555555556,0.039,0.11764705882352941,0.8888888888888888,0.048,0.0784313725490196,0.14814814814814814,0.028,0.049019607843137254,0.18518518518518517,0.029,0.03431372549019608,0.25925925925925924,0.031,0.17647058823529413,0.3333333333333333,0.033,0.14705882352941177,0.5555555555555556,0.039,0.11764705882352941,0.8888888888888888,0.048,anomaly
qwen38-27b,qwen3-32b,rte,62,16,0.25806451612903225,62,0.25806451612903225,0.873641304347826,0.53125,0.5720108695652174,0.873641304347826,0.3333333333333333,0.0625,0.27419354838709675,0.5,0.1875,0.3064516129032258,0.5833333333333334,0.4375,0.3709677419354839,0.3333333333333333,0.0625,0.27419354838709675,0.5,0.1875,0.3064516129032258,0.3333333333333333,0.25,0.3225806451612903,0.3333333333333333,0.0625,0.27419354838709675,0.3333333333333333,0.125,0.2903225806451613,0.25,0.1875,0.3064516129032258,0.3333333333333333,0.0625,0.27419354838709675,0.5,0.1875,0.3064516129032258,0.5833333333333334,0.4375,0.3709677419354839,margin
qwen38-27b,qwen3-32b,truthfulqa,260,59,0.22692307692307692,327,0.22935779816513763,0.6747617842988447,0.5370604604098154,0.5127751075132809,0.6747617842988447,0.23076923076923078,0.05084745762711865,0.23853211009174313,0.34615384615384615,0.15254237288135594,0.25688073394495414,0.4230769230769231,0.3728813559322034,0.2966360856269113,0.3076923076923077,0.06779661016949153,0.2415902140672783,0.34615384615384615,0.15254237288135594,0.25688073394495414,0.34615384615384615,0.3050847457627119,0.28440366972477066,0.3076923076923077,0.06779661016949153,0.2415902140672783,0.3076923076923077,0.13559322033898305,0.25382262996941896,0.19230769230769232,0.1694915254237288,0.2599388379204893,0.23076923076923078,0.05084745762711865,0.23853211009174313,0.34615384615384615,0.15254237288135594,0.25688073394495414,0.4230769230769231,0.3728813559322034,0.2966360856269113,margin
