overseer,target,held_out,both_true_test_n,row2_test_n,base_rate,n_false,router_coverage,auroc_margin,auroc_anomaly,auroc_spread,auroc_best,prec_05_margin,recall_05_margin,caught_05_margin,prec_10_margin,recall_10_margin,caught_10_margin,prec_20_margin,recall_20_margin,caught_20_margin,prec_05_anomaly,recall_05_anomaly,caught_05_anomaly,prec_10_anomaly,recall_10_anomaly,caught_10_anomaly,prec_20_anomaly,recall_20_anomaly,caught_20_anomaly,prec_05_spread,recall_05_spread,caught_05_spread,prec_10_spread,recall_10_spread,caught_10_spread,prec_20_spread,recall_20_spread,caught_20_spread,prec_05_best,recall_05_best,caught_05_best,prec_10_best,recall_10_best,caught_10_best,prec_20_best,recall_20_best,caught_20_best,supervised_reference
gemma4-12b,gemma4-12b-base,boolq,878,200,0.22779043280182232,475,0.42736842105263156,0.7576327433628318,0.4521165191740413,0.560796460176991,0.7576327433628318,0.6363636363636364,0.14,0.4863157894736842,0.625,0.275,0.5431578947368421,0.5227272727272727,0.46,0.6210526315789474,0.13636363636363635,0.03,0.44,0.20454545454545456,0.09,0.4652631578947368,0.20454545454545456,0.18,0.5031578947368421,0.29545454545454547,0.065,0.45473684210526316,0.3181818181818182,0.14,0.4863157894736842,0.2840909090909091,0.25,0.5326315789473685,0.6363636363636364,0.14,0.4863157894736842,0.625,0.275,0.5431578947368421,0.5227272727272727,0.46,0.6210526315789474,margin
gemma4-12b,gemma4-12b-base,geometry_of_truth,677,10,0.014771048744460856,1000,0.318,0.8113943028485757,0.9653673163418292,0.41109445277361323,0.9653673163418292,0.0,0.0,0.318,0.029411764705882353,0.2,0.32,0.044444444444444446,0.6,0.324,0.14705882352941177,0.5,0.323,0.14705882352941177,1.0,0.328,0.07407407407407407,1.0,0.328,0.058823529411764705,0.2,0.32,0.029411764705882353,0.2,0.32,0.014814814814814815,0.2,0.32,0.14705882352941177,0.5,0.323,0.14705882352941177,1.0,0.328,0.07407407407407407,1.0,0.328,anomaly
gemma4-12b,gemma4-12b-base,imdb,655,98,0.14961832061068703,1018,0.41355599214145383,0.7070311068772214,0.43296816033415164,0.550599054702671,0.7070311068772214,0.2727272727272727,0.09183673469387756,0.4223968565815324,0.30303030303030304,0.20408163265306123,0.43320235756385067,0.2824427480916031,0.37755102040816324,0.449901768172888,0.09090909090909091,0.030612244897959183,0.4165029469548134,0.09090909090909091,0.061224489795918366,0.4194499017681729,0.09923664122137404,0.1326530612244898,0.4263261296660118,0.24242424242424243,0.08163265306122448,0.4214145383104126,0.22727272727272727,0.15306122448979592,0.42829076620825146,0.2366412213740458,0.3163265306122449,0.444007858546169,0.2727272727272727,0.09183673469387756,0.4223968565815324,0.30303030303030304,0.20408163265306123,0.43320235756385067,0.2824427480916031,0.37755102040816324,0.449901768172888,margin
gemma4-12b,gemma4-12b-base,rte,51,24,0.47058823529411764,62,0.46774193548387094,0.6712962962962963,0.6388888888888888,0.5092592592592593,0.6712962962962963,0.6666666666666666,0.08333333333333333,0.5,0.6,0.125,0.5161290322580645,0.6,0.25,0.5645161290322581,1.0,0.125,0.5161290322580645,1.0,0.20833333333333334,0.5483870967741935,0.8,0.3333333333333333,0.5967741935483871,0.3333333333333333,0.041666666666666664,0.4838709677419355,0.2,0.041666666666666664,0.4838709677419355,0.4,0.16666666666666666,0.532258064516129,0.6666666666666666,0.08333333333333333,0.5,0.6,0.125,0.5161290322580645,0.6,0.25,0.5645161290322581,margin
gemma4-12b,gemma4-12b-base,truthfulqa,193,21,0.10880829015544041,327,0.39143730886850153,0.8026024363233666,0.7785160575858251,0.5800110741971207,0.8026024363233666,0.3,0.14285714285714285,0.40061162079510704,0.3684210526315789,0.3333333333333333,0.41284403669724773,0.28205128205128205,0.5238095238095238,0.42507645259938837,0.1,0.047619047619047616,0.3944954128440367,0.3157894736842105,0.2857142857142857,0.40978593272171254,0.28205128205128205,0.5238095238095238,0.42507645259938837,0.1,0.047619047619047616,0.3944954128440367,0.2631578947368421,0.23809523809523808,0.40672782874617736,0.1794871794871795,0.3333333333333333,0.41284403669724773,0.3,0.14285714285714285,0.40061162079510704,0.3684210526315789,0.3333333333333333,0.41284403669724773,0.28205128205128205,0.5238095238095238,0.42507645259938837,margin
gemma4-12b,gemma4-31b,boolq,774,120,0.15503875968992248,475,0.5789473684210527,0.6729230377166158,0.4650866462793069,0.5151503567787971,0.6729230377166158,0.3333333333333333,0.10833333333333334,0.6063157894736843,0.33766233766233766,0.21666666666666667,0.6336842105263157,0.2838709677419355,0.36666666666666664,0.671578947368421,0.07692307692307693,0.025,0.5852631578947368,0.14285714285714285,0.09166666666666666,0.6021052631578947,0.14838709677419354,0.19166666666666668,0.6273684210526316,0.20512820512820512,0.06666666666666667,0.5957894736842105,0.16883116883116883,0.10833333333333334,0.6063157894736843,0.1870967741935484,0.24166666666666667,0.64,0.3333333333333333,0.10833333333333334,0.6063157894736843,0.33766233766233766,0.21666666666666667,0.6336842105263157,0.2838709677419355,0.36666666666666664,0.671578947368421,margin
gemma4-12b,gemma4-31b,geometry_of_truth,685,44,0.06423357664233577,1000,0.313,0.783860445326904,0.810487874060417,0.45688554814919874,0.810487874060417,0.14705882352941177,0.11363636363636363,0.318,0.16176470588235295,0.25,0.324,0.1678832116788321,0.5227272727272727,0.336,0.47058823529411764,0.36363636363636365,0.329,0.29411764705882354,0.45454545454545453,0.333,0.22627737226277372,0.7045454545454546,0.344,0.058823529411764705,0.045454545454545456,0.315,0.07352941176470588,0.11363636363636363,0.318,0.072992700729927,0.22727272727272727,0.323,0.47058823529411764,0.36363636363636365,0.329,0.29411764705882354,0.45454545454545453,0.333,0.22627737226277372,0.7045454545454546,0.344,anomaly
gemma4-12b,gemma4-31b,rte,51,26,0.5098039215686274,62,0.41935483870967744,0.583076923076923,0.5292307692307692,0.4923076923076923,0.583076923076923,0.6666666666666666,0.07692307692307693,0.45161290322580644,0.8,0.15384615384615385,0.4838709677419355,0.5,0.19230769230769232,0.5,0.6666666666666666,0.07692307692307693,0.45161290322580644,0.4,0.07692307692307693,0.45161290322580644,0.5,0.19230769230769232,0.5,1.0,0.11538461538461539,0.46774193548387094,1.0,0.19230769230769232,0.5,0.7,0.2692307692307692,0.532258064516129,0.6666666666666666,0.07692307692307693,0.45161290322580644,0.8,0.15384615384615385,0.4838709677419355,0.5,0.19230769230769232,0.5,margin
gemma4-12b,gemma4-31b,truthfulqa,191,33,0.17277486910994763,327,0.3761467889908257,0.7412734944380514,0.6804756425009589,0.4794783275795934,0.7412734944380514,0.2,0.06060606060606061,0.382262996941896,0.2631578947368421,0.15151515151515152,0.39143730886850153,0.2894736842105263,0.3333333333333333,0.40978593272171254,0.3,0.09090909090909091,0.3853211009174312,0.5263157894736842,0.30303030303030304,0.40672782874617736,0.3157894736842105,0.36363636363636365,0.41284403669724773,0.0,0.0,0.3761467889908257,0.10526315789473684,0.06060606060606061,0.382262996941896,0.13157894736842105,0.15151515151515152,0.39143730886850153,0.2,0.06060606060606061,0.382262996941896,0.2631578947368421,0.15151515151515152,0.39143730886850153,0.2894736842105263,0.3333333333333333,0.40978593272171254,margin
gemma4-12b,qwen3-32b,boolq,735,67,0.09115646258503401,475,0.6526315789473685,0.7888998123156671,0.5271471981410314,0.6381937617302709,0.7888998123156671,0.2972972972972973,0.16417910447761194,0.6757894736842105,0.28378378378378377,0.31343283582089554,0.6968421052631579,0.25170068027210885,0.5522388059701493,0.7305263157894737,0.10810810810810811,0.05970149253731343,0.6610526315789473,0.17567567567567569,0.19402985074626866,0.68,0.10884353741496598,0.23880597014925373,0.6863157894736842,0.13513513513513514,0.07462686567164178,0.6631578947368421,0.17567567567567569,0.19402985074626866,0.68,0.1564625850340136,0.34328358208955223,0.7010526315789474,0.2972972972972973,0.16417910447761194,0.6757894736842105,0.28378378378378377,0.31343283582089554,0.6968421052631579,0.25170068027210885,0.5522388059701493,0.7305263157894737,margin
gemma4-12b,qwen3-32b,geometry_of_truth,674,6,0.008902077151335312,1000,0.321,0.816117764471058,0.9241516966067864,0.30289421157684626,0.9241516966067864,0.0,0.0,0.321,0.029850746268656716,0.3333333333333333,0.323,0.02962962962962963,0.6666666666666666,0.325,0.08823529411764706,0.5,0.324,0.07462686567164178,0.8333333333333334,0.326,0.037037037037037035,0.8333333333333334,0.326,0.029411764705882353,0.16666666666666666,0.322,0.014925373134328358,0.16666666666666666,0.322,0.007407407407407408,0.16666666666666666,0.322,0.08823529411764706,0.5,0.324,0.07462686567164178,0.8333333333333334,0.326,0.037037037037037035,0.8333333333333334,0.326,anomaly
gemma4-12b,qwen3-32b,imdb,628,57,0.09076433121019108,1018,0.41159135559921417,0.718407226472486,0.5053000276523182,0.5621101791255723,0.718407226472486,0.1935483870967742,0.10526315789473684,0.4174852652259332,0.23809523809523808,0.2631578947368421,0.4263261296660118,0.18253968253968253,0.40350877192982454,0.43418467583497056,0.06451612903225806,0.03508771929824561,0.41355599214145383,0.047619047619047616,0.05263157894736842,0.41453831041257366,0.07936507936507936,0.17543859649122806,0.4214145383104126,0.1935483870967742,0.10526315789473684,0.4174852652259332,0.20634920634920634,0.22807017543859648,0.4243614931237721,0.16666666666666666,0.3684210526315789,0.43222003929273084,0.1935483870967742,0.10526315789473684,0.4174852652259332,0.23809523809523808,0.2631578947368421,0.4263261296660118,0.18253968253968253,0.40350877192982454,0.43418467583497056,margin
gemma4-12b,qwen3-32b,rte,44,15,0.3409090909090909,62,0.5967741935483871,0.8850574712643678,0.5241379310344827,0.7494252873563219,0.8850574712643678,0.5,0.06666666666666667,0.6129032258064516,0.75,0.2,0.6451612903225806,0.8888888888888888,0.5333333333333333,0.7258064516129032,0.0,0.0,0.5967741935483871,0.25,0.06666666666666667,0.6129032258064516,0.1111111111111111,0.06666666666666667,0.6129032258064516,0.5,0.06666666666666667,0.6129032258064516,0.75,0.2,0.6451612903225806,0.6666666666666666,0.4,0.6935483870967742,0.5,0.06666666666666667,0.6129032258064516,0.75,0.2,0.6451612903225806,0.8888888888888888,0.5333333333333333,0.7258064516129032,margin
gemma4-12b,qwen3-32b,truthfulqa,201,14,0.06965174129353234,327,0.36085626911314983,0.806340718105424,0.6237585943468297,0.48395721925133695,0.806340718105424,0.3,0.21428571428571427,0.37003058103975534,0.2,0.2857142857142857,0.3730886850152905,0.15,0.42857142857142855,0.37920489296636084,0.1,0.07142857142857142,0.363914373088685,0.05,0.07142857142857142,0.363914373088685,0.125,0.35714285714285715,0.3761467889908257,0.1,0.07142857142857142,0.363914373088685,0.05,0.07142857142857142,0.363914373088685,0.05,0.14285714285714285,0.3669724770642202,0.3,0.21428571428571427,0.37003058103975534,0.2,0.2857142857142857,0.3730886850152905,0.15,0.42857142857142855,0.37920489296636084,margin
gemma4-12b,qwen38-27b,boolq,724,47,0.0649171270718232,475,0.6989473684210527,0.7093874728935542,0.4616424149093309,0.5412489393129891,0.7093874728935542,0.05555555555555555,0.0425531914893617,0.7031578947368421,0.06944444444444445,0.10638297872340426,0.7094736842105264,0.15862068965517243,0.48936170212765956,0.7473684210526316,0.0,0.0,0.6989473684210527,0.041666666666666664,0.06382978723404255,0.7052631578947368,0.06206896551724138,0.19148936170212766,0.7178947368421053,0.027777777777777776,0.02127659574468085,0.7010526315789474,0.06944444444444445,0.10638297872340426,0.7094736842105264,0.08275862068965517,0.2553191489361702,0.7242105263157895,0.05555555555555555,0.0425531914893617,0.7031578947368421,0.06944444444444445,0.10638297872340426,0.7094736842105264,0.15862068965517243,0.48936170212765956,0.7473684210526316,margin
gemma4-12b,qwen38-27b,geometry_of_truth,680,10,0.014705882352941176,1000,0.313,0.7859701492537313,0.8762686567164178,0.462089552238806,0.8762686567164178,0.0,0.0,0.313,0.014705882352941176,0.1,0.314,0.03676470588235294,0.5,0.318,0.08823529411764706,0.3,0.316,0.10294117647058823,0.7,0.32,0.058823529411764705,0.8,0.321,0.058823529411764705,0.2,0.315,0.029411764705882353,0.2,0.315,0.014705882352941176,0.2,0.315,0.08823529411764706,0.3,0.316,0.10294117647058823,0.7,0.32,0.058823529411764705,0.8,0.321,anomaly
gemma4-12b,qwen38-27b,rte,44,14,0.3181818181818182,62,0.6129032258064516,0.9119047619047619,0.6309523809523809,0.7285714285714286,0.9119047619047619,1.0,0.14285714285714285,0.6451612903225806,0.75,0.21428571428571427,0.6612903225806451,0.6666666666666666,0.42857142857142855,0.7096774193548387,0.5,0.07142857142857142,0.6290322580645161,0.25,0.07142857142857142,0.6290322580645161,0.3333333333333333,0.21428571428571427,0.6612903225806451,1.0,0.14285714285714285,0.6451612903225806,0.5,0.14285714285714285,0.6451612903225806,0.6666666666666666,0.42857142857142855,0.7096774193548387,1.0,0.14285714285714285,0.6451612903225806,0.75,0.21428571428571427,0.6612903225806451,0.6666666666666666,0.42857142857142855,0.7096774193548387,margin
gemma4-12b,qwen38-27b,truthfulqa,200,16,0.08,327,0.37003058103975534,0.7493206521739131,0.600203804347826,0.6049592391304348,0.7493206521739131,0.1,0.0625,0.3730886850152905,0.2,0.25,0.382262996941896,0.15,0.375,0.38837920489296635,0.1,0.0625,0.3730886850152905,0.2,0.25,0.382262996941896,0.125,0.3125,0.3853211009174312,0.1,0.0625,0.3730886850152905,0.2,0.25,0.382262996941896,0.15,0.375,0.38837920489296635,0.1,0.0625,0.3730886850152905,0.2,0.25,0.382262996941896,0.15,0.375,0.38837920489296635,margin
gemma4-12b-base,gemma4-12b,boolq,878,200,0.22779043280182232,475,0.42736842105263156,0.7576327433628318,0.4521165191740413,0.560796460176991,0.7576327433628318,0.6363636363636364,0.14,0.4863157894736842,0.625,0.275,0.5431578947368421,0.5227272727272727,0.46,0.6210526315789474,0.13636363636363635,0.03,0.44,0.20454545454545456,0.09,0.4652631578947368,0.20454545454545456,0.18,0.5031578947368421,0.29545454545454547,0.065,0.45473684210526316,0.3181818181818182,0.14,0.4863157894736842,0.2840909090909091,0.25,0.5326315789473685,0.6363636363636364,0.14,0.4863157894736842,0.625,0.275,0.5431578947368421,0.5227272727272727,0.46,0.6210526315789474,margin
gemma4-12b-base,gemma4-12b,geometry_of_truth,677,10,0.014771048744460856,1000,0.318,0.8113943028485757,0.9653673163418292,0.41109445277361323,0.9653673163418292,0.0,0.0,0.318,0.029411764705882353,0.2,0.32,0.044444444444444446,0.6,0.324,0.14705882352941177,0.5,0.323,0.14705882352941177,1.0,0.328,0.07407407407407407,1.0,0.328,0.058823529411764705,0.2,0.32,0.029411764705882353,0.2,0.32,0.014814814814814815,0.2,0.32,0.14705882352941177,0.5,0.323,0.14705882352941177,1.0,0.328,0.07407407407407407,1.0,0.328,anomaly
gemma4-12b-base,gemma4-12b,imdb,655,98,0.14961832061068703,1018,0.41355599214145383,0.7070311068772214,0.43296816033415164,0.550599054702671,0.7070311068772214,0.2727272727272727,0.09183673469387756,0.4223968565815324,0.30303030303030304,0.20408163265306123,0.43320235756385067,0.2824427480916031,0.37755102040816324,0.449901768172888,0.09090909090909091,0.030612244897959183,0.4165029469548134,0.09090909090909091,0.061224489795918366,0.4194499017681729,0.09923664122137404,0.1326530612244898,0.4263261296660118,0.24242424242424243,0.08163265306122448,0.4214145383104126,0.22727272727272727,0.15306122448979592,0.42829076620825146,0.2366412213740458,0.3163265306122449,0.444007858546169,0.2727272727272727,0.09183673469387756,0.4223968565815324,0.30303030303030304,0.20408163265306123,0.43320235756385067,0.2824427480916031,0.37755102040816324,0.449901768172888,margin
gemma4-12b-base,gemma4-12b,rte,51,24,0.47058823529411764,62,0.46774193548387094,0.6712962962962963,0.6388888888888888,0.5092592592592593,0.6712962962962963,0.6666666666666666,0.08333333333333333,0.5,0.6,0.125,0.5161290322580645,0.6,0.25,0.5645161290322581,1.0,0.125,0.5161290322580645,1.0,0.20833333333333334,0.5483870967741935,0.8,0.3333333333333333,0.5967741935483871,0.3333333333333333,0.041666666666666664,0.4838709677419355,0.2,0.041666666666666664,0.4838709677419355,0.4,0.16666666666666666,0.532258064516129,0.6666666666666666,0.08333333333333333,0.5,0.6,0.125,0.5161290322580645,0.6,0.25,0.5645161290322581,margin
gemma4-12b-base,gemma4-12b,truthfulqa,193,21,0.10880829015544041,327,0.39143730886850153,0.8026024363233666,0.7785160575858251,0.5800110741971207,0.8026024363233666,0.3,0.14285714285714285,0.40061162079510704,0.3684210526315789,0.3333333333333333,0.41284403669724773,0.28205128205128205,0.5238095238095238,0.42507645259938837,0.1,0.047619047619047616,0.3944954128440367,0.3157894736842105,0.2857142857142857,0.40978593272171254,0.28205128205128205,0.5238095238095238,0.42507645259938837,0.1,0.047619047619047616,0.3944954128440367,0.2631578947368421,0.23809523809523808,0.40672782874617736,0.1794871794871795,0.3333333333333333,0.41284403669724773,0.3,0.14285714285714285,0.40061162079510704,0.3684210526315789,0.3333333333333333,0.41284403669724773,0.28205128205128205,0.5238095238095238,0.42507645259938837,margin
gemma4-12b-base,gemma4-31b,boolq,775,94,0.12129032258064516,475,0.42105263157894735,0.747961383447371,0.44530883869153626,0.45688443153060276,0.747961383447371,0.3333333333333333,0.13829787234042554,0.44842105263157894,0.358974358974359,0.2978723404255319,0.48,0.2903225806451613,0.4787234042553192,0.5157894736842106,0.02564102564102564,0.010638297872340425,0.4231578947368421,0.07692307692307693,0.06382978723404255,0.4336842105263158,0.1032258064516129,0.1702127659574468,0.45473684210526316,0.10256410256410256,0.0425531914893617,0.42947368421052634,0.08974358974358974,0.07446808510638298,0.4357894736842105,0.1032258064516129,0.1702127659574468,0.45473684210526316,0.3333333333333333,0.13829787234042554,0.44842105263157894,0.358974358974359,0.2978723404255319,0.48,0.2903225806451613,0.4787234042553192,0.5157894736842106,margin
gemma4-12b-base,gemma4-31b,geometry_of_truth,926,12,0.012958963282937365,1000,0.079,0.938457330415755,0.9609773887673232,0.3529358132749818,0.9609773887673232,0.13043478260869565,0.5,0.085,0.0967741935483871,0.75,0.088,0.06486486486486487,1.0,0.091,0.17391304347826086,0.6666666666666666,0.087,0.11827956989247312,0.9166666666666666,0.09,0.06486486486486487,1.0,0.091,0.0,0.0,0.079,0.0,0.0,0.079,0.0,0.0,0.079,0.17391304347826086,0.6666666666666666,0.087,0.11827956989247312,0.9166666666666666,0.09,0.06486486486486487,1.0,0.091,anomaly
gemma4-12b-base,gemma4-31b,rte,54,20,0.37037037037037035,62,0.3387096774193548,0.6411764705882353,0.6294117647058823,0.4308823529411765,0.6411764705882353,0.6666666666666666,0.1,0.3709677419354839,0.6,0.15,0.3870967741935484,0.5454545454545454,0.3,0.43548387096774194,1.0,0.15,0.3870967741935484,0.8,0.2,0.4032258064516129,0.45454545454545453,0.25,0.41935483870967744,0.6666666666666666,0.1,0.3709677419354839,0.4,0.1,0.3709677419354839,0.45454545454545453,0.25,0.41935483870967744,0.6666666666666666,0.1,0.3709677419354839,0.6,0.15,0.3870967741935484,0.5454545454545454,0.3,0.43548387096774194,margin
gemma4-12b-base,gemma4-31b,truthfulqa,237,25,0.10548523206751055,327,0.24770642201834864,0.8371698113207547,0.8345283018867924,0.3777358490566038,0.8371698113207547,0.3333333333333333,0.16,0.2599388379204893,0.3333333333333333,0.32,0.27217125382262997,0.2978723404255319,0.56,0.290519877675841,0.3333333333333333,0.16,0.2599388379204893,0.3333333333333333,0.32,0.27217125382262997,0.2978723404255319,0.56,0.290519877675841,0.08333333333333333,0.04,0.25076452599388377,0.125,0.12,0.25688073394495414,0.10638297872340426,0.2,0.26299694189602446,0.3333333333333333,0.16,0.2599388379204893,0.3333333333333333,0.32,0.27217125382262997,0.2978723404255319,0.56,0.290519877675841,margin
gemma4-12b-base,qwen3-32b,boolq,775,67,0.08645161290322581,475,0.38526315789473686,0.8028079939286618,0.5157686145543469,0.5600598701408213,0.8028079939286618,0.28205128205128205,0.16417910447761194,0.40842105263157896,0.28205128205128205,0.3283582089552239,0.43157894736842106,0.25806451612903225,0.5970149253731343,0.4694736842105263,0.05128205128205128,0.029850746268656716,0.3894736842105263,0.15384615384615385,0.1791044776119403,0.4105263157894737,0.10967741935483871,0.2537313432835821,0.42105263157894735,0.1794871794871795,0.1044776119402985,0.4,0.19230769230769232,0.22388059701492538,0.4168421052631579,0.13548387096774195,0.31343283582089554,0.42947368421052634,0.28205128205128205,0.16417910447761194,0.40842105263157896,0.28205128205128205,0.3283582089552239,0.43157894736842106,0.25806451612903225,0.5970149253731343,0.4694736842105263,margin
gemma4-12b-base,qwen3-32b,geometry_of_truth,989,10,0.010111223458038422,1000,0.015,0.9704800817160368,0.9268641470888661,0.3370786516853933,0.9704800817160368,0.16326530612244897,0.8,0.023,0.09090909090909091,0.9,0.024,0.050505050505050504,1.0,0.025,0.08163265306122448,0.4,0.019,0.08080808080808081,0.8,0.023,0.045454545454545456,0.9,0.024,0.0,0.0,0.015,0.0,0.0,0.015,0.0,0.0,0.015,0.16326530612244897,0.8,0.023,0.09090909090909091,0.9,0.024,0.050505050505050504,1.0,0.025,margin
gemma4-12b-base,qwen3-32b,imdb,940,72,0.07659574468085106,1018,0.12770137524557956,0.7831861239119303,0.5041922683051716,0.4789746543778802,0.7831861239119303,0.23404255319148937,0.1527777777777778,0.13850687622789784,0.24468085106382978,0.3194444444444444,0.15029469548133595,0.23404255319148937,0.6111111111111112,0.17092337917485265,0.0851063829787234,0.05555555555555555,0.13163064833005894,0.0425531914893617,0.05555555555555555,0.13163064833005894,0.06382978723404255,0.16666666666666666,0.13948919449901767,0.06382978723404255,0.041666666666666664,0.13064833005893908,0.09574468085106383,0.125,0.13654223968565815,0.10106382978723404,0.2638888888888889,0.14636542239685657,0.23404255319148937,0.1527777777777778,0.13850687622789784,0.24468085106382978,0.3194444444444444,0.15029469548133595,0.23404255319148937,0.6111111111111112,0.17092337917485265,margin
gemma4-12b-base,qwen3-32b,rte,60,17,0.2833333333333333,62,0.25806451612903225,0.8837209302325582,0.6470588235294117,0.7811217510259918,0.8837209302325582,0.6666666666666666,0.11764705882352941,0.2903225806451613,0.6666666666666666,0.23529411764705882,0.3225806451612903,0.75,0.5294117647058824,0.4032258064516129,0.0,0.0,0.25806451612903225,0.3333333333333333,0.11764705882352941,0.2903225806451613,0.4166666666666667,0.29411764705882354,0.3387096774193548,1.0,0.17647058823529413,0.3064516129032258,0.6666666666666666,0.23529411764705882,0.3225806451612903,0.6666666666666666,0.47058823529411764,0.3870967741935484,0.6666666666666666,0.11764705882352941,0.2903225806451613,0.6666666666666666,0.23529411764705882,0.3225806451612903,0.75,0.5294117647058824,0.4032258064516129,margin
gemma4-12b-base,qwen3-32b,truthfulqa,268,17,0.06343283582089553,327,0.1651376146788991,0.8928989922662293,0.6850246074525427,0.28029060229669556,0.8928989922662293,0.3076923076923077,0.23529411764705882,0.17737003058103976,0.25925925925925924,0.4117647058823529,0.18654434250764526,0.24074074074074073,0.7647058823529411,0.20489296636085627,0.23076923076923078,0.17647058823529413,0.1743119266055046,0.14814814814814814,0.23529411764705882,0.17737003058103976,0.12962962962962962,0.4117647058823529,0.18654434250764526,0.0,0.0,0.1651376146788991,0.0,0.0,0.1651376146788991,0.0,0.0,0.1651376146788991,0.3076923076923077,0.23529411764705882,0.17737003058103976,0.25925925925925924,0.4117647058823529,0.18654434250764526,0.24074074074074073,0.7647058823529411,0.20489296636085627,margin
gemma4-12b-base,qwen38-27b,boolq,763,53,0.06946264744429882,475,0.4063157894736842,0.8253786872176454,0.44515014615997883,0.6170608557002392,0.8253786872176454,0.3157894736842105,0.22641509433962265,0.43157894736842106,0.2894736842105263,0.41509433962264153,0.45263157894736844,0.23529411764705882,0.6792452830188679,0.48210526315789476,0.02631578947368421,0.018867924528301886,0.40842105263157896,0.05263157894736842,0.07547169811320754,0.4147368421052632,0.0457516339869281,0.1320754716981132,0.42105263157894735,0.10526315789473684,0.07547169811320754,0.4147368421052632,0.10526315789473684,0.1509433962264151,0.4231578947368421,0.10457516339869281,0.3018867924528302,0.44,0.3157894736842105,0.22641509433962265,0.43157894736842106,0.2894736842105263,0.41509433962264153,0.45263157894736844,0.23529411764705882,0.6792452830188679,0.48210526315789476,margin
gemma4-12b-base,qwen38-27b,geometry_of_truth,987,10,0.010131712259371834,1000,0.015,0.9700102354145343,0.9445240532241557,0.44912998976458546,0.9700102354145343,0.16326530612244897,0.8,0.023,0.09090909090909091,0.9,0.024,0.050761421319796954,1.0,0.025,0.08163265306122448,0.4,0.019,0.09090909090909091,0.9,0.024,0.050761421319796954,1.0,0.025,0.0,0.0,0.015,0.0,0.0,0.015,0.005076142131979695,0.1,0.016,0.16326530612244897,0.8,0.023,0.09090909090909091,0.9,0.024,0.050761421319796954,1.0,0.025,margin
gemma4-12b-base,qwen38-27b,rte,58,15,0.25862068965517243,62,0.3064516129032258,0.8976744186046512,0.6883720930232557,0.7302325581395348,0.8976744186046512,1.0,0.2,0.3548387096774194,0.6666666666666666,0.26666666666666666,0.3709677419354839,0.5833333333333334,0.4666666666666667,0.41935483870967744,1.0,0.2,0.3548387096774194,0.6666666666666666,0.26666666666666666,0.3709677419354839,0.5,0.4,0.4032258064516129,0.6666666666666666,0.13333333333333333,0.3387096774193548,0.5,0.2,0.3548387096774194,0.5,0.4,0.4032258064516129,1.0,0.2,0.3548387096774194,0.6666666666666666,0.26666666666666666,0.3709677419354839,0.5833333333333334,0.4666666666666667,0.41935483870967744,margin
gemma4-12b-base,qwen38-27b,truthfulqa,265,19,0.07169811320754717,327,0.1743119266055046,0.8525887890457852,0.85066324347454,0.44180573384681215,0.8525887890457852,0.23076923076923078,0.15789473684210525,0.1834862385321101,0.15384615384615385,0.21052631578947367,0.18654434250764526,0.24528301886792453,0.6842105263157895,0.21406727828746178,0.3076923076923077,0.21052631578947367,0.18654434250764526,0.23076923076923078,0.3157894736842105,0.1926605504587156,0.22641509433962265,0.631578947368421,0.21100917431192662,0.0,0.0,0.1743119266055046,0.038461538461538464,0.05263157894736842,0.17737003058103976,0.03773584905660377,0.10526315789473684,0.18042813455657492,0.23076923076923078,0.15789473684210525,0.1834862385321101,0.15384615384615385,0.21052631578947367,0.18654434250764526,0.24528301886792453,0.6842105263157895,0.21406727828746178,margin
gemma4-31b,qwen3-32b,boolq,737,57,0.0773405698778833,475,0.24210526315789474,0.7659958720330237,0.49238906088751294,0.5207172342621259,0.7659958720330237,0.13513513513513514,0.08771929824561403,0.25263157894736843,0.17567567567567569,0.22807017543859648,0.2694736842105263,0.19047619047619047,0.49122807017543857,0.30105263157894735,0.13513513513513514,0.08771929824561403,0.25263157894736843,0.10810810810810811,0.14035087719298245,0.25894736842105265,0.08163265306122448,0.21052631578947367,0.2673684210526316,0.08108108108108109,0.05263157894736842,0.24842105263157896,0.0945945945945946,0.12280701754385964,0.25684210526315787,0.10884353741496598,0.2807017543859649,0.27578947368421053,0.13513513513513514,0.08771929824561403,0.25263157894736843,0.17567567567567569,0.22807017543859648,0.2694736842105263,0.19047619047619047,0.49122807017543857,0.30105263157894735,margin
gemma4-31b,qwen3-32b,geometry_of_truth,926,7,0.00755939524838013,1000,0.084,0.9455930359085963,0.9113943727654282,0.4752059692212032,0.9455930359085963,0.10869565217391304,0.7142857142857143,0.089,0.06451612903225806,0.8571428571428571,0.09,0.03783783783783784,1.0,0.091,0.06521739130434782,0.42857142857142855,0.087,0.06451612903225806,0.8571428571428571,0.09,0.032432432432432434,0.8571428571428571,0.09,0.0,0.0,0.084,0.0,0.0,0.084,0.005405405405405406,0.14285714285714285,0.085,0.10869565217391304,0.7142857142857143,0.089,0.06451612903225806,0.8571428571428571,0.09,0.03783783783783784,1.0,0.091,margin
gemma4-31b,qwen3-32b,rte,49,12,0.24489795918367346,62,0.43548387096774194,0.740990990990991,0.5585585585585586,0.632882882882883,0.740990990990991,0.5,0.08333333333333333,0.45161290322580644,0.6,0.25,0.4838709677419355,0.5,0.4166666666666667,0.5161290322580645,0.5,0.08333333333333333,0.45161290322580644,0.2,0.08333333333333333,0.45161290322580644,0.3,0.25,0.4838709677419355,0.5,0.08333333333333333,0.45161290322580644,0.2,0.08333333333333333,0.45161290322580644,0.4,0.3333333333333333,0.5,0.5,0.08333333333333333,0.45161290322580644,0.6,0.25,0.4838709677419355,0.5,0.4166666666666667,0.5161290322580645,margin
gemma4-31b,qwen3-32b,truthfulqa,241,15,0.06224066390041494,327,0.23547400611620795,0.9230088495575222,0.6825958702064897,0.49616519174041296,0.9230088495575222,0.5,0.4,0.25382262996941896,0.375,0.6,0.26299694189602446,0.25,0.8,0.27217125382262997,0.08333333333333333,0.06666666666666667,0.23853211009174313,0.125,0.2,0.24464831804281345,0.10416666666666667,0.3333333333333333,0.25076452599388377,0.08333333333333333,0.06666666666666667,0.23853211009174313,0.08333333333333333,0.13333333333333333,0.2415902140672783,0.041666666666666664,0.13333333333333333,0.2415902140672783,0.5,0.4,0.25382262996941896,0.375,0.6,0.26299694189602446,0.25,0.8,0.27217125382262997,margin
llama-8b,gemma4-12b,boolq,797,137,0.17189460476787954,475,0.5452631578947369,0.7310661358106614,0.48249281132492816,0.5781906657819067,0.7310661358106614,0.55,0.16058394160583941,0.5915789473684211,0.5125,0.29927007299270075,0.631578947368421,0.3584905660377358,0.41605839416058393,0.6652631578947369,0.1,0.029197080291970802,0.5536842105263158,0.1625,0.0948905109489051,0.5726315789473684,0.16981132075471697,0.19708029197080293,0.6021052631578947,0.325,0.0948905109489051,0.5726315789473684,0.25,0.145985401459854,0.5873684210526315,0.2641509433962264,0.30656934306569344,0.6336842105263157,0.55,0.16058394160583941,0.5915789473684211,0.5125,0.29927007299270075,0.631578947368421,0.3584905660377358,0.41605839416058393,0.6652631578947369,margin
llama-8b,gemma4-12b,geometry_of_truth,680,10,0.014705882352941176,1000,0.316,0.7614925373134327,0.9176119402985075,0.3767164179104478,0.9176119402985075,0.0,0.0,0.316,0.014705882352941176,0.1,0.317,0.04411764705882353,0.6,0.322,0.11764705882352941,0.4,0.32,0.11764705882352941,0.8,0.324,0.0661764705882353,0.9,0.325,0.029411764705882353,0.1,0.317,0.014705882352941176,0.1,0.317,0.014705882352941176,0.2,0.318,0.11764705882352941,0.4,0.32,0.11764705882352941,0.8,0.324,0.0661764705882353,0.9,0.325,anomaly
llama-8b,gemma4-12b,imdb,634,64,0.10094637223974763,1018,0.41846758349705304,0.7431195175438597,0.48999451754385964,0.5376918859649122,0.7431195175438597,0.28125,0.140625,0.42730844793713163,0.23809523809523808,0.234375,0.43320235756385067,0.2047244094488189,0.40625,0.444007858546169,0.09375,0.046875,0.4214145383104126,0.09523809523809523,0.09375,0.4243614931237721,0.07874015748031496,0.15625,0.42829076620825146,0.15625,0.078125,0.42337917485265225,0.20634920634920634,0.203125,0.431237721021611,0.13385826771653545,0.265625,0.4351669941060904,0.28125,0.140625,0.42730844793713163,0.23809523809523808,0.234375,0.43320235756385067,0.2047244094488189,0.40625,0.444007858546169,margin
llama-8b,gemma4-12b,rte,50,21,0.42,62,0.5,0.6436781609195402,0.5878489326765188,0.5270935960591133,0.6436781609195402,0.5,0.047619047619047616,0.5161290322580645,0.6,0.14285714285714285,0.5483870967741935,0.7,0.3333333333333333,0.6129032258064516,0.5,0.047619047619047616,0.5161290322580645,0.6,0.14285714285714285,0.5483870967741935,0.7,0.3333333333333333,0.6129032258064516,0.5,0.047619047619047616,0.5161290322580645,0.6,0.14285714285714285,0.5483870967741935,0.6,0.2857142857142857,0.5967741935483871,0.5,0.047619047619047616,0.5161290322580645,0.6,0.14285714285714285,0.5483870967741935,0.7,0.3333333333333333,0.6129032258064516,margin
llama-8b,gemma4-12b,truthfulqa,199,21,0.10552763819095477,327,0.363914373088685,0.776083467094703,0.725789192081327,0.5609951845906902,0.776083467094703,0.1,0.047619047619047616,0.3669724770642202,0.25,0.23809523809523808,0.37920489296636084,0.25,0.47619047619047616,0.3944954128440367,0.2,0.09523809523809523,0.37003058103975534,0.2,0.19047619047619047,0.3761467889908257,0.25,0.47619047619047616,0.3944954128440367,0.1,0.047619047619047616,0.3669724770642202,0.15,0.14285714285714285,0.3730886850152905,0.15,0.2857142857142857,0.382262996941896,0.1,0.047619047619047616,0.3669724770642202,0.25,0.23809523809523808,0.37920489296636084,0.25,0.47619047619047616,0.3944954128440367,margin
llama-8b,gemma4-12b-base,boolq,835,133,0.1592814371257485,475,0.29473684210526313,0.7943469785575048,0.4566544566544566,0.5032131611078979,0.7943469785575048,0.5476190476190477,0.17293233082706766,0.3431578947368421,0.4880952380952381,0.3082706766917293,0.38105263157894737,0.41916167664670656,0.5263157894736842,0.4421052631578947,0.16666666666666666,0.05263157894736842,0.3094736842105263,0.15476190476190477,0.09774436090225563,0.32210526315789473,0.1437125748502994,0.18045112781954886,0.3452631578947368,0.16666666666666666,0.05263157894736842,0.3094736842105263,0.17857142857142858,0.11278195488721804,0.3263157894736842,0.15568862275449102,0.19548872180451127,0.3494736842105263,0.5476190476190477,0.17293233082706766,0.3431578947368421,0.4880952380952381,0.3082706766917293,0.38105263157894737,0.41916167664670656,0.5263157894736842,0.4421052631578947,margin
llama-8b,gemma4-12b-base,geometry_of_truth,991,11,0.011099899091826439,1000,0.016,0.9633580705009276,0.9409090909090909,0.48367346938775513,0.9633580705009276,0.16,0.7272727272727273,0.024,0.10101010101010101,0.9090909090909091,0.026,0.05555555555555555,1.0,0.027,0.1,0.45454545454545453,0.021,0.09090909090909091,0.8181818181818182,0.025,0.05555555555555555,1.0,0.027,0.02,0.09090909090909091,0.017,0.010101010101010102,0.09090909090909091,0.017,0.010101010101010102,0.18181818181818182,0.018,0.16,0.7272727272727273,0.024,0.10101010101010101,0.9090909090909091,0.026,0.05555555555555555,1.0,0.027,margin
llama-8b,gemma4-12b-base,imdb,952,80,0.08403361344537816,1018,0.13261296660117877,0.7690653669724772,0.4539564220183486,0.4265911697247706,0.7690653669724772,0.2916666666666667,0.175,0.14636542239685657,0.25263157894736843,0.3,0.15618860510805502,0.23157894736842105,0.55,0.17583497053045186,0.020833333333333332,0.0125,0.13359528487229863,0.042105263157894736,0.05,0.13654223968565815,0.04736842105263158,0.1125,0.14145383104125736,0.041666666666666664,0.025,0.13457760314341846,0.07368421052631578,0.0875,0.13948919449901767,0.06842105263157895,0.1625,0.14538310412573674,0.2916666666666667,0.175,0.14636542239685657,0.25263157894736843,0.3,0.15618860510805502,0.23157894736842105,0.55,0.17583497053045186,margin
llama-8b,gemma4-12b-base,rte,63,21,0.3333333333333333,62,0.22580645161290322,0.6984126984126984,0.6020408163265305,0.5374149659863945,0.6984126984126984,0.3333333333333333,0.047619047619047616,0.24193548387096775,0.5,0.14285714285714285,0.27419354838709675,0.5384615384615384,0.3333333333333333,0.3387096774193548,0.6666666666666666,0.09523809523809523,0.25806451612903225,0.6666666666666666,0.19047619047619047,0.2903225806451613,0.5384615384615384,0.3333333333333333,0.3387096774193548,0.3333333333333333,0.047619047619047616,0.24193548387096775,0.16666666666666666,0.047619047619047616,0.24193548387096775,0.38461538461538464,0.23809523809523808,0.3064516129032258,0.3333333333333333,0.047619047619047616,0.24193548387096775,0.5,0.14285714285714285,0.27419354838709675,0.5384615384615384,0.3333333333333333,0.3387096774193548,margin
llama-8b,gemma4-12b-base,truthfulqa,262,22,0.08396946564885496,327,0.18042813455657492,0.8570075757575758,0.7986742424242425,0.2929924242424242,0.8570075757575758,0.23076923076923078,0.13636363636363635,0.18960244648318042,0.2692307692307692,0.3181818181818182,0.2018348623853211,0.2692307692307692,0.6363636363636364,0.22324159021406728,0.3076923076923077,0.18181818181818182,0.1926605504587156,0.3076923076923077,0.36363636363636365,0.20489296636085627,0.23076923076923078,0.5454545454545454,0.21712538226299694,0.0,0.0,0.18042813455657492,0.0,0.0,0.18042813455657492,0.038461538461538464,0.09090909090909091,0.18654434250764526,0.23076923076923078,0.13636363636363635,0.18960244648318042,0.2692307692307692,0.3181818181818182,0.2018348623853211,0.2692307692307692,0.6363636363636364,0.22324159021406728,margin
llama-8b,gemma4-31b,boolq,756,81,0.10714285714285714,475,0.32842105263157895,0.7278280749885688,0.46187471422039317,0.4932601737540009,0.7278280749885688,0.2894736842105263,0.13580246913580246,0.35157894736842105,0.3157894736842105,0.2962962962962963,0.37894736842105264,0.2251655629139073,0.41975308641975306,0.4,0.05263157894736842,0.024691358024691357,0.33263157894736844,0.06578947368421052,0.06172839506172839,0.3389473684210526,0.08609271523178808,0.16049382716049382,0.35578947368421054,0.07894736842105263,0.037037037037037035,0.33473684210526317,0.07894736842105263,0.07407407407407407,0.3410526315789474,0.11258278145695365,0.20987654320987653,0.3642105263157895,0.2894736842105263,0.13580246913580246,0.35157894736842105,0.3157894736842105,0.2962962962962963,0.37894736842105264,0.2251655629139073,0.41975308641975306,0.4,margin
llama-8b,gemma4-31b,geometry_of_truth,923,8,0.00866738894907909,1000,0.085,0.9015027322404371,0.9453551912568305,0.45874316939890714,0.9453551912568305,0.043478260869565216,0.25,0.087,0.043478260869565216,0.5,0.089,0.043243243243243246,1.0,0.093,0.08695652173913043,0.5,0.089,0.07608695652173914,0.875,0.092,0.043243243243243246,1.0,0.093,0.0,0.0,0.085,0.0,0.0,0.085,0.010810810810810811,0.25,0.087,0.08695652173913043,0.5,0.089,0.07608695652173914,0.875,0.092,0.043243243243243246,1.0,0.093,anomaly
llama-8b,gemma4-31b,rte,54,18,0.3333333333333333,62,0.3387096774193548,0.5972222222222222,0.5169753086419753,0.4660493827160494,0.5972222222222222,0.3333333333333333,0.05555555555555555,0.3548387096774194,0.4,0.1111111111111111,0.3709677419354839,0.45454545454545453,0.2777777777777778,0.41935483870967744,0.3333333333333333,0.05555555555555555,0.3548387096774194,0.4,0.1111111111111111,0.3709677419354839,0.36363636363636365,0.2222222222222222,0.4032258064516129,0.6666666666666666,0.1111111111111111,0.3709677419354839,0.4,0.1111111111111111,0.3709677419354839,0.2727272727272727,0.16666666666666666,0.3870967741935484,0.3333333333333333,0.05555555555555555,0.3548387096774194,0.4,0.1111111111111111,0.3709677419354839,0.45454545454545453,0.2777777777777778,0.41935483870967744,margin
llama-8b,gemma4-31b,truthfulqa,247,24,0.09716599190283401,327,0.22629969418960244,0.8751868460388639,0.781203288490284,0.4744020926756353,0.8751868460388639,0.3333333333333333,0.16666666666666666,0.23853211009174313,0.36,0.375,0.25382262996941896,0.32653061224489793,0.6666666666666666,0.27522935779816515,0.4166666666666667,0.20833333333333334,0.2415902140672783,0.44,0.4583333333333333,0.2599388379204893,0.2653061224489796,0.5416666666666666,0.26605504587155965,0.16666666666666666,0.08333333333333333,0.2324159021406728,0.12,0.125,0.23547400611620795,0.10204081632653061,0.20833333333333334,0.2415902140672783,0.3333333333333333,0.16666666666666666,0.23853211009174313,0.36,0.375,0.25382262996941896,0.32653061224489793,0.6666666666666666,0.27522935779816515,margin
llama-8b,qwen3-32b,boolq,763,64,0.08387942332896461,475,0.2505263157894737,0.8165683118741058,0.4891586194563662,0.5794438483547926,0.8165683118741058,0.34210526315789475,0.203125,0.27789473684210525,0.2894736842105263,0.34375,0.2968421052631579,0.24836601307189543,0.59375,0.33052631578947367,0.10526315789473684,0.0625,0.25894736842105265,0.11842105263157894,0.140625,0.2694736842105263,0.09803921568627451,0.234375,0.28210526315789475,0.13157894736842105,0.078125,0.26105263157894737,0.11842105263157894,0.140625,0.2694736842105263,0.12418300653594772,0.296875,0.2905263157894737,0.34210526315789475,0.203125,0.27789473684210525,0.2894736842105263,0.34375,0.2968421052631579,0.24836601307189543,0.59375,0.33052631578947367,margin
llama-8b,qwen3-32b,geometry_of_truth,994,10,0.01006036217303823,1000,0.013,0.9596544715447154,0.9488821138211383,0.3465447154471545,0.9596544715447154,0.14,0.7,0.02,0.08080808080808081,0.8,0.021,0.05025125628140704,1.0,0.023,0.08,0.4,0.017,0.09090909090909091,0.9,0.022,0.05025125628140704,1.0,0.023,0.02,0.1,0.014,0.010101010101010102,0.1,0.014,0.005025125628140704,0.1,0.014,0.14,0.7,0.02,0.08080808080808081,0.8,0.021,0.05025125628140704,1.0,0.023,margin
llama-8b,qwen3-32b,imdb,996,81,0.08132530120481928,1018,0.0481335952848723,0.8405855764690008,0.4968090130203063,0.5852121702759225,0.8405855764690008,0.38,0.2345679012345679,0.06679764243614932,0.33,0.4074074074074074,0.08055009823182711,0.2964824120603015,0.7283950617283951,0.10609037328094302,0.08,0.04938271604938271,0.05206286836935167,0.05,0.06172839506172839,0.05304518664047151,0.07537688442211055,0.18518518518518517,0.06286836935166994,0.2,0.12345679012345678,0.05795677799607073,0.15,0.18518518518518517,0.06286836935166994,0.10050251256281408,0.24691358024691357,0.06777996070726916,0.38,0.2345679012345679,0.06679764243614932,0.33,0.4074074074074074,0.08055009823182711,0.2964824120603015,0.7283950617283951,0.10609037328094302,margin
llama-8b,qwen3-32b,rte,58,14,0.2413793103448276,62,0.2903225806451613,0.8474025974025974,0.6412337662337662,0.6915584415584416,0.8474025974025974,0.6666666666666666,0.14285714285714285,0.3225806451612903,0.8333333333333334,0.35714285714285715,0.3709677419354839,0.75,0.6428571428571429,0.43548387096774194,0.3333333333333333,0.07142857142857142,0.3064516129032258,0.5,0.21428571428571427,0.3387096774193548,0.4166666666666667,0.35714285714285715,0.3709677419354839,0.3333333333333333,0.07142857142857142,0.3064516129032258,0.5,0.21428571428571427,0.3387096774193548,0.5,0.42857142857142855,0.3870967741935484,0.6666666666666666,0.14285714285714285,0.3225806451612903,0.8333333333333334,0.35714285714285715,0.3709677419354839,0.75,0.6428571428571429,0.43548387096774194,margin
llama-8b,qwen3-32b,truthfulqa,287,18,0.0627177700348432,327,0.13149847094801223,0.9043783560512185,0.6629491945477076,0.3583230070218918,0.9043783560512185,0.42857142857142855,0.3333333333333333,0.14984709480122324,0.3103448275862069,0.5,0.15902140672782875,0.24561403508771928,0.7777777777777778,0.1743119266055046,0.2857142857142857,0.2222222222222222,0.1437308868501529,0.1724137931034483,0.2777777777777778,0.14678899082568808,0.14035087719298245,0.4444444444444444,0.1559633027522936,0.0,0.0,0.13149847094801223,0.0,0.0,0.13149847094801223,0.017543859649122806,0.05555555555555555,0.1345565749235474,0.42857142857142855,0.3333333333333333,0.14984709480122324,0.3103448275862069,0.5,0.15902140672782875,0.24561403508771928,0.7777777777777778,0.1743119266055046,margin
llama-8b,qwen3-8b,boolq,789,91,0.11533586818757921,475,0.23157894736842105,0.8039768254667967,0.46024748890078404,0.537942000692717,0.8039768254667967,0.48717948717948717,0.2087912087912088,0.27157894736842103,0.4430379746835443,0.38461538461538464,0.30526315789473685,0.2974683544303797,0.5164835164835165,0.33052631578947367,0.07692307692307693,0.03296703296703297,0.23789473684210527,0.08860759493670886,0.07692307692307693,0.2463157894736842,0.08860759493670886,0.15384615384615385,0.26105263157894737,0.07692307692307693,0.03296703296703297,0.23789473684210527,0.11392405063291139,0.0989010989010989,0.2505263157894737,0.11392405063291139,0.1978021978021978,0.2694736842105263,0.48717948717948717,0.2087912087912088,0.27157894736842103,0.4430379746835443,0.38461538461538464,0.30526315789473685,0.2974683544303797,0.5164835164835165,0.33052631578947367,margin
llama-8b,qwen3-8b,geometry_of_truth,997,14,0.014042126379137413,1000,0.01,0.9569829966574626,0.9083708763261154,0.4889550937363755,0.9569829966574626,0.18,0.6428571428571429,0.019,0.12,0.8571428571428571,0.022,0.07035175879396985,1.0,0.024,0.06,0.21428571428571427,0.013,0.1,0.7142857142857143,0.02,0.06532663316582915,0.9285714285714286,0.023,0.02,0.07142857142857142,0.011,0.01,0.07142857142857142,0.011,0.010050251256281407,0.14285714285714285,0.012,0.18,0.6428571428571429,0.019,0.12,0.8571428571428571,0.022,0.07035175879396985,1.0,0.024,margin
llama-8b,qwen3-8b,imdb,988,84,0.08502024291497975,1018,0.06286836935166994,0.839338390223346,0.4677754951538138,0.6079593341761483,0.839338390223346,0.4489795918367347,0.2619047619047619,0.08447937131630648,0.37373737373737376,0.44047619047619047,0.09921414538310412,0.29797979797979796,0.7023809523809523,0.12082514734774066,0.061224489795918366,0.03571428571428571,0.06581532416502947,0.050505050505050504,0.05952380952380952,0.06777996070726916,0.06060606060606061,0.14285714285714285,0.07465618860510806,0.12244897959183673,0.07142857142857142,0.068762278978389,0.16161616161616163,0.19047619047619047,0.07858546168958742,0.13636363636363635,0.32142857142857145,0.0893909626719057,0.4489795918367347,0.2619047619047619,0.08447937131630648,0.37373737373737376,0.44047619047619047,0.09921414538310412,0.29797979797979796,0.7023809523809523,0.12082514734774066,margin
llama-8b,qwen3-8b,rte,59,14,0.23728813559322035,62,0.3064516129032258,0.8746031746031746,0.6587301587301587,0.5746031746031746,0.8746031746031746,1.0,0.21428571428571427,0.3548387096774194,0.8333333333333334,0.35714285714285715,0.3870967741935484,0.5833333333333334,0.5,0.41935483870967744,0.6666666666666666,0.14285714285714285,0.3387096774193548,0.5,0.21428571428571427,0.3548387096774194,0.3333333333333333,0.2857142857142857,0.3709677419354839,0.3333333333333333,0.07142857142857142,0.3225806451612903,0.16666666666666666,0.07142857142857142,0.3225806451612903,0.08333333333333333,0.07142857142857142,0.3225806451612903,1.0,0.21428571428571427,0.3548387096774194,0.8333333333333334,0.35714285714285715,0.3870967741935484,0.5833333333333334,0.5,0.41935483870967744,margin
llama-8b,qwen3-8b,truthfulqa,282,25,0.08865248226950355,327,0.14984709480122324,0.8985214007782101,0.7069260700389105,0.4272373540856031,0.8985214007782101,0.2857142857142857,0.16,0.1620795107033639,0.39285714285714285,0.44,0.1834862385321101,0.35714285714285715,0.8,0.21100917431192662,0.35714285714285715,0.2,0.1651376146788991,0.21428571428571427,0.24,0.16819571865443425,0.19642857142857142,0.44,0.1834862385321101,0.14285714285714285,0.08,0.1559633027522936,0.07142857142857142,0.08,0.1559633027522936,0.07142857142857142,0.16,0.1620795107033639,0.2857142857142857,0.16,0.1620795107033639,0.39285714285714285,0.44,0.1834862385321101,0.35714285714285715,0.8,0.21100917431192662,margin
llama-8b,qwen3-8b-base,boolq,789,94,0.11913814955640051,475,0.24210526315789474,0.7866523802234808,0.4986682994030307,0.5397367212612889,0.7866523802234808,0.41025641025641024,0.1702127659574468,0.27578947368421053,0.34177215189873417,0.2872340425531915,0.29894736842105263,0.3037974683544304,0.5106382978723404,0.3431578947368421,0.10256410256410256,0.0425531914893617,0.2505263157894737,0.10126582278481013,0.0851063829787234,0.25894736842105265,0.10126582278481013,0.1702127659574468,0.27578947368421053,0.1794871794871795,0.07446808510638298,0.25684210526315787,0.12658227848101267,0.10638297872340426,0.2631578947368421,0.12658227848101267,0.2127659574468085,0.28421052631578947,0.41025641025641024,0.1702127659574468,0.27578947368421053,0.34177215189873417,0.2872340425531915,0.29894736842105263,0.3037974683544304,0.5106382978723404,0.3431578947368421,margin
llama-8b,qwen3-8b-base,geometry_of_truth,997,13,0.013039117352056168,1000,0.014,0.9538774233896186,0.9218261413383365,0.40869293308317695,0.9538774233896186,0.16,0.6153846153846154,0.022,0.1,0.7692307692307693,0.024,0.06532663316582915,1.0,0.027,0.08,0.3076923076923077,0.018,0.09,0.6923076923076923,0.023,0.06030150753768844,0.9230769230769231,0.026,0.02,0.07692307692307693,0.015,0.01,0.07692307692307693,0.015,0.005025125628140704,0.07692307692307693,0.015,0.16,0.6153846153846154,0.022,0.1,0.7692307692307693,0.024,0.06532663316582915,1.0,0.027,margin
llama-8b,qwen3-8b-base,imdb,1016,88,0.08661417322834646,1018,0.04911591355599214,0.8367456896551724,0.4633620689655172,0.5443769592476488,0.8367456896551724,0.47058823529411764,0.2727272727272727,0.07269155206286837,0.39215686274509803,0.45454545454545453,0.08840864440078586,0.3054187192118227,0.7045454545454546,0.1100196463654224,0.0196078431372549,0.011363636363636364,0.05009823182711198,0.0392156862745098,0.045454545454545456,0.05304518664047151,0.059113300492610835,0.13636363636363635,0.060903732809430254,0.09803921568627451,0.056818181818181816,0.054027504911591355,0.10784313725490197,0.125,0.05992141453831041,0.09852216748768473,0.22727272727272727,0.068762278978389,0.47058823529411764,0.2727272727272727,0.07269155206286837,0.39215686274509803,0.45454545454545453,0.08840864440078586,0.3054187192118227,0.7045454545454546,0.1100196463654224,margin
llama-8b,qwen3-8b-base,rte,61,17,0.2786885245901639,62,0.24193548387096775,0.8703208556149733,0.5909090909090909,0.6363636363636362,0.8703208556149733,0.6666666666666666,0.11764705882352941,0.27419354838709675,0.6666666666666666,0.23529411764705882,0.3064516129032258,0.6666666666666666,0.47058823529411764,0.3709677419354839,0.6666666666666666,0.11764705882352941,0.27419354838709675,0.3333333333333333,0.11764705882352941,0.27419354838709675,0.4166666666666667,0.29411764705882354,0.3225806451612903,0.6666666666666666,0.11764705882352941,0.27419354838709675,0.3333333333333333,0.11764705882352941,0.27419354838709675,0.4166666666666667,0.29411764705882354,0.3225806451612903,0.6666666666666666,0.11764705882352941,0.27419354838709675,0.6666666666666666,0.23529411764705882,0.3064516129032258,0.6666666666666666,0.47058823529411764,0.3709677419354839,margin
llama-8b,qwen3-8b-base,truthfulqa,273,25,0.09157509157509157,327,0.1651376146788991,0.8833870967741937,0.7753225806451614,0.37951612903225806,0.8833870967741937,0.21428571428571427,0.12,0.1743119266055046,0.3333333333333333,0.36,0.1926605504587156,0.36363636363636365,0.8,0.22629969418960244,0.42857142857142855,0.24,0.1834862385321101,0.2962962962962963,0.32,0.18960244648318042,0.2727272727272727,0.6,0.21100917431192662,0.07142857142857142,0.04,0.16819571865443425,0.037037037037037035,0.04,0.16819571865443425,0.05454545454545454,0.12,0.1743119266055046,0.21428571428571427,0.12,0.1743119266055046,0.3333333333333333,0.36,0.1926605504587156,0.36363636363636365,0.8,0.22629969418960244,margin
llama-8b,qwen38-27b,boolq,754,51,0.06763925729442971,475,0.2673684210526316,0.7426435723649346,0.45209605890720445,0.5293838730371239,0.7426435723649346,0.21052631578947367,0.1568627450980392,0.28421052631578947,0.14666666666666667,0.21568627450980393,0.2905263157894737,0.1986754966887417,0.5882352941176471,0.33052631578947367,0.0,0.0,0.2673684210526316,0.05333333333333334,0.0784313725490196,0.27578947368421053,0.052980132450331126,0.1568627450980392,0.28421052631578947,0.10526315789473684,0.0784313725490196,0.27578947368421053,0.06666666666666667,0.09803921568627451,0.27789473684210525,0.039735099337748346,0.11764705882352941,0.28,0.21052631578947367,0.1568627450980392,0.28421052631578947,0.14666666666666667,0.21568627450980393,0.2905263157894737,0.1986754966887417,0.5882352941176471,0.33052631578947367,margin
llama-8b,qwen38-27b,geometry_of_truth,994,11,0.011066398390342052,1000,0.011,0.9487653750115603,0.9279570886895404,0.5842966799223157,0.9487653750115603,0.14,0.6363636363636364,0.018,0.09090909090909091,0.8181818181818182,0.02,0.05527638190954774,1.0,0.022,0.1,0.45454545454545453,0.016,0.09090909090909091,0.8181818181818182,0.02,0.05527638190954774,1.0,0.022,0.02,0.09090909090909091,0.012,0.010101010101010102,0.09090909090909091,0.012,0.020100502512562814,0.36363636363636365,0.015,0.14,0.6363636363636364,0.018,0.09090909090909091,0.8181818181818182,0.02,0.05527638190954774,1.0,0.022,margin
llama-8b,qwen38-27b,rte,58,13,0.22413793103448276,62,0.3064516129032258,0.900854700854701,0.6444444444444445,0.6871794871794872,0.900854700854701,1.0,0.23076923076923078,0.3548387096774194,0.5,0.23076923076923078,0.3548387096774194,0.6666666666666666,0.6153846153846154,0.43548387096774194,0.6666666666666666,0.15384615384615385,0.3387096774193548,0.5,0.23076923076923078,0.3548387096774194,0.4166666666666667,0.38461538461538464,0.3870967741935484,0.3333333333333333,0.07692307692307693,0.3225806451612903,0.6666666666666666,0.3076923076923077,0.3709677419354839,0.5,0.46153846153846156,0.4032258064516129,1.0,0.23076923076923078,0.3548387096774194,0.5,0.23076923076923078,0.3548387096774194,0.6666666666666666,0.6153846153846154,0.43548387096774194,margin
llama-8b,qwen38-27b,truthfulqa,283,19,0.06713780918727916,327,0.14678899082568808,0.8440988835725677,0.6820175438596491,0.44816586921850077,0.8440988835725677,0.14285714285714285,0.10526315789473684,0.1529051987767584,0.21428571428571427,0.3157894736842105,0.1651376146788991,0.22807017543859648,0.6842105263157895,0.18654434250764526,0.14285714285714285,0.10526315789473684,0.1529051987767584,0.14285714285714285,0.21052631578947367,0.15902140672782875,0.14035087719298245,0.42105263157894735,0.1712538226299694,0.0,0.0,0.14678899082568808,0.03571428571428571,0.05263157894736842,0.14984709480122324,0.05263157894736842,0.15789473684210525,0.1559633027522936,0.14285714285714285,0.10526315789473684,0.1529051987767584,0.21428571428571427,0.3157894736842105,0.1651376146788991,0.22807017543859648,0.6842105263157895,0.18654434250764526,margin
olmo3-7b,gemma4-12b,boolq,898,213,0.23719376391982183,475,0.40842105263157896,0.7198519584661253,0.511545183509818,0.5509406805798294,0.7198519584661253,0.4888888888888889,0.10328638497652583,0.45473684210526316,0.5222222222222223,0.22065727699530516,0.5073684210526316,0.42777777777777776,0.3615023474178404,0.5705263157894737,0.17777777777777778,0.03755868544600939,0.42526315789473684,0.2111111111111111,0.0892018779342723,0.44842105263157894,0.24444444444444444,0.20657276995305165,0.5010526315789474,0.26666666666666666,0.056338028169014086,0.4336842105263158,0.24444444444444444,0.10328638497652583,0.45473684210526316,0.25,0.2112676056338028,0.5031578947368421,0.4888888888888889,0.10328638497652583,0.45473684210526316,0.5222222222222223,0.22065727699530516,0.5073684210526316,0.42777777777777776,0.3615023474178404,0.5705263157894737,margin
olmo3-7b,gemma4-12b,geometry_of_truth,677,21,0.0310192023633678,1000,0.318,0.7717044134727061,0.8113385598141696,0.4647938443670151,0.8113385598141696,0.0,0.0,0.318,0.07352941176470588,0.23809523809523808,0.323,0.07407407407407407,0.47619047619047616,0.328,0.17647058823529413,0.2857142857142857,0.324,0.14705882352941177,0.47619047619047616,0.328,0.1037037037037037,0.6666666666666666,0.332,0.11764705882352941,0.19047619047619047,0.322,0.058823529411764705,0.19047619047619047,0.322,0.02962962962962963,0.19047619047619047,0.322,0.17647058823529413,0.2857142857142857,0.324,0.14705882352941177,0.47619047619047616,0.328,0.1037037037037037,0.6666666666666666,0.332,anomaly
olmo3-7b,gemma4-12b,imdb,641,72,0.11232449297971919,1018,0.41159135559921417,0.7214167154852569,0.5210652216363991,0.5433509080257763,0.7214167154852569,0.21875,0.09722222222222222,0.41846758349705304,0.265625,0.2361111111111111,0.42829076620825146,0.2578125,0.4583333333333333,0.444007858546169,0.15625,0.06944444444444445,0.4165029469548134,0.09375,0.08333333333333333,0.4174852652259332,0.125,0.2222222222222222,0.42730844793713163,0.21875,0.09722222222222222,0.41846758349705304,0.15625,0.1388888888888889,0.4214145383104126,0.1484375,0.2638888888888889,0.4302554027504912,0.21875,0.09722222222222222,0.41846758349705304,0.265625,0.2361111111111111,0.42829076620825146,0.2578125,0.4583333333333333,0.444007858546169,margin
olmo3-7b,gemma4-12b,rte,45,18,0.4,62,0.5645161290322581,0.8004115226337448,0.5308641975308641,0.6707818930041153,0.8004115226337448,1.0,0.1111111111111111,0.5967741935483871,0.75,0.16666666666666666,0.6129032258064516,0.8888888888888888,0.4444444444444444,0.6935483870967742,1.0,0.1111111111111111,0.5967741935483871,0.75,0.16666666666666666,0.6129032258064516,0.6666666666666666,0.3333333333333333,0.6612903225806451,1.0,0.1111111111111111,0.5967741935483871,0.75,0.16666666666666666,0.6129032258064516,0.5555555555555556,0.2777777777777778,0.6451612903225806,1.0,0.1111111111111111,0.5967741935483871,0.75,0.16666666666666666,0.6129032258064516,0.8888888888888888,0.4444444444444444,0.6935483870967742,margin
olmo3-7b,gemma4-12b,truthfulqa,194,25,0.12886597938144329,327,0.382262996941896,0.7981065088757398,0.7164497041420118,0.4650887573964497,0.7981065088757398,0.3,0.12,0.39143730886850153,0.3157894736842105,0.24,0.40061162079510704,0.3076923076923077,0.48,0.41896024464831805,0.3,0.12,0.39143730886850153,0.3157894736842105,0.24,0.40061162079510704,0.3333333333333333,0.52,0.42201834862385323,0.0,0.0,0.382262996941896,0.05263157894736842,0.04,0.3853211009174312,0.15384615384615385,0.24,0.40061162079510704,0.3,0.12,0.39143730886850153,0.3157894736842105,0.24,0.40061162079510704,0.3076923076923077,0.48,0.41896024464831805,margin
olmo3-7b,gemma4-12b-base,boolq,881,163,0.18501702610669693,475,0.35157894736842105,0.8053898866995914,0.4776047986055334,0.481133687646325,0.8053898866995914,0.5227272727272727,0.1411042944785276,0.4,0.5568181818181818,0.3006134969325153,0.45473684210526316,0.5,0.5398773006134969,0.5368421052631579,0.09090909090909091,0.024539877300613498,0.36,0.14772727272727273,0.07975460122699386,0.37894736842105264,0.1875,0.20245398773006135,0.42105263157894735,0.13636363636363635,0.03680981595092025,0.3642105263157895,0.13636363636363635,0.0736196319018405,0.37684210526315787,0.1590909090909091,0.17177914110429449,0.4105263157894737,0.5227272727272727,0.1411042944785276,0.4,0.5568181818181818,0.3006134969325153,0.45473684210526316,0.5,0.5398773006134969,0.5368421052631579,margin
olmo3-7b,gemma4-12b-base,geometry_of_truth,979,14,0.014300306435137897,1000,0.034,0.9642487046632124,0.9336787564766839,0.3943745373797187,0.9642487046632124,0.1836734693877551,0.6428571428571429,0.043,0.14285714285714285,1.0,0.048,0.07142857142857142,1.0,0.048,0.10204081632653061,0.35714285714285715,0.039,0.11224489795918367,0.7857142857142857,0.045,0.0663265306122449,0.9285714285714286,0.047,0.0,0.0,0.034,0.0,0.0,0.034,0.00510204081632653,0.07142857142857142,0.035,0.1836734693877551,0.6428571428571429,0.043,0.14285714285714285,1.0,0.048,0.07142857142857142,1.0,0.048,margin
olmo3-7b,gemma4-12b-base,imdb,944,80,0.0847457627118644,1018,0.14145383104125736,0.761082175925926,0.4519965277777779,0.41147280092592586,0.761082175925926,0.23404255319148937,0.1375,0.15225933202357564,0.2553191489361702,0.3,0.1650294695481336,0.23809523809523808,0.5625,0.1856581532416503,0.0,0.0,0.14145383104125736,0.05319148936170213,0.0625,0.14636542239685657,0.05291005291005291,0.125,0.1512770137524558,0.0851063829787234,0.05,0.14538310412573674,0.0425531914893617,0.05,0.14538310412573674,0.06349206349206349,0.15,0.15324165029469547,0.23404255319148937,0.1375,0.15225933202357564,0.2553191489361702,0.3,0.1650294695481336,0.23809523809523808,0.5625,0.1856581532416503,margin
olmo3-7b,gemma4-12b-base,rte,58,18,0.3103448275862069,62,0.2903225806451613,0.8180555555555555,0.5916666666666667,0.6611111111111111,0.8180555555555555,0.6666666666666666,0.1111111111111111,0.3225806451612903,0.6666666666666666,0.2222222222222222,0.3548387096774194,0.6666666666666666,0.4444444444444444,0.41935483870967744,0.6666666666666666,0.1111111111111111,0.3225806451612903,0.5,0.16666666666666666,0.3387096774193548,0.4166666666666667,0.2777777777777778,0.3709677419354839,0.3333333333333333,0.05555555555555555,0.3064516129032258,0.5,0.16666666666666666,0.3387096774193548,0.4166666666666667,0.2777777777777778,0.3709677419354839,0.6666666666666666,0.1111111111111111,0.3225806451612903,0.6666666666666666,0.2222222222222222,0.3548387096774194,0.6666666666666666,0.4444444444444444,0.41935483870967744,margin
olmo3-7b,gemma4-12b-base,truthfulqa,253,24,0.09486166007905138,327,0.21100917431192662,0.8684497816593886,0.7940320232896652,0.40101892285298396,0.8684497816593886,0.23076923076923078,0.125,0.22018348623853212,0.32,0.3333333333333333,0.23547400611620795,0.3137254901960784,0.6666666666666666,0.2599388379204893,0.38461538461538464,0.20833333333333334,0.22629969418960244,0.28,0.2916666666666667,0.2324159021406728,0.23529411764705882,0.5,0.24770642201834864,0.15384615384615385,0.08333333333333333,0.21712538226299694,0.12,0.125,0.22018348623853212,0.0784313725490196,0.16666666666666666,0.22324159021406728,0.23076923076923078,0.125,0.22018348623853212,0.32,0.3333333333333333,0.23547400611620795,0.3137254901960784,0.6666666666666666,0.2599388379204893,margin
olmo3-7b,gemma4-31b,boolq,795,102,0.12830188679245283,475,0.4231578947368421,0.7196616020145432,0.4750304162068868,0.49842967490026313,0.7196616020145432,0.275,0.10784313725490197,0.4463157894736842,0.2625,0.20588235294117646,0.4673684210526316,0.2830188679245283,0.4411764705882353,0.5178947368421053,0.075,0.029411764705882353,0.42947368421052634,0.1,0.0784313725490196,0.44,0.0880503144654088,0.13725490196078433,0.45263157894736844,0.075,0.029411764705882353,0.42947368421052634,0.125,0.09803921568627451,0.4442105263157895,0.12578616352201258,0.19607843137254902,0.4652631578947368,0.275,0.10784313725490197,0.4463157894736842,0.2625,0.20588235294117646,0.4673684210526316,0.2830188679245283,0.4411764705882353,0.5178947368421053,margin
olmo3-7b,gemma4-31b,geometry_of_truth,921,16,0.01737242128121607,1000,0.093,0.9053867403314917,0.8781077348066298,0.3970303867403315,0.9053867403314917,0.08695652173913043,0.25,0.097,0.11956521739130435,0.6875,0.104,0.07608695652173914,0.875,0.107,0.08695652173913043,0.25,0.097,0.08695652173913043,0.5,0.101,0.05434782608695652,0.625,0.103,0.021739130434782608,0.0625,0.094,0.010869565217391304,0.0625,0.094,0.010869565217391304,0.125,0.095,0.08695652173913043,0.25,0.097,0.11956521739130435,0.6875,0.104,0.07608695652173914,0.875,0.107,margin
olmo3-7b,gemma4-31b,rte,49,14,0.2857142857142857,62,0.43548387096774194,0.6591836734693878,0.6020408163265306,0.4714285714285714,0.6591836734693878,1.0,0.14285714285714285,0.46774193548387094,0.8,0.2857142857142857,0.5,0.5,0.35714285714285715,0.5161290322580645,1.0,0.14285714285714285,0.46774193548387094,0.4,0.14285714285714285,0.46774193548387094,0.3,0.21428571428571427,0.4838709677419355,0.0,0.0,0.43548387096774194,0.2,0.07142857142857142,0.45161290322580644,0.2,0.14285714285714285,0.46774193548387094,1.0,0.14285714285714285,0.46774193548387094,0.8,0.2857142857142857,0.5,0.5,0.35714285714285715,0.5161290322580645,margin
olmo3-7b,gemma4-31b,truthfulqa,249,30,0.12048192771084337,327,0.2324159021406728,0.8164383561643836,0.8207001522070017,0.452054794520548,0.8207001522070017,0.3333333333333333,0.13333333333333333,0.24464831804281345,0.32,0.26666666666666666,0.25688073394495414,0.32,0.5333333333333333,0.28134556574923547,0.4166666666666667,0.16666666666666666,0.24770642201834864,0.4,0.3333333333333333,0.26299694189602446,0.36,0.6,0.2874617737003058,0.0,0.0,0.2324159021406728,0.04,0.03333333333333333,0.23547400611620795,0.08,0.13333333333333333,0.24464831804281345,0.4166666666666667,0.16666666666666666,0.24770642201834864,0.4,0.3333333333333333,0.26299694189602446,0.36,0.6,0.2874617737003058,anomaly
olmo3-7b,llama-8b,boolq,824,118,0.14320388349514562,475,0.3936842105263158,0.7826979401738129,0.4861717962260527,0.547870552648005,0.7826979401738129,0.4878048780487805,0.1694915254237288,0.4357894736842105,0.4024390243902439,0.2796610169491525,0.4631578947368421,0.34545454545454546,0.4830508474576271,0.5136842105263157,0.12195121951219512,0.0423728813559322,0.40421052631578946,0.15853658536585366,0.11016949152542373,0.42105263157894735,0.13333333333333333,0.1864406779661017,0.44,0.17073170731707318,0.059322033898305086,0.40842105263157896,0.17073170731707318,0.11864406779661017,0.4231578947368421,0.16363636363636364,0.2288135593220339,0.45052631578947366,0.4878048780487805,0.1694915254237288,0.4357894736842105,0.4024390243902439,0.2796610169491525,0.4631578947368421,0.34545454545454546,0.4830508474576271,0.5136842105263157,margin
olmo3-7b,llama-8b,geometry_of_truth,984,16,0.016260162601626018,1000,0.028,0.940599173553719,0.9108987603305785,0.30171745867768596,0.940599173553719,0.1836734693877551,0.5625,0.037,0.1326530612244898,0.8125,0.041,0.07614213197969544,0.9375,0.043,0.10204081632653061,0.3125,0.033,0.09183673469387756,0.5625,0.037,0.07614213197969544,0.9375,0.043,0.0,0.0,0.028,0.0,0.0,0.028,0.0,0.0,0.028,0.1836734693877551,0.5625,0.037,0.1326530612244898,0.8125,0.041,0.07614213197969544,0.9375,0.043,margin
olmo3-7b,llama-8b,imdb,1001,91,0.09090909090909091,1018,0.05795677799607073,0.8326168337157349,0.47563096244414926,0.5285472768989252,0.8326168337157349,0.42,0.23076923076923078,0.07858546168958742,0.37,0.4065934065934066,0.09430255402750491,0.315,0.6923076923076923,0.11984282907662082,0.06,0.03296703296703297,0.060903732809430254,0.07,0.07692307692307693,0.06483300589390963,0.055,0.12087912087912088,0.068762278978389,0.14,0.07692307692307693,0.06483300589390963,0.14,0.15384615384615385,0.07170923379174853,0.1,0.21978021978021978,0.07760314341846758,0.42,0.23076923076923078,0.07858546168958742,0.37,0.4065934065934066,0.09430255402750491,0.315,0.6923076923076923,0.11984282907662082,margin
olmo3-7b,llama-8b,rte,59,17,0.288135593220339,62,0.25806451612903225,0.7773109243697479,0.6050420168067228,0.5644257703081232,0.7773109243697479,1.0,0.17647058823529413,0.3064516129032258,1.0,0.35294117647058826,0.3548387096774194,0.75,0.5294117647058824,0.4032258064516129,0.6666666666666666,0.11764705882352941,0.2903225806451613,0.5,0.17647058823529413,0.3064516129032258,0.5,0.35294117647058826,0.3548387096774194,0.3333333333333333,0.058823529411764705,0.27419354838709675,0.5,0.17647058823529413,0.3064516129032258,0.3333333333333333,0.23529411764705882,0.3225806451612903,1.0,0.17647058823529413,0.3064516129032258,1.0,0.35294117647058826,0.3548387096774194,0.75,0.5294117647058824,0.4032258064516129,margin
olmo3-7b,llama-8b,truthfulqa,268,25,0.09328358208955224,327,0.17737003058103976,0.8806584362139918,0.7272427983539094,0.4684773662551441,0.8806584362139918,0.23076923076923078,0.12,0.18654434250764526,0.3333333333333333,0.36,0.20489296636085627,0.35185185185185186,0.76,0.23547400611620795,0.38461538461538464,0.2,0.1926605504587156,0.2962962962962963,0.32,0.2018348623853211,0.2222222222222222,0.48,0.21406727828746178,0.0,0.0,0.17737003058103976,0.037037037037037035,0.04,0.18042813455657492,0.05555555555555555,0.12,0.18654434250764526,0.23076923076923078,0.12,0.18654434250764526,0.3333333333333333,0.36,0.20489296636085627,0.35185185185185186,0.76,0.23547400611620795,margin
olmo3-7b,qwen3-32b,boolq,787,67,0.08513341804320203,475,0.42105263157894735,0.7873756218905472,0.5005389718076285,0.5683665008291875,0.7873756218905472,0.23076923076923078,0.13432835820895522,0.44,0.27848101265822783,0.3283582089552239,0.4673684210526316,0.2611464968152866,0.6119402985074627,0.5073684210526316,0.07692307692307693,0.04477611940298507,0.42736842105263156,0.16455696202531644,0.19402985074626866,0.44842105263157894,0.10828025477707007,0.2537313432835821,0.4568421052631579,0.1282051282051282,0.07462686567164178,0.43157894736842106,0.1518987341772152,0.1791044776119403,0.4463157894736842,0.1337579617834395,0.31343283582089554,0.4652631578947368,0.23076923076923078,0.13432835820895522,0.44,0.27848101265822783,0.3283582089552239,0.4673684210526316,0.2611464968152866,0.6119402985074627,0.5073684210526316,margin
olmo3-7b,qwen3-32b,geometry_of_truth,979,10,0.010214504596527068,1000,0.037,0.9622291021671827,0.9393188854489164,0.37884416924664605,0.9622291021671827,0.14285714285714285,0.7,0.044,0.09183673469387756,0.9,0.046,0.05102040816326531,1.0,0.047,0.10204081632653061,0.5,0.042,0.08163265306122448,0.8,0.045,0.04591836734693878,0.9,0.046,0.0,0.0,0.037,0.01020408163265306,0.1,0.038,0.00510204081632653,0.1,0.038,0.14285714285714285,0.7,0.044,0.09183673469387756,0.9,0.046,0.05102040816326531,1.0,0.047,margin
olmo3-7b,qwen3-32b,imdb,993,87,0.08761329305135952,1018,0.04518664047151277,0.8356042729187283,0.5122300880464845,0.5848240338991652,0.8356042729187283,0.48,0.27586206896551724,0.068762278978389,0.37373737373737376,0.42528735632183906,0.08153241650294696,0.3015075376884422,0.6896551724137931,0.10412573673870335,0.08,0.04597701149425287,0.04911591355599214,0.06060606060606061,0.06896551724137931,0.05108055009823183,0.06532663316582915,0.14942528735632185,0.05795677799607073,0.14,0.08045977011494253,0.05206286836935167,0.1111111111111111,0.12643678160919541,0.055992141453831044,0.1306532663316583,0.2988505747126437,0.07072691552062868,0.48,0.27586206896551724,0.068762278978389,0.37373737373737376,0.42528735632183906,0.08153241650294696,0.3015075376884422,0.6896551724137931,0.10412573673870335,margin
olmo3-7b,qwen3-32b,rte,62,18,0.2903225806451613,62,0.12903225806451613,0.8762626262626263,0.5782828282828283,0.6982323232323232,0.8762626262626263,1.0,0.16666666666666666,0.1774193548387097,0.6666666666666666,0.2222222222222222,0.1935483870967742,0.8333333333333334,0.5555555555555556,0.2903225806451613,0.3333333333333333,0.05555555555555555,0.14516129032258066,0.6666666666666666,0.2222222222222222,0.1935483870967742,0.4166666666666667,0.2777777777777778,0.20967741935483872,0.6666666666666666,0.1111111111111111,0.16129032258064516,0.6666666666666666,0.2222222222222222,0.1935483870967742,0.4166666666666667,0.2777777777777778,0.20967741935483872,1.0,0.16666666666666666,0.1774193548387097,0.6666666666666666,0.2222222222222222,0.1935483870967742,0.8333333333333334,0.5555555555555556,0.2903225806451613,margin
olmo3-7b,qwen3-32b,truthfulqa,269,16,0.05947955390334572,327,0.18654434250764526,0.8774703557312254,0.650691699604743,0.3347332015810277,0.8774703557312254,0.23076923076923078,0.1875,0.19571865443425077,0.18518518518518517,0.3125,0.2018348623853211,0.2222222222222222,0.75,0.22324159021406728,0.23076923076923078,0.1875,0.19571865443425077,0.18518518518518517,0.3125,0.2018348623853211,0.1111111111111111,0.375,0.20489296636085627,0.0,0.0,0.18654434250764526,0.0,0.0,0.18654434250764526,0.0,0.0,0.18654434250764526,0.23076923076923078,0.1875,0.19571865443425077,0.18518518518518517,0.3125,0.2018348623853211,0.2222222222222222,0.75,0.22324159021406728,margin
olmo3-7b,qwen3-8b,boolq,818,101,0.1234718826405868,475,0.3726315789473684,0.8083322976649129,0.45639835950122204,0.5255533921592995,0.8083322976649129,0.5121951219512195,0.2079207920792079,0.4168421052631579,0.47560975609756095,0.38613861386138615,0.45473684210526316,0.3475609756097561,0.5643564356435643,0.4926315789473684,0.07317073170731707,0.0297029702970297,0.37894736842105264,0.07317073170731707,0.0594059405940594,0.38526315789473686,0.07317073170731707,0.1188118811881188,0.39789473684210525,0.24390243902439024,0.09900990099009901,0.3936842105263158,0.14634146341463414,0.1188118811881188,0.39789473684210525,0.17073170731707318,0.27722772277227725,0.43157894736842106,0.5121951219512195,0.2079207920792079,0.4168421052631579,0.47560975609756095,0.38613861386138615,0.45473684210526316,0.3475609756097561,0.5643564356435643,0.4926315789473684,margin
olmo3-7b,qwen3-8b,geometry_of_truth,982,17,0.017311608961303463,1000,0.028,0.956537640963121,0.8849131362389515,0.264431575739104,0.956537640963121,0.1836734693877551,0.5294117647058824,0.037,0.15306122448979592,0.8823529411764706,0.043,0.08673469387755102,1.0,0.045,0.08163265306122448,0.23529411764705882,0.032,0.10204081632653061,0.5882352941176471,0.038,0.0663265306122449,0.7647058823529411,0.041,0.0,0.0,0.028,0.0,0.0,0.028,0.00510204081632653,0.058823529411764705,0.029,0.1836734693877551,0.5294117647058824,0.037,0.15306122448979592,0.8823529411764706,0.043,0.08673469387755102,1.0,0.045,margin
olmo3-7b,qwen3-8b,imdb,996,93,0.09337349397590361,1018,0.054027504911591355,0.8456995201181248,0.46025792162326296,0.6275378368401624,0.8456995201181248,0.5,0.26881720430107525,0.07858546168958742,0.4,0.43010752688172044,0.09332023575638507,0.32160804020100503,0.6881720430107527,0.1168958742632613,0.06,0.03225806451612903,0.05697445972495088,0.06,0.06451612903225806,0.05992141453831041,0.06030150753768844,0.12903225806451613,0.06581532416502947,0.16,0.08602150537634409,0.0618860510805501,0.18,0.1935483870967742,0.07170923379174853,0.1507537688442211,0.3225806451612903,0.08349705304518663,0.5,0.26881720430107525,0.07858546168958742,0.4,0.43010752688172044,0.09332023575638507,0.32160804020100503,0.6881720430107527,0.1168958742632613,margin
olmo3-7b,qwen3-8b,rte,59,16,0.2711864406779661,62,0.20967741935483872,0.9055232558139534,0.5915697674418604,0.5218023255813953,0.9055232558139534,1.0,0.1875,0.25806451612903225,0.8333333333333334,0.3125,0.2903225806451613,0.75,0.5625,0.3548387096774194,0.6666666666666666,0.125,0.24193548387096775,0.5,0.1875,0.25806451612903225,0.25,0.1875,0.25806451612903225,0.6666666666666666,0.125,0.24193548387096775,0.5,0.1875,0.25806451612903225,0.3333333333333333,0.25,0.27419354838709675,1.0,0.1875,0.25806451612903225,0.8333333333333334,0.3125,0.2903225806451613,0.75,0.5625,0.3548387096774194,margin
olmo3-7b,qwen3-8b,truthfulqa,271,27,0.0996309963099631,327,0.18042813455657492,0.8413782635094111,0.7600182149362477,0.4087735276259866,0.8413782635094111,0.2857142857142857,0.14814814814814814,0.1926605504587156,0.25925925925925924,0.25925925925925924,0.2018348623853211,0.3148148148148148,0.6296296296296297,0.2324159021406728,0.42857142857142855,0.2222222222222222,0.19877675840978593,0.2962962962962963,0.2962962962962963,0.20489296636085627,0.24074074074074073,0.48148148148148145,0.22018348623853212,0.0,0.0,0.18042813455657492,0.0,0.0,0.18042813455657492,0.018518518518518517,0.037037037037037035,0.1834862385321101,0.2857142857142857,0.14814814814814814,0.1926605504587156,0.25925925925925924,0.25925925925925924,0.2018348623853211,0.3148148148148148,0.6296296296296297,0.2324159021406728,margin
olmo3-7b,qwen3-8b-base,boolq,818,108,0.13202933985330073,475,0.3663157894736842,0.7771778821074595,0.4753912363067293,0.527999478351591,0.7771778821074595,0.34146341463414637,0.12962962962962962,0.3957894736842105,0.35365853658536583,0.26851851851851855,0.42736842105263156,0.3231707317073171,0.49074074074074076,0.47789473684210526,0.0975609756097561,0.037037037037037035,0.37473684210526315,0.10975609756097561,0.08333333333333333,0.38526315789473686,0.10975609756097561,0.16666666666666666,0.40421052631578946,0.17073170731707318,0.06481481481481481,0.38105263157894737,0.17073170731707318,0.12962962962962962,0.3957894736842105,0.14634146341463414,0.2222222222222222,0.4168421052631579,0.34146341463414637,0.12962962962962962,0.3957894736842105,0.35365853658536583,0.26851851851851855,0.42736842105263156,0.3231707317073171,0.49074074074074076,0.47789473684210526,margin
olmo3-7b,qwen3-8b-base,geometry_of_truth,986,16,0.016227180527383367,1000,0.032,0.9590850515463918,0.8986469072164949,0.3350515463917526,0.9590850515463918,0.1836734693877551,0.5625,0.041,0.1414141414141414,0.875,0.046,0.08121827411167512,1.0,0.048,0.10204081632653061,0.3125,0.037,0.09090909090909091,0.5625,0.041,0.06598984771573604,0.8125,0.045,0.0,0.0,0.032,0.010101010101010102,0.0625,0.033,0.005076142131979695,0.0625,0.033,0.1836734693877551,0.5625,0.041,0.1414141414141414,0.875,0.046,0.08121827411167512,1.0,0.048,margin
olmo3-7b,qwen3-8b-base,imdb,1006,88,0.0874751491053678,1018,0.05795677799607073,0.8227866904337493,0.47364577143988906,0.5165503069914834,0.8227866904337493,0.44,0.25,0.07956777996070727,0.36633663366336633,0.42045454545454547,0.09430255402750491,0.31840796019900497,0.7272727272727273,0.12082514734774066,0.08,0.045454545454545456,0.0618860510805501,0.04950495049504951,0.056818181818181816,0.06286836935166994,0.05970149253731343,0.13636363636363635,0.06974459724950884,0.14,0.07954545454545454,0.06483300589390963,0.12871287128712872,0.14772727272727273,0.07072691552062868,0.11442786069651742,0.26136363636363635,0.08055009823182711,0.44,0.25,0.07956777996070727,0.36633663366336633,0.42045454545454547,0.09430255402750491,0.31840796019900497,0.7272727272727273,0.12082514734774066,margin
olmo3-7b,qwen3-8b-base,rte,62,18,0.2903225806451613,62,0.1774193548387097,0.9128787878787878,0.5770202020202021,0.5782828282828283,0.9128787878787878,1.0,0.16666666666666666,0.22580645161290322,0.6666666666666666,0.2222222222222222,0.24193548387096775,0.8333333333333334,0.5555555555555556,0.3387096774193548,0.6666666666666666,0.1111111111111111,0.20967741935483872,0.5,0.16666666666666666,0.22580645161290322,0.4166666666666667,0.2777777777777778,0.25806451612903225,0.6666666666666666,0.1111111111111111,0.20967741935483872,0.5,0.16666666666666666,0.22580645161290322,0.4166666666666667,0.2777777777777778,0.25806451612903225,1.0,0.16666666666666666,0.22580645161290322,0.6666666666666666,0.2222222222222222,0.24193548387096775,0.8333333333333334,0.5555555555555556,0.3387096774193548,margin
olmo3-7b,qwen3-8b-base,truthfulqa,271,32,0.11808118081180811,327,0.1651376146788991,0.8461035564853556,0.7464696652719665,0.45305962343096234,0.8461035564853556,0.42857142857142855,0.1875,0.1834862385321101,0.37037037037037035,0.3125,0.19571865443425077,0.3148148148148148,0.53125,0.21712538226299694,0.42857142857142855,0.1875,0.1834862385321101,0.3333333333333333,0.28125,0.1926605504587156,0.3148148148148148,0.53125,0.21712538226299694,0.21428571428571427,0.09375,0.1743119266055046,0.18518518518518517,0.15625,0.18042813455657492,0.1111111111111111,0.1875,0.1834862385321101,0.42857142857142855,0.1875,0.1834862385321101,0.37037037037037035,0.3125,0.19571865443425077,0.3148148148148148,0.53125,0.21712538226299694,margin
olmo3-7b,qwen38-27b,boolq,767,48,0.06258148631029987,475,0.4631578947368421,0.7440310616597126,0.47632707464070473,0.5046070931849791,0.7440310616597126,0.15789473684210525,0.125,0.47578947368421054,0.12987012987012986,0.20833333333333334,0.4842105263157895,0.17647058823529413,0.5625,0.52,0.0,0.0,0.4631578947368421,0.05194805194805195,0.08333333333333333,0.47157894736842104,0.0718954248366013,0.22916666666666666,0.4863157894736842,0.07894736842105263,0.0625,0.4694736842105263,0.1038961038961039,0.16666666666666666,0.48,0.0718954248366013,0.22916666666666666,0.4863157894736842,0.15789473684210525,0.125,0.47578947368421054,0.12987012987012986,0.20833333333333334,0.4842105263157895,0.17647058823529413,0.5625,0.52,margin
olmo3-7b,qwen38-27b,geometry_of_truth,977,12,0.012282497441146366,1000,0.033,0.9518134715025907,0.9378238341968912,0.4092400690846287,0.9518134715025907,0.14285714285714285,0.5833333333333334,0.04,0.10204081632653061,0.8333333333333334,0.043,0.06153846153846154,1.0,0.045,0.12244897959183673,0.5,0.039,0.09183673469387756,0.75,0.042,0.06153846153846154,1.0,0.045,0.0,0.0,0.033,0.0,0.0,0.033,0.0,0.0,0.033,0.14285714285714285,0.5833333333333334,0.04,0.10204081632653061,0.8333333333333334,0.043,0.06153846153846154,1.0,0.045,margin
olmo3-7b,qwen38-27b,rte,60,16,0.26666666666666666,62,0.1774193548387097,0.9176136363636362,0.5909090909090909,0.6647727272727273,0.9176136363636362,1.0,0.1875,0.22580645161290322,0.8333333333333334,0.3125,0.25806451612903225,0.8333333333333334,0.625,0.3387096774193548,0.6666666666666666,0.125,0.20967741935483872,0.5,0.1875,0.22580645161290322,0.4166666666666667,0.3125,0.25806451612903225,1.0,0.1875,0.22580645161290322,0.6666666666666666,0.25,0.24193548387096775,0.5,0.375,0.27419354838709675,1.0,0.1875,0.22580645161290322,0.8333333333333334,0.3125,0.25806451612903225,0.8333333333333334,0.625,0.3387096774193548,margin
olmo3-7b,qwen38-27b,truthfulqa,270,17,0.06296296296296296,327,0.2018348623853211,0.8421297372704022,0.663334108346896,0.5661474075796327,0.8421297372704022,0.14285714285714285,0.11764705882352941,0.20795107033639143,0.18518518518518517,0.29411764705882354,0.21712538226299694,0.2222222222222222,0.7058823529411765,0.23853211009174313,0.14285714285714285,0.11764705882352941,0.20795107033639143,0.1111111111111111,0.17647058823529413,0.21100917431192662,0.1111111111111111,0.35294117647058826,0.22018348623853212,0.0,0.0,0.2018348623853211,0.037037037037037035,0.058823529411764705,0.20489296636085627,0.037037037037037035,0.11764705882352941,0.20795107033639143,0.14285714285714285,0.11764705882352941,0.20795107033639143,0.18518518518518517,0.29411764705882354,0.21712538226299694,0.2222222222222222,0.7058823529411765,0.23853211009174313,margin
qwen3-1.7b,gemma4-12b,boolq,863,200,0.23174971031286212,475,0.4378947368421053,0.7173755656108598,0.44721719457013576,0.532262443438914,0.7173755656108598,0.3953488372093023,0.085,0.47368421052631576,0.4418604651162791,0.19,0.5178947368421053,0.44508670520231214,0.385,0.6,0.16279069767441862,0.035,0.45263157894736844,0.1511627906976744,0.065,0.4652631578947368,0.1907514450867052,0.165,0.5073684210526316,0.16279069767441862,0.035,0.45263157894736844,0.2558139534883721,0.11,0.4842105263157895,0.26011560693641617,0.225,0.5326315789473685,0.3953488372093023,0.085,0.47368421052631576,0.4418604651162791,0.19,0.5178947368421053,0.44508670520231214,0.385,0.6,margin
qwen3-1.7b,gemma4-12b,geometry_of_truth,686,25,0.03644314868804665,1000,0.317,0.7952193645990923,0.8191830559757942,0.4396369137670197,0.8191830559757942,0.058823529411764705,0.08,0.319,0.07246376811594203,0.2,0.322,0.10218978102189781,0.56,0.331,0.058823529411764705,0.08,0.319,0.11594202898550725,0.32,0.325,0.13138686131386862,0.72,0.335,0.029411764705882353,0.04,0.318,0.057971014492753624,0.16,0.321,0.0364963503649635,0.2,0.322,0.058823529411764705,0.08,0.319,0.11594202898550725,0.32,0.325,0.13138686131386862,0.72,0.335,anomaly
qwen3-1.7b,gemma4-12b,imdb,625,78,0.1248,1018,0.41159135559921417,0.7195424928514509,0.46524164440069377,0.5541180330942671,0.7195424928514509,0.16129032258064516,0.0641025641025641,0.4165029469548134,0.2903225806451613,0.23076923076923078,0.4292730844793713,0.272,0.4358974358974359,0.4449901768172888,0.0967741935483871,0.038461538461538464,0.41453831041257366,0.11290322580645161,0.08974358974358974,0.41846758349705304,0.088,0.14102564102564102,0.4223968565815324,0.12903225806451613,0.05128205128205128,0.4155206286836935,0.16129032258064516,0.1282051282051282,0.4214145383104126,0.144,0.23076923076923078,0.4292730844793713,0.16129032258064516,0.0641025641025641,0.4165029469548134,0.2903225806451613,0.23076923076923078,0.4292730844793713,0.272,0.4358974358974359,0.4449901768172888,margin
qwen3-1.7b,gemma4-12b,rte,50,22,0.44,62,0.46774193548387094,0.7191558441558441,0.5698051948051948,0.4090909090909091,0.7191558441558441,1.0,0.09090909090909091,0.5,0.8,0.18181818181818182,0.532258064516129,0.7,0.3181818181818182,0.5806451612903226,0.5,0.045454545454545456,0.4838709677419355,0.4,0.09090909090909091,0.5,0.5,0.22727272727272727,0.5483870967741935,0.5,0.045454545454545456,0.4838709677419355,0.2,0.045454545454545456,0.4838709677419355,0.2,0.09090909090909091,0.5,1.0,0.09090909090909091,0.5,0.8,0.18181818181818182,0.532258064516129,0.7,0.3181818181818182,0.5806451612903226,margin
qwen3-1.7b,gemma4-12b,truthfulqa,178,19,0.10674157303370786,327,0.3853211009174312,0.8033763654419066,0.7447864945382323,0.5577623303541873,0.8033763654419066,0.3333333333333333,0.15789473684210525,0.3944954128440367,0.2222222222222222,0.21052631578947367,0.39755351681957185,0.25,0.47368421052631576,0.41284403669724773,0.2222222222222222,0.10526315789473684,0.39143730886850153,0.3333333333333333,0.3157894736842105,0.4036697247706422,0.25,0.47368421052631576,0.41284403669724773,0.0,0.0,0.3853211009174312,0.16666666666666666,0.15789473684210525,0.3944954128440367,0.1388888888888889,0.2631578947368421,0.40061162079510704,0.3333333333333333,0.15789473684210525,0.3944954128440367,0.2222222222222222,0.21052631578947367,0.39755351681957185,0.25,0.47368421052631576,0.41284403669724773,margin
qwen3-1.7b,gemma4-12b-base,boolq,855,160,0.1871345029239766,475,0.3389473684210526,0.7973741007194245,0.46544064748201436,0.48726618705035973,0.7973741007194245,0.5116279069767442,0.1375,0.38526315789473686,0.47674418604651164,0.25625,0.42526315789473684,0.4678362573099415,0.5,0.5073684210526316,0.13953488372093023,0.0375,0.35157894736842105,0.13953488372093023,0.075,0.3642105263157895,0.16374269005847952,0.175,0.39789473684210525,0.16279069767441862,0.04375,0.35368421052631577,0.16279069767441862,0.0875,0.3684210526315789,0.1871345029239766,0.2,0.4063157894736842,0.5116279069767442,0.1375,0.38526315789473686,0.47674418604651164,0.25625,0.42526315789473684,0.4678362573099415,0.5,0.5073684210526316,margin
qwen3-1.7b,gemma4-12b-base,geometry_of_truth,975,15,0.015384615384615385,1000,0.039,0.9647222222222223,0.9272222222222222,0.41020833333333334,0.9647222222222223,0.20408163265306123,0.6666666666666666,0.049,0.14285714285714285,0.9333333333333333,0.053,0.07692307692307693,1.0,0.054,0.10204081632653061,0.3333333333333333,0.044,0.11224489795918367,0.7333333333333333,0.05,0.07179487179487179,0.9333333333333333,0.053,0.02040816326530612,0.06666666666666667,0.04,0.02040816326530612,0.13333333333333333,0.041,0.010256410256410256,0.13333333333333333,0.041,0.20408163265306123,0.6666666666666666,0.049,0.14285714285714285,0.9333333333333333,0.053,0.07692307692307693,1.0,0.054,margin
qwen3-1.7b,gemma4-12b-base,imdb,908,84,0.09251101321585903,1018,0.14538310412573674,0.7861188164586222,0.4696457466481738,0.42903374942209893,0.7861188164586222,0.2,0.10714285714285714,0.15422396856581533,0.2857142857142857,0.30952380952380953,0.17092337917485265,0.2692307692307692,0.5833333333333334,0.19351669941060903,0.08888888888888889,0.047619047619047616,0.14931237721021612,0.06593406593406594,0.07142857142857142,0.1512770137524558,0.08241758241758242,0.17857142857142858,0.16011787819253437,0.06666666666666667,0.03571428571428571,0.14833005893909626,0.06593406593406594,0.07142857142857142,0.1512770137524558,0.054945054945054944,0.11904761904761904,0.15520628683693516,0.2,0.10714285714285714,0.15422396856581533,0.2857142857142857,0.30952380952380953,0.17092337917485265,0.2692307692307692,0.5833333333333334,0.19351669941060903,margin
qwen3-1.7b,gemma4-12b-base,rte,59,18,0.3050847457627119,62,0.3225806451612903,0.7953929539295392,0.6504065040650406,0.556910569105691,0.7953929539295392,0.3333333333333333,0.05555555555555555,0.3387096774193548,0.5,0.16666666666666666,0.3709677419354839,0.5833333333333334,0.3888888888888889,0.43548387096774194,0.3333333333333333,0.05555555555555555,0.3387096774193548,0.6666666666666666,0.2222222222222222,0.3870967741935484,0.5,0.3333333333333333,0.41935483870967744,0.6666666666666666,0.1111111111111111,0.3548387096774194,0.6666666666666666,0.2222222222222222,0.3870967741935484,0.4166666666666667,0.2777777777777778,0.4032258064516129,0.3333333333333333,0.05555555555555555,0.3387096774193548,0.5,0.16666666666666666,0.3709677419354839,0.5833333333333334,0.3888888888888889,0.43548387096774194,margin
qwen3-1.7b,gemma4-12b-base,truthfulqa,240,19,0.07916666666666666,327,0.20795107033639143,0.8156703977137414,0.7885210764467729,0.4772564896403905,0.8156703977137414,0.16666666666666666,0.10526315789473684,0.21406727828746178,0.25,0.3157894736842105,0.22629969418960244,0.20833333333333334,0.5263157894736842,0.23853211009174313,0.3333333333333333,0.21052631578947367,0.22018348623853212,0.2916666666666667,0.3684210526315789,0.22935779816513763,0.25,0.631578947368421,0.24464831804281345,0.08333333333333333,0.05263157894736842,0.21100917431192662,0.08333333333333333,0.10526315789473684,0.21406727828746178,0.0625,0.15789473684210525,0.21712538226299694,0.16666666666666666,0.10526315789473684,0.21406727828746178,0.25,0.3157894736842105,0.22629969418960244,0.20833333333333334,0.5263157894736842,0.23853211009174313,margin
qwen3-1.7b,gemma4-31b,boolq,778,103,0.13239074550128535,475,0.3936842105263158,0.7181589356346637,0.48073354908306365,0.4596332254584682,0.7181589356346637,0.23076923076923078,0.08737864077669903,0.4126315789473684,0.28205128205128205,0.21359223300970873,0.44,0.27564102564102566,0.4174757281553398,0.4842105263157895,0.1282051282051282,0.04854368932038835,0.40421052631578946,0.10256410256410256,0.07766990291262135,0.4105263157894737,0.10256410256410256,0.1553398058252427,0.42736842105263156,0.15384615384615385,0.05825242718446602,0.4063157894736842,0.1282051282051282,0.0970873786407767,0.4147368421052632,0.11538461538461539,0.17475728155339806,0.43157894736842106,0.23076923076923078,0.08737864077669903,0.4126315789473684,0.28205128205128205,0.21359223300970873,0.44,0.27564102564102566,0.4174757281553398,0.4842105263157895,margin
qwen3-1.7b,gemma4-31b,geometry_of_truth,917,18,0.019629225736095966,1000,0.096,0.9148436534420962,0.9088493387714746,0.4383265356569027,0.9148436534420962,0.15217391304347827,0.3888888888888889,0.103,0.10869565217391304,0.5555555555555556,0.106,0.08743169398907104,0.8888888888888888,0.112,0.10869565217391304,0.2777777777777778,0.101,0.09782608695652174,0.5,0.105,0.09836065573770492,1.0,0.114,0.043478260869565216,0.1111111111111111,0.098,0.021739130434782608,0.1111111111111111,0.098,0.01092896174863388,0.1111111111111111,0.098,0.15217391304347827,0.3888888888888889,0.103,0.10869565217391304,0.5555555555555556,0.106,0.08743169398907104,0.8888888888888888,0.112,margin
qwen3-1.7b,gemma4-31b,rte,50,15,0.3,62,0.43548387096774194,0.6628571428571428,0.5123809523809524,0.4780952380952381,0.6628571428571428,0.5,0.06666666666666667,0.45161290322580644,0.4,0.13333333333333333,0.46774193548387094,0.5,0.3333333333333333,0.5161290322580645,0.0,0.0,0.43548387096774194,0.2,0.06666666666666667,0.45161290322580644,0.4,0.26666666666666666,0.5,0.0,0.0,0.43548387096774194,0.2,0.06666666666666667,0.45161290322580644,0.2,0.13333333333333333,0.46774193548387094,0.5,0.06666666666666667,0.45161290322580644,0.4,0.13333333333333333,0.46774193548387094,0.5,0.3333333333333333,0.5161290322580645,margin
qwen3-1.7b,gemma4-31b,truthfulqa,234,22,0.09401709401709402,327,0.24770642201834864,0.758147512864494,0.758147512864494,0.4916380789022299,0.758147512864494,0.16666666666666666,0.09090909090909091,0.25382262996941896,0.2608695652173913,0.2727272727272727,0.26605504587155965,0.2127659574468085,0.45454545454545453,0.2782874617737003,0.4166666666666667,0.22727272727272727,0.26299694189602446,0.30434782608695654,0.3181818181818182,0.2691131498470948,0.2553191489361702,0.5454545454545454,0.28440366972477066,0.25,0.13636363636363635,0.25688073394495414,0.13043478260869565,0.13636363636363635,0.25688073394495414,0.1276595744680851,0.2727272727272727,0.26605504587155965,0.16666666666666666,0.09090909090909091,0.25382262996941896,0.2608695652173913,0.2727272727272727,0.26605504587155965,0.2127659574468085,0.45454545454545453,0.2782874617737003,margin
qwen3-1.7b,llama-8b,boolq,810,124,0.15308641975308643,475,0.3431578947368421,0.7589344493557793,0.47265588262954955,0.5206432803536161,0.7589344493557793,0.4,0.12903225806451613,0.37684210526315787,0.43209876543209874,0.28225806451612906,0.4168421052631579,0.35185185185185186,0.4596774193548387,0.4631578947368421,0.125,0.04032258064516129,0.35368421052631577,0.1111111111111111,0.07258064516129033,0.36210526315789476,0.12962962962962962,0.1693548387096774,0.3873684210526316,0.075,0.024193548387096774,0.3494736842105263,0.14814814814814814,0.0967741935483871,0.3684210526315789,0.16049382716049382,0.20967741935483872,0.39789473684210525,0.4,0.12903225806451613,0.37684210526315787,0.43209876543209874,0.28225806451612906,0.4168421052631579,0.35185185185185186,0.4596774193548387,0.4631578947368421,margin
qwen3-1.7b,llama-8b,geometry_of_truth,980,16,0.0163265306122449,1000,0.035,0.9218101659751037,0.9080653526970954,0.34900155601659755,0.9218101659751037,0.1836734693877551,0.5625,0.044,0.12244897959183673,0.75,0.047,0.07653061224489796,0.9375,0.05,0.08163265306122448,0.25,0.039,0.10204081632653061,0.625,0.045,0.07142857142857142,0.875,0.049,0.0,0.0,0.035,0.0,0.0,0.035,0.00510204081632653,0.0625,0.036,0.1836734693877551,0.5625,0.044,0.12244897959183673,0.75,0.047,0.07653061224489796,0.9375,0.05,margin
qwen3-1.7b,llama-8b,imdb,945,76,0.08042328042328042,1018,0.09921414538310412,0.8232693355944521,0.4945642299073345,0.54925504209315,0.8232693355944521,0.3617021276595745,0.2236842105263158,0.11591355599214145,0.3191489361702128,0.39473684210526316,0.12868369351669942,0.2751322751322751,0.6842105263157895,0.15029469548133595,0.0851063829787234,0.05263157894736842,0.1031434184675835,0.0851063829787234,0.10526315789473684,0.10707269155206287,0.08465608465608465,0.21052631578947367,0.11493123772102161,0.1276595744680851,0.07894736842105263,0.10510805500982318,0.11702127659574468,0.14473684210526316,0.1100196463654224,0.1111111111111111,0.27631578947368424,0.11984282907662082,0.3617021276595745,0.2236842105263158,0.11591355599214145,0.3191489361702128,0.39473684210526316,0.12868369351669942,0.2751322751322751,0.6842105263157895,0.15029469548133595,margin
qwen3-1.7b,llama-8b,rte,56,14,0.25,62,0.3870967741935484,0.7465986394557824,0.6547619047619049,0.28401360544217685,0.7465986394557824,0.6666666666666666,0.14285714285714285,0.41935483870967744,0.6666666666666666,0.2857142857142857,0.45161290322580644,0.6363636363636364,0.5,0.5,0.3333333333333333,0.07142857142857142,0.4032258064516129,0.5,0.21428571428571427,0.43548387096774194,0.45454545454545453,0.35714285714285715,0.46774193548387094,0.0,0.0,0.3870967741935484,0.0,0.0,0.3870967741935484,0.09090909090909091,0.07142857142857142,0.4032258064516129,0.6666666666666666,0.14285714285714285,0.41935483870967744,0.6666666666666666,0.2857142857142857,0.45161290322580644,0.6363636363636364,0.5,0.5,margin
qwen3-1.7b,llama-8b,truthfulqa,254,23,0.09055118110236221,327,0.1559633027522936,0.8616600790513834,0.7317899491812535,0.41821946169772256,0.8616600790513834,0.15384615384615385,0.08695652173913043,0.1620795107033639,0.28,0.30434782608695654,0.17737003058103976,0.27450980392156865,0.6086956521739131,0.19877675840978593,0.38461538461538464,0.21739130434782608,0.1712538226299694,0.28,0.30434782608695654,0.17737003058103976,0.23529411764705882,0.5217391304347826,0.1926605504587156,0.0,0.0,0.1559633027522936,0.08,0.08695652173913043,0.1620795107033639,0.0784313725490196,0.17391304347826086,0.16819571865443425,0.15384615384615385,0.08695652173913043,0.1620795107033639,0.28,0.30434782608695654,0.17737003058103976,0.27450980392156865,0.6086956521739131,0.19877675840978593,margin
qwen3-1.7b,olmo3-7b,boolq,885,171,0.19322033898305085,475,0.32842105263157895,0.7706930725506576,0.4799416842760496,0.4721526037315511,0.7706930725506576,0.45454545454545453,0.11695906432748537,0.3705263157894737,0.4431818181818182,0.22807017543859648,0.4105263157894737,0.4350282485875706,0.4502923976608187,0.4905263157894737,0.11363636363636363,0.029239766081871343,0.3389473684210526,0.14772727272727273,0.07602339181286549,0.35578947368421054,0.15819209039548024,0.16374269005847952,0.3873684210526316,0.1590909090909091,0.04093567251461988,0.3431578947368421,0.17045454545454544,0.08771929824561403,0.36,0.1638418079096045,0.1695906432748538,0.3894736842105263,0.45454545454545453,0.11695906432748537,0.3705263157894737,0.4431818181818182,0.22807017543859648,0.4105263157894737,0.4350282485875706,0.4502923976608187,0.4905263157894737,margin
qwen3-1.7b,olmo3-7b,geometry_of_truth,974,24,0.024640657084188913,1000,0.043,0.9188596491228072,0.8660964912280702,0.3141228070175439,0.9188596491228072,0.24489795918367346,0.5,0.055,0.17525773195876287,0.7083333333333334,0.06,0.11282051282051282,0.9166666666666666,0.065,0.10204081632653061,0.20833333333333334,0.048,0.1134020618556701,0.4583333333333333,0.054,0.08205128205128205,0.6666666666666666,0.059,0.0,0.0,0.043,0.010309278350515464,0.041666666666666664,0.044,0.005128205128205128,0.041666666666666664,0.044,0.24489795918367346,0.5,0.055,0.17525773195876287,0.7083333333333334,0.06,0.11282051282051282,0.9166666666666666,0.065,margin
qwen3-1.7b,olmo3-7b,imdb,954,88,0.09224318658280922,1018,0.08447937131630648,0.8181030862901533,0.48504094058366576,0.5375551123241655,0.8181030862901533,0.375,0.20454545454545456,0.10216110019646366,0.3684210526315789,0.3977272727272727,0.11886051080550099,0.2879581151832461,0.625,0.13850687622789784,0.08333333333333333,0.045454545454545456,0.08840864440078586,0.08421052631578947,0.09090909090909091,0.09233791748526522,0.08900523560209424,0.19318181818181818,0.10117878192534381,0.125,0.06818181818181818,0.09037328094302555,0.11578947368421053,0.125,0.09528487229862476,0.1099476439790576,0.23863636363636365,0.10510805500982318,0.375,0.20454545454545456,0.10216110019646366,0.3684210526315789,0.3977272727272727,0.11886051080550099,0.2879581151832461,0.625,0.13850687622789784,margin
qwen3-1.7b,olmo3-7b,rte,60,17,0.2833333333333333,62,0.25806451612903225,0.8098495212038304,0.60328317373461,0.4774281805745554,0.8098495212038304,0.6666666666666666,0.11764705882352941,0.2903225806451613,0.8333333333333334,0.29411764705882354,0.3387096774193548,0.6666666666666666,0.47058823529411764,0.3870967741935484,0.6666666666666666,0.11764705882352941,0.2903225806451613,0.5,0.17647058823529413,0.3064516129032258,0.5,0.35294117647058826,0.3548387096774194,0.6666666666666666,0.11764705882352941,0.2903225806451613,0.3333333333333333,0.11764705882352941,0.2903225806451613,0.25,0.17647058823529413,0.3064516129032258,0.6666666666666666,0.11764705882352941,0.2903225806451613,0.8333333333333334,0.29411764705882354,0.3387096774193548,0.6666666666666666,0.47058823529411764,0.3870967741935484,margin
qwen3-1.7b,olmo3-7b,truthfulqa,258,31,0.12015503875968993,327,0.14984709480122324,0.8006252664487707,0.7373880915162712,0.40414949552366064,0.8006252664487707,0.15384615384615385,0.06451612903225806,0.1559633027522936,0.2692307692307692,0.22580645161290322,0.1712538226299694,0.3076923076923077,0.5161290322580645,0.19877675840978593,0.38461538461538464,0.16129032258064516,0.1651376146788991,0.46153846153846156,0.3870967741935484,0.18654434250764526,0.3269230769230769,0.5483870967741935,0.2018348623853211,0.0,0.0,0.14984709480122324,0.038461538461538464,0.03225806451612903,0.1529051987767584,0.038461538461538464,0.06451612903225806,0.1559633027522936,0.15384615384615385,0.06451612903225806,0.1559633027522936,0.2692307692307692,0.22580645161290322,0.1712538226299694,0.3076923076923077,0.5161290322580645,0.19877675840978593,margin
qwen3-1.7b,qwen3-32b,boolq,756,62,0.082010582010582,475,0.4168421052631579,0.7467927860927769,0.49144742958073817,0.5661429766663568,0.7467927860927769,0.13157894736842105,0.08064516129032258,0.42736842105263156,0.17105263157894737,0.20967741935483872,0.4442105263157895,0.2119205298013245,0.5161290322580645,0.4842105263157895,0.10526315789473684,0.06451612903225806,0.42526315789473684,0.05263157894736842,0.06451612903225806,0.42526315789473684,0.07947019867549669,0.1935483870967742,0.4421052631578947,0.18421052631578946,0.11290322580645161,0.43157894736842106,0.14473684210526316,0.1774193548387097,0.44,0.11920529801324503,0.2903225806451613,0.45473684210526316,0.13157894736842105,0.08064516129032258,0.42736842105263156,0.17105263157894737,0.20967741935483872,0.4442105263157895,0.2119205298013245,0.5161290322580645,0.4842105263157895,margin
qwen3-1.7b,qwen3-32b,geometry_of_truth,975,11,0.011282051282051283,1000,0.042,0.9564315352697095,0.9147491512636741,0.26254243681629574,0.9564315352697095,0.1836734693877551,0.8181818181818182,0.051,0.09183673469387756,0.8181818181818182,0.051,0.05641025641025641,1.0,0.053,0.08163265306122448,0.36363636363636365,0.046,0.08163265306122448,0.7272727272727273,0.05,0.05128205128205128,0.9090909090909091,0.052,0.0,0.0,0.042,0.01020408163265306,0.09090909090909091,0.043,0.005128205128205128,0.09090909090909091,0.043,0.1836734693877551,0.8181818181818182,0.051,0.09183673469387756,0.8181818181818182,0.051,0.05641025641025641,1.0,0.053,margin
qwen3-1.7b,qwen3-32b,imdb,943,75,0.07953340402969247,1018,0.08055009823182711,0.8066513056835637,0.4876497695852535,0.5661597542242705,0.8066513056835637,0.3617021276595745,0.22666666666666666,0.09724950884086445,0.3191489361702128,0.4,0.1100196463654224,0.2328042328042328,0.5866666666666667,0.1237721021611002,0.0851063829787234,0.05333333333333334,0.08447937131630648,0.06382978723404255,0.08,0.08644400785854617,0.08465608465608465,0.21333333333333335,0.0962671905697446,0.14893617021276595,0.09333333333333334,0.08742632612966601,0.1276595744680851,0.16,0.09233791748526522,0.1111111111111111,0.28,0.10117878192534381,0.3617021276595745,0.22666666666666666,0.09724950884086445,0.3191489361702128,0.4,0.1100196463654224,0.2328042328042328,0.5866666666666667,0.1237721021611002,margin
qwen3-1.7b,qwen3-32b,rte,60,15,0.25,62,0.25806451612903225,0.88,0.6933333333333334,0.5466666666666666,0.88,0.6666666666666666,0.13333333333333333,0.2903225806451613,0.8333333333333334,0.3333333333333333,0.3387096774193548,0.75,0.6,0.4032258064516129,0.3333333333333333,0.06666666666666667,0.27419354838709675,0.6666666666666666,0.26666666666666666,0.3225806451612903,0.5,0.4,0.3548387096774194,0.3333333333333333,0.06666666666666667,0.27419354838709675,0.3333333333333333,0.13333333333333333,0.2903225806451613,0.25,0.2,0.3064516129032258,0.6666666666666666,0.13333333333333333,0.2903225806451613,0.8333333333333334,0.3333333333333333,0.3387096774193548,0.75,0.6,0.4032258064516129,margin
qwen3-1.7b,qwen3-32b,truthfulqa,246,11,0.044715447154471545,327,0.1834862385321101,0.8781431334622825,0.8150870406189555,0.3961315280464216,0.8781431334622825,0.16666666666666666,0.18181818181818182,0.18960244648318042,0.16,0.36363636363636365,0.19571865443425077,0.16326530612244897,0.7272727272727273,0.20795107033639143,0.25,0.2727272727272727,0.1926605504587156,0.28,0.6363636363636364,0.20489296636085627,0.16326530612244897,0.7272727272727273,0.20795107033639143,0.0,0.0,0.1834862385321101,0.0,0.0,0.1834862385321101,0.0,0.0,0.1834862385321101,0.16666666666666666,0.18181818181818182,0.18960244648318042,0.16,0.36363636363636365,0.19571865443425077,0.16326530612244897,0.7272727272727273,0.20795107033639143,margin
qwen3-1.7b,qwen3-8b,boolq,803,102,0.12702366127023662,475,0.3431578947368421,0.7826913932477414,0.4459735392017007,0.516125423065089,0.7826913932477414,0.45,0.17647058823529413,0.38105263157894737,0.4125,0.3235294117647059,0.4126315789473684,0.3167701863354037,0.5,0.45052631578947366,0.075,0.029411764705882353,0.3494736842105263,0.075,0.058823529411764705,0.35578947368421054,0.08695652173913043,0.13725490196078433,0.3726315789473684,0.2,0.0784313725490196,0.36,0.1875,0.14705882352941177,0.37473684210526315,0.15527950310559005,0.24509803921568626,0.3957894736842105,0.45,0.17647058823529413,0.38105263157894737,0.4125,0.3235294117647059,0.4126315789473684,0.3167701863354037,0.5,0.45052631578947366,margin
qwen3-1.7b,qwen3-8b,geometry_of_truth,978,17,0.017382413087934562,1000,0.035,0.9534186203097264,0.8961865703617555,0.27550957948215704,0.9534186203097264,0.1836734693877551,0.5294117647058824,0.044,0.1326530612244898,0.7647058823529411,0.048,0.08673469387755102,1.0,0.052,0.08163265306122448,0.23529411764705882,0.039,0.09183673469387756,0.5294117647058824,0.044,0.0663265306122449,0.7647058823529411,0.048,0.0,0.0,0.035,0.0,0.0,0.035,0.00510204081632653,0.058823529411764705,0.036,0.1836734693877551,0.5294117647058824,0.044,0.1326530612244898,0.7647058823529411,0.048,0.08673469387755102,1.0,0.052,margin
qwen3-1.7b,qwen3-8b,imdb,945,82,0.08677248677248678,1018,0.08742632612966601,0.8198428623915439,0.44353220473108557,0.5768448124805698,0.8198428623915439,0.3829787234042553,0.21951219512195122,0.10510805500982318,0.32978723404255317,0.3780487804878049,0.11787819253438114,0.26455026455026454,0.6097560975609756,0.13654223968565815,0.0851063829787234,0.04878048780487805,0.09135559921414538,0.06382978723404255,0.07317073170731707,0.09332023575638507,0.06349206349206349,0.14634146341463414,0.09921414538310412,0.14893617021276595,0.08536585365853659,0.09430255402750491,0.1276595744680851,0.14634146341463414,0.09921414538310412,0.13756613756613756,0.3170731707317073,0.11296660117878192,0.3829787234042553,0.21951219512195122,0.10510805500982318,0.32978723404255317,0.3780487804878049,0.11787819253438114,0.26455026455026454,0.6097560975609756,0.13654223968565815,margin
qwen3-1.7b,qwen3-8b,rte,59,16,0.2711864406779661,62,0.24193548387096775,0.9026162790697674,0.7281976744186046,0.5625,0.9026162790697674,1.0,0.1875,0.2903225806451613,0.8333333333333334,0.3125,0.3225806451612903,0.6666666666666666,0.5,0.3709677419354839,0.6666666666666666,0.125,0.27419354838709675,0.6666666666666666,0.25,0.3064516129032258,0.5,0.375,0.3387096774193548,0.6666666666666666,0.125,0.27419354838709675,0.3333333333333333,0.125,0.27419354838709675,0.3333333333333333,0.25,0.3064516129032258,1.0,0.1875,0.2903225806451613,0.8333333333333334,0.3125,0.3225806451612903,0.6666666666666666,0.5,0.3709677419354839,margin
qwen3-1.7b,qwen3-8b,truthfulqa,253,20,0.07905138339920949,327,0.18960244648318042,0.8304721030042919,0.8238197424892704,0.40772532188841204,0.8304721030042919,0.07692307692307693,0.05,0.1926605504587156,0.28,0.35,0.21100917431192662,0.23529411764705882,0.6,0.22629969418960244,0.38461538461538464,0.25,0.20489296636085627,0.36,0.45,0.21712538226299694,0.27450980392156865,0.7,0.2324159021406728,0.07692307692307693,0.05,0.1926605504587156,0.08,0.1,0.19571865443425077,0.0392156862745098,0.1,0.19571865443425077,0.07692307692307693,0.05,0.1926605504587156,0.28,0.35,0.21100917431192662,0.23529411764705882,0.6,0.22629969418960244,margin
qwen3-1.7b,qwen3-8b-base,boolq,806,111,0.13771712158808933,475,0.32842105263157895,0.7711582085682805,0.48258474301639764,0.4955214207012768,0.7711582085682805,0.35,0.12612612612612611,0.35789473684210527,0.2839506172839506,0.2072072072072072,0.37684210526315787,0.36645962732919257,0.5315315315315315,0.45263157894736844,0.1,0.036036036036036036,0.3368421052631579,0.07407407407407407,0.05405405405405406,0.3410526315789474,0.12422360248447205,0.18018018018018017,0.3705263157894737,0.1,0.036036036036036036,0.3368421052631579,0.1728395061728395,0.12612612612612611,0.35789473684210527,0.13664596273291926,0.1981981981981982,0.37473684210526315,0.35,0.12612612612612611,0.35789473684210527,0.2839506172839506,0.2072072072072072,0.37684210526315787,0.36645962732919257,0.5315315315315315,0.45263157894736844,margin
qwen3-1.7b,qwen3-8b-base,geometry_of_truth,980,15,0.015306122448979591,1000,0.041,0.9568911917098446,0.8931260794473229,0.2755094991364422,0.9568911917098446,0.16326530612244897,0.5333333333333333,0.049,0.14285714285714285,0.9333333333333333,0.055,0.07653061224489796,1.0,0.056,0.061224489795918366,0.2,0.044,0.08163265306122448,0.5333333333333333,0.049,0.05612244897959184,0.7333333333333333,0.052,0.02040816326530612,0.06666666666666667,0.042,0.01020408163265306,0.06666666666666667,0.042,0.00510204081632653,0.06666666666666667,0.042,0.16326530612244897,0.5333333333333333,0.049,0.14285714285714285,0.9333333333333333,0.055,0.07653061224489796,1.0,0.056,margin
qwen3-1.7b,qwen3-8b-base,imdb,948,75,0.07911392405063292,1018,0.09528487229862476,0.812966781214204,0.4885987017945781,0.5471095838106148,0.812966781214204,0.40425531914893614,0.25333333333333335,0.11394891944990176,0.3263157894736842,0.41333333333333333,0.12573673870333987,0.24736842105263157,0.6266666666666667,0.14145383104125736,0.10638297872340426,0.06666666666666667,0.10019646365422397,0.08421052631578947,0.10666666666666667,0.1031434184675835,0.06842105263157895,0.17333333333333334,0.10805500982318271,0.1276595744680851,0.08,0.10117878192534381,0.11578947368421053,0.14666666666666667,0.10609037328094302,0.09473684210526316,0.24,0.11296660117878192,0.40425531914893614,0.25333333333333335,0.11394891944990176,0.3263157894736842,0.41333333333333333,0.12573673870333987,0.24736842105263157,0.6266666666666667,0.14145383104125736,margin
qwen3-1.7b,qwen3-8b-base,rte,61,17,0.2786885245901639,62,0.24193548387096775,0.9131016042780749,0.6524064171122995,0.6270053475935828,0.9131016042780749,1.0,0.17647058823529413,0.2903225806451613,0.5,0.17647058823529413,0.2903225806451613,0.75,0.5294117647058824,0.3870967741935484,0.6666666666666666,0.11764705882352941,0.27419354838709675,0.6666666666666666,0.23529411764705882,0.3064516129032258,0.5,0.35294117647058826,0.3387096774193548,0.3333333333333333,0.058823529411764705,0.25806451612903225,0.3333333333333333,0.11764705882352941,0.27419354838709675,0.3333333333333333,0.23529411764705882,0.3064516129032258,1.0,0.17647058823529413,0.2903225806451613,0.5,0.17647058823529413,0.2903225806451613,0.75,0.5294117647058824,0.3870967741935484,margin
qwen3-1.7b,qwen3-8b-base,truthfulqa,253,23,0.09090909090909091,327,0.18654434250764526,0.8306238185255199,0.8062381852551985,0.4623818525519849,0.8306238185255199,0.38461538461538464,0.21739130434782608,0.2018348623853211,0.28,0.30434782608695654,0.20795107033639143,0.27450980392156865,0.6086956521739131,0.22935779816513763,0.3076923076923077,0.17391304347826086,0.19877675840978593,0.4,0.43478260869565216,0.21712538226299694,0.3333333333333333,0.7391304347826086,0.23853211009174313,0.15384615384615385,0.08695652173913043,0.1926605504587156,0.12,0.13043478260869565,0.19571865443425077,0.0784313725490196,0.17391304347826086,0.19877675840978593,0.38461538461538464,0.21739130434782608,0.2018348623853211,0.28,0.30434782608695654,0.20795107033639143,0.27450980392156865,0.6086956521739131,0.22935779816513763,margin
qwen3-1.7b,qwen38-27b,boolq,747,48,0.0642570281124498,475,0.4378947368421053,0.7305078683834049,0.4862005245588937,0.5197603719599427,0.7305078683834049,0.05405405405405406,0.041666666666666664,0.4421052631578947,0.09333333333333334,0.14583333333333334,0.45263157894736844,0.15436241610738255,0.4791666666666667,0.4863157894736842,0.02702702702702703,0.020833333333333332,0.44,0.013333333333333334,0.020833333333333332,0.44,0.03355704697986577,0.10416666666666667,0.44842105263157894,0.13513513513513514,0.10416666666666667,0.44842105263157894,0.09333333333333334,0.14583333333333334,0.45263157894736844,0.053691275167785234,0.16666666666666666,0.45473684210526316,0.05405405405405406,0.041666666666666664,0.4421052631578947,0.09333333333333334,0.14583333333333334,0.45263157894736844,0.15436241610738255,0.4791666666666667,0.4863157894736842,margin
qwen3-1.7b,qwen38-27b,geometry_of_truth,972,11,0.01131687242798354,1000,0.042,0.9415381704663702,0.9198751300728408,0.35739286727840314,0.9415381704663702,0.10204081632653061,0.45454545454545453,0.047,0.08247422680412371,0.7272727272727273,0.05,0.05670103092783505,1.0,0.053,0.08163265306122448,0.36363636363636365,0.046,0.07216494845360824,0.6363636363636364,0.049,0.05154639175257732,0.9090909090909091,0.052,0.0,0.0,0.042,0.0,0.0,0.042,0.005154639175257732,0.09090909090909091,0.043,0.10204081632653061,0.45454545454545453,0.047,0.08247422680412371,0.7272727272727273,0.05,0.05670103092783505,1.0,0.053,margin
qwen3-1.7b,qwen38-27b,rte,60,15,0.25,62,0.24193548387096775,0.9451851851851852,0.7125925925925927,0.7125925925925926,0.9451851851851852,1.0,0.2,0.2903225806451613,0.6666666666666666,0.26666666666666666,0.3064516129032258,0.8333333333333334,0.6666666666666666,0.4032258064516129,0.6666666666666666,0.13333333333333333,0.27419354838709675,0.6666666666666666,0.26666666666666666,0.3064516129032258,0.5833333333333334,0.4666666666666667,0.3548387096774194,0.3333333333333333,0.06666666666666667,0.25806451612903225,0.3333333333333333,0.13333333333333333,0.27419354838709675,0.4166666666666667,0.3333333333333333,0.3225806451612903,1.0,0.2,0.2903225806451613,0.6666666666666666,0.26666666666666666,0.3064516129032258,0.8333333333333334,0.6666666666666666,0.4032258064516129,margin
qwen3-1.7b,qwen38-27b,truthfulqa,256,17,0.06640625,327,0.16819571865443425,0.8685700221511198,0.6977602756583805,0.479448683238986,0.8685700221511198,0.15384615384615385,0.11764705882352941,0.1743119266055046,0.2692307692307692,0.4117647058823529,0.18960244648318042,0.2549019607843137,0.7647058823529411,0.20795107033639143,0.23076923076923078,0.17647058823529413,0.17737003058103976,0.15384615384615385,0.23529411764705882,0.18042813455657492,0.17647058823529413,0.5294117647058824,0.19571865443425077,0.07692307692307693,0.058823529411764705,0.1712538226299694,0.07692307692307693,0.11764705882352941,0.1743119266055046,0.0784313725490196,0.23529411764705882,0.18042813455657492,0.15384615384615385,0.11764705882352941,0.1743119266055046,0.2692307692307692,0.4117647058823529,0.18960244648318042,0.2549019607843137,0.7647058823529411,0.20795107033639143,margin
qwen3-8b,gemma4-12b,boolq,768,102,0.1328125,475,0.6,0.764293705470176,0.453379850438674,0.5456927515751046,0.764293705470176,0.5526315789473685,0.20588235294117646,0.6442105263157895,0.45454545454545453,0.3431372549019608,0.6736842105263158,0.3116883116883117,0.47058823529411764,0.7010526315789474,0.07894736842105263,0.029411764705882353,0.6063157894736843,0.07792207792207792,0.058823529411764705,0.6126315789473684,0.08441558441558442,0.12745098039215685,0.6273684210526316,0.10526315789473684,0.0392156862745098,0.608421052631579,0.18181818181818182,0.13725490196078433,0.6294736842105263,0.2012987012987013,0.30392156862745096,0.6652631578947369,0.5526315789473685,0.20588235294117646,0.6442105263157895,0.45454545454545453,0.3431372549019608,0.6736842105263158,0.3116883116883117,0.47058823529411764,0.7010526315789474,margin
qwen3-8b,gemma4-12b,geometry_of_truth,677,10,0.014771048744460856,1000,0.318,0.7869565217391306,0.9085457271364318,0.5145427286356821,0.9085457271364318,0.0,0.0,0.318,0.029411764705882353,0.2,0.32,0.037037037037037035,0.5,0.323,0.058823529411764705,0.2,0.32,0.08823529411764706,0.6,0.324,0.07407407407407407,1.0,0.328,0.058823529411764705,0.2,0.32,0.04411764705882353,0.3,0.321,0.022222222222222223,0.3,0.321,0.058823529411764705,0.2,0.32,0.08823529411764706,0.6,0.324,0.07407407407407407,1.0,0.328,anomaly
qwen3-8b,gemma4-12b,imdb,627,63,0.10047846889952153,1018,0.4204322200392927,0.740600022514916,0.47115276370595516,0.5164358887763143,0.740600022514916,0.22580645161290322,0.1111111111111111,0.42730844793713163,0.23809523809523808,0.23809523809523808,0.4351669941060904,0.248,0.49206349206349204,0.45088408644400785,0.06451612903225806,0.031746031746031744,0.4223968565815324,0.1111111111111111,0.1111111111111111,0.42730844793713163,0.072,0.14285714285714285,0.4292730844793713,0.16129032258064516,0.07936507936507936,0.42534381139489197,0.15873015873015872,0.15873015873015872,0.4302554027504912,0.136,0.2698412698412698,0.43713163064833005,0.22580645161290322,0.1111111111111111,0.42730844793713163,0.23809523809523808,0.23809523809523808,0.4351669941060904,0.248,0.49206349206349204,0.45088408644400785,margin
qwen3-8b,gemma4-12b,rte,46,17,0.3695652173913043,62,0.5483870967741935,0.8985801217038539,0.6044624746450304,0.5456389452332657,0.8985801217038539,1.0,0.11764705882352941,0.5806451612903226,1.0,0.29411764705882354,0.6290322580645161,0.8888888888888888,0.47058823529411764,0.6774193548387096,0.5,0.058823529411764705,0.5645161290322581,0.6,0.17647058823529413,0.5967741935483871,0.5555555555555556,0.29411764705882354,0.6290322580645161,1.0,0.11764705882352941,0.5806451612903226,0.6,0.17647058823529413,0.5967741935483871,0.4444444444444444,0.23529411764705882,0.6129032258064516,1.0,0.11764705882352941,0.5806451612903226,1.0,0.29411764705882354,0.6290322580645161,0.8888888888888888,0.47058823529411764,0.6774193548387096,margin
qwen3-8b,gemma4-12b,truthfulqa,201,20,0.09950248756218906,327,0.3853211009174312,0.8209944751381215,0.7149171270718231,0.5889502762430939,0.8209944751381215,0.4,0.2,0.39755351681957185,0.35,0.35,0.40672782874617736,0.2,0.4,0.40978593272171254,0.4,0.2,0.39755351681957185,0.25,0.25,0.40061162079510704,0.2,0.4,0.40978593272171254,0.0,0.0,0.3853211009174312,0.15,0.15,0.3944954128440367,0.175,0.35,0.40672782874617736,0.4,0.2,0.39755351681957185,0.35,0.35,0.40672782874617736,0.2,0.4,0.40978593272171254,margin
qwen3-8b,gemma4-12b-base,boolq,807,103,0.12763320941759604,475,0.32842105263157895,0.8337378640776699,0.47560403795233896,0.5389452780229479,0.8337378640776699,0.525,0.20388349514563106,0.3726315789473684,0.48148148148148145,0.3786407766990291,0.4105263157894737,0.37267080745341613,0.5825242718446602,0.45473684210526316,0.075,0.02912621359223301,0.33473684210526317,0.06172839506172839,0.04854368932038835,0.3389473684210526,0.08695652173913043,0.13592233009708737,0.35789473684210527,0.3,0.11650485436893204,0.35368421052631577,0.2716049382716049,0.21359223300970873,0.37473684210526315,0.21739130434782608,0.33980582524271846,0.40210526315789474,0.525,0.20388349514563106,0.3726315789473684,0.48148148148148145,0.3786407766990291,0.4105263157894737,0.37267080745341613,0.5825242718446602,0.45473684210526316,margin
qwen3-8b,gemma4-12b-base,geometry_of_truth,985,12,0.012182741116751269,1000,0.016,0.9688249400479616,0.9132408359027063,0.2745803357314149,0.9688249400479616,0.16326530612244897,0.6666666666666666,0.024,0.11224489795918367,0.9166666666666666,0.027,0.06091370558375635,1.0,0.028,0.08163265306122448,0.3333333333333333,0.02,0.08163265306122448,0.6666666666666666,0.024,0.05583756345177665,0.9166666666666666,0.027,0.0,0.0,0.016,0.0,0.0,0.016,0.0,0.0,0.016,0.16326530612244897,0.6666666666666666,0.024,0.11224489795918367,0.9166666666666666,0.027,0.06091370558375635,1.0,0.028,margin
qwen3-8b,gemma4-12b-base,imdb,938,78,0.08315565031982942,1018,0.13654223968565815,0.7899821109123435,0.46440071556350626,0.4897435897435897,0.7899821109123435,0.2127659574468085,0.1282051282051282,0.14636542239685657,0.2765957446808511,0.3333333333333333,0.16208251473477406,0.2553191489361702,0.6153846153846154,0.18369351669941061,0.02127659574468085,0.01282051282051282,0.137524557956778,0.0425531914893617,0.05128205128205128,0.14047151277013753,0.05851063829787234,0.14102564102564102,0.14734774066797643,0.0851063829787234,0.05128205128205128,0.14047151277013753,0.09574468085106383,0.11538461538461539,0.14538310412573674,0.09574468085106383,0.23076923076923078,0.15422396856581533,0.2127659574468085,0.1282051282051282,0.14636542239685657,0.2765957446808511,0.3333333333333333,0.16208251473477406,0.2553191489361702,0.6153846153846154,0.18369351669941061,margin
qwen3-8b,gemma4-12b-base,rte,57,15,0.2631578947368421,62,0.3387096774193548,0.8174603174603174,0.6365079365079366,0.4904761904761905,0.8174603174603174,1.0,0.2,0.3870967741935484,0.6666666666666666,0.26666666666666666,0.4032258064516129,0.5454545454545454,0.4,0.43548387096774194,0.6666666666666666,0.13333333333333333,0.3709677419354839,0.6666666666666666,0.26666666666666666,0.4032258064516129,0.5454545454545454,0.4,0.43548387096774194,0.3333333333333333,0.06666666666666667,0.3548387096774194,0.5,0.2,0.3870967741935484,0.36363636363636365,0.26666666666666666,0.4032258064516129,1.0,0.2,0.3870967741935484,0.6666666666666666,0.26666666666666666,0.4032258064516129,0.5454545454545454,0.4,0.43548387096774194,margin
qwen3-8b,gemma4-12b-base,truthfulqa,263,24,0.09125475285171103,327,0.1834862385321101,0.87639470013947,0.73884239888424,0.44072524407252445,0.87639470013947,0.38461538461538464,0.20833333333333334,0.19877675840978593,0.34615384615384615,0.375,0.21100917431192662,0.33962264150943394,0.75,0.23853211009174313,0.3076923076923077,0.16666666666666666,0.19571865443425077,0.2692307692307692,0.2916666666666667,0.20489296636085627,0.20754716981132076,0.4583333333333333,0.21712538226299694,0.15384615384615385,0.08333333333333333,0.18960244648318042,0.15384615384615385,0.16666666666666666,0.19571865443425077,0.09433962264150944,0.20833333333333334,0.19877675840978593,0.38461538461538464,0.20833333333333334,0.19877675840978593,0.34615384615384615,0.375,0.21100917431192662,0.33962264150943394,0.75,0.23853211009174313,margin
qwen3-8b,gemma4-31b,boolq,748,70,0.09358288770053476,475,0.28210526315789475,0.7554993678887484,0.4297724399494311,0.48337547408343867,0.7554993678887484,0.2702702702702703,0.14285714285714285,0.3031578947368421,0.29333333333333333,0.3142857142857143,0.32842105263157895,0.22,0.4714285714285714,0.35157894736842105,0.08108108108108109,0.04285714285714286,0.28842105263157897,0.06666666666666667,0.07142857142857142,0.2926315789473684,0.06,0.12857142857142856,0.30105263157894735,0.10810810810810811,0.05714285714285714,0.2905263157894737,0.09333333333333334,0.1,0.2968421052631579,0.11333333333333333,0.24285714285714285,0.3178947368421053,0.2702702702702703,0.14285714285714285,0.3031578947368421,0.29333333333333333,0.3142857142857143,0.32842105263157895,0.22,0.4714285714285714,0.35157894736842105,margin
qwen3-8b,gemma4-31b,geometry_of_truth,921,11,0.011943539630836048,1000,0.081,0.9122877122877122,0.9141858141858141,0.3213786213786214,0.9141858141858141,0.043478260869565216,0.18181818181818182,0.083,0.06521739130434782,0.5454545454545454,0.087,0.059782608695652176,1.0,0.092,0.08695652173913043,0.36363636363636365,0.085,0.07608695652173914,0.6363636363636364,0.088,0.059782608695652176,1.0,0.092,0.0,0.0,0.081,0.0,0.0,0.081,0.005434782608695652,0.09090909090909091,0.082,0.08695652173913043,0.36363636363636365,0.085,0.07608695652173914,0.6363636363636364,0.088,0.059782608695652176,1.0,0.092,anomaly
qwen3-8b,gemma4-31b,rte,46,10,0.21739130434782608,62,0.5161290322580645,0.8027777777777778,0.5944444444444446,0.7416666666666667,0.8027777777777778,1.0,0.2,0.5483870967741935,0.8,0.4,0.5806451612903226,0.5555555555555556,0.5,0.5967741935483871,0.0,0.0,0.5161290322580645,0.2,0.1,0.532258064516129,0.3333333333333333,0.3,0.5645161290322581,1.0,0.2,0.5483870967741935,0.6,0.3,0.5645161290322581,0.3333333333333333,0.3,0.5645161290322581,1.0,0.2,0.5483870967741935,0.8,0.4,0.5806451612903226,0.5555555555555556,0.5,0.5967741935483871,margin
qwen3-8b,gemma4-31b,truthfulqa,242,25,0.10330578512396695,327,0.23547400611620795,0.8359447004608294,0.7854377880184332,0.4180645161290323,0.8359447004608294,0.4166666666666667,0.2,0.25076452599388377,0.4166666666666667,0.4,0.26605504587155965,0.2916666666666667,0.56,0.2782874617737003,0.4166666666666667,0.2,0.25076452599388377,0.2916666666666667,0.28,0.25688073394495414,0.25,0.48,0.27217125382262997,0.0,0.0,0.23547400611620795,0.0,0.0,0.23547400611620795,0.08333333333333333,0.16,0.24770642201834864,0.4166666666666667,0.2,0.25076452599388377,0.4166666666666667,0.4,0.26605504587155965,0.2916666666666667,0.56,0.2782874617737003,margin
qwen3-8b,llama-8b,boolq,789,91,0.11533586818757921,475,0.23157894736842105,0.8039768254667967,0.46024748890078404,0.537942000692717,0.8039768254667967,0.48717948717948717,0.2087912087912088,0.27157894736842103,0.4430379746835443,0.38461538461538464,0.30526315789473685,0.2974683544303797,0.5164835164835165,0.33052631578947367,0.07692307692307693,0.03296703296703297,0.23789473684210527,0.08860759493670886,0.07692307692307693,0.2463157894736842,0.08860759493670886,0.15384615384615385,0.26105263157894737,0.07692307692307693,0.03296703296703297,0.23789473684210527,0.11392405063291139,0.0989010989010989,0.2505263157894737,0.11392405063291139,0.1978021978021978,0.2694736842105263,0.48717948717948717,0.2087912087912088,0.27157894736842103,0.4430379746835443,0.38461538461538464,0.30526315789473685,0.2974683544303797,0.5164835164835165,0.33052631578947367,margin
qwen3-8b,llama-8b,geometry_of_truth,997,14,0.014042126379137413,1000,0.01,0.9569829966574626,0.9083708763261154,0.4889550937363755,0.9569829966574626,0.18,0.6428571428571429,0.019,0.12,0.8571428571428571,0.022,0.07035175879396985,1.0,0.024,0.06,0.21428571428571427,0.013,0.1,0.7142857142857143,0.02,0.06532663316582915,0.9285714285714286,0.023,0.02,0.07142857142857142,0.011,0.01,0.07142857142857142,0.011,0.010050251256281407,0.14285714285714285,0.012,0.18,0.6428571428571429,0.019,0.12,0.8571428571428571,0.022,0.07035175879396985,1.0,0.024,margin
qwen3-8b,llama-8b,imdb,988,84,0.08502024291497975,1018,0.06286836935166994,0.839338390223346,0.4677754951538138,0.6079593341761483,0.839338390223346,0.4489795918367347,0.2619047619047619,0.08447937131630648,0.37373737373737376,0.44047619047619047,0.09921414538310412,0.29797979797979796,0.7023809523809523,0.12082514734774066,0.061224489795918366,0.03571428571428571,0.06581532416502947,0.050505050505050504,0.05952380952380952,0.06777996070726916,0.06060606060606061,0.14285714285714285,0.07465618860510806,0.12244897959183673,0.07142857142857142,0.068762278978389,0.16161616161616163,0.19047619047619047,0.07858546168958742,0.13636363636363635,0.32142857142857145,0.0893909626719057,0.4489795918367347,0.2619047619047619,0.08447937131630648,0.37373737373737376,0.44047619047619047,0.09921414538310412,0.29797979797979796,0.7023809523809523,0.12082514734774066,margin
qwen3-8b,llama-8b,rte,59,14,0.23728813559322035,62,0.3064516129032258,0.8746031746031746,0.6587301587301587,0.5746031746031746,0.8746031746031746,1.0,0.21428571428571427,0.3548387096774194,0.8333333333333334,0.35714285714285715,0.3870967741935484,0.5833333333333334,0.5,0.41935483870967744,0.6666666666666666,0.14285714285714285,0.3387096774193548,0.5,0.21428571428571427,0.3548387096774194,0.3333333333333333,0.2857142857142857,0.3709677419354839,0.3333333333333333,0.07142857142857142,0.3225806451612903,0.16666666666666666,0.07142857142857142,0.3225806451612903,0.08333333333333333,0.07142857142857142,0.3225806451612903,1.0,0.21428571428571427,0.3548387096774194,0.8333333333333334,0.35714285714285715,0.3870967741935484,0.5833333333333334,0.5,0.41935483870967744,margin
qwen3-8b,llama-8b,truthfulqa,282,25,0.08865248226950355,327,0.14984709480122324,0.8985214007782101,0.7069260700389105,0.4272373540856031,0.8985214007782101,0.2857142857142857,0.16,0.1620795107033639,0.39285714285714285,0.44,0.1834862385321101,0.35714285714285715,0.8,0.21100917431192662,0.35714285714285715,0.2,0.1651376146788991,0.21428571428571427,0.24,0.16819571865443425,0.19642857142857142,0.44,0.1834862385321101,0.14285714285714285,0.08,0.1559633027522936,0.07142857142857142,0.08,0.1559633027522936,0.07142857142857142,0.16,0.1620795107033639,0.2857142857142857,0.16,0.1620795107033639,0.39285714285714285,0.44,0.1834862385321101,0.35714285714285715,0.8,0.21100917431192662,margin
qwen3-8b,qwen3-32b,boolq,780,64,0.08205128205128205,475,0.15789473684210525,0.8303072625698323,0.5064158519553071,0.5781249999999999,0.8303072625698323,0.358974358974359,0.21875,0.18736842105263157,0.3333333333333333,0.40625,0.21263157894736842,0.26282051282051283,0.640625,0.24421052631578946,0.07692307692307693,0.046875,0.16421052631578947,0.05128205128205128,0.0625,0.16631578947368422,0.09615384615384616,0.234375,0.18947368421052632,0.10256410256410256,0.0625,0.16631578947368422,0.10256410256410256,0.125,0.17473684210526316,0.12179487179487179,0.296875,0.19789473684210526,0.358974358974359,0.21875,0.18736842105263157,0.3333333333333333,0.40625,0.21263157894736842,0.26282051282051283,0.640625,0.24421052631578946,margin
qwen3-8b,qwen3-32b,geometry_of_truth,993,10,0.010070493454179255,1000,0.015,0.9651068158697863,0.8958290946083418,0.47548321464903354,0.9651068158697863,0.14,0.7,0.022,0.08080808080808081,0.8,0.023,0.05025125628140704,1.0,0.025,0.06,0.3,0.018,0.06060606060606061,0.6,0.021,0.04020100502512563,0.8,0.023,0.0,0.0,0.015,0.010101010101010102,0.1,0.016,0.005025125628140704,0.1,0.016,0.14,0.7,0.022,0.08080808080808081,0.8,0.023,0.05025125628140704,1.0,0.025,margin
qwen3-8b,qwen3-32b,imdb,991,83,0.08375378405650857,1018,0.04420432220039293,0.8388089804150523,0.4768059020221856,0.6461042407515525,0.8388089804150523,0.46,0.27710843373493976,0.06679764243614932,0.37373737373737376,0.4457831325301205,0.08055009823182711,0.2828282828282828,0.6746987951807228,0.09921414538310412,0.06,0.03614457831325301,0.047151277013752456,0.06060606060606061,0.07228915662650602,0.05009823182711198,0.06565656565656566,0.1566265060240964,0.05697445972495088,0.18,0.10843373493975904,0.05304518664047151,0.16161616161616163,0.1927710843373494,0.05992141453831041,0.16666666666666666,0.39759036144578314,0.07662082514734773,0.46,0.27710843373493976,0.06679764243614932,0.37373737373737376,0.4457831325301205,0.08055009823182711,0.2828282828282828,0.6746987951807228,0.09921414538310412,margin
qwen3-8b,qwen3-32b,rte,59,14,0.23728813559322035,62,0.20967741935483872,0.8936507936507936,0.6539682539682539,0.3587301587301588,0.8936507936507936,1.0,0.21428571428571427,0.25806451612903225,0.6666666666666666,0.2857142857142857,0.27419354838709675,0.5833333333333334,0.5,0.3225806451612903,0.3333333333333333,0.07142857142857142,0.22580645161290322,0.3333333333333333,0.14285714285714285,0.24193548387096775,0.4166666666666667,0.35714285714285715,0.2903225806451613,0.3333333333333333,0.07142857142857142,0.22580645161290322,0.16666666666666666,0.07142857142857142,0.22580645161290322,0.08333333333333333,0.07142857142857142,0.22580645161290322,1.0,0.21428571428571427,0.25806451612903225,0.6666666666666666,0.2857142857142857,0.27419354838709675,0.5833333333333334,0.5,0.3225806451612903,margin
qwen3-8b,qwen3-32b,truthfulqa,286,20,0.06993006993006994,327,0.1345565749235474,0.9359022556390978,0.7050751879699249,0.3753759398496241,0.9359022556390978,0.42857142857142855,0.3,0.1529051987767584,0.41379310344827586,0.6,0.1712538226299694,0.3333333333333333,0.95,0.1926605504587156,0.35714285714285715,0.25,0.14984709480122324,0.20689655172413793,0.3,0.1529051987767584,0.10526315789473684,0.3,0.1529051987767584,0.0,0.0,0.1345565749235474,0.0,0.0,0.1345565749235474,0.017543859649122806,0.05,0.13761467889908258,0.42857142857142855,0.3,0.1529051987767584,0.41379310344827586,0.6,0.1712538226299694,0.3333333333333333,0.95,0.1926605504587156,margin
qwen3-8b,qwen3-8b-base,boolq,801,85,0.10611735330836454,475,0.18736842105263157,0.7833881038448899,0.4662339796253697,0.49579362471245486,0.7833881038448899,0.325,0.15294117647058825,0.21473684210526317,0.35,0.32941176470588235,0.2463157894736842,0.2875,0.5411764705882353,0.28421052631578947,0.075,0.03529411764705882,0.1936842105263158,0.05,0.047058823529411764,0.1957894736842105,0.08125,0.15294117647058825,0.21473684210526317,0.125,0.058823529411764705,0.19789473684210526,0.0875,0.08235294117647059,0.20210526315789473,0.09375,0.17647058823529413,0.21894736842105264,0.325,0.15294117647058825,0.21473684210526317,0.35,0.32941176470588235,0.2463157894736842,0.2875,0.5411764705882353,0.28421052631578947,margin
qwen3-8b,qwen3-8b-base,geometry_of_truth,997,16,0.0160481444332999,1000,0.01,0.9569954128440367,0.8737257900101936,0.39901885830784917,0.9569954128440367,0.2,0.625,0.02,0.13,0.8125,0.023,0.08040201005025126,1.0,0.026,0.06,0.1875,0.013,0.08,0.5,0.018,0.05527638190954774,0.6875,0.021,0.0,0.0,0.01,0.0,0.0,0.01,0.0,0.0,0.01,0.2,0.625,0.02,0.13,0.8125,0.023,0.08040201005025126,1.0,0.026,margin
qwen3-8b,qwen3-8b-base,imdb,1003,90,0.0897308075772682,1018,0.04518664047151277,0.8364853352805159,0.44724351953267616,0.5161981258366801,0.8364853352805159,0.54,0.3,0.07170923379174853,0.43,0.4777777777777778,0.08742632612966601,0.3034825870646766,0.6777777777777778,0.10510805500982318,0.08,0.044444444444444446,0.04911591355599214,0.07,0.07777777777777778,0.05206286836935167,0.06467661691542288,0.14444444444444443,0.05795677799607073,0.14,0.07777777777777778,0.05206286836935167,0.11,0.12222222222222222,0.055992141453831044,0.0845771144278607,0.18888888888888888,0.0618860510805501,0.54,0.3,0.07170923379174853,0.43,0.4777777777777778,0.08742632612966601,0.3034825870646766,0.6777777777777778,0.10510805500982318,margin
qwen3-8b,qwen3-8b-base,rte,63,18,0.2857142857142857,62,0.12903225806451613,0.8851851851851851,0.6395061728395062,0.41975308641975306,0.8851851851851851,0.6666666666666666,0.1111111111111111,0.16129032258064516,0.8333333333333334,0.2777777777777778,0.20967741935483872,0.6923076923076923,0.5,0.27419354838709675,0.6666666666666666,0.1111111111111111,0.16129032258064516,0.5,0.16666666666666666,0.1774193548387097,0.46153846153846156,0.3333333333333333,0.22580645161290322,0.0,0.0,0.12903225806451613,0.16666666666666666,0.05555555555555555,0.14516129032258066,0.15384615384615385,0.1111111111111111,0.16129032258064516,0.6666666666666666,0.1111111111111111,0.16129032258064516,0.8333333333333334,0.2777777777777778,0.20967741935483872,0.6923076923076923,0.5,0.27419354838709675,margin
qwen3-8b,qwen3-8b-base,truthfulqa,290,33,0.11379310344827587,327,0.13149847094801223,0.8521400778210118,0.7343473646975592,0.4137483787289235,0.8521400778210118,0.5714285714285714,0.24242424242424243,0.1559633027522936,0.41379310344827586,0.36363636363636365,0.16819571865443425,0.3275862068965517,0.5757575757575758,0.18960244648318042,0.35714285714285715,0.15151515151515152,0.14678899082568808,0.3793103448275862,0.3333333333333333,0.1651376146788991,0.25862068965517243,0.45454545454545453,0.17737003058103976,0.21428571428571427,0.09090909090909091,0.14067278287461774,0.13793103448275862,0.12121212121212122,0.1437308868501529,0.10344827586206896,0.18181818181818182,0.14984709480122324,0.5714285714285714,0.24242424242424243,0.1559633027522936,0.41379310344827586,0.36363636363636365,0.16819571865443425,0.3275862068965517,0.5757575757575758,0.18960244648318042,margin
qwen3-8b,qwen38-27b,boolq,765,46,0.06013071895424837,475,0.1957894736842105,0.7884743302896535,0.4822519199371107,0.5509463627018202,0.7884743302896535,0.23684210526315788,0.1956521739130435,0.21473684210526317,0.14473684210526316,0.2391304347826087,0.21894736842105264,0.16339869281045752,0.5434782608695652,0.24842105263157896,0.02631578947368421,0.021739130434782608,0.19789473684210526,0.013157894736842105,0.021739130434782608,0.19789473684210526,0.032679738562091505,0.10869565217391304,0.2063157894736842,0.07894736842105263,0.06521739130434782,0.20210526315789473,0.07894736842105263,0.13043478260869565,0.20842105263157895,0.11764705882352941,0.391304347826087,0.2336842105263158,0.23684210526315788,0.1956521739130435,0.21473684210526317,0.14473684210526316,0.2391304347826087,0.21894736842105264,0.16339869281045752,0.5434782608695652,0.24842105263157896,margin
qwen3-8b,qwen38-27b,geometry_of_truth,989,11,0.011122345803842264,1000,0.013,0.9584495259341885,0.9050009295408069,0.43474623535973234,0.9584495259341885,0.14285714285714285,0.6363636363636364,0.02,0.1111111111111111,1.0,0.024,0.05555555555555555,1.0,0.024,0.04081632653061224,0.18181818181818182,0.015,0.06060606060606061,0.5454545454545454,0.019,0.050505050505050504,0.9090909090909091,0.023,0.0,0.0,0.013,0.0,0.0,0.013,0.010101010101010102,0.18181818181818182,0.015,0.14285714285714285,0.6363636363636364,0.02,0.1111111111111111,1.0,0.024,0.05555555555555555,1.0,0.024,margin
qwen3-8b,qwen38-27b,rte,63,17,0.2698412698412698,62,0.0967741935483871,0.9092071611253196,0.6304347826086956,0.4667519181585678,0.9092071611253196,1.0,0.17647058823529413,0.14516129032258066,1.0,0.35294117647058826,0.1935483870967742,0.6923076923076923,0.5294117647058824,0.24193548387096775,0.6666666666666666,0.11764705882352941,0.12903225806451613,0.6666666666666666,0.23529411764705882,0.16129032258064516,0.38461538461538464,0.29411764705882354,0.1774193548387097,0.0,0.0,0.0967741935483871,0.3333333333333333,0.11764705882352941,0.12903225806451613,0.15384615384615385,0.11764705882352941,0.12903225806451613,1.0,0.17647058823529413,0.14516129032258066,1.0,0.35294117647058826,0.1935483870967742,0.6923076923076923,0.5294117647058824,0.24193548387096775,margin
qwen3-8b,qwen38-27b,truthfulqa,284,19,0.06690140845070422,327,0.1620795107033639,0.8818272095332671,0.7459781529294935,0.37576961271102277,0.8818272095332671,0.21428571428571427,0.15789473684210525,0.1712538226299694,0.2857142857142857,0.42105263157894735,0.18654434250764526,0.24561403508771928,0.7368421052631579,0.20489296636085627,0.2857142857142857,0.21052631578947367,0.1743119266055046,0.17857142857142858,0.2631578947368421,0.17737003058103976,0.15789473684210525,0.47368421052631576,0.18960244648318042,0.14285714285714285,0.10526315789473684,0.16819571865443425,0.07142857142857142,0.10526315789473684,0.16819571865443425,0.03508771929824561,0.10526315789473684,0.16819571865443425,0.21428571428571427,0.15789473684210525,0.1712538226299694,0.2857142857142857,0.42105263157894735,0.18654434250764526,0.24561403508771928,0.7368421052631579,0.20489296636085627,margin
qwen3-8b-base,gemma4-12b,boolq,779,117,0.15019255455712452,475,0.56,0.7524078808066724,0.4745913703617631,0.6117308337852144,0.7524078808066724,0.358974358974359,0.11965811965811966,0.5894736842105263,0.3974358974358974,0.26495726495726496,0.6252631578947369,0.3141025641025641,0.4188034188034188,0.6631578947368421,0.07692307692307693,0.02564102564102564,0.5663157894736842,0.10256410256410256,0.06837606837606838,0.5768421052631579,0.11538461538461539,0.15384615384615385,0.5978947368421053,0.10256410256410256,0.03418803418803419,0.5684210526315789,0.15384615384615385,0.10256410256410256,0.5852631578947368,0.23076923076923078,0.3076923076923077,0.6357894736842106,0.358974358974359,0.11965811965811966,0.5894736842105263,0.3974358974358974,0.26495726495726496,0.6252631578947369,0.3141025641025641,0.4188034188034188,0.6631578947368421,margin
qwen3-8b-base,gemma4-12b,geometry_of_truth,681,12,0.01762114537444934,1000,0.316,0.8175137020428501,0.919531639262581,0.46524663677130046,0.919531639262581,0.0,0.0,0.316,0.07352941176470588,0.4166666666666667,0.321,0.051470588235294115,0.5833333333333334,0.323,0.14705882352941177,0.4166666666666667,0.321,0.10294117647058823,0.5833333333333334,0.323,0.08823529411764706,1.0,0.328,0.08823529411764706,0.25,0.319,0.04411764705882353,0.25,0.319,0.022058823529411766,0.25,0.319,0.14705882352941177,0.4166666666666667,0.321,0.10294117647058823,0.5833333333333334,0.323,0.08823529411764706,1.0,0.328,anomaly
qwen3-8b-base,gemma4-12b,imdb,640,61,0.0953125,1018,0.41846758349705304,0.7482941193125513,0.45547722189189954,0.5470709816246212,0.7482941193125513,0.28125,0.14754098360655737,0.42730844793713163,0.296875,0.3114754098360656,0.43713163064833005,0.2578125,0.5409836065573771,0.45088408644400785,0.0625,0.03278688524590164,0.4204322200392927,0.078125,0.08196721311475409,0.42337917485265225,0.0703125,0.14754098360655737,0.42730844793713163,0.1875,0.09836065573770492,0.4243614931237721,0.15625,0.16393442622950818,0.42829076620825146,0.1640625,0.3442622950819672,0.43909626719056977,0.28125,0.14754098360655737,0.42730844793713163,0.296875,0.3114754098360656,0.43713163064833005,0.2578125,0.5409836065573771,0.45088408644400785,margin
qwen3-8b-base,gemma4-12b,rte,48,19,0.3958333333333333,62,0.5161290322580645,0.8656987295825771,0.5571687840290381,0.5571687840290381,0.8656987295825771,0.5,0.05263157894736842,0.532258064516129,0.6,0.15789473684210525,0.5645161290322581,0.7,0.3684210526315789,0.6290322580645161,0.5,0.05263157894736842,0.532258064516129,0.6,0.15789473684210525,0.5645161290322581,0.6,0.3157894736842105,0.6129032258064516,0.5,0.05263157894736842,0.532258064516129,0.6,0.15789473684210525,0.5645161290322581,0.6,0.3157894736842105,0.6129032258064516,0.5,0.05263157894736842,0.532258064516129,0.6,0.15789473684210525,0.5645161290322581,0.7,0.3684210526315789,0.6290322580645161,margin
qwen3-8b-base,gemma4-12b,truthfulqa,201,25,0.12437810945273632,327,0.37003058103975534,0.7706818181818181,0.7231818181818181,0.5404545454545455,0.7706818181818181,0.3,0.12,0.37920489296636084,0.2,0.16,0.382262996941896,0.225,0.36,0.39755351681957185,0.2,0.08,0.3761467889908257,0.3,0.24,0.38837920489296635,0.225,0.36,0.39755351681957185,0.0,0.0,0.37003058103975534,0.05,0.04,0.3730886850152905,0.125,0.2,0.3853211009174312,0.3,0.12,0.37920489296636084,0.2,0.16,0.382262996941896,0.225,0.36,0.39755351681957185,margin
qwen3-8b-base,gemma4-12b-base,boolq,808,109,0.1349009900990099,475,0.3263157894736842,0.8151093961229017,0.5125014765523488,0.5054927747371737,0.8151093961229017,0.475,0.1743119266055046,0.3663157894736842,0.41975308641975306,0.3119266055045872,0.39789473684210525,0.3950617283950617,0.5871559633027523,0.4610526315789474,0.1,0.03669724770642202,0.33473684210526317,0.12345679012345678,0.09174311926605505,0.3473684210526316,0.1111111111111111,0.1651376146788991,0.3642105263157895,0.15,0.05504587155963303,0.3389473684210526,0.13580246913580246,0.10091743119266056,0.3494736842105263,0.16666666666666666,0.24770642201834864,0.3831578947368421,0.475,0.1743119266055046,0.3663157894736842,0.41975308641975306,0.3119266055045872,0.39789473684210525,0.3950617283950617,0.5871559633027523,0.4610526315789474,margin
qwen3-8b-base,gemma4-12b-base,geometry_of_truth,992,14,0.014112903225806451,1000,0.014,0.9656003505696757,0.9243353783231084,0.30426526438796375,0.9656003505696757,0.18,0.6428571428571429,0.023,0.13131313131313133,0.9285714285714286,0.027,0.0707070707070707,1.0,0.028,0.1,0.35714285714285715,0.019,0.09090909090909091,0.6428571428571429,0.023,0.06565656565656566,0.9285714285714286,0.027,0.0,0.0,0.014,0.0,0.0,0.014,0.0,0.0,0.014,0.18,0.6428571428571429,0.023,0.13131313131313133,0.9285714285714286,0.027,0.0707070707070707,1.0,0.028,margin
qwen3-8b-base,gemma4-12b-base,imdb,956,75,0.07845188284518828,1018,0.13654223968565815,0.7793113885735906,0.4689670828603859,0.45576995838062806,0.7793113885735906,0.25,0.16,0.14833005893909626,0.28125,0.36,0.16306483300589392,0.2356020942408377,0.6,0.1807465618860511,0.020833333333333332,0.013333333333333334,0.137524557956778,0.03125,0.04,0.13948919449901767,0.041884816753926704,0.10666666666666667,0.1444007858546169,0.10416666666666667,0.06666666666666667,0.14145383104125736,0.07291666666666667,0.09333333333333334,0.14341846758349705,0.05759162303664921,0.14666666666666667,0.14734774066797643,0.25,0.16,0.14833005893909626,0.28125,0.36,0.16306483300589392,0.2356020942408377,0.6,0.1807465618860511,margin
qwen3-8b-base,gemma4-12b-base,rte,60,18,0.3,62,0.27419354838709675,0.8505291005291005,0.5978835978835979,0.5925925925925927,0.8505291005291005,1.0,0.16666666666666666,0.3225806451612903,0.5,0.16666666666666666,0.3225806451612903,0.5833333333333334,0.3888888888888889,0.3870967741935484,0.6666666666666666,0.1111111111111111,0.3064516129032258,0.6666666666666666,0.2222222222222222,0.3387096774193548,0.5,0.3333333333333333,0.3709677419354839,0.6666666666666666,0.1111111111111111,0.3064516129032258,0.6666666666666666,0.2222222222222222,0.3387096774193548,0.5,0.3333333333333333,0.3709677419354839,1.0,0.16666666666666666,0.3225806451612903,0.5,0.16666666666666666,0.3225806451612903,0.5833333333333334,0.3888888888888889,0.3870967741935484,margin
qwen3-8b-base,gemma4-12b-base,truthfulqa,263,29,0.11026615969581749,327,0.16819571865443425,0.8636899498968464,0.7907456528146183,0.427497789566755,0.8636899498968464,0.46153846153846156,0.20689655172413793,0.18654434250764526,0.34615384615384615,0.3103448275862069,0.19571865443425077,0.37735849056603776,0.6896551724137931,0.22935779816513763,0.46153846153846156,0.20689655172413793,0.18654434250764526,0.3076923076923077,0.27586206896551724,0.1926605504587156,0.2830188679245283,0.5172413793103449,0.21406727828746178,0.07692307692307693,0.034482758620689655,0.1712538226299694,0.07692307692307693,0.06896551724137931,0.1743119266055046,0.07547169811320754,0.13793103448275862,0.18042813455657492,0.46153846153846156,0.20689655172413793,0.18654434250764526,0.34615384615384615,0.3103448275862069,0.19571865443425077,0.37735849056603776,0.6896551724137931,0.22935779816513763,margin
qwen3-8b-base,gemma4-31b,boolq,750,72,0.096,475,0.2968421052631579,0.7226728941330711,0.44862340216322516,0.4377663061291379,0.7226728941330711,0.18421052631578946,0.09722222222222222,0.31157894736842107,0.18666666666666668,0.19444444444444445,0.3263157894736842,0.21333333333333335,0.4444444444444444,0.3642105263157895,0.07894736842105263,0.041666666666666664,0.3031578947368421,0.06666666666666667,0.06944444444444445,0.30736842105263157,0.07333333333333333,0.1527777777777778,0.32,0.07894736842105263,0.041666666666666664,0.3031578947368421,0.06666666666666667,0.06944444444444445,0.30736842105263157,0.08,0.16666666666666666,0.32210526315789473,0.18421052631578946,0.09722222222222222,0.31157894736842107,0.18666666666666668,0.19444444444444445,0.3263157894736842,0.21333333333333335,0.4444444444444444,0.3642105263157895,margin
qwen3-8b-base,gemma4-31b,geometry_of_truth,926,10,0.01079913606911447,1000,0.085,0.9305676855895196,0.9149563318777293,0.386353711790393,0.9305676855895196,0.043478260869565216,0.2,0.087,0.0967741935483871,0.9,0.094,0.05405405405405406,1.0,0.095,0.10869565217391304,0.5,0.09,0.06451612903225806,0.6,0.091,0.04864864864864865,0.9,0.094,0.0,0.0,0.085,0.0,0.0,0.085,0.005405405405405406,0.1,0.086,0.043478260869565216,0.2,0.087,0.0967741935483871,0.9,0.094,0.05405405405405406,1.0,0.095,margin
qwen3-8b-base,gemma4-31b,rte,49,11,0.22448979591836735,62,0.5161290322580645,0.7703349282296652,0.5334928229665072,0.7416267942583732,0.7703349282296652,0.0,0.0,0.5161290322580645,0.2,0.09090909090909091,0.532258064516129,0.4,0.36363636363636365,0.5806451612903226,0.5,0.09090909090909091,0.532258064516129,0.2,0.09090909090909091,0.532258064516129,0.4,0.36363636363636365,0.5806451612903226,1.0,0.18181818181818182,0.5483870967741935,0.6,0.2727272727272727,0.5645161290322581,0.5,0.45454545454545453,0.5967741935483871,0.0,0.0,0.5161290322580645,0.2,0.09090909090909091,0.532258064516129,0.4,0.36363636363636365,0.5806451612903226,margin
qwen3-8b-base,gemma4-31b,truthfulqa,248,31,0.125,327,0.21406727828746178,0.8229522818492642,0.7695852534562212,0.46900550022298204,0.8229522818492642,0.5,0.1935483870967742,0.2324159021406728,0.36,0.2903225806451613,0.2415902140672783,0.32,0.5161290322580645,0.26299694189602446,0.5,0.1935483870967742,0.2324159021406728,0.36,0.2903225806451613,0.2415902140672783,0.32,0.5161290322580645,0.26299694189602446,0.08333333333333333,0.03225806451612903,0.21712538226299694,0.12,0.0967741935483871,0.22324159021406728,0.12,0.1935483870967742,0.2324159021406728,0.5,0.1935483870967742,0.2324159021406728,0.36,0.2903225806451613,0.2415902140672783,0.32,0.5161290322580645,0.26299694189602446,margin
qwen3-8b-base,llama-8b,boolq,789,94,0.11913814955640051,475,0.24210526315789474,0.7866523802234808,0.4986682994030307,0.5397367212612889,0.7866523802234808,0.41025641025641024,0.1702127659574468,0.27578947368421053,0.34177215189873417,0.2872340425531915,0.29894736842105263,0.3037974683544304,0.5106382978723404,0.3431578947368421,0.10256410256410256,0.0425531914893617,0.2505263157894737,0.10126582278481013,0.0851063829787234,0.25894736842105265,0.10126582278481013,0.1702127659574468,0.27578947368421053,0.1794871794871795,0.07446808510638298,0.25684210526315787,0.12658227848101267,0.10638297872340426,0.2631578947368421,0.12658227848101267,0.2127659574468085,0.28421052631578947,0.41025641025641024,0.1702127659574468,0.27578947368421053,0.34177215189873417,0.2872340425531915,0.29894736842105263,0.3037974683544304,0.5106382978723404,0.3431578947368421,margin
qwen3-8b-base,llama-8b,geometry_of_truth,997,13,0.013039117352056168,1000,0.014,0.9538774233896186,0.9218261413383365,0.40869293308317695,0.9538774233896186,0.16,0.6153846153846154,0.022,0.1,0.7692307692307693,0.024,0.06532663316582915,1.0,0.027,0.08,0.3076923076923077,0.018,0.09,0.6923076923076923,0.023,0.06030150753768844,0.9230769230769231,0.026,0.02,0.07692307692307693,0.015,0.01,0.07692307692307693,0.015,0.005025125628140704,0.07692307692307693,0.015,0.16,0.6153846153846154,0.022,0.1,0.7692307692307693,0.024,0.06532663316582915,1.0,0.027,margin
qwen3-8b-base,llama-8b,imdb,1016,88,0.08661417322834646,1018,0.04911591355599214,0.8367456896551724,0.4633620689655172,0.5443769592476488,0.8367456896551724,0.47058823529411764,0.2727272727272727,0.07269155206286837,0.39215686274509803,0.45454545454545453,0.08840864440078586,0.3054187192118227,0.7045454545454546,0.1100196463654224,0.0196078431372549,0.011363636363636364,0.05009823182711198,0.0392156862745098,0.045454545454545456,0.05304518664047151,0.059113300492610835,0.13636363636363635,0.060903732809430254,0.09803921568627451,0.056818181818181816,0.054027504911591355,0.10784313725490197,0.125,0.05992141453831041,0.09852216748768473,0.22727272727272727,0.068762278978389,0.47058823529411764,0.2727272727272727,0.07269155206286837,0.39215686274509803,0.45454545454545453,0.08840864440078586,0.3054187192118227,0.7045454545454546,0.1100196463654224,margin
qwen3-8b-base,llama-8b,rte,61,17,0.2786885245901639,62,0.24193548387096775,0.8703208556149733,0.5909090909090909,0.6363636363636362,0.8703208556149733,0.6666666666666666,0.11764705882352941,0.27419354838709675,0.6666666666666666,0.23529411764705882,0.3064516129032258,0.6666666666666666,0.47058823529411764,0.3709677419354839,0.6666666666666666,0.11764705882352941,0.27419354838709675,0.3333333333333333,0.11764705882352941,0.27419354838709675,0.4166666666666667,0.29411764705882354,0.3225806451612903,0.6666666666666666,0.11764705882352941,0.27419354838709675,0.3333333333333333,0.11764705882352941,0.27419354838709675,0.4166666666666667,0.29411764705882354,0.3225806451612903,0.6666666666666666,0.11764705882352941,0.27419354838709675,0.6666666666666666,0.23529411764705882,0.3064516129032258,0.6666666666666666,0.47058823529411764,0.3709677419354839,margin
qwen3-8b-base,llama-8b,truthfulqa,273,25,0.09157509157509157,327,0.1651376146788991,0.8833870967741937,0.7753225806451614,0.37951612903225806,0.8833870967741937,0.21428571428571427,0.12,0.1743119266055046,0.3333333333333333,0.36,0.1926605504587156,0.36363636363636365,0.8,0.22629969418960244,0.42857142857142855,0.24,0.1834862385321101,0.2962962962962963,0.32,0.18960244648318042,0.2727272727272727,0.6,0.21100917431192662,0.07142857142857142,0.04,0.16819571865443425,0.037037037037037035,0.04,0.16819571865443425,0.05454545454545454,0.12,0.1743119266055046,0.21428571428571427,0.12,0.1743119266055046,0.3333333333333333,0.36,0.1926605504587156,0.36363636363636365,0.8,0.22629969418960244,margin
qwen3-8b-base,qwen3-32b,boolq,779,64,0.0821566110397946,475,0.18105263157894738,0.7991258741258742,0.5087412587412586,0.513986013986014,0.7991258741258742,0.1282051282051282,0.078125,0.19157894736842104,0.2564102564102564,0.3125,0.2231578947368421,0.2564102564102564,0.625,0.26526315789473687,0.07692307692307693,0.046875,0.18736842105263157,0.10256410256410256,0.125,0.19789473684210526,0.08974358974358974,0.21875,0.21052631578947367,0.1794871794871795,0.109375,0.1957894736842105,0.1282051282051282,0.15625,0.20210526315789473,0.10897435897435898,0.265625,0.2168421052631579,0.1282051282051282,0.078125,0.19157894736842104,0.2564102564102564,0.3125,0.2231578947368421,0.2564102564102564,0.625,0.26526315789473687,margin
qwen3-8b-base,qwen3-32b,geometry_of_truth,994,11,0.011066398390342052,1000,0.015,0.9634698973457875,0.9084435401831129,0.31785813372792004,0.9634698973457875,0.14,0.6363636363636364,0.022,0.09090909090909091,0.8181818181818182,0.024,0.05527638190954774,1.0,0.026,0.08,0.36363636363636365,0.019,0.0707070707070707,0.6363636363636364,0.022,0.04522613065326633,0.8181818181818182,0.024,0.0,0.0,0.015,0.0,0.0,0.015,0.0,0.0,0.015,0.14,0.6363636363636364,0.022,0.09090909090909091,0.8181818181818182,0.024,0.05527638190954774,1.0,0.026,margin
qwen3-8b-base,qwen3-32b,imdb,1004,81,0.08067729083665338,1018,0.04223968565815324,0.8112569051536187,0.47873948343431916,0.4358171822960556,0.8112569051536187,0.38,0.2345679012345679,0.060903732809430254,0.34,0.41975308641975306,0.0756385068762279,0.25870646766169153,0.6419753086419753,0.09332023575638507,0.04,0.024691358024691357,0.04420432220039293,0.05,0.06172839506172839,0.047151277013752456,0.05472636815920398,0.13580246913580246,0.05304518664047151,0.04,0.024691358024691357,0.04420432220039293,0.07,0.08641975308641975,0.04911591355599214,0.07960199004975124,0.19753086419753085,0.05795677799607073,0.38,0.2345679012345679,0.060903732809430254,0.34,0.41975308641975306,0.0756385068762279,0.25870646766169153,0.6419753086419753,0.09332023575638507,margin
qwen3-8b-base,qwen3-32b,rte,60,14,0.23333333333333334,62,0.24193548387096775,0.8757763975155279,0.6226708074534162,0.5263975155279503,0.8757763975155279,0.6666666666666666,0.14285714285714285,0.27419354838709675,0.6666666666666666,0.2857142857142857,0.3064516129032258,0.5833333333333334,0.5,0.3548387096774194,0.3333333333333333,0.07142857142857142,0.25806451612903225,0.5,0.21428571428571427,0.2903225806451613,0.4166666666666667,0.35714285714285715,0.3225806451612903,0.6666666666666666,0.14285714285714285,0.27419354838709675,0.3333333333333333,0.14285714285714285,0.27419354838709675,0.25,0.21428571428571427,0.2903225806451613,0.6666666666666666,0.14285714285714285,0.27419354838709675,0.6666666666666666,0.2857142857142857,0.3064516129032258,0.5833333333333334,0.5,0.3548387096774194,margin
qwen3-8b-base,qwen3-32b,truthfulqa,279,21,0.07526881720430108,327,0.1437308868501529,0.8914728682170543,0.753968253968254,0.29605020302694723,0.8914728682170543,0.21428571428571427,0.14285714285714285,0.1529051987767584,0.25,0.3333333333333333,0.1651376146788991,0.25,0.6666666666666666,0.18654434250764526,0.42857142857142855,0.2857142857142857,0.1620795107033639,0.25,0.3333333333333333,0.1651376146788991,0.19642857142857142,0.5238095238095238,0.17737003058103976,0.07142857142857142,0.047619047619047616,0.14678899082568808,0.03571428571428571,0.047619047619047616,0.14678899082568808,0.017857142857142856,0.047619047619047616,0.14678899082568808,0.21428571428571427,0.14285714285714285,0.1529051987767584,0.25,0.3333333333333333,0.1651376146788991,0.25,0.6666666666666666,0.18654434250764526,margin
qwen3-8b-base,qwen3-8b,boolq,801,85,0.10611735330836454,475,0.18736842105263157,0.7833881038448899,0.4662339796253697,0.49579362471245486,0.7833881038448899,0.325,0.15294117647058825,0.21473684210526317,0.35,0.32941176470588235,0.2463157894736842,0.2875,0.5411764705882353,0.28421052631578947,0.075,0.03529411764705882,0.1936842105263158,0.05,0.047058823529411764,0.1957894736842105,0.08125,0.15294117647058825,0.21473684210526317,0.125,0.058823529411764705,0.19789473684210526,0.0875,0.08235294117647059,0.20210526315789473,0.09375,0.17647058823529413,0.21894736842105264,0.325,0.15294117647058825,0.21473684210526317,0.35,0.32941176470588235,0.2463157894736842,0.2875,0.5411764705882353,0.28421052631578947,margin
qwen3-8b-base,qwen3-8b,geometry_of_truth,997,16,0.0160481444332999,1000,0.01,0.9569954128440367,0.8737257900101936,0.39901885830784917,0.9569954128440367,0.2,0.625,0.02,0.13,0.8125,0.023,0.08040201005025126,1.0,0.026,0.06,0.1875,0.013,0.08,0.5,0.018,0.05527638190954774,0.6875,0.021,0.0,0.0,0.01,0.0,0.0,0.01,0.0,0.0,0.01,0.2,0.625,0.02,0.13,0.8125,0.023,0.08040201005025126,1.0,0.026,margin
qwen3-8b-base,qwen3-8b,imdb,1003,90,0.0897308075772682,1018,0.04518664047151277,0.8364853352805159,0.44724351953267616,0.5161981258366801,0.8364853352805159,0.54,0.3,0.07170923379174853,0.43,0.4777777777777778,0.08742632612966601,0.3034825870646766,0.6777777777777778,0.10510805500982318,0.08,0.044444444444444446,0.04911591355599214,0.07,0.07777777777777778,0.05206286836935167,0.06467661691542288,0.14444444444444443,0.05795677799607073,0.14,0.07777777777777778,0.05206286836935167,0.11,0.12222222222222222,0.055992141453831044,0.0845771144278607,0.18888888888888888,0.0618860510805501,0.54,0.3,0.07170923379174853,0.43,0.4777777777777778,0.08742632612966601,0.3034825870646766,0.6777777777777778,0.10510805500982318,margin
qwen3-8b-base,qwen3-8b,rte,63,18,0.2857142857142857,62,0.12903225806451613,0.8851851851851851,0.6395061728395062,0.41975308641975306,0.8851851851851851,0.6666666666666666,0.1111111111111111,0.16129032258064516,0.8333333333333334,0.2777777777777778,0.20967741935483872,0.6923076923076923,0.5,0.27419354838709675,0.6666666666666666,0.1111111111111111,0.16129032258064516,0.5,0.16666666666666666,0.1774193548387097,0.46153846153846156,0.3333333333333333,0.22580645161290322,0.0,0.0,0.12903225806451613,0.16666666666666666,0.05555555555555555,0.14516129032258066,0.15384615384615385,0.1111111111111111,0.16129032258064516,0.6666666666666666,0.1111111111111111,0.16129032258064516,0.8333333333333334,0.2777777777777778,0.20967741935483872,0.6923076923076923,0.5,0.27419354838709675,margin
qwen3-8b-base,qwen3-8b,truthfulqa,290,33,0.11379310344827587,327,0.13149847094801223,0.8521400778210118,0.7343473646975592,0.4137483787289235,0.8521400778210118,0.5714285714285714,0.24242424242424243,0.1559633027522936,0.41379310344827586,0.36363636363636365,0.16819571865443425,0.3275862068965517,0.5757575757575758,0.18960244648318042,0.35714285714285715,0.15151515151515152,0.14678899082568808,0.3793103448275862,0.3333333333333333,0.1651376146788991,0.25862068965517243,0.45454545454545453,0.17737003058103976,0.21428571428571427,0.09090909090909091,0.14067278287461774,0.13793103448275862,0.12121212121212122,0.1437308868501529,0.10344827586206896,0.18181818181818182,0.14984709480122324,0.5714285714285714,0.24242424242424243,0.1559633027522936,0.41379310344827586,0.36363636363636365,0.16819571865443425,0.3275862068965517,0.5757575757575758,0.18960244648318042,margin
qwen3-8b-base,qwen38-27b,boolq,761,47,0.06176084099868594,475,0.21473684210526317,0.7683413791048334,0.5241373145002681,0.5954466893140234,0.7683413791048334,0.10526315789473684,0.0851063829787234,0.2231578947368421,0.21052631578947367,0.3404255319148936,0.24842105263157896,0.17763157894736842,0.574468085106383,0.27157894736842103,0.02631578947368421,0.02127659574468085,0.2168421052631579,0.02631578947368421,0.0425531914893617,0.21894736842105264,0.05921052631578947,0.19148936170212766,0.2336842105263158,0.05263157894736842,0.0425531914893617,0.21894736842105264,0.05263157894736842,0.0851063829787234,0.2231578947368421,0.08552631578947369,0.2765957446808511,0.24210526315789474,0.10526315789473684,0.0851063829787234,0.2231578947368421,0.21052631578947367,0.3404255319148936,0.24842105263157896,0.17763157894736842,0.574468085106383,0.27157894736842103,margin
qwen3-8b-base,qwen38-27b,geometry_of_truth,989,10,0.010111223458038422,1000,0.017,0.9513789581205312,0.9126659856996936,0.46506639427987745,0.9513789581205312,0.14285714285714285,0.7,0.024,0.08080808080808081,0.8,0.025,0.050505050505050504,1.0,0.027,0.10204081632653061,0.5,0.022,0.06060606060606061,0.6,0.023,0.045454545454545456,0.9,0.026,0.0,0.0,0.017,0.0,0.0,0.017,0.005050505050505051,0.1,0.018,0.14285714285714285,0.7,0.024,0.08080808080808081,0.8,0.025,0.050505050505050504,1.0,0.027,margin
qwen3-8b-base,qwen38-27b,rte,63,16,0.25396825396825395,62,0.16129032258064516,0.8763297872340426,0.6356382978723405,0.5199468085106383,0.8763297872340426,0.6666666666666666,0.125,0.1935483870967742,0.6666666666666666,0.25,0.22580645161290322,0.5384615384615384,0.4375,0.27419354838709675,0.6666666666666666,0.125,0.1935483870967742,0.6666666666666666,0.25,0.22580645161290322,0.46153846153846156,0.375,0.25806451612903225,0.0,0.0,0.16129032258064516,0.3333333333333333,0.125,0.1935483870967742,0.23076923076923078,0.1875,0.20967741935483872,0.6666666666666666,0.125,0.1935483870967742,0.6666666666666666,0.25,0.22580645161290322,0.5384615384615384,0.4375,0.27419354838709675,margin
qwen3-8b-base,qwen38-27b,truthfulqa,277,19,0.06859205776173286,327,0.17737003058103976,0.8268053855569156,0.7243982048143615,0.3735210118319054,0.8268053855569156,0.14285714285714285,0.10526315789473684,0.1834862385321101,0.21428571428571427,0.3157894736842105,0.19571865443425077,0.18181818181818182,0.5263157894736842,0.20795107033639143,0.21428571428571427,0.15789473684210525,0.18654434250764526,0.17857142857142858,0.2631578947368421,0.1926605504587156,0.14545454545454545,0.42105263157894735,0.2018348623853211,0.0,0.0,0.17737003058103976,0.0,0.0,0.17737003058103976,0.01818181818181818,0.05263157894736842,0.18042813455657492,0.14285714285714285,0.10526315789473684,0.1834862385321101,0.21428571428571427,0.3157894736842105,0.19571865443425077,0.18181818181818182,0.5263157894736842,0.20795107033639143,margin
qwen38-27b,gemma4-31b,boolq,729,42,0.05761316872427984,475,0.2673684210526316,0.7383031815346226,0.4577528245650517,0.4757052748319124,0.7383031815346226,0.08333333333333333,0.07142857142857142,0.2736842105263158,0.1232876712328767,0.21428571428571427,0.2863157894736842,0.136986301369863,0.47619047619047616,0.3094736842105263,0.027777777777777776,0.023809523809523808,0.2694736842105263,0.0410958904109589,0.07142857142857142,0.2736842105263158,0.04794520547945205,0.16666666666666666,0.28210526315789475,0.027777777777777776,0.023809523809523808,0.2694736842105263,0.0410958904109589,0.07142857142857142,0.2736842105263158,0.0684931506849315,0.23809523809523808,0.28842105263157897,0.08333333333333333,0.07142857142857142,0.2736842105263158,0.1232876712328767,0.21428571428571427,0.2863157894736842,0.136986301369863,0.47619047619047616,0.3094736842105263,margin
qwen38-27b,gemma4-31b,geometry_of_truth,926,10,0.01079913606911447,1000,0.078,0.9256550218340611,0.879585152838428,0.27117903930131004,0.9256550218340611,0.043478260869565216,0.2,0.08,0.07526881720430108,0.7,0.085,0.05405405405405406,1.0,0.088,0.08695652173913043,0.4,0.082,0.07526881720430108,0.7,0.085,0.04864864864864865,0.9,0.087,0.0,0.0,0.078,0.0,0.0,0.078,0.0,0.0,0.078,0.043478260869565216,0.2,0.08,0.07526881720430108,0.7,0.085,0.05405405405405406,1.0,0.088,margin
qwen38-27b,gemma4-31b,rte,49,11,0.22448979591836735,62,0.45161290322580644,0.8253588516746411,0.5526315789473685,0.8732057416267942,0.8732057416267942,1.0,0.18181818181818182,0.4838709677419355,0.4,0.18181818181818182,0.4838709677419355,0.5,0.45454545454545453,0.532258064516129,0.0,0.0,0.45161290322580644,0.2,0.09090909090909091,0.46774193548387094,0.2,0.18181818181818182,0.4838709677419355,1.0,0.18181818181818182,0.4838709677419355,0.8,0.36363636363636365,0.5161290322580645,0.5,0.45454545454545453,0.532258064516129,1.0,0.18181818181818182,0.4838709677419355,0.8,0.36363636363636365,0.5161290322580645,0.5,0.45454545454545453,0.532258064516129,spread
qwen38-27b,gemma4-31b,truthfulqa,244,15,0.06147540983606557,327,0.25688073394495414,0.8535662299854441,0.7755458515283843,0.5333333333333332,0.8535662299854441,0.16666666666666666,0.13333333333333333,0.26299694189602446,0.2916666666666667,0.4666666666666667,0.2782874617737003,0.1836734693877551,0.6,0.28440366972477066,0.16666666666666666,0.13333333333333333,0.26299694189602446,0.20833333333333334,0.3333333333333333,0.27217125382262997,0.14285714285714285,0.4666666666666667,0.2782874617737003,0.16666666666666666,0.13333333333333333,0.26299694189602446,0.125,0.2,0.26605504587155965,0.10204081632653061,0.3333333333333333,0.27217125382262997,0.16666666666666666,0.13333333333333333,0.26299694189602446,0.2916666666666667,0.4666666666666667,0.2782874617737003,0.1836734693877551,0.6,0.28440366972477066,margin
qwen38-27b,qwen3-32b,boolq,769,44,0.05721716514954486,475,0.10947368421052632,0.8004388714733542,0.48188087774294674,0.5545141065830721,0.8004388714733542,0.21052631578947367,0.18181818181818182,0.12631578947368421,0.22077922077922077,0.38636363636363635,0.14526315789473684,0.18831168831168832,0.6590909090909091,0.1705263157894737,0.02631578947368421,0.022727272727272728,0.11157894736842106,0.1038961038961039,0.18181818181818182,0.12631578947368421,0.07142857142857142,0.25,0.13263157894736843,0.05263157894736842,0.045454545454545456,0.11368421052631579,0.09090909090909091,0.1590909090909091,0.12421052631578948,0.06493506493506493,0.22727272727272727,0.13052631578947368,0.21052631578947367,0.18181818181818182,0.12631578947368421,0.22077922077922077,0.38636363636363635,0.14526315789473684,0.18831168831168832,0.6590909090909091,0.1705263157894737,margin
qwen38-27b,qwen3-32b,geometry_of_truth,991,9,0.009081735620585268,1000,0.012,0.9588142113600362,0.9049558723693143,0.4687712152070604,0.9588142113600362,0.12,0.6666666666666666,0.018,0.0707070707070707,0.7777777777777778,0.019,0.045454545454545456,1.0,0.021,0.06,0.3333333333333333,0.015,0.06060606060606061,0.6666666666666666,0.018,0.04040404040404041,0.8888888888888888,0.02,0.0,0.0,0.012,0.010101010101010102,0.1111111111111111,0.013,0.005050505050505051,0.1111111111111111,0.013,0.12,0.6666666666666666,0.018,0.0707070707070707,0.7777777777777778,0.019,0.045454545454545456,1.0,0.021,margin
qwen38-27b,qwen3-32b,rte,63,16,0.25396825396825395,62,0.11290322580645161,0.9148936170212765,0.6117021276595744,0.5571808510638298,0.9148936170212765,1.0,0.1875,0.16129032258064516,1.0,0.375,0.20967741935483872,0.6923076923076923,0.5625,0.25806451612903225,0.6666666666666666,0.125,0.14516129032258066,0.3333333333333333,0.125,0.14516129032258066,0.38461538461538464,0.3125,0.1935483870967742,0.6666666666666666,0.125,0.14516129032258066,0.6666666666666666,0.25,0.1774193548387097,0.38461538461538464,0.3125,0.1935483870967742,1.0,0.1875,0.16129032258064516,1.0,0.375,0.20967741935483872,0.6923076923076923,0.5625,0.25806451612903225,margin
qwen38-27b,qwen3-32b,truthfulqa,288,12,0.041666666666666664,327,0.1437308868501529,0.8955314009661837,0.6518719806763285,0.4033816425120773,0.8955314009661837,0.2857142857142857,0.3333333333333333,0.1559633027522936,0.20689655172413793,0.5,0.1620795107033639,0.1724137931034483,0.8333333333333334,0.1743119266055046,0.07142857142857142,0.08333333333333333,0.14678899082568808,0.06896551724137931,0.16666666666666666,0.14984709480122324,0.10344827586206896,0.5,0.1620795107033639,0.0,0.0,0.1437308868501529,0.0,0.0,0.1437308868501529,0.0,0.0,0.1437308868501529,0.2857142857142857,0.3333333333333333,0.1559633027522936,0.20689655172413793,0.5,0.1620795107033639,0.1724137931034483,0.8333333333333334,0.1743119266055046,margin
