overseer,target,dataset,n,n_false,auroc_a,auroc_b,gate_a_edge_a,gate_a_edge_b,conf_wrong_a,conf_wrong_b,transfer_a_to_b,gap_a_to_b,transfer_b_to_a,gap_b_to_a,cka,map_r2_a_to_b,map_r2_b_to_a,fa_rate,row2_n,p_overseer,p_target,rho,rho_over_max,fa_independent,frechet_hi,coverage_strong,coverage_target
gemma4-12b,gemma4-12b-base,boolq,1308,475,0.5134453781512605,0.5048360396790296,0.013176784249384732,-0.2844793536804309,0.3516819571865443,0.1491628614916286,0.4944032349782018,0.010432804700827747,0.5017830290010741,0.01166234915018638,0.24890377883917109,0.14803965682290465,0.02154971610028078,0.5178947368421053,246,0.5768421052631579,0.6126315789473684,0.6834904486172338,0.736194858774992,0.3533916897506925,0.5768421052631579,0.1021897810218978,0.15463917525773185
gemma4-12b,gemma4-12b-base,geometry_of_truth,2012,1000,0.5753379446640317,0.6453779644268776,0.08448215963553385,-0.02969913151364767,0.4846077457795432,0.09343936381709742,0.4794752964426877,0.16590266798418984,0.4842114624505929,0.09112648221343878,0.678325340501214,0.7539868546299154,0.5118789902637748,0.135,135,0.562,0.469,-0.5193112981221333,-0.5528381876187776,0.26357800000000003,0.469,0.7121535181236673,0.7121535181236673
gemma4-12b,gemma4-12b-base,imdb,2000,1018,0.5784624218246712,0.5690843833402022,0.0647330677290836,0.12161757080821833,0.49201596806387227,0.4132804757185332,0.5166984102849324,0.05238597305526982,0.5239997759274005,0.05446264589727068,0.12128627268695008,0.014066063078328583,-0.21190165337070943,0.20333988212180745,207,0.3320235756385069,0.2730844793713163,0.536970541888798,0.6176576385950062,0.0906704852922445,0.2730844793713163,0.2553956834532375,0.2553956834532375
gemma4-12b,gemma4-12b-base,rte,111,62,0.43219223173140225,0.4621461487820935,-0.033333333333333215,-0.2312252964426878,0.5535714285714286,0.375,0.44437129690585914,0.017774851876234343,0.5026333113890717,-0.07044107965766949,0.40969370266174676,-0.10615052062166574,0.034791982120931486,0.41935483870967744,26,0.6612903225806451,0.5645161290322581,0.19622565452573867,0.24081632653061225,0.37330905306971907,0.5645161290322581,0.25714285714285723,0.25714285714285723
gemma4-12b,gemma4-12b-base,truthfulqa,654,327,0.6217770670257834,0.723704514210364,0.15104166666666663,0.07541276215975001,0.46646341463414637,0.43902439024390244,0.6917300264661598,0.031974487744204194,0.5684332594525339,0.053343807573249524,0.2547353547450995,-0.032111711459395176,-0.12805691644767703,0.1620795107033639,53,0.43730886850152906,0.29357798165137616,0.1491577163018628,0.20397418478260873,0.12838425497292597,0.29357798165137616,0.44791666666666674,0.44791666666666674
gemma4-12b,gemma4-31b,boolq,1308,475,0.5134453781512605,0.7995526631705313,0.013176784249384732,0.12751625078632833,0.3516819571865443,0.21712538226299694,0.49424401339483165,0.30530864977569966,0.5056422569027611,0.007803121248499356,0.34076471150734966,0.06519846773809534,0.09113913065351831,0.15578947368421053,74,0.5768421052631579,0.29473684210526313,-0.06316046241361115,-0.08368091762252346,0.17001662049861496,0.29473684210526313,0.4714285714285713,0.4714285714285713
gemma4-12b,gemma4-31b,geometry_of_truth,2012,1000,0.5753379446640317,0.8037203557312252,0.08448215963553385,0.33904961329867467,0.4846077457795432,0.4393638170974155,0.5741333992094861,0.2295869565217391,0.5202786561264822,0.05505928853754949,0.6839208686255855,0.6908836591738003,0.5395153578762035,0.08,80,0.562,0.304,-0.39807852198691174,-0.5317475182618467,0.170848,0.304,0.736842105263158,0.736842105263158
gemma4-12b,gemma4-31b,rte,111,62,0.43219223173140225,0.5944700460829493,-0.033333333333333215,-0.04193548387096768,0.5535714285714286,0.4107142857142857,0.5042791310072415,0.09019091507570776,0.48156682027649766,-0.04937458854509541,0.5501687064093311,-0.04897912330315357,0.12965839532122636,0.43548387096774194,27,0.6612903225806451,0.5806451612903226,0.2205594601819287,0.261904761904762,0.3839750260145682,0.5806451612903226,0.25,0.25
gemma4-12b,gemma4-31b,truthfulqa,654,327,0.6217770670257834,0.7301012821591897,0.15104166666666663,0.42488403411641473,0.46646341463414637,0.5443425076452599,0.6927868024577056,0.03731447970148405,0.6214684510282524,0.0003086159975309588,0.300474846143909,-0.05620795126002265,-0.03684572217459481,0.13761467889908258,45,0.43730886850152906,0.26299694189602446,0.10350038690169781,0.15274266936299288,0.11501089507991284,0.26299694189602446,0.4767441860465116,0.4767441860465116
gemma4-12b,qwen3-32b,boolq,1308,475,0.5134453781512605,0.6312377582611992,0.013176784249384732,-0.27943983380611415,0.3516819571865443,0.05963302752293578,0.49101408984646494,0.14022366841473427,0.49868705376887595,0.014758324382384502,0.49132561500993915,0.014977259474182825,-0.019096777274868026,0.48,228,0.5768421052631579,0.5810526315789474,0.5941204454940212,0.599273740967612,0.3351756232686981,0.5768421052631579,0.16788321167883224,0.17391304347826086
gemma4-12b,qwen3-32b,geometry_of_truth,2012,1000,0.5753379446640317,0.9611828063241106,0.08448215963553385,-0.013644376826293714,0.4846077457795432,0.020874751491053677,0.6367025691699605,0.3244802371541501,0.5384110671936759,0.03692687747035572,0.2496512719775624,0.6806661267665948,0.551165341408561,0.09,90,0.562,0.201,-0.11548699504255269,-0.20327189674403778,0.11296200000000002,0.201,0.5522388059701493,0.5522388059701493
gemma4-12b,qwen3-32b,imdb,2000,1018,0.5784624218246712,0.8695417315210128,0.0647330677290836,-0.05213758847198524,0.49201596806387227,0.016966067864271458,0.5543676151072947,0.31517411641371806,0.5095240858038004,0.06893833602087085,0.262497816967752,-0.03728573134596491,-0.305475614859245,0.10805500982318271,110,0.3320235756385069,0.12868369351669942,0.4142773926297283,0.76001347103727,0.04272602004778429,0.12868369351669942,0.16030534351145043,0.16030534351145043
gemma4-12b,qwen3-32b,rte,111,62,0.43219223173140225,0.5289664252797894,-0.033333333333333215,-0.2006756756756758,0.5535714285714286,0.15789473684210525,0.5447662936142198,-0.015799868334430367,0.500329163923634,-0.06813693219223177,0.5657122184641293,-0.16593708796084816,0.06650840080198461,0.3870967741935484,24,0.6612903225806451,0.5,0.23855936180684895,0.3333333333333333,0.33064516129032256,0.5,0.22580645161290325,0.22580645161290325
gemma4-12b,qwen3-32b,truthfulqa,654,327,0.6217770670257834,0.7778058337775533,0.15104166666666663,-0.10575121768452611,0.46646341463414637,0.22935779816513763,0.6990152344078782,0.07879059936967514,0.5966575952267392,0.02511947179904417,0.14619108484658153,-0.14457086765396499,-0.11234815645587659,0.0764525993883792,25,0.43730886850152906,0.14067278287461774,0.08659561683312694,0.1886814744801512,0.06151745550786036,0.14067278287461774,0.4565217391304348,0.4565217391304348
gemma4-12b,qwen38-27b,boolq,1308,475,0.5134453781512605,0.8424666708788777,0.013176784249384732,0.21423259964306962,0.3516819571865443,0.1173780487804878,0.48930814431035574,0.353158526568522,0.5049295507676754,0.008515827383585028,0.3301847357891309,0.02982284283164849,0.010504443178863676,0.1726315789473684,82,0.5768421052631579,0.2905263157894737,0.02248611659836322,0.04102675030643879,0.16758781163434905,0.2905263157894737,0.4057971014492754,0.4057971014492754
gemma4-12b,qwen38-27b,geometry_of_truth,2012,1000,0.5753379446640317,0.9875118577075098,0.08448215963553385,0.3147378663003664,0.4846077457795432,0.09542743538767395,0.6914446640316205,0.2960671936758893,0.5898290513833991,-0.014491106719367486,0.6744670707950003,0.6710183412734042,0.5305378409511767,0.049,49,0.562,0.071,0.0714009003385351,0.2925590070100971,0.039902,0.071,0.3098591549295774,0.3098591549295774
gemma4-12b,qwen38-27b,rte,111,62,0.43219223173140225,0.8113890717577354,-0.033333333333333215,0.3122605363984675,0.5535714285714286,0.44642857142857145,0.8209348255431205,-0.009545753785385025,0.4733377221856484,-0.04114549045424615,0.5239157342292949,-0.10204600196855718,0.09296517633175172,0.2903225806451613,18,0.6612903225806451,0.4032258064516129,0.10196918548247157,0.17333333333333328,0.26664932362122784,0.4032258064516129,0.2799999999999999,0.2799999999999999
gemma4-12b,qwen38-27b,truthfulqa,654,327,0.6217770670257834,0.7713623058291016,0.15104166666666663,0.2761403640176765,0.46646341463414637,0.4923547400611621,0.6878676504970587,0.08349465533204292,0.5863142833094858,0.03546278371629763,0.26408284980808133,-0.09915136894148913,-0.11614261026104589,0.1437308868501529,47,0.43730886850152906,0.25688073394495414,0.14485437985517086,0.21719720496894399,0.11233622310131022,0.25688073394495414,0.4404761904761906,0.4404761904761906
gemma4-12b-base,gemma4-12b,boolq,1308,475,0.5048360396790296,0.5134453781512605,-0.2844793536804309,0.013176784249384732,0.1491628614916286,0.3516819571865443,0.5017830290010741,0.01166234915018638,0.4944032349782018,0.010432804700827747,0.2489037788391708,0.02154971610028078,0.14803965682290465,0.5178947368421053,246,0.6126315789473684,0.5768421052631579,0.6834904486172338,0.736194858774992,0.3533916897506925,0.5768421052631579,0.1021897810218978,0.1021897810218978
gemma4-12b-base,gemma4-12b,geometry_of_truth,2012,1000,0.6453779644268776,0.5753379446640317,-0.02969913151364767,0.08448215963553385,0.09343936381709742,0.4846077457795432,0.4842114624505929,0.09112648221343878,0.4794752964426877,0.16590266798418984,0.6783253405012146,0.5118789902637748,0.7539868546299154,0.135,135,0.469,0.562,-0.5193112981221333,-0.5528381876187776,0.26357800000000003,0.469,0.7121535181236673,0.7597864768683273
gemma4-12b-base,gemma4-12b,imdb,2000,1018,0.5690843833402022,0.5784624218246712,0.12161757080821833,0.0647330677290836,0.4132804757185332,0.49201596806387227,0.5239997759274005,0.05446264589727068,0.5166984102849324,0.05238597305526982,0.12128627268694979,-0.21190165337070943,0.014066063078328583,0.20333988212180745,207,0.2730844793713163,0.3320235756385069,0.536970541888798,0.6176576385950062,0.0906704852922445,0.2730844793713163,0.2553956834532375,0.3875739644970414
gemma4-12b-base,gemma4-12b,rte,111,62,0.4621461487820935,0.43219223173140225,-0.2312252964426878,-0.033333333333333215,0.375,0.5535714285714286,0.5026333113890717,-0.07044107965766949,0.44437129690585914,0.017774851876234343,0.4096937026617472,0.034791982120931486,-0.10615052062166574,0.41935483870967744,26,0.5645161290322581,0.6612903225806451,0.19622565452573865,0.24081632653061222,0.37330905306971907,0.5645161290322581,0.25714285714285723,0.36585365853658536
gemma4-12b-base,gemma4-12b,truthfulqa,654,327,0.723704514210364,0.6217770670257834,0.07541276215975001,0.15104166666666663,0.43902439024390244,0.46646341463414637,0.5684332594525339,0.053343807573249524,0.6917300264661598,0.031974487744204194,0.2547353547450996,-0.12805691644767703,-0.032111711459395176,0.1620795107033639,53,0.29357798165137616,0.43730886850152906,0.14915771630186284,0.20397418478260876,0.12838425497292597,0.29357798165137616,0.44791666666666674,0.6293706293706294
gemma4-12b-base,gemma4-31b,boolq,1308,475,0.5048360396790296,0.7995526631705313,-0.2844793536804309,0.12751625078632833,0.1491628614916286,0.21712538226299694,0.500031591584002,0.2995210715865293,0.5180059392177924,-0.013169899538762797,0.5112221530988131,0.17697539013489982,0.40276272500890165,0.15157894736842106,72,0.6126315789473684,0.29473684210526313,-0.13050763539510882,-0.16053019145802644,0.18056509695290857,0.29473684210526313,0.48571428571428565,0.48571428571428565
gemma4-12b-base,gemma4-31b,geometry_of_truth,2012,1000,0.6453779644268776,0.8037203557312252,-0.02969913151364767,0.33904961329867467,0.09343936381709742,0.4393638170974155,0.6025918972332016,0.20112845849802363,0.654259881422925,-0.008881916996047456,0.8792644561769526,0.7613286225806815,0.8633081305961212,0.254,254,0.469,0.304,0.4854043361475963,0.6902567152344136,0.14257599999999998,0.304,0.16447368421052633,0.16447368421052633
gemma4-12b-base,gemma4-31b,rte,111,62,0.4621461487820935,0.5944700460829493,-0.2312252964426878,-0.04193548387096768,0.375,0.4107142857142857,0.45292955892034237,0.14154048716260692,0.4700460829493087,-0.007899934167215239,0.6278051386674209,0.07605738982942778,0.10728720092464339,0.46774193548387094,29,0.5645161290322581,0.5806451612903226,0.5720426989789065,0.5912087912087913,0.3277835587929241,0.5645161290322581,0.1714285714285716,0.19444444444444453
gemma4-12b-base,gemma4-31b,truthfulqa,654,327,0.723704514210364,0.7301012821591897,0.07541276215975001,0.42488403411641473,0.43902439024390244,0.5443425076452599,0.7221801382225588,0.007921143936630903,0.7125475782996193,0.011156935910744625,0.5561458039159513,0.15290316209998167,0.33514369892996043,0.15902140672782875,52,0.29357798165137616,0.26299694189602446,0.4080462781915554,0.4403503473270916,0.07721011138231912,0.26299694189602446,0.39534883720930236,0.39534883720930236
gemma4-12b-base,qwen3-32b,boolq,1308,475,0.5048360396790296,0.6312377582611992,-0.2844793536804309,-0.27943983380611415,0.1491628614916286,0.05963302752293578,0.4970645100145321,0.1341732482466671,0.49817906109812343,0.006656978580906137,0.23793596329072664,0.44554470378344424,0.5627228784106215,0.5305263157894737,252,0.6126315789473684,0.5810526315789474,0.7262453045496521,0.7755198487712665,0.35597119113573406,0.5810526315789474,0.08695652173913038,0.08695652173913038
gemma4-12b-base,qwen3-32b,geometry_of_truth,2012,1000,0.6453779644268776,0.9611828063241106,-0.02969913151364767,-0.013644376826293714,0.09343936381709742,0.020874751491053677,0.6818478260869565,0.2793349802371541,0.6778339920948617,-0.032456027667984166,0.3224827093046489,0.8547049299925862,0.9109869213828445,0.148,148,0.469,0.201,0.2686704007597506,0.5034244971001866,0.094269,0.201,0.2636815920398011,0.2636815920398011
gemma4-12b-base,qwen3-32b,imdb,2000,1018,0.5690843833402022,0.8695417315210128,0.12161757080821833,-0.05213758847198524,0.4132804757185332,0.016966067864271458,0.5582018574017982,0.3113398741192146,0.5229744437197652,0.04610993962043697,0.2789084119378902,0.5634429127039298,0.6083005403966685,0.10510805500982318,107,0.2730844793713163,0.12868369351669942,0.46897555983627826,0.7479678151433877,0.035141519447585895,0.12868369351669942,0.1832061068702291,0.1832061068702291
gemma4-12b-base,qwen3-32b,rte,111,62,0.4621461487820935,0.5289664252797894,-0.2312252964426878,-0.2006756756756758,0.375,0.15789473684210525,0.4723502304147465,0.056616194865042935,0.4710335747202107,-0.0088874259381172,0.48497404636323915,0.16353652413116637,0.28167823685005466,0.4838709677419355,30,0.5645161290322581,0.5,0.8132500607904444,0.9259259259259262,0.28225806451612906,0.5,0.032258064516129004,0.032258064516129004
gemma4-12b-base,qwen3-32b,truthfulqa,654,327,0.723704514210364,0.7778058337775533,0.07541276215975001,-0.10575121768452611,0.43902439024390244,0.22935779816513763,0.7304098981567209,0.04739593562083244,0.7338327301293381,-0.01012821591897417,0.45012605576355086,0.3341859591835238,0.48899054659928753,0.10397553516819572,34,0.29357798165137616,0.14067278287461774,0.39585008382350856,0.6307171089779786,0.04129843166961255,0.14067278287461774,0.26086956521739135,0.26086956521739135
gemma4-12b-base,qwen38-27b,boolq,1308,475,0.5048360396790296,0.8424666708788777,-0.2844793536804309,0.21423259964306962,0.1491628614916286,0.1173780487804878,0.499516016933089,0.3429506539457887,0.5160270423959058,-0.01119100271687623,0.7113488372290775,0.4685291511218891,0.6008068239866273,0.2063157894736842,98,0.6126315789473684,0.2905263157894737,0.12809343342675808,0.2517328292375551,0.17798559556786703,0.2905263157894737,0.2898550724637682,0.2898550724637682
gemma4-12b-base,qwen38-27b,geometry_of_truth,2012,1000,0.6453779644268776,0.9875118577075098,-0.02969913151364767,0.3147378663003664,0.09343936381709742,0.09542743538767395,0.671540513833992,0.3159713438735178,0.7669743083003953,-0.1215963438735177,0.9708456561670422,0.8729378225088175,0.911696961018064,0.033,33,0.469,0.071,-0.0023329233775170747,-0.008979248626084915,0.033298999999999995,0.071,0.5352112676056338,0.5352112676056338
gemma4-12b-base,qwen38-27b,rte,111,62,0.4621461487820935,0.8113890717577354,-0.2312252964426878,0.3122605363984675,0.375,0.44642857142857145,0.49539170506912444,0.315997366688611,0.4726793943383805,-0.01053324555628704,0.8377420101362307,0.23337756992523573,0.30417589516087085,0.3709677419354839,23,0.5645161290322581,0.4032258064516129,0.5893385201392246,0.8162962962962964,0.22762747138397504,0.4032258064516129,0.07999999999999996,0.07999999999999996
gemma4-12b-base,qwen38-27b,truthfulqa,654,327,0.723704514210364,0.7713623058291016,0.07541276215975001,0.2761403640176765,0.43902439024390244,0.4923547400611621,0.6960693544314451,0.07529295139765646,0.6891208184870334,0.03458369572333053,0.8070132713696907,0.37280174545797684,0.4949639544240859,0.1559633027522936,51,0.29357798165137616,0.25688073394495414,0.4048275506990459,0.44387755102040805,0.07541452739668379,0.25688073394495414,0.3928571428571429,0.3928571428571429
gemma4-31b,qwen3-32b,boolq,1308,475,0.7995526631705313,0.6312377582611992,0.12751625078632833,-0.27943983380611415,0.21712538226299694,0.05963302752293578,0.5748404625007897,0.05639729576040953,0.5338371137928856,0.26571554937764574,0.4013497689445358,0.22675951437001562,0.13290520186779597,0.16,76,0.29473684210526313,0.5810526315789474,-0.0500456363705474,-0.06573498964803315,0.17125761772853185,0.29473684210526313,0.4571428571428571,0.7246376811594203
gemma4-31b,qwen3-32b,geometry_of_truth,2012,1000,0.8037203557312252,0.9611828063241106,0.33904961329867467,-0.013644376826293714,0.4393638170974155,0.020874751491053677,0.7647766798418972,0.19640612648221334,0.8476679841897232,-0.04394762845849798,0.3240727930152937,0.807502810767482,0.779226878895453,0.099,99,0.304,0.201,0.20557984853240252,0.27088694458740764,0.061104000000000006,0.201,0.5074626865671642,0.5074626865671642
gemma4-31b,qwen3-32b,rte,111,62,0.5944700460829493,0.5289664252797894,-0.04193548387096768,-0.2006756756756758,0.4107142857142857,0.15789473684210525,0.4878209348255431,0.041145490454246314,0.46148782093482554,0.13298222514812374,0.6601252336515753,-0.007149571590541193,0.09972198431312607,0.43548387096774194,27,0.5806451612903226,0.5,0.588348405414552,0.6923076923076923,0.2903225806451613,0.5,0.12903225806451613,0.12903225806451613
gemma4-31b,qwen3-32b,truthfulqa,654,327,0.7301012821591897,0.7778058337775533,0.42488403411641473,-0.10575121768452611,0.5443425076452599,0.22935779816513763,0.7223578262211374,0.05544800755641588,0.7337579141299366,-0.0036566319707469486,0.4238758201529855,0.1688138456639341,0.14403784083982918,0.10397553516819572,34,0.26299694189602446,0.14067278287461774,0.43756693210158376,0.6460400505141619,0.03699651170402791,0.14067278287461774,0.26086956521739135,0.26086956521739135
llama-8b,gemma4-12b,boolq,1308,475,0.8280229986731534,0.5134453781512605,0.014222158438576438,0.013176784249384732,0.13302752293577982,0.3516819571865443,0.5097693814367852,0.0036759967144752714,0.4639843305743351,0.36403866809881835,0.5001906301776168,0.011422465419808736,0.10578232911135277,0.15368421052631578,73,0.28210526315789475,0.5768421052631579,-0.04068554200114795,-0.055588844100664565,0.1627301939058172,0.28210526315789475,0.455223880597015,0.7335766423357665
llama-8b,gemma4-12b,geometry_of_truth,2012,1000,0.9801857707509882,0.5753379446640317,-0.0027256972449364314,0.08448215963553385,0.006958250497017893,0.4846077457795432,0.6031837944664031,-0.02784584980237148,0.6557628458498024,0.32442292490118585,0.34699728508389,0.5344471074894275,0.7248496893066012,0.082,82,0.124,0.562,0.07529402226736377,0.22669023420238624,0.069688,0.124,0.33870967741935476,0.8540925266903915
llama-8b,gemma4-12b,imdb,2000,1018,0.9661470316382509,0.5784624218246712,0.002588286717032595,0.0647330677290836,0.019,0.49201596806387227,0.4998749594868737,0.07858746233779751,0.6162496648914249,0.34989736674682603,0.2617987982362402,-0.22828270232611625,-0.02096212643883555,0.047151277013752456,48,0.13064833005893908,0.3320235756385069,0.02377204233834309,0.043233082706766915,0.04337832569736877,0.13064833005893908,0.6390977443609023,0.8579881656804733
llama-8b,gemma4-12b,rte,111,62,0.7873601053324556,0.43219223173140225,-0.01976284584980237,-0.033333333333333215,0.21428571428571427,0.5535714285714286,0.489137590520079,-0.056945358788676737,0.7225148123765635,0.06484529295589214,0.5944407574435967,0.058063788789783244,-0.14225741428505012,0.3225806451612903,20,0.45161290322580644,0.6612903225806451,0.10161732948750947,0.15646258503401358,0.29864724245577523,0.45161290322580644,0.2857142857142857,0.5121951219512195
llama-8b,gemma4-12b,truthfulqa,654,327,0.8660887130712903,0.6217770670257834,0.2070038618724459,0.15104166666666663,0.3780487804878049,0.46646341463414637,0.596844635225243,0.02493243180054039,0.7613743699090052,0.10471434316228512,0.15681460210071718,-0.12206570263696381,-0.07942354722133382,0.09480122324159021,31,0.16819571865443425,0.43730886850152906,0.11451584974381317,0.22450592885375495,0.07355347941157217,0.16819571865443425,0.4363636363636364,0.7832167832167832
llama-8b,gemma4-12b-base,boolq,1308,475,0.8280229986731534,0.5048360396790296,0.014222158438576438,-0.2844793536804309,0.13302752293577982,0.1491628614916286,0.509546976685411,-0.004710937006381477,0.48232008592910847,0.34570291274404497,0.35088069262189786,0.6012011604625527,0.6031651266449864,0.16842105263157894,80,0.28210526315789475,0.6126315789473684,-0.02009561907077695,-0.02549110119505564,0.17282659279778395,0.28210526315789475,0.4029850746268657,0.7250859106529209
llama-8b,gemma4-12b-base,geometry_of_truth,2012,1000,0.9801857707509882,0.6453779644268776,-0.0027256972449364314,-0.02969913151364767,0.006958250497017893,0.09343936381709742,0.7443270750988142,-0.09894911067193668,0.6603636363636365,0.31982213438735174,0.4643446651701497,0.9088201412451072,0.9025637757127424,0.047,47,0.124,0.469,-0.06782845550519871,-0.19182887406286536,0.058156,0.124,0.6209677419354839,0.8997867803837953
llama-8b,gemma4-12b-base,imdb,2000,1018,0.9661470316382509,0.5690843833402022,0.002588286717032595,0.12161757080821833,0.019,0.4132804757185332,0.5263775463250093,0.042706837015192844,0.5935062960399169,0.372640735598334,0.5386739455466509,0.6607650325459923,0.6532090290069352,0.02848722986247544,29,0.13064833005893908,0.2730844793713163,-0.04788915042887081,-0.2015470330502517,0.03567803119487727,0.13064833005893908,0.7819548872180451,0.89568345323741
llama-8b,gemma4-12b-base,rte,111,62,0.7873601053324556,0.4621461487820935,-0.01976284584980237,-0.2312252964426878,0.21428571428571427,0.375,0.4684002633311389,-0.0062541145490453975,0.47728768926925613,0.31007241606319946,0.5436347233102513,0.30373885834032366,0.2524412764181869,0.3225806451612903,20,0.45161290322580644,0.5645161290322581,0.2741188931433629,0.34391534391534406,0.25494276795005205,0.45161290322580644,0.2857142857142857,0.4285714285714286
llama-8b,gemma4-12b-base,truthfulqa,654,327,0.8660887130712903,0.723704514210364,0.2070038618724459,0.07541276215975001,0.3780487804878049,0.43902439024390244,0.7477765620177876,-0.02407204780742367,0.7623750339009998,0.10371367917029051,0.4876509077901386,0.5004854704110036,0.47480124453216865,0.10397553516819572,34,0.16819571865443425,0.29357798165137616,0.3205211464146775,0.45950413223140507,0.04937855960497153,0.16819571865443425,0.38181818181818183,0.6458333333333334
llama-8b,gemma4-31b,boolq,1308,475,0.8280229986731534,0.7995526631705313,0.014222158438576438,0.12751625078632833,0.13302752293577982,0.21712538226299694,0.6712529222215202,0.1282997409490111,0.7001048840588867,0.12791811461426672,0.4741956286002476,0.16374131985456752,0.37370844523361635,0.13263157894736843,63,0.28210526315789475,0.29473684210526313,0.24118079221647387,0.2487190911116061,0.08314681440443213,0.28210526315789475,0.5298507462686567,0.5499999999999999
llama-8b,gemma4-31b,geometry_of_truth,2012,1000,0.9801857707509882,0.8037203557312252,-0.0027256972449364314,0.33904961329867467,0.006958250497017893,0.4393638170974155,0.8681343873517786,-0.06441403162055337,0.881350790513834,0.0988349802371542,0.44333927090887576,0.7657513135092159,0.8571908307650575,0.022,22,0.124,0.304,-0.10353440279675301,-0.4163837011884549,0.037696,0.124,0.8225806451612904,0.9276315789473684
llama-8b,gemma4-31b,rte,111,62,0.7873601053324556,0.5944700460829493,-0.01976284584980237,-0.04193548387096768,0.21428571428571427,0.4107142857142857,0.5260039499670837,0.06846609611586563,0.6405529953917051,0.14680710994075052,0.7007957363398882,0.08009849501468447,0.04900126550047568,0.3709677419354839,23,0.45161290322580644,0.5806451612903226,0.4428125115075525,0.5741758241758244,0.26222684703433924,0.45161290322580644,0.1785714285714285,0.36111111111111116
llama-8b,gemma4-31b,truthfulqa,654,327,0.8660887130712903,0.7301012821591897,0.2070038618724459,0.42488403411641473,0.3780487804878049,0.5443425076452599,0.7587932179296542,-0.028691935770464472,0.7532007219743941,0.11288799109689618,0.4451901988091162,0.1510840319991783,0.29715235798113726,0.08868501529051988,29,0.16819571865443425,0.26299694189602446,0.2699257213287286,0.35858166729536023,0.04423495964612032,0.16819571865443425,0.4727272727272728,0.6627906976744187
llama-8b,qwen3-32b,boolq,1308,475,0.8280229986731534,0.6312377582611992,0.014222158438576438,-0.27943983380611415,0.13302752293577982,0.05963302752293578,0.5505654893536361,0.08067226890756307,0.521296518607443,0.30672648006571046,0.972512575988773,0.48510969435058793,0.603923685046551,0.1957894736842105,93,0.28210526315789475,0.5810526315789474,0.14354187697643178,0.26966924173104323,0.16391800554016622,0.28210526315789475,0.30597014925373145,0.6630434782608696
llama-8b,qwen3-32b,geometry_of_truth,2012,1000,0.9801857707509882,0.9611828063241106,-0.0027256972449364314,-0.013644376826293714,0.006958250497017893,0.020874751491053677,0.9377005928853757,0.02348221343873491,0.9891175889328063,-0.008931818181818096,0.9846675955261851,0.8748296000698927,0.9215052931243775,0.063,63,0.124,0.201,0.2882816533233194,0.38431103395373256,0.024924,0.124,0.49193548387096775,0.6865671641791045
llama-8b,qwen3-32b,imdb,2000,1018,0.9661470316382509,0.8695417315210128,0.002588286717032595,-0.05213758847198524,0.019,0.016966067864271458,0.7283129734033827,0.14122875811763003,0.8337881473597446,0.13235888427850628,0.9097902632176972,0.5757737811309466,0.6125599778930971,0.03929273084479371,40,0.13064833005893908,0.12868369351669942,0.19920722518688755,0.20094880752145614,0.016812309663773107,0.12868369351669942,0.6946564885496184,0.6946564885496184
llama-8b,qwen3-32b,rte,111,62,0.7873601053324556,0.5289664252797894,-0.01976284584980237,-0.2006756756756758,0.21428571428571427,0.15789473684210525,0.49670836076366026,0.03225806451612917,0.49605003291639244,0.29131007241606316,0.9895846564757246,0.2014973130793879,0.2712250966219607,0.3064516129032258,19,0.45161290322580644,0.5,0.3241018617760822,0.3571428571428571,0.22580645161290322,0.45161290322580644,0.3214285714285714,0.3870967741935484
llama-8b,qwen3-32b,truthfulqa,654,327,0.8660887130712903,0.7778058337775533,0.2070038618724459,-0.10575121768452611,0.3780487804878049,0.22935779816513763,0.7959580656323355,-0.018152231854782208,0.786587361707301,0.07950135136398928,0.9920327407260974,0.37323406393512115,0.4977221527872433,0.07033639143730887,23,0.16819571865443425,0.14067278287461774,0.35891342010422433,0.3988970588235295,0.02366055981071552,0.14067278287461774,0.5,0.5
llama-8b,qwen3-8b,boolq,1308,475,0.8280229986731534,0.74031212484994,0.014222158438576438,-0.0687305205377493,0.13302752293577982,0.11297709923664122,0.586499020660896,0.15381310418904404,0.5717141593479497,0.25630883932520376,0.8817154292293489,0.5132132618659542,0.5745335578421993,0.1726315789473684,82,0.28210526315789475,0.4926315789473684,0.14959757518199224,0.23515204062674178,0.13897396121883657,0.28210526315789475,0.3880597014925373,0.6495726495726496
llama-8b,qwen3-8b,geometry_of_truth,2012,1000,0.9801857707509882,0.9774990118577075,-0.0027256972449364314,0.10643821391484964,0.006958250497017893,0.042743538767395624,0.9398824110671937,0.037616600790513766,0.9884090909090909,-0.008223320158102676,0.9893350023807344,0.8642341374341694,0.9097258865879094,0.092,92,0.124,0.141,0.6496515816470039,0.6995756506064817,0.017484,0.124,0.25806451612903225,0.34751773049645385
llama-8b,qwen3-8b,imdb,2000,1018,0.9661470316382509,0.836039876920122,0.002588286717032595,-0.1490104516569567,0.019,0.101,0.6746986023471604,0.16134127457296166,0.7882073791908577,0.17793965244739318,0.9209668371905425,0.6020333814599745,0.6051064145802829,0.03143418467583497,32,0.13064833005893908,0.137524557956778,0.1160251742029096,0.11951290527000878,0.01796735383914683,0.13064833005893908,0.7593984962406015,0.7714285714285715
llama-8b,qwen3-8b,rte,111,62,0.7873601053324556,0.6283739302172482,-0.01976284584980237,-0.39455782312925175,0.21428571428571427,0.25,0.5562870309414089,0.07208689927583933,0.5368663594470047,0.2504937458854509,0.9357393547876279,0.24207051094647747,0.25141530395936595,0.2903225806451613,18,0.45161290322580644,0.4838709677419355,0.28870545602072445,0.3080357142857143,0.21852237252861603,0.45161290322580644,0.3571428571428571,0.4
llama-8b,qwen3-8b,truthfulqa,654,327,0.8660887130712903,0.7912446576700427,0.2070038618724459,0.18309631544925664,0.3780487804878049,0.345565749235474,0.812754257497966,-0.02150959982792333,0.7832019377343846,0.0828867753369057,0.9923505310570284,0.40456360187052176,0.4703435108305868,0.07951070336391437,26,0.16819571865443425,0.13149847094801223,0.4540429416404653,0.5247093023255812,0.02211747982306016,0.13149847094801223,0.39534883720930236,0.39534883720930236
llama-8b,qwen3-8b-base,boolq,1308,475,0.8280229986731534,0.5363442218992861,0.014222158438576438,-0.1606660886918686,0.13302752293577982,0.172782874617737,0.5274505591710368,0.008893662728249319,0.4947747520060656,0.33324824666708786,0.8278175263631011,0.5159331933419427,0.5846237531700981,0.1726315789473684,82,0.28210526315789475,0.6147368421052631,-0.003602246624229533,-0.004549171948476781,0.17342049861495845,0.28210526315789475,0.3880597014925373,0.7191780821917808
llama-8b,qwen3-8b-base,geometry_of_truth,2012,1000,0.9801857707509882,0.9428824110671936,-0.0027256972449364314,0.07492889633233901,0.006958250497017893,0.11232604373757456,0.8640632411067195,0.07881916996047411,0.9507282608695653,0.029457509881422927,0.9903841032340652,0.872617346799718,0.9118995309292224,0.108,108,0.124,0.186,0.6623083556666145,0.8414837124514545,0.023064,0.124,0.12903225806451613,0.4193548387096774
llama-8b,qwen3-8b-base,imdb,2000,1018,0.9661470316382509,0.6701891412817753,0.002588286717032595,-0.17595715615517593,0.019,0.091,0.5499301773774703,0.12025896390430502,0.660377962459837,0.30576906917841384,0.9245922144202279,0.628258512852013,0.6296405204036597,0.02455795677799607,25,0.13064833005893908,0.17976424361493124,0.008284147453426094,0.010004052046283372,0.02348589823259907,0.13064833005893908,0.8120300751879699,0.8633879781420766
llama-8b,qwen3-8b-base,rte,111,62,0.7873601053324556,0.48847926267281105,-0.01976284584980237,-0.5021739130434782,0.21428571428571427,0.17857142857142858,0.4792626728110599,0.009216589861751168,0.4779460171165241,0.30941408821593147,0.9831765561294682,0.2457130809064767,0.258184493020044,0.27419354838709675,17,0.45161290322580644,0.5,0.1944611170656493,0.21428571428571427,0.22580645161290322,0.45161290322580644,0.3928571428571429,0.4516129032258065
llama-8b,qwen3-8b-base,truthfulqa,654,327,0.8660887130712903,0.7149042822807659,0.2070038618724459,0.1707685252417166,0.3780487804878049,0.4115853658536585,0.7545006499639948,-0.03959636768322894,0.7213571622291428,0.1447315508421475,0.9728425489013695,0.4167860601353405,0.4742438372774126,0.1162079510703364,38,0.16819571865443425,0.3302752293577982,0.3448079038807416,0.5384806973848069,0.055550879555592965,0.16819571865443425,0.3090909090909091,0.6481481481481481
llama-8b,qwen38-27b,boolq,1308,475,0.8280229986731534,0.8424666708788777,0.014222158438576438,0.21423259964306962,0.13302752293577982,0.1173780487804878,0.6133973589435774,0.22906931193530033,0.7749895747772794,0.053033423895874066,0.5646223253994976,0.4599598395107085,0.5955534979117421,0.14736842105263157,70,0.28210526315789475,0.2905263157894737,0.32014256756827947,0.32680809601842414,0.08195900277008311,0.28210526315789475,0.4776119402985075,0.4927536231884059
llama-8b,qwen38-27b,geometry_of_truth,2012,1000,0.9801857707509882,0.9875118577075098,-0.0027256972449364314,0.3147378663003664,0.006958250497017893,0.09542743538767395,0.9730543478260869,0.014457509881422914,0.9895760869565218,-0.009390316205533544,0.5764643188559863,0.8828469240789933,0.9164047345428306,0.062,62,0.124,0.071,0.6284620392980649,0.8552961605247925,0.008804,0.071,0.12676056338028163,0.12676056338028163
llama-8b,qwen38-27b,rte,111,62,0.7873601053324556,0.8113890717577354,-0.01976284584980237,0.3122605363984675,0.21428571428571427,0.44642857142857145,0.7343647136273864,0.07702435813034902,0.6254114549045424,0.16194865042791318,0.7634944233056401,0.23936951511985527,0.25966691716808143,0.2903225806451613,18,0.45161290322580644,0.4032258064516129,0.4433063885932764,0.48941176470588243,0.18210197710718,0.4032258064516129,0.2799999999999999,0.2799999999999999
llama-8b,qwen38-27b,truthfulqa,654,327,0.8660887130712903,0.7713623058291016,0.2070038618724459,0.2761403640176765,0.3780487804878049,0.4923547400611621,0.7961264016309888,-0.02476409580188721,0.7754678337962573,0.09062087927503304,0.5682937163301951,0.3818883719364312,0.476361295050306,0.1162079510703364,38,0.16819571865443425,0.25688073394495414,0.44670413266794534,0.5840628507295174,0.04320623965435009,0.16819571865443425,0.3090909090909091,0.5476190476190477
olmo3-7b,gemma4-12b,boolq,1308,475,0.6546787135906994,0.5134453781512605,0.00725854236618606,0.013176784249384732,0.24770642201834864,0.3516819571865443,0.4982397169394074,0.015205661211853072,0.4925810324129652,0.1620976811777342,0.31033726110266613,0.0429439248015443,0.08105970904073567,0.44842105263157894,213,0.5452631578947369,0.5768421052631579,0.5442347662001253,0.5802839086421175,0.31453074792243774,0.5452631578947369,0.1776061776061777,0.22262773722627738
olmo3-7b,gemma4-12b,geometry_of_truth,2012,1000,0.9307776679841897,0.5753379446640317,0.0006718500797446847,0.08448215963553385,0.019880715705765408,0.4846077457795432,0.5607243083003953,0.014613636363636329,0.6477638339920949,0.2830138339920948,0.6965175889322306,0.5520158083545543,0.7096091534369636,0.177,177,0.241,0.562,0.19584839484972957,0.39369825119839336,0.135442,0.241,0.2655601659751038,0.6850533807829182
olmo3-7b,gemma4-12b,imdb,2000,1018,0.9329492755652832,0.5784624218246712,0.05050351204128434,0.0647330677290836,0.128,0.49201596806387227,0.5100672617928208,0.06839516003185042,0.529846670321184,0.40310260524409913,0.11157820324205049,-0.22531994032643987,-0.050250153282111354,0.068762278978389,70,0.10805500982318271,0.3320235756385069,0.22493006707722674,0.45561497326203193,0.03587681072714711,0.10805500982318271,0.36363636363636354,0.7928994082840236
olmo3-7b,gemma4-12b,rte,111,62,0.772547728768927,0.43219223173140225,0.01023391812865504,-0.033333333333333215,0.25,0.5535714285714286,0.5085582620144833,-0.07636603028308103,0.7455562870309415,0.02699144173798551,0.5064115518518598,0.1341016646855051,-0.13446450632661144,0.3387096774193548,21,0.4838709677419355,0.6612903225806451,0.07919455160226818,0.11428571428571424,0.31997918834547345,0.4838709677419355,0.30000000000000004,0.4878048780487805
olmo3-7b,gemma4-12b,truthfulqa,654,327,0.7667330658661355,0.6217770670257834,0.22931318270237916,0.15104166666666663,0.5045871559633027,0.46646341463414637,0.5765788513873692,0.045198215638414196,0.7257619541939042,0.04097111167223133,0.2888361434214789,-0.06479061702099331,-0.09226133399102299,0.11009174311926606,36,0.16819571865443425,0.43730886850152906,0.19692492295293923,0.3860671936758892,0.07355347941157217,0.16819571865443425,0.34545454545454546,0.7482517482517482
olmo3-7b,gemma4-12b-base,boolq,1308,475,0.6546787135906994,0.5048360396790296,0.00725854236618606,-0.2844793536804309,0.24770642201834864,0.1491628614916286,0.5004283818790674,0.004407657799962217,0.49689770645100145,0.15778100713969795,0.723380141922057,0.5511574301058375,0.4870895095538863,0.5073684210526316,241,0.5452631578947369,0.6126315789473684,0.7145148056053743,0.8205892227631356,0.3340454293628809,0.5452631578947369,0.06949806949806958,0.17182130584192434
olmo3-7b,gemma4-12b-base,geometry_of_truth,2012,1000,0.9307776679841897,0.6453779644268776,0.0006718500797446847,-0.02969913151364767,0.019880715705765408,0.09343936381709742,0.7453646245059289,-0.09998666007905133,0.6450088932806324,0.2857687747035573,0.9711911944347776,0.8943236249935703,0.839025856342019,0.059,59,0.241,0.469,-0.2531417850891368,-0.47801006821258263,0.11302899999999999,0.241,0.7551867219917012,0.8742004264392325
olmo3-7b,gemma4-12b-base,imdb,2000,1018,0.9329492755652832,0.5690843833402022,0.05050351204128434,0.12161757080821833,0.128,0.4132804757185332,0.5424387501550502,0.026645633185152007,0.5786284756261029,0.3543207999391803,0.7804269204613112,0.5818507696672376,0.5127659313295997,0.05992141453831041,61,0.10805500982318271,0.2730844793713163,0.21987767017055057,0.3871990171990171,0.029508146101026318,0.10805500982318271,0.44545454545454544,0.7805755395683454
olmo3-7b,gemma4-12b-base,rte,111,62,0.772547728768927,0.4621461487820935,0.01023391812865504,-0.2312252964426878,0.25,0.375,0.4707044107965767,-0.008558262014483231,0.4799210006583279,0.2926267281105991,0.815858894378336,0.2741662259416162,0.1693508679836161,0.3870967741935484,24,0.4838709677419355,0.5645161290322581,0.4598567754945598,0.5407407407407409,0.2731529656607701,0.4838709677419355,0.20000000000000007,0.3142857142857144
olmo3-7b,gemma4-12b-base,truthfulqa,654,327,0.7667330658661355,0.723704514210364,0.22931318270237916,0.07541276215975001,0.5045871559633027,0.43902439024390244,0.7047199543622403,0.01898455984812364,0.720412610236699,0.04632045562943654,0.7541093716618611,0.47481519466394784,0.3484744451728826,0.12844036697247707,42,0.16819571865443425,0.29357798165137616,0.46414624388312486,0.6654073199527745,0.04937855960497153,0.16819571865443425,0.23636363636363633,0.5625
olmo3-7b,gemma4-31b,boolq,1308,475,0.6546787135906994,0.7995526631705313,0.00725854236618606,0.12751625078632833,0.24770642201834864,0.21712538226299694,0.5458419157136538,0.2537107474568775,0.568047008276995,0.08663170531370445,0.5516537746105392,0.1717162180139704,0.31872254132946887,0.14947368421052631,71,0.5452631578947369,0.29473684210526313,-0.04948969584205549,-0.06991174848317706,0.16070914127423822,0.29473684210526313,0.49285714285714277,0.49285714285714277
olmo3-7b,gemma4-31b,geometry_of_truth,2012,1000,0.9307776679841897,0.8037203557312252,0.0006718500797446847,0.33904961329867467,0.019880715705765408,0.4393638170974155,0.8057628458498025,-0.002042490118577267,0.7813211462450593,0.14945652173913038,0.9262512663826545,0.7773216095661332,0.8178768749744955,0.039,39,0.241,0.304,-0.1741675491353541,-0.46767853243066176,0.073264,0.241,0.8381742738589212,0.8717105263157895
olmo3-7b,gemma4-31b,rte,111,62,0.772547728768927,0.5944700460829493,0.01023391812865504,-0.04193548387096768,0.25,0.4107142857142857,0.49144173798551677,0.10302830809743252,0.618828176431863,0.1537195523370639,0.7234412398417208,0.11804527317714009,0.031831169960086725,0.43548387096774194,27,0.4838709677419355,0.5806451612903226,0.6266324833830188,0.7615384615384618,0.28095733610822066,0.4838709677419355,0.09999999999999998,0.25
olmo3-7b,gemma4-31b,truthfulqa,654,327,0.7667330658661355,0.7301012821591897,0.22931318270237916,0.42488403411641473,0.5045871559633027,0.5443425076452599,0.7335428181316574,-0.0034415359724677685,0.7203377942372977,0.04639527162883783,0.6077977008790174,0.18832152410554526,0.23114628740946108,0.1162079510703364,38,0.16819571865443425,0.26299694189602446,0.437060456836923,0.5806110901546585,0.04423495964612032,0.16819571865443425,0.3090909090909091,0.5581395348837209
olmo3-7b,llama-8b,boolq,1308,475,0.6546787135906994,0.8280229986731534,0.00725854236618606,0.014222158438576438,0.24770642201834864,0.13302752293577982,0.5328868389461048,0.29513615972704865,0.5574827825867188,0.0971959310039806,0.5139158972631537,0.5757236375636869,0.5178408338383133,0.16421052631578947,78,0.5452631578947369,0.28210526315789475,0.04636083624451296,0.08098396904367054,0.15382160664819947,0.28210526315789475,0.417910447761194,0.417910447761194
olmo3-7b,llama-8b,geometry_of_truth,2012,1000,0.9307776679841897,0.9801857707509882,0.0006718500797446847,-0.0027256972449364314,0.019880715705765408,0.006958250497017893,0.963602766798419,0.016583003952569175,0.9379525691699605,-0.007174901185770799,0.5258458172249993,0.9068840014534946,0.8654727964319998,0.115,115,0.241,0.124,0.6038358601343606,0.9043733265332141,0.029883999999999997,0.124,0.07258064516129026,0.07258064516129026
olmo3-7b,llama-8b,imdb,2000,1018,0.9329492755652832,0.9661470316382509,0.05050351204128434,0.002588286717032595,0.128,0.019,0.8892241086111901,0.07692292302706083,0.8550340310260524,0.07791524453923082,0.5470657489002195,0.5817169276958305,0.5235422277520383,0.0618860510805501,63,0.10805500982318271,0.13064833005893908,0.45656600257749524,0.5085156651258348,0.014117206587901079,0.10805500982318271,0.42727272727272725,0.5263157894736842
olmo3-7b,llama-8b,rte,111,62,0.772547728768927,0.7873601053324556,0.01023391812865504,-0.01976284584980237,0.25,0.21428571428571427,0.6129032258064516,0.17445687952600397,0.6721527320605662,0.10039499670836072,0.6212010754251398,0.24219652854368023,0.18548448004369922,0.3225806451612903,20,0.4838709677419355,0.45161290322580644,0.41841370437786146,0.4464285714285714,0.21852237252861603,0.45161290322580644,0.2857142857142857,0.2857142857142857
olmo3-7b,llama-8b,truthfulqa,654,327,0.7667330658661355,0.8660887130712903,0.22931318270237916,0.2070038618724459,0.5045871559633027,0.3780487804878049,0.7702681218378551,0.09582059123343523,0.80406624956747,-0.03733318370133443,0.4331994685003859,0.47840198284399205,0.38311402096894775,0.08868501529051988,29,0.16819571865443425,0.16819571865443425,0.43168449197860953,0.43168449197860953,0.028289799773681602,0.16819571865443425,0.4727272727272728,0.4727272727272728
olmo3-7b,qwen3-32b,boolq,1308,475,0.6546787135906994,0.6312377582611992,0.00725854236618606,-0.27943983380611415,0.24770642201834864,0.05963302752293578,0.5075503885764832,0.12368736968471605,0.5095242307449296,0.14515448284576982,0.36393498112257716,0.4078278620751349,0.4713968324542066,0.47789473684210526,227,0.5452631578947369,0.5810526315789474,0.6556001387629786,0.7050891523253332,0.31682659279778397,0.5452631578947369,0.12355212355212364,0.17753623188405798
olmo3-7b,qwen3-32b,geometry_of_truth,2012,1000,0.9307776679841897,0.9611828063241106,0.0006718500797446847,-0.013644376826293714,0.019880715705765408,0.020874751491053677,0.9362628458498025,0.02491996047430811,0.9515108695652174,-0.02073320158102765,0.39075385154417946,0.8650455012182897,0.8744065116675181,0.08,80,0.241,0.201,0.18412908957642365,0.20686422957675388,0.048441,0.201,0.6019900497512438,0.6019900497512438
olmo3-7b,qwen3-32b,imdb,2000,1018,0.9329492755652832,0.8695417315210128,0.05050351204128434,-0.05213758847198524,0.128,0.016966067864271458,0.6739973751495484,0.1955443563714644,0.7038500474153626,0.22909922814992056,0.2385951871311284,0.48833435748977416,0.4640774213472397,0.06974459724950884,71,0.10805500982318271,0.12868369351669942,0.5371576290166724,0.5930921389771445,0.01390491776703039,0.10805500982318271,0.3545454545454546,0.4580152671755726
olmo3-7b,qwen3-32b,rte,111,62,0.772547728768927,0.5289664252797894,0.01023391812865504,-0.2006756756756758,0.25,0.15789473684210525,0.4881500987491771,0.040816326530612346,0.49769585253456217,0.2748518762343648,0.550640423188999,0.16827844072196796,0.18278197811943142,0.3870967741935484,24,0.4838709677419355,0.5,0.5809475019311124,0.5999999999999999,0.24193548387096775,0.4838709677419355,0.20000000000000007,0.22580645161290325
olmo3-7b,qwen3-32b,truthfulqa,654,327,0.7667330658661355,0.7778058337775533,0.22931318270237916,-0.10575121768452611,0.5045871559633027,0.22935779816513763,0.7387612340899101,0.03904459968764318,0.7314666741482666,0.03526639171786894,0.39044397971760486,0.3364273011795552,0.36544086173870294,0.08868501529051988,29,0.16819571865443425,0.14067278287461774,0.5000050110167643,0.5557065217391303,0.02366055981071552,0.14067278287461774,0.3695652173913043,0.3695652173913043
olmo3-7b,qwen3-8b,boolq,1308,475,0.6546787135906994,0.74031212484994,0.00725854236618606,-0.0687305205377493,0.24770642201834864,0.11297709923664122,0.5163404309092058,0.22397169394073424,0.5296316421305365,0.12504707146016292,0.326456554278755,0.48956461670055973,0.48516462703440855,0.42947368421052634,204,0.5452631578947369,0.4926315789473684,0.6461623171772307,0.7180674264007599,0.2686138504155125,0.4926315789473684,0.1282051282051282,0.1282051282051282
olmo3-7b,qwen3-8b,geometry_of_truth,2012,1000,0.9307776679841897,0.9774990118577075,0.0006718500797446847,0.10643821391484964,0.019880715705765408,0.042743538767395624,0.936147233201581,0.04135177865612649,0.9672737154150197,-0.036496047430830014,0.4057478780536579,0.8580090733407001,0.8599858136588581,0.109,109,0.241,0.141,0.5040060193355257,0.7009876750857325,0.033981,0.141,0.22695035460992896,0.22695035460992896
olmo3-7b,qwen3-8b,imdb,2000,1018,0.9329492755652832,0.836039876920122,0.05050351204128434,-0.1490104516569567,0.128,0.101,0.6300751443467684,0.20596473257335368,0.7103651583112928,0.2225841172539904,0.22992030596892588,0.5554947820913835,0.48583290736960905,0.06286836935166994,64,0.10805500982318271,0.137524557956778,0.44901412293544773,0.5151377096707391,0.014860217460948507,0.10805500982318271,0.4181818181818182,0.5428571428571429
olmo3-7b,qwen3-8b,rte,111,62,0.772547728768927,0.6283739302172482,0.01023391812865504,-0.39455782312925175,0.25,0.25,0.5342330480579328,0.09414088215931538,0.5487162606978274,0.22383146807109955,0.5109416743470194,0.24267314686083385,0.19699374520372026,0.3870967741935484,24,0.4838709677419355,0.4838709677419355,0.6124999999999999,0.6124999999999999,0.2341311134235172,0.4838709677419355,0.20000000000000007,0.20000000000000007
olmo3-7b,qwen3-8b,truthfulqa,654,327,0.7667330658661355,0.7912446576700427,0.22931318270237916,0.18309631544925664,0.5045871559633027,0.345565749235474,0.7519475539844195,0.039297103685623225,0.7471686820226506,0.01956438384348491,0.3874869469621612,0.3912098961354653,0.3568482292312152,0.10397553516819572,34,0.16819571865443425,0.13149847094801223,0.64758642140769,0.7483755129958959,0.02211747982306016,0.13149847094801223,0.2093023255813954,0.2093023255813954
olmo3-7b,qwen3-8b-base,boolq,1308,475,0.6546787135906994,0.5363442218992861,0.00725854236618606,-0.1606660886918686,0.24770642201834864,0.172782874617737,0.508687685600556,0.027656536298730106,0.4976432678334492,0.1570354457572502,0.31861429127850843,0.48680661552848603,0.4890007004731285,0.511578947368421,243,0.5452631578947369,0.6147368421052631,0.7278746710917603,0.8396522986686918,0.33519335180055404,0.5452631578947369,0.061776061776061875,0.1678082191780822
olmo3-7b,qwen3-8b-base,geometry_of_truth,2012,1000,0.9307776679841897,0.9428824110671936,0.0006718500797446847,0.07492889633233901,0.019880715705765408,0.11232604373757456,0.8381185770750987,0.10476383399209488,0.904951581027668,0.025826086956521666,0.412966628208648,0.8644254210139096,0.8611682655511708,0.162,162,0.241,0.186,0.704098099402111,0.8299970249479368,0.044826,0.186,0.12903225806451613,0.12903225806451613
olmo3-7b,qwen3-8b-base,imdb,2000,1018,0.9329492755652832,0.6701891412817753,0.05050351204128434,-0.17595715615517593,0.128,0.091,0.5639907329974911,0.10619840828428417,0.6100066421520572,0.32294263341322593,0.25016870388585133,0.579153377506229,0.5107704592352362,0.05697445972495088,58,0.10805500982318271,0.17976424361493124,0.3149907678459147,0.4236690255851931,0.019424427109668404,0.10805500982318271,0.4727272727272728,0.6830601092896175
olmo3-7b,qwen3-8b-base,rte,111,62,0.772547728768927,0.48847926267281105,0.01023391812865504,-0.5021739130434782,0.25,0.17857142857142858,0.47695852534562216,0.01152073732718889,0.48156682027649766,0.2909809084924293,0.5408478531105615,0.24820530505227134,0.20399408529946206,0.3709677419354839,23,0.4838709677419355,0.5,0.5163977794943222,0.5333333333333332,0.24193548387096775,0.4838709677419355,0.2333333333333334,0.25806451612903225
olmo3-7b,qwen3-8b-base,truthfulqa,654,327,0.7667330658661355,0.7149042822807659,0.22931318270237916,0.1707685252417166,0.5045871559633027,0.4115853658536585,0.7293344181653246,-0.01443013588455877,0.6799745625602034,0.08675850330593216,0.3790632870850865,0.40428525433829265,0.3601380403861616,0.11926605504587157,39,0.16819571865443425,0.3302752293577982,0.3621918361300482,0.5656288916562888,0.055550879555592965,0.16819571865443425,0.2909090909090909,0.6388888888888888
olmo3-7b,qwen38-27b,boolq,1308,475,0.6546787135906994,0.8424666708788777,0.00725854236618606,0.21423259964306962,0.24770642201834864,0.1173780487804878,0.5263536993744866,0.3161129715043911,0.6563341125924054,-0.0016553990017059705,0.9367776250658332,0.41498761917270865,0.48767198353452945,0.21473684210526317,102,0.5452631578947369,0.2905263157894737,0.24914143118060972,0.4263285024154589,0.15841329639889198,0.2905263157894737,0.26086956521739124,0.26086956521739124
olmo3-7b,qwen38-27b,geometry_of_truth,2012,1000,0.9307776679841897,0.9875118577075098,0.0006718500797446847,0.3147378663003664,0.019880715705765408,0.09542743538767395,0.9668142292490118,0.020697628458497985,0.9740928853754941,-0.043315217391304395,0.9874236558646127,0.8682246636798642,0.8618798850609631,0.069,69,0.241,0.071,0.4723988813242798,0.9628866744604652,0.017110999999999998,0.071,0.028169014084506894,0.028169014084506894
olmo3-7b,qwen38-27b,rte,111,62,0.772547728768927,0.8113890717577354,0.01023391812865504,0.3122605363984675,0.25,0.44642857142857145,0.6652402896642527,0.1461487820934827,0.6280447662936143,0.1445029624753127,0.9260217362913592,0.23697745588897723,0.19898579355113755,0.3870967741935484,24,0.4838709677419355,0.4032258064516129,0.7831588841594261,0.9224999999999997,0.1951092611862643,0.4032258064516129,0.039999999999999925,0.039999999999999925
olmo3-7b,qwen38-27b,truthfulqa,654,327,0.7667330658661355,0.7713623058291016,0.22931318270237916,0.2761403640176765,0.5045871559633027,0.4923547400611621,0.7239196102086431,0.04744269562045844,0.7339823621281412,0.03275070373799438,0.8917077010015987,0.3609572544018119,0.35460064535734015,0.14067278287461774,46,0.16819571865443425,0.25688073394495414,0.5964066705950969,0.7797979797979797,0.04320623965435009,0.16819571865443425,0.1636363636363637,0.45238095238095244
qwen3-1.7b,gemma4-12b,boolq,1308,475,0.5247564288873444,0.5134453781512605,-0.08875795491317007,0.013176784249384732,0.22324159021406728,0.3516819571865443,0.5029961458267518,0.010449232324508673,0.49722120427118216,0.027535224616162257,0.4873810856485064,0.05161453589419418,0.14993923794910702,0.5221052631578947,248,0.6126315789473684,0.5768421052631579,0.7009846809209941,0.7550380831482066,0.3533916897506925,0.5768421052631579,0.09489051094890522,0.09489051094890522
qwen3-1.7b,gemma4-12b,geometry_of_truth,2012,1000,0.792548418972332,0.5753379446640317,0.05619361222231678,0.08448215963553385,0.24652087475149106,0.4846077457795432,0.510604743083004,0.06473320158102769,0.5102490118577074,0.28229940711462453,0.27333741557613755,0.516678857919711,0.7304126037368928,0.146,146,0.275,0.562,-0.03859451178079313,-0.05532190229699123,0.15455000000000002,0.275,0.4690909090909091,0.7402135231316727
qwen3-1.7b,gemma4-12b,imdb,2000,1018,0.6292618808493952,0.5784624218246712,-0.15868901508212752,0.0647330677290836,0.2057942057942058,0.49201596806387227,0.5220671497565211,0.05639527206815009,0.5013454359212385,0.12791644492815668,0.2682049657042402,-0.09299117605625207,0.051722402538615375,0.1719056974459725,175,0.19842829076620824,0.3320235756385069,0.5644966446659002,0.7998980780430983,0.06588287060803377,0.19842829076620824,0.13366336633663356,0.4822485207100592
qwen3-1.7b,gemma4-12b,rte,111,62,0.4897959183673469,0.43219223173140225,-0.16785206258890467,-0.033333333333333215,0.3392857142857143,0.5535714285714286,0.5032916392363398,-0.07109940750493754,0.4950625411454905,-0.005266622778143548,0.5725045412984635,0.032249335663439904,-0.06428806684959731,0.41935483870967744,26,0.5161290322580645,0.6612903225806451,0.3299772983427842,0.4464285714285715,0.3413111342351717,0.5161290322580645,0.1875,0.36585365853658536
qwen3-1.7b,gemma4-12b,truthfulqa,654,327,0.7437084420503325,0.6217770670257834,0.22841836345611216,0.15104166666666663,0.43119266055045874,0.46646341463414637,0.5997063472023492,0.022070719823434226,0.6836966585304267,0.06001178351990577,0.14526230304208398,-0.16629816362850391,-0.048545477997439246,0.1162079510703364,38,0.1834862385321101,0.43730886850152906,0.18732730872645328,0.3483695652173911,0.08024015935807872,0.1834862385321101,0.3666666666666667,0.7342657342657343
qwen3-1.7b,gemma4-12b-base,boolq,1308,475,0.5247564288873444,0.5048360396790296,-0.08875795491317007,-0.2844793536804309,0.22324159021406728,0.1491628614916286,0.49734251595374995,0.007493523725279616,0.4996373286156568,0.025119100271687622,0.24032546944933886,0.4913671253172265,0.5299211831887419,0.5894736842105263,280,0.6126315789473684,0.6126315789473684,0.9024167040191244,0.9024167040191242,0.3753174515235457,0.6126315789473684,0.037800687285223455,0.037800687285223455
qwen3-1.7b,gemma4-12b-base,geometry_of_truth,2012,1000,0.792548418972332,0.6453779644268776,0.05619361222231678,-0.02969913151364767,0.24652087475149106,0.09343936381709742,0.6038359683794465,0.04154199604743103,0.5241314229249012,0.26841699604743074,0.3604977001972374,0.8774301978569476,0.8599369746366063,0.143,143,0.275,0.469,0.06294102886542988,0.09604519774011294,0.128975,0.275,0.4800000000000001,0.6950959488272921
qwen3-1.7b,gemma4-12b-base,imdb,2000,1018,0.6292618808493952,0.5690843833402022,-0.15868901508212752,0.12161757080821833,0.2057942057942058,0.4132804757185332,0.5171775655312321,0.05190681780897011,0.5216390110395769,0.10762286980981828,0.2978771425580105,0.5293322753814009,0.5565074607191851,0.17583497053045186,179,0.19842829076620824,0.2730844793713163,0.6846032416407548,0.8433636606903931,0.05418768647643015,0.19842829076620824,0.11386138613861385,0.35611510791366907
qwen3-1.7b,gemma4-12b-base,rte,111,62,0.4897959183673469,0.4621461487820935,-0.16785206258890467,-0.2312252964426878,0.3392857142857143,0.375,0.4700460829493088,-0.007899934167215295,0.4766293614219882,0.013166556945358732,0.4762468434928061,0.2254277624389529,0.24863447672638883,0.5161290322580645,32,0.5161290322580645,0.5645161290322581,0.9071147352221453,1.0,0.29136316337148804,0.5161290322580645,0.0,0.08571428571428585
qwen3-1.7b,gemma4-12b-base,truthfulqa,654,327,0.7437084420503325,0.723704514210364,0.22841836345611216,0.07541276215975001,0.43119266055045874,0.43902439024390244,0.6909912184720703,0.032713295738293624,0.7243965622048274,0.019311879845505087,0.44829717071747543,0.3971782673192008,0.4189379548315244,0.13761467889908258,45,0.1834862385321101,0.29357798165137616,0.47510842073661175,0.6461038961038961,0.05386751956905985,0.1834862385321101,0.25,0.53125
qwen3-1.7b,gemma4-31b,boolq,1308,475,0.5247564288873444,0.7995526631705313,-0.08875795491317007,0.12751625078632833,0.22324159021406728,0.21712538226299694,0.5041915713653883,0.29536109180514303,0.5206621596006824,0.004094269286662011,0.41647004414479105,0.17893880177091936,0.39077721076734784,0.15368421052631578,73,0.6126315789473684,0.29473684210526313,-0.12102886982742127,-0.14887088856161018,0.18056509695290857,0.29473684210526313,0.47857142857142854,0.47857142857142854
qwen3-1.7b,gemma4-31b,geometry_of_truth,2012,1000,0.792548418972332,0.8037203557312252,0.05619361222231678,0.33904961329867467,0.24652087475149106,0.4393638170974155,0.753691699604743,0.05002865612648222,0.6079812252964427,0.18456719367588925,0.3464699164400846,0.7476611492088407,0.8358793347253095,0.085,85,0.275,0.304,0.006816340453576436,0.0073145245559038605,0.08360000000000001,0.275,0.6909090909090909,0.7203947368421053
qwen3-1.7b,gemma4-31b,rte,111,62,0.4897959183673469,0.5944700460829493,-0.16785206258890467,-0.04193548387096768,0.3392857142857143,0.4107142857142857,0.4591836734693877,0.13528637261356158,0.4904542462146148,-0.0006583278472678811,0.6593592943279575,0.07977455464399463,0.12655426342639686,0.45161290322580644,28,0.5161290322580645,0.5806451612903226,0.6160831149758971,0.7019230769230768,0.29968782518210196,0.5161290322580645,0.125,0.22222222222222232
qwen3-1.7b,gemma4-31b,truthfulqa,654,327,0.7437084420503325,0.7301012821591897,0.22841836345611216,0.42488403411641473,0.43119266055045874,0.5443425076452599,0.724059890207521,0.00604139195166864,0.7276136501790907,0.016094791871241743,0.42394033435295886,0.10011767635329516,0.29551392517599695,0.13149847094801223,43,0.1834862385321101,0.26299694189602446,0.4884833870203199,0.6155601659751038,0.048256319613949446,0.1834862385321101,0.28333333333333344,0.5
qwen3-1.7b,llama-8b,boolq,1308,475,0.5247564288873444,0.8280229986731534,-0.08875795491317007,0.014222158438576438,0.22324159021406728,0.13302752293577982,0.4848019207683073,0.34322107790484613,0.509468629557086,0.015287799330258367,0.9792098485116029,0.4822543063236211,0.5345930937193644,0.17684210526315788,84,0.6126315789473684,0.28210526315789475,0.018316530058474757,0.03674561972744969,0.17282659279778395,0.28210526315789475,0.37313432835820903,0.37313432835820903
qwen3-1.7b,llama-8b,geometry_of_truth,2012,1000,0.792548418972332,0.9801857707509882,0.05619361222231678,-0.0027256972449364314,0.24652087475149106,0.006958250497017893,0.8608073122529645,0.11937845849802375,0.6944486166007905,0.09809980237154148,0.9919376052258793,0.8826132984410809,0.8811099546714432,0.094,94,0.275,0.124,0.40703202121606835,0.6662958843159067,0.034100000000000005,0.124,0.24193548387096775,0.24193548387096775
qwen3-1.7b,llama-8b,imdb,2000,1018,0.6292618808493952,0.9661470316382509,-0.15868901508212752,0.002588286717032595,0.2057942057942058,0.019,0.6281195107214739,0.338027520916777,0.5135824006978261,0.11567948015156904,0.9283614931568607,0.5100636071704087,0.5467586553687382,0.026522593320235755,27,0.19842829076620824,0.13064833005893908,0.004451162705673695,0.0057128114403655825,0.025924324825054707,0.13064833005893908,0.7969924812030075,0.7969924812030075
qwen3-1.7b,llama-8b,rte,111,62,0.4897959183673469,0.7873601053324556,-0.16785206258890467,-0.01976284584980237,0.3392857142857143,0.21428571428571427,0.4776168531928901,0.3097432521395655,0.48452929558920343,0.005266622778143493,0.9905234229706158,0.1861941114441893,0.2610122156055974,0.27419354838709675,17,0.5161290322580645,0.45161290322580644,0.1652734132292553,0.18809523809523807,0.2330905306971904,0.45161290322580644,0.3928571428571429,0.3928571428571429
qwen3-1.7b,llama-8b,truthfulqa,654,327,0.7437084420503325,0.8660887130712903,0.22841836345611216,0.2070038618724459,0.43119266055045874,0.3780487804878049,0.7491980660064155,0.11689064706487484,0.7530510899755913,-0.009342647925258851,0.9924348428895645,0.38333659442100243,0.4274188792676171,0.09174311926605505,30,0.1834862385321101,0.16819571865443425,0.4205173664604144,0.4433094994892746,0.030861599753107205,0.16819571865443425,0.4545454545454545,0.4545454545454545
qwen3-1.7b,olmo3-7b,boolq,1308,475,0.5247564288873444,0.6546787135906994,-0.08875795491317007,0.00725854236618606,0.22324159021406728,0.24770642201834864,0.49619510962279645,0.15848360396790295,0.5059733367031023,0.018783092184242123,0.3782306747372304,0.43276400022262407,0.5386378022916587,0.5010526315789474,238,0.6126315789473684,0.5452631578947369,0.6884782997498111,0.7906874265569918,0.3340454293628809,0.5452631578947369,0.08108108108108103,0.08108108108108103
qwen3-1.7b,olmo3-7b,geometry_of_truth,2012,1000,0.792548418972332,0.9307776679841897,0.05619361222231678,0.0006718500797446847,0.24652087475149106,0.019880715705765408,0.8282697628458499,0.10250790513833985,0.7078735177865614,0.08467490118577059,0.424648222809835,0.8376641875325892,0.8833621588915631,0.132,132,0.275,0.241,0.34416431281885945,0.37616254113607106,0.066275,0.241,0.4522821576763485,0.4522821576763485
qwen3-1.7b,olmo3-7b,imdb,2000,1018,0.6292618808493952,0.9329492755652832,-0.15868901508212752,0.05050351204128434,0.2057942057942058,0.128,0.5559741356199408,0.3769751399453424,0.5214779588586702,0.10778392199072495,0.2516917382007499,0.43945627164569956,0.5223444621111482,0.05795677799607073,59,0.19842829076620824,0.10805500982318271,0.2949266721606036,0.4215909090909089,0.021441170907939986,0.10805500982318271,0.4636363636363636,0.4636363636363636
qwen3-1.7b,olmo3-7b,rte,111,62,0.4897959183673469,0.772547728768927,-0.16785206258890467,0.01023391812865504,0.3392857142857143,0.25,0.48090849242922973,0.29163923633969724,0.48321263989466756,0.006583278472679366,0.547757122803489,0.1403774621669157,0.2690623330991577,0.3709677419354839,23,0.5161290322580645,0.4838709677419355,0.48541666666666655,0.5177777777777776,0.2497398543184183,0.4838709677419355,0.2333333333333334,0.2333333333333334
qwen3-1.7b,olmo3-7b,truthfulqa,654,327,0.7437084420503325,0.7667330658661355,0.22841836345611216,0.22931318270237916,0.43119266055045874,0.5045871559633027,0.722947002216424,0.04378606364971149,0.7212355862301153,0.022472855820217186,0.39079473016103394,0.28653237539629306,0.4298951442675393,0.12538226299694188,41,0.1834862385321101,0.16819571865443425,0.6528677454401551,0.688253319713994,0.030861599753107205,0.16819571865443425,0.25454545454545463,0.25454545454545463
qwen3-1.7b,qwen3-32b,boolq,1308,475,0.5247564288873444,0.6312377582611992,-0.08875795491317007,-0.27943983380611415,0.22324159021406728,0.05963302752293578,0.5009869210842232,0.13025083717697605,0.5107702028179694,0.013986226069375052,0.9907147631411121,0.33728799305159984,0.5155030956064304,0.5368421052631579,255,0.6126315789473684,0.5810526315789474,0.7525224617450424,0.8035798676748581,0.35597119113573406,0.5810526315789474,0.07608695652173914,0.07608695652173914
qwen3-1.7b,qwen3-32b,geometry_of_truth,2012,1000,0.792548418972332,0.9611828063241106,0.05619361222231678,-0.013644376826293714,0.24652087475149106,0.020874751491053677,0.8326343873517787,0.12854841897233182,0.6256175889328063,0.1669308300395257,0.9963229523897124,0.8360759509939223,0.8920876610155156,0.106,106,0.275,0.201,0.28347534148693304,0.34808715045462335,0.055275000000000005,0.201,0.4726368159203981,0.4726368159203981
qwen3-1.7b,qwen3-32b,imdb,2000,1018,0.6292618808493952,0.8695417315210128,-0.15868901508212752,-0.05213758847198524,0.2057942057942058,0.016966067864271458,0.5480975836170919,0.32144414790392084,0.5218950940104593,0.10736678683893586,0.9784700449769721,0.4678544000349779,0.5280082839134154,0.10412573673870335,106,0.19842829076620824,0.12868369351669942,0.5885068715336522,0.7619181260290376,0.025534485354001258,0.12868369351669942,0.19083969465648853,0.19083969465648853
qwen3-1.7b,qwen3-32b,rte,111,62,0.4897959183673469,0.5289664252797894,-0.16785206258890467,-0.2006756756756758,0.3392857142857143,0.15789473684210525,0.47267939433838047,0.056287030941408966,0.478604344963792,0.011191573403554922,0.995268308213333,0.11316210597416432,0.2581512558432979,0.46774193548387094,29,0.5161290322580645,0.5,0.8391463916782735,0.8666666666666665,0.25806451612903225,0.5,0.06451612903225812,0.06451612903225812
qwen3-1.7b,qwen3-32b,truthfulqa,654,327,0.7437084420503325,0.7778058337775533,0.22841836345611216,-0.10575121768452611,0.43119266055045874,0.22935779816513763,0.7251914821984682,0.05261435157908512,0.7274079061807368,0.016300535869595678,0.9979261427898211,0.24207715494919457,0.42325754053246734,0.10703363914373089,35,0.1834862385321101,0.14067278287461774,0.6035406011626202,0.7071323888617489,0.025811519793507844,0.14067278287461774,0.23913043478260865,0.23913043478260865
qwen3-1.7b,qwen3-8b,boolq,1308,475,0.5247564288873444,0.74031212484994,-0.08875795491317007,-0.0687305205377493,0.22324159021406728,0.11297709923664122,0.5017931383079548,0.23851898654198522,0.5128552473621028,0.011901181525241666,0.8941338730983296,0.4449785637573158,0.5499596006783211,0.44842105263157894,213,0.6126315789473684,0.4926315789473684,0.6020142526907013,0.7683249721293202,0.3018016620498615,0.4926315789473684,0.08974358974358976,0.08974358974358976
qwen3-1.7b,qwen3-8b,geometry_of_truth,2012,1000,0.792548418972332,0.9774990118577075,0.05619361222231678,0.10643821391484964,0.24652087475149106,0.042743538767395624,0.8428468379446639,0.13465217391304363,0.652251976284585,0.140296442687747,0.9995737000128886,0.8381937793857333,0.8847826237810974,0.096,96,0.275,0.141,0.3682513205536177,0.5597945707997065,0.038775,0.141,0.31914893617021267,0.31914893617021267
qwen3-1.7b,qwen3-8b,imdb,2000,1018,0.6292618808493952,0.836039876920122,-0.15868901508212752,-0.1490104516569567,0.2057942057942058,0.101,0.5293815196123544,0.3066583573077677,0.5579267682729204,0.07133511257647474,0.9985119160437601,0.5518978015596129,0.5752645408606205,0.1237721021611002,126,0.19842829076620824,0.137524557956778,0.7024506871012853,0.8752450980392154,0.027288762973741804,0.137524557956778,0.10000000000000009,0.10000000000000009
qwen3-1.7b,qwen3-8b,rte,111,62,0.4897959183673469,0.6283739302172482,-0.16785206258890467,-0.39455782312925175,0.3392857142857143,0.25,0.48057932850559576,0.14779460171165243,0.4838709677419355,0.005924950625411429,0.9405986148947649,0.21634399081418576,0.29484384994695567,0.43548387096774194,27,0.5161290322580645,0.4838709677419355,0.7437499999999998,0.793333333333333,0.2497398543184183,0.4838709677419355,0.09999999999999998,0.09999999999999998
qwen3-1.7b,qwen3-8b,truthfulqa,654,327,0.7437084420503325,0.7912446576700427,0.22841836345611216,0.18309631544925664,0.43119266055045874,0.345565749235474,0.7407906180736751,0.05045403959636763,0.730166746158666,0.013541695891666539,0.9997494285402976,0.32380029248568665,0.43188700247138545,0.11926605504587157,39,0.1834862385321101,0.13149847094801223,0.7273180920865917,0.8860726417559442,0.024128159806974723,0.13149847094801223,0.09302325581395343,0.09302325581395343
qwen3-1.7b,qwen3-8b-base,boolq,1308,475,0.5247564288873444,0.5363442218992861,-0.08875795491317007,-0.1606660886918686,0.22324159021406728,0.172782874617737,0.5006861692045239,0.03565805269476219,0.5003373981171416,0.0244190307702028,0.8306043909326064,0.4270629121723716,0.5397228888284282,0.5852631578947368,278,0.6126315789473684,0.6147368421052631,0.8801275750611894,0.8840440914126904,0.3766072022160665,0.6126315789473684,0.04467353951890041,0.047945205479452024
qwen3-1.7b,qwen3-8b-base,geometry_of_truth,2012,1000,0.792548418972332,0.9428824110671936,0.05619361222231678,0.07492889633233901,0.24652087475149106,0.11232604373757456,0.7041660079051383,0.23871640316205534,0.7159654150197627,0.07658300395256923,0.9997188581069323,0.8437729373613145,0.8852145806845423,0.11,110,0.275,0.186,0.33872124925772545,0.436410826844642,0.05115,0.186,0.4086021505376344,0.4086021505376344
qwen3-1.7b,qwen3-8b-base,imdb,2000,1018,0.6292618808493952,0.6701891412817753,-0.15868901508212752,-0.17595715615517593,0.2057942057942058,0.091,0.5310530611918262,0.13913608008994915,0.5418595624982494,0.08740231835114576,0.9937751190344396,0.5476223960100358,0.5754390428007887,0.17092337917485265,174,0.19842829076620824,0.17976424361493124,0.8831879460835718,0.9386451301832208,0.03567031160139107,0.17976424361493124,0.049180327868852514,0.049180327868852514
qwen3-1.7b,qwen3-8b-base,rte,111,62,0.4897959183673469,0.48847926267281105,-0.16785206258890467,-0.5021739130434782,0.3392857142857143,0.17857142857142858,0.4707044107965767,0.017774851876234343,0.47662936142198814,0.013166556945358787,0.9904768488079271,0.20356998869440934,0.28645991475919796,0.5,31,0.5161290322580645,0.5,0.9682458365518541,0.9999999999999999,0.25806451612903225,0.5,0.0,0.0
qwen3-1.7b,qwen3-8b-base,truthfulqa,654,327,0.7437084420503325,0.7149042822807659,0.22841836345611216,0.1707685252417166,0.43119266055045874,0.4115853658536585,0.7187573062499415,-0.0038530239691756396,0.6490194428078444,0.09468899924248808,0.9740378234130557,0.3313375609500512,0.430919520527309,0.1651376146788991,54,0.1834862385321101,0.3302752293577982,0.5742472369803978,0.850684931506849,0.06060095951519233,0.1834862385321101,0.09999999999999998,0.5
qwen3-1.7b,qwen38-27b,boolq,1308,475,0.5247564288873444,0.8424666708788777,-0.08875795491317007,0.21423259964306962,0.22324159021406728,0.1173780487804878,0.49759019397232573,0.344876476906552,0.5675238516459216,-0.042767422758577145,0.4330997223486357,0.3465425961465727,0.5258653425983228,0.21052631578947367,100,0.6126315789473684,0.2905263157894737,0.14713109953367615,0.28914618777567735,0.17798559556786703,0.2905263157894737,0.2753623188405797,0.2753623188405797
qwen3-1.7b,qwen38-27b,geometry_of_truth,2012,1000,0.792548418972332,0.9875118577075098,0.05619361222231678,0.3147378663003664,0.24652087475149106,0.09542743538767395,0.8656343873517787,0.12187747035573115,0.7829031620553359,0.009645256916996026,0.4792831138552129,0.8463795136795473,0.8816260842296573,0.064,64,0.275,0.071,0.38783194227606865,0.8640116561437591,0.019525,0.071,0.09859154929577452,0.09859154929577452
qwen3-1.7b,qwen38-27b,rte,111,62,0.4897959183673469,0.8113890717577354,-0.16785206258890467,0.3122605363984675,0.3392857142857143,0.44642857142857145,0.5,0.31138907175773545,0.48321263989466756,0.006583278472679366,0.7027752790683134,0.19634691184941444,0.2825673278878509,0.3548387096774194,22,0.5161290322580645,0.4032258064516129,0.5985116675689925,0.752,0.2081165452653486,0.4032258064516129,0.11999999999999988,0.11999999999999988
qwen3-1.7b,qwen38-27b,truthfulqa,654,327,0.7437084420503325,0.7713623058291016,0.22841836345611216,0.2761403640176765,0.43119266055045874,0.4923547400611621,0.7039717943682257,0.06739051146087593,0.7140719542874244,0.02963648776290806,0.5319267342304699,0.2684136088510236,0.41526737819358817,0.15902140672782875,52,0.1834862385321101,0.25688073394495414,0.6616104689894153,0.8205761316872426,0.047134079622927365,0.1834862385321101,0.13333333333333341,0.38095238095238104
qwen3-8b,gemma4-12b,boolq,1308,475,0.74031212484994,0.5134453781512605,-0.0687305205377493,0.013176784249384732,0.11297709923664122,0.3516819571865443,0.5039287293864914,0.009516648764769098,0.48810513679155865,0.2522069880583814,0.4438568546076711,0.0016089128092779958,0.0912926035863667,0.40421052631578946,192,0.4926315789473684,0.5768421052631579,0.48598520154446945,0.5758387549432328,0.2841706371191136,0.4926315789473684,0.17948717948717952,0.2992700729927008
qwen3-8b,gemma4-12b,geometry_of_truth,2012,1000,0.9774990118577075,0.5753379446640317,0.10643821391484964,0.08448215963553385,0.042743538767395624,0.4846077457795432,0.5226343873517787,0.05270355731225296,0.6546482213438735,0.32285079051383403,0.2613577548565985,0.5342601510474246,0.680353155764305,0.08,80,0.141,0.562,0.004389932619377962,0.012273713526992499,0.079242,0.141,0.43262411347517726,0.8576512455516014
qwen3-8b,gemma4-12b,imdb,2000,1018,0.836039876920122,0.5784624218246712,-0.1490104516569567,0.0647330677290836,0.101,0.49201596806387227,0.5181448789407769,0.06031754288389435,0.48308151841196545,0.3529583585081566,0.26636609618696583,-0.24438478920761253,0.018106134166578358,0.1168958742632613,119,0.137524557956778,0.3320235756385069,0.43919938643089096,0.7754411764705884,0.04566139547091451,0.137524557956778,0.15000000000000002,0.6479289940828402
qwen3-8b,gemma4-12b,rte,111,62,0.6283739302172482,0.43219223173140225,-0.39455782312925175,-0.033333333333333215,0.25,0.5535714285714286,0.49572086899275836,-0.0635286372613561,0.6059907834101381,0.022383146807110066,0.5374446240312004,0.07722838615968275,-0.09575643571195203,0.3387096774193548,21,0.4838709677419355,0.6612903225806451,0.07919455160226818,0.11428571428571424,0.31997918834547345,0.4838709677419355,0.30000000000000004,0.4878048780487805
qwen3-8b,gemma4-12b,truthfulqa,654,327,0.7912446576700427,0.6217770670257834,0.18309631544925664,0.15104166666666663,0.345565749235474,0.46646341463414637,0.6017170271862637,0.02006003983951965,0.7067025783463794,0.08454207932366331,0.1443910812605348,-0.1312487816104848,-0.09218977856080923,0.09174311926605505,30,0.13149847094801223,0.43730886850152906,0.20423463842466136,0.4627148634984833,0.05750544753995642,0.13149847094801223,0.3023255813953488,0.7902097902097902
qwen3-8b,gemma4-12b-base,boolq,1308,475,0.74031212484994,0.5048360396790296,-0.0687305205377493,-0.2844793536804309,0.11297709923664122,0.1491628614916286,0.5043331016617173,0.0005029380173122711,0.4993669046565995,0.24094522019334053,0.21745881977524179,0.5738551374284016,0.5126861541013594,0.4421052631578947,210,0.4926315789473684,0.6126315789473684,0.5760818349861504,0.7352285395763659,0.3018016620498615,0.4926315789473684,0.10256410256410264,0.27835051546391754
qwen3-8b,gemma4-12b-base,geometry_of_truth,2012,1000,0.9774990118577075,0.6453779644268776,0.10643821391484964,-0.02969913151364767,0.042743538767395624,0.09343936381709742,0.6806264822134387,-0.03524851778656113,0.6696235177865613,0.3078754940711462,0.3410205910521996,0.901956690224005,0.8474944089836544,0.07,70,0.141,0.469,0.022288628786714913,0.05170226122263625,0.066129,0.141,0.5035460992907801,0.8507462686567164
qwen3-8b,gemma4-12b-base,imdb,2000,1018,0.836039876920122,0.5690843833402022,-0.1490104516569567,0.12161757080821833,0.101,0.4132804757185332,0.5331767492667624,0.035907634073439776,0.5305068842304906,0.3055329926896314,0.2778009866413015,0.6232643288721731,0.6124660369176703,0.12180746561886051,124,0.137524557956778,0.2730844793713163,0.5490658119330795,0.8427799227799226,0.037555822310397134,0.137524557956778,0.11428571428571443,0.5539568345323741
qwen3-8b,gemma4-12b-base,rte,111,62,0.6283739302172482,0.4621461487820935,-0.39455782312925175,-0.2312252964426878,0.25,0.375,0.47300855826201443,-0.010862409479920954,0.47432521395655036,0.15404871626069783,0.43574550635132375,0.29230467352698153,0.23296007447081446,0.46774193548387094,29,0.4838709677419355,0.5645161290322581,0.7853261828080611,0.923456790123457,0.2731529656607701,0.4838709677419355,0.03333333333333344,0.1714285714285716
qwen3-8b,gemma4-12b-base,truthfulqa,654,327,0.7912446576700427,0.723704514210364,0.18309631544925664,0.07541276215975001,0.345565749235474,0.43902439024390244,0.7127346182981231,0.010969895912240846,0.7514051379887587,0.039839519681283964,0.4448428233183793,0.4835961426051937,0.3940576838890496,0.10703363914373089,35,0.13149847094801223,0.29357798165137616,0.444629271833173,0.73663545756569,0.03860505569115956,0.13149847094801223,0.18604651162790697,0.6354166666666667
qwen3-8b,gemma4-31b,boolq,1308,475,0.74031212484994,0.7995526631705313,-0.0687305205377493,0.12751625078632833,0.11297709923664122,0.21712538226299694,0.6032779427560497,0.19627472041448157,0.6394515701017249,0.10086055474821509,0.3580951101621148,0.16085985376976575,0.3243075628202563,0.14526315789473684,69,0.4926315789473684,0.29473684210526313,0.00029166773409149447,0.00044457617071722917,0.145196675900277,0.29473684210526313,0.5071428571428571,0.5071428571428571
qwen3-8b,gemma4-31b,geometry_of_truth,2012,1000,0.9774990118577075,0.8037203557312252,0.10643821391484964,0.33904961329867467,0.042743538767395624,0.4393638170974155,0.8668507905138341,-0.06313043478260882,0.7594496047430831,0.2180494071146244,0.33052045951524167,0.7684905456765863,0.8062367988750131,0.039,39,0.141,0.304,-0.024137348887856538,-0.09014557670772673,0.04286399999999999,0.141,0.7234042553191489,0.8717105263157895
qwen3-8b,gemma4-31b,rte,111,62,0.6283739302172482,0.5944700460829493,-0.39455782312925175,-0.04193548387096768,0.25,0.4107142857142857,0.4749835418038183,0.11948650427913099,0.5457537853851218,0.08262014483212643,0.6215636099058797,0.12031456791754702,0.08650068700177771,0.41935483870967744,26,0.4838709677419355,0.5806451612903226,0.5612263992588654,0.6820512820512824,0.28095733610822066,0.4838709677419355,0.1333333333333333,0.2777777777777778
qwen3-8b,gemma4-31b,truthfulqa,654,327,0.7912446576700427,0.7301012821591897,0.18309631544925664,0.42488403411641473,0.345565749235474,0.5443425076452599,0.7406783940745729,-0.010577111915383242,0.7478981380168148,0.04334651965322789,0.4228046698509678,0.14706907505151878,0.23968525254359996,0.10091743119266056,33,0.13149847094801223,0.26299694189602446,0.44583977936430574,0.6844543085978964,0.034583695723330435,0.13149847094801223,0.2325581395348837,0.6162790697674418
qwen3-8b,llama-8b,boolq,1308,475,0.74031212484994,0.8280229986731534,-0.0687305205377493,0.014222158438576438,0.11297709923664122,0.13302752293577982,0.5717141593479497,0.25630883932520376,0.586499020660896,0.15381310418904404,0.881715429229348,0.5745335578421993,0.5132132618659542,0.1726315789473684,82,0.4926315789473684,0.28210526315789475,0.14959757518199224,0.23515204062674178,0.13897396121883657,0.28210526315789475,0.3880597014925373,0.3880597014925373
qwen3-8b,llama-8b,geometry_of_truth,2012,1000,0.9774990118577075,0.9801857707509882,0.10643821391484964,-0.0027256972449364314,0.042743538767395624,0.006958250497017893,0.9884090909090909,-0.008223320158102676,0.9398824110671937,0.037616600790513766,0.9893350023807204,0.9097258865879094,0.8642341374341694,0.092,92,0.141,0.124,0.6496515816470039,0.6995756506064817,0.017484,0.124,0.25806451612903225,0.25806451612903225
qwen3-8b,llama-8b,imdb,2000,1018,0.836039876920122,0.9661470316382509,-0.1490104516569567,0.002588286717032595,0.101,0.019,0.7882073791908577,0.17793965244739318,0.6746986023471604,0.16134127457296166,0.920966837190548,0.6051064145802829,0.6020333814599745,0.03143418467583497,32,0.137524557956778,0.13064833005893908,0.1160251742029096,0.11951290527000878,0.01796735383914683,0.13064833005893908,0.7593984962406015,0.7593984962406015
qwen3-8b,llama-8b,rte,111,62,0.6283739302172482,0.7873601053324556,-0.39455782312925175,-0.01976284584980237,0.25,0.21428571428571427,0.5368663594470047,0.2504937458854509,0.5562870309414089,0.07208689927583933,0.9357393547876255,0.25141530395936595,0.24207051094647747,0.2903225806451613,18,0.4838709677419355,0.45161290322580644,0.28870545602072445,0.3080357142857143,0.21852237252861603,0.45161290322580644,0.3571428571428571,0.3571428571428571
qwen3-8b,llama-8b,truthfulqa,654,327,0.7912446576700427,0.8660887130712903,0.18309631544925664,0.2070038618724459,0.345565749235474,0.3780487804878049,0.7832019377343846,0.0828867753369057,0.812754257497966,-0.02150959982792333,0.9923505310570219,0.4703435108305868,0.40456360187052176,0.07951070336391437,26,0.13149847094801223,0.16819571865443425,0.4540429416404654,0.5247093023255813,0.02211747982306016,0.13149847094801223,0.39534883720930236,0.5272727272727273
qwen3-8b,qwen3-32b,boolq,1308,475,0.74031212484994,0.6312377582611992,-0.0687305205377493,-0.27943983380611415,0.11297709923664122,0.05963302752293578,0.5294951664876477,0.1017425917735515,0.5178568269413029,0.22245529790863716,0.8955370704421612,0.43766148943052685,0.49586580102713373,0.45263157894736844,215,0.4926315789473684,0.5810526315789474,0.6745409310671145,0.8061890649830351,0.2862448753462604,0.4926315789473684,0.08119658119658113,0.22101449275362317
qwen3-8b,qwen3-32b,geometry_of_truth,2012,1000,0.9774990118577075,0.9611828063241106,0.10643821391484964,-0.013644376826293714,0.042743538767395624,0.020874751491053677,0.9626739130434783,-0.0014911067193676963,0.9621086956521739,0.01539031620553355,0.9978387050885977,0.8710081241786981,0.8752278066378124,0.082,82,0.141,0.201,0.38473794255479327,0.4762957242652607,0.028340999999999998,0.141,0.4184397163120567,0.592039800995025
qwen3-8b,qwen3-32b,imdb,2000,1018,0.836039876920122,0.8695417315210128,-0.1490104516569567,-0.05213758847198524,0.101,0.016966067864271458,0.619058574978293,0.2504831565427198,0.5681450790055979,0.2678947979145242,0.9801525391247541,0.5326813809281239,0.5672171115919851,0.11100196463654224,113,0.137524557956778,0.12868369351669942,0.8090787462232716,0.8406858056999778,0.01769716806712959,0.12868369351669942,0.13740458015267176,0.13740458015267176
qwen3-8b,qwen3-32b,rte,111,62,0.6283739302172482,0.5289664252797894,-0.39455782312925175,-0.2006756756756758,0.25,0.15789473684210525,0.47926267281105994,0.04970375246872949,0.48650427913100724,0.14186965108624094,0.9371943850516167,0.17941006021404304,0.23985359178934118,0.43548387096774194,27,0.4838709677419355,0.5,0.7745966692414832,0.7999999999999998,0.24193548387096775,0.4838709677419355,0.09999999999999998,0.12903225806451613
qwen3-8b,qwen3-32b,truthfulqa,654,327,0.7912446576700427,0.7778058337775533,0.18309631544925664,-0.10575121768452611,0.345565749235474,0.22935779816513763,0.747598874019209,0.03020695975834431,0.7605700979154391,0.030674559754603647,0.9982905640717418,0.34553810682212904,0.4061998717878782,0.08256880733944955,27,0.13149847094801223,0.14067278287461774,0.5452912061346203,0.5669949515848712,0.018498255852013954,0.13149847094801223,0.37209302325581395,0.4130434782608695
qwen3-8b,qwen3-8b-base,boolq,1308,475,0.74031212484994,0.5363442218992861,-0.0687305205377493,-0.1606660886918686,0.11297709923664122,0.172782874617737,0.5544879004233272,-0.018143678524041085,0.5320401844948506,0.20827194035508945,0.8502877333755061,0.7419430043343641,0.7444306606535163,0.45473684210526316,216,0.4926315789473684,0.6147368421052631,0.624318247421243,0.8003362757461117,0.3028387811634349,0.4926315789473684,0.07692307692307687,0.26027397260273966
qwen3-8b,qwen3-8b-base,geometry_of_truth,2012,1000,0.9774990118577075,0.9428824110671936,0.10643821391484964,0.07492889633233901,0.042743538767395624,0.11232604373757456,0.9269436758893279,0.015938735177865704,0.9377855731225297,0.03971343873517774,0.9998550587332943,0.9285746087668666,0.9239836389570706,0.108,108,0.141,0.186,0.6038657932252965,0.7124784358826914,0.026225999999999996,0.141,0.23404255319148926,0.4193548387096774
qwen3-8b,qwen3-8b-base,imdb,2000,1018,0.836039876920122,0.6701891412817753,-0.1490104516569567,-0.17595715615517593,0.101,0.091,0.6331061263849487,0.03708301489682664,0.629848070774931,0.20619180614519106,0.9949860417696516,0.8276756784636076,0.823997453093632,0.12278978388998035,125,0.137524557956778,0.17976424361493124,0.7415524381889883,0.8693755346449958,0.024721998139577973,0.137524557956778,0.1071428571428572,0.31693989071038253
qwen3-8b,qwen3-8b-base,rte,111,62,0.6283739302172482,0.48847926267281105,-0.39455782312925175,-0.5021739130434782,0.25,0.17857142857142858,0.4756418696510862,0.012837393021724874,0.4799210006583279,0.1484529295589203,0.9720917990977783,0.31188956295103476,0.3132437227489665,0.41935483870967744,26,0.4838709677419355,0.5,0.710046946804693,0.7333333333333333,0.24193548387096775,0.4838709677419355,0.1333333333333333,0.16129032258064513
qwen3-8b,qwen3-8b-base,truthfulqa,654,327,0.7912446576700427,0.7149042822807659,0.18309631544925664,0.1707685252417166,0.345565749235474,0.4115853658536585,0.7423711060610312,-0.027466823780265326,0.7119677543042581,0.07927690336578463,0.9744421159310146,0.5869558008975757,0.5854902448953828,0.12232415902140673,40,0.13149847094801223,0.3302752293577982,0.49637424339187053,0.8958266964001276,0.0434306876525545,0.13149847094801223,0.06976744186046513,0.6296296296296297
qwen3-8b,qwen38-27b,boolq,1308,475,0.74031212484994,0.8424666708788777,-0.0687305205377493,0.21423259964306962,0.11297709923664122,0.1173780487804878,0.5676072534276868,0.2748594174511909,0.7493169899538763,-0.009004865103936277,0.3774808028817925,0.4550280438775115,0.527425428823762,0.22105263157894736,105,0.4926315789473684,0.2905263157894737,0.34333812609142084,0.5286848277106259,0.1431224376731302,0.2905263157894737,0.23913043478260876,0.23913043478260876
qwen3-8b,qwen38-27b,geometry_of_truth,2012,1000,0.9774990118577075,0.9875118577075098,0.10643821391484964,0.3147378663003664,0.042743538767395624,0.09542743538767395,0.9850019762845851,0.0025098814229247424,0.9741541501976284,0.0033448616600790793,0.4601744747569477,0.8815741491290937,0.8701693603147396,0.066,66,0.141,0.071,0.6264112389996886,0.9180180032464873,0.010010999999999997,0.071,0.07042253521126751,0.07042253521126751
qwen3-8b,qwen38-27b,rte,111,62,0.6283739302172482,0.8113890717577354,-0.39455782312925175,0.3122605363984675,0.25,0.44642857142857145,0.5789993416721527,0.23238973008558272,0.5411454904542462,0.08722843976300199,0.6566834898476963,0.25669811988322844,0.2645379006487979,0.3709677419354839,23,0.4838709677419355,0.4032258064516129,0.7173650483628349,0.8449999999999998,0.1951092611862643,0.4032258064516129,0.07999999999999996,0.07999999999999996
qwen3-8b,qwen38-27b,truthfulqa,654,327,0.7912446576700427,0.7713623058291016,0.18309631544925664,0.2761403640176765,0.345565749235474,0.4923547400611621,0.7284459781724322,0.04291632765666942,0.7483937940128497,0.04285086365719304,0.5288486836363734,0.39110404477731886,0.4190247020327017,0.12844036697247707,42,0.13149847094801223,0.25688073394495414,0.6411064634384246,0.9687051392477748,0.03377942372976461,0.13149847094801223,0.023255813953488302,0.5
qwen3-8b-base,gemma4-12b,boolq,1308,475,0.5363442218992861,0.5134453781512605,-0.1606660886918686,0.013176784249384732,0.172782874617737,0.3516819571865443,0.5013710747456877,0.012074303405572806,0.5023264042459089,0.03401781765337719,0.4129343739111918,-0.015355916180837204,0.0807681468194873,0.511578947368421,243,0.6147368421052631,0.5768421052631579,0.6528621497747042,0.7063340114076023,0.3546060941828255,0.5768421052631579,0.113138686131387,0.113138686131387
qwen3-8b-base,gemma4-12b,geometry_of_truth,2012,1000,0.9428824110671936,0.5753379446640317,0.07492889633233901,0.08448215963553385,0.11232604373757456,0.4846077457795432,0.5455128458498024,0.029825098814229234,0.5741284584980237,0.3687539525691699,0.26776242110134685,0.5306081945741035,0.6951736462225833,0.127,127,0.186,0.562,0.11638326257433494,0.2757892669514411,0.10453200000000001,0.186,0.31720430107526876,0.7740213523131673
qwen3-8b-base,gemma4-12b,imdb,2000,1018,0.6701891412817753,0.5784624218246712,-0.17595715615517593,0.0647330677290836,0.091,0.49201596806387227,0.5175726935527111,0.06088972827196015,0.48576538798570734,0.18442375329606797,0.26341873389468085,-0.23795002114411568,0.012891107751216602,0.15717092337917485,160,0.17976424361493124,0.3320235756385069,0.5390779508778524,0.8118450658952105,0.0596859669369811,0.17976424361493124,0.12568306010928965,0.5266272189349113
qwen3-8b-base,gemma4-12b,rte,111,62,0.48847926267281105,0.43219223173140225,-0.5021739130434782,-0.033333333333333215,0.17857142857142858,0.5535714285714286,0.5055957867017775,-0.07340355497037526,0.48847926267281105,0.0,0.5670032752200983,0.07394764372702078,-0.1021373013968434,0.4032258064516129,25,0.5,0.6612903225806451,0.3067191794659486,0.4285714285714285,0.33064516129032256,0.5,0.19354838709677424,0.3902439024390244
qwen3-8b-base,gemma4-12b,truthfulqa,654,327,0.7149042822807659,0.6217770670257834,0.1707685252417166,0.15104166666666663,0.4115853658536585,0.46646341463414637,0.5777572033779425,0.04401986364784094,0.6602698987178408,0.05463438356292505,0.14334592046793446,-0.13085663319407437,-0.0686059670615875,0.20795107033639143,68,0.3302752293577982,0.43730886850152906,0.2722618629411182,0.34178743961352653,0.1444322868445417,0.3302752293577982,0.37037037037037046,0.5244755244755245
qwen3-8b-base,gemma4-12b-base,boolq,1308,475,0.5363442218992861,0.5048360396790296,-0.1606660886918686,-0.2844793536804309,0.172782874617737,0.1491628614916286,0.4977064510014533,0.007129588677576293,0.5001276299993681,0.036216591899917994,0.21827723067280497,0.5840207106144613,0.5165407073261999,0.5852631578947368,278,0.6147368421052631,0.6126315789473684,0.8801275750611895,0.8840440914126905,0.3766072022160665,0.6126315789473684,0.04467353951890041,0.04467353951890041
qwen3-8b-base,gemma4-12b-base,geometry_of_truth,2012,1000,0.9428824110671936,0.6453779644268776,0.07492889633233901,-0.02969913151364767,0.11232604373757456,0.09343936381709742,0.7682549407114624,-0.12287697628458483,0.5929219367588933,0.34996047430830035,0.34900525275504596,0.9057426066071411,0.8555621825234587,0.058,58,0.186,0.469,-0.15055177707282685,-0.33512162688859853,0.08723399999999999,0.186,0.6881720430107527,0.8763326226012793
qwen3-8b-base,gemma4-12b-base,imdb,2000,1018,0.6701891412817753,0.5690843833402022,-0.17595715615517593,0.12161757080821833,0.091,0.4132804757185332,0.5252811911059183,0.04380319223428386,0.5336298960863319,0.13655924519544338,0.2925888699873443,0.6537811864817817,0.6439847288082329,0.16306483300589392,166,0.17976424361493124,0.2730844793713163,0.6661842133781016,0.8722049918771226,0.049090824877161966,0.17976424361493124,0.09289617486338797,0.40287769784172656
qwen3-8b-base,gemma4-12b-base,rte,111,62,0.48847926267281105,0.4621461487820935,-0.5021739130434782,-0.2312252964426878,0.17857142857142858,0.375,0.4697169190256748,-0.007570770243581326,0.4697169190256748,0.018762343647136248,0.46827669869067723,0.2975688873535962,0.23679421842610404,0.5,31,0.5,0.5645161290322581,0.87831006565368,1.0000000000000002,0.28225806451612906,0.5,0.0,0.11428571428571432
qwen3-8b-base,gemma4-12b-base,truthfulqa,654,327,0.7149042822807659,0.723704514210364,0.1707685252417166,0.07541276215975001,0.4115853658536585,0.43902439024390244,0.6307456349540348,0.09295887925632917,0.732196130142431,-0.017291847861665155,0.4390176650811079,0.4894994235906086,0.4075669123502763,0.18960244648318042,62,0.3302752293577982,0.29357798165137616,0.43253652023860883,0.471175799086758,0.09696153522430773,0.29357798165137616,0.35416666666666674,0.35416666666666674
qwen3-8b-base,gemma4-31b,boolq,1308,475,0.5363442218992861,0.7995526631705313,-0.1606660886918686,0.12751625078632833,0.172782874617737,0.21712538226299694,0.5071207430340557,0.29243192013647556,0.5392784482213939,-0.0029342263221078246,0.3416749569178937,0.14948490334597264,0.3104908435512752,0.15789473684210525,75,0.6147368421052631,0.29473684210526313,-0.1049709985290868,-0.12854696673189825,0.181185595567867,0.29473684210526313,0.4642857142857143,0.4642857142857143
qwen3-8b-base,gemma4-31b,geometry_of_truth,2012,1000,0.9428824110671936,0.8037203557312252,0.07492889633233901,0.33904961329867467,0.11232604373757456,0.4393638170974155,0.8355167984189724,-0.03179644268774717,0.7312747035573122,0.21160770750988145,0.33620738866951216,0.7674847010519902,0.8104761161309721,0.033,33,0.186,0.304,-0.13154373319685364,-0.41638370118845514,0.056544,0.186,0.8225806451612903,0.8914473684210527
qwen3-8b-base,gemma4-31b,rte,111,62,0.48847926267281105,0.5944700460829493,-0.5021739130434782,-0.04193548387096768,0.17857142857142858,0.4107142857142857,0.4572086899275839,0.1372613561553654,0.4815668202764977,0.006912442396313334,0.6535430613655889,0.11249966953874069,0.07605512221128119,0.43548387096774194,27,0.5,0.5806451612903226,0.588348405414552,0.6923076923076923,0.2903225806451613,0.5,0.12903225806451613,0.25
qwen3-8b-base,gemma4-31b,truthfulqa,654,327,0.7149042822807659,0.7301012821591897,0.1707685252417166,0.42488403411641473,0.4115853658536585,0.5443425076452599,0.7106678263146574,0.019433455844532266,0.7332248501342011,-0.018320567853435277,0.4168561599738006,0.13851983267656665,0.2494773633548144,0.16819571865443425,55,0.3302752293577982,0.26299694189602446,0.39280570614851185,0.46177126473399177,0.086861375305109,0.26299694189602446,0.36046511627906974,0.36046511627906974
qwen3-8b-base,llama-8b,boolq,1308,475,0.5363442218992861,0.8280229986731534,-0.1606660886918686,0.014222158438576438,0.172782874617737,0.13302752293577982,0.4947747520060656,0.33324824666708786,0.5274505591710368,0.008893662728249319,0.8278175263631004,0.5846237531700981,0.5159331933419427,0.1726315789473684,82,0.6147368421052631,0.28210526315789475,-0.0036022466242295334,-0.004549171948476782,0.17342049861495845,0.28210526315789475,0.3880597014925373,0.3880597014925373
qwen3-8b-base,llama-8b,geometry_of_truth,2012,1000,0.9428824110671936,0.9801857707509882,0.07492889633233901,-0.0027256972449364314,0.11232604373757456,0.006958250497017893,0.9507282608695653,0.029457509881422927,0.8640632411067195,0.07881916996047411,0.9903841032340722,0.9118995309292224,0.872617346799718,0.108,108,0.186,0.124,0.6623083556666145,0.8414837124514545,0.023064,0.124,0.12903225806451613,0.12903225806451613
qwen3-8b-base,llama-8b,imdb,2000,1018,0.6701891412817753,0.9661470316382509,-0.17595715615517593,0.002588286717032595,0.091,0.019,0.660377962459837,0.30576906917841384,0.5499301773774703,0.12025896390430502,0.9245922144202198,0.6296405204036597,0.628258512852013,0.02455795677799607,25,0.17976424361493124,0.13064833005893908,0.008284147453426096,0.010004052046283374,0.02348589823259907,0.13064833005893908,0.8120300751879699,0.8120300751879699
qwen3-8b-base,llama-8b,rte,111,62,0.48847926267281105,0.7873601053324556,-0.5021739130434782,-0.01976284584980237,0.17857142857142858,0.21428571428571427,0.4779460171165241,0.30941408821593147,0.4792626728110599,0.009216589861751168,0.983176556129466,0.258184493020044,0.2457130809064767,0.27419354838709675,17,0.5,0.45161290322580644,0.1944611170656493,0.21428571428571427,0.22580645161290322,0.45161290322580644,0.3928571428571429,0.3928571428571429
qwen3-8b-base,llama-8b,truthfulqa,654,327,0.7149042822807659,0.8660887130712903,0.1707685252417166,0.2070038618724459,0.4115853658536585,0.3780487804878049,0.7213571622291428,0.1447315508421475,0.7545006499639948,-0.03959636768322894,0.9728425489013534,0.4742438372774126,0.4167860601353405,0.1162079510703364,38,0.3302752293577982,0.16819571865443425,0.3448079038807416,0.5384806973848069,0.055550879555592965,0.16819571865443425,0.3090909090909091,0.3090909090909091
qwen3-8b-base,qwen3-32b,boolq,1308,475,0.5363442218992861,0.6312377582611992,-0.1606660886918686,-0.27943983380611415,0.172782874617737,0.05963302752293578,0.5003929993049852,0.13084475895621406,0.5033828268149365,0.03296139508434959,0.8329431722434456,0.4491839692020586,0.5037766378690862,0.5410526315789473,257,0.6147368421052631,0.5810526315789474,0.7657237308097903,0.8213154351785854,0.357194459833795,0.5810526315789474,0.06884057971014501,0.06884057971014501
qwen3-8b-base,qwen3-32b,geometry_of_truth,2012,1000,0.9428824110671936,0.9611828063241106,0.07492889633233901,-0.013644376826293714,0.11232604373757456,0.020874751491053677,0.9289179841897234,0.032264822134387194,0.8595296442687748,0.08335276679841885,0.9973039061232983,0.8735713005535305,0.8833919326221981,0.072,72,0.186,0.201,0.22197890075170218,0.2329121078767815,0.037386,0.186,0.6129032258064516,0.6417910447761195
qwen3-8b-base,qwen3-32b,imdb,2000,1018,0.6701891412817753,0.8695417315210128,-0.17595715615517593,-0.05213758847198524,0.091,0.016966067864271458,0.5562552266934486,0.31328650482756415,0.5307229542371729,0.13946618704460245,0.9761991417052241,0.5522099552263158,0.5924461762772175,0.1031434184675835,105,0.17976424361493124,0.12868369351669942,0.6222678168767829,0.7580289802075241,0.0231327268306051,0.12868369351669942,0.1984732824427481,0.1984732824427481
qwen3-8b-base,qwen3-32b,rte,111,62,0.48847926267281105,0.5289664252797894,-0.5021739130434782,-0.2006756756756758,0.17857142857142858,0.15789473684210525,0.47366688610928237,0.05529953917050706,0.4710335747202107,0.017445687952600375,0.9871875056867812,0.18875565866568966,0.2463778911442066,0.46774193548387094,29,0.5,0.5,0.8709677419354839,0.8709677419354839,0.25,0.5,0.06451612903225812,0.06451612903225812
qwen3-8b-base,qwen3-32b,truthfulqa,654,327,0.7149042822807659,0.7778058337775533,0.1707685252417166,-0.10575121768452611,0.4115853658536585,0.22935779816513763,0.6743166026054672,0.10348923117208608,0.7357124821143002,-0.020808199833534324,0.9741261450345958,0.3489883926656321,0.4204984358775429,0.09480122324159021,31,0.3302752293577982,0.14067278287461774,0.29562456648109525,0.5131030375223348,0.04646073562831412,0.14067278287461774,0.32608695652173914,0.32608695652173914
qwen3-8b-base,qwen3-8b,boolq,1308,475,0.5363442218992861,0.74031212484994,-0.1606660886918686,-0.0687305205377493,0.172782874617737,0.11297709923664122,0.5320401844948506,0.20827194035508945,0.5544879004233272,-0.018143678524041085,0.8502877333755094,0.7444306606535163,0.7419430043343641,0.45473684210526316,216,0.6147368421052631,0.4926315789473684,0.6243182474212431,0.800336275746112,0.3028387811634349,0.4926315789473684,0.07692307692307687,0.07692307692307687
qwen3-8b-base,qwen3-8b,geometry_of_truth,2012,1000,0.9428824110671936,0.9774990118577075,0.07492889633233901,0.10643821391484964,0.11232604373757456,0.042743538767395624,0.9377855731225297,0.03971343873517774,0.9269436758893279,0.015938735177865704,0.9998550587332931,0.9239836389570706,0.9285746087668666,0.108,108,0.186,0.141,0.6038657932252967,0.7124784358826916,0.026225999999999996,0.141,0.23404255319148926,0.23404255319148926
qwen3-8b-base,qwen3-8b,imdb,2000,1018,0.6701891412817753,0.836039876920122,-0.17595715615517593,-0.1490104516569567,0.091,0.101,0.629848070774931,0.20619180614519106,0.6331061263849487,0.03708301489682664,0.9949860417696584,0.823997453093632,0.8276756784636076,0.12278978388998035,125,0.17976424361493124,0.137524557956778,0.7415524381889883,0.8693755346449958,0.024721998139577973,0.137524557956778,0.1071428571428572,0.1071428571428572
qwen3-8b-base,qwen3-8b,rte,111,62,0.48847926267281105,0.6283739302172482,-0.5021739130434782,-0.39455782312925175,0.17857142857142858,0.25,0.4799210006583279,0.1484529295589203,0.4756418696510862,0.012837393021724874,0.972091799097784,0.3132437227489665,0.31188956295103476,0.41935483870967744,26,0.5,0.4838709677419355,0.7100469468046929,0.7333333333333332,0.24193548387096775,0.4838709677419355,0.1333333333333333,0.1333333333333333
qwen3-8b-base,qwen3-8b,truthfulqa,654,327,0.7149042822807659,0.7912446576700427,0.1707685252417166,0.18309631544925664,0.4115853658536585,0.345565749235474,0.7119677543042581,0.07927690336578463,0.7423711060610312,-0.027466823780265326,0.9744421159310037,0.5854902448953828,0.5869558008975757,0.12232415902140673,40,0.3302752293577982,0.13149847094801223,0.49637424339187053,0.8958266964001276,0.0434306876525545,0.13149847094801223,0.06976744186046513,0.06976744186046513
qwen3-8b-base,qwen38-27b,boolq,1308,475,0.5363442218992861,0.8424666708788777,-0.1606660886918686,0.21423259964306962,0.172782874617737,0.1173780487804878,0.5051772287862514,0.33728944209262635,0.639140708915145,-0.10279648701585886,0.36870068225801433,0.46317121778008374,0.5297719005628938,0.22105263157894736,105,0.6147368421052631,0.2905263157894737,0.19215368125352134,0.3793062485150867,0.1785972299168975,0.2905263157894737,0.23913043478260876,0.23913043478260876
qwen3-8b-base,qwen38-27b,geometry_of_truth,2012,1000,0.9428824110671936,0.9875118577075098,0.07492889633233901,0.3147378663003664,0.11232604373757456,0.09542743538767395,0.9590335968379448,0.028478260869565064,0.9368577075098814,0.0060247035573122165,0.46751510205718133,0.8837805952737156,0.8773056316695242,0.069,69,0.186,0.071,0.558318209020652,0.9653943315915147,0.013205999999999999,0.071,0.028169014084506894,0.028169014084506894
qwen3-8b-base,qwen38-27b,rte,111,62,0.48847926267281105,0.8113890717577354,-0.5021739130434782,0.3122605363984675,0.17857142857142858,0.44642857142857145,0.5023041474654377,0.3090849242922977,0.4756418696510862,0.012837393021724874,0.694415602303614,0.26006292588825397,0.26567914817286864,0.3548387096774194,22,0.5,0.4032258064516129,0.6247161517603577,0.76,0.20161290322580644,0.4032258064516129,0.11999999999999988,0.11999999999999988
qwen3-8b-base,qwen38-27b,truthfulqa,654,327,0.7149042822807659,0.7713623058291016,0.1707685252417166,0.2761403640176765,0.4115853658536585,0.4923547400611621,0.648486378812109,0.12287592701699257,0.7167559782659523,-0.001851695985186419,0.5161109738260855,0.39397635717622226,0.43006074166404695,0.1926605504587156,63,0.3302752293577982,0.25688073394495414,0.5247046635334065,0.6267123287671231,0.08484134332126926,0.25688073394495414,0.25,0.25
qwen38-27b,gemma4-31b,boolq,1308,475,0.8424666708788777,0.7995526631705313,0.21423259964306962,0.12751625078632833,0.1173780487804878,0.21712538226299694,0.7597396853478233,0.039812977822707984,0.7304909332153914,0.11197573766348634,0.5624102770980521,0.16616302556706153,0.2531248583268607,0.13473684210526315,64,0.2905263157894737,0.29473684210526313,0.23724597077509318,0.23967120917153362,0.08562880886426592,0.2905263157894737,0.536231884057971,0.5428571428571428
qwen38-27b,gemma4-31b,geometry_of_truth,2012,1000,0.9875118577075098,0.8037203557312252,0.3147378663003664,0.33904961329867467,0.09542743538767395,0.4393638170974155,0.9152341897233203,-0.11151383399209502,0.8154021739130436,0.17210968379446623,0.9027029148449917,0.7690998024041049,0.8151414241285527,0.015,15,0.071,0.304,-0.05573286632109227,-0.3050407709414381,0.021584,0.071,0.7887323943661971,0.9506578947368421
qwen38-27b,gemma4-31b,rte,111,62,0.8113890717577354,0.5944700460829493,0.3122605363984675,-0.04193548387096768,0.44642857142857145,0.4107142857142857,0.5032916392363397,0.0911784068466096,0.6863067807768268,0.12508229098090862,0.7711707953013266,0.12156111277150483,0.07788924736494662,0.3709677419354839,23,0.4032258064516129,0.5806451612903226,0.5652973549921312,0.8092307692307693,0.23413111342351717,0.4032258064516129,0.07999999999999996,0.36111111111111116
qwen38-27b,gemma4-31b,truthfulqa,654,327,0.7713623058291016,0.7301012821591897,0.2761403640176765,0.42488403411641473,0.4923547400611621,0.5443425076452599,0.7325795621393634,-0.002478279980173692,0.7152409542780724,0.05612135155102915,0.6074548577429538,0.1460660870828917,0.2096956010072366,0.1437308868501529,47,0.25688073394495414,0.26299694189602446,0.3959957837311624,0.40234143449911075,0.06755884745952923,0.25688073394495414,0.4404761904761906,0.4534883720930233
qwen38-27b,qwen3-32b,boolq,1308,475,0.8424666708788777,0.6312377582611992,0.21423259964306962,-0.27943983380611415,0.1173780487804878,0.05963302752293578,0.6912440765779996,-0.06000631831680037,0.51765464080369,0.3248120300751878,0.41733698873702385,0.4773280472248457,0.44979506309987505,0.22526315789473683,107,0.2905263157894737,0.5810526315789474,0.2520180088368447,0.46380452989585597,0.16881108033240996,0.2905263157894737,0.2246376811594203,0.6123188405797102
qwen38-27b,qwen3-32b,geometry_of_truth,2012,1000,0.9875118577075098,0.9611828063241106,0.3147378663003664,-0.013644376826293714,0.09542743538767395,0.020874751491053677,0.9697411067193675,-0.008558300395256957,0.9859189723320159,0.0015928853754939576,0.44340617580045394,0.8803159451354738,0.8915102158993198,0.054,54,0.071,0.201,0.38601055850744564,0.7003296373988613,0.014270999999999999,0.071,0.23943661971830976,0.7313432835820896
qwen38-27b,qwen3-32b,rte,111,62,0.8113890717577354,0.5289664252797894,0.3122605363984675,-0.2006756756756758,0.44642857142857145,0.15789473684210525,0.4911125740618828,0.03785385121790663,0.5240289664252797,0.2873601053324557,0.7042971193842692,0.19182297647589708,0.2400870058280722,0.3709677419354839,23,0.4032258064516129,0.5,0.6904757466825004,0.8399999999999999,0.20161290322580644,0.4032258064516129,0.07999999999999996,0.25806451612903225
qwen38-27b,qwen3-32b,truthfulqa,654,327,0.7713623058291016,0.7778058337775533,0.2761403640176765,-0.10575121768452611,0.4923547400611621,0.22935779816513763,0.7443350260453199,0.03347080773223343,0.7186637862506897,0.05269851957841187,0.5317607285222693,0.36180084683380664,0.3873624521086948,0.1162079510703364,38,0.25688073394495414,0.14067278287461774,0.5271089227307693,0.7659688674181431,0.03613612771091098,0.14067278287461774,0.17391304347826086,0.17391304347826086
