overseer,target,dataset,n,n_false,auroc_a,auroc_b,gate_a_edge_a,gate_a_edge_b,conf_wrong_a,conf_wrong_b,transfer_a_to_b,gap_a_to_b,transfer_b_to_a,gap_b_to_a,cka,map_r2_a_to_b,map_r2_b_to_a,fa_rate,row2_n,p_overseer,p_target,rho,rho_over_max,fa_independent,frechet_hi,coverage_strong,coverage_target,kind,scale_gap
gemma4-12b,gemma4-12b-base,boolq,1308,475,0.5145409742844506,0.7796802931698995,0.0205803937653815,0.0152513464991023,0.3516819571865443,0.1491628614916286,0.4776167309028875,0.302063562267012,0.5226814936500916,-0.008140519365641,0.1520749760745786,0.016422553646512,-0.0895708175925029,0.1621052631578947,77,0.5957894736842105,0.2989473684210526,-0.0712389266500926,-0.0898571641865325,0.1781096952908587,0.2989473684210526,0.4577464788732395,0.4577464788732395,same-family,1.0
gemma4-12b,gemma4-12b-base,geometry_of_truth,2012,1000,0.5481284584980237,0.9666847826086956,0.0430336120520169,0.0750093052109182,0.4846077457795432,0.0934393638170974,0.7719624505928854,0.1947223320158102,0.5265573122529644,0.0215711462450592,0.5162075077457482,0.6401566027558541,0.5652832341484857,0.018,18,0.459,0.075,-0.1251407936137228,-0.4771241830065358,0.034425,0.075,0.76,0.76,same-family,1.0
gemma4-12b,gemma4-12b-base,imdb,2000,1018,0.516761430703548,0.7319851631928744,-0.0111792828685258,0.2445151986518892,0.4920159680638722,0.4132804757185332,0.5336839135880025,0.1983012496048719,0.4981243923031061,0.0186370384004418,0.1079859075634039,-0.0242960178482247,-0.217372979100159,0.1728880157170923,176,0.5216110019646365,0.2210216110019646,0.2778969702747066,0.544768423454255,0.1152873039705729,0.2210216110019646,0.2177777777777777,0.2177777777777777,same-family,1.0
gemma4-12b,gemma4-12b-base,rte,111,62,0.4512837393021724,0.7162606978275182,0.0153846153846154,0.0401844532279315,0.5535714285714286,0.375,0.6036866359447005,0.1125740618828177,0.478604344963792,-0.0273206056616195,0.3249132427881983,-0.248263163514028,-0.0146009425874424,0.3387096774193548,21,0.5967741935483871,0.5483870967741935,0.0468881757165965,0.0517647058823529,0.3272632674297606,0.5483870967741935,0.3823529411764705,0.3823529411764705,same-family,1.0
gemma4-12b,gemma4-12b-base,truthfulqa,654,327,0.5465215236278278,0.6888589624891284,0.0792782738095237,0.0701323813773613,0.4664634146341463,0.4390243902439024,0.6001645951986831,0.0886943672904452,0.5858653873130768,-0.039343863685249,0.1359995699395294,-0.2196882570943432,-0.1250155413861013,0.1743119266055046,57,0.5076452599388379,0.2844036697247706,0.1327300595145402,0.2137848126627929,0.1443761748449906,0.2844036697247706,0.3870967741935484,0.3870967741935484,same-family,1.0
gemma4-12b,qwen3-32b,boolq,1308,475,0.5145409742844506,0.8856687938333226,0.0205803937653815,0.007434434613884,0.3516819571865443,0.0596330275229357,0.2678081759019397,0.6178606179313829,0.499111644657863,0.0154293296265874,0.1337303825178153,0.1204235640532396,-0.0127437977761577,0.0778947368421052,37,0.5957894736842105,0.1810526315789473,-0.1586249612560132,-0.2778782151368231,0.1078692520775623,0.1810526315789473,0.5697674418604651,0.5697674418604651,cross-family,2.6666666666666665
gemma4-12b,qwen3-32b,geometry_of_truth,2012,1000,0.5481284584980237,0.9955760869565216,0.0430336120520169,0.0771812890917433,0.4846077457795432,0.0208747514910536,0.7596146245059288,0.2359614624505929,0.5906679841897233,-0.0425395256916996,0.4271726589610388,0.6273500229984176,0.6219535069458328,0.006,6,0.459,0.042,-0.1328373763259274,-0.6887643946467473,0.019278,0.042,0.8571428571428572,0.8571428571428572,cross-family,2.6666666666666665
gemma4-12b,qwen3-32b,imdb,2000,1018,0.516761430703548,0.969971270691704,-0.0111792828685258,-0.0036551600064942,0.4920159680638722,0.0169660678642714,0.2360444784110051,0.7339267922806989,0.5172215797918526,-0.0004601490883046,0.0770221734004495,0.0589157987956401,-0.1613314710528703,0.037328094302554,38,0.5216110019646365,0.093320235756385,-0.0781033848315626,-0.2331450094161958,0.0486768616764641,0.093320235756385,0.6,0.6,cross-family,2.6666666666666665
gemma4-12b,qwen3-32b,rte,111,62,0.4512837393021724,0.9486504279131008,0.0153846153846154,0.1222972972972972,0.5535714285714286,0.1578947368421052,0.9430546412113232,0.0055957867017775,0.4983541803818302,-0.0470704410796577,0.2129557206833733,-0.2204334799669582,-0.0229911583398776,0.1774193548387097,11,0.5967741935483871,0.2903225806451613,0.0186933236595408,0.0355555555555555,0.1732570239334027,0.2903225806451613,0.3888888888888889,0.3888888888888889,cross-family,2.6666666666666665
gemma4-12b,qwen3-32b,truthfulqa,654,327,0.5465215236278278,0.8104630175162958,0.0792782738095237,0.0489883851629822,0.4664634146341463,0.2293577981651376,0.6219641070242872,0.1884989104920086,0.5105443799156449,0.0359771437121828,0.0532096314665464,-0.1811271692491824,-0.0177832433073308,0.2079510703363914,68,0.5076452599388379,0.3700305810397553,0.0833000347417203,0.1103639443560392,0.1878442704972458,0.3700305810397553,0.4380165289256198,0.4380165289256198,cross-family,2.6666666666666665
gemma4-12b-base,gemma4-12b,boolq,1308,475,0.7796802931698995,0.5145409742844506,0.0152513464991023,0.0205803937653815,0.1491628614916286,0.3516819571865443,0.5226814936500916,-0.008140519365641,0.4776167309028875,0.302063562267012,0.1520749760745784,-0.0895708175925029,0.016422553646512,0.1621052631578947,77,0.2989473684210526,0.5957894736842105,-0.0712389266500926,-0.0898571641865326,0.1781096952908587,0.2989473684210526,0.4577464788732395,0.7279151943462898,same-family,1.0
gemma4-12b-base,gemma4-12b,geometry_of_truth,2012,1000,0.9666847826086956,0.5481284584980237,0.0750093052109182,0.0430336120520169,0.0934393638170974,0.4846077457795432,0.5265573122529644,0.0215711462450592,0.7719624505928854,0.1947223320158102,0.5162075077457473,0.5652832341484857,0.6401566027558541,0.018,18,0.075,0.459,-0.1251407936137228,-0.4771241830065358,0.034425,0.075,0.76,0.9607843137254902,same-family,1.0
gemma4-12b-base,gemma4-12b,imdb,2000,1018,0.7319851631928744,0.516761430703548,0.2445151986518892,-0.0111792828685258,0.4132804757185332,0.4920159680638722,0.4981243923031061,0.0186370384004418,0.5336839135880025,0.1983012496048719,0.1079859075634039,-0.217372979100159,-0.0242960178482247,0.1728880157170923,176,0.2210216110019646,0.5216110019646365,0.2778969702747066,0.5447684234542549,0.1152873039705729,0.2210216110019646,0.2177777777777777,0.6685499058380414,same-family,1.0
gemma4-12b-base,gemma4-12b,rte,111,62,0.7162606978275182,0.4512837393021724,0.0401844532279315,0.0153846153846154,0.375,0.5535714285714286,0.478604344963792,-0.0273206056616195,0.6036866359447005,0.1125740618828177,0.3249132427881988,-0.0146009425874424,-0.248263163514028,0.3387096774193548,21,0.5483870967741935,0.5967741935483871,0.0468881757165965,0.0517647058823529,0.3272632674297606,0.5483870967741935,0.3823529411764705,0.4324324324324324,same-family,1.0
gemma4-12b-base,gemma4-12b,truthfulqa,654,327,0.6888589624891284,0.5465215236278278,0.0701323813773613,0.0792782738095237,0.4390243902439024,0.4664634146341463,0.5858653873130768,-0.039343863685249,0.6001645951986831,0.0886943672904452,0.1359995699395293,-0.1250155413861013,-0.2196882570943432,0.1743119266055046,57,0.2844036697247706,0.5076452599388379,0.1327300595145402,0.213784812662793,0.1443761748449906,0.2844036697247706,0.3870967741935484,0.6566265060240963,same-family,1.0
gemma4-12b-base,qwen3-32b,boolq,1308,475,0.7796802931698995,0.8856687938333226,0.0152513464991023,0.007434434613884,0.1491628614916286,0.0596330275229357,0.8728527200353826,0.01281607379794,0.5580590130789158,0.2216212800909837,0.5164826545245927,0.5581519021318277,0.5145269960524053,0.0968421052631579,46,0.2989473684210526,0.1810526315789473,0.242324099055963,0.3365458481737551,0.0541252077562326,0.1810526315789473,0.4651162790697675,0.4651162790697675,cross-family,2.6666666666666665
gemma4-12b-base,qwen3-32b,geometry_of_truth,2012,1000,0.9666847826086956,0.9955760869565216,0.0750093052109182,0.0771812890917433,0.0934393638170974,0.0208747514910536,0.9898339920948616,0.0057420948616599,0.9826235177865612,-0.0159387351778654,0.819113028370797,0.7812079762410422,0.8520287601308172,0.017,17,0.075,0.042,0.2621445756293405,0.3564993564993564,0.00315,0.042,0.5952380952380952,0.5952380952380952,cross-family,2.6666666666666665
gemma4-12b-base,qwen3-32b,imdb,2000,1018,0.7319851631928744,0.969971270691704,0.2445151986518892,-0.0036551600064942,0.4132804757185332,0.0169660678642714,0.4241124124216246,0.5458588582700794,0.4815100092429947,0.2504751539498797,0.4719245796295353,0.7108184971850962,0.6531005279313533,0.0294695481335952,30,0.2210216110019646,0.093320235756385,0.0732726609298974,0.1216566005176876,0.0206257888459593,0.093320235756385,0.6842105263157894,0.6842105263157894,cross-family,2.6666666666666665
gemma4-12b-base,qwen3-32b,rte,111,62,0.7162606978275182,0.9486504279131008,0.0401844532279315,0.1222972972972972,0.375,0.1578947368421052,0.8446346280447663,0.1040157998683344,0.5227123107307439,0.1935483870967743,0.613491030464868,0.3395638029337645,0.2515875947383709,0.2419354838709677,15,0.5483870967741935,0.2903225806451613,0.366223370245093,0.6309523809523807,0.1592091571279916,0.2903225806451613,0.1666666666666667,0.1666666666666667,cross-family,2.6666666666666665
gemma4-12b-base,qwen3-32b,truthfulqa,654,327,0.6888589624891284,0.8104630175162958,0.0701323813773613,0.0489883851629822,0.4390243902439024,0.2293577981651376,0.7573810659409514,0.0530819515753443,0.605691627154467,0.0831673353346613,0.411224513327971,0.407104102861226,0.4109367222547387,0.128440366972477,42,0.2844036697247706,0.3700305810397553,0.106524883018498,0.1295020357031004,0.1052380551580955,0.2844036697247706,0.5483870967741935,0.6528925619834711,cross-family,2.6666666666666665
gemma4-31b,qwen3-32b,boolq,1308,475,0.7409439565299805,0.8856687938333226,0.0570612287691338,0.007434434613884,0.2171253822629969,0.0596330275229357,0.4761331901181525,0.4095356037151701,0.5629771908763505,0.17796676565363,0.2062816888014832,0.3462986887089874,0.2523270493619074,0.0842105263157894,40,0.2673684210526316,0.1810526315789473,0.2100817565909486,0.2699144613739642,0.0484077562326869,0.1810526315789473,0.5348837209302326,0.5348837209302326,cross-family,1.032258064516129
gemma4-31b,qwen3-32b,geometry_of_truth,2012,1000,0.7396062252964427,0.9955760869565216,0.2751436089984276,0.0771812890917433,0.4393638170974155,0.0208747514910536,0.8123250988142293,0.1832509881422923,0.6844446640316206,0.055161561264822,0.7339765885714515,0.7504877138978089,0.830686161848746,0.007,7,0.307,0.042,-0.063704032859103,-0.4571118349619978,0.012894,0.042,0.8333333333333334,0.8333333333333334,cross-family,1.032258064516129
gemma4-31b,qwen3-32b,rte,111,62,0.6109282422646478,0.9486504279131008,-0.0303225806451612,0.1222972972972972,0.4107142857142857,0.1578947368421052,0.8999341672152732,0.0487162606978275,0.489466754443713,0.1214614878209348,0.2648917773430642,0.0045407113768042,0.0231298748158106,0.1774193548387097,11,0.3709677419354839,0.2903225806451613,0.3179625576333002,0.3817663817663817,0.1077003121748179,0.2903225806451613,0.3888888888888889,0.3888888888888889,cross-family,1.032258064516129
gemma4-31b,qwen3-32b,truthfulqa,654,327,0.6755978265952173,0.8104630175162958,0.3501795600778093,0.0489883851629822,0.5443425076452599,0.2293577981651376,0.6980800344153596,0.1123829831009362,0.5853603793171169,0.0902374472781003,0.1800730003984822,0.180384660296842,0.2237195510892147,0.0795107033639143,26,0.2538226299694189,0.3700305810397553,-0.0685870910948277,-0.1534402071094294,0.0939221352486229,0.2538226299694189,0.6867469879518072,0.7851239669421488,cross-family,1.032258064516129
llama-8b,gemma4-12b-base,boolq,1308,475,0.7919251911290832,0.7796802931698995,-0.0090269804822042,0.0152513464991023,0.1330275229357798,0.1491628614916286,0.5795412902002908,0.2001390029696087,0.7711303468755923,0.0207948442534908,0.5415606650249526,0.5465103043884127,0.6805736504330104,0.1347368421052631,64,0.2421052631578947,0.2989473684210526,0.3180003792511092,0.3674108891500196,0.072376731301939,0.2421052631578947,0.4434782608695652,0.5492957746478873,cross-family,1.5
llama-8b,gemma4-12b-base,geometry_of_truth,2012,1000,0.9684239130434782,0.9666847826086956,-0.0032551194715705,0.0750093052109182,0.0069582504970178,0.0934393638170974,0.9389723320158102,0.0277124505928854,0.9899861660079052,-0.0215622529644269,0.95152472665091,0.8634467152037579,0.8990306463229683,0.057,57,0.137,0.075,0.51591972275686,0.7219003476245657,0.010275,0.075,0.24,0.24,cross-family,1.5
llama-8b,gemma4-12b-base,imdb,2000,1018,0.960672257811531,0.7319851631928744,0.0011570155854284,0.2445151986518892,0.019,0.4132804757185332,0.5784674234451963,0.1535177397476781,0.6819709585905833,0.2787012992209476,0.7628578898418077,0.6911969193858452,0.7739068557335987,0.0412573673870334,42,0.1198428290766208,0.2210216110019646,0.1095973204294103,0.1582080912905959,0.0264878551495478,0.1198428290766208,0.6557377049180327,0.8133333333333334,cross-family,1.5
llama-8b,gemma4-12b-base,rte,111,62,0.7778143515470705,0.7162606978275182,0.0,0.0401844532279315,0.2142857142857142,0.375,0.673469387755102,0.0427913100724162,0.586570111915734,0.1912442396313364,0.8737927652996617,0.2498494086305757,0.4440115417394612,0.3870967741935484,24,0.4516129032258064,0.5483870967741935,0.5630252100840336,0.6836734693877551,0.2476586888657648,0.4516129032258064,0.1428571428571429,0.2941176470588235,cross-family,1.5
llama-8b,gemma4-12b-base,truthfulqa,654,327,0.8157843054737256,0.6888589624891284,0.1578868433879495,0.0701323813773613,0.3780487804878049,0.4390243902439024,0.6591570107267439,0.0297019517623844,0.7787036257703709,0.0370806797033547,0.7947703789393121,0.4345416610198862,0.5887221690834605,0.091743119266055,30,0.2507645259938837,0.2844036697247706,0.1044511588462129,0.1138211382113821,0.0713183514294531,0.2507645259938837,0.6341463414634145,0.6774193548387097,cross-family,1.5
llama-8b,qwen3-32b,boolq,1308,475,0.7919251911290832,0.8856687938333226,-0.0090269804822042,0.007434434613884,0.1330275229357798,0.0596330275229357,0.8033360712706135,0.0823327225627091,0.7100650786630441,0.081860112466039,0.6289103411613485,0.6045603487458254,0.6911977481008599,0.1052631578947368,50,0.2421052631578947,0.1810526315789473,0.3724251775043873,0.4476744186046513,0.0438337950138504,0.1810526315789473,0.4186046511627908,0.4186046511627908,cross-family,4.0
llama-8b,qwen3-32b,geometry_of_truth,2012,1000,0.9684239130434782,0.9955760869565216,-0.0032551194715705,0.0771812890917433,0.0069582504970178,0.0208747514910536,0.9790207509881422,0.0165553359683794,0.9940158102766798,-0.0255918972332016,0.877627594697779,0.8084430735905392,0.906007810981822,0.041,41,0.137,0.042,0.511018656347505,0.972410748772278,0.005754,0.042,0.0238095238095238,0.0238095238095238,cross-family,4.0
llama-8b,qwen3-32b,imdb,2000,1018,0.960672257811531,0.969971270691704,0.0011570155854284,-0.0036551600064942,0.019,0.0169660678642714,0.9680436461413496,0.0019276245503543,0.9354060715671878,0.0252661862443431,0.5685079552288517,0.7392309234365344,0.7659955050590278,0.0726915520628683,74,0.1198428290766208,0.093320235756385,0.6510721411883019,0.7488486842105262,0.0111837610631424,0.093320235756385,0.2210526315789474,0.2210526315789474,cross-family,4.0
llama-8b,qwen3-32b,rte,111,62,0.7778143515470705,0.9486504279131008,0.0,0.1222972972972972,0.2142857142857142,0.1578947368421052,0.955892034233048,-0.0072416063199473,0.6421988150098749,0.1356155365371956,0.671638657015645,0.3393405194019401,0.4450098308532391,0.2580645161290322,16,0.4516129032258064,0.2903225806451613,0.5620031593698284,0.7973856209150326,0.1311134235171696,0.2903225806451613,0.1111111111111111,0.1111111111111111,cross-family,4.0
llama-8b,qwen3-32b,truthfulqa,654,327,0.8157843054737256,0.8104630175162958,0.1578868433879495,0.0489883851629822,0.3780487804878049,0.2293577981651376,0.8348436813212505,-0.0243806638049547,0.7235829382113363,0.0922013672623892,0.5035132062424185,0.4263259776863016,0.5794682684858372,0.1834862385321101,60,0.2507645259938837,0.3700305810397553,0.4333770570386462,0.5741179256452762,0.0927905432576756,0.2507645259938837,0.2682926829268292,0.5041322314049586,cross-family,4.0
llama-8b,qwen3-8b-base,boolq,1308,475,0.7919251911290832,0.7904795602451506,-0.0090269804822042,0.0665434380776339,0.1330275229357798,0.172782874617737,0.623061856321476,0.1674177039236746,0.7310696910343084,0.0608555000947748,0.142693798161848,0.5038119805613444,0.6617835017060261,0.1242105263157894,59,0.2421052631578947,0.3052631578947368,0.2550085371313356,0.2990777338603426,0.0739058171745152,0.2421052631578947,0.4869565217391304,0.593103448275862,cross-family,1.0
llama-8b,qwen3-8b-base,geometry_of_truth,2012,1000,0.9684239130434782,0.9775938735177866,-0.0032551194715705,0.1920046774816913,0.0069582504970178,0.1123260437375745,0.9732934782608696,0.004300395256917,0.9653250988142292,0.0030988142292488,0.8072470723604471,0.8450255871016202,0.9091265475723748,0.102,102,0.137,0.129,0.7316393178329434,0.7574712333935161,0.017673,0.129,0.2093023255813954,0.2093023255813954,cross-family,1.0
llama-8b,qwen3-8b-base,imdb,2000,1018,0.960672257811531,0.9662860766888473,0.0011570155854284,-0.0159697288410158,0.019,0.091,0.9595368899523444,0.0067491867365027,0.9281117081934548,0.0325605496180761,0.5538089334653785,0.7263638685276282,0.7697590315637114,0.0834970530451866,85,0.1198428290766208,0.1493123772102161,0.566767357916673,0.6434899481316015,0.0178940177010278,0.1198428290766208,0.3032786885245901,0.4407894736842106,cross-family,1.0
llama-8b,qwen3-8b-base,rte,111,62,0.7778143515470705,0.9213298222514812,0.0,-0.0717391304347826,0.2142857142857142,0.1785714285714285,0.9275839368005268,-0.0062541145490455,0.7448979591836735,0.0329163923633969,0.5036822230595287,0.2151901419996452,0.4196205007578855,0.2741935483870967,17,0.4516129032258064,0.3387096774193548,0.5147138645780373,0.6526610644257704,0.1529656607700312,0.3387096774193548,0.1904761904761904,0.1904761904761904,cross-family,1.0
llama-8b,qwen3-8b-base,truthfulqa,654,327,0.8157843054737256,0.7508346659933227,0.1578868433879495,0.2072648756066801,0.3780487804878049,0.4115853658536585,0.7766461857868304,-0.0258115197935077,0.7761037697911698,0.0396805356825558,0.4115134461180844,0.3677449187035411,0.5668391429842541,0.1223241590214067,40,0.2507645259938837,0.2813455657492354,0.2656307009314552,0.2872859366891542,0.070551487435588,0.2507645259938837,0.5121951219512195,0.5652173913043479,cross-family,1.0
olmo3-7b,gemma4-12b,boolq,1308,475,0.693311429835092,0.5145409742844506,0.0549822239778786,0.0205803937653815,0.2477064220183486,0.3516819571865443,0.4927781638971378,0.0217628103873127,0.5227775320654577,0.1705338977696342,0.1957435389876203,-0.047822835386452,-0.008918432523413,0.2631578947368421,125,0.4,0.5957894736842105,0.1033314572951779,0.1536458333333333,0.2383157894736842,0.4,0.3421052631578948,0.558303886925795,cross-family,1.7142857142857142
olmo3-7b,gemma4-12b,geometry_of_truth,2012,1000,0.9594693675889328,0.5481284584980237,0.0057037480063795,0.0430336120520169,0.0198807157057654,0.4846077457795432,0.562189723320158,-0.0140612648221343,0.7327430830039525,0.2267262845849802,0.5628077881991859,0.6233154633714415,0.6164540710362352,0.065,65,0.245,0.459,-0.2214218547910791,-0.4219910186296738,0.112455,0.245,0.7346938775510203,0.8583877995642701,cross-family,1.7142857142857142
olmo3-7b,gemma4-12b,imdb,2000,1018,0.9577723182311068,0.516761430703548,0.0886700831422018,-0.0111792828685258,0.128,0.4920159680638722,0.5225022907422004,-0.0057408600386524,0.4124236252545825,0.5453486929765243,0.0835709231323968,-0.1903472674035391,-0.015259055459148,0.0599214145383104,61,0.1277013752455795,0.5216110019646365,-0.0401207140556051,-0.1004201071997682,0.0666104422941087,0.1277013752455795,0.5307692307692308,0.8851224105461394,cross-family,1.7142857142857142
olmo3-7b,gemma4-12b,rte,111,62,0.8350888742593812,0.4512837393021724,0.0321637426900583,0.0153846153846154,0.25,0.5535714285714286,0.5032916392363398,-0.0520078999341673,0.8222514812376563,0.0128373930217248,0.3137706569423607,0.0271318534843085,-0.2921128251225739,0.2419354838709677,15,0.3709677419354839,0.5967741935483871,0.0867281341947335,0.1373913043478261,0.2213839750260146,0.3709677419354839,0.3478260869565217,0.5945945945945945,cross-family,1.7142857142857142
olmo3-7b,gemma4-12b,truthfulqa,654,327,0.7695760738433912,0.5465215236278278,0.2268442316325004,0.0792782738095237,0.5045871559633027,0.4664634146341463,0.601885363184917,-0.0553638395570892,0.6905610264755118,0.0790150473678794,0.1748505846574681,-0.0420422597183109,-0.2392118935493041,0.1498470948012232,49,0.2262996941896024,0.5076452599388379,0.1671523022491582,0.313832466006379,0.1148799670809602,0.2262996941896024,0.3378378378378378,0.7048192771084337,cross-family,1.7142857142857142
olmo3-7b,gemma4-31b,boolq,1308,475,0.693311429835092,0.7409439565299805,0.0549822239778786,0.0570612287691338,0.2477064220183486,0.2171253822629969,0.6208175901939723,0.1201263663360081,0.5372464775383838,0.1560649522967081,0.2131611517974383,0.2057914436606371,0.2032658510324368,0.1347368421052631,64,0.4,0.2673684210526316,0.1281671797189131,0.1732283464566929,0.1069473684210526,0.2673684210526316,0.4960629921259842,0.4960629921259842,cross-family,4.428571428571429
olmo3-7b,gemma4-31b,geometry_of_truth,2012,1000,0.9594693675889328,0.7396062252964427,0.0057037480063795,0.2751436089984276,0.0198807157057654,0.4393638170974155,0.6407865612648221,0.0988196640316205,0.8095820158102767,0.149887351778656,0.8350103434091132,0.8231626645638991,0.7588138341194591,0.056,56,0.245,0.307,-0.0968608031393842,-0.255467659376454,0.075215,0.245,0.7714285714285714,0.8175895765472313,cross-family,4.428571428571429
olmo3-7b,gemma4-31b,rte,111,62,0.8350888742593812,0.6109282422646478,0.0321637426900583,-0.0303225806451612,0.25,0.4107142857142857,0.5,0.1109282422646478,0.7574061882817642,0.0776826859776169,0.2838252537279613,0.0208054053526587,-0.1386026679149294,0.2419354838709677,15,0.3709677419354839,0.3709677419354839,0.4470457079152731,0.4470457079152731,0.1376170655567117,0.3709677419354839,0.3478260869565217,0.3478260869565217,cross-family,4.428571428571429
olmo3-7b,gemma4-31b,truthfulqa,654,327,0.7695760738433912,0.6755978265952173,0.2268442316325004,0.3501795600778093,0.5045871559633027,0.5443425076452599,0.7103124503175003,-0.034714623722283,0.6255552749955579,0.1440207988478333,0.357653622196641,0.1877369681620875,0.0717634654202882,0.073394495412844,24,0.2262996941896024,0.2538226299694189,0.0876130797948594,0.0944838280903854,0.0574399835404801,0.2262996941896024,0.6756756756756757,0.7108433734939759,cross-family,4.428571428571429
olmo3-7b,qwen3-32b,boolq,1308,475,0.693311429835092,0.8856687938333226,0.0549822239778786,0.007434434613884,0.2477064220183486,0.0596330275229357,0.7089176723320907,0.1767511215012319,0.526780817590194,0.1665306122448979,0.5739254876839196,0.5396064438389885,0.4706562378298214,0.1010526315789473,48,0.4,0.1810526315789473,0.1517781521857447,0.2635658914728682,0.0724210526315789,0.1810526315789473,0.4418604651162791,0.4418604651162791,cross-family,4.571428571428571
olmo3-7b,qwen3-32b,geometry_of_truth,2012,1000,0.9594693675889328,0.9955760869565216,0.0057037480063795,0.0771812890917433,0.0198807157057654,0.0208747514910536,0.9812569169960474,0.0143191699604742,0.985907114624506,-0.0264377470355732,0.8440701803637325,0.804117305266955,0.8238402386842005,0.042,42,0.245,0.042,0.3675634542928649,1.0000000000000002,0.01029,0.042,0.0,0.0,cross-family,4.571428571428571
olmo3-7b,qwen3-32b,imdb,2000,1018,0.9577723182311068,0.969971270691704,0.0886700831422018,-0.0036551600064942,0.128,0.0169660678642714,0.9687378710702268,0.0012333996214772,0.8962203754016301,0.0615519428294767,0.4746051669807691,0.6610638985167965,0.5967986837133112,0.0766208251473477,78,0.1277013752455795,0.093320235756385,0.6664750223745435,0.7948553816974869,0.011917122444332,0.093320235756385,0.1789473684210526,0.1789473684210526,cross-family,4.571428571428571
olmo3-7b,qwen3-32b,rte,111,62,0.8350888742593812,0.9486504279131008,0.0321637426900583,0.1222972972972972,0.25,0.1578947368421052,0.934167215273206,0.0144832126398947,0.783410138248848,0.0516787360105331,0.5553562077584476,0.315869772870617,0.1745602682103322,0.2580645161290322,16,0.3709677419354839,0.2903225806451613,0.6857550683285356,0.8233618233618234,0.1077003121748179,0.2903225806451613,0.1111111111111111,0.1111111111111111,cross-family,4.571428571428571
olmo3-7b,qwen3-32b,truthfulqa,654,327,0.7695760738433912,0.8104630175162958,0.2268442316325004,0.0489883851629822,0.5045871559633027,0.2293577981651376,0.8200955774392356,-0.0096325599229397,0.6976404904188761,0.0719355834245151,0.3780722485408862,0.396279107602154,0.3198510188098448,0.1223241590214067,40,0.2262996941896024,0.3700305810397553,0.1909971152356555,0.2706638677512464,0.0837378073300975,0.2262996941896024,0.4594594594594594,0.6694214876033058,cross-family,4.571428571428571
olmo3-7b,qwen3-8b-base,boolq,1308,475,0.693311429835092,0.7904795602451506,0.0549822239778786,0.0665434380776339,0.2477064220183486,0.172782874617737,0.6167157389271498,0.1737638213180008,0.5823693688001516,0.1109420610349404,0.1753758652201197,0.4514120265497752,0.4437829906452658,0.2042105263157894,97,0.4,0.3052631578947368,0.3639301321213053,0.4482758620689656,0.1221052631578947,0.3052631578947368,0.3310344827586207,0.3310344827586207,cross-family,1.1428571428571428
olmo3-7b,qwen3-8b-base,geometry_of_truth,2012,1000,0.9594693675889328,0.9775938735177866,0.0057037480063795,0.1920046774816913,0.0198807157057654,0.1123260437375745,0.9796956521739132,-0.0021017786561264,0.94972233201581,0.0097470355731226,0.758875319320054,0.830230387320681,0.8270282743616202,0.117,117,0.245,0.129,0.592341270087449,0.8767903896503926,0.031605,0.129,0.0930232558139534,0.0930232558139534,cross-family,1.1428571428571428
olmo3-7b,qwen3-8b-base,imdb,2000,1018,0.9577723182311068,0.9662860766888473,0.0886700831422018,-0.0159697288410158,0.128,0.091,0.9549083903184632,0.011377686370384,0.9215335768789088,0.036238741352198,0.572022575625159,0.660427548996851,0.6130175240622008,0.0923379174852652,94,0.1277013752455795,0.1493123772102161,0.615979047689722,0.6744714869426183,0.0190673959109313,0.1277013752455795,0.2769230769230769,0.3815789473684211,cross-family,1.1428571428571428
olmo3-7b,qwen3-8b-base,rte,111,62,0.8350888742593812,0.9213298222514812,0.0321637426900583,-0.0717391304347826,0.25,0.1785714285714285,0.8736010533245556,0.0477287689269255,0.8413429888084265,-0.0062541145490453,0.4263454934553666,0.2392608181174359,0.1883477491871626,0.2580645161290322,16,0.3709677419354839,0.3387096774193548,0.5791885732021206,0.6214896214896216,0.1256503642039542,0.3387096774193548,0.238095238095238,0.238095238095238,cross-family,1.1428571428571428
olmo3-7b,qwen3-8b-base,truthfulqa,654,327,0.7695760738433912,0.7508346659933227,0.2268442316325004,0.2072648756066801,0.5045871559633027,0.4115853658536585,0.7755707057954344,-0.0247360398021116,0.7437739060498088,0.0258021677935824,0.3825350443860831,0.3564806083649071,0.3215475701480238,0.0672782874617737,22,0.2262996941896024,0.2813455657492354,0.0191859513729291,0.0221966647498562,0.0636684154906526,0.2262996941896024,0.7027027027027027,0.7608695652173914,cross-family,1.1428571428571428
gemma4-12b,gemma4-31b,boolq,1308,475,0.5145409742844506,0.7409439565299805,0.0205803937653815,0.0570612287691338,0.3516819571865443,0.2171253822629969,0.4857446136349276,0.2551993428950528,0.4889821191634548,0.0255588551209957,0.3309960789331739,0.2118892007228263,0.1240454748010714,0.1494736842105263,71,0.5957894736842105,0.2673684210526316,-0.0452204043611933,-0.0616566038785787,0.1592952908587257,0.2673684210526316,0.4409448818897638,0.4409448818897638,same-family,2.5833333333333335
gemma4-12b,gemma4-31b,geometry_of_truth,2012,1000,0.5481284584980237,0.7396062252964427,0.0430336120520169,0.2751436089984276,0.4846077457795432,0.4393638170974155,0.5865573122529645,0.1530489130434782,0.5002282608695652,0.0479001976284585,0.4638891811323676,0.7137130350294703,0.6424803131959256,0.144,144,0.459,0.307,0.0134306134306973,0.0185866443490459,0.140913,0.307,0.5309446254071661,0.5309446254071661,same-family,2.5833333333333335
gemma4-12b,gemma4-31b,rte,111,62,0.4512837393021724,0.6109282422646478,0.0153846153846154,-0.0303225806451612,0.5535714285714286,0.4107142857142857,0.4447004608294931,0.1662277814351547,0.4502962475312706,0.0009874917709018,0.2370150988380662,-0.1529314648018378,-0.0305126263402331,0.2419354838709677,15,0.5967741935483871,0.3709677419354839,0.0867281341947334,0.1373913043478261,0.2213839750260146,0.3709677419354839,0.3478260869565217,0.3478260869565217,same-family,2.5833333333333335
gemma4-12b,gemma4-31b,truthfulqa,654,327,0.5465215236278278,0.6755978265952173,0.0792782738095237,0.3501795600778093,0.4664634146341463,0.5443425076452599,0.5985279952117761,0.0770698313834411,0.5395823396833412,0.0069391839444865,0.1798576078923201,-0.0890028866702754,-0.0228365068434788,0.1070336391437308,35,0.5076452599388379,0.2538226299694189,-0.1002798781095406,-0.1693279140659021,0.1288518549691851,0.2538226299694189,0.5783132530120482,0.5783132530120482,same-family,2.5833333333333335
gemma4-12b,qwen38-27b,boolq,1308,475,0.5145409742844506,0.915890566753017,0.0205803937653815,0.22122248661511,0.3516819571865443,0.1173780487804878,0.5487432867883996,0.3671472799646175,0.4947899159663865,0.019751058318064,0.1948886042715325,0.143400044367885,-0.0218968237056498,0.0905263157894736,43,0.5957894736842105,0.1684210526315789,-0.053454756693327,-0.0978356890459363,0.1003434903047091,0.1684210526315789,0.4624999999999999,0.4624999999999999,cross-family,2.25
gemma4-12b,qwen38-27b,geometry_of_truth,2012,1000,0.5481284584980237,0.9905108695652174,0.0430336120520169,0.3102735805860805,0.4846077457795432,0.0954274353876739,0.7759169960474308,0.2145938735177865,0.5622826086956522,-0.0141541501976284,0.5517228930984758,0.645275402760443,0.5927164296515091,0.01,10,0.459,0.046,-0.1064663373963314,-0.5263806005493984,0.021114,0.046,0.7826086956521738,0.7826086956521738,cross-family,2.25
gemma4-12b,qwen38-27b,rte,111,62,0.4512837393021724,0.935483870967742,0.0153846153846154,0.4003831417624521,0.5535714285714286,0.4464285714285714,0.933508887425938,0.0019749835418039,0.4940750493745885,-0.042791310072416,0.2489705294833831,-0.1724831044040757,-0.0424207446862254,0.1774193548387097,11,0.5967741935483871,0.3225806451612903,-0.065798725895509,-0.0783783783783784,0.1925078043704474,0.3225806451612903,0.4499999999999999,0.4499999999999999,cross-family,2.25
gemma4-12b,qwen38-27b,truthfulqa,654,327,0.5465215236278278,0.8266887373864902,0.0792782738095237,0.323365290989439,0.4664634146341463,0.4923547400611621,0.6631409626948723,0.1635477746916178,0.5022865639817076,0.0442349596461202,0.1226568920094822,-0.1455855510451302,-0.0760111070900921,0.2018348623853211,66,0.5076452599388379,0.3302752293577982,0.1453341335551561,0.2101449275362318,0.1676626546586987,0.3302752293577982,0.3888888888888888,0.3888888888888888,cross-family,2.25
gemma4-12b-base,gemma4-31b,boolq,1308,475,0.7796802931698995,0.7409439565299805,0.0152513464991023,0.0570612287691338,0.1491628614916286,0.2171253822629969,0.5592620205977128,0.1816819359322676,0.5443710115625198,0.2353092816073797,0.1831673388859977,0.1946017954066975,0.2296118029990832,0.1157894736842105,55,0.2989473684210526,0.2673684210526316,0.1769882478218199,0.191317301553522,0.0799290858725761,0.2673684210526316,0.5669291338582677,0.5669291338582677,same-family,2.5833333333333335
gemma4-12b-base,gemma4-31b,geometry_of_truth,2012,1000,0.9666847826086956,0.7396062252964427,0.0750093052109182,0.2751436089984276,0.0934393638170974,0.4393638170974155,0.6017796442687746,0.1378265810276681,0.7494891304347826,0.217195652173913,0.8535078307482329,0.8256971035669899,0.7894155559460154,0.009,9,0.075,0.307,-0.1154424584357824,-0.6091205211726382,0.023025,0.075,0.88,0.970684039087948,same-family,2.5833333333333335
gemma4-12b-base,gemma4-31b,rte,111,62,0.7162606978275182,0.6109282422646478,0.0401844532279315,-0.0303225806451612,0.375,0.4107142857142857,0.4871626069782752,0.1237656352863726,0.5368663594470047,0.1793943383805135,0.3366602290192614,0.02784109988038,-0.0662111255982755,0.2419354838709677,15,0.5483870967741935,0.3709677419354839,0.1601574036279276,0.2298136645962732,0.2034339229968782,0.3709677419354839,0.3478260869565217,0.3478260869565217,same-family,2.5833333333333335
gemma4-12b-base,gemma4-31b,truthfulqa,654,327,0.6888589624891284,0.6755978265952173,0.0701323813773613,0.3501795600778093,0.4390243902439024,0.5443425076452599,0.6853332585173338,-0.0097354319221165,0.597714371218285,0.0911445912708434,0.3543276681966797,0.1815268941280117,0.155516668531779,0.0672782874617737,22,0.2844036697247706,0.2538226299694189,-0.0250078261223377,-0.0680139914496696,0.0721880874224953,0.2538226299694189,0.7349397590361446,0.7349397590361446,same-family,2.5833333333333335
gemma4-12b-base,qwen38-27b,boolq,1308,475,0.7796802931698995,0.915890566753017,0.0152513464991023,0.22122248661511,0.1491628614916286,0.1173780487804878,0.7891122764895431,0.1267782902634739,0.5882656220382889,0.1914146711316106,0.6016866517692749,0.6064550067313735,0.5283255669761923,0.0821052631578947,39,0.2989473684210526,0.1684210526315789,0.1853558786666709,0.2689564564564564,0.0503490304709141,0.1684210526315789,0.5125,0.5125,cross-family,2.25
gemma4-12b-base,qwen38-27b,geometry_of_truth,2012,1000,0.9666847826086956,0.9905108695652174,0.0750093052109182,0.3102735805860805,0.0934393638170974,0.0954274353876739,0.9876215415019762,0.0028893280632411,0.966965415019763,-0.0002806324110673,0.9053120460439172,0.8673039790323338,0.8626741683621525,0.013,13,0.075,0.046,0.1730807507546771,0.2244418331374851,0.00345,0.046,0.7173913043478262,0.7173913043478262,cross-family,2.25
gemma4-12b-base,qwen38-27b,rte,111,62,0.7162606978275182,0.935483870967742,0.0401844532279315,0.4003831417624521,0.375,0.4464285714285714,0.7992100065832785,0.1362738643844635,0.5302830809743252,0.185977616853193,0.858339408786396,0.4006592188873003,0.2574423621229568,0.2903225806451613,18,0.5483870967741935,0.3225806451612903,0.4875603409162949,0.7785714285714287,0.1768990634755463,0.3225806451612903,0.0999999999999998,0.0999999999999998,cross-family,2.25
gemma4-12b-base,qwen38-27b,truthfulqa,654,327,0.6888589624891284,0.8266887373864902,0.0701323813773613,0.323365290989439,0.4390243902439024,0.4923547400611621,0.7345995941232033,0.0920891432632868,0.5879695872962433,0.1008893751928851,0.7824299168075719,0.4896662243819921,0.4245723898266021,0.1376146788990825,45,0.2844036697247706,0.3302752293577982,0.2058858639522848,0.2293415819708352,0.0939314872485481,0.2844036697247706,0.5161290322580645,0.5833333333333333,cross-family,2.25
llama-8b,gemma4-12b,boolq,1308,475,0.7919251911290832,0.5145409742844506,-0.0090269804822042,0.0205803937653815,0.1330275229357798,0.3516819571865443,0.4991798824793075,0.015361091805143,0.408827952233525,0.3830972388955582,0.1886989739599356,-0.0099832483908381,0.1680419050079125,0.0905263157894736,43,0.2421052631578947,0.5957894736842105,-0.2555398391887421,-0.3724074358580427,0.1442437673130193,0.2421052631578947,0.6260869565217391,0.8480565371024735,cross-family,1.5
llama-8b,gemma4-12b,geometry_of_truth,2012,1000,0.9684239130434782,0.5481284584980237,-0.0032551194715705,0.0430336120520169,0.0069582504970178,0.4846077457795432,0.576441699604743,-0.0283132411067192,0.7845069169960475,0.1839169960474307,0.5281683423029837,0.60089987231235,0.706247874606011,0.031,31,0.137,0.459,-0.1860752119747971,-0.5070209754623665,0.062883,0.137,0.7737226277372263,0.9324618736383442,cross-family,1.5
llama-8b,gemma4-12b,imdb,2000,1018,0.960672257811531,0.516761430703548,0.0011570155854284,-0.0111792828685258,0.019,0.4920159680638722,0.4932128009475069,0.0235486297560409,0.7869819821622206,0.1736902756493104,0.0918331604984503,-0.1058547037186514,0.0796614166857093,0.0491159135559921,50,0.1198428290766208,0.5216110019646365,-0.0825669759651254,-0.2142879194838071,0.0625113381529328,0.1198428290766208,0.5901639344262295,0.9058380414312618,cross-family,1.5
llama-8b,gemma4-12b,rte,111,62,0.7778143515470705,0.4512837393021724,0.0,0.0153846153846154,0.2142857142857142,0.5535714285714286,0.4160631994733377,0.0352205398288347,0.7132982225148125,0.064516129032258,0.2836857256561791,-0.1075165018641837,-0.1755526330809851,0.2741935483870967,17,0.4516129032258064,0.5967741935483871,0.0191815264295167,0.0257142857142857,0.2695109261186264,0.4516129032258064,0.3928571428571429,0.5405405405405406,cross-family,1.5
llama-8b,gemma4-12b,truthfulqa,654,327,0.8157843054737256,0.5465215236278278,0.1578868433879495,0.0792782738095237,0.3780487804878049,0.4664634146341463,0.5439216676486267,0.002599855979201,0.6464008828287929,0.1693834226449326,0.1318258221151197,-0.1162902730960833,-0.1519009298414237,0.1376146788990825,45,0.2507645259938837,0.5076452599388379,0.0476012724327546,0.083547947280715,0.1272994229816046,0.2507645259938837,0.4512195121951219,0.7289156626506024,cross-family,1.5
llama-8b,gemma4-31b,boolq,1308,475,0.7919251911290832,0.7409439565299805,-0.0090269804822042,0.0570612287691338,0.1330275229357798,0.2171253822629969,0.5616351803879447,0.1793087761420357,0.5740671005244203,0.2178580906046628,0.2255247132295846,0.2670675063719979,0.430658747810123,0.08,38,0.2421052631578947,0.2673684210526316,0.0805373940885778,0.0860819590204897,0.0647313019390581,0.2421052631578947,0.6695652173913044,0.7007874015748032,cross-family,3.875
llama-8b,gemma4-31b,geometry_of_truth,2012,1000,0.9684239130434782,0.7396062252964427,-0.0032551194715705,0.2751436089984276,0.0069582504970178,0.4393638170974155,0.7006156126482214,0.0389906126482213,0.8326768774703557,0.1357470355731225,0.884884151625678,0.8276892511940859,0.8419637117184366,0.019,19,0.137,0.307,-0.1453914885021231,-0.5482536436910053,0.042059,0.137,0.8613138686131387,0.9381107491856676,cross-family,3.875
llama-8b,gemma4-31b,rte,111,62,0.7778143515470705,0.6109282422646478,0.0,-0.0303225806451612,0.2142857142857142,0.4107142857142857,0.5730743910467413,0.0378538512179065,0.6863067807768268,0.0915075707702436,0.3197017661430493,-0.030339002610443,0.0674989591058993,0.2258064516129032,14,0.4516129032258064,0.3709677419354839,0.2424003946801068,0.2864450127877238,0.1675338189386056,0.3709677419354839,0.391304347826087,0.391304347826087,cross-family,3.875
llama-8b,gemma4-31b,truthfulqa,654,327,0.8157843054737256,0.6755978265952173,0.1578868433879495,0.3501795600778093,0.3780487804878049,0.5443425076452599,0.6658623946731008,0.0097354319221164,0.6586613547307092,0.1571229507430164,0.3508686624902998,0.1708136478202654,0.2871932710567441,0.0886850152905198,29,0.2507645259938837,0.2538226299694189,0.1327163543870739,0.1337964814074371,0.0636497114908023,0.2507645259938837,0.646341463414634,0.6506024096385542,cross-family,3.875
llama-8b,qwen3-8b,boolq,1308,475,0.7919251911290832,0.8601175206924876,-0.0090269804822042,-0.0331441596501836,0.1330275229357798,0.1129770992366412,0.7000796107916851,0.1600379099008024,0.683657041764074,0.1082681493650091,0.5998773030977419,0.5430269163503942,0.6640250806403813,0.1157894736842105,55,0.2421052631578947,0.2084210526315789,0.3754791215985077,0.4135802469135802,0.0504598337950138,0.2084210526315789,0.4444444444444444,0.4444444444444444,cross-family,1.0
llama-8b,qwen3-8b,geometry_of_truth,2012,1000,0.9684239130434782,0.989439723320158,-0.0032551194715705,0.2421816513318362,0.0069582504970178,0.0427435387673956,0.974001976284585,0.0154377470355731,0.9942658102766796,-0.0258418972332015,0.8891888899842526,0.8278566265564234,0.9073184802794156,0.028,28,0.137,0.029,0.4164139336593663,0.960043153394334,0.003973,0.029,0.0344827586206897,0.0344827586206897,cross-family,1.0
llama-8b,qwen3-8b,imdb,2000,1018,0.960672257811531,0.964983654704124,0.0011570155854284,-0.0316082776242029,0.019,0.101,0.9630900411733402,0.0018936135307838,0.9565609257399396,0.0041113320715913,0.6099297822415837,0.7030563045538131,0.7524854067552869,0.0707269155206286,72,0.1198428290766208,0.1021611001964636,0.5945744807984715,0.6504120879120878,0.0122432752691243,0.1021611001964636,0.3076923076923077,0.3076923076923077,cross-family,1.0
llama-8b,qwen3-8b,rte,111,62,0.7778143515470705,0.9305464121132324,0.0,0.0493197278911564,0.2142857142857142,0.25,0.924292297564187,0.0062541145490453,0.7903225806451613,-0.0125082290980907,0.69455400837532,0.2032432586797298,0.4231817609120289,0.1451612903225806,9,0.4516129032258064,0.1612903225806451,0.3951160303508412,0.8176470588235296,0.072840790842872,0.1612903225806451,0.0999999999999998,0.0999999999999998,cross-family,1.0
llama-8b,qwen3-8b,truthfulqa,654,327,0.8157843054737256,0.7823322017413423,0.1578868433879495,0.1042340012928249,0.3780487804878049,0.345565749235474,0.7870830177033359,-0.0047508159619935,0.7575494019396047,0.0582349035341208,0.4895280969765285,0.3434506577105133,0.5644396112538319,0.1681957186544342,55,0.2507645259938837,0.3425076452599388,0.4001416985450106,0.4992058990357346,0.0858887673128898,0.2507645259938837,0.3292682926829268,0.5089285714285714,cross-family,1.0
llama-8b,qwen38-27b,boolq,1308,475,0.7919251911290832,0.915890566753017,-0.0090269804822042,0.22122248661511,0.1330275229357798,0.1173780487804878,0.6770329184305302,0.2388576483224869,0.7601010930688065,0.0318240980602767,0.9344339063938496,0.6456573470000779,0.6994654379120977,0.0842105263157894,40,0.2421052631578947,0.1684210526315789,0.2709457628992754,0.3402777777777779,0.040775623268698,0.1684210526315789,0.5,0.5,cross-family,3.375
llama-8b,qwen38-27b,geometry_of_truth,2012,1000,0.9684239130434782,0.9905108695652174,-0.0032551194715705,0.3102735805860805,0.0069582504970178,0.0954274353876739,0.9780128458498024,0.0124980237154149,0.9858181818181818,-0.0173942687747036,0.9559949081208062,0.8834592182723996,0.9130994362777902,0.042,42,0.137,0.046,0.4955929281319181,0.899239256385712,0.006302,0.046,0.0869565217391303,0.0869565217391303,cross-family,3.375
llama-8b,qwen38-27b,rte,111,62,0.7778143515470705,0.935483870967742,0.0,0.4003831417624521,0.2142857142857142,0.4464285714285714,0.9430546412113232,-0.0075707702435812,0.6431863067807768,0.1346280447662936,0.9438163248660408,0.4035692649639868,0.4523862584243187,0.2419354838709677,15,0.4516129032258064,0.3225806451612903,0.4137553351812595,0.5441176470588237,0.145681581685744,0.3225806451612903,0.25,0.25,cross-family,3.375
llama-8b,qwen38-27b,truthfulqa,654,327,0.8157843054737256,0.8266887373864902,0.1578868433879495,0.323365290989439,0.3780487804878049,0.4923547400611621,0.8152512414779901,0.0114374959085,0.6660400826716794,0.1497442228020462,0.886139494424209,0.5064214172453088,0.5938352481064584,0.1651376146788991,54,0.2507645259938837,0.3302752293577982,0.4037917678535272,0.4901436685599733,0.0828213113374295,0.2507645259938837,0.3414634146341462,0.5,cross-family,3.375
olmo3-7b,gemma4-12b-base,boolq,1308,475,0.693311429835092,0.7796802931698995,0.0549822239778786,0.0152513464991023,0.2477064220183486,0.1491628614916286,0.6134302141909396,0.1662500789789599,0.5475251153092815,0.1457863145258104,0.5280121760649664,0.4554555503041938,0.4260679770336855,0.1747368421052631,83,0.4,0.2989473684210526,0.2459401205190179,0.3075117370892019,0.119578947368421,0.2989473684210526,0.4154929577464789,0.4154929577464789,cross-family,1.7142857142857142
olmo3-7b,gemma4-12b-base,geometry_of_truth,2012,1000,0.9594693675889328,0.9666847826086956,0.0057037480063795,0.0750093052109182,0.0198807157057654,0.0934393638170974,0.9390671936758892,0.0276175889328063,0.9712994071146244,-0.0118300395256917,0.9085211493611308,0.8381961678753677,0.8031377836951171,0.052,52,0.245,0.075,0.2968275975011692,0.5938189845474615,0.018375,0.075,0.3066666666666666,0.3066666666666666,cross-family,1.7142857142857142
olmo3-7b,gemma4-12b-base,imdb,2000,1018,0.9577723182311068,0.7319851631928744,0.0886700831422018,0.2445151986518892,0.128,0.4132804757185332,0.6311404895186041,0.1008446736742703,0.6423541227357663,0.3154181954953405,0.7818800427343559,0.5928344902198944,0.5936058603231459,0.0412573673870334,42,0.1277013752455795,0.2210216110019646,0.0941067409897425,0.1310117373169075,0.0282247636839444,0.1277013752455795,0.676923076923077,0.8133333333333334,cross-family,1.7142857142857142
olmo3-7b,gemma4-12b-base,rte,111,62,0.8350888742593812,0.7162606978275182,0.0321637426900583,0.0401844532279315,0.25,0.375,0.5240289664252797,0.1922317314022384,0.7011191573403555,0.1339697169190257,0.7565894699957323,0.2364521780236155,0.1763983801245268,0.3064516129032258,19,0.3709677419354839,0.5483870967741935,0.4285292691666173,0.6149068322981365,0.2034339229968782,0.3709677419354839,0.1739130434782608,0.4411764705882353,cross-family,1.7142857142857142
olmo3-7b,gemma4-12b-base,truthfulqa,654,327,0.7695760738433912,0.6888589624891284,0.2268442316325004,0.0701323813773613,0.5045871559633027,0.4390243902439024,0.666227122670183,0.0226318398189453,0.6981080904151353,0.0714679834282558,0.7014753788139229,0.3780123331609243,0.2811470299206996,0.1070336391437308,35,0.2262996941896024,0.2844036697247706,0.226060636116923,0.2635135135135134,0.0643604634851162,0.2262996941896024,0.527027027027027,0.6236559139784946,cross-family,1.7142857142857142
olmo3-7b,llama-8b,boolq,1308,475,0.693311429835092,0.7919251911290832,0.0549822239778786,-0.0090269804822042,0.2477064220183486,0.1330275229357798,0.7584204207998989,0.0335047703291843,0.5344108169583623,0.1589006128767296,0.8893621595327759,0.6471998135302348,0.4923633300367945,0.1221052631578947,58,0.4,0.2421052631578947,0.1203858530857692,0.1739130434782609,0.0968421052631579,0.2421052631578947,0.4956521739130435,0.4956521739130435,cross-family,1.1428571428571428
olmo3-7b,llama-8b,geometry_of_truth,2012,1000,0.9594693675889328,0.9684239130434782,0.0057037480063795,-0.0032551194715705,0.0198807157057654,0.0069582504970178,0.9747025691699605,-0.0062786561264822,0.9444693675889329,0.0149999999999999,0.9623223728083706,0.8961081289815551,0.825192919413034,0.123,123,0.245,0.137,0.6047631380744172,0.8646492966597378,0.033565,0.137,0.1021897810218979,0.1021897810218979,cross-family,1.1428571428571428
olmo3-7b,llama-8b,imdb,2000,1018,0.9577723182311068,0.960672257811531,0.0886700831422018,0.0011570155854284,0.128,0.019,0.9490304858774242,0.0116417719341067,0.9356831613442754,0.0220891568868314,0.8663807301474715,0.7201762240966998,0.6352907794930093,0.0795677799607072,81,0.1277013752455795,0.1198428290766208,0.5928558476330501,0.6147356372766207,0.0153040940864054,0.1198428290766208,0.3360655737704917,0.3360655737704917,cross-family,1.1428571428571428
olmo3-7b,llama-8b,rte,111,62,0.8350888742593812,0.7778143515470705,0.0321637426900583,0.0,0.25,0.2142857142857142,0.6514154048716261,0.1263989466754443,0.8406846609611586,-0.0055957867017774,0.8179044328644003,0.4027890912543567,0.1399427494492142,0.2741935483870967,17,0.3709677419354839,0.4516129032258064,0.4436792938341241,0.5242966751918159,0.1675338189386056,0.3709677419354839,0.2608695652173913,0.3928571428571429,cross-family,1.1428571428571428
olmo3-7b,llama-8b,truthfulqa,654,327,0.7695760738433912,0.8157843054737256,0.2268442316325004,0.1578868433879495,0.5045871559633027,0.3780487804878049,0.7594759139241927,0.0563083915495329,0.7590924819272602,0.010483591916131,0.7990418836625793,0.5418240153729301,0.3026374089336189,0.091743119266055,30,0.2262996941896024,0.2507645259938837,0.1929468506885099,0.2063982349696635,0.0567479355460165,0.2262996941896024,0.5945945945945945,0.6341463414634145,cross-family,1.1428571428571428
olmo3-7b,qwen3-8b,boolq,1308,475,0.693311429835092,0.8601175206924876,0.0549822239778786,-0.0331441596501836,0.2477064220183486,0.1129770992366412,0.8235850129525494,0.0365325077399382,0.549749162823024,0.1435622670120679,0.5775004510406001,0.4847461203817557,0.4456814705276702,0.1263157894736842,60,0.4,0.2084210526315789,0.2158306043505858,0.3434343434343435,0.0833684210526315,0.2084210526315789,0.3939393939393939,0.3939393939393939,cross-family,1.1428571428571428
olmo3-7b,qwen3-8b,geometry_of_truth,2012,1000,0.9594693675889328,0.989439723320158,0.0057037480063795,0.2421816513318362,0.0198807157057654,0.0427435387673956,0.9779584980237156,0.0114812252964425,0.9873379446640316,-0.0278685770750988,0.8653402026881076,0.8110801633295133,0.8234531516730262,0.029,29,0.245,0.029,0.3033750197603602,1.0000000000000004,0.007105,0.029,0.0,0.0,cross-family,1.1428571428571428
olmo3-7b,qwen3-8b,imdb,2000,1018,0.9577723182311068,0.964983654704124,0.0886700831422018,-0.0316082776242029,0.128,0.101,0.9625468651843196,0.0024367895198044,0.9581454391222756,-0.0003731208911688,0.6240341554862884,0.6348660141215922,0.5896537957908036,0.0795677799607072,81,0.1277013752455795,0.1021611001964636,0.6580982760530345,0.7464700277200274,0.0130461129916898,0.1021611001964636,0.2211538461538461,0.2211538461538461,cross-family,1.1428571428571428
olmo3-7b,qwen3-8b,rte,111,62,0.8350888742593812,0.9305464121132324,0.0321637426900583,0.0493197278911564,0.25,0.25,0.869321922317314,0.0612244897959183,0.8551678736010533,-0.0200789993416721,0.5671341684327251,0.2202387002063637,0.1867005796998185,0.1290322580645161,8,0.3709677419354839,0.1612903225806451,0.3894787282860583,0.6820512820512821,0.0598335067637877,0.1612903225806451,0.1999999999999999,0.1999999999999999,cross-family,1.1428571428571428
olmo3-7b,qwen3-8b,truthfulqa,654,327,0.7695760738433912,0.7823322017413423,0.2268442316325004,0.1042340012928249,0.5045871559633027,0.345565749235474,0.7707450738340393,0.0115871279073029,0.7415855380673158,0.0279905357760754,0.474250613578715,0.3167967674586213,0.2994264068922089,0.128440366972477,42,0.2262996941896024,0.3425076452599388,0.2564916759220508,0.3423004399748585,0.0775093753799249,0.2262996941896024,0.4324324324324323,0.625,cross-family,1.1428571428571428
olmo3-7b,qwen38-27b,boolq,1308,475,0.693311429835092,0.915890566753017,0.0549822239778786,0.22122248661511,0.2477064220183486,0.1173780487804878,0.8229102167182663,0.0929803500347508,0.5711783660832754,0.1221330637518165,0.8548232461156507,0.5835429908562979,0.4775593906229722,0.0884210526315789,42,0.4,0.1684210526315789,0.1148288030436563,0.2083333333333333,0.0673684210526315,0.1684210526315789,0.475,0.475,cross-family,3.857142857142857
olmo3-7b,qwen38-27b,geometry_of_truth,2012,1000,0.9594693675889328,0.9905108695652174,0.0057037480063795,0.3102735805860805,0.0198807157057654,0.0954274353876739,0.9835088932806324,0.0070019762845849,0.9752450592885376,-0.0157756916996049,0.9604455996733654,0.8656211455024846,0.8275386905531716,0.045,45,0.245,0.046,0.3743748967857823,0.9712064497552548,0.0112699999999999,0.046,0.0217391304347825,0.0217391304347825,cross-family,3.857142857142857
olmo3-7b,qwen38-27b,rte,111,62,0.8350888742593812,0.935483870967742,0.0321637426900583,0.4003831417624521,0.25,0.4464285714285714,0.9121132323897302,0.0233706385780118,0.7906517445687953,0.0444371296905858,0.7884280101136392,0.3756904053388931,0.1689501791150347,0.2741935483870967,17,0.3709677419354839,0.3225806451612903,0.6843063663724107,0.7615384615384617,0.1196670135275754,0.3225806451612903,0.15,0.15,cross-family,3.857142857142857
olmo3-7b,qwen38-27b,truthfulqa,654,327,0.7695760738433912,0.8266887373864902,0.2268442316325004,0.323365290989439,0.5045871559633027,0.4923547400611621,0.7442976180456191,0.082391119340871,0.6800026185599792,0.0895734552834119,0.7720825178814413,0.4651832238932214,0.3201446896985473,0.1223241590214067,40,0.2262996941896024,0.3302752293577982,0.2417892827874553,0.3139577934098482,0.0747411834020705,0.2262996941896024,0.4594594594594594,0.6296296296296297,cross-family,3.857142857142857
qwen3-1.7b,gemma4-12b-base,boolq,1308,475,0.723548366715107,0.7796802931698995,0.1377278610721606,0.0152513464991023,0.2232415902140672,0.1491628614916286,0.4937360207240791,0.2859442724458204,0.6248132937385481,0.0987350729765589,0.634512655723927,0.4245215945705728,0.5823892187110737,0.1536842105263157,73,0.4252631578947368,0.2989473684210526,0.117321071942823,0.1545426404581334,0.1271313019390581,0.2989473684210526,0.4859154929577465,0.4859154929577465,cross-family,7.0588235294117645
qwen3-1.7b,gemma4-12b-base,geometry_of_truth,2012,1000,0.9550187747035572,0.9666847826086956,0.2676211805260021,0.0750093052109182,0.246520874751491,0.0934393638170974,0.9226946640316206,0.043990118577075,0.96923023715415,-0.0142114624505929,0.8838039656096092,0.8188445090900809,0.8256497061183524,0.039,39,0.14,0.075,0.3118387769742854,0.4418604651162789,0.0105,0.075,0.48,0.48,cross-family,7.0588235294117645
qwen3-1.7b,gemma4-12b-base,imdb,2000,1018,0.9209063736650672,0.7319851631928744,0.0728246931672466,0.2445151986518892,0.2057942057942058,0.4132804757185332,0.54941100916697,0.1825741540259043,0.523139497197092,0.3977668764679753,0.7899285924056509,0.5185137259095846,0.6246827667745907,0.0648330058939096,66,0.1090373280943025,0.2210216110019646,0.3149584265172037,0.4795678402235778,0.0240996059147525,0.1090373280943025,0.4054054054054054,0.7066666666666667,cross-family,7.0588235294117645
qwen3-1.7b,gemma4-12b-base,rte,111,62,0.6132323897300855,0.7162606978275182,-0.1052631578947368,0.0401844532279315,0.3392857142857143,0.375,0.4470046082949309,0.2692560895325873,0.5819618169848586,0.0312705727452269,0.7968058068627611,0.2021356579061299,0.2915597203545976,0.3387096774193548,21,0.4354838709677419,0.5483870967741935,0.4048525191040435,0.5079365079365078,0.2388137356919875,0.4354838709677419,0.2222222222222223,0.3823529411764705,cross-family,7.0588235294117645
qwen3-1.7b,gemma4-12b-base,truthfulqa,654,327,0.7136230582910155,0.6888589624891284,0.2088194921070692,0.0701323813773613,0.4311926605504587,0.4390243902439024,0.5746242834030058,0.1142346790861226,0.6928896744568827,0.0207333838341328,0.7399635201269014,0.3146878262352167,0.3923067811190572,0.1406727828746177,46,0.3944954128440367,0.2844036697247706,0.1291547680219726,0.1653633105246008,0.1121959431024324,0.2844036697247706,0.5053763440860215,0.5053763440860215,cross-family,7.0588235294117645
qwen3-1.7b,llama-8b,boolq,1308,475,0.723548366715107,0.7919251911290832,0.1377278610721606,-0.0090269804822042,0.2232415902140672,0.1330275229357798,0.5142907689391546,0.2776344221899286,0.5468402097681178,0.1767081569469892,0.7849564337638992,0.6238904118366626,0.6378054041723074,0.1242105263157894,59,0.4252631578947368,0.2421052631578947,0.1003532478660125,0.1527313266443701,0.1029584487534626,0.2421052631578947,0.4869565217391304,0.4869565217391304,cross-family,4.705882352941177
qwen3-1.7b,llama-8b,geometry_of_truth,2012,1000,0.9550187747035572,0.9684239130434782,0.2676211805260021,-0.0032551194715705,0.246520874751491,0.0069582504970178,0.9577638339920947,0.0106600790513834,0.9474179841897232,0.0076007905138338,0.9142612888668602,0.8819673903494525,0.8578164023861197,0.103,103,0.14,0.137,0.7025362393052296,0.7114242064165672,0.01918,0.137,0.2481751824817519,0.2481751824817519,cross-family,4.705882352941177
qwen3-1.7b,llama-8b,imdb,2000,1018,0.9209063736650672,0.960672257811531,0.0728246931672466,0.0011570155854284,0.2057942057942058,0.019,0.84083142938312,0.1198408284284109,0.7883174148424089,0.1325889588226584,0.7017755209898096,0.675353527671361,0.675620115689846,0.0530451866404715,54,0.1090373280943025,0.1198428290766208,0.394926139767277,0.4165661196911194,0.0130673418737769,0.1090373280943025,0.5135135135135136,0.5573770491803278,cross-family,4.705882352941177
qwen3-1.7b,llama-8b,rte,111,62,0.6132323897300855,0.7778143515470705,-0.1052631578947368,0.0,0.3392857142857143,0.2142857142857142,0.4473337722185648,0.3304805793285056,0.8238973008558261,-0.2106649111257406,0.7830728666169822,0.3912159143688718,0.2791961764567215,0.2419354838709677,15,0.4354838709677419,0.4516129032258064,0.1834487977190197,0.1895424836601307,0.1966701352757544,0.4354838709677419,0.4444444444444444,0.4642857142857143,cross-family,4.705882352941177
qwen3-1.7b,llama-8b,truthfulqa,654,327,0.7136230582910155,0.8157843054737256,0.2088194921070692,0.1578868433879495,0.4311926605504587,0.3780487804878049,0.6132293390941652,0.2025549663795603,0.7153625302770996,-0.0017394719860841,0.6927264186628145,0.4966993587365922,0.413783235079195,0.1131498470948012,37,0.3944954128440367,0.2507645259938837,0.0671447089119951,0.093680709534368,0.0989254552085963,0.2507645259938837,0.5487804878048781,0.5487804878048781,cross-family,4.705882352941177
qwen3-1.7b,qwen3-32b,boolq,1308,475,0.723548366715107,0.8856687938333226,0.1377278610721606,0.007434434613884,0.2232415902140672,0.0596330275229357,0.5952612623996967,0.2904075314336259,0.5929639224110697,0.1305844443040373,0.6371198599620823,0.517798569526098,0.6189728311562156,0.08,38,0.4252631578947368,0.1810526315789473,0.0157851480432135,0.0288780986455405,0.0769950138504155,0.1810526315789473,0.558139534883721,0.558139534883721,same-family,18.823529411764707
qwen3-1.7b,qwen3-32b,geometry_of_truth,2012,1000,0.9550187747035572,0.9955760869565216,0.2676211805260021,0.0771812890917433,0.246520874751491,0.0208747514910536,0.970594861660079,0.0249812252964426,0.9836353754940712,-0.0286166007905138,0.8356244298543037,0.7704508916305141,0.8530892333400566,0.04,40,0.14,0.042,0.4902170129010226,0.9446290143964566,0.00588,0.042,0.0476190476190476,0.0476190476190476,same-family,18.823529411764707
qwen3-1.7b,qwen3-32b,imdb,2000,1018,0.9209063736650672,0.969971270691704,0.0728246931672466,-0.0036551600064942,0.2057942057942058,0.0169660678642714,0.896195367299005,0.0737759033926991,0.7939322340438302,0.1269741396212371,0.4990880770698953,0.6200558293186487,0.6410360494213527,0.0530451866404715,54,0.1090373280943025,0.093320235756385,0.4728454362917113,0.5156037834387511,0.0101753891640066,0.093320235756385,0.431578947368421,0.431578947368421,same-family,18.823529411764707
qwen3-1.7b,qwen3-32b,rte,111,62,0.6132323897300855,0.9486504279131008,-0.1052631578947368,0.1222972972972972,0.3392857142857143,0.1578947368421052,0.6115865701119158,0.337063857801185,0.630348913759052,-0.0171165240289664,0.6241110451987061,0.2861458381418635,0.2865979764469148,0.1935483870967742,12,0.4354838709677419,0.2903225806451613,0.2982230523232383,0.4095238095238096,0.1264308012486993,0.2903225806451613,0.3333333333333333,0.3333333333333333,same-family,18.823529411764707
qwen3-1.7b,qwen3-32b,truthfulqa,654,327,0.7136230582910155,0.8104630175162958,0.2088194921070692,0.0489883851629822,0.4311926605504587,0.2293577981651376,0.6873252345013982,0.1231377830148976,0.6676860346585117,0.0459370236325037,0.3545054714740301,0.3253700462208013,0.4031967088685603,0.1743119266055046,57,0.3944954128440367,0.3700305810397553,0.1200850333114108,0.1264713248184322,0.145975366832197,0.3700305810397553,0.5289256198347108,0.5289256198347108,same-family,18.823529411764707
qwen3-1.7b,qwen3-8b-base,boolq,1308,475,0.723548366715107,0.7904795602451506,0.1377278610721606,0.0665434380776339,0.2232415902140672,0.172782874617737,0.5406583686106021,0.2498211916345485,0.5516623491501863,0.1718860175649207,0.1977752525999396,0.430276401715717,0.6207525169378791,0.1873684210526315,89,0.4252631578947368,0.3052631578947368,0.2527807363811573,0.328028293545535,0.1298171745152354,0.3052631578947368,0.3862068965517241,0.3862068965517241,same-family,4.705882352941177
qwen3-1.7b,qwen3-8b-base,geometry_of_truth,2012,1000,0.9550187747035572,0.9775938735177866,0.2676211805260021,0.1920046774816913,0.246520874751491,0.1123260437375745,0.966153162055336,0.0114407114624506,0.9435434782608696,0.0114752964426875,0.7949189588538178,0.8128190934067365,0.8646574764256512,0.099,99,0.14,0.129,0.6958986979901839,0.729583558680368,0.01806,0.129,0.2325581395348837,0.2325581395348837,same-family,4.705882352941177
qwen3-1.7b,qwen3-8b-base,imdb,2000,1018,0.9209063736650672,0.9662860766888473,0.0728246931672466,-0.0159697288410158,0.2057942057942058,0.091,0.8445296275993422,0.121756449089505,0.828933574478131,0.0919727991869363,0.7558986849260422,0.6230884319006194,0.6715253304271955,0.0569744597249508,58,0.1090373280943025,0.1493123772102161,0.3663349252475876,0.4387158521107712,0.0162806226624106,0.1090373280943025,0.4774774774774775,0.618421052631579,same-family,4.705882352941177
qwen3-1.7b,qwen3-8b-base,rte,111,62,0.6132323897300855,0.9213298222514812,-0.1052631578947368,-0.0717391304347826,0.3392857142857143,0.1785714285714285,0.576366030283081,0.3449637919684002,0.7350230414746545,-0.1217906517445689,0.5865063876784669,0.2148003970815843,0.3097657012054842,0.2419354838709677,15,0.4354838709677419,0.3387096774193548,0.4024288847053284,0.4938775510204082,0.1475026014568158,0.3387096774193548,0.2857142857142857,0.2857142857142857,same-family,4.705882352941177
qwen3-1.7b,qwen3-8b-base,truthfulqa,654,327,0.7136230582910155,0.7508346659933227,0.2088194921070692,0.2072648756066801,0.4311926605504587,0.4115853658536585,0.6947787784417698,0.0560558875515528,0.6889244264886046,0.0246986318024108,0.5359598202962942,0.2940182864468305,0.4226508148146324,0.110091743119266,36,0.3944954128440367,0.2813455657492354,-0.0040852245954433,-0.0080889787664307,0.1109895351120837,0.2813455657492354,0.6086956521739131,0.6086956521739131,same-family,4.705882352941177
gemma4-12b,gemma4-12b-base,boolq,1308,475,0.5145409742844506,0.7796802931698995,0.0205803937653815,0.0152513464991023,0.3516819571865443,0.1491628614916286,0.4776167309028875,0.302063562267012,0.5226814936500916,-0.008140519365641,0.1520749760745786,0.016422553646512,-0.0895708175925029,0.1621052631578947,77,0.5957894736842105,0.2989473684210526,-0.0712389266500926,-0.0898571641865325,0.1781096952908587,0.2989473684210526,0.4577464788732395,0.4577464788732395,same-family,1.0
gemma4-12b,gemma4-12b-base,geometry_of_truth,2012,1000,0.5481284584980237,0.9666847826086956,0.0430336120520169,0.0750093052109182,0.4846077457795432,0.0934393638170974,0.7719624505928854,0.1947223320158102,0.5265573122529644,0.0215711462450592,0.5162075077457482,0.6401566027558541,0.5652832341484857,0.018,18,0.459,0.075,-0.1251407936137228,-0.4771241830065358,0.034425,0.075,0.76,0.76,same-family,1.0
gemma4-12b,gemma4-12b-base,imdb,2000,1018,0.516761430703548,0.7319851631928744,-0.0111792828685258,0.2445151986518892,0.4920159680638722,0.4132804757185332,0.5336839135880025,0.1983012496048719,0.4981243923031061,0.0186370384004418,0.1079859075634039,-0.0242960178482247,-0.217372979100159,0.1728880157170923,176,0.5216110019646365,0.2210216110019646,0.2778969702747066,0.544768423454255,0.1152873039705729,0.2210216110019646,0.2177777777777777,0.2177777777777777,same-family,1.0
gemma4-12b,gemma4-12b-base,rte,111,62,0.4512837393021724,0.7162606978275182,0.0153846153846154,0.0401844532279315,0.5535714285714286,0.375,0.6036866359447005,0.1125740618828177,0.478604344963792,-0.0273206056616195,0.3249132427881983,-0.248263163514028,-0.0146009425874424,0.3387096774193548,21,0.5967741935483871,0.5483870967741935,0.0468881757165965,0.0517647058823529,0.3272632674297606,0.5483870967741935,0.3823529411764705,0.3823529411764705,same-family,1.0
gemma4-12b,gemma4-12b-base,truthfulqa,654,327,0.5465215236278278,0.6888589624891284,0.0792782738095237,0.0701323813773613,0.4664634146341463,0.4390243902439024,0.6001645951986831,0.0886943672904452,0.5858653873130768,-0.039343863685249,0.1359995699395294,-0.2196882570943432,-0.1250155413861013,0.1743119266055046,57,0.5076452599388379,0.2844036697247706,0.1327300595145402,0.2137848126627929,0.1443761748449906,0.2844036697247706,0.3870967741935484,0.3870967741935484,same-family,1.0
gemma4-12b,qwen3-32b,boolq,1308,475,0.5145409742844506,0.8856687938333226,0.0205803937653815,0.007434434613884,0.3516819571865443,0.0596330275229357,0.2678081759019397,0.6178606179313829,0.499111644657863,0.0154293296265874,0.1337303825178153,0.1204235640532396,-0.0127437977761577,0.0778947368421052,37,0.5957894736842105,0.1810526315789473,-0.1586249612560132,-0.2778782151368231,0.1078692520775623,0.1810526315789473,0.5697674418604651,0.5697674418604651,cross-family,2.6666666666666665
gemma4-12b,qwen3-32b,geometry_of_truth,2012,1000,0.5481284584980237,0.9955760869565216,0.0430336120520169,0.0771812890917433,0.4846077457795432,0.0208747514910536,0.7596146245059288,0.2359614624505929,0.5906679841897233,-0.0425395256916996,0.4271726589610388,0.6273500229984176,0.6219535069458328,0.006,6,0.459,0.042,-0.1328373763259274,-0.6887643946467473,0.019278,0.042,0.8571428571428572,0.8571428571428572,cross-family,2.6666666666666665
gemma4-12b,qwen3-32b,imdb,2000,1018,0.516761430703548,0.969971270691704,-0.0111792828685258,-0.0036551600064942,0.4920159680638722,0.0169660678642714,0.2360444784110051,0.7339267922806989,0.5172215797918526,-0.0004601490883046,0.0770221734004495,0.0589157987956401,-0.1613314710528703,0.037328094302554,38,0.5216110019646365,0.093320235756385,-0.0781033848315626,-0.2331450094161958,0.0486768616764641,0.093320235756385,0.6,0.6,cross-family,2.6666666666666665
gemma4-12b,qwen3-32b,rte,111,62,0.4512837393021724,0.9486504279131008,0.0153846153846154,0.1222972972972972,0.5535714285714286,0.1578947368421052,0.9430546412113232,0.0055957867017775,0.4983541803818302,-0.0470704410796577,0.2129557206833733,-0.2204334799669582,-0.0229911583398776,0.1774193548387097,11,0.5967741935483871,0.2903225806451613,0.0186933236595408,0.0355555555555555,0.1732570239334027,0.2903225806451613,0.3888888888888889,0.3888888888888889,cross-family,2.6666666666666665
gemma4-12b,qwen3-32b,truthfulqa,654,327,0.5465215236278278,0.8104630175162958,0.0792782738095237,0.0489883851629822,0.4664634146341463,0.2293577981651376,0.6219641070242872,0.1884989104920086,0.5105443799156449,0.0359771437121828,0.0532096314665464,-0.1811271692491824,-0.0177832433073308,0.2079510703363914,68,0.5076452599388379,0.3700305810397553,0.0833000347417203,0.1103639443560392,0.1878442704972458,0.3700305810397553,0.4380165289256198,0.4380165289256198,cross-family,2.6666666666666665
gemma4-12b-base,gemma4-12b,boolq,1308,475,0.7796802931698995,0.5145409742844506,0.0152513464991023,0.0205803937653815,0.1491628614916286,0.3516819571865443,0.5226814936500916,-0.008140519365641,0.4776167309028875,0.302063562267012,0.1520749760745784,-0.0895708175925029,0.016422553646512,0.1621052631578947,77,0.2989473684210526,0.5957894736842105,-0.0712389266500926,-0.0898571641865326,0.1781096952908587,0.2989473684210526,0.4577464788732395,0.7279151943462898,same-family,1.0
gemma4-12b-base,gemma4-12b,geometry_of_truth,2012,1000,0.9666847826086956,0.5481284584980237,0.0750093052109182,0.0430336120520169,0.0934393638170974,0.4846077457795432,0.5265573122529644,0.0215711462450592,0.7719624505928854,0.1947223320158102,0.5162075077457473,0.5652832341484857,0.6401566027558541,0.018,18,0.075,0.459,-0.1251407936137228,-0.4771241830065358,0.034425,0.075,0.76,0.9607843137254902,same-family,1.0
gemma4-12b-base,gemma4-12b,imdb,2000,1018,0.7319851631928744,0.516761430703548,0.2445151986518892,-0.0111792828685258,0.4132804757185332,0.4920159680638722,0.4981243923031061,0.0186370384004418,0.5336839135880025,0.1983012496048719,0.1079859075634039,-0.217372979100159,-0.0242960178482247,0.1728880157170923,176,0.2210216110019646,0.5216110019646365,0.2778969702747066,0.5447684234542549,0.1152873039705729,0.2210216110019646,0.2177777777777777,0.6685499058380414,same-family,1.0
gemma4-12b-base,gemma4-12b,rte,111,62,0.7162606978275182,0.4512837393021724,0.0401844532279315,0.0153846153846154,0.375,0.5535714285714286,0.478604344963792,-0.0273206056616195,0.6036866359447005,0.1125740618828177,0.3249132427881988,-0.0146009425874424,-0.248263163514028,0.3387096774193548,21,0.5483870967741935,0.5967741935483871,0.0468881757165965,0.0517647058823529,0.3272632674297606,0.5483870967741935,0.3823529411764705,0.4324324324324324,same-family,1.0
gemma4-12b-base,gemma4-12b,truthfulqa,654,327,0.6888589624891284,0.5465215236278278,0.0701323813773613,0.0792782738095237,0.4390243902439024,0.4664634146341463,0.5858653873130768,-0.039343863685249,0.6001645951986831,0.0886943672904452,0.1359995699395293,-0.1250155413861013,-0.2196882570943432,0.1743119266055046,57,0.2844036697247706,0.5076452599388379,0.1327300595145402,0.213784812662793,0.1443761748449906,0.2844036697247706,0.3870967741935484,0.6566265060240963,same-family,1.0
gemma4-12b-base,qwen3-32b,boolq,1308,475,0.7796802931698995,0.8856687938333226,0.0152513464991023,0.007434434613884,0.1491628614916286,0.0596330275229357,0.8728527200353826,0.01281607379794,0.5580590130789158,0.2216212800909837,0.5164826545245927,0.5581519021318277,0.5145269960524053,0.0968421052631579,46,0.2989473684210526,0.1810526315789473,0.242324099055963,0.3365458481737551,0.0541252077562326,0.1810526315789473,0.4651162790697675,0.4651162790697675,cross-family,2.6666666666666665
gemma4-12b-base,qwen3-32b,geometry_of_truth,2012,1000,0.9666847826086956,0.9955760869565216,0.0750093052109182,0.0771812890917433,0.0934393638170974,0.0208747514910536,0.9898339920948616,0.0057420948616599,0.9826235177865612,-0.0159387351778654,0.819113028370797,0.7812079762410422,0.8520287601308172,0.017,17,0.075,0.042,0.2621445756293405,0.3564993564993564,0.00315,0.042,0.5952380952380952,0.5952380952380952,cross-family,2.6666666666666665
gemma4-12b-base,qwen3-32b,imdb,2000,1018,0.7319851631928744,0.969971270691704,0.2445151986518892,-0.0036551600064942,0.4132804757185332,0.0169660678642714,0.4241124124216246,0.5458588582700794,0.4815100092429947,0.2504751539498797,0.4719245796295353,0.7108184971850962,0.6531005279313533,0.0294695481335952,30,0.2210216110019646,0.093320235756385,0.0732726609298974,0.1216566005176876,0.0206257888459593,0.093320235756385,0.6842105263157894,0.6842105263157894,cross-family,2.6666666666666665
gemma4-12b-base,qwen3-32b,rte,111,62,0.7162606978275182,0.9486504279131008,0.0401844532279315,0.1222972972972972,0.375,0.1578947368421052,0.8446346280447663,0.1040157998683344,0.5227123107307439,0.1935483870967743,0.613491030464868,0.3395638029337645,0.2515875947383709,0.2419354838709677,15,0.5483870967741935,0.2903225806451613,0.366223370245093,0.6309523809523807,0.1592091571279916,0.2903225806451613,0.1666666666666667,0.1666666666666667,cross-family,2.6666666666666665
gemma4-12b-base,qwen3-32b,truthfulqa,654,327,0.6888589624891284,0.8104630175162958,0.0701323813773613,0.0489883851629822,0.4390243902439024,0.2293577981651376,0.7573810659409514,0.0530819515753443,0.605691627154467,0.0831673353346613,0.411224513327971,0.407104102861226,0.4109367222547387,0.128440366972477,42,0.2844036697247706,0.3700305810397553,0.106524883018498,0.1295020357031004,0.1052380551580955,0.2844036697247706,0.5483870967741935,0.6528925619834711,cross-family,2.6666666666666665
gemma4-31b,qwen3-32b,boolq,1308,475,0.7409439565299805,0.8856687938333226,0.0570612287691338,0.007434434613884,0.2171253822629969,0.0596330275229357,0.4761331901181525,0.4095356037151701,0.5629771908763505,0.17796676565363,0.2062816888014832,0.3462986887089874,0.2523270493619074,0.0842105263157894,40,0.2673684210526316,0.1810526315789473,0.2100817565909486,0.2699144613739642,0.0484077562326869,0.1810526315789473,0.5348837209302326,0.5348837209302326,cross-family,1.032258064516129
gemma4-31b,qwen3-32b,geometry_of_truth,2012,1000,0.7396062252964427,0.9955760869565216,0.2751436089984276,0.0771812890917433,0.4393638170974155,0.0208747514910536,0.8123250988142293,0.1832509881422923,0.6844446640316206,0.055161561264822,0.7339765885714515,0.7504877138978089,0.830686161848746,0.007,7,0.307,0.042,-0.063704032859103,-0.4571118349619978,0.012894,0.042,0.8333333333333334,0.8333333333333334,cross-family,1.032258064516129
gemma4-31b,qwen3-32b,rte,111,62,0.6109282422646478,0.9486504279131008,-0.0303225806451612,0.1222972972972972,0.4107142857142857,0.1578947368421052,0.8999341672152732,0.0487162606978275,0.489466754443713,0.1214614878209348,0.2648917773430642,0.0045407113768042,0.0231298748158106,0.1774193548387097,11,0.3709677419354839,0.2903225806451613,0.3179625576333002,0.3817663817663817,0.1077003121748179,0.2903225806451613,0.3888888888888889,0.3888888888888889,cross-family,1.032258064516129
gemma4-31b,qwen3-32b,truthfulqa,654,327,0.6755978265952173,0.8104630175162958,0.3501795600778093,0.0489883851629822,0.5443425076452599,0.2293577981651376,0.6980800344153596,0.1123829831009362,0.5853603793171169,0.0902374472781003,0.1800730003984822,0.180384660296842,0.2237195510892147,0.0795107033639143,26,0.2538226299694189,0.3700305810397553,-0.0685870910948277,-0.1534402071094294,0.0939221352486229,0.2538226299694189,0.6867469879518072,0.7851239669421488,cross-family,1.032258064516129
llama-8b,gemma4-12b-base,boolq,1308,475,0.7919251911290832,0.7796802931698995,-0.0090269804822042,0.0152513464991023,0.1330275229357798,0.1491628614916286,0.5795412902002908,0.2001390029696087,0.7711303468755923,0.0207948442534908,0.5415606650249526,0.5465103043884127,0.6805736504330104,0.1347368421052631,64,0.2421052631578947,0.2989473684210526,0.3180003792511092,0.3674108891500196,0.072376731301939,0.2421052631578947,0.4434782608695652,0.5492957746478873,cross-family,1.5
llama-8b,gemma4-12b-base,geometry_of_truth,2012,1000,0.9684239130434782,0.9666847826086956,-0.0032551194715705,0.0750093052109182,0.0069582504970178,0.0934393638170974,0.9389723320158102,0.0277124505928854,0.9899861660079052,-0.0215622529644269,0.95152472665091,0.8634467152037579,0.8990306463229683,0.057,57,0.137,0.075,0.51591972275686,0.7219003476245657,0.010275,0.075,0.24,0.24,cross-family,1.5
llama-8b,gemma4-12b-base,imdb,2000,1018,0.960672257811531,0.7319851631928744,0.0011570155854284,0.2445151986518892,0.019,0.4132804757185332,0.5784674234451963,0.1535177397476781,0.6819709585905833,0.2787012992209476,0.7628578898418077,0.6911969193858452,0.7739068557335987,0.0412573673870334,42,0.1198428290766208,0.2210216110019646,0.1095973204294103,0.1582080912905959,0.0264878551495478,0.1198428290766208,0.6557377049180327,0.8133333333333334,cross-family,1.5
llama-8b,gemma4-12b-base,rte,111,62,0.7778143515470705,0.7162606978275182,0.0,0.0401844532279315,0.2142857142857142,0.375,0.673469387755102,0.0427913100724162,0.586570111915734,0.1912442396313364,0.8737927652996617,0.2498494086305757,0.4440115417394612,0.3870967741935484,24,0.4516129032258064,0.5483870967741935,0.5630252100840336,0.6836734693877551,0.2476586888657648,0.4516129032258064,0.1428571428571429,0.2941176470588235,cross-family,1.5
llama-8b,gemma4-12b-base,truthfulqa,654,327,0.8157843054737256,0.6888589624891284,0.1578868433879495,0.0701323813773613,0.3780487804878049,0.4390243902439024,0.6591570107267439,0.0297019517623844,0.7787036257703709,0.0370806797033547,0.7947703789393121,0.4345416610198862,0.5887221690834605,0.091743119266055,30,0.2507645259938837,0.2844036697247706,0.1044511588462129,0.1138211382113821,0.0713183514294531,0.2507645259938837,0.6341463414634145,0.6774193548387097,cross-family,1.5
llama-8b,qwen3-32b,boolq,1308,475,0.7919251911290832,0.8856687938333226,-0.0090269804822042,0.007434434613884,0.1330275229357798,0.0596330275229357,0.8033360712706135,0.0823327225627091,0.7100650786630441,0.081860112466039,0.6289103411613485,0.6045603487458254,0.6911977481008599,0.1052631578947368,50,0.2421052631578947,0.1810526315789473,0.3724251775043873,0.4476744186046513,0.0438337950138504,0.1810526315789473,0.4186046511627908,0.4186046511627908,cross-family,4.0
llama-8b,qwen3-32b,geometry_of_truth,2012,1000,0.9684239130434782,0.9955760869565216,-0.0032551194715705,0.0771812890917433,0.0069582504970178,0.0208747514910536,0.9790207509881422,0.0165553359683794,0.9940158102766798,-0.0255918972332016,0.877627594697779,0.8084430735905392,0.906007810981822,0.041,41,0.137,0.042,0.511018656347505,0.972410748772278,0.005754,0.042,0.0238095238095238,0.0238095238095238,cross-family,4.0
llama-8b,qwen3-32b,imdb,2000,1018,0.960672257811531,0.969971270691704,0.0011570155854284,-0.0036551600064942,0.019,0.0169660678642714,0.9680436461413496,0.0019276245503543,0.9354060715671878,0.0252661862443431,0.5685079552288517,0.7392309234365344,0.7659955050590278,0.0726915520628683,74,0.1198428290766208,0.093320235756385,0.6510721411883019,0.7488486842105262,0.0111837610631424,0.093320235756385,0.2210526315789474,0.2210526315789474,cross-family,4.0
llama-8b,qwen3-32b,rte,111,62,0.7778143515470705,0.9486504279131008,0.0,0.1222972972972972,0.2142857142857142,0.1578947368421052,0.955892034233048,-0.0072416063199473,0.6421988150098749,0.1356155365371956,0.671638657015645,0.3393405194019401,0.4450098308532391,0.2580645161290322,16,0.4516129032258064,0.2903225806451613,0.5620031593698284,0.7973856209150326,0.1311134235171696,0.2903225806451613,0.1111111111111111,0.1111111111111111,cross-family,4.0
llama-8b,qwen3-32b,truthfulqa,654,327,0.8157843054737256,0.8104630175162958,0.1578868433879495,0.0489883851629822,0.3780487804878049,0.2293577981651376,0.8348436813212505,-0.0243806638049547,0.7235829382113363,0.0922013672623892,0.5035132062424185,0.4263259776863016,0.5794682684858372,0.1834862385321101,60,0.2507645259938837,0.3700305810397553,0.4333770570386462,0.5741179256452762,0.0927905432576756,0.2507645259938837,0.2682926829268292,0.5041322314049586,cross-family,4.0
llama-8b,qwen3-8b-base,boolq,1308,475,0.7919251911290832,0.7904795602451506,-0.0090269804822042,0.0665434380776339,0.1330275229357798,0.172782874617737,0.623061856321476,0.1674177039236746,0.7310696910343084,0.0608555000947748,0.142693798161848,0.5038119805613444,0.6617835017060261,0.1242105263157894,59,0.2421052631578947,0.3052631578947368,0.2550085371313356,0.2990777338603426,0.0739058171745152,0.2421052631578947,0.4869565217391304,0.593103448275862,cross-family,1.0
llama-8b,qwen3-8b-base,geometry_of_truth,2012,1000,0.9684239130434782,0.9775938735177866,-0.0032551194715705,0.1920046774816913,0.0069582504970178,0.1123260437375745,0.9732934782608696,0.004300395256917,0.9653250988142292,0.0030988142292488,0.8072470723604471,0.8450255871016202,0.9091265475723748,0.102,102,0.137,0.129,0.7316393178329434,0.7574712333935161,0.017673,0.129,0.2093023255813954,0.2093023255813954,cross-family,1.0
llama-8b,qwen3-8b-base,imdb,2000,1018,0.960672257811531,0.9662860766888473,0.0011570155854284,-0.0159697288410158,0.019,0.091,0.9595368899523444,0.0067491867365027,0.9281117081934548,0.0325605496180761,0.5538089334653785,0.7263638685276282,0.7697590315637114,0.0834970530451866,85,0.1198428290766208,0.1493123772102161,0.566767357916673,0.6434899481316015,0.0178940177010278,0.1198428290766208,0.3032786885245901,0.4407894736842106,cross-family,1.0
llama-8b,qwen3-8b-base,rte,111,62,0.7778143515470705,0.9213298222514812,0.0,-0.0717391304347826,0.2142857142857142,0.1785714285714285,0.9275839368005268,-0.0062541145490455,0.7448979591836735,0.0329163923633969,0.5036822230595287,0.2151901419996452,0.4196205007578855,0.2741935483870967,17,0.4516129032258064,0.3387096774193548,0.5147138645780373,0.6526610644257704,0.1529656607700312,0.3387096774193548,0.1904761904761904,0.1904761904761904,cross-family,1.0
llama-8b,qwen3-8b-base,truthfulqa,654,327,0.8157843054737256,0.7508346659933227,0.1578868433879495,0.2072648756066801,0.3780487804878049,0.4115853658536585,0.7766461857868304,-0.0258115197935077,0.7761037697911698,0.0396805356825558,0.4115134461180844,0.3677449187035411,0.5668391429842541,0.1223241590214067,40,0.2507645259938837,0.2813455657492354,0.2656307009314552,0.2872859366891542,0.070551487435588,0.2507645259938837,0.5121951219512195,0.5652173913043479,cross-family,1.0
olmo3-7b,gemma4-12b,boolq,1308,475,0.693311429835092,0.5145409742844506,0.0549822239778786,0.0205803937653815,0.2477064220183486,0.3516819571865443,0.4927781638971378,0.0217628103873127,0.5227775320654577,0.1705338977696342,0.1957435389876203,-0.047822835386452,-0.008918432523413,0.2631578947368421,125,0.4,0.5957894736842105,0.1033314572951779,0.1536458333333333,0.2383157894736842,0.4,0.3421052631578948,0.558303886925795,cross-family,1.7142857142857142
olmo3-7b,gemma4-12b,geometry_of_truth,2012,1000,0.9594693675889328,0.5481284584980237,0.0057037480063795,0.0430336120520169,0.0198807157057654,0.4846077457795432,0.562189723320158,-0.0140612648221343,0.7327430830039525,0.2267262845849802,0.5628077881991859,0.6233154633714415,0.6164540710362352,0.065,65,0.245,0.459,-0.2214218547910791,-0.4219910186296738,0.112455,0.245,0.7346938775510203,0.8583877995642701,cross-family,1.7142857142857142
olmo3-7b,gemma4-12b,imdb,2000,1018,0.9577723182311068,0.516761430703548,0.0886700831422018,-0.0111792828685258,0.128,0.4920159680638722,0.5225022907422004,-0.0057408600386524,0.4124236252545825,0.5453486929765243,0.0835709231323968,-0.1903472674035391,-0.015259055459148,0.0599214145383104,61,0.1277013752455795,0.5216110019646365,-0.0401207140556051,-0.1004201071997682,0.0666104422941087,0.1277013752455795,0.5307692307692308,0.8851224105461394,cross-family,1.7142857142857142
olmo3-7b,gemma4-12b,rte,111,62,0.8350888742593812,0.4512837393021724,0.0321637426900583,0.0153846153846154,0.25,0.5535714285714286,0.5032916392363398,-0.0520078999341673,0.8222514812376563,0.0128373930217248,0.3137706569423607,0.0271318534843085,-0.2921128251225739,0.2419354838709677,15,0.3709677419354839,0.5967741935483871,0.0867281341947335,0.1373913043478261,0.2213839750260146,0.3709677419354839,0.3478260869565217,0.5945945945945945,cross-family,1.7142857142857142
olmo3-7b,gemma4-12b,truthfulqa,654,327,0.7695760738433912,0.5465215236278278,0.2268442316325004,0.0792782738095237,0.5045871559633027,0.4664634146341463,0.601885363184917,-0.0553638395570892,0.6905610264755118,0.0790150473678794,0.1748505846574681,-0.0420422597183109,-0.2392118935493041,0.1498470948012232,49,0.2262996941896024,0.5076452599388379,0.1671523022491582,0.313832466006379,0.1148799670809602,0.2262996941896024,0.3378378378378378,0.7048192771084337,cross-family,1.7142857142857142
olmo3-7b,gemma4-31b,boolq,1308,475,0.693311429835092,0.7409439565299805,0.0549822239778786,0.0570612287691338,0.2477064220183486,0.2171253822629969,0.6208175901939723,0.1201263663360081,0.5372464775383838,0.1560649522967081,0.2131611517974383,0.2057914436606371,0.2032658510324368,0.1347368421052631,64,0.4,0.2673684210526316,0.1281671797189131,0.1732283464566929,0.1069473684210526,0.2673684210526316,0.4960629921259842,0.4960629921259842,cross-family,4.428571428571429
olmo3-7b,gemma4-31b,geometry_of_truth,2012,1000,0.9594693675889328,0.7396062252964427,0.0057037480063795,0.2751436089984276,0.0198807157057654,0.4393638170974155,0.6407865612648221,0.0988196640316205,0.8095820158102767,0.149887351778656,0.8350103434091132,0.8231626645638991,0.7588138341194591,0.056,56,0.245,0.307,-0.0968608031393842,-0.255467659376454,0.075215,0.245,0.7714285714285714,0.8175895765472313,cross-family,4.428571428571429
olmo3-7b,gemma4-31b,rte,111,62,0.8350888742593812,0.6109282422646478,0.0321637426900583,-0.0303225806451612,0.25,0.4107142857142857,0.5,0.1109282422646478,0.7574061882817642,0.0776826859776169,0.2838252537279613,0.0208054053526587,-0.1386026679149294,0.2419354838709677,15,0.3709677419354839,0.3709677419354839,0.4470457079152731,0.4470457079152731,0.1376170655567117,0.3709677419354839,0.3478260869565217,0.3478260869565217,cross-family,4.428571428571429
olmo3-7b,gemma4-31b,truthfulqa,654,327,0.7695760738433912,0.6755978265952173,0.2268442316325004,0.3501795600778093,0.5045871559633027,0.5443425076452599,0.7103124503175003,-0.034714623722283,0.6255552749955579,0.1440207988478333,0.357653622196641,0.1877369681620875,0.0717634654202882,0.073394495412844,24,0.2262996941896024,0.2538226299694189,0.0876130797948594,0.0944838280903854,0.0574399835404801,0.2262996941896024,0.6756756756756757,0.7108433734939759,cross-family,4.428571428571429
olmo3-7b,qwen3-32b,boolq,1308,475,0.693311429835092,0.8856687938333226,0.0549822239778786,0.007434434613884,0.2477064220183486,0.0596330275229357,0.7089176723320907,0.1767511215012319,0.526780817590194,0.1665306122448979,0.5739254876839196,0.5396064438389885,0.4706562378298214,0.1010526315789473,48,0.4,0.1810526315789473,0.1517781521857447,0.2635658914728682,0.0724210526315789,0.1810526315789473,0.4418604651162791,0.4418604651162791,cross-family,4.571428571428571
olmo3-7b,qwen3-32b,geometry_of_truth,2012,1000,0.9594693675889328,0.9955760869565216,0.0057037480063795,0.0771812890917433,0.0198807157057654,0.0208747514910536,0.9812569169960474,0.0143191699604742,0.985907114624506,-0.0264377470355732,0.8440701803637325,0.804117305266955,0.8238402386842005,0.042,42,0.245,0.042,0.3675634542928649,1.0000000000000002,0.01029,0.042,0.0,0.0,cross-family,4.571428571428571
olmo3-7b,qwen3-32b,imdb,2000,1018,0.9577723182311068,0.969971270691704,0.0886700831422018,-0.0036551600064942,0.128,0.0169660678642714,0.9687378710702268,0.0012333996214772,0.8962203754016301,0.0615519428294767,0.4746051669807691,0.6610638985167965,0.5967986837133112,0.0766208251473477,78,0.1277013752455795,0.093320235756385,0.6664750223745435,0.7948553816974869,0.011917122444332,0.093320235756385,0.1789473684210526,0.1789473684210526,cross-family,4.571428571428571
olmo3-7b,qwen3-32b,rte,111,62,0.8350888742593812,0.9486504279131008,0.0321637426900583,0.1222972972972972,0.25,0.1578947368421052,0.934167215273206,0.0144832126398947,0.783410138248848,0.0516787360105331,0.5553562077584476,0.315869772870617,0.1745602682103322,0.2580645161290322,16,0.3709677419354839,0.2903225806451613,0.6857550683285356,0.8233618233618234,0.1077003121748179,0.2903225806451613,0.1111111111111111,0.1111111111111111,cross-family,4.571428571428571
olmo3-7b,qwen3-32b,truthfulqa,654,327,0.7695760738433912,0.8104630175162958,0.2268442316325004,0.0489883851629822,0.5045871559633027,0.2293577981651376,0.8200955774392356,-0.0096325599229397,0.6976404904188761,0.0719355834245151,0.3780722485408862,0.396279107602154,0.3198510188098448,0.1223241590214067,40,0.2262996941896024,0.3700305810397553,0.1909971152356555,0.2706638677512464,0.0837378073300975,0.2262996941896024,0.4594594594594594,0.6694214876033058,cross-family,4.571428571428571
olmo3-7b,qwen3-8b-base,boolq,1308,475,0.693311429835092,0.7904795602451506,0.0549822239778786,0.0665434380776339,0.2477064220183486,0.172782874617737,0.6167157389271498,0.1737638213180008,0.5823693688001516,0.1109420610349404,0.1753758652201197,0.4514120265497752,0.4437829906452658,0.2042105263157894,97,0.4,0.3052631578947368,0.3639301321213053,0.4482758620689656,0.1221052631578947,0.3052631578947368,0.3310344827586207,0.3310344827586207,cross-family,1.1428571428571428
olmo3-7b,qwen3-8b-base,geometry_of_truth,2012,1000,0.9594693675889328,0.9775938735177866,0.0057037480063795,0.1920046774816913,0.0198807157057654,0.1123260437375745,0.9796956521739132,-0.0021017786561264,0.94972233201581,0.0097470355731226,0.758875319320054,0.830230387320681,0.8270282743616202,0.117,117,0.245,0.129,0.592341270087449,0.8767903896503926,0.031605,0.129,0.0930232558139534,0.0930232558139534,cross-family,1.1428571428571428
olmo3-7b,qwen3-8b-base,imdb,2000,1018,0.9577723182311068,0.9662860766888473,0.0886700831422018,-0.0159697288410158,0.128,0.091,0.9549083903184632,0.011377686370384,0.9215335768789088,0.036238741352198,0.572022575625159,0.660427548996851,0.6130175240622008,0.0923379174852652,94,0.1277013752455795,0.1493123772102161,0.615979047689722,0.6744714869426183,0.0190673959109313,0.1277013752455795,0.2769230769230769,0.3815789473684211,cross-family,1.1428571428571428
olmo3-7b,qwen3-8b-base,rte,111,62,0.8350888742593812,0.9213298222514812,0.0321637426900583,-0.0717391304347826,0.25,0.1785714285714285,0.8736010533245556,0.0477287689269255,0.8413429888084265,-0.0062541145490453,0.4263454934553666,0.2392608181174359,0.1883477491871626,0.2580645161290322,16,0.3709677419354839,0.3387096774193548,0.5791885732021206,0.6214896214896216,0.1256503642039542,0.3387096774193548,0.238095238095238,0.238095238095238,cross-family,1.1428571428571428
olmo3-7b,qwen3-8b-base,truthfulqa,654,327,0.7695760738433912,0.7508346659933227,0.2268442316325004,0.2072648756066801,0.5045871559633027,0.4115853658536585,0.7755707057954344,-0.0247360398021116,0.7437739060498088,0.0258021677935824,0.3825350443860831,0.3564806083649071,0.3215475701480238,0.0672782874617737,22,0.2262996941896024,0.2813455657492354,0.0191859513729291,0.0221966647498562,0.0636684154906526,0.2262996941896024,0.7027027027027027,0.7608695652173914,cross-family,1.1428571428571428
qwen3-1.7b,gemma4-12b,boolq,1308,475,0.723548366715107,0.5145409742844506,0.1377278610721606,0.0205803937653815,0.2232415902140672,0.3516819571865443,0.4880646995640361,0.0264762747204144,0.5112251216275984,0.2123232450875086,0.186084237137026,0.0070415069240498,0.1297388589550493,0.311578947368421,148,0.4252631578947368,0.5957894736842105,0.2399364183266251,0.3386448019801981,0.2533673130193906,0.4252631578947368,0.2673267326732673,0.4770318021201413,cross-family,7.0588235294117645
qwen3-1.7b,gemma4-12b,geometry_of_truth,2012,1000,0.9550187747035572,0.5481284584980237,0.2676211805260021,0.0430336120520169,0.246520874751491,0.4846077457795432,0.5702569169960474,-0.0221284584980236,0.7479683794466403,0.2070503952569169,0.4931079705706937,0.5664720998816467,0.6195114728968516,0.036,36,0.14,0.459,-0.1634383385312333,-0.4397759103641455,0.06426,0.14,0.7428571428571429,0.9215686274509804,cross-family,7.0588235294117645
qwen3-1.7b,gemma4-12b,imdb,2000,1018,0.9209063736650672,0.516761430703548,0.0728246931672466,-0.0111792828685258,0.2057942057942058,0.4920159680638722,0.4996868985551319,0.017074532148416,0.5645839251917621,0.3563224484733052,0.1079108470188066,-0.053092560341764,0.0965635830531925,0.0667976424361493,68,0.1090373280943025,0.5216110019646365,0.0637298596035462,0.1902251327302662,0.0568750699588159,0.1090373280943025,0.3873873873873873,0.871939736346516,cross-family,7.0588235294117645
qwen3-1.7b,gemma4-12b,rte,111,62,0.6132323897300855,0.4512837393021724,-0.1052631578947368,0.0153846153846154,0.3392857142857143,0.5535714285714286,0.5065832784726794,-0.0552995391705068,0.6540487162606978,-0.0408163265306122,0.2108185637642093,-0.0464523525333835,-0.2145593735710573,0.2419354838709677,15,0.4354838709677419,0.5967741935483871,-0.073801012503823,-0.0788571428571428,0.259885535900104,0.4354838709677419,0.4444444444444444,0.5945945945945945,cross-family,7.0588235294117645
qwen3-1.7b,gemma4-12b,truthfulqa,654,327,0.7136230582910155,0.5465215236278278,0.2088194921070692,0.0792782738095237,0.4311926605504587,0.4664634146341463,0.5199244358406045,0.0265970877872232,0.6517221707862227,0.0619008875047927,0.1018623295838107,-0.1605867051429717,-0.1891477658282168,0.2415902140672783,79,0.3944954128440367,0.5076452599388379,0.1691334739537539,0.2127690307670084,0.2002637263978902,0.3944954128440367,0.3875968992248062,0.5240963855421686,cross-family,7.0588235294117645
qwen3-1.7b,gemma4-31b,boolq,1308,475,0.723548366715107,0.7409439565299805,0.1377278610721606,0.0570612287691338,0.2232415902140672,0.2171253822629969,0.4947242054716623,0.2462197510583181,0.5401149933657674,0.1834333733493396,0.2481475408415867,0.2647548654496425,0.3713915113318703,0.1242105263157894,59,0.4252631578947368,0.2673684210526316,0.0480267350297138,0.0683856825589109,0.1137019390581717,0.2673684210526316,0.5354330708661417,0.5354330708661417,cross-family,18.235294117647058
qwen3-1.7b,gemma4-31b,geometry_of_truth,2012,1000,0.9550187747035572,0.7396062252964427,0.2676211805260021,0.2751436089984276,0.246520874751491,0.4393638170974155,0.6872648221343873,0.0523414031620553,0.7265494071146246,0.2284693675889326,0.7560176422343832,0.8006484183842073,0.7842964623750305,0.029,29,0.14,0.307,-0.0873490373098522,-0.3252675663099115,0.04298,0.14,0.7928571428571429,0.9055374592833876,cross-family,18.235294117647058
qwen3-1.7b,gemma4-31b,rte,111,62,0.6132323897300855,0.6109282422646478,-0.1052631578947368,-0.0303225806451612,0.3392857142857143,0.4107142857142857,0.467412771560237,0.1435154707044108,0.5855826201448321,0.0276497695852534,0.3149314611084788,0.0006696559040206,-0.0174887585344536,0.2258064516129032,14,0.4354838709677419,0.3709677419354839,0.2682778563446717,0.306832298136646,0.1615504682622268,0.3709677419354839,0.391304347826087,0.391304347826087,cross-family,18.235294117647058
qwen3-1.7b,gemma4-31b,truthfulqa,654,327,0.7136230582910155,0.6755978265952173,0.2088194921070692,0.3501795600778093,0.4311926605504587,0.5443425076452599,0.6119948751040409,0.0636029514911763,0.6566413227468695,0.0569817355441459,0.3344425190909152,0.1255650539797893,0.179287113846548,0.1192660550458715,39,0.3944954128440367,0.2538226299694189,0.0899589172776055,0.1244979919678714,0.1001318631989451,0.2538226299694189,0.5301204819277108,0.5301204819277108,cross-family,18.235294117647058
qwen3-1.7b,olmo3-7b,boolq,1308,475,0.723548366715107,0.693311429835092,0.1377278610721606,0.0549822239778786,0.2232415902140672,0.2477064220183486,0.5156176154672395,0.1776938143678524,0.6073317748151893,0.1162165918999177,0.7148079738587304,0.4194464080628435,0.5965190141948578,0.2,95,0.4252631578947368,0.4,0.1234314171524626,0.1300366300366301,0.1701052631578947,0.4,0.5,0.5,cross-family,4.11764705882353
qwen3-1.7b,olmo3-7b,geometry_of_truth,2012,1000,0.9550187747035572,0.9594693675889328,0.2676211805260021,0.0057037480063795,0.246520874751491,0.0198807157057654,0.941393280632411,0.0180760869565217,0.9493310276679842,0.005687747035573,0.8985906284434596,0.7946913799030713,0.8457568998793634,0.124,124,0.14,0.245,0.6010667187108183,0.8486281929990538,0.0343,0.14,0.1142857142857143,0.4938775510204082,cross-family,4.11764705882353
qwen3-1.7b,olmo3-7b,imdb,2000,1018,0.9209063736650672,0.9577723182311068,0.0728246931672466,0.0886700831422018,0.2057942057942058,0.128,0.7926358140037372,0.1651365042273697,0.8033162744729292,0.1175900991921381,0.7072281497700239,0.5371722936805994,0.6210539821606982,0.0648330058939096,66,0.1090373280943025,0.1277013752455795,0.4893786646526593,0.5352447041636228,0.0139242167507459,0.1090373280943025,0.4054054054054054,0.4923076923076923,cross-family,4.11764705882353
qwen3-1.7b,olmo3-7b,rte,111,62,0.6132323897300855,0.8350888742593812,-0.1052631578947368,0.0321637426900583,0.3392857142857143,0.25,0.5582620144832127,0.2768268597761685,0.6369321922317314,-0.0236998025016458,0.6428739572183386,0.1342595328408447,0.2889752690619473,0.2580645161290322,16,0.4354838709677419,0.3709677419354839,0.4029598571007011,0.4608695652173913,0.1615504682622268,0.3709677419354839,0.3043478260869565,0.3043478260869565,cross-family,4.11764705882353
qwen3-1.7b,olmo3-7b,truthfulqa,654,327,0.7136230582910155,0.7695760738433912,0.2088194921070692,0.2268442316325004,0.4311926605504587,0.5045871559633027,0.6807694825538441,0.0888065912895471,0.7223858822209128,-0.0087628239298973,0.6362274112254391,0.2224076985014531,0.3897780538448715,0.1712538226299694,56,0.3944954128440367,0.2262996941896024,0.4008647751936218,0.5982800982800984,0.0892741912858064,0.2262996941896024,0.2432432432432433,0.2432432432432433,cross-family,4.11764705882353
qwen3-1.7b,qwen3-8b,boolq,1308,475,0.723548366715107,0.8601175206924876,0.1377278610721606,-0.0331441596501836,0.2232415902140672,0.1129770992366412,0.5920136475642889,0.2681038731281987,0.5966411827889051,0.1269071839262019,0.784959827786507,0.4867436950937139,0.6394488605088419,0.111578947368421,53,0.4252631578947368,0.2084210526315789,0.1142640562485687,0.1915491915491916,0.0886337950138504,0.2084210526315789,0.4646464646464646,0.4646464646464646,same-family,4.705882352941177
qwen3-1.7b,qwen3-8b,geometry_of_truth,2012,1000,0.9550187747035572,0.989439723320158,0.2676211805260021,0.2421816513318362,0.246520874751491,0.0427435387673956,0.9698211462450592,0.0196185770750987,0.9844090909090908,-0.0293903162055335,0.9275813954740242,0.7988969238891813,0.867243774330553,0.027,27,0.14,0.029,0.3939776235237319,0.9198075380914196,0.00406,0.029,0.0689655172413793,0.0689655172413793,same-family,4.705882352941177
qwen3-1.7b,qwen3-8b,imdb,2000,1018,0.9209063736650672,0.964983654704124,0.0728246931672466,-0.0316082776242029,0.2057942057942058,0.101,0.9325091329590788,0.0324745217450452,0.9251027332855846,-0.0041963596205172,0.7885623643251519,0.6322000573864841,0.6804842797631832,0.0599214145383104,61,0.1090373280943025,0.1021611001964636,0.5167739624088568,0.5359384276142819,0.0111393734005967,0.1021611001964636,0.4134615384615385,0.4134615384615385,same-family,4.705882352941177
qwen3-1.7b,qwen3-8b,rte,111,62,0.6132323897300855,0.9305464121132324,-0.1052631578947368,0.0493197278911564,0.3392857142857143,0.25,0.5671494404213298,0.3633969716919025,0.8554970375246873,-0.2422646477946017,0.7883785934096338,0.2110427526290081,0.3254930729261632,0.1129032258064516,7,0.4354838709677419,0.1612903225806451,0.2339517359059656,0.4685714285714284,0.0702393340270551,0.1612903225806451,0.3,0.3,same-family,4.705882352941177
qwen3-1.7b,qwen3-8b,truthfulqa,654,327,0.7136230582910155,0.7823322017413423,0.2088194921070692,0.1042340012928249,0.4311926605504587,0.345565749235474,0.6711182186310543,0.111213983110288,0.6863245705094034,0.027298487781612,0.6416273568819773,0.2742183514688128,0.425498166457638,0.1743119266055046,57,0.3944954128440367,0.3425076452599388,0.1689903748359507,0.1889880952380952,0.1351176949190584,0.3425076452599388,0.4910714285714285,0.4910714285714285,same-family,4.705882352941177
qwen3-1.7b,qwen38-27b,boolq,1308,475,0.723548366715107,0.915890566753017,0.1377278610721606,0.22122248661511,0.2232415902140672,0.1173780487804878,0.5551045681430467,0.3607859986099704,0.6335199342895053,0.0900284324256017,0.849238393335578,0.5658357989006113,0.6387243561808409,0.0926315789473684,44,0.4252631578947368,0.1684210526315789,0.1135475563211859,0.217032967032967,0.0716232686980609,0.1684210526315789,0.4499999999999999,0.4499999999999999,same-family,15.882352941176471
qwen3-1.7b,qwen38-27b,geometry_of_truth,2012,1000,0.9550187747035572,0.9905108695652174,0.2676211805260021,0.3102735805860805,0.246520874751491,0.0954274353876739,0.971155138339921,0.0193557312252964,0.96799209486166,-0.0129733201581028,0.9467430320016028,0.8518981638150634,0.8626242728575451,0.043,43,0.14,0.046,0.5029674039165556,0.9241658240647118,0.00644,0.046,0.0652173913043479,0.0652173913043479,same-family,15.882352941176471
qwen3-1.7b,qwen38-27b,rte,111,62,0.6132323897300855,0.935483870967742,-0.1052631578947368,0.4003831417624521,0.3392857142857143,0.4464285714285714,0.5839368005266623,0.3515470704410797,0.6349572086899276,-0.021724818959842,0.8305005381102802,0.368453455041422,0.3084541251026987,0.2741935483870967,17,0.4354838709677419,0.3225806451612903,0.5769093421109291,0.7342857142857142,0.1404786680541103,0.3225806451612903,0.15,0.15,same-family,15.882352941176471
qwen3-1.7b,qwen38-27b,truthfulqa,654,327,0.7136230582910155,0.8266887373864902,0.2088194921070692,0.323365290989439,0.4311926605504587,0.4923547400611621,0.6706132106350944,0.1560755267513958,0.6414162668686698,0.0722067914223456,0.7338356304881501,0.4169549263637507,0.4219478119749967,0.1743119266055046,57,0.3944954128440367,0.3302752293577982,0.1915061885688216,0.2201178451178451,0.1302920629576635,0.3302752293577982,0.4722222222222222,0.4722222222222222,same-family,15.882352941176471
qwen3-8b,gemma4-12b-base,boolq,1308,475,0.8601175206924876,0.7796802931698995,-0.0331441596501836,0.0152513464991023,0.1129770992366412,0.1491628614916286,0.5674758324382385,0.212204460731661,0.7933025841915714,0.0668149365009161,0.6691461393308948,0.4751661836741261,0.4833396260271945,0.1305263157894736,62,0.2084210526315789,0.2989473684210526,0.3668742628579427,0.4668911335578002,0.0623069252077562,0.2084210526315789,0.3737373737373737,0.5633802816901408,cross-family,1.5
qwen3-8b,gemma4-12b-base,geometry_of_truth,2012,1000,0.989439723320158,0.9666847826086956,0.2421816513318362,0.0750093052109182,0.0427435387673956,0.0934393638170974,0.9829328063241106,-0.016248023715415,0.984943675889328,0.0044960474308299,0.8869885931619799,0.8505165439473896,0.795544226467556,0.015,15,0.029,0.075,0.2901664936744894,0.4780987884436162,0.002175,0.029,0.4827586206896552,0.8,cross-family,1.5
qwen3-8b,gemma4-12b-base,imdb,2000,1018,0.964983654704124,0.7319851631928744,-0.0316082776242029,0.2445151986518892,0.101,0.4132804757185332,0.6463384136460213,0.0856467495468531,0.821956313845686,0.143027340858438,0.7264031831003168,0.6151700803470791,0.6589113633157482,0.0343811394891945,35,0.1021611001964636,0.2210216110019646,0.0939093504858866,0.1482927539043554,0.0225798109471555,0.1021611001964636,0.6634615384615384,0.8444444444444444,cross-family,1.5
qwen3-8b,gemma4-12b-base,rte,111,62,0.9305464121132324,0.7162606978275182,0.0493197278911564,0.0401844532279315,0.25,0.375,0.7712310730743911,-0.0549703752468728,0.791968400263331,0.1385780118499012,0.7875521808908622,0.2577643897473259,0.2317597138901994,0.1290322580645161,8,0.1612903225806451,0.5483870967741935,0.2217197868155799,0.5571428571428572,0.0884495317377731,0.1612903225806451,0.1999999999999999,0.7647058823529411,cross-family,1.5
qwen3-8b,gemma4-12b-base,truthfulqa,654,327,0.7823322017413423,0.6888589624891284,0.1042340012928249,0.0701323813773613,0.345565749235474,0.4390243902439024,0.6609993547120051,0.0278596077771232,0.7849881697200947,-0.0026559679787523,0.5912112210825544,0.3984204364930115,0.322844196128925,0.1070336391437308,35,0.3425076452599388,0.2844036697247706,0.0449508315796219,0.0514628657164291,0.0974104312207165,0.2844036697247706,0.6236559139784946,0.6236559139784946,cross-family,1.5
qwen3-8b,llama-8b,boolq,1308,475,0.8601175206924876,0.7919251911290832,-0.0331441596501836,-0.0090269804822042,0.1129770992366412,0.1330275229357798,0.683657041764074,0.1082681493650091,0.7000796107916851,0.1600379099008024,0.5998773030977427,0.6640250806403813,0.5430269163503942,0.1157894736842105,55,0.2084210526315789,0.2421052631578947,0.3754791215985077,0.4135802469135801,0.0504598337950138,0.2084210526315789,0.4444444444444444,0.5217391304347826,cross-family,1.0
qwen3-8b,llama-8b,geometry_of_truth,2012,1000,0.989439723320158,0.9684239130434782,0.2421816513318362,-0.0032551194715705,0.0427435387673956,0.0069582504970178,0.9942658102766796,-0.0258418972332015,0.974001976284585,0.0154377470355731,0.8891888899842526,0.9073184802794156,0.8278566265564234,0.028,28,0.029,0.137,0.4164139336593662,0.960043153394334,0.003973,0.029,0.0344827586206897,0.7956204379562044,cross-family,1.0
qwen3-8b,llama-8b,imdb,2000,1018,0.964983654704124,0.960672257811531,-0.0316082776242029,0.0011570155854284,0.101,0.019,0.9565609257399396,0.0041113320715913,0.9630900411733402,0.0018936135307838,0.6099297822415841,0.7524854067552869,0.7030563045538131,0.0707269155206286,72,0.1021611001964636,0.1198428290766208,0.5945744807984714,0.6504120879120877,0.0122432752691243,0.1021611001964636,0.3076923076923077,0.4098360655737705,cross-family,1.0
qwen3-8b,llama-8b,rte,111,62,0.9305464121132324,0.7778143515470705,0.0493197278911564,0.0,0.25,0.2142857142857142,0.7903225806451613,-0.0125082290980907,0.924292297564187,0.0062541145490453,0.69455400837532,0.4231817609120289,0.2032432586797298,0.1451612903225806,9,0.1612903225806451,0.4516129032258064,0.3951160303508412,0.8176470588235295,0.072840790842872,0.1612903225806451,0.0999999999999998,0.6785714285714286,cross-family,1.0
qwen3-8b,llama-8b,truthfulqa,654,327,0.7823322017413423,0.8157843054737256,0.1042340012928249,0.1578868433879495,0.345565749235474,0.3780487804878049,0.7575494019396047,0.0582349035341208,0.7870830177033359,-0.0047508159619935,0.4895280969765284,0.5644396112538319,0.3434506577105133,0.1681957186544342,55,0.3425076452599388,0.2507645259938837,0.4001416985450106,0.4992058990357346,0.0858887673128898,0.2507645259938837,0.3292682926829268,0.3292682926829268,cross-family,1.0
qwen3-8b,qwen3-8b-base,boolq,1308,475,0.8601175206924876,0.7904795602451506,-0.0331441596501836,0.0665434380776339,0.1129770992366412,0.172782874617737,0.6576457951601693,0.1328337650849813,0.8443798572060404,0.0157376634864472,0.4596236157769611,0.7184744262630601,0.7396914666159344,0.1368421052631579,65,0.2084210526315789,0.3052631578947368,0.3914331044041587,0.5056626874808694,0.0636232686980609,0.2084210526315789,0.3434343434343434,0.5517241379310345,same-family,1.0
qwen3-8b,qwen3-8b-base,geometry_of_truth,2012,1000,0.989439723320158,0.9775938735177866,0.2421816513318362,0.1920046774816913,0.0427435387673956,0.1123260437375745,0.9917648221343872,-0.0141709486166007,0.975471343873518,0.0139683794466402,0.880212718937976,0.9023709875008974,0.8906972852952512,0.029,29,0.029,0.129,0.4490592082949277,1.0000000000000002,0.003741,0.029,0.0,0.7751937984496124,same-family,1.0
qwen3-8b,qwen3-8b-base,imdb,2000,1018,0.964983654704124,0.9662860766888473,-0.0316082776242029,-0.0159697288410158,0.101,0.091,0.9671403534745256,-0.0008542767856783,0.9624378298568737,0.0025458248472505,0.8513674997347099,0.8465267587619727,0.8402414151932316,0.0844793713163064,86,0.1021611001964636,0.1493123772102161,0.641343747073492,0.7965446793391362,0.015253916728745,0.1021611001964636,0.1730769230769231,0.4342105263157895,same-family,1.0
qwen3-8b,qwen3-8b-base,rte,111,62,0.9305464121132324,0.9213298222514812,0.0493197278911564,-0.0717391304347826,0.25,0.1785714285714285,0.9391046741277156,-0.0177748518762342,0.9154048716260698,0.0151415404871625,0.7175905473835169,0.3170338889197487,0.2966839491408943,0.1129032258064516,7,0.1612903225806451,0.3387096774193548,0.3347686421655422,0.5463414634146341,0.054630593132154,0.1612903225806451,0.3,0.6666666666666666,same-family,1.0
qwen3-8b,qwen3-8b-base,truthfulqa,654,327,0.7823322017413423,0.7508346659933227,0.1042340012928249,0.2072648756066801,0.345565749235474,0.4115853658536585,0.7560156739518747,-0.005181007958552,0.7721759298225925,0.0101562719187497,0.6482278662210675,0.5198347494012434,0.4982880242805179,0.1590214067278287,52,0.3425076452599388,0.2813455657492354,0.2936423672796173,0.3387259858442872,0.0963630072290959,0.2813455657492354,0.4347826086956522,0.4347826086956522,same-family,1.0
qwen3-8b-base,gemma4-12b,boolq,1308,475,0.7904795602451506,0.5145409742844506,0.0665434380776339,0.0205803937653815,0.172782874617737,0.3516819571865443,0.5048385670057496,0.0097024072787009,0.4548050799267075,0.3356744803184431,0.0404840141865178,-0.0708383386644746,0.0299843770668842,0.1726315789473684,82,0.3052631578947368,0.5957894736842105,-0.0408903903199106,-0.0508102839039844,0.1818725761772853,0.3052631578947368,0.4344827586206896,0.7102473498233215,cross-family,1.5
qwen3-8b-base,gemma4-12b,geometry_of_truth,2012,1000,0.9775938735177866,0.5481284584980237,0.1920046774816913,0.0430336120520169,0.1123260437375745,0.4846077457795432,0.5555830039525692,-0.0074545454545454,0.7506828063241107,0.2269110671936759,0.3964767331284124,0.594453195415098,0.5994778012504041,0.028,28,0.129,0.459,-0.1868524409783906,-0.5271148941919575,0.059211,0.129,0.7829457364341086,0.9389978213507624,cross-family,1.5
qwen3-8b-base,gemma4-12b,imdb,2000,1018,0.9662860766888473,0.516761430703548,-0.0159697288410158,-0.0111792828685258,0.091,0.4920159680638722,0.5017035519508322,0.0150578787527158,0.5435551118562414,0.4227309648326058,0.113908220875688,-0.1777037019691145,0.0599654262227835,0.0609037328094302,62,0.1493123772102161,0.5216110019646365,-0.0953721278231684,-0.2180097135494102,0.0778829786823425,0.1493123772102161,0.5921052631578947,0.8832391713747646,cross-family,1.5
qwen3-8b-base,gemma4-12b,rte,111,62,0.9213298222514812,0.4512837393021724,-0.0717391304347826,0.0153846153846154,0.1785714285714285,0.5535714285714286,0.5088874259381171,-0.0576036866359446,0.8936800526662279,0.0276497695852533,0.1373622470216939,0.0066878292871168,-0.2555572366369696,0.2258064516129032,14,0.3387096774193548,0.5967741935483871,0.1019691854824715,0.1733333333333333,0.2021331945889698,0.3387096774193548,0.3333333333333332,0.6216216216216217,cross-family,1.5
qwen3-8b-base,gemma4-12b,truthfulqa,654,327,0.7508346659933227,0.5465215236278278,0.2072648756066801,0.0792782738095237,0.4115853658536585,0.4664634146341463,0.561222867510217,-0.0147013438823891,0.6119855231041158,0.1388491428892069,0.0534203691697243,-0.0376694101778809,-0.1829449782916388,0.146788990825688,48,0.2813455657492354,0.5076452599388379,0.0176388809780326,0.0286254388333783,0.14282374285741,0.2813455657492354,0.4782608695652174,0.7108433734939759,cross-family,1.5
qwen3-8b-base,gemma4-31b,boolq,1308,475,0.7904795602451506,0.7409439565299805,0.0665434380776339,0.0570612287691338,0.172782874617737,0.2171253822629969,0.5090263473810577,0.2319176091489228,0.5137398117141593,0.2767397485309913,0.0403079045435756,0.2082127650929395,0.220183134848769,0.1178947368421052,56,0.3052631578947368,0.2673684210526316,0.1779861587131777,0.1952994512049629,0.0816177285318559,0.2673684210526316,0.5590551181102362,0.5590551181102362,cross-family,3.875
qwen3-8b-base,gemma4-31b,geometry_of_truth,2012,1000,0.9775938735177866,0.7396062252964427,0.1920046774816913,0.2751436089984276,0.1123260437375745,0.4393638170974155,0.6395711462450593,0.1000350790513834,0.8314772727272727,0.1461166007905139,0.7279201987319143,0.8278470277586828,0.7571682967289242,0.021,21,0.129,0.307,-0.1203215030231194,-0.4697371411256721,0.039603,0.129,0.8372093023255813,0.9315960912052116,cross-family,3.875
qwen3-8b-base,gemma4-31b,rte,111,62,0.9213298222514812,0.6109282422646478,-0.0717391304347826,-0.0303225806451612,0.1785714285714285,0.4107142857142857,0.5362080315997367,0.074720210664911,0.8508887425938118,0.0704410796576694,0.2222942504164118,0.0442333998669974,-0.0654553926280554,0.1612903225806451,10,0.3387096774193548,0.3709677419354839,0.1558916198991955,0.1672771672771673,0.1256503642039542,0.3387096774193548,0.5238095238095237,0.5652173913043479,cross-family,3.875
qwen3-8b-base,gemma4-31b,truthfulqa,654,327,0.7508346659933227,0.6755978265952173,0.2072648756066801,0.3501795600778093,0.4115853658536585,0.5443425076452599,0.690729362474165,-0.0151315358789477,0.672118882623049,0.0787157833702737,0.1987118687959528,0.2165863347831367,0.1408892616294688,0.0948012232415902,31,0.2813455657492354,0.2538226299694189,0.1195231107078897,0.1282235324275826,0.071411871428705,0.2538226299694189,0.6265060240963856,0.6265060240963856,cross-family,3.875
qwen3-8b-base,qwen3-32b,boolq,1308,475,0.7904795602451506,0.8856687938333226,0.0665434380776339,0.007434434613884,0.172782874617737,0.0596330275229357,0.7801048840588867,0.1055639097744359,0.5947254691350224,0.1957540911101282,0.3045303791786576,0.5705010298689401,0.5260714905616933,0.0989473684210526,47,0.3052631578947368,0.1810526315789473,0.246315437352504,0.3472515856236786,0.0552686980609418,0.1810526315789473,0.4534883720930233,0.4534883720930233,same-family,4.0
qwen3-8b-base,qwen3-32b,geometry_of_truth,2012,1000,0.9775938735177866,0.9955760869565216,0.1920046774816913,0.0771812890917433,0.1123260437375745,0.0208747514910536,0.9829505928853756,0.0126254940711462,0.99500790513834,-0.0174140316205533,0.690083665560938,0.8143092529114156,0.8458960552649911,0.041,41,0.129,0.042,0.529199009868708,0.9726641517686292,0.005418,0.042,0.0238095238095238,0.0238095238095238,same-family,4.0
qwen3-8b-base,qwen3-32b,imdb,2000,1018,0.9662860766888473,0.969971270691704,-0.0159697288410158,-0.0036551600064942,0.091,0.0169660678642714,0.9659929817260792,0.0039782889656249,0.9293791188345024,0.0369069578543448,0.4133167428486057,0.7187060462957127,0.7048071454055758,0.0815324165029469,83,0.1493123772102161,0.093320235756385,0.6520629807024377,0.8515133098334751,0.0139338662426036,0.093320235756385,0.1263157894736841,0.1263157894736841,same-family,4.0
qwen3-8b-base,qwen3-32b,rte,111,62,0.9213298222514812,0.9486504279131008,-0.0717391304347826,0.1222972972972972,0.1785714285714285,0.1578947368421052,0.9479921000658328,0.0006583278472678,0.8772218564845293,0.0441079657669518,0.4332367283233484,0.3401766194488501,0.2491217512286893,0.2258064516129032,14,0.3387096774193548,0.2903225806451613,0.5933786463565036,0.6639566395663957,0.0983350676378772,0.2903225806451613,0.2222222222222223,0.2222222222222223,same-family,4.0
qwen3-8b-base,qwen3-32b,truthfulqa,654,327,0.7508346659933227,0.8104630175162958,0.2072648756066801,0.0489883851629822,0.4115853658536585,0.2293577981651376,0.8143908574848733,-0.0039278399685774,0.7144740902842073,0.0363605757091154,0.2928785443538571,0.4292372124708026,0.3881766373080627,0.1590214067278287,52,0.2813455657492354,0.3700305810397553,0.2529483825793257,0.3098353735753483,0.1041064631671482,0.2813455657492354,0.4347826086956522,0.5702479338842975,same-family,4.0
qwen3-8b-base,qwen38-27b,boolq,1308,475,0.7904795602451506,0.915890566753017,0.0665434380776339,0.22122248661511,0.172782874617737,0.1173780487804878,0.6630568016680356,0.2528337650849814,0.6359183673469389,0.1545611928982118,0.1798074467287068,0.6130187697769451,0.5169037387789173,0.08,38,0.3052631578947368,0.1684210526315789,0.1658728101147134,0.2443181818181818,0.0514127423822714,0.1684210526315789,0.5249999999999999,0.5249999999999999,same-family,3.375
qwen3-8b-base,qwen38-27b,geometry_of_truth,2012,1000,0.9775938735177866,0.9905108695652174,0.1920046774816913,0.3102735805860805,0.1123260437375745,0.0954274353876739,0.9827875494071148,0.0077233201581026,0.9894861660079052,-0.0118922924901185,0.7648056117263775,0.8852569345797606,0.8520893320157121,0.044,44,0.129,0.046,0.542100998759344,0.950082364099236,0.005934,0.046,0.0434782608695653,0.0434782608695653,same-family,3.375
qwen3-8b-base,qwen38-27b,rte,111,62,0.9213298222514812,0.935483870967742,-0.0717391304347826,0.4003831417624521,0.1785714285714285,0.4464285714285714,0.9499670836076366,-0.0144832126398946,0.8851217906517446,0.0362080315997366,0.5229343418490815,0.4035709072104441,0.2542318077332631,0.2580645161290322,16,0.3387096774193548,0.3225806451612903,0.6725968205756728,0.697560975609756,0.109261186264308,0.3225806451612903,0.1999999999999999,0.1999999999999999,same-family,3.375
qwen3-8b-base,qwen38-27b,truthfulqa,654,327,0.7508346659933227,0.8266887373864902,0.2072648756066801,0.323365290989439,0.4115853658536585,0.4923547400611621,0.7906554816747562,0.0360332557117339,0.7226664422186685,0.0281682237746542,0.4556842657920618,0.5019257764965761,0.3922434785434063,0.1223241590214067,40,0.2813455657492354,0.3302752293577982,0.1390339167086199,0.1560452650387135,0.0929214712566282,0.2813455657492354,0.5652173913043479,0.6296296296296297,same-family,3.375
qwen38-27b,qwen3-32b,boolq,1308,475,0.915890566753017,0.8856687938333226,0.22122248661511,0.007434434613884,0.1173780487804878,0.0596330275229357,0.8124015922158336,0.073267201617489,0.6663423264042458,0.2495482403487712,0.700458130878681,0.6005436121303522,0.6354331136478264,0.0926315789473684,44,0.1684210526315789,0.1810526315789473,0.4312016817921369,0.4505141388174807,0.0304930747922437,0.1684210526315789,0.4499999999999999,0.4883720930232558,same-family,1.1851851851851851
qwen38-27b,qwen3-32b,geometry_of_truth,2012,1000,0.9905108695652174,0.9955760869565216,0.3102735805860805,0.0771812890917433,0.0954274353876739,0.0208747514910536,0.9915958498023716,0.00398023715415,0.994056324110672,-0.0035454545454545,0.8754451240697537,0.809062202560906,0.8779413626148241,0.034,34,0.046,0.042,0.7631525715817626,0.8003394229809322,0.001932,0.042,0.1904761904761904,0.1904761904761904,same-family,1.1851851851851851
qwen38-27b,qwen3-32b,rte,111,62,0.935483870967742,0.9486504279131008,0.4003831417624521,0.1222972972972972,0.4464285714285714,0.1578947368421052,0.9391046741277156,0.0095457537853851,0.913100724160632,0.02238314680711,0.7047644813387057,0.3511054121478043,0.4054316782640184,0.2258064516129032,14,0.3225806451612903,0.2903225806451613,0.6228184630394622,0.671957671957672,0.0936524453694068,0.2903225806451613,0.2222222222222223,0.2222222222222223,same-family,1.1851851851851851
qwen38-27b,qwen3-32b,truthfulqa,654,327,0.8266887373864902,0.8104630175162958,0.323365290989439,0.0489883851629822,0.4923547400611621,0.2293577981651376,0.7774785137801719,0.0329845037361239,0.7560998419512013,0.0705888954352889,0.5749037302976496,0.440902592044685,0.5038382855187689,0.2293577981651376,75,0.3302752293577982,0.3700305810397553,0.4718573046460213,0.514967637540453,0.1222119350223045,0.3302752293577982,0.3055555555555556,0.3801652892561983,same-family,1.1851851851851851
gemma4-12b,gemma4-31b,boolq,1308,475,0.5145409742844506,0.7409439565299805,0.0205803937653815,0.0570612287691338,0.3516819571865443,0.2171253822629969,0.4857446136349276,0.2551993428950528,0.4889821191634548,0.0255588551209957,0.3309960789331739,0.2118892007228263,0.1240454748010714,0.1494736842105263,71,0.5957894736842105,0.2673684210526316,-0.0452204043611933,-0.0616566038785787,0.1592952908587257,0.2673684210526316,0.4409448818897638,0.4409448818897638,same-family,2.5833333333333335
gemma4-12b,gemma4-31b,geometry_of_truth,2012,1000,0.5481284584980237,0.7396062252964427,0.0430336120520169,0.2751436089984276,0.4846077457795432,0.4393638170974155,0.5865573122529645,0.1530489130434782,0.5002282608695652,0.0479001976284585,0.4638891811323676,0.7137130350294703,0.6424803131959256,0.144,144,0.459,0.307,0.0134306134306973,0.0185866443490459,0.140913,0.307,0.5309446254071661,0.5309446254071661,same-family,2.5833333333333335
gemma4-12b,gemma4-31b,rte,111,62,0.4512837393021724,0.6109282422646478,0.0153846153846154,-0.0303225806451612,0.5535714285714286,0.4107142857142857,0.4447004608294931,0.1662277814351547,0.4502962475312706,0.0009874917709018,0.2370150988380662,-0.1529314648018378,-0.0305126263402331,0.2419354838709677,15,0.5967741935483871,0.3709677419354839,0.0867281341947334,0.1373913043478261,0.2213839750260146,0.3709677419354839,0.3478260869565217,0.3478260869565217,same-family,2.5833333333333335
gemma4-12b,gemma4-31b,truthfulqa,654,327,0.5465215236278278,0.6755978265952173,0.0792782738095237,0.3501795600778093,0.4664634146341463,0.5443425076452599,0.5985279952117761,0.0770698313834411,0.5395823396833412,0.0069391839444865,0.1798576078923201,-0.0890028866702754,-0.0228365068434788,0.1070336391437308,35,0.5076452599388379,0.2538226299694189,-0.1002798781095406,-0.1693279140659021,0.1288518549691851,0.2538226299694189,0.5783132530120482,0.5783132530120482,same-family,2.5833333333333335
gemma4-12b,qwen38-27b,boolq,1308,475,0.5145409742844506,0.915890566753017,0.0205803937653815,0.22122248661511,0.3516819571865443,0.1173780487804878,0.5487432867883996,0.3671472799646175,0.4947899159663865,0.019751058318064,0.1948886042715325,0.143400044367885,-0.0218968237056498,0.0905263157894736,43,0.5957894736842105,0.1684210526315789,-0.053454756693327,-0.0978356890459363,0.1003434903047091,0.1684210526315789,0.4624999999999999,0.4624999999999999,cross-family,2.25
gemma4-12b,qwen38-27b,geometry_of_truth,2012,1000,0.5481284584980237,0.9905108695652174,0.0430336120520169,0.3102735805860805,0.4846077457795432,0.0954274353876739,0.7759169960474308,0.2145938735177865,0.5622826086956522,-0.0141541501976284,0.5517228930984758,0.645275402760443,0.5927164296515091,0.01,10,0.459,0.046,-0.1064663373963314,-0.5263806005493984,0.021114,0.046,0.7826086956521738,0.7826086956521738,cross-family,2.25
gemma4-12b,qwen38-27b,rte,111,62,0.4512837393021724,0.935483870967742,0.0153846153846154,0.4003831417624521,0.5535714285714286,0.4464285714285714,0.933508887425938,0.0019749835418039,0.4940750493745885,-0.042791310072416,0.2489705294833831,-0.1724831044040757,-0.0424207446862254,0.1774193548387097,11,0.5967741935483871,0.3225806451612903,-0.065798725895509,-0.0783783783783784,0.1925078043704474,0.3225806451612903,0.4499999999999999,0.4499999999999999,cross-family,2.25
gemma4-12b,qwen38-27b,truthfulqa,654,327,0.5465215236278278,0.8266887373864902,0.0792782738095237,0.323365290989439,0.4664634146341463,0.4923547400611621,0.6631409626948723,0.1635477746916178,0.5022865639817076,0.0442349596461202,0.1226568920094822,-0.1455855510451302,-0.0760111070900921,0.2018348623853211,66,0.5076452599388379,0.3302752293577982,0.1453341335551561,0.2101449275362318,0.1676626546586987,0.3302752293577982,0.3888888888888888,0.3888888888888888,cross-family,2.25
gemma4-12b-base,gemma4-31b,boolq,1308,475,0.7796802931698995,0.7409439565299805,0.0152513464991023,0.0570612287691338,0.1491628614916286,0.2171253822629969,0.5592620205977128,0.1816819359322676,0.5443710115625198,0.2353092816073797,0.1831673388859977,0.1946017954066975,0.2296118029990832,0.1157894736842105,55,0.2989473684210526,0.2673684210526316,0.1769882478218199,0.191317301553522,0.0799290858725761,0.2673684210526316,0.5669291338582677,0.5669291338582677,same-family,2.5833333333333335
gemma4-12b-base,gemma4-31b,geometry_of_truth,2012,1000,0.9666847826086956,0.7396062252964427,0.0750093052109182,0.2751436089984276,0.0934393638170974,0.4393638170974155,0.6017796442687746,0.1378265810276681,0.7494891304347826,0.217195652173913,0.8535078307482329,0.8256971035669899,0.7894155559460154,0.009,9,0.075,0.307,-0.1154424584357824,-0.6091205211726382,0.023025,0.075,0.88,0.970684039087948,same-family,2.5833333333333335
gemma4-12b-base,gemma4-31b,rte,111,62,0.7162606978275182,0.6109282422646478,0.0401844532279315,-0.0303225806451612,0.375,0.4107142857142857,0.4871626069782752,0.1237656352863726,0.5368663594470047,0.1793943383805135,0.3366602290192614,0.02784109988038,-0.0662111255982755,0.2419354838709677,15,0.5483870967741935,0.3709677419354839,0.1601574036279276,0.2298136645962732,0.2034339229968782,0.3709677419354839,0.3478260869565217,0.3478260869565217,same-family,2.5833333333333335
gemma4-12b-base,gemma4-31b,truthfulqa,654,327,0.6888589624891284,0.6755978265952173,0.0701323813773613,0.3501795600778093,0.4390243902439024,0.5443425076452599,0.6853332585173338,-0.0097354319221165,0.597714371218285,0.0911445912708434,0.3543276681966797,0.1815268941280117,0.155516668531779,0.0672782874617737,22,0.2844036697247706,0.2538226299694189,-0.0250078261223377,-0.0680139914496696,0.0721880874224953,0.2538226299694189,0.7349397590361446,0.7349397590361446,same-family,2.5833333333333335
gemma4-12b-base,qwen38-27b,boolq,1308,475,0.7796802931698995,0.915890566753017,0.0152513464991023,0.22122248661511,0.1491628614916286,0.1173780487804878,0.7891122764895431,0.1267782902634739,0.5882656220382889,0.1914146711316106,0.6016866517692749,0.6064550067313735,0.5283255669761923,0.0821052631578947,39,0.2989473684210526,0.1684210526315789,0.1853558786666709,0.2689564564564564,0.0503490304709141,0.1684210526315789,0.5125,0.5125,cross-family,2.25
gemma4-12b-base,qwen38-27b,geometry_of_truth,2012,1000,0.9666847826086956,0.9905108695652174,0.0750093052109182,0.3102735805860805,0.0934393638170974,0.0954274353876739,0.9876215415019762,0.0028893280632411,0.966965415019763,-0.0002806324110673,0.9053120460439172,0.8673039790323338,0.8626741683621525,0.013,13,0.075,0.046,0.1730807507546771,0.2244418331374851,0.00345,0.046,0.7173913043478262,0.7173913043478262,cross-family,2.25
gemma4-12b-base,qwen38-27b,rte,111,62,0.7162606978275182,0.935483870967742,0.0401844532279315,0.4003831417624521,0.375,0.4464285714285714,0.7992100065832785,0.1362738643844635,0.5302830809743252,0.185977616853193,0.858339408786396,0.4006592188873003,0.2574423621229568,0.2903225806451613,18,0.5483870967741935,0.3225806451612903,0.4875603409162949,0.7785714285714287,0.1768990634755463,0.3225806451612903,0.0999999999999998,0.0999999999999998,cross-family,2.25
gemma4-12b-base,qwen38-27b,truthfulqa,654,327,0.6888589624891284,0.8266887373864902,0.0701323813773613,0.323365290989439,0.4390243902439024,0.4923547400611621,0.7345995941232033,0.0920891432632868,0.5879695872962433,0.1008893751928851,0.7824299168075719,0.4896662243819921,0.4245723898266021,0.1376146788990825,45,0.2844036697247706,0.3302752293577982,0.2058858639522848,0.2293415819708352,0.0939314872485481,0.2844036697247706,0.5161290322580645,0.5833333333333333,cross-family,2.25
llama-8b,gemma4-12b,boolq,1308,475,0.7919251911290832,0.5145409742844506,-0.0090269804822042,0.0205803937653815,0.1330275229357798,0.3516819571865443,0.4991798824793075,0.015361091805143,0.408827952233525,0.3830972388955582,0.1886989739599356,-0.0099832483908381,0.1680419050079125,0.0905263157894736,43,0.2421052631578947,0.5957894736842105,-0.2555398391887421,-0.3724074358580427,0.1442437673130193,0.2421052631578947,0.6260869565217391,0.8480565371024735,cross-family,1.5
llama-8b,gemma4-12b,geometry_of_truth,2012,1000,0.9684239130434782,0.5481284584980237,-0.0032551194715705,0.0430336120520169,0.0069582504970178,0.4846077457795432,0.576441699604743,-0.0283132411067192,0.7845069169960475,0.1839169960474307,0.5281683423029837,0.60089987231235,0.706247874606011,0.031,31,0.137,0.459,-0.1860752119747971,-0.5070209754623665,0.062883,0.137,0.7737226277372263,0.9324618736383442,cross-family,1.5
llama-8b,gemma4-12b,imdb,2000,1018,0.960672257811531,0.516761430703548,0.0011570155854284,-0.0111792828685258,0.019,0.4920159680638722,0.4932128009475069,0.0235486297560409,0.7869819821622206,0.1736902756493104,0.0918331604984503,-0.1058547037186514,0.0796614166857093,0.0491159135559921,50,0.1198428290766208,0.5216110019646365,-0.0825669759651254,-0.2142879194838071,0.0625113381529328,0.1198428290766208,0.5901639344262295,0.9058380414312618,cross-family,1.5
llama-8b,gemma4-12b,rte,111,62,0.7778143515470705,0.4512837393021724,0.0,0.0153846153846154,0.2142857142857142,0.5535714285714286,0.4160631994733377,0.0352205398288347,0.7132982225148125,0.064516129032258,0.2836857256561791,-0.1075165018641837,-0.1755526330809851,0.2741935483870967,17,0.4516129032258064,0.5967741935483871,0.0191815264295167,0.0257142857142857,0.2695109261186264,0.4516129032258064,0.3928571428571429,0.5405405405405406,cross-family,1.5
llama-8b,gemma4-12b,truthfulqa,654,327,0.8157843054737256,0.5465215236278278,0.1578868433879495,0.0792782738095237,0.3780487804878049,0.4664634146341463,0.5439216676486267,0.002599855979201,0.6464008828287929,0.1693834226449326,0.1318258221151197,-0.1162902730960833,-0.1519009298414237,0.1376146788990825,45,0.2507645259938837,0.5076452599388379,0.0476012724327546,0.083547947280715,0.1272994229816046,0.2507645259938837,0.4512195121951219,0.7289156626506024,cross-family,1.5
llama-8b,gemma4-31b,boolq,1308,475,0.7919251911290832,0.7409439565299805,-0.0090269804822042,0.0570612287691338,0.1330275229357798,0.2171253822629969,0.5616351803879447,0.1793087761420357,0.5740671005244203,0.2178580906046628,0.2255247132295846,0.2670675063719979,0.430658747810123,0.08,38,0.2421052631578947,0.2673684210526316,0.0805373940885778,0.0860819590204897,0.0647313019390581,0.2421052631578947,0.6695652173913044,0.7007874015748032,cross-family,3.875
llama-8b,gemma4-31b,geometry_of_truth,2012,1000,0.9684239130434782,0.7396062252964427,-0.0032551194715705,0.2751436089984276,0.0069582504970178,0.4393638170974155,0.7006156126482214,0.0389906126482213,0.8326768774703557,0.1357470355731225,0.884884151625678,0.8276892511940859,0.8419637117184366,0.019,19,0.137,0.307,-0.1453914885021231,-0.5482536436910053,0.042059,0.137,0.8613138686131387,0.9381107491856676,cross-family,3.875
llama-8b,gemma4-31b,rte,111,62,0.7778143515470705,0.6109282422646478,0.0,-0.0303225806451612,0.2142857142857142,0.4107142857142857,0.5730743910467413,0.0378538512179065,0.6863067807768268,0.0915075707702436,0.3197017661430493,-0.030339002610443,0.0674989591058993,0.2258064516129032,14,0.4516129032258064,0.3709677419354839,0.2424003946801068,0.2864450127877238,0.1675338189386056,0.3709677419354839,0.391304347826087,0.391304347826087,cross-family,3.875
llama-8b,gemma4-31b,truthfulqa,654,327,0.8157843054737256,0.6755978265952173,0.1578868433879495,0.3501795600778093,0.3780487804878049,0.5443425076452599,0.6658623946731008,0.0097354319221164,0.6586613547307092,0.1571229507430164,0.3508686624902998,0.1708136478202654,0.2871932710567441,0.0886850152905198,29,0.2507645259938837,0.2538226299694189,0.1327163543870739,0.1337964814074371,0.0636497114908023,0.2507645259938837,0.646341463414634,0.6506024096385542,cross-family,3.875
llama-8b,qwen3-8b,boolq,1308,475,0.7919251911290832,0.8601175206924876,-0.0090269804822042,-0.0331441596501836,0.1330275229357798,0.1129770992366412,0.7000796107916851,0.1600379099008024,0.683657041764074,0.1082681493650091,0.5998773030977419,0.5430269163503942,0.6640250806403813,0.1157894736842105,55,0.2421052631578947,0.2084210526315789,0.3754791215985077,0.4135802469135802,0.0504598337950138,0.2084210526315789,0.4444444444444444,0.4444444444444444,cross-family,1.0
llama-8b,qwen3-8b,geometry_of_truth,2012,1000,0.9684239130434782,0.989439723320158,-0.0032551194715705,0.2421816513318362,0.0069582504970178,0.0427435387673956,0.974001976284585,0.0154377470355731,0.9942658102766796,-0.0258418972332015,0.8891888899842526,0.8278566265564234,0.9073184802794156,0.028,28,0.137,0.029,0.4164139336593663,0.960043153394334,0.003973,0.029,0.0344827586206897,0.0344827586206897,cross-family,1.0
llama-8b,qwen3-8b,imdb,2000,1018,0.960672257811531,0.964983654704124,0.0011570155854284,-0.0316082776242029,0.019,0.101,0.9630900411733402,0.0018936135307838,0.9565609257399396,0.0041113320715913,0.6099297822415837,0.7030563045538131,0.7524854067552869,0.0707269155206286,72,0.1198428290766208,0.1021611001964636,0.5945744807984715,0.6504120879120878,0.0122432752691243,0.1021611001964636,0.3076923076923077,0.3076923076923077,cross-family,1.0
llama-8b,qwen3-8b,rte,111,62,0.7778143515470705,0.9305464121132324,0.0,0.0493197278911564,0.2142857142857142,0.25,0.924292297564187,0.0062541145490453,0.7903225806451613,-0.0125082290980907,0.69455400837532,0.2032432586797298,0.4231817609120289,0.1451612903225806,9,0.4516129032258064,0.1612903225806451,0.3951160303508412,0.8176470588235296,0.072840790842872,0.1612903225806451,0.0999999999999998,0.0999999999999998,cross-family,1.0
llama-8b,qwen3-8b,truthfulqa,654,327,0.8157843054737256,0.7823322017413423,0.1578868433879495,0.1042340012928249,0.3780487804878049,0.345565749235474,0.7870830177033359,-0.0047508159619935,0.7575494019396047,0.0582349035341208,0.4895280969765285,0.3434506577105133,0.5644396112538319,0.1681957186544342,55,0.2507645259938837,0.3425076452599388,0.4001416985450106,0.4992058990357346,0.0858887673128898,0.2507645259938837,0.3292682926829268,0.5089285714285714,cross-family,1.0
llama-8b,qwen38-27b,boolq,1308,475,0.7919251911290832,0.915890566753017,-0.0090269804822042,0.22122248661511,0.1330275229357798,0.1173780487804878,0.6770329184305302,0.2388576483224869,0.7601010930688065,0.0318240980602767,0.9344339063938496,0.6456573470000779,0.6994654379120977,0.0842105263157894,40,0.2421052631578947,0.1684210526315789,0.2709457628992754,0.3402777777777779,0.040775623268698,0.1684210526315789,0.5,0.5,cross-family,3.375
llama-8b,qwen38-27b,geometry_of_truth,2012,1000,0.9684239130434782,0.9905108695652174,-0.0032551194715705,0.3102735805860805,0.0069582504970178,0.0954274353876739,0.9780128458498024,0.0124980237154149,0.9858181818181818,-0.0173942687747036,0.9559949081208062,0.8834592182723996,0.9130994362777902,0.042,42,0.137,0.046,0.4955929281319181,0.899239256385712,0.006302,0.046,0.0869565217391303,0.0869565217391303,cross-family,3.375
llama-8b,qwen38-27b,rte,111,62,0.7778143515470705,0.935483870967742,0.0,0.4003831417624521,0.2142857142857142,0.4464285714285714,0.9430546412113232,-0.0075707702435812,0.6431863067807768,0.1346280447662936,0.9438163248660408,0.4035692649639868,0.4523862584243187,0.2419354838709677,15,0.4516129032258064,0.3225806451612903,0.4137553351812595,0.5441176470588237,0.145681581685744,0.3225806451612903,0.25,0.25,cross-family,3.375
llama-8b,qwen38-27b,truthfulqa,654,327,0.8157843054737256,0.8266887373864902,0.1578868433879495,0.323365290989439,0.3780487804878049,0.4923547400611621,0.8152512414779901,0.0114374959085,0.6660400826716794,0.1497442228020462,0.886139494424209,0.5064214172453088,0.5938352481064584,0.1651376146788991,54,0.2507645259938837,0.3302752293577982,0.4037917678535272,0.4901436685599733,0.0828213113374295,0.2507645259938837,0.3414634146341462,0.5,cross-family,3.375
olmo3-7b,gemma4-12b-base,boolq,1308,475,0.693311429835092,0.7796802931698995,0.0549822239778786,0.0152513464991023,0.2477064220183486,0.1491628614916286,0.6134302141909396,0.1662500789789599,0.5475251153092815,0.1457863145258104,0.5280121760649664,0.4554555503041938,0.4260679770336855,0.1747368421052631,83,0.4,0.2989473684210526,0.2459401205190179,0.3075117370892019,0.119578947368421,0.2989473684210526,0.4154929577464789,0.4154929577464789,cross-family,1.7142857142857142
olmo3-7b,gemma4-12b-base,geometry_of_truth,2012,1000,0.9594693675889328,0.9666847826086956,0.0057037480063795,0.0750093052109182,0.0198807157057654,0.0934393638170974,0.9390671936758892,0.0276175889328063,0.9712994071146244,-0.0118300395256917,0.9085211493611308,0.8381961678753677,0.8031377836951171,0.052,52,0.245,0.075,0.2968275975011692,0.5938189845474615,0.018375,0.075,0.3066666666666666,0.3066666666666666,cross-family,1.7142857142857142
olmo3-7b,gemma4-12b-base,imdb,2000,1018,0.9577723182311068,0.7319851631928744,0.0886700831422018,0.2445151986518892,0.128,0.4132804757185332,0.6311404895186041,0.1008446736742703,0.6423541227357663,0.3154181954953405,0.7818800427343559,0.5928344902198944,0.5936058603231459,0.0412573673870334,42,0.1277013752455795,0.2210216110019646,0.0941067409897425,0.1310117373169075,0.0282247636839444,0.1277013752455795,0.676923076923077,0.8133333333333334,cross-family,1.7142857142857142
olmo3-7b,gemma4-12b-base,rte,111,62,0.8350888742593812,0.7162606978275182,0.0321637426900583,0.0401844532279315,0.25,0.375,0.5240289664252797,0.1922317314022384,0.7011191573403555,0.1339697169190257,0.7565894699957323,0.2364521780236155,0.1763983801245268,0.3064516129032258,19,0.3709677419354839,0.5483870967741935,0.4285292691666173,0.6149068322981365,0.2034339229968782,0.3709677419354839,0.1739130434782608,0.4411764705882353,cross-family,1.7142857142857142
olmo3-7b,gemma4-12b-base,truthfulqa,654,327,0.7695760738433912,0.6888589624891284,0.2268442316325004,0.0701323813773613,0.5045871559633027,0.4390243902439024,0.666227122670183,0.0226318398189453,0.6981080904151353,0.0714679834282558,0.7014753788139229,0.3780123331609243,0.2811470299206996,0.1070336391437308,35,0.2262996941896024,0.2844036697247706,0.226060636116923,0.2635135135135134,0.0643604634851162,0.2262996941896024,0.527027027027027,0.6236559139784946,cross-family,1.7142857142857142
olmo3-7b,llama-8b,boolq,1308,475,0.693311429835092,0.7919251911290832,0.0549822239778786,-0.0090269804822042,0.2477064220183486,0.1330275229357798,0.7584204207998989,0.0335047703291843,0.5344108169583623,0.1589006128767296,0.8893621595327759,0.6471998135302348,0.4923633300367945,0.1221052631578947,58,0.4,0.2421052631578947,0.1203858530857692,0.1739130434782609,0.0968421052631579,0.2421052631578947,0.4956521739130435,0.4956521739130435,cross-family,1.1428571428571428
olmo3-7b,llama-8b,geometry_of_truth,2012,1000,0.9594693675889328,0.9684239130434782,0.0057037480063795,-0.0032551194715705,0.0198807157057654,0.0069582504970178,0.9747025691699605,-0.0062786561264822,0.9444693675889329,0.0149999999999999,0.9623223728083706,0.8961081289815551,0.825192919413034,0.123,123,0.245,0.137,0.6047631380744172,0.8646492966597378,0.033565,0.137,0.1021897810218979,0.1021897810218979,cross-family,1.1428571428571428
olmo3-7b,llama-8b,imdb,2000,1018,0.9577723182311068,0.960672257811531,0.0886700831422018,0.0011570155854284,0.128,0.019,0.9490304858774242,0.0116417719341067,0.9356831613442754,0.0220891568868314,0.8663807301474715,0.7201762240966998,0.6352907794930093,0.0795677799607072,81,0.1277013752455795,0.1198428290766208,0.5928558476330501,0.6147356372766207,0.0153040940864054,0.1198428290766208,0.3360655737704917,0.3360655737704917,cross-family,1.1428571428571428
olmo3-7b,llama-8b,rte,111,62,0.8350888742593812,0.7778143515470705,0.0321637426900583,0.0,0.25,0.2142857142857142,0.6514154048716261,0.1263989466754443,0.8406846609611586,-0.0055957867017774,0.8179044328644003,0.4027890912543567,0.1399427494492142,0.2741935483870967,17,0.3709677419354839,0.4516129032258064,0.4436792938341241,0.5242966751918159,0.1675338189386056,0.3709677419354839,0.2608695652173913,0.3928571428571429,cross-family,1.1428571428571428
olmo3-7b,llama-8b,truthfulqa,654,327,0.7695760738433912,0.8157843054737256,0.2268442316325004,0.1578868433879495,0.5045871559633027,0.3780487804878049,0.7594759139241927,0.0563083915495329,0.7590924819272602,0.010483591916131,0.7990418836625793,0.5418240153729301,0.3026374089336189,0.091743119266055,30,0.2262996941896024,0.2507645259938837,0.1929468506885099,0.2063982349696635,0.0567479355460165,0.2262996941896024,0.5945945945945945,0.6341463414634145,cross-family,1.1428571428571428
olmo3-7b,qwen3-8b,boolq,1308,475,0.693311429835092,0.8601175206924876,0.0549822239778786,-0.0331441596501836,0.2477064220183486,0.1129770992366412,0.8235850129525494,0.0365325077399382,0.549749162823024,0.1435622670120679,0.5775004510406001,0.4847461203817557,0.4456814705276702,0.1263157894736842,60,0.4,0.2084210526315789,0.2158306043505858,0.3434343434343435,0.0833684210526315,0.2084210526315789,0.3939393939393939,0.3939393939393939,cross-family,1.1428571428571428
olmo3-7b,qwen3-8b,geometry_of_truth,2012,1000,0.9594693675889328,0.989439723320158,0.0057037480063795,0.2421816513318362,0.0198807157057654,0.0427435387673956,0.9779584980237156,0.0114812252964425,0.9873379446640316,-0.0278685770750988,0.8653402026881076,0.8110801633295133,0.8234531516730262,0.029,29,0.245,0.029,0.3033750197603602,1.0000000000000004,0.007105,0.029,0.0,0.0,cross-family,1.1428571428571428
olmo3-7b,qwen3-8b,imdb,2000,1018,0.9577723182311068,0.964983654704124,0.0886700831422018,-0.0316082776242029,0.128,0.101,0.9625468651843196,0.0024367895198044,0.9581454391222756,-0.0003731208911688,0.6240341554862884,0.6348660141215922,0.5896537957908036,0.0795677799607072,81,0.1277013752455795,0.1021611001964636,0.6580982760530345,0.7464700277200274,0.0130461129916898,0.1021611001964636,0.2211538461538461,0.2211538461538461,cross-family,1.1428571428571428
olmo3-7b,qwen3-8b,rte,111,62,0.8350888742593812,0.9305464121132324,0.0321637426900583,0.0493197278911564,0.25,0.25,0.869321922317314,0.0612244897959183,0.8551678736010533,-0.0200789993416721,0.5671341684327251,0.2202387002063637,0.1867005796998185,0.1290322580645161,8,0.3709677419354839,0.1612903225806451,0.3894787282860583,0.6820512820512821,0.0598335067637877,0.1612903225806451,0.1999999999999999,0.1999999999999999,cross-family,1.1428571428571428
olmo3-7b,qwen3-8b,truthfulqa,654,327,0.7695760738433912,0.7823322017413423,0.2268442316325004,0.1042340012928249,0.5045871559633027,0.345565749235474,0.7707450738340393,0.0115871279073029,0.7415855380673158,0.0279905357760754,0.474250613578715,0.3167967674586213,0.2994264068922089,0.128440366972477,42,0.2262996941896024,0.3425076452599388,0.2564916759220508,0.3423004399748585,0.0775093753799249,0.2262996941896024,0.4324324324324323,0.625,cross-family,1.1428571428571428
olmo3-7b,qwen38-27b,boolq,1308,475,0.693311429835092,0.915890566753017,0.0549822239778786,0.22122248661511,0.2477064220183486,0.1173780487804878,0.8229102167182663,0.0929803500347508,0.5711783660832754,0.1221330637518165,0.8548232461156507,0.5835429908562979,0.4775593906229722,0.0884210526315789,42,0.4,0.1684210526315789,0.1148288030436563,0.2083333333333333,0.0673684210526315,0.1684210526315789,0.475,0.475,cross-family,3.857142857142857
olmo3-7b,qwen38-27b,geometry_of_truth,2012,1000,0.9594693675889328,0.9905108695652174,0.0057037480063795,0.3102735805860805,0.0198807157057654,0.0954274353876739,0.9835088932806324,0.0070019762845849,0.9752450592885376,-0.0157756916996049,0.9604455996733654,0.8656211455024846,0.8275386905531716,0.045,45,0.245,0.046,0.3743748967857823,0.9712064497552548,0.0112699999999999,0.046,0.0217391304347825,0.0217391304347825,cross-family,3.857142857142857
olmo3-7b,qwen38-27b,rte,111,62,0.8350888742593812,0.935483870967742,0.0321637426900583,0.4003831417624521,0.25,0.4464285714285714,0.9121132323897302,0.0233706385780118,0.7906517445687953,0.0444371296905858,0.7884280101136392,0.3756904053388931,0.1689501791150347,0.2741935483870967,17,0.3709677419354839,0.3225806451612903,0.6843063663724107,0.7615384615384617,0.1196670135275754,0.3225806451612903,0.15,0.15,cross-family,3.857142857142857
olmo3-7b,qwen38-27b,truthfulqa,654,327,0.7695760738433912,0.8266887373864902,0.2268442316325004,0.323365290989439,0.5045871559633027,0.4923547400611621,0.7442976180456191,0.082391119340871,0.6800026185599792,0.0895734552834119,0.7720825178814413,0.4651832238932214,0.3201446896985473,0.1223241590214067,40,0.2262996941896024,0.3302752293577982,0.2417892827874553,0.3139577934098482,0.0747411834020705,0.2262996941896024,0.4594594594594594,0.6296296296296297,cross-family,3.857142857142857
qwen3-1.7b,gemma4-12b-base,boolq,1308,475,0.723548366715107,0.7796802931698995,0.1377278610721606,0.0152513464991023,0.2232415902140672,0.1491628614916286,0.4937360207240791,0.2859442724458204,0.6248132937385481,0.0987350729765589,0.634512655723927,0.4245215945705728,0.5823892187110737,0.1536842105263157,73,0.4252631578947368,0.2989473684210526,0.117321071942823,0.1545426404581334,0.1271313019390581,0.2989473684210526,0.4859154929577465,0.4859154929577465,cross-family,7.0588235294117645
qwen3-1.7b,gemma4-12b-base,geometry_of_truth,2012,1000,0.9550187747035572,0.9666847826086956,0.2676211805260021,0.0750093052109182,0.246520874751491,0.0934393638170974,0.9226946640316206,0.043990118577075,0.96923023715415,-0.0142114624505929,0.8838039656096092,0.8188445090900809,0.8256497061183524,0.039,39,0.14,0.075,0.3118387769742854,0.4418604651162789,0.0105,0.075,0.48,0.48,cross-family,7.0588235294117645
qwen3-1.7b,gemma4-12b-base,imdb,2000,1018,0.9209063736650672,0.7319851631928744,0.0728246931672466,0.2445151986518892,0.2057942057942058,0.4132804757185332,0.54941100916697,0.1825741540259043,0.523139497197092,0.3977668764679753,0.7899285924056509,0.5185137259095846,0.6246827667745907,0.0648330058939096,66,0.1090373280943025,0.2210216110019646,0.3149584265172037,0.4795678402235778,0.0240996059147525,0.1090373280943025,0.4054054054054054,0.7066666666666667,cross-family,7.0588235294117645
qwen3-1.7b,gemma4-12b-base,rte,111,62,0.6132323897300855,0.7162606978275182,-0.1052631578947368,0.0401844532279315,0.3392857142857143,0.375,0.4470046082949309,0.2692560895325873,0.5819618169848586,0.0312705727452269,0.7968058068627611,0.2021356579061299,0.2915597203545976,0.3387096774193548,21,0.4354838709677419,0.5483870967741935,0.4048525191040435,0.5079365079365078,0.2388137356919875,0.4354838709677419,0.2222222222222223,0.3823529411764705,cross-family,7.0588235294117645
qwen3-1.7b,gemma4-12b-base,truthfulqa,654,327,0.7136230582910155,0.6888589624891284,0.2088194921070692,0.0701323813773613,0.4311926605504587,0.4390243902439024,0.5746242834030058,0.1142346790861226,0.6928896744568827,0.0207333838341328,0.7399635201269014,0.3146878262352167,0.3923067811190572,0.1406727828746177,46,0.3944954128440367,0.2844036697247706,0.1291547680219726,0.1653633105246008,0.1121959431024324,0.2844036697247706,0.5053763440860215,0.5053763440860215,cross-family,7.0588235294117645
qwen3-1.7b,llama-8b,boolq,1308,475,0.723548366715107,0.7919251911290832,0.1377278610721606,-0.0090269804822042,0.2232415902140672,0.1330275229357798,0.5142907689391546,0.2776344221899286,0.5468402097681178,0.1767081569469892,0.7849564337638992,0.6238904118366626,0.6378054041723074,0.1242105263157894,59,0.4252631578947368,0.2421052631578947,0.1003532478660125,0.1527313266443701,0.1029584487534626,0.2421052631578947,0.4869565217391304,0.4869565217391304,cross-family,4.705882352941177
qwen3-1.7b,llama-8b,geometry_of_truth,2012,1000,0.9550187747035572,0.9684239130434782,0.2676211805260021,-0.0032551194715705,0.246520874751491,0.0069582504970178,0.9577638339920947,0.0106600790513834,0.9474179841897232,0.0076007905138338,0.9142612888668602,0.8819673903494525,0.8578164023861197,0.103,103,0.14,0.137,0.7025362393052296,0.7114242064165672,0.01918,0.137,0.2481751824817519,0.2481751824817519,cross-family,4.705882352941177
qwen3-1.7b,llama-8b,imdb,2000,1018,0.9209063736650672,0.960672257811531,0.0728246931672466,0.0011570155854284,0.2057942057942058,0.019,0.84083142938312,0.1198408284284109,0.7883174148424089,0.1325889588226584,0.7017755209898096,0.675353527671361,0.675620115689846,0.0530451866404715,54,0.1090373280943025,0.1198428290766208,0.394926139767277,0.4165661196911194,0.0130673418737769,0.1090373280943025,0.5135135135135136,0.5573770491803278,cross-family,4.705882352941177
qwen3-1.7b,llama-8b,rte,111,62,0.6132323897300855,0.7778143515470705,-0.1052631578947368,0.0,0.3392857142857143,0.2142857142857142,0.4473337722185648,0.3304805793285056,0.8238973008558261,-0.2106649111257406,0.7830728666169822,0.3912159143688718,0.2791961764567215,0.2419354838709677,15,0.4354838709677419,0.4516129032258064,0.1834487977190197,0.1895424836601307,0.1966701352757544,0.4354838709677419,0.4444444444444444,0.4642857142857143,cross-family,4.705882352941177
qwen3-1.7b,llama-8b,truthfulqa,654,327,0.7136230582910155,0.8157843054737256,0.2088194921070692,0.1578868433879495,0.4311926605504587,0.3780487804878049,0.6132293390941652,0.2025549663795603,0.7153625302770996,-0.0017394719860841,0.6927264186628145,0.4966993587365922,0.413783235079195,0.1131498470948012,37,0.3944954128440367,0.2507645259938837,0.0671447089119951,0.093680709534368,0.0989254552085963,0.2507645259938837,0.5487804878048781,0.5487804878048781,cross-family,4.705882352941177
qwen3-1.7b,qwen3-32b,boolq,1308,475,0.723548366715107,0.8856687938333226,0.1377278610721606,0.007434434613884,0.2232415902140672,0.0596330275229357,0.5952612623996967,0.2904075314336259,0.5929639224110697,0.1305844443040373,0.6371198599620823,0.517798569526098,0.6189728311562156,0.08,38,0.4252631578947368,0.1810526315789473,0.0157851480432135,0.0288780986455405,0.0769950138504155,0.1810526315789473,0.558139534883721,0.558139534883721,same-family,18.823529411764707
qwen3-1.7b,qwen3-32b,geometry_of_truth,2012,1000,0.9550187747035572,0.9955760869565216,0.2676211805260021,0.0771812890917433,0.246520874751491,0.0208747514910536,0.970594861660079,0.0249812252964426,0.9836353754940712,-0.0286166007905138,0.8356244298543037,0.7704508916305141,0.8530892333400566,0.04,40,0.14,0.042,0.4902170129010226,0.9446290143964566,0.00588,0.042,0.0476190476190476,0.0476190476190476,same-family,18.823529411764707
qwen3-1.7b,qwen3-32b,imdb,2000,1018,0.9209063736650672,0.969971270691704,0.0728246931672466,-0.0036551600064942,0.2057942057942058,0.0169660678642714,0.896195367299005,0.0737759033926991,0.7939322340438302,0.1269741396212371,0.4990880770698953,0.6200558293186487,0.6410360494213527,0.0530451866404715,54,0.1090373280943025,0.093320235756385,0.4728454362917113,0.5156037834387511,0.0101753891640066,0.093320235756385,0.431578947368421,0.431578947368421,same-family,18.823529411764707
qwen3-1.7b,qwen3-32b,rte,111,62,0.6132323897300855,0.9486504279131008,-0.1052631578947368,0.1222972972972972,0.3392857142857143,0.1578947368421052,0.6115865701119158,0.337063857801185,0.630348913759052,-0.0171165240289664,0.6241110451987061,0.2861458381418635,0.2865979764469148,0.1935483870967742,12,0.4354838709677419,0.2903225806451613,0.2982230523232383,0.4095238095238096,0.1264308012486993,0.2903225806451613,0.3333333333333333,0.3333333333333333,same-family,18.823529411764707
qwen3-1.7b,qwen3-32b,truthfulqa,654,327,0.7136230582910155,0.8104630175162958,0.2088194921070692,0.0489883851629822,0.4311926605504587,0.2293577981651376,0.6873252345013982,0.1231377830148976,0.6676860346585117,0.0459370236325037,0.3545054714740301,0.3253700462208013,0.4031967088685603,0.1743119266055046,57,0.3944954128440367,0.3700305810397553,0.1200850333114108,0.1264713248184322,0.145975366832197,0.3700305810397553,0.5289256198347108,0.5289256198347108,same-family,18.823529411764707
qwen3-1.7b,qwen3-8b-base,boolq,1308,475,0.723548366715107,0.7904795602451506,0.1377278610721606,0.0665434380776339,0.2232415902140672,0.172782874617737,0.5406583686106021,0.2498211916345485,0.5516623491501863,0.1718860175649207,0.1977752525999396,0.430276401715717,0.6207525169378791,0.1873684210526315,89,0.4252631578947368,0.3052631578947368,0.2527807363811573,0.328028293545535,0.1298171745152354,0.3052631578947368,0.3862068965517241,0.3862068965517241,same-family,4.705882352941177
qwen3-1.7b,qwen3-8b-base,geometry_of_truth,2012,1000,0.9550187747035572,0.9775938735177866,0.2676211805260021,0.1920046774816913,0.246520874751491,0.1123260437375745,0.966153162055336,0.0114407114624506,0.9435434782608696,0.0114752964426875,0.7949189588538178,0.8128190934067365,0.8646574764256512,0.099,99,0.14,0.129,0.6958986979901839,0.729583558680368,0.01806,0.129,0.2325581395348837,0.2325581395348837,same-family,4.705882352941177
qwen3-1.7b,qwen3-8b-base,imdb,2000,1018,0.9209063736650672,0.9662860766888473,0.0728246931672466,-0.0159697288410158,0.2057942057942058,0.091,0.8445296275993422,0.121756449089505,0.828933574478131,0.0919727991869363,0.7558986849260422,0.6230884319006194,0.6715253304271955,0.0569744597249508,58,0.1090373280943025,0.1493123772102161,0.3663349252475876,0.4387158521107712,0.0162806226624106,0.1090373280943025,0.4774774774774775,0.618421052631579,same-family,4.705882352941177
qwen3-1.7b,qwen3-8b-base,rte,111,62,0.6132323897300855,0.9213298222514812,-0.1052631578947368,-0.0717391304347826,0.3392857142857143,0.1785714285714285,0.576366030283081,0.3449637919684002,0.7350230414746545,-0.1217906517445689,0.5865063876784669,0.2148003970815843,0.3097657012054842,0.2419354838709677,15,0.4354838709677419,0.3387096774193548,0.4024288847053284,0.4938775510204082,0.1475026014568158,0.3387096774193548,0.2857142857142857,0.2857142857142857,same-family,4.705882352941177
qwen3-1.7b,qwen3-8b-base,truthfulqa,654,327,0.7136230582910155,0.7508346659933227,0.2088194921070692,0.2072648756066801,0.4311926605504587,0.4115853658536585,0.6947787784417698,0.0560558875515528,0.6889244264886046,0.0246986318024108,0.5359598202962942,0.2940182864468305,0.4226508148146324,0.110091743119266,36,0.3944954128440367,0.2813455657492354,-0.0040852245954433,-0.0080889787664307,0.1109895351120837,0.2813455657492354,0.6086956521739131,0.6086956521739131,same-family,4.705882352941177
qwen3-8b,gemma4-12b,boolq,1308,475,0.8601175206924876,0.5145409742844506,-0.0331441596501836,0.0205803937653815,0.1129770992366412,0.3516819571865443,0.5038933468124092,0.0106476274720413,0.4229835091931509,0.4371340114993366,0.1636202498794873,-0.0665126980026591,0.045134879572762,0.0968421052631579,46,0.2084210526315789,0.5957894736842105,-0.1371256175822896,-0.2201163579255453,0.1241750692520775,0.2084210526315789,0.5353535353535354,0.8374558303886925,cross-family,1.5
qwen3-8b,gemma4-12b,geometry_of_truth,2012,1000,0.989439723320158,0.5481284584980237,0.2421816513318362,0.0430336120520169,0.0427435387673956,0.4846077457795432,0.6104367588932806,-0.0623083003952569,0.7536857707509881,0.2357539525691699,0.4664790912693086,0.5948424615639921,0.5740812165674578,0.008,8,0.029,0.459,-0.063513012477588,-0.3989933138006157,0.013311,0.029,0.7241379310344828,0.982570806100218,cross-family,1.5
qwen3-8b,gemma4-12b,imdb,2000,1018,0.964983654704124,0.516761430703548,-0.0316082776242029,-0.0111792828685258,0.101,0.4920159680638722,0.5158021198868433,0.0009593108167046,0.5736228538046327,0.3913608008994913,0.0880461211722503,-0.1891310100354466,0.0492087504931777,0.0412573673870334,42,0.1021611001964636,0.5216110019646365,-0.0795234631762625,-0.2257714037375053,0.053288353835287,0.1021611001964636,0.5961538461538461,0.9209039548022598,cross-family,1.5
qwen3-8b,gemma4-12b,rte,111,62,0.9305464121132324,0.4512837393021724,0.0493197278911564,0.0153846153846154,0.25,0.5535714285714286,0.4335088874259381,0.0177748518762343,0.9032258064516128,0.0273206056616194,0.2000696363439396,0.0078218843846746,-0.2695396446609126,0.1612903225806451,10,0.1612903225806451,0.5967741935483871,0.3604686254552953,1.0000000000000002,0.0962539021852237,0.1612903225806451,0.0,0.7297297297297298,cross-family,1.5
qwen3-8b,gemma4-12b,truthfulqa,654,327,0.7823322017413423,0.5465215236278278,0.1042340012928249,0.0792782738095237,0.345565749235474,0.4664634146341463,0.543687867650497,0.0028336559773307,0.6592879387256966,0.1230442630156457,0.0597747127743653,-0.0894447460286171,-0.2369024738734202,0.2110091743119266,69,0.3425076452599388,0.5076452599388379,0.1565325512768665,0.2202196095829636,0.1738723826090209,0.3425076452599388,0.3839285714285714,0.5843373493975903,cross-family,1.5
qwen3-8b,gemma4-31b,boolq,1308,475,0.8601175206924876,0.7409439565299805,-0.0331441596501836,0.0570612287691338,0.1129770992366412,0.2171253822629969,0.5165299804132178,0.2244139761167626,0.6686674669867947,0.1914500537056929,0.1850555296531048,0.2241871418501078,0.2501985093845396,0.0863157894736842,41,0.2084210526315789,0.2673684210526316,0.1701656718454111,0.2003367003367003,0.0557252077562326,0.2084210526315789,0.5858585858585859,0.6771653543307087,cross-family,3.875
qwen3-8b,gemma4-31b,geometry_of_truth,2012,1000,0.989439723320158,0.7396062252964427,0.2421816513318362,0.2751436089984276,0.0427435387673956,0.4393638170974155,0.8077282608695653,-0.0681220355731225,0.802197628458498,0.1872420948616601,0.7447361475696505,0.8297326752593692,0.739217429307614,0.006,6,0.029,0.307,-0.0375061612874581,-0.326069864090756,0.008903,0.029,0.7931034482758621,0.980456026058632,cross-family,3.875
qwen3-8b,gemma4-31b,rte,111,62,0.9305464121132324,0.6109282422646478,0.0493197278911564,-0.0303225806451612,0.25,0.4107142857142857,0.6214614878209348,-0.0105332455562869,0.8617511520737327,0.0687952600394996,0.2386441676252506,0.0522859058262957,-0.0830795932729953,0.064516129032258,4,0.1612903225806451,0.3709677419354839,0.0263557034178535,0.0461538461538461,0.0598335067637877,0.1612903225806451,0.6,0.8260869565217391,cross-family,3.875
qwen3-8b,gemma4-31b,truthfulqa,654,327,0.7823322017413423,0.6755978265952173,0.1042340012928249,0.3501795600778093,0.345565749235474,0.5443425076452599,0.6584275547325796,0.0171702718626376,0.6841455545268356,0.0981866472145067,0.2340730017231589,0.192168859864072,0.0912127747427741,0.1009174311926605,33,0.3425076452599388,0.2538226299694189,0.0676984915682196,0.0837769683384701,0.0869361913045104,0.2538226299694189,0.6024096385542168,0.6024096385542168,cross-family,3.875
qwen3-8b,qwen3-32b,boolq,1308,475,0.8601175206924876,0.8856687938333226,-0.0331441596501836,0.007434434613884,0.1129770992366412,0.0596330275229357,0.7833828268149364,0.1022859670183862,0.6907790484614899,0.1693384722309977,0.5804108288804641,0.5690551690132852,0.5427612178428611,0.1052631578947368,50,0.2084210526315789,0.1810526315789473,0.4317530537162151,0.4711776348342404,0.0377351800554016,0.1810526315789473,0.4186046511627908,0.4186046511627908,same-family,4.0
qwen3-8b,qwen3-32b,geometry_of_truth,2012,1000,0.989439723320158,0.9955760869565216,0.2421816513318362,0.0771812890917433,0.0427435387673956,0.0208747514910536,0.9931482213438736,0.002427865612648,0.9922994071146244,-0.0028596837944664,0.7936864062452912,0.8145158952302185,0.8315351770698379,0.026,26,0.029,0.042,0.7362415765580178,0.8920164135051478,0.001218,0.029,0.103448275862069,0.380952380952381,same-family,4.0
qwen3-8b,qwen3-32b,imdb,2000,1018,0.964983654704124,0.969971270691704,-0.0316082776242029,-0.0036551600064942,0.101,0.0169660678642714,0.9705124460325144,-0.0005411753408104,0.9625408632396896,0.0024427914644343,0.3812452012350225,0.7010973664845173,0.6813320767437605,0.0776031434184675,79,0.1021611001964636,0.093320235756385,0.7726723083105249,0.8124150639180004,0.0095336979554656,0.093320235756385,0.168421052631579,0.168421052631579,same-family,4.0
qwen3-8b,qwen3-32b,rte,111,62,0.9305464121132324,0.9486504279131008,0.0493197278911564,0.1222972972972972,0.25,0.1578947368421052,0.95687952600395,-0.0082290980908492,0.8706385780118499,0.0599078341013824,0.5247642508859857,0.3390578984341609,0.2289310050583216,0.1290322580645161,8,0.1612903225806451,0.2903225806451613,0.4924054147377874,0.7181818181818183,0.0468262226847034,0.1612903225806451,0.1999999999999999,0.5555555555555556,same-family,4.0
qwen3-8b,qwen3-32b,truthfulqa,654,327,0.7823322017413423,0.8104630175162958,0.1042340012928249,0.0489883851629822,0.345565749235474,0.2293577981651376,0.8276706973786345,-0.0172076798623387,0.7390698500874412,0.0432623516539011,0.264664267628563,0.4171249806878137,0.3552898945407515,0.2691131498470948,88,0.3425076452599388,0.3700305810397553,0.621404277791131,0.6598474341192788,0.1267383029860935,0.3425076452599388,0.2142857142857143,0.2727272727272727,same-family,4.0
qwen3-8b,qwen38-27b,boolq,1308,475,0.8601175206924876,0.915890566753017,-0.0331441596501836,0.22122248661511,0.1129770992366412,0.1173780487804878,0.649234851835471,0.266655714917546,0.7750375939849624,0.0850799267075251,0.6636535438356944,0.6110980209963883,0.5457940101331371,0.0863157894736842,41,0.2084210526315789,0.1684210526315789,0.3369107657199938,0.3841422872340426,0.0351024930747922,0.1684210526315789,0.4875,0.4875,same-family,3.375
qwen3-8b,qwen38-27b,geometry_of_truth,2012,1000,0.989439723320158,0.9905108695652174,0.2421816513318362,0.3102735805860805,0.0427435387673956,0.0954274353876739,0.9915355731225296,-0.0010247035573122,0.9873171936758892,0.0021225296442687,0.8951538917014901,0.8820970858118132,0.8344122772356575,0.025,25,0.029,0.046,0.6732295080141011,0.8554182028482611,0.001334,0.029,0.1379310344827585,0.4565217391304347,same-family,3.375
qwen3-8b,qwen38-27b,rte,111,62,0.9305464121132324,0.935483870967742,0.0493197278911564,0.4003831417624521,0.25,0.4464285714285714,0.9644502962475312,-0.0289664252797892,0.8736010533245556,0.0569453587886766,0.7030143139132141,0.3999553863722751,0.2321107424338236,0.0967741935483871,6,0.1612903225806451,0.3225806451612903,0.260247839047585,0.4095238095238095,0.0520291363163371,0.1612903225806451,0.4,0.7,same-family,3.375
qwen3-8b,qwen38-27b,truthfulqa,654,327,0.7823322017413423,0.8266887373864902,0.1042340012928249,0.323365290989439,0.345565749235474,0.4923547400611621,0.7880182176958542,0.0386705196906359,0.7261640901906873,0.056168111550655,0.5189564870130736,0.4907865368708994,0.3582149415208761,0.2079510703363914,68,0.3425076452599388,0.3302752293577982,0.4248892845075787,0.4366925064599483,0.1131217910950256,0.3302752293577982,0.3703703703703704,0.3703703703703704,same-family,3.375
qwen3-8b-base,gemma4-12b-base,boolq,1308,475,0.7904795602451506,0.7796802931698995,0.0665434380776339,0.0152513464991023,0.172782874617737,0.1491628614916286,0.596158463385354,0.1835218297845454,0.6616970998925886,0.128782460352562,0.308530829173178,0.4794671987093933,0.4497828924553088,0.16,76,0.3052631578947368,0.2989473684210526,0.3260652657190819,0.3309859154929577,0.0912576177285318,0.2989473684210526,0.4647887323943661,0.4647887323943661,cross-family,1.5
qwen3-8b-base,gemma4-12b-base,geometry_of_truth,2012,1000,0.9775938735177866,0.9666847826086956,0.1920046774816913,0.0750093052109182,0.1123260437375745,0.0934393638170974,0.9401660079051384,0.0265187747035572,0.9878003952569168,-0.0102065217391302,0.8391700261209084,0.8537913983916198,0.8182222620832057,0.051,51,0.129,0.075,0.4680663622478452,0.6326061997703786,0.009675,0.075,0.32,0.32,cross-family,1.5
qwen3-8b-base,gemma4-12b-base,imdb,2000,1018,0.9662860766888473,0.7319851631928744,-0.0159697288410158,0.2445151986518892,0.091,0.4132804757185332,0.5745291474437717,0.1574560157491027,0.6755818885318843,0.290704188156963,0.7104065440680857,0.6584856536456407,0.701015785696788,0.0442043222003929,45,0.1493123772102161,0.2210216110019646,0.0757571498239452,0.096319771686467,0.0330012621535349,0.1493123772102161,0.7039473684210527,0.8,cross-family,1.5
qwen3-8b-base,gemma4-12b-base,rte,111,62,0.9213298222514812,0.7162606978275182,-0.0717391304347826,0.0401844532279315,0.1785714285714285,0.375,0.6306780776826859,0.0855826201448323,0.7804476629361422,0.1408821593153389,0.6038975471001138,0.2567208615845268,0.2456169169064446,0.3064516129032258,19,0.3387096774193548,0.5483870967741935,0.5125047921978739,0.7891156462585035,0.1857440166493236,0.3387096774193548,0.0952380952380951,0.4411764705882353,cross-family,1.5
qwen3-8b-base,gemma4-12b-base,truthfulqa,654,327,0.7508346659933227,0.6888589624891284,0.2072648756066801,0.0701323813773613,0.4115853658536585,0.4390243902439024,0.6377502828979977,0.0511086795911306,0.7473370180213039,0.0034976479720187,0.4960670562913156,0.4115796049331788,0.3546446964395451,0.0672782874617737,22,0.2813455657492354,0.2844036697247706,-0.0627913556955357,-0.1591865357643758,0.0800157113598743,0.2813455657492354,0.7608695652173914,0.7634408602150538,cross-family,1.5
qwen3-8b-base,llama-8b,boolq,1308,475,0.7904795602451506,0.7919251911290832,0.0665434380776339,-0.0090269804822042,0.172782874617737,0.1330275229357798,0.7310696910343084,0.0608555000947748,0.623061856321476,0.1674177039236746,0.1426937981618481,0.6617835017060261,0.5038119805613444,0.1242105263157894,59,0.3052631578947368,0.2421052631578947,0.2550085371313356,0.2990777338603426,0.0739058171745152,0.2421052631578947,0.4869565217391304,0.4869565217391304,cross-family,1.0
qwen3-8b-base,llama-8b,geometry_of_truth,2012,1000,0.9775938735177866,0.9684239130434782,0.1920046774816913,-0.0032551194715705,0.1123260437375745,0.0069582504970178,0.9653250988142292,0.0030988142292488,0.9732934782608696,0.004300395256917,0.8072470723604442,0.9091265475723748,0.8450255871016202,0.102,102,0.129,0.137,0.7316393178329434,0.7574712333935161,0.017673,0.129,0.2093023255813954,0.2554744525547446,cross-family,1.0
qwen3-8b-base,llama-8b,imdb,2000,1018,0.9662860766888473,0.960672257811531,-0.0159697288410158,0.0011570155854284,0.091,0.019,0.9281117081934548,0.0325605496180761,0.9595368899523444,0.0067491867365027,0.5538089334653801,0.7697590315637114,0.7263638685276282,0.0834970530451866,85,0.1493123772102161,0.1198428290766208,0.566767357916673,0.6434899481316015,0.0178940177010278,0.1198428290766208,0.3032786885245901,0.3032786885245901,cross-family,1.0
qwen3-8b-base,llama-8b,rte,111,62,0.9213298222514812,0.7778143515470705,-0.0717391304347826,0.0,0.1785714285714285,0.2142857142857142,0.7448979591836735,0.0329163923633969,0.9275839368005268,-0.0062541145490455,0.5036822230595288,0.4196205007578855,0.2151901419996452,0.2741935483870967,17,0.3387096774193548,0.4516129032258064,0.5147138645780373,0.6526610644257705,0.1529656607700312,0.3387096774193548,0.1904761904761904,0.3928571428571429,cross-family,1.0
qwen3-8b-base,llama-8b,truthfulqa,654,327,0.7508346659933227,0.8157843054737256,0.2072648756066801,0.1578868433879495,0.4115853658536585,0.3780487804878049,0.7761037697911698,0.0396805356825558,0.7766461857868304,-0.0258115197935077,0.4115134461180834,0.5668391429842541,0.3677449187035411,0.1223241590214067,40,0.2813455657492354,0.2507645259938837,0.2656307009314552,0.2872859366891542,0.070551487435588,0.2507645259938837,0.5121951219512195,0.5121951219512195,cross-family,1.0
qwen3-8b-base,qwen3-8b,boolq,1308,475,0.7904795602451506,0.8601175206924876,0.0665434380776339,-0.0331441596501836,0.172782874617737,0.1129770992366412,0.8443798572060404,0.0157376634864472,0.6576457951601693,0.1328337650849813,0.45962361577696,0.7396914666159344,0.7184744262630601,0.1368421052631579,65,0.3052631578947368,0.2084210526315789,0.3914331044041587,0.5056626874808694,0.0636232686980609,0.2084210526315789,0.3434343434343434,0.3434343434343434,same-family,1.0
qwen3-8b-base,qwen3-8b,geometry_of_truth,2012,1000,0.9775938735177866,0.989439723320158,0.1920046774816913,0.2421816513318362,0.1123260437375745,0.0427435387673956,0.975471343873518,0.0139683794466402,0.9917648221343872,-0.0141709486166007,0.8802127189379766,0.8906972852952512,0.9023709875008974,0.029,29,0.129,0.029,0.4490592082949276,1.0000000000000002,0.003741,0.029,0.0,0.0,same-family,1.0
qwen3-8b-base,qwen3-8b,imdb,2000,1018,0.9662860766888473,0.964983654704124,-0.0159697288410158,-0.0316082776242029,0.091,0.101,0.9624378298568737,0.0025458248472505,0.9671403534745256,-0.0008542767856783,0.8513674997347135,0.8402414151932316,0.8465267587619727,0.0844793713163064,86,0.1493123772102161,0.1021611001964636,0.641343747073492,0.7965446793391362,0.015253916728745,0.1021611001964636,0.1730769230769231,0.1730769230769231,same-family,1.0
qwen3-8b-base,qwen3-8b,rte,111,62,0.9213298222514812,0.9305464121132324,-0.0717391304347826,0.0493197278911564,0.1785714285714285,0.25,0.9154048716260698,0.0151415404871625,0.9391046741277156,-0.0177748518762342,0.7175905473835178,0.2966839491408943,0.3170338889197487,0.1129032258064516,7,0.3387096774193548,0.1612903225806451,0.3347686421655422,0.5463414634146342,0.054630593132154,0.1612903225806451,0.3,0.3,same-family,1.0
qwen3-8b-base,qwen3-8b,truthfulqa,654,327,0.7508346659933227,0.7823322017413423,0.2072648756066801,0.1042340012928249,0.4115853658536585,0.345565749235474,0.7721759298225925,0.0101562719187497,0.7560156739518747,-0.005181007958552,0.6482278662210698,0.4982880242805179,0.5198347494012434,0.1590214067278287,52,0.2813455657492354,0.3425076452599388,0.2936423672796173,0.3387259858442871,0.0963630072290959,0.2813455657492354,0.4347826086956522,0.5357142857142857,same-family,1.0
qwen38-27b,gemma4-31b,boolq,1308,475,0.915890566753017,0.7409439565299805,0.22122248661511,0.0570612287691338,0.1173780487804878,0.2171253822629969,0.4980274214949137,0.2429165350350667,0.4417463827636317,0.4741441839893853,0.2439484427731387,0.2604048237062448,0.3763982850369827,0.0863157894736842,41,0.1684210526315789,0.2673684210526316,0.249257270796302,0.3345905172413793,0.0450304709141274,0.1684210526315789,0.4875,0.6771653543307087,cross-family,1.1481481481481481
qwen38-27b,gemma4-31b,geometry_of_truth,2012,1000,0.9905108695652174,0.7396062252964427,0.3102735805860805,0.2751436089984276,0.0954274353876739,0.4393638170974155,0.671899209486166,0.0677070158102767,0.8410652173913045,0.1494456521739129,0.8002365416748888,0.8316410133096065,0.8012755750714733,0.01,10,0.046,0.307,-0.0426598259489242,-0.2918850021243449,0.014122,0.046,0.7826086956521738,0.96742671009772,cross-family,1.1481481481481481
qwen38-27b,gemma4-31b,rte,111,62,0.935483870967742,0.6109282422646478,0.4003831417624521,-0.0303225806451612,0.4464285714285714,0.4107142857142857,0.4901250822909809,0.1208031599736668,0.9035549703752468,0.031928900592495,0.3232580931893762,0.0208455247434509,0.0626292079495595,0.2096774193548387,13,0.3225806451612903,0.3709677419354839,0.3986026982573299,0.4435897435897435,0.1196670135275754,0.3225806451612903,0.35,0.4347826086956521,cross-family,1.1481481481481481
qwen38-27b,gemma4-31b,truthfulqa,654,327,0.8266887373864902,0.6755978265952173,0.323365290989439,0.3501795600778093,0.4923547400611621,0.5443425076452599,0.579571491363428,0.0960263352317892,0.642388874860889,0.1842998625256011,0.3592716606462589,0.2065805788957535,0.2389204221264514,0.0825688073394495,27,0.3302752293577982,0.2538226299694189,-0.0061683054848225,-0.0150602409638554,0.0838313273293493,0.2538226299694189,0.6746987951807228,0.6746987951807228,cross-family,1.1481481481481481
gemma4-12b,gemma4-12b-base,boolq,1308,475,0.5145409742844506,0.7796802931698995,0.0205803937653815,0.0152513464991023,0.3516819571865443,0.1491628614916286,0.4776167309028875,0.302063562267012,0.5226814936500916,-0.008140519365641,0.1520749760745786,0.016422553646512,-0.0895708175925029,0.1621052631578947,77,0.5957894736842105,0.2989473684210526,-0.0712389266500926,-0.0898571641865325,0.1781096952908587,0.2989473684210526,0.4577464788732395,0.4577464788732395,same-family,1.0
gemma4-12b,gemma4-12b-base,geometry_of_truth,2012,1000,0.5481284584980237,0.9666847826086956,0.0430336120520169,0.0750093052109182,0.4846077457795432,0.0934393638170974,0.7719624505928854,0.1947223320158102,0.5265573122529644,0.0215711462450592,0.5162075077457482,0.6401566027558541,0.5652832341484857,0.018,18,0.459,0.075,-0.1251407936137228,-0.4771241830065358,0.034425,0.075,0.76,0.76,same-family,1.0
gemma4-12b,gemma4-12b-base,imdb,2000,1018,0.516761430703548,0.7319851631928744,-0.0111792828685258,0.2445151986518892,0.4920159680638722,0.4132804757185332,0.5336839135880025,0.1983012496048719,0.4981243923031061,0.0186370384004418,0.1079859075634039,-0.0242960178482247,-0.217372979100159,0.1728880157170923,176,0.5216110019646365,0.2210216110019646,0.2778969702747066,0.544768423454255,0.1152873039705729,0.2210216110019646,0.2177777777777777,0.2177777777777777,same-family,1.0
gemma4-12b,gemma4-12b-base,rte,111,62,0.4512837393021724,0.7162606978275182,0.0153846153846154,0.0401844532279315,0.5535714285714286,0.375,0.6036866359447005,0.1125740618828177,0.478604344963792,-0.0273206056616195,0.3249132427881983,-0.248263163514028,-0.0146009425874424,0.3387096774193548,21,0.5967741935483871,0.5483870967741935,0.0468881757165965,0.0517647058823529,0.3272632674297606,0.5483870967741935,0.3823529411764705,0.3823529411764705,same-family,1.0
gemma4-12b,gemma4-12b-base,truthfulqa,654,327,0.5465215236278278,0.6888589624891284,0.0792782738095237,0.0701323813773613,0.4664634146341463,0.4390243902439024,0.6001645951986831,0.0886943672904452,0.5858653873130768,-0.039343863685249,0.1359995699395294,-0.2196882570943432,-0.1250155413861013,0.1743119266055046,57,0.5076452599388379,0.2844036697247706,0.1327300595145402,0.2137848126627929,0.1443761748449906,0.2844036697247706,0.3870967741935484,0.3870967741935484,same-family,1.0
gemma4-12b,qwen3-32b,boolq,1308,475,0.5145409742844506,0.8856687938333226,0.0205803937653815,0.007434434613884,0.3516819571865443,0.0596330275229357,0.2678081759019397,0.6178606179313829,0.499111644657863,0.0154293296265874,0.1337303825178153,0.1204235640532396,-0.0127437977761577,0.0778947368421052,37,0.5957894736842105,0.1810526315789473,-0.1586249612560132,-0.2778782151368231,0.1078692520775623,0.1810526315789473,0.5697674418604651,0.5697674418604651,cross-family,2.6666666666666665
gemma4-12b,qwen3-32b,geometry_of_truth,2012,1000,0.5481284584980237,0.9955760869565216,0.0430336120520169,0.0771812890917433,0.4846077457795432,0.0208747514910536,0.7596146245059288,0.2359614624505929,0.5906679841897233,-0.0425395256916996,0.4271726589610388,0.6273500229984176,0.6219535069458328,0.006,6,0.459,0.042,-0.1328373763259274,-0.6887643946467473,0.019278,0.042,0.8571428571428572,0.8571428571428572,cross-family,2.6666666666666665
gemma4-12b,qwen3-32b,imdb,2000,1018,0.516761430703548,0.969971270691704,-0.0111792828685258,-0.0036551600064942,0.4920159680638722,0.0169660678642714,0.2360444784110051,0.7339267922806989,0.5172215797918526,-0.0004601490883046,0.0770221734004495,0.0589157987956401,-0.1613314710528703,0.037328094302554,38,0.5216110019646365,0.093320235756385,-0.0781033848315626,-0.2331450094161958,0.0486768616764641,0.093320235756385,0.6,0.6,cross-family,2.6666666666666665
gemma4-12b,qwen3-32b,rte,111,62,0.4512837393021724,0.9486504279131008,0.0153846153846154,0.1222972972972972,0.5535714285714286,0.1578947368421052,0.9430546412113232,0.0055957867017775,0.4983541803818302,-0.0470704410796577,0.2129557206833733,-0.2204334799669582,-0.0229911583398776,0.1774193548387097,11,0.5967741935483871,0.2903225806451613,0.0186933236595408,0.0355555555555555,0.1732570239334027,0.2903225806451613,0.3888888888888889,0.3888888888888889,cross-family,2.6666666666666665
gemma4-12b,qwen3-32b,truthfulqa,654,327,0.5465215236278278,0.8104630175162958,0.0792782738095237,0.0489883851629822,0.4664634146341463,0.2293577981651376,0.6219641070242872,0.1884989104920086,0.5105443799156449,0.0359771437121828,0.0532096314665464,-0.1811271692491824,-0.0177832433073308,0.2079510703363914,68,0.5076452599388379,0.3700305810397553,0.0833000347417203,0.1103639443560392,0.1878442704972458,0.3700305810397553,0.4380165289256198,0.4380165289256198,cross-family,2.6666666666666665
gemma4-12b-base,gemma4-12b,boolq,1308,475,0.7796802931698995,0.5145409742844506,0.0152513464991023,0.0205803937653815,0.1491628614916286,0.3516819571865443,0.5226814936500916,-0.008140519365641,0.4776167309028875,0.302063562267012,0.1520749760745784,-0.0895708175925029,0.016422553646512,0.1621052631578947,77,0.2989473684210526,0.5957894736842105,-0.0712389266500926,-0.0898571641865326,0.1781096952908587,0.2989473684210526,0.4577464788732395,0.7279151943462898,same-family,1.0
gemma4-12b-base,gemma4-12b,geometry_of_truth,2012,1000,0.9666847826086956,0.5481284584980237,0.0750093052109182,0.0430336120520169,0.0934393638170974,0.4846077457795432,0.5265573122529644,0.0215711462450592,0.7719624505928854,0.1947223320158102,0.5162075077457473,0.5652832341484857,0.6401566027558541,0.018,18,0.075,0.459,-0.1251407936137228,-0.4771241830065358,0.034425,0.075,0.76,0.9607843137254902,same-family,1.0
gemma4-12b-base,gemma4-12b,imdb,2000,1018,0.7319851631928744,0.516761430703548,0.2445151986518892,-0.0111792828685258,0.4132804757185332,0.4920159680638722,0.4981243923031061,0.0186370384004418,0.5336839135880025,0.1983012496048719,0.1079859075634039,-0.217372979100159,-0.0242960178482247,0.1728880157170923,176,0.2210216110019646,0.5216110019646365,0.2778969702747066,0.5447684234542549,0.1152873039705729,0.2210216110019646,0.2177777777777777,0.6685499058380414,same-family,1.0
gemma4-12b-base,gemma4-12b,rte,111,62,0.7162606978275182,0.4512837393021724,0.0401844532279315,0.0153846153846154,0.375,0.5535714285714286,0.478604344963792,-0.0273206056616195,0.6036866359447005,0.1125740618828177,0.3249132427881988,-0.0146009425874424,-0.248263163514028,0.3387096774193548,21,0.5483870967741935,0.5967741935483871,0.0468881757165965,0.0517647058823529,0.3272632674297606,0.5483870967741935,0.3823529411764705,0.4324324324324324,same-family,1.0
gemma4-12b-base,gemma4-12b,truthfulqa,654,327,0.6888589624891284,0.5465215236278278,0.0701323813773613,0.0792782738095237,0.4390243902439024,0.4664634146341463,0.5858653873130768,-0.039343863685249,0.6001645951986831,0.0886943672904452,0.1359995699395293,-0.1250155413861013,-0.2196882570943432,0.1743119266055046,57,0.2844036697247706,0.5076452599388379,0.1327300595145402,0.213784812662793,0.1443761748449906,0.2844036697247706,0.3870967741935484,0.6566265060240963,same-family,1.0
gemma4-12b-base,qwen3-32b,boolq,1308,475,0.7796802931698995,0.8856687938333226,0.0152513464991023,0.007434434613884,0.1491628614916286,0.0596330275229357,0.8728527200353826,0.01281607379794,0.5580590130789158,0.2216212800909837,0.5164826545245927,0.5581519021318277,0.5145269960524053,0.0968421052631579,46,0.2989473684210526,0.1810526315789473,0.242324099055963,0.3365458481737551,0.0541252077562326,0.1810526315789473,0.4651162790697675,0.4651162790697675,cross-family,2.6666666666666665
gemma4-12b-base,qwen3-32b,geometry_of_truth,2012,1000,0.9666847826086956,0.9955760869565216,0.0750093052109182,0.0771812890917433,0.0934393638170974,0.0208747514910536,0.9898339920948616,0.0057420948616599,0.9826235177865612,-0.0159387351778654,0.819113028370797,0.7812079762410422,0.8520287601308172,0.017,17,0.075,0.042,0.2621445756293405,0.3564993564993564,0.00315,0.042,0.5952380952380952,0.5952380952380952,cross-family,2.6666666666666665
gemma4-12b-base,qwen3-32b,imdb,2000,1018,0.7319851631928744,0.969971270691704,0.2445151986518892,-0.0036551600064942,0.4132804757185332,0.0169660678642714,0.4241124124216246,0.5458588582700794,0.4815100092429947,0.2504751539498797,0.4719245796295353,0.7108184971850962,0.6531005279313533,0.0294695481335952,30,0.2210216110019646,0.093320235756385,0.0732726609298974,0.1216566005176876,0.0206257888459593,0.093320235756385,0.6842105263157894,0.6842105263157894,cross-family,2.6666666666666665
gemma4-12b-base,qwen3-32b,rte,111,62,0.7162606978275182,0.9486504279131008,0.0401844532279315,0.1222972972972972,0.375,0.1578947368421052,0.8446346280447663,0.1040157998683344,0.5227123107307439,0.1935483870967743,0.613491030464868,0.3395638029337645,0.2515875947383709,0.2419354838709677,15,0.5483870967741935,0.2903225806451613,0.366223370245093,0.6309523809523807,0.1592091571279916,0.2903225806451613,0.1666666666666667,0.1666666666666667,cross-family,2.6666666666666665
gemma4-12b-base,qwen3-32b,truthfulqa,654,327,0.6888589624891284,0.8104630175162958,0.0701323813773613,0.0489883851629822,0.4390243902439024,0.2293577981651376,0.7573810659409514,0.0530819515753443,0.605691627154467,0.0831673353346613,0.411224513327971,0.407104102861226,0.4109367222547387,0.128440366972477,42,0.2844036697247706,0.3700305810397553,0.106524883018498,0.1295020357031004,0.1052380551580955,0.2844036697247706,0.5483870967741935,0.6528925619834711,cross-family,2.6666666666666665
gemma4-31b,qwen3-32b,boolq,1308,475,0.7409439565299805,0.8856687938333226,0.0570612287691338,0.007434434613884,0.2171253822629969,0.0596330275229357,0.4761331901181525,0.4095356037151701,0.5629771908763505,0.17796676565363,0.2062816888014832,0.3462986887089874,0.2523270493619074,0.0842105263157894,40,0.2673684210526316,0.1810526315789473,0.2100817565909486,0.2699144613739642,0.0484077562326869,0.1810526315789473,0.5348837209302326,0.5348837209302326,cross-family,1.032258064516129
gemma4-31b,qwen3-32b,geometry_of_truth,2012,1000,0.7396062252964427,0.9955760869565216,0.2751436089984276,0.0771812890917433,0.4393638170974155,0.0208747514910536,0.8123250988142293,0.1832509881422923,0.6844446640316206,0.055161561264822,0.7339765885714515,0.7504877138978089,0.830686161848746,0.007,7,0.307,0.042,-0.063704032859103,-0.4571118349619978,0.012894,0.042,0.8333333333333334,0.8333333333333334,cross-family,1.032258064516129
gemma4-31b,qwen3-32b,rte,111,62,0.6109282422646478,0.9486504279131008,-0.0303225806451612,0.1222972972972972,0.4107142857142857,0.1578947368421052,0.8999341672152732,0.0487162606978275,0.489466754443713,0.1214614878209348,0.2648917773430642,0.0045407113768042,0.0231298748158106,0.1774193548387097,11,0.3709677419354839,0.2903225806451613,0.3179625576333002,0.3817663817663817,0.1077003121748179,0.2903225806451613,0.3888888888888889,0.3888888888888889,cross-family,1.032258064516129
gemma4-31b,qwen3-32b,truthfulqa,654,327,0.6755978265952173,0.8104630175162958,0.3501795600778093,0.0489883851629822,0.5443425076452599,0.2293577981651376,0.6980800344153596,0.1123829831009362,0.5853603793171169,0.0902374472781003,0.1800730003984822,0.180384660296842,0.2237195510892147,0.0795107033639143,26,0.2538226299694189,0.3700305810397553,-0.0685870910948277,-0.1534402071094294,0.0939221352486229,0.2538226299694189,0.6867469879518072,0.7851239669421488,cross-family,1.032258064516129
llama-8b,gemma4-12b-base,boolq,1308,475,0.7919251911290832,0.7796802931698995,-0.0090269804822042,0.0152513464991023,0.1330275229357798,0.1491628614916286,0.5795412902002908,0.2001390029696087,0.7711303468755923,0.0207948442534908,0.5415606650249526,0.5465103043884127,0.6805736504330104,0.1347368421052631,64,0.2421052631578947,0.2989473684210526,0.3180003792511092,0.3674108891500196,0.072376731301939,0.2421052631578947,0.4434782608695652,0.5492957746478873,cross-family,1.5
llama-8b,gemma4-12b-base,geometry_of_truth,2012,1000,0.9684239130434782,0.9666847826086956,-0.0032551194715705,0.0750093052109182,0.0069582504970178,0.0934393638170974,0.9389723320158102,0.0277124505928854,0.9899861660079052,-0.0215622529644269,0.95152472665091,0.8634467152037579,0.8990306463229683,0.057,57,0.137,0.075,0.51591972275686,0.7219003476245657,0.010275,0.075,0.24,0.24,cross-family,1.5
llama-8b,gemma4-12b-base,imdb,2000,1018,0.960672257811531,0.7319851631928744,0.0011570155854284,0.2445151986518892,0.019,0.4132804757185332,0.5784674234451963,0.1535177397476781,0.6819709585905833,0.2787012992209476,0.7628578898418077,0.6911969193858452,0.7739068557335987,0.0412573673870334,42,0.1198428290766208,0.2210216110019646,0.1095973204294103,0.1582080912905959,0.0264878551495478,0.1198428290766208,0.6557377049180327,0.8133333333333334,cross-family,1.5
llama-8b,gemma4-12b-base,rte,111,62,0.7778143515470705,0.7162606978275182,0.0,0.0401844532279315,0.2142857142857142,0.375,0.673469387755102,0.0427913100724162,0.586570111915734,0.1912442396313364,0.8737927652996617,0.2498494086305757,0.4440115417394612,0.3870967741935484,24,0.4516129032258064,0.5483870967741935,0.5630252100840336,0.6836734693877551,0.2476586888657648,0.4516129032258064,0.1428571428571429,0.2941176470588235,cross-family,1.5
llama-8b,gemma4-12b-base,truthfulqa,654,327,0.8157843054737256,0.6888589624891284,0.1578868433879495,0.0701323813773613,0.3780487804878049,0.4390243902439024,0.6591570107267439,0.0297019517623844,0.7787036257703709,0.0370806797033547,0.7947703789393121,0.4345416610198862,0.5887221690834605,0.091743119266055,30,0.2507645259938837,0.2844036697247706,0.1044511588462129,0.1138211382113821,0.0713183514294531,0.2507645259938837,0.6341463414634145,0.6774193548387097,cross-family,1.5
llama-8b,qwen3-32b,boolq,1308,475,0.7919251911290832,0.8856687938333226,-0.0090269804822042,0.007434434613884,0.1330275229357798,0.0596330275229357,0.8033360712706135,0.0823327225627091,0.7100650786630441,0.081860112466039,0.6289103411613485,0.6045603487458254,0.6911977481008599,0.1052631578947368,50,0.2421052631578947,0.1810526315789473,0.3724251775043873,0.4476744186046513,0.0438337950138504,0.1810526315789473,0.4186046511627908,0.4186046511627908,cross-family,4.0
llama-8b,qwen3-32b,geometry_of_truth,2012,1000,0.9684239130434782,0.9955760869565216,-0.0032551194715705,0.0771812890917433,0.0069582504970178,0.0208747514910536,0.9790207509881422,0.0165553359683794,0.9940158102766798,-0.0255918972332016,0.877627594697779,0.8084430735905392,0.906007810981822,0.041,41,0.137,0.042,0.511018656347505,0.972410748772278,0.005754,0.042,0.0238095238095238,0.0238095238095238,cross-family,4.0
llama-8b,qwen3-32b,imdb,2000,1018,0.960672257811531,0.969971270691704,0.0011570155854284,-0.0036551600064942,0.019,0.0169660678642714,0.9680436461413496,0.0019276245503543,0.9354060715671878,0.0252661862443431,0.5685079552288517,0.7392309234365344,0.7659955050590278,0.0726915520628683,74,0.1198428290766208,0.093320235756385,0.6510721411883019,0.7488486842105262,0.0111837610631424,0.093320235756385,0.2210526315789474,0.2210526315789474,cross-family,4.0
llama-8b,qwen3-32b,rte,111,62,0.7778143515470705,0.9486504279131008,0.0,0.1222972972972972,0.2142857142857142,0.1578947368421052,0.955892034233048,-0.0072416063199473,0.6421988150098749,0.1356155365371956,0.671638657015645,0.3393405194019401,0.4450098308532391,0.2580645161290322,16,0.4516129032258064,0.2903225806451613,0.5620031593698284,0.7973856209150326,0.1311134235171696,0.2903225806451613,0.1111111111111111,0.1111111111111111,cross-family,4.0
llama-8b,qwen3-32b,truthfulqa,654,327,0.8157843054737256,0.8104630175162958,0.1578868433879495,0.0489883851629822,0.3780487804878049,0.2293577981651376,0.8348436813212505,-0.0243806638049547,0.7235829382113363,0.0922013672623892,0.5035132062424185,0.4263259776863016,0.5794682684858372,0.1834862385321101,60,0.2507645259938837,0.3700305810397553,0.4333770570386462,0.5741179256452762,0.0927905432576756,0.2507645259938837,0.2682926829268292,0.5041322314049586,cross-family,4.0
llama-8b,qwen3-8b-base,boolq,1308,475,0.7919251911290832,0.7904795602451506,-0.0090269804822042,0.0665434380776339,0.1330275229357798,0.172782874617737,0.623061856321476,0.1674177039236746,0.7310696910343084,0.0608555000947748,0.142693798161848,0.5038119805613444,0.6617835017060261,0.1242105263157894,59,0.2421052631578947,0.3052631578947368,0.2550085371313356,0.2990777338603426,0.0739058171745152,0.2421052631578947,0.4869565217391304,0.593103448275862,cross-family,1.0
llama-8b,qwen3-8b-base,geometry_of_truth,2012,1000,0.9684239130434782,0.9775938735177866,-0.0032551194715705,0.1920046774816913,0.0069582504970178,0.1123260437375745,0.9732934782608696,0.004300395256917,0.9653250988142292,0.0030988142292488,0.8072470723604471,0.8450255871016202,0.9091265475723748,0.102,102,0.137,0.129,0.7316393178329434,0.7574712333935161,0.017673,0.129,0.2093023255813954,0.2093023255813954,cross-family,1.0
llama-8b,qwen3-8b-base,imdb,2000,1018,0.960672257811531,0.9662860766888473,0.0011570155854284,-0.0159697288410158,0.019,0.091,0.9595368899523444,0.0067491867365027,0.9281117081934548,0.0325605496180761,0.5538089334653785,0.7263638685276282,0.7697590315637114,0.0834970530451866,85,0.1198428290766208,0.1493123772102161,0.566767357916673,0.6434899481316015,0.0178940177010278,0.1198428290766208,0.3032786885245901,0.4407894736842106,cross-family,1.0
llama-8b,qwen3-8b-base,rte,111,62,0.7778143515470705,0.9213298222514812,0.0,-0.0717391304347826,0.2142857142857142,0.1785714285714285,0.9275839368005268,-0.0062541145490455,0.7448979591836735,0.0329163923633969,0.5036822230595287,0.2151901419996452,0.4196205007578855,0.2741935483870967,17,0.4516129032258064,0.3387096774193548,0.5147138645780373,0.6526610644257704,0.1529656607700312,0.3387096774193548,0.1904761904761904,0.1904761904761904,cross-family,1.0
llama-8b,qwen3-8b-base,truthfulqa,654,327,0.8157843054737256,0.7508346659933227,0.1578868433879495,0.2072648756066801,0.3780487804878049,0.4115853658536585,0.7766461857868304,-0.0258115197935077,0.7761037697911698,0.0396805356825558,0.4115134461180844,0.3677449187035411,0.5668391429842541,0.1223241590214067,40,0.2507645259938837,0.2813455657492354,0.2656307009314552,0.2872859366891542,0.070551487435588,0.2507645259938837,0.5121951219512195,0.5652173913043479,cross-family,1.0
olmo3-7b,gemma4-12b,boolq,1308,475,0.693311429835092,0.5145409742844506,0.0549822239778786,0.0205803937653815,0.2477064220183486,0.3516819571865443,0.4927781638971378,0.0217628103873127,0.5227775320654577,0.1705338977696342,0.1957435389876203,-0.047822835386452,-0.008918432523413,0.2631578947368421,125,0.4,0.5957894736842105,0.1033314572951779,0.1536458333333333,0.2383157894736842,0.4,0.3421052631578948,0.558303886925795,cross-family,1.7142857142857142
olmo3-7b,gemma4-12b,geometry_of_truth,2012,1000,0.9594693675889328,0.5481284584980237,0.0057037480063795,0.0430336120520169,0.0198807157057654,0.4846077457795432,0.562189723320158,-0.0140612648221343,0.7327430830039525,0.2267262845849802,0.5628077881991859,0.6233154633714415,0.6164540710362352,0.065,65,0.245,0.459,-0.2214218547910791,-0.4219910186296738,0.112455,0.245,0.7346938775510203,0.8583877995642701,cross-family,1.7142857142857142
olmo3-7b,gemma4-12b,imdb,2000,1018,0.9577723182311068,0.516761430703548,0.0886700831422018,-0.0111792828685258,0.128,0.4920159680638722,0.5225022907422004,-0.0057408600386524,0.4124236252545825,0.5453486929765243,0.0835709231323968,-0.1903472674035391,-0.015259055459148,0.0599214145383104,61,0.1277013752455795,0.5216110019646365,-0.0401207140556051,-0.1004201071997682,0.0666104422941087,0.1277013752455795,0.5307692307692308,0.8851224105461394,cross-family,1.7142857142857142
olmo3-7b,gemma4-12b,rte,111,62,0.8350888742593812,0.4512837393021724,0.0321637426900583,0.0153846153846154,0.25,0.5535714285714286,0.5032916392363398,-0.0520078999341673,0.8222514812376563,0.0128373930217248,0.3137706569423607,0.0271318534843085,-0.2921128251225739,0.2419354838709677,15,0.3709677419354839,0.5967741935483871,0.0867281341947335,0.1373913043478261,0.2213839750260146,0.3709677419354839,0.3478260869565217,0.5945945945945945,cross-family,1.7142857142857142
olmo3-7b,gemma4-12b,truthfulqa,654,327,0.7695760738433912,0.5465215236278278,0.2268442316325004,0.0792782738095237,0.5045871559633027,0.4664634146341463,0.601885363184917,-0.0553638395570892,0.6905610264755118,0.0790150473678794,0.1748505846574681,-0.0420422597183109,-0.2392118935493041,0.1498470948012232,49,0.2262996941896024,0.5076452599388379,0.1671523022491582,0.313832466006379,0.1148799670809602,0.2262996941896024,0.3378378378378378,0.7048192771084337,cross-family,1.7142857142857142
olmo3-7b,gemma4-31b,boolq,1308,475,0.693311429835092,0.7409439565299805,0.0549822239778786,0.0570612287691338,0.2477064220183486,0.2171253822629969,0.6208175901939723,0.1201263663360081,0.5372464775383838,0.1560649522967081,0.2131611517974383,0.2057914436606371,0.2032658510324368,0.1347368421052631,64,0.4,0.2673684210526316,0.1281671797189131,0.1732283464566929,0.1069473684210526,0.2673684210526316,0.4960629921259842,0.4960629921259842,cross-family,4.428571428571429
olmo3-7b,gemma4-31b,geometry_of_truth,2012,1000,0.9594693675889328,0.7396062252964427,0.0057037480063795,0.2751436089984276,0.0198807157057654,0.4393638170974155,0.6407865612648221,0.0988196640316205,0.8095820158102767,0.149887351778656,0.8350103434091132,0.8231626645638991,0.7588138341194591,0.056,56,0.245,0.307,-0.0968608031393842,-0.255467659376454,0.075215,0.245,0.7714285714285714,0.8175895765472313,cross-family,4.428571428571429
olmo3-7b,gemma4-31b,rte,111,62,0.8350888742593812,0.6109282422646478,0.0321637426900583,-0.0303225806451612,0.25,0.4107142857142857,0.5,0.1109282422646478,0.7574061882817642,0.0776826859776169,0.2838252537279613,0.0208054053526587,-0.1386026679149294,0.2419354838709677,15,0.3709677419354839,0.3709677419354839,0.4470457079152731,0.4470457079152731,0.1376170655567117,0.3709677419354839,0.3478260869565217,0.3478260869565217,cross-family,4.428571428571429
olmo3-7b,gemma4-31b,truthfulqa,654,327,0.7695760738433912,0.6755978265952173,0.2268442316325004,0.3501795600778093,0.5045871559633027,0.5443425076452599,0.7103124503175003,-0.034714623722283,0.6255552749955579,0.1440207988478333,0.357653622196641,0.1877369681620875,0.0717634654202882,0.073394495412844,24,0.2262996941896024,0.2538226299694189,0.0876130797948594,0.0944838280903854,0.0574399835404801,0.2262996941896024,0.6756756756756757,0.7108433734939759,cross-family,4.428571428571429
olmo3-7b,qwen3-32b,boolq,1308,475,0.693311429835092,0.8856687938333226,0.0549822239778786,0.007434434613884,0.2477064220183486,0.0596330275229357,0.7089176723320907,0.1767511215012319,0.526780817590194,0.1665306122448979,0.5739254876839196,0.5396064438389885,0.4706562378298214,0.1010526315789473,48,0.4,0.1810526315789473,0.1517781521857447,0.2635658914728682,0.0724210526315789,0.1810526315789473,0.4418604651162791,0.4418604651162791,cross-family,4.571428571428571
olmo3-7b,qwen3-32b,geometry_of_truth,2012,1000,0.9594693675889328,0.9955760869565216,0.0057037480063795,0.0771812890917433,0.0198807157057654,0.0208747514910536,0.9812569169960474,0.0143191699604742,0.985907114624506,-0.0264377470355732,0.8440701803637325,0.804117305266955,0.8238402386842005,0.042,42,0.245,0.042,0.3675634542928649,1.0000000000000002,0.01029,0.042,0.0,0.0,cross-family,4.571428571428571
olmo3-7b,qwen3-32b,imdb,2000,1018,0.9577723182311068,0.969971270691704,0.0886700831422018,-0.0036551600064942,0.128,0.0169660678642714,0.9687378710702268,0.0012333996214772,0.8962203754016301,0.0615519428294767,0.4746051669807691,0.6610638985167965,0.5967986837133112,0.0766208251473477,78,0.1277013752455795,0.093320235756385,0.6664750223745435,0.7948553816974869,0.011917122444332,0.093320235756385,0.1789473684210526,0.1789473684210526,cross-family,4.571428571428571
olmo3-7b,qwen3-32b,rte,111,62,0.8350888742593812,0.9486504279131008,0.0321637426900583,0.1222972972972972,0.25,0.1578947368421052,0.934167215273206,0.0144832126398947,0.783410138248848,0.0516787360105331,0.5553562077584476,0.315869772870617,0.1745602682103322,0.2580645161290322,16,0.3709677419354839,0.2903225806451613,0.6857550683285356,0.8233618233618234,0.1077003121748179,0.2903225806451613,0.1111111111111111,0.1111111111111111,cross-family,4.571428571428571
olmo3-7b,qwen3-32b,truthfulqa,654,327,0.7695760738433912,0.8104630175162958,0.2268442316325004,0.0489883851629822,0.5045871559633027,0.2293577981651376,0.8200955774392356,-0.0096325599229397,0.6976404904188761,0.0719355834245151,0.3780722485408862,0.396279107602154,0.3198510188098448,0.1223241590214067,40,0.2262996941896024,0.3700305810397553,0.1909971152356555,0.2706638677512464,0.0837378073300975,0.2262996941896024,0.4594594594594594,0.6694214876033058,cross-family,4.571428571428571
olmo3-7b,qwen3-8b-base,boolq,1308,475,0.693311429835092,0.7904795602451506,0.0549822239778786,0.0665434380776339,0.2477064220183486,0.172782874617737,0.6167157389271498,0.1737638213180008,0.5823693688001516,0.1109420610349404,0.1753758652201197,0.4514120265497752,0.4437829906452658,0.2042105263157894,97,0.4,0.3052631578947368,0.3639301321213053,0.4482758620689656,0.1221052631578947,0.3052631578947368,0.3310344827586207,0.3310344827586207,cross-family,1.1428571428571428
olmo3-7b,qwen3-8b-base,geometry_of_truth,2012,1000,0.9594693675889328,0.9775938735177866,0.0057037480063795,0.1920046774816913,0.0198807157057654,0.1123260437375745,0.9796956521739132,-0.0021017786561264,0.94972233201581,0.0097470355731226,0.758875319320054,0.830230387320681,0.8270282743616202,0.117,117,0.245,0.129,0.592341270087449,0.8767903896503926,0.031605,0.129,0.0930232558139534,0.0930232558139534,cross-family,1.1428571428571428
olmo3-7b,qwen3-8b-base,imdb,2000,1018,0.9577723182311068,0.9662860766888473,0.0886700831422018,-0.0159697288410158,0.128,0.091,0.9549083903184632,0.011377686370384,0.9215335768789088,0.036238741352198,0.572022575625159,0.660427548996851,0.6130175240622008,0.0923379174852652,94,0.1277013752455795,0.1493123772102161,0.615979047689722,0.6744714869426183,0.0190673959109313,0.1277013752455795,0.2769230769230769,0.3815789473684211,cross-family,1.1428571428571428
olmo3-7b,qwen3-8b-base,rte,111,62,0.8350888742593812,0.9213298222514812,0.0321637426900583,-0.0717391304347826,0.25,0.1785714285714285,0.8736010533245556,0.0477287689269255,0.8413429888084265,-0.0062541145490453,0.4263454934553666,0.2392608181174359,0.1883477491871626,0.2580645161290322,16,0.3709677419354839,0.3387096774193548,0.5791885732021206,0.6214896214896216,0.1256503642039542,0.3387096774193548,0.238095238095238,0.238095238095238,cross-family,1.1428571428571428
olmo3-7b,qwen3-8b-base,truthfulqa,654,327,0.7695760738433912,0.7508346659933227,0.2268442316325004,0.2072648756066801,0.5045871559633027,0.4115853658536585,0.7755707057954344,-0.0247360398021116,0.7437739060498088,0.0258021677935824,0.3825350443860831,0.3564806083649071,0.3215475701480238,0.0672782874617737,22,0.2262996941896024,0.2813455657492354,0.0191859513729291,0.0221966647498562,0.0636684154906526,0.2262996941896024,0.7027027027027027,0.7608695652173914,cross-family,1.1428571428571428
qwen3-1.7b,gemma4-12b,boolq,1308,475,0.723548366715107,0.5145409742844506,0.1377278610721606,0.0205803937653815,0.2232415902140672,0.3516819571865443,0.4880646995640361,0.0264762747204144,0.5112251216275984,0.2123232450875086,0.186084237137026,0.0070415069240498,0.1297388589550493,0.311578947368421,148,0.4252631578947368,0.5957894736842105,0.2399364183266251,0.3386448019801981,0.2533673130193906,0.4252631578947368,0.2673267326732673,0.4770318021201413,cross-family,7.0588235294117645
qwen3-1.7b,gemma4-12b,geometry_of_truth,2012,1000,0.9550187747035572,0.5481284584980237,0.2676211805260021,0.0430336120520169,0.246520874751491,0.4846077457795432,0.5702569169960474,-0.0221284584980236,0.7479683794466403,0.2070503952569169,0.4931079705706937,0.5664720998816467,0.6195114728968516,0.036,36,0.14,0.459,-0.1634383385312333,-0.4397759103641455,0.06426,0.14,0.7428571428571429,0.9215686274509804,cross-family,7.0588235294117645
qwen3-1.7b,gemma4-12b,imdb,2000,1018,0.9209063736650672,0.516761430703548,0.0728246931672466,-0.0111792828685258,0.2057942057942058,0.4920159680638722,0.4996868985551319,0.017074532148416,0.5645839251917621,0.3563224484733052,0.1079108470188066,-0.053092560341764,0.0965635830531925,0.0667976424361493,68,0.1090373280943025,0.5216110019646365,0.0637298596035462,0.1902251327302662,0.0568750699588159,0.1090373280943025,0.3873873873873873,0.871939736346516,cross-family,7.0588235294117645
qwen3-1.7b,gemma4-12b,rte,111,62,0.6132323897300855,0.4512837393021724,-0.1052631578947368,0.0153846153846154,0.3392857142857143,0.5535714285714286,0.5065832784726794,-0.0552995391705068,0.6540487162606978,-0.0408163265306122,0.2108185637642093,-0.0464523525333835,-0.2145593735710573,0.2419354838709677,15,0.4354838709677419,0.5967741935483871,-0.073801012503823,-0.0788571428571428,0.259885535900104,0.4354838709677419,0.4444444444444444,0.5945945945945945,cross-family,7.0588235294117645
qwen3-1.7b,gemma4-12b,truthfulqa,654,327,0.7136230582910155,0.5465215236278278,0.2088194921070692,0.0792782738095237,0.4311926605504587,0.4664634146341463,0.5199244358406045,0.0265970877872232,0.6517221707862227,0.0619008875047927,0.1018623295838107,-0.1605867051429717,-0.1891477658282168,0.2415902140672783,79,0.3944954128440367,0.5076452599388379,0.1691334739537539,0.2127690307670084,0.2002637263978902,0.3944954128440367,0.3875968992248062,0.5240963855421686,cross-family,7.0588235294117645
qwen3-1.7b,gemma4-31b,boolq,1308,475,0.723548366715107,0.7409439565299805,0.1377278610721606,0.0570612287691338,0.2232415902140672,0.2171253822629969,0.4947242054716623,0.2462197510583181,0.5401149933657674,0.1834333733493396,0.2481475408415867,0.2647548654496425,0.3713915113318703,0.1242105263157894,59,0.4252631578947368,0.2673684210526316,0.0480267350297138,0.0683856825589109,0.1137019390581717,0.2673684210526316,0.5354330708661417,0.5354330708661417,cross-family,18.235294117647058
qwen3-1.7b,gemma4-31b,geometry_of_truth,2012,1000,0.9550187747035572,0.7396062252964427,0.2676211805260021,0.2751436089984276,0.246520874751491,0.4393638170974155,0.6872648221343873,0.0523414031620553,0.7265494071146246,0.2284693675889326,0.7560176422343832,0.8006484183842073,0.7842964623750305,0.029,29,0.14,0.307,-0.0873490373098522,-0.3252675663099115,0.04298,0.14,0.7928571428571429,0.9055374592833876,cross-family,18.235294117647058
qwen3-1.7b,gemma4-31b,rte,111,62,0.6132323897300855,0.6109282422646478,-0.1052631578947368,-0.0303225806451612,0.3392857142857143,0.4107142857142857,0.467412771560237,0.1435154707044108,0.5855826201448321,0.0276497695852534,0.3149314611084788,0.0006696559040206,-0.0174887585344536,0.2258064516129032,14,0.4354838709677419,0.3709677419354839,0.2682778563446717,0.306832298136646,0.1615504682622268,0.3709677419354839,0.391304347826087,0.391304347826087,cross-family,18.235294117647058
qwen3-1.7b,gemma4-31b,truthfulqa,654,327,0.7136230582910155,0.6755978265952173,0.2088194921070692,0.3501795600778093,0.4311926605504587,0.5443425076452599,0.6119948751040409,0.0636029514911763,0.6566413227468695,0.0569817355441459,0.3344425190909152,0.1255650539797893,0.179287113846548,0.1192660550458715,39,0.3944954128440367,0.2538226299694189,0.0899589172776055,0.1244979919678714,0.1001318631989451,0.2538226299694189,0.5301204819277108,0.5301204819277108,cross-family,18.235294117647058
qwen3-1.7b,olmo3-7b,boolq,1308,475,0.723548366715107,0.693311429835092,0.1377278610721606,0.0549822239778786,0.2232415902140672,0.2477064220183486,0.5156176154672395,0.1776938143678524,0.6073317748151893,0.1162165918999177,0.7148079738587304,0.4194464080628435,0.5965190141948578,0.2,95,0.4252631578947368,0.4,0.1234314171524626,0.1300366300366301,0.1701052631578947,0.4,0.5,0.5,cross-family,4.11764705882353
qwen3-1.7b,olmo3-7b,geometry_of_truth,2012,1000,0.9550187747035572,0.9594693675889328,0.2676211805260021,0.0057037480063795,0.246520874751491,0.0198807157057654,0.941393280632411,0.0180760869565217,0.9493310276679842,0.005687747035573,0.8985906284434596,0.7946913799030713,0.8457568998793634,0.124,124,0.14,0.245,0.6010667187108183,0.8486281929990538,0.0343,0.14,0.1142857142857143,0.4938775510204082,cross-family,4.11764705882353
qwen3-1.7b,olmo3-7b,imdb,2000,1018,0.9209063736650672,0.9577723182311068,0.0728246931672466,0.0886700831422018,0.2057942057942058,0.128,0.7926358140037372,0.1651365042273697,0.8033162744729292,0.1175900991921381,0.7072281497700239,0.5371722936805994,0.6210539821606982,0.0648330058939096,66,0.1090373280943025,0.1277013752455795,0.4893786646526593,0.5352447041636228,0.0139242167507459,0.1090373280943025,0.4054054054054054,0.4923076923076923,cross-family,4.11764705882353
qwen3-1.7b,olmo3-7b,rte,111,62,0.6132323897300855,0.8350888742593812,-0.1052631578947368,0.0321637426900583,0.3392857142857143,0.25,0.5582620144832127,0.2768268597761685,0.6369321922317314,-0.0236998025016458,0.6428739572183386,0.1342595328408447,0.2889752690619473,0.2580645161290322,16,0.4354838709677419,0.3709677419354839,0.4029598571007011,0.4608695652173913,0.1615504682622268,0.3709677419354839,0.3043478260869565,0.3043478260869565,cross-family,4.11764705882353
qwen3-1.7b,olmo3-7b,truthfulqa,654,327,0.7136230582910155,0.7695760738433912,0.2088194921070692,0.2268442316325004,0.4311926605504587,0.5045871559633027,0.6807694825538441,0.0888065912895471,0.7223858822209128,-0.0087628239298973,0.6362274112254391,0.2224076985014531,0.3897780538448715,0.1712538226299694,56,0.3944954128440367,0.2262996941896024,0.4008647751936218,0.5982800982800984,0.0892741912858064,0.2262996941896024,0.2432432432432433,0.2432432432432433,cross-family,4.11764705882353
qwen3-1.7b,qwen3-8b,boolq,1308,475,0.723548366715107,0.8601175206924876,0.1377278610721606,-0.0331441596501836,0.2232415902140672,0.1129770992366412,0.5920136475642889,0.2681038731281987,0.5966411827889051,0.1269071839262019,0.784959827786507,0.4867436950937139,0.6394488605088419,0.111578947368421,53,0.4252631578947368,0.2084210526315789,0.1142640562485687,0.1915491915491916,0.0886337950138504,0.2084210526315789,0.4646464646464646,0.4646464646464646,same-family,4.705882352941177
qwen3-1.7b,qwen3-8b,geometry_of_truth,2012,1000,0.9550187747035572,0.989439723320158,0.2676211805260021,0.2421816513318362,0.246520874751491,0.0427435387673956,0.9698211462450592,0.0196185770750987,0.9844090909090908,-0.0293903162055335,0.9275813954740242,0.7988969238891813,0.867243774330553,0.027,27,0.14,0.029,0.3939776235237319,0.9198075380914196,0.00406,0.029,0.0689655172413793,0.0689655172413793,same-family,4.705882352941177
qwen3-1.7b,qwen3-8b,imdb,2000,1018,0.9209063736650672,0.964983654704124,0.0728246931672466,-0.0316082776242029,0.2057942057942058,0.101,0.9325091329590788,0.0324745217450452,0.9251027332855846,-0.0041963596205172,0.7885623643251519,0.6322000573864841,0.6804842797631832,0.0599214145383104,61,0.1090373280943025,0.1021611001964636,0.5167739624088568,0.5359384276142819,0.0111393734005967,0.1021611001964636,0.4134615384615385,0.4134615384615385,same-family,4.705882352941177
qwen3-1.7b,qwen3-8b,rte,111,62,0.6132323897300855,0.9305464121132324,-0.1052631578947368,0.0493197278911564,0.3392857142857143,0.25,0.5671494404213298,0.3633969716919025,0.8554970375246873,-0.2422646477946017,0.7883785934096338,0.2110427526290081,0.3254930729261632,0.1129032258064516,7,0.4354838709677419,0.1612903225806451,0.2339517359059656,0.4685714285714284,0.0702393340270551,0.1612903225806451,0.3,0.3,same-family,4.705882352941177
qwen3-1.7b,qwen3-8b,truthfulqa,654,327,0.7136230582910155,0.7823322017413423,0.2088194921070692,0.1042340012928249,0.4311926605504587,0.345565749235474,0.6711182186310543,0.111213983110288,0.6863245705094034,0.027298487781612,0.6416273568819773,0.2742183514688128,0.425498166457638,0.1743119266055046,57,0.3944954128440367,0.3425076452599388,0.1689903748359507,0.1889880952380952,0.1351176949190584,0.3425076452599388,0.4910714285714285,0.4910714285714285,same-family,4.705882352941177
qwen3-1.7b,qwen38-27b,boolq,1308,475,0.723548366715107,0.915890566753017,0.1377278610721606,0.22122248661511,0.2232415902140672,0.1173780487804878,0.5551045681430467,0.3607859986099704,0.6335199342895053,0.0900284324256017,0.849238393335578,0.5658357989006113,0.6387243561808409,0.0926315789473684,44,0.4252631578947368,0.1684210526315789,0.1135475563211859,0.217032967032967,0.0716232686980609,0.1684210526315789,0.4499999999999999,0.4499999999999999,same-family,15.882352941176471
qwen3-1.7b,qwen38-27b,geometry_of_truth,2012,1000,0.9550187747035572,0.9905108695652174,0.2676211805260021,0.3102735805860805,0.246520874751491,0.0954274353876739,0.971155138339921,0.0193557312252964,0.96799209486166,-0.0129733201581028,0.9467430320016028,0.8518981638150634,0.8626242728575451,0.043,43,0.14,0.046,0.5029674039165556,0.9241658240647118,0.00644,0.046,0.0652173913043479,0.0652173913043479,same-family,15.882352941176471
qwen3-1.7b,qwen38-27b,rte,111,62,0.6132323897300855,0.935483870967742,-0.1052631578947368,0.4003831417624521,0.3392857142857143,0.4464285714285714,0.5839368005266623,0.3515470704410797,0.6349572086899276,-0.021724818959842,0.8305005381102802,0.368453455041422,0.3084541251026987,0.2741935483870967,17,0.4354838709677419,0.3225806451612903,0.5769093421109291,0.7342857142857142,0.1404786680541103,0.3225806451612903,0.15,0.15,same-family,15.882352941176471
qwen3-1.7b,qwen38-27b,truthfulqa,654,327,0.7136230582910155,0.8266887373864902,0.2088194921070692,0.323365290989439,0.4311926605504587,0.4923547400611621,0.6706132106350944,0.1560755267513958,0.6414162668686698,0.0722067914223456,0.7338356304881501,0.4169549263637507,0.4219478119749967,0.1743119266055046,57,0.3944954128440367,0.3302752293577982,0.1915061885688216,0.2201178451178451,0.1302920629576635,0.3302752293577982,0.4722222222222222,0.4722222222222222,same-family,15.882352941176471
qwen3-8b,gemma4-12b-base,boolq,1308,475,0.8601175206924876,0.7796802931698995,-0.0331441596501836,0.0152513464991023,0.1129770992366412,0.1491628614916286,0.5674758324382385,0.212204460731661,0.7933025841915714,0.0668149365009161,0.6691461393308948,0.4751661836741261,0.4833396260271945,0.1305263157894736,62,0.2084210526315789,0.2989473684210526,0.3668742628579427,0.4668911335578002,0.0623069252077562,0.2084210526315789,0.3737373737373737,0.5633802816901408,cross-family,1.5
qwen3-8b,gemma4-12b-base,geometry_of_truth,2012,1000,0.989439723320158,0.9666847826086956,0.2421816513318362,0.0750093052109182,0.0427435387673956,0.0934393638170974,0.9829328063241106,-0.016248023715415,0.984943675889328,0.0044960474308299,0.8869885931619799,0.8505165439473896,0.795544226467556,0.015,15,0.029,0.075,0.2901664936744894,0.4780987884436162,0.002175,0.029,0.4827586206896552,0.8,cross-family,1.5
qwen3-8b,gemma4-12b-base,imdb,2000,1018,0.964983654704124,0.7319851631928744,-0.0316082776242029,0.2445151986518892,0.101,0.4132804757185332,0.6463384136460213,0.0856467495468531,0.821956313845686,0.143027340858438,0.7264031831003168,0.6151700803470791,0.6589113633157482,0.0343811394891945,35,0.1021611001964636,0.2210216110019646,0.0939093504858866,0.1482927539043554,0.0225798109471555,0.1021611001964636,0.6634615384615384,0.8444444444444444,cross-family,1.5
qwen3-8b,gemma4-12b-base,rte,111,62,0.9305464121132324,0.7162606978275182,0.0493197278911564,0.0401844532279315,0.25,0.375,0.7712310730743911,-0.0549703752468728,0.791968400263331,0.1385780118499012,0.7875521808908622,0.2577643897473259,0.2317597138901994,0.1290322580645161,8,0.1612903225806451,0.5483870967741935,0.2217197868155799,0.5571428571428572,0.0884495317377731,0.1612903225806451,0.1999999999999999,0.7647058823529411,cross-family,1.5
qwen3-8b,gemma4-12b-base,truthfulqa,654,327,0.7823322017413423,0.6888589624891284,0.1042340012928249,0.0701323813773613,0.345565749235474,0.4390243902439024,0.6609993547120051,0.0278596077771232,0.7849881697200947,-0.0026559679787523,0.5912112210825544,0.3984204364930115,0.322844196128925,0.1070336391437308,35,0.3425076452599388,0.2844036697247706,0.0449508315796219,0.0514628657164291,0.0974104312207165,0.2844036697247706,0.6236559139784946,0.6236559139784946,cross-family,1.5
qwen3-8b,llama-8b,boolq,1308,475,0.8601175206924876,0.7919251911290832,-0.0331441596501836,-0.0090269804822042,0.1129770992366412,0.1330275229357798,0.683657041764074,0.1082681493650091,0.7000796107916851,0.1600379099008024,0.5998773030977427,0.6640250806403813,0.5430269163503942,0.1157894736842105,55,0.2084210526315789,0.2421052631578947,0.3754791215985077,0.4135802469135801,0.0504598337950138,0.2084210526315789,0.4444444444444444,0.5217391304347826,cross-family,1.0
qwen3-8b,llama-8b,geometry_of_truth,2012,1000,0.989439723320158,0.9684239130434782,0.2421816513318362,-0.0032551194715705,0.0427435387673956,0.0069582504970178,0.9942658102766796,-0.0258418972332015,0.974001976284585,0.0154377470355731,0.8891888899842526,0.9073184802794156,0.8278566265564234,0.028,28,0.029,0.137,0.4164139336593662,0.960043153394334,0.003973,0.029,0.0344827586206897,0.7956204379562044,cross-family,1.0
qwen3-8b,llama-8b,imdb,2000,1018,0.964983654704124,0.960672257811531,-0.0316082776242029,0.0011570155854284,0.101,0.019,0.9565609257399396,0.0041113320715913,0.9630900411733402,0.0018936135307838,0.6099297822415841,0.7524854067552869,0.7030563045538131,0.0707269155206286,72,0.1021611001964636,0.1198428290766208,0.5945744807984714,0.6504120879120877,0.0122432752691243,0.1021611001964636,0.3076923076923077,0.4098360655737705,cross-family,1.0
qwen3-8b,llama-8b,rte,111,62,0.9305464121132324,0.7778143515470705,0.0493197278911564,0.0,0.25,0.2142857142857142,0.7903225806451613,-0.0125082290980907,0.924292297564187,0.0062541145490453,0.69455400837532,0.4231817609120289,0.2032432586797298,0.1451612903225806,9,0.1612903225806451,0.4516129032258064,0.3951160303508412,0.8176470588235295,0.072840790842872,0.1612903225806451,0.0999999999999998,0.6785714285714286,cross-family,1.0
qwen3-8b,llama-8b,truthfulqa,654,327,0.7823322017413423,0.8157843054737256,0.1042340012928249,0.1578868433879495,0.345565749235474,0.3780487804878049,0.7575494019396047,0.0582349035341208,0.7870830177033359,-0.0047508159619935,0.4895280969765284,0.5644396112538319,0.3434506577105133,0.1681957186544342,55,0.3425076452599388,0.2507645259938837,0.4001416985450106,0.4992058990357346,0.0858887673128898,0.2507645259938837,0.3292682926829268,0.3292682926829268,cross-family,1.0
qwen3-8b,qwen3-8b-base,boolq,1308,475,0.8601175206924876,0.7904795602451506,-0.0331441596501836,0.0665434380776339,0.1129770992366412,0.172782874617737,0.6576457951601693,0.1328337650849813,0.8443798572060404,0.0157376634864472,0.4596236157769611,0.7184744262630601,0.7396914666159344,0.1368421052631579,65,0.2084210526315789,0.3052631578947368,0.3914331044041587,0.5056626874808694,0.0636232686980609,0.2084210526315789,0.3434343434343434,0.5517241379310345,same-family,1.0
qwen3-8b,qwen3-8b-base,geometry_of_truth,2012,1000,0.989439723320158,0.9775938735177866,0.2421816513318362,0.1920046774816913,0.0427435387673956,0.1123260437375745,0.9917648221343872,-0.0141709486166007,0.975471343873518,0.0139683794466402,0.880212718937976,0.9023709875008974,0.8906972852952512,0.029,29,0.029,0.129,0.4490592082949277,1.0000000000000002,0.003741,0.029,0.0,0.7751937984496124,same-family,1.0
qwen3-8b,qwen3-8b-base,imdb,2000,1018,0.964983654704124,0.9662860766888473,-0.0316082776242029,-0.0159697288410158,0.101,0.091,0.9671403534745256,-0.0008542767856783,0.9624378298568737,0.0025458248472505,0.8513674997347099,0.8465267587619727,0.8402414151932316,0.0844793713163064,86,0.1021611001964636,0.1493123772102161,0.641343747073492,0.7965446793391362,0.015253916728745,0.1021611001964636,0.1730769230769231,0.4342105263157895,same-family,1.0
qwen3-8b,qwen3-8b-base,rte,111,62,0.9305464121132324,0.9213298222514812,0.0493197278911564,-0.0717391304347826,0.25,0.1785714285714285,0.9391046741277156,-0.0177748518762342,0.9154048716260698,0.0151415404871625,0.7175905473835169,0.3170338889197487,0.2966839491408943,0.1129032258064516,7,0.1612903225806451,0.3387096774193548,0.3347686421655422,0.5463414634146341,0.054630593132154,0.1612903225806451,0.3,0.6666666666666666,same-family,1.0
qwen3-8b,qwen3-8b-base,truthfulqa,654,327,0.7823322017413423,0.7508346659933227,0.1042340012928249,0.2072648756066801,0.345565749235474,0.4115853658536585,0.7560156739518747,-0.005181007958552,0.7721759298225925,0.0101562719187497,0.6482278662210675,0.5198347494012434,0.4982880242805179,0.1590214067278287,52,0.3425076452599388,0.2813455657492354,0.2936423672796173,0.3387259858442872,0.0963630072290959,0.2813455657492354,0.4347826086956522,0.4347826086956522,same-family,1.0
qwen3-8b-base,gemma4-12b,boolq,1308,475,0.7904795602451506,0.5145409742844506,0.0665434380776339,0.0205803937653815,0.172782874617737,0.3516819571865443,0.5048385670057496,0.0097024072787009,0.4548050799267075,0.3356744803184431,0.0404840141865178,-0.0708383386644746,0.0299843770668842,0.1726315789473684,82,0.3052631578947368,0.5957894736842105,-0.0408903903199106,-0.0508102839039844,0.1818725761772853,0.3052631578947368,0.4344827586206896,0.7102473498233215,cross-family,1.5
qwen3-8b-base,gemma4-12b,geometry_of_truth,2012,1000,0.9775938735177866,0.5481284584980237,0.1920046774816913,0.0430336120520169,0.1123260437375745,0.4846077457795432,0.5555830039525692,-0.0074545454545454,0.7506828063241107,0.2269110671936759,0.3964767331284124,0.594453195415098,0.5994778012504041,0.028,28,0.129,0.459,-0.1868524409783906,-0.5271148941919575,0.059211,0.129,0.7829457364341086,0.9389978213507624,cross-family,1.5
qwen3-8b-base,gemma4-12b,imdb,2000,1018,0.9662860766888473,0.516761430703548,-0.0159697288410158,-0.0111792828685258,0.091,0.4920159680638722,0.5017035519508322,0.0150578787527158,0.5435551118562414,0.4227309648326058,0.113908220875688,-0.1777037019691145,0.0599654262227835,0.0609037328094302,62,0.1493123772102161,0.5216110019646365,-0.0953721278231684,-0.2180097135494102,0.0778829786823425,0.1493123772102161,0.5921052631578947,0.8832391713747646,cross-family,1.5
qwen3-8b-base,gemma4-12b,rte,111,62,0.9213298222514812,0.4512837393021724,-0.0717391304347826,0.0153846153846154,0.1785714285714285,0.5535714285714286,0.5088874259381171,-0.0576036866359446,0.8936800526662279,0.0276497695852533,0.1373622470216939,0.0066878292871168,-0.2555572366369696,0.2258064516129032,14,0.3387096774193548,0.5967741935483871,0.1019691854824715,0.1733333333333333,0.2021331945889698,0.3387096774193548,0.3333333333333332,0.6216216216216217,cross-family,1.5
qwen3-8b-base,gemma4-12b,truthfulqa,654,327,0.7508346659933227,0.5465215236278278,0.2072648756066801,0.0792782738095237,0.4115853658536585,0.4664634146341463,0.561222867510217,-0.0147013438823891,0.6119855231041158,0.1388491428892069,0.0534203691697243,-0.0376694101778809,-0.1829449782916388,0.146788990825688,48,0.2813455657492354,0.5076452599388379,0.0176388809780326,0.0286254388333783,0.14282374285741,0.2813455657492354,0.4782608695652174,0.7108433734939759,cross-family,1.5
qwen3-8b-base,gemma4-31b,boolq,1308,475,0.7904795602451506,0.7409439565299805,0.0665434380776339,0.0570612287691338,0.172782874617737,0.2171253822629969,0.5090263473810577,0.2319176091489228,0.5137398117141593,0.2767397485309913,0.0403079045435756,0.2082127650929395,0.220183134848769,0.1178947368421052,56,0.3052631578947368,0.2673684210526316,0.1779861587131777,0.1952994512049629,0.0816177285318559,0.2673684210526316,0.5590551181102362,0.5590551181102362,cross-family,3.875
qwen3-8b-base,gemma4-31b,geometry_of_truth,2012,1000,0.9775938735177866,0.7396062252964427,0.1920046774816913,0.2751436089984276,0.1123260437375745,0.4393638170974155,0.6395711462450593,0.1000350790513834,0.8314772727272727,0.1461166007905139,0.7279201987319143,0.8278470277586828,0.7571682967289242,0.021,21,0.129,0.307,-0.1203215030231194,-0.4697371411256721,0.039603,0.129,0.8372093023255813,0.9315960912052116,cross-family,3.875
qwen3-8b-base,gemma4-31b,rte,111,62,0.9213298222514812,0.6109282422646478,-0.0717391304347826,-0.0303225806451612,0.1785714285714285,0.4107142857142857,0.5362080315997367,0.074720210664911,0.8508887425938118,0.0704410796576694,0.2222942504164118,0.0442333998669974,-0.0654553926280554,0.1612903225806451,10,0.3387096774193548,0.3709677419354839,0.1558916198991955,0.1672771672771673,0.1256503642039542,0.3387096774193548,0.5238095238095237,0.5652173913043479,cross-family,3.875
qwen3-8b-base,gemma4-31b,truthfulqa,654,327,0.7508346659933227,0.6755978265952173,0.2072648756066801,0.3501795600778093,0.4115853658536585,0.5443425076452599,0.690729362474165,-0.0151315358789477,0.672118882623049,0.0787157833702737,0.1987118687959528,0.2165863347831367,0.1408892616294688,0.0948012232415902,31,0.2813455657492354,0.2538226299694189,0.1195231107078897,0.1282235324275826,0.071411871428705,0.2538226299694189,0.6265060240963856,0.6265060240963856,cross-family,3.875
qwen3-8b-base,qwen3-32b,boolq,1308,475,0.7904795602451506,0.8856687938333226,0.0665434380776339,0.007434434613884,0.172782874617737,0.0596330275229357,0.7801048840588867,0.1055639097744359,0.5947254691350224,0.1957540911101282,0.3045303791786576,0.5705010298689401,0.5260714905616933,0.0989473684210526,47,0.3052631578947368,0.1810526315789473,0.246315437352504,0.3472515856236786,0.0552686980609418,0.1810526315789473,0.4534883720930233,0.4534883720930233,same-family,4.0
qwen3-8b-base,qwen3-32b,geometry_of_truth,2012,1000,0.9775938735177866,0.9955760869565216,0.1920046774816913,0.0771812890917433,0.1123260437375745,0.0208747514910536,0.9829505928853756,0.0126254940711462,0.99500790513834,-0.0174140316205533,0.690083665560938,0.8143092529114156,0.8458960552649911,0.041,41,0.129,0.042,0.529199009868708,0.9726641517686292,0.005418,0.042,0.0238095238095238,0.0238095238095238,same-family,4.0
qwen3-8b-base,qwen3-32b,imdb,2000,1018,0.9662860766888473,0.969971270691704,-0.0159697288410158,-0.0036551600064942,0.091,0.0169660678642714,0.9659929817260792,0.0039782889656249,0.9293791188345024,0.0369069578543448,0.4133167428486057,0.7187060462957127,0.7048071454055758,0.0815324165029469,83,0.1493123772102161,0.093320235756385,0.6520629807024377,0.8515133098334751,0.0139338662426036,0.093320235756385,0.1263157894736841,0.1263157894736841,same-family,4.0
qwen3-8b-base,qwen3-32b,rte,111,62,0.9213298222514812,0.9486504279131008,-0.0717391304347826,0.1222972972972972,0.1785714285714285,0.1578947368421052,0.9479921000658328,0.0006583278472678,0.8772218564845293,0.0441079657669518,0.4332367283233484,0.3401766194488501,0.2491217512286893,0.2258064516129032,14,0.3387096774193548,0.2903225806451613,0.5933786463565036,0.6639566395663957,0.0983350676378772,0.2903225806451613,0.2222222222222223,0.2222222222222223,same-family,4.0
qwen3-8b-base,qwen3-32b,truthfulqa,654,327,0.7508346659933227,0.8104630175162958,0.2072648756066801,0.0489883851629822,0.4115853658536585,0.2293577981651376,0.8143908574848733,-0.0039278399685774,0.7144740902842073,0.0363605757091154,0.2928785443538571,0.4292372124708026,0.3881766373080627,0.1590214067278287,52,0.2813455657492354,0.3700305810397553,0.2529483825793257,0.3098353735753483,0.1041064631671482,0.2813455657492354,0.4347826086956522,0.5702479338842975,same-family,4.0
qwen3-8b-base,qwen38-27b,boolq,1308,475,0.7904795602451506,0.915890566753017,0.0665434380776339,0.22122248661511,0.172782874617737,0.1173780487804878,0.6630568016680356,0.2528337650849814,0.6359183673469389,0.1545611928982118,0.1798074467287068,0.6130187697769451,0.5169037387789173,0.08,38,0.3052631578947368,0.1684210526315789,0.1658728101147134,0.2443181818181818,0.0514127423822714,0.1684210526315789,0.5249999999999999,0.5249999999999999,same-family,3.375
qwen3-8b-base,qwen38-27b,geometry_of_truth,2012,1000,0.9775938735177866,0.9905108695652174,0.1920046774816913,0.3102735805860805,0.1123260437375745,0.0954274353876739,0.9827875494071148,0.0077233201581026,0.9894861660079052,-0.0118922924901185,0.7648056117263775,0.8852569345797606,0.8520893320157121,0.044,44,0.129,0.046,0.542100998759344,0.950082364099236,0.005934,0.046,0.0434782608695653,0.0434782608695653,same-family,3.375
qwen3-8b-base,qwen38-27b,rte,111,62,0.9213298222514812,0.935483870967742,-0.0717391304347826,0.4003831417624521,0.1785714285714285,0.4464285714285714,0.9499670836076366,-0.0144832126398946,0.8851217906517446,0.0362080315997366,0.5229343418490815,0.4035709072104441,0.2542318077332631,0.2580645161290322,16,0.3387096774193548,0.3225806451612903,0.6725968205756728,0.697560975609756,0.109261186264308,0.3225806451612903,0.1999999999999999,0.1999999999999999,same-family,3.375
qwen3-8b-base,qwen38-27b,truthfulqa,654,327,0.7508346659933227,0.8266887373864902,0.2072648756066801,0.323365290989439,0.4115853658536585,0.4923547400611621,0.7906554816747562,0.0360332557117339,0.7226664422186685,0.0281682237746542,0.4556842657920618,0.5019257764965761,0.3922434785434063,0.1223241590214067,40,0.2813455657492354,0.3302752293577982,0.1390339167086199,0.1560452650387135,0.0929214712566282,0.2813455657492354,0.5652173913043479,0.6296296296296297,same-family,3.375
qwen38-27b,qwen3-32b,boolq,1308,475,0.915890566753017,0.8856687938333226,0.22122248661511,0.007434434613884,0.1173780487804878,0.0596330275229357,0.8124015922158336,0.073267201617489,0.6663423264042458,0.2495482403487712,0.700458130878681,0.6005436121303522,0.6354331136478264,0.0926315789473684,44,0.1684210526315789,0.1810526315789473,0.4312016817921369,0.4505141388174807,0.0304930747922437,0.1684210526315789,0.4499999999999999,0.4883720930232558,same-family,1.1851851851851851
qwen38-27b,qwen3-32b,geometry_of_truth,2012,1000,0.9905108695652174,0.9955760869565216,0.3102735805860805,0.0771812890917433,0.0954274353876739,0.0208747514910536,0.9915958498023716,0.00398023715415,0.994056324110672,-0.0035454545454545,0.8754451240697537,0.809062202560906,0.8779413626148241,0.034,34,0.046,0.042,0.7631525715817626,0.8003394229809322,0.001932,0.042,0.1904761904761904,0.1904761904761904,same-family,1.1851851851851851
qwen38-27b,qwen3-32b,rte,111,62,0.935483870967742,0.9486504279131008,0.4003831417624521,0.1222972972972972,0.4464285714285714,0.1578947368421052,0.9391046741277156,0.0095457537853851,0.913100724160632,0.02238314680711,0.7047644813387057,0.3511054121478043,0.4054316782640184,0.2258064516129032,14,0.3225806451612903,0.2903225806451613,0.6228184630394622,0.671957671957672,0.0936524453694068,0.2903225806451613,0.2222222222222223,0.2222222222222223,same-family,1.1851851851851851
qwen38-27b,qwen3-32b,truthfulqa,654,327,0.8266887373864902,0.8104630175162958,0.323365290989439,0.0489883851629822,0.4923547400611621,0.2293577981651376,0.7774785137801719,0.0329845037361239,0.7560998419512013,0.0705888954352889,0.5749037302976496,0.440902592044685,0.5038382855187689,0.2293577981651376,75,0.3302752293577982,0.3700305810397553,0.4718573046460213,0.514967637540453,0.1222119350223045,0.3302752293577982,0.3055555555555556,0.3801652892561983,same-family,1.1851851851851851
gemma4-12b,gemma4-31b,boolq,1308,475,0.5145409742844506,0.7409439565299805,0.0205803937653815,0.0570612287691338,0.3516819571865443,0.2171253822629969,0.4857446136349276,0.2551993428950528,0.4889821191634548,0.0255588551209957,0.3309960789331739,0.2118892007228263,0.1240454748010714,0.1494736842105263,71,0.5957894736842105,0.2673684210526316,-0.0452204043611933,-0.0616566038785787,0.1592952908587257,0.2673684210526316,0.4409448818897638,0.4409448818897638,same-family,2.5833333333333335
gemma4-12b,gemma4-31b,geometry_of_truth,2012,1000,0.5481284584980237,0.7396062252964427,0.0430336120520169,0.2751436089984276,0.4846077457795432,0.4393638170974155,0.5865573122529645,0.1530489130434782,0.5002282608695652,0.0479001976284585,0.4638891811323676,0.7137130350294703,0.6424803131959256,0.144,144,0.459,0.307,0.0134306134306973,0.0185866443490459,0.140913,0.307,0.5309446254071661,0.5309446254071661,same-family,2.5833333333333335
gemma4-12b,gemma4-31b,rte,111,62,0.4512837393021724,0.6109282422646478,0.0153846153846154,-0.0303225806451612,0.5535714285714286,0.4107142857142857,0.4447004608294931,0.1662277814351547,0.4502962475312706,0.0009874917709018,0.2370150988380662,-0.1529314648018378,-0.0305126263402331,0.2419354838709677,15,0.5967741935483871,0.3709677419354839,0.0867281341947334,0.1373913043478261,0.2213839750260146,0.3709677419354839,0.3478260869565217,0.3478260869565217,same-family,2.5833333333333335
gemma4-12b,gemma4-31b,truthfulqa,654,327,0.5465215236278278,0.6755978265952173,0.0792782738095237,0.3501795600778093,0.4664634146341463,0.5443425076452599,0.5985279952117761,0.0770698313834411,0.5395823396833412,0.0069391839444865,0.1798576078923201,-0.0890028866702754,-0.0228365068434788,0.1070336391437308,35,0.5076452599388379,0.2538226299694189,-0.1002798781095406,-0.1693279140659021,0.1288518549691851,0.2538226299694189,0.5783132530120482,0.5783132530120482,same-family,2.5833333333333335
gemma4-12b,qwen38-27b,boolq,1308,475,0.5145409742844506,0.915890566753017,0.0205803937653815,0.22122248661511,0.3516819571865443,0.1173780487804878,0.5487432867883996,0.3671472799646175,0.4947899159663865,0.019751058318064,0.1948886042715325,0.143400044367885,-0.0218968237056498,0.0905263157894736,43,0.5957894736842105,0.1684210526315789,-0.053454756693327,-0.0978356890459363,0.1003434903047091,0.1684210526315789,0.4624999999999999,0.4624999999999999,cross-family,2.25
gemma4-12b,qwen38-27b,geometry_of_truth,2012,1000,0.5481284584980237,0.9905108695652174,0.0430336120520169,0.3102735805860805,0.4846077457795432,0.0954274353876739,0.7759169960474308,0.2145938735177865,0.5622826086956522,-0.0141541501976284,0.5517228930984758,0.645275402760443,0.5927164296515091,0.01,10,0.459,0.046,-0.1064663373963314,-0.5263806005493984,0.021114,0.046,0.7826086956521738,0.7826086956521738,cross-family,2.25
gemma4-12b,qwen38-27b,rte,111,62,0.4512837393021724,0.935483870967742,0.0153846153846154,0.4003831417624521,0.5535714285714286,0.4464285714285714,0.933508887425938,0.0019749835418039,0.4940750493745885,-0.042791310072416,0.2489705294833831,-0.1724831044040757,-0.0424207446862254,0.1774193548387097,11,0.5967741935483871,0.3225806451612903,-0.065798725895509,-0.0783783783783784,0.1925078043704474,0.3225806451612903,0.4499999999999999,0.4499999999999999,cross-family,2.25
gemma4-12b,qwen38-27b,truthfulqa,654,327,0.5465215236278278,0.8266887373864902,0.0792782738095237,0.323365290989439,0.4664634146341463,0.4923547400611621,0.6631409626948723,0.1635477746916178,0.5022865639817076,0.0442349596461202,0.1226568920094822,-0.1455855510451302,-0.0760111070900921,0.2018348623853211,66,0.5076452599388379,0.3302752293577982,0.1453341335551561,0.2101449275362318,0.1676626546586987,0.3302752293577982,0.3888888888888888,0.3888888888888888,cross-family,2.25
gemma4-12b-base,gemma4-31b,boolq,1308,475,0.7796802931698995,0.7409439565299805,0.0152513464991023,0.0570612287691338,0.1491628614916286,0.2171253822629969,0.5592620205977128,0.1816819359322676,0.5443710115625198,0.2353092816073797,0.1831673388859977,0.1946017954066975,0.2296118029990832,0.1157894736842105,55,0.2989473684210526,0.2673684210526316,0.1769882478218199,0.191317301553522,0.0799290858725761,0.2673684210526316,0.5669291338582677,0.5669291338582677,same-family,2.5833333333333335
gemma4-12b-base,gemma4-31b,geometry_of_truth,2012,1000,0.9666847826086956,0.7396062252964427,0.0750093052109182,0.2751436089984276,0.0934393638170974,0.4393638170974155,0.6017796442687746,0.1378265810276681,0.7494891304347826,0.217195652173913,0.8535078307482329,0.8256971035669899,0.7894155559460154,0.009,9,0.075,0.307,-0.1154424584357824,-0.6091205211726382,0.023025,0.075,0.88,0.970684039087948,same-family,2.5833333333333335
gemma4-12b-base,gemma4-31b,rte,111,62,0.7162606978275182,0.6109282422646478,0.0401844532279315,-0.0303225806451612,0.375,0.4107142857142857,0.4871626069782752,0.1237656352863726,0.5368663594470047,0.1793943383805135,0.3366602290192614,0.02784109988038,-0.0662111255982755,0.2419354838709677,15,0.5483870967741935,0.3709677419354839,0.1601574036279276,0.2298136645962732,0.2034339229968782,0.3709677419354839,0.3478260869565217,0.3478260869565217,same-family,2.5833333333333335
gemma4-12b-base,gemma4-31b,truthfulqa,654,327,0.6888589624891284,0.6755978265952173,0.0701323813773613,0.3501795600778093,0.4390243902439024,0.5443425076452599,0.6853332585173338,-0.0097354319221165,0.597714371218285,0.0911445912708434,0.3543276681966797,0.1815268941280117,0.155516668531779,0.0672782874617737,22,0.2844036697247706,0.2538226299694189,-0.0250078261223377,-0.0680139914496696,0.0721880874224953,0.2538226299694189,0.7349397590361446,0.7349397590361446,same-family,2.5833333333333335
gemma4-12b-base,qwen38-27b,boolq,1308,475,0.7796802931698995,0.915890566753017,0.0152513464991023,0.22122248661511,0.1491628614916286,0.1173780487804878,0.7891122764895431,0.1267782902634739,0.5882656220382889,0.1914146711316106,0.6016866517692749,0.6064550067313735,0.5283255669761923,0.0821052631578947,39,0.2989473684210526,0.1684210526315789,0.1853558786666709,0.2689564564564564,0.0503490304709141,0.1684210526315789,0.5125,0.5125,cross-family,2.25
gemma4-12b-base,qwen38-27b,geometry_of_truth,2012,1000,0.9666847826086956,0.9905108695652174,0.0750093052109182,0.3102735805860805,0.0934393638170974,0.0954274353876739,0.9876215415019762,0.0028893280632411,0.966965415019763,-0.0002806324110673,0.9053120460439172,0.8673039790323338,0.8626741683621525,0.013,13,0.075,0.046,0.1730807507546771,0.2244418331374851,0.00345,0.046,0.7173913043478262,0.7173913043478262,cross-family,2.25
gemma4-12b-base,qwen38-27b,rte,111,62,0.7162606978275182,0.935483870967742,0.0401844532279315,0.4003831417624521,0.375,0.4464285714285714,0.7992100065832785,0.1362738643844635,0.5302830809743252,0.185977616853193,0.858339408786396,0.4006592188873003,0.2574423621229568,0.2903225806451613,18,0.5483870967741935,0.3225806451612903,0.4875603409162949,0.7785714285714287,0.1768990634755463,0.3225806451612903,0.0999999999999998,0.0999999999999998,cross-family,2.25
gemma4-12b-base,qwen38-27b,truthfulqa,654,327,0.6888589624891284,0.8266887373864902,0.0701323813773613,0.323365290989439,0.4390243902439024,0.4923547400611621,0.7345995941232033,0.0920891432632868,0.5879695872962433,0.1008893751928851,0.7824299168075719,0.4896662243819921,0.4245723898266021,0.1376146788990825,45,0.2844036697247706,0.3302752293577982,0.2058858639522848,0.2293415819708352,0.0939314872485481,0.2844036697247706,0.5161290322580645,0.5833333333333333,cross-family,2.25
llama-8b,gemma4-12b,boolq,1308,475,0.7919251911290832,0.5145409742844506,-0.0090269804822042,0.0205803937653815,0.1330275229357798,0.3516819571865443,0.4991798824793075,0.015361091805143,0.408827952233525,0.3830972388955582,0.1886989739599356,-0.0099832483908381,0.1680419050079125,0.0905263157894736,43,0.2421052631578947,0.5957894736842105,-0.2555398391887421,-0.3724074358580427,0.1442437673130193,0.2421052631578947,0.6260869565217391,0.8480565371024735,cross-family,1.5
llama-8b,gemma4-12b,geometry_of_truth,2012,1000,0.9684239130434782,0.5481284584980237,-0.0032551194715705,0.0430336120520169,0.0069582504970178,0.4846077457795432,0.576441699604743,-0.0283132411067192,0.7845069169960475,0.1839169960474307,0.5281683423029837,0.60089987231235,0.706247874606011,0.031,31,0.137,0.459,-0.1860752119747971,-0.5070209754623665,0.062883,0.137,0.7737226277372263,0.9324618736383442,cross-family,1.5
llama-8b,gemma4-12b,imdb,2000,1018,0.960672257811531,0.516761430703548,0.0011570155854284,-0.0111792828685258,0.019,0.4920159680638722,0.4932128009475069,0.0235486297560409,0.7869819821622206,0.1736902756493104,0.0918331604984503,-0.1058547037186514,0.0796614166857093,0.0491159135559921,50,0.1198428290766208,0.5216110019646365,-0.0825669759651254,-0.2142879194838071,0.0625113381529328,0.1198428290766208,0.5901639344262295,0.9058380414312618,cross-family,1.5
llama-8b,gemma4-12b,rte,111,62,0.7778143515470705,0.4512837393021724,0.0,0.0153846153846154,0.2142857142857142,0.5535714285714286,0.4160631994733377,0.0352205398288347,0.7132982225148125,0.064516129032258,0.2836857256561791,-0.1075165018641837,-0.1755526330809851,0.2741935483870967,17,0.4516129032258064,0.5967741935483871,0.0191815264295167,0.0257142857142857,0.2695109261186264,0.4516129032258064,0.3928571428571429,0.5405405405405406,cross-family,1.5
llama-8b,gemma4-12b,truthfulqa,654,327,0.8157843054737256,0.5465215236278278,0.1578868433879495,0.0792782738095237,0.3780487804878049,0.4664634146341463,0.5439216676486267,0.002599855979201,0.6464008828287929,0.1693834226449326,0.1318258221151197,-0.1162902730960833,-0.1519009298414237,0.1376146788990825,45,0.2507645259938837,0.5076452599388379,0.0476012724327546,0.083547947280715,0.1272994229816046,0.2507645259938837,0.4512195121951219,0.7289156626506024,cross-family,1.5
llama-8b,gemma4-31b,boolq,1308,475,0.7919251911290832,0.7409439565299805,-0.0090269804822042,0.0570612287691338,0.1330275229357798,0.2171253822629969,0.5616351803879447,0.1793087761420357,0.5740671005244203,0.2178580906046628,0.2255247132295846,0.2670675063719979,0.430658747810123,0.08,38,0.2421052631578947,0.2673684210526316,0.0805373940885778,0.0860819590204897,0.0647313019390581,0.2421052631578947,0.6695652173913044,0.7007874015748032,cross-family,3.875
llama-8b,gemma4-31b,geometry_of_truth,2012,1000,0.9684239130434782,0.7396062252964427,-0.0032551194715705,0.2751436089984276,0.0069582504970178,0.4393638170974155,0.7006156126482214,0.0389906126482213,0.8326768774703557,0.1357470355731225,0.884884151625678,0.8276892511940859,0.8419637117184366,0.019,19,0.137,0.307,-0.1453914885021231,-0.5482536436910053,0.042059,0.137,0.8613138686131387,0.9381107491856676,cross-family,3.875
llama-8b,gemma4-31b,rte,111,62,0.7778143515470705,0.6109282422646478,0.0,-0.0303225806451612,0.2142857142857142,0.4107142857142857,0.5730743910467413,0.0378538512179065,0.6863067807768268,0.0915075707702436,0.3197017661430493,-0.030339002610443,0.0674989591058993,0.2258064516129032,14,0.4516129032258064,0.3709677419354839,0.2424003946801068,0.2864450127877238,0.1675338189386056,0.3709677419354839,0.391304347826087,0.391304347826087,cross-family,3.875
llama-8b,gemma4-31b,truthfulqa,654,327,0.8157843054737256,0.6755978265952173,0.1578868433879495,0.3501795600778093,0.3780487804878049,0.5443425076452599,0.6658623946731008,0.0097354319221164,0.6586613547307092,0.1571229507430164,0.3508686624902998,0.1708136478202654,0.2871932710567441,0.0886850152905198,29,0.2507645259938837,0.2538226299694189,0.1327163543870739,0.1337964814074371,0.0636497114908023,0.2507645259938837,0.646341463414634,0.6506024096385542,cross-family,3.875
llama-8b,qwen3-8b,boolq,1308,475,0.7919251911290832,0.8601175206924876,-0.0090269804822042,-0.0331441596501836,0.1330275229357798,0.1129770992366412,0.7000796107916851,0.1600379099008024,0.683657041764074,0.1082681493650091,0.5998773030977419,0.5430269163503942,0.6640250806403813,0.1157894736842105,55,0.2421052631578947,0.2084210526315789,0.3754791215985077,0.4135802469135802,0.0504598337950138,0.2084210526315789,0.4444444444444444,0.4444444444444444,cross-family,1.0
llama-8b,qwen3-8b,geometry_of_truth,2012,1000,0.9684239130434782,0.989439723320158,-0.0032551194715705,0.2421816513318362,0.0069582504970178,0.0427435387673956,0.974001976284585,0.0154377470355731,0.9942658102766796,-0.0258418972332015,0.8891888899842526,0.8278566265564234,0.9073184802794156,0.028,28,0.137,0.029,0.4164139336593663,0.960043153394334,0.003973,0.029,0.0344827586206897,0.0344827586206897,cross-family,1.0
llama-8b,qwen3-8b,imdb,2000,1018,0.960672257811531,0.964983654704124,0.0011570155854284,-0.0316082776242029,0.019,0.101,0.9630900411733402,0.0018936135307838,0.9565609257399396,0.0041113320715913,0.6099297822415837,0.7030563045538131,0.7524854067552869,0.0707269155206286,72,0.1198428290766208,0.1021611001964636,0.5945744807984715,0.6504120879120878,0.0122432752691243,0.1021611001964636,0.3076923076923077,0.3076923076923077,cross-family,1.0
llama-8b,qwen3-8b,rte,111,62,0.7778143515470705,0.9305464121132324,0.0,0.0493197278911564,0.2142857142857142,0.25,0.924292297564187,0.0062541145490453,0.7903225806451613,-0.0125082290980907,0.69455400837532,0.2032432586797298,0.4231817609120289,0.1451612903225806,9,0.4516129032258064,0.1612903225806451,0.3951160303508412,0.8176470588235296,0.072840790842872,0.1612903225806451,0.0999999999999998,0.0999999999999998,cross-family,1.0
llama-8b,qwen3-8b,truthfulqa,654,327,0.8157843054737256,0.7823322017413423,0.1578868433879495,0.1042340012928249,0.3780487804878049,0.345565749235474,0.7870830177033359,-0.0047508159619935,0.7575494019396047,0.0582349035341208,0.4895280969765285,0.3434506577105133,0.5644396112538319,0.1681957186544342,55,0.2507645259938837,0.3425076452599388,0.4001416985450106,0.4992058990357346,0.0858887673128898,0.2507645259938837,0.3292682926829268,0.5089285714285714,cross-family,1.0
llama-8b,qwen38-27b,boolq,1308,475,0.7919251911290832,0.915890566753017,-0.0090269804822042,0.22122248661511,0.1330275229357798,0.1173780487804878,0.6770329184305302,0.2388576483224869,0.7601010930688065,0.0318240980602767,0.9344339063938496,0.6456573470000779,0.6994654379120977,0.0842105263157894,40,0.2421052631578947,0.1684210526315789,0.2709457628992754,0.3402777777777779,0.040775623268698,0.1684210526315789,0.5,0.5,cross-family,3.375
llama-8b,qwen38-27b,geometry_of_truth,2012,1000,0.9684239130434782,0.9905108695652174,-0.0032551194715705,0.3102735805860805,0.0069582504970178,0.0954274353876739,0.9780128458498024,0.0124980237154149,0.9858181818181818,-0.0173942687747036,0.9559949081208062,0.8834592182723996,0.9130994362777902,0.042,42,0.137,0.046,0.4955929281319181,0.899239256385712,0.006302,0.046,0.0869565217391303,0.0869565217391303,cross-family,3.375
llama-8b,qwen38-27b,rte,111,62,0.7778143515470705,0.935483870967742,0.0,0.4003831417624521,0.2142857142857142,0.4464285714285714,0.9430546412113232,-0.0075707702435812,0.6431863067807768,0.1346280447662936,0.9438163248660408,0.4035692649639868,0.4523862584243187,0.2419354838709677,15,0.4516129032258064,0.3225806451612903,0.4137553351812595,0.5441176470588237,0.145681581685744,0.3225806451612903,0.25,0.25,cross-family,3.375
llama-8b,qwen38-27b,truthfulqa,654,327,0.8157843054737256,0.8266887373864902,0.1578868433879495,0.323365290989439,0.3780487804878049,0.4923547400611621,0.8152512414779901,0.0114374959085,0.6660400826716794,0.1497442228020462,0.886139494424209,0.5064214172453088,0.5938352481064584,0.1651376146788991,54,0.2507645259938837,0.3302752293577982,0.4037917678535272,0.4901436685599733,0.0828213113374295,0.2507645259938837,0.3414634146341462,0.5,cross-family,3.375
olmo3-7b,gemma4-12b-base,boolq,1308,475,0.693311429835092,0.7796802931698995,0.0549822239778786,0.0152513464991023,0.2477064220183486,0.1491628614916286,0.6134302141909396,0.1662500789789599,0.5475251153092815,0.1457863145258104,0.5280121760649664,0.4554555503041938,0.4260679770336855,0.1747368421052631,83,0.4,0.2989473684210526,0.2459401205190179,0.3075117370892019,0.119578947368421,0.2989473684210526,0.4154929577464789,0.4154929577464789,cross-family,1.7142857142857142
olmo3-7b,gemma4-12b-base,geometry_of_truth,2012,1000,0.9594693675889328,0.9666847826086956,0.0057037480063795,0.0750093052109182,0.0198807157057654,0.0934393638170974,0.9390671936758892,0.0276175889328063,0.9712994071146244,-0.0118300395256917,0.9085211493611308,0.8381961678753677,0.8031377836951171,0.052,52,0.245,0.075,0.2968275975011692,0.5938189845474615,0.018375,0.075,0.3066666666666666,0.3066666666666666,cross-family,1.7142857142857142
olmo3-7b,gemma4-12b-base,imdb,2000,1018,0.9577723182311068,0.7319851631928744,0.0886700831422018,0.2445151986518892,0.128,0.4132804757185332,0.6311404895186041,0.1008446736742703,0.6423541227357663,0.3154181954953405,0.7818800427343559,0.5928344902198944,0.5936058603231459,0.0412573673870334,42,0.1277013752455795,0.2210216110019646,0.0941067409897425,0.1310117373169075,0.0282247636839444,0.1277013752455795,0.676923076923077,0.8133333333333334,cross-family,1.7142857142857142
olmo3-7b,gemma4-12b-base,rte,111,62,0.8350888742593812,0.7162606978275182,0.0321637426900583,0.0401844532279315,0.25,0.375,0.5240289664252797,0.1922317314022384,0.7011191573403555,0.1339697169190257,0.7565894699957323,0.2364521780236155,0.1763983801245268,0.3064516129032258,19,0.3709677419354839,0.5483870967741935,0.4285292691666173,0.6149068322981365,0.2034339229968782,0.3709677419354839,0.1739130434782608,0.4411764705882353,cross-family,1.7142857142857142
olmo3-7b,gemma4-12b-base,truthfulqa,654,327,0.7695760738433912,0.6888589624891284,0.2268442316325004,0.0701323813773613,0.5045871559633027,0.4390243902439024,0.666227122670183,0.0226318398189453,0.6981080904151353,0.0714679834282558,0.7014753788139229,0.3780123331609243,0.2811470299206996,0.1070336391437308,35,0.2262996941896024,0.2844036697247706,0.226060636116923,0.2635135135135134,0.0643604634851162,0.2262996941896024,0.527027027027027,0.6236559139784946,cross-family,1.7142857142857142
olmo3-7b,llama-8b,boolq,1308,475,0.693311429835092,0.7919251911290832,0.0549822239778786,-0.0090269804822042,0.2477064220183486,0.1330275229357798,0.7584204207998989,0.0335047703291843,0.5344108169583623,0.1589006128767296,0.8893621595327759,0.6471998135302348,0.4923633300367945,0.1221052631578947,58,0.4,0.2421052631578947,0.1203858530857692,0.1739130434782609,0.0968421052631579,0.2421052631578947,0.4956521739130435,0.4956521739130435,cross-family,1.1428571428571428
olmo3-7b,llama-8b,geometry_of_truth,2012,1000,0.9594693675889328,0.9684239130434782,0.0057037480063795,-0.0032551194715705,0.0198807157057654,0.0069582504970178,0.9747025691699605,-0.0062786561264822,0.9444693675889329,0.0149999999999999,0.9623223728083706,0.8961081289815551,0.825192919413034,0.123,123,0.245,0.137,0.6047631380744172,0.8646492966597378,0.033565,0.137,0.1021897810218979,0.1021897810218979,cross-family,1.1428571428571428
olmo3-7b,llama-8b,imdb,2000,1018,0.9577723182311068,0.960672257811531,0.0886700831422018,0.0011570155854284,0.128,0.019,0.9490304858774242,0.0116417719341067,0.9356831613442754,0.0220891568868314,0.8663807301474715,0.7201762240966998,0.6352907794930093,0.0795677799607072,81,0.1277013752455795,0.1198428290766208,0.5928558476330501,0.6147356372766207,0.0153040940864054,0.1198428290766208,0.3360655737704917,0.3360655737704917,cross-family,1.1428571428571428
olmo3-7b,llama-8b,rte,111,62,0.8350888742593812,0.7778143515470705,0.0321637426900583,0.0,0.25,0.2142857142857142,0.6514154048716261,0.1263989466754443,0.8406846609611586,-0.0055957867017774,0.8179044328644003,0.4027890912543567,0.1399427494492142,0.2741935483870967,17,0.3709677419354839,0.4516129032258064,0.4436792938341241,0.5242966751918159,0.1675338189386056,0.3709677419354839,0.2608695652173913,0.3928571428571429,cross-family,1.1428571428571428
olmo3-7b,llama-8b,truthfulqa,654,327,0.7695760738433912,0.8157843054737256,0.2268442316325004,0.1578868433879495,0.5045871559633027,0.3780487804878049,0.7594759139241927,0.0563083915495329,0.7590924819272602,0.010483591916131,0.7990418836625793,0.5418240153729301,0.3026374089336189,0.091743119266055,30,0.2262996941896024,0.2507645259938837,0.1929468506885099,0.2063982349696635,0.0567479355460165,0.2262996941896024,0.5945945945945945,0.6341463414634145,cross-family,1.1428571428571428
olmo3-7b,qwen3-8b,boolq,1308,475,0.693311429835092,0.8601175206924876,0.0549822239778786,-0.0331441596501836,0.2477064220183486,0.1129770992366412,0.8235850129525494,0.0365325077399382,0.549749162823024,0.1435622670120679,0.5775004510406001,0.4847461203817557,0.4456814705276702,0.1263157894736842,60,0.4,0.2084210526315789,0.2158306043505858,0.3434343434343435,0.0833684210526315,0.2084210526315789,0.3939393939393939,0.3939393939393939,cross-family,1.1428571428571428
olmo3-7b,qwen3-8b,geometry_of_truth,2012,1000,0.9594693675889328,0.989439723320158,0.0057037480063795,0.2421816513318362,0.0198807157057654,0.0427435387673956,0.9779584980237156,0.0114812252964425,0.9873379446640316,-0.0278685770750988,0.8653402026881076,0.8110801633295133,0.8234531516730262,0.029,29,0.245,0.029,0.3033750197603602,1.0000000000000004,0.007105,0.029,0.0,0.0,cross-family,1.1428571428571428
olmo3-7b,qwen3-8b,imdb,2000,1018,0.9577723182311068,0.964983654704124,0.0886700831422018,-0.0316082776242029,0.128,0.101,0.9625468651843196,0.0024367895198044,0.9581454391222756,-0.0003731208911688,0.6240341554862884,0.6348660141215922,0.5896537957908036,0.0795677799607072,81,0.1277013752455795,0.1021611001964636,0.6580982760530345,0.7464700277200274,0.0130461129916898,0.1021611001964636,0.2211538461538461,0.2211538461538461,cross-family,1.1428571428571428
olmo3-7b,qwen3-8b,rte,111,62,0.8350888742593812,0.9305464121132324,0.0321637426900583,0.0493197278911564,0.25,0.25,0.869321922317314,0.0612244897959183,0.8551678736010533,-0.0200789993416721,0.5671341684327251,0.2202387002063637,0.1867005796998185,0.1290322580645161,8,0.3709677419354839,0.1612903225806451,0.3894787282860583,0.6820512820512821,0.0598335067637877,0.1612903225806451,0.1999999999999999,0.1999999999999999,cross-family,1.1428571428571428
olmo3-7b,qwen3-8b,truthfulqa,654,327,0.7695760738433912,0.7823322017413423,0.2268442316325004,0.1042340012928249,0.5045871559633027,0.345565749235474,0.7707450738340393,0.0115871279073029,0.7415855380673158,0.0279905357760754,0.474250613578715,0.3167967674586213,0.2994264068922089,0.128440366972477,42,0.2262996941896024,0.3425076452599388,0.2564916759220508,0.3423004399748585,0.0775093753799249,0.2262996941896024,0.4324324324324323,0.625,cross-family,1.1428571428571428
olmo3-7b,qwen38-27b,boolq,1308,475,0.693311429835092,0.915890566753017,0.0549822239778786,0.22122248661511,0.2477064220183486,0.1173780487804878,0.8229102167182663,0.0929803500347508,0.5711783660832754,0.1221330637518165,0.8548232461156507,0.5835429908562979,0.4775593906229722,0.0884210526315789,42,0.4,0.1684210526315789,0.1148288030436563,0.2083333333333333,0.0673684210526315,0.1684210526315789,0.475,0.475,cross-family,3.857142857142857
olmo3-7b,qwen38-27b,geometry_of_truth,2012,1000,0.9594693675889328,0.9905108695652174,0.0057037480063795,0.3102735805860805,0.0198807157057654,0.0954274353876739,0.9835088932806324,0.0070019762845849,0.9752450592885376,-0.0157756916996049,0.9604455996733654,0.8656211455024846,0.8275386905531716,0.045,45,0.245,0.046,0.3743748967857823,0.9712064497552548,0.0112699999999999,0.046,0.0217391304347825,0.0217391304347825,cross-family,3.857142857142857
olmo3-7b,qwen38-27b,rte,111,62,0.8350888742593812,0.935483870967742,0.0321637426900583,0.4003831417624521,0.25,0.4464285714285714,0.9121132323897302,0.0233706385780118,0.7906517445687953,0.0444371296905858,0.7884280101136392,0.3756904053388931,0.1689501791150347,0.2741935483870967,17,0.3709677419354839,0.3225806451612903,0.6843063663724107,0.7615384615384617,0.1196670135275754,0.3225806451612903,0.15,0.15,cross-family,3.857142857142857
olmo3-7b,qwen38-27b,truthfulqa,654,327,0.7695760738433912,0.8266887373864902,0.2268442316325004,0.323365290989439,0.5045871559633027,0.4923547400611621,0.7442976180456191,0.082391119340871,0.6800026185599792,0.0895734552834119,0.7720825178814413,0.4651832238932214,0.3201446896985473,0.1223241590214067,40,0.2262996941896024,0.3302752293577982,0.2417892827874553,0.3139577934098482,0.0747411834020705,0.2262996941896024,0.4594594594594594,0.6296296296296297,cross-family,3.857142857142857
qwen3-1.7b,gemma4-12b-base,boolq,1308,475,0.723548366715107,0.7796802931698995,0.1377278610721606,0.0152513464991023,0.2232415902140672,0.1491628614916286,0.4937360207240791,0.2859442724458204,0.6248132937385481,0.0987350729765589,0.634512655723927,0.4245215945705728,0.5823892187110737,0.1536842105263157,73,0.4252631578947368,0.2989473684210526,0.117321071942823,0.1545426404581334,0.1271313019390581,0.2989473684210526,0.4859154929577465,0.4859154929577465,cross-family,7.0588235294117645
qwen3-1.7b,gemma4-12b-base,geometry_of_truth,2012,1000,0.9550187747035572,0.9666847826086956,0.2676211805260021,0.0750093052109182,0.246520874751491,0.0934393638170974,0.9226946640316206,0.043990118577075,0.96923023715415,-0.0142114624505929,0.8838039656096092,0.8188445090900809,0.8256497061183524,0.039,39,0.14,0.075,0.3118387769742854,0.4418604651162789,0.0105,0.075,0.48,0.48,cross-family,7.0588235294117645
qwen3-1.7b,gemma4-12b-base,imdb,2000,1018,0.9209063736650672,0.7319851631928744,0.0728246931672466,0.2445151986518892,0.2057942057942058,0.4132804757185332,0.54941100916697,0.1825741540259043,0.523139497197092,0.3977668764679753,0.7899285924056509,0.5185137259095846,0.6246827667745907,0.0648330058939096,66,0.1090373280943025,0.2210216110019646,0.3149584265172037,0.4795678402235778,0.0240996059147525,0.1090373280943025,0.4054054054054054,0.7066666666666667,cross-family,7.0588235294117645
qwen3-1.7b,gemma4-12b-base,rte,111,62,0.6132323897300855,0.7162606978275182,-0.1052631578947368,0.0401844532279315,0.3392857142857143,0.375,0.4470046082949309,0.2692560895325873,0.5819618169848586,0.0312705727452269,0.7968058068627611,0.2021356579061299,0.2915597203545976,0.3387096774193548,21,0.4354838709677419,0.5483870967741935,0.4048525191040435,0.5079365079365078,0.2388137356919875,0.4354838709677419,0.2222222222222223,0.3823529411764705,cross-family,7.0588235294117645
qwen3-1.7b,gemma4-12b-base,truthfulqa,654,327,0.7136230582910155,0.6888589624891284,0.2088194921070692,0.0701323813773613,0.4311926605504587,0.4390243902439024,0.5746242834030058,0.1142346790861226,0.6928896744568827,0.0207333838341328,0.7399635201269014,0.3146878262352167,0.3923067811190572,0.1406727828746177,46,0.3944954128440367,0.2844036697247706,0.1291547680219726,0.1653633105246008,0.1121959431024324,0.2844036697247706,0.5053763440860215,0.5053763440860215,cross-family,7.0588235294117645
qwen3-1.7b,llama-8b,boolq,1308,475,0.723548366715107,0.7919251911290832,0.1377278610721606,-0.0090269804822042,0.2232415902140672,0.1330275229357798,0.5142907689391546,0.2776344221899286,0.5468402097681178,0.1767081569469892,0.7849564337638992,0.6238904118366626,0.6378054041723074,0.1242105263157894,59,0.4252631578947368,0.2421052631578947,0.1003532478660125,0.1527313266443701,0.1029584487534626,0.2421052631578947,0.4869565217391304,0.4869565217391304,cross-family,4.705882352941177
qwen3-1.7b,llama-8b,geometry_of_truth,2012,1000,0.9550187747035572,0.9684239130434782,0.2676211805260021,-0.0032551194715705,0.246520874751491,0.0069582504970178,0.9577638339920947,0.0106600790513834,0.9474179841897232,0.0076007905138338,0.9142612888668602,0.8819673903494525,0.8578164023861197,0.103,103,0.14,0.137,0.7025362393052296,0.7114242064165672,0.01918,0.137,0.2481751824817519,0.2481751824817519,cross-family,4.705882352941177
qwen3-1.7b,llama-8b,imdb,2000,1018,0.9209063736650672,0.960672257811531,0.0728246931672466,0.0011570155854284,0.2057942057942058,0.019,0.84083142938312,0.1198408284284109,0.7883174148424089,0.1325889588226584,0.7017755209898096,0.675353527671361,0.675620115689846,0.0530451866404715,54,0.1090373280943025,0.1198428290766208,0.394926139767277,0.4165661196911194,0.0130673418737769,0.1090373280943025,0.5135135135135136,0.5573770491803278,cross-family,4.705882352941177
qwen3-1.7b,llama-8b,rte,111,62,0.6132323897300855,0.7778143515470705,-0.1052631578947368,0.0,0.3392857142857143,0.2142857142857142,0.4473337722185648,0.3304805793285056,0.8238973008558261,-0.2106649111257406,0.7830728666169822,0.3912159143688718,0.2791961764567215,0.2419354838709677,15,0.4354838709677419,0.4516129032258064,0.1834487977190197,0.1895424836601307,0.1966701352757544,0.4354838709677419,0.4444444444444444,0.4642857142857143,cross-family,4.705882352941177
qwen3-1.7b,llama-8b,truthfulqa,654,327,0.7136230582910155,0.8157843054737256,0.2088194921070692,0.1578868433879495,0.4311926605504587,0.3780487804878049,0.6132293390941652,0.2025549663795603,0.7153625302770996,-0.0017394719860841,0.6927264186628145,0.4966993587365922,0.413783235079195,0.1131498470948012,37,0.3944954128440367,0.2507645259938837,0.0671447089119951,0.093680709534368,0.0989254552085963,0.2507645259938837,0.5487804878048781,0.5487804878048781,cross-family,4.705882352941177
qwen3-1.7b,qwen3-32b,boolq,1308,475,0.723548366715107,0.8856687938333226,0.1377278610721606,0.007434434613884,0.2232415902140672,0.0596330275229357,0.5952612623996967,0.2904075314336259,0.5929639224110697,0.1305844443040373,0.6371198599620823,0.517798569526098,0.6189728311562156,0.08,38,0.4252631578947368,0.1810526315789473,0.0157851480432135,0.0288780986455405,0.0769950138504155,0.1810526315789473,0.558139534883721,0.558139534883721,same-family,18.823529411764707
qwen3-1.7b,qwen3-32b,geometry_of_truth,2012,1000,0.9550187747035572,0.9955760869565216,0.2676211805260021,0.0771812890917433,0.246520874751491,0.0208747514910536,0.970594861660079,0.0249812252964426,0.9836353754940712,-0.0286166007905138,0.8356244298543037,0.7704508916305141,0.8530892333400566,0.04,40,0.14,0.042,0.4902170129010226,0.9446290143964566,0.00588,0.042,0.0476190476190476,0.0476190476190476,same-family,18.823529411764707
qwen3-1.7b,qwen3-32b,imdb,2000,1018,0.9209063736650672,0.969971270691704,0.0728246931672466,-0.0036551600064942,0.2057942057942058,0.0169660678642714,0.896195367299005,0.0737759033926991,0.7939322340438302,0.1269741396212371,0.4990880770698953,0.6200558293186487,0.6410360494213527,0.0530451866404715,54,0.1090373280943025,0.093320235756385,0.4728454362917113,0.5156037834387511,0.0101753891640066,0.093320235756385,0.431578947368421,0.431578947368421,same-family,18.823529411764707
qwen3-1.7b,qwen3-32b,rte,111,62,0.6132323897300855,0.9486504279131008,-0.1052631578947368,0.1222972972972972,0.3392857142857143,0.1578947368421052,0.6115865701119158,0.337063857801185,0.630348913759052,-0.0171165240289664,0.6241110451987061,0.2861458381418635,0.2865979764469148,0.1935483870967742,12,0.4354838709677419,0.2903225806451613,0.2982230523232383,0.4095238095238096,0.1264308012486993,0.2903225806451613,0.3333333333333333,0.3333333333333333,same-family,18.823529411764707
qwen3-1.7b,qwen3-32b,truthfulqa,654,327,0.7136230582910155,0.8104630175162958,0.2088194921070692,0.0489883851629822,0.4311926605504587,0.2293577981651376,0.6873252345013982,0.1231377830148976,0.6676860346585117,0.0459370236325037,0.3545054714740301,0.3253700462208013,0.4031967088685603,0.1743119266055046,57,0.3944954128440367,0.3700305810397553,0.1200850333114108,0.1264713248184322,0.145975366832197,0.3700305810397553,0.5289256198347108,0.5289256198347108,same-family,18.823529411764707
qwen3-1.7b,qwen3-8b-base,boolq,1308,475,0.723548366715107,0.7904795602451506,0.1377278610721606,0.0665434380776339,0.2232415902140672,0.172782874617737,0.5406583686106021,0.2498211916345485,0.5516623491501863,0.1718860175649207,0.1977752525999396,0.430276401715717,0.6207525169378791,0.1873684210526315,89,0.4252631578947368,0.3052631578947368,0.2527807363811573,0.328028293545535,0.1298171745152354,0.3052631578947368,0.3862068965517241,0.3862068965517241,same-family,4.705882352941177
qwen3-1.7b,qwen3-8b-base,geometry_of_truth,2012,1000,0.9550187747035572,0.9775938735177866,0.2676211805260021,0.1920046774816913,0.246520874751491,0.1123260437375745,0.966153162055336,0.0114407114624506,0.9435434782608696,0.0114752964426875,0.7949189588538178,0.8128190934067365,0.8646574764256512,0.099,99,0.14,0.129,0.6958986979901839,0.729583558680368,0.01806,0.129,0.2325581395348837,0.2325581395348837,same-family,4.705882352941177
qwen3-1.7b,qwen3-8b-base,imdb,2000,1018,0.9209063736650672,0.9662860766888473,0.0728246931672466,-0.0159697288410158,0.2057942057942058,0.091,0.8445296275993422,0.121756449089505,0.828933574478131,0.0919727991869363,0.7558986849260422,0.6230884319006194,0.6715253304271955,0.0569744597249508,58,0.1090373280943025,0.1493123772102161,0.3663349252475876,0.4387158521107712,0.0162806226624106,0.1090373280943025,0.4774774774774775,0.618421052631579,same-family,4.705882352941177
qwen3-1.7b,qwen3-8b-base,rte,111,62,0.6132323897300855,0.9213298222514812,-0.1052631578947368,-0.0717391304347826,0.3392857142857143,0.1785714285714285,0.576366030283081,0.3449637919684002,0.7350230414746545,-0.1217906517445689,0.5865063876784669,0.2148003970815843,0.3097657012054842,0.2419354838709677,15,0.4354838709677419,0.3387096774193548,0.4024288847053284,0.4938775510204082,0.1475026014568158,0.3387096774193548,0.2857142857142857,0.2857142857142857,same-family,4.705882352941177
qwen3-1.7b,qwen3-8b-base,truthfulqa,654,327,0.7136230582910155,0.7508346659933227,0.2088194921070692,0.2072648756066801,0.4311926605504587,0.4115853658536585,0.6947787784417698,0.0560558875515528,0.6889244264886046,0.0246986318024108,0.5359598202962942,0.2940182864468305,0.4226508148146324,0.110091743119266,36,0.3944954128440367,0.2813455657492354,-0.0040852245954433,-0.0080889787664307,0.1109895351120837,0.2813455657492354,0.6086956521739131,0.6086956521739131,same-family,4.705882352941177
qwen3-8b,gemma4-12b,boolq,1308,475,0.8601175206924876,0.5145409742844506,-0.0331441596501836,0.0205803937653815,0.1129770992366412,0.3516819571865443,0.5038933468124092,0.0106476274720413,0.4229835091931509,0.4371340114993366,0.1636202498794873,-0.0665126980026591,0.045134879572762,0.0968421052631579,46,0.2084210526315789,0.5957894736842105,-0.1371256175822896,-0.2201163579255453,0.1241750692520775,0.2084210526315789,0.5353535353535354,0.8374558303886925,cross-family,1.5
qwen3-8b,gemma4-12b,geometry_of_truth,2012,1000,0.989439723320158,0.5481284584980237,0.2421816513318362,0.0430336120520169,0.0427435387673956,0.4846077457795432,0.6104367588932806,-0.0623083003952569,0.7536857707509881,0.2357539525691699,0.4664790912693086,0.5948424615639921,0.5740812165674578,0.008,8,0.029,0.459,-0.063513012477588,-0.3989933138006157,0.013311,0.029,0.7241379310344828,0.982570806100218,cross-family,1.5
qwen3-8b,gemma4-12b,imdb,2000,1018,0.964983654704124,0.516761430703548,-0.0316082776242029,-0.0111792828685258,0.101,0.4920159680638722,0.5158021198868433,0.0009593108167046,0.5736228538046327,0.3913608008994913,0.0880461211722503,-0.1891310100354466,0.0492087504931777,0.0412573673870334,42,0.1021611001964636,0.5216110019646365,-0.0795234631762625,-0.2257714037375053,0.053288353835287,0.1021611001964636,0.5961538461538461,0.9209039548022598,cross-family,1.5
qwen3-8b,gemma4-12b,rte,111,62,0.9305464121132324,0.4512837393021724,0.0493197278911564,0.0153846153846154,0.25,0.5535714285714286,0.4335088874259381,0.0177748518762343,0.9032258064516128,0.0273206056616194,0.2000696363439396,0.0078218843846746,-0.2695396446609126,0.1612903225806451,10,0.1612903225806451,0.5967741935483871,0.3604686254552953,1.0000000000000002,0.0962539021852237,0.1612903225806451,0.0,0.7297297297297298,cross-family,1.5
qwen3-8b,gemma4-12b,truthfulqa,654,327,0.7823322017413423,0.5465215236278278,0.1042340012928249,0.0792782738095237,0.345565749235474,0.4664634146341463,0.543687867650497,0.0028336559773307,0.6592879387256966,0.1230442630156457,0.0597747127743653,-0.0894447460286171,-0.2369024738734202,0.2110091743119266,69,0.3425076452599388,0.5076452599388379,0.1565325512768665,0.2202196095829636,0.1738723826090209,0.3425076452599388,0.3839285714285714,0.5843373493975903,cross-family,1.5
qwen3-8b,gemma4-31b,boolq,1308,475,0.8601175206924876,0.7409439565299805,-0.0331441596501836,0.0570612287691338,0.1129770992366412,0.2171253822629969,0.5165299804132178,0.2244139761167626,0.6686674669867947,0.1914500537056929,0.1850555296531048,0.2241871418501078,0.2501985093845396,0.0863157894736842,41,0.2084210526315789,0.2673684210526316,0.1701656718454111,0.2003367003367003,0.0557252077562326,0.2084210526315789,0.5858585858585859,0.6771653543307087,cross-family,3.875
qwen3-8b,gemma4-31b,geometry_of_truth,2012,1000,0.989439723320158,0.7396062252964427,0.2421816513318362,0.2751436089984276,0.0427435387673956,0.4393638170974155,0.8077282608695653,-0.0681220355731225,0.802197628458498,0.1872420948616601,0.7447361475696505,0.8297326752593692,0.739217429307614,0.006,6,0.029,0.307,-0.0375061612874581,-0.326069864090756,0.008903,0.029,0.7931034482758621,0.980456026058632,cross-family,3.875
qwen3-8b,gemma4-31b,rte,111,62,0.9305464121132324,0.6109282422646478,0.0493197278911564,-0.0303225806451612,0.25,0.4107142857142857,0.6214614878209348,-0.0105332455562869,0.8617511520737327,0.0687952600394996,0.2386441676252506,0.0522859058262957,-0.0830795932729953,0.064516129032258,4,0.1612903225806451,0.3709677419354839,0.0263557034178535,0.0461538461538461,0.0598335067637877,0.1612903225806451,0.6,0.8260869565217391,cross-family,3.875
qwen3-8b,gemma4-31b,truthfulqa,654,327,0.7823322017413423,0.6755978265952173,0.1042340012928249,0.3501795600778093,0.345565749235474,0.5443425076452599,0.6584275547325796,0.0171702718626376,0.6841455545268356,0.0981866472145067,0.2340730017231589,0.192168859864072,0.0912127747427741,0.1009174311926605,33,0.3425076452599388,0.2538226299694189,0.0676984915682196,0.0837769683384701,0.0869361913045104,0.2538226299694189,0.6024096385542168,0.6024096385542168,cross-family,3.875
qwen3-8b,qwen3-32b,boolq,1308,475,0.8601175206924876,0.8856687938333226,-0.0331441596501836,0.007434434613884,0.1129770992366412,0.0596330275229357,0.7833828268149364,0.1022859670183862,0.6907790484614899,0.1693384722309977,0.5804108288804641,0.5690551690132852,0.5427612178428611,0.1052631578947368,50,0.2084210526315789,0.1810526315789473,0.4317530537162151,0.4711776348342404,0.0377351800554016,0.1810526315789473,0.4186046511627908,0.4186046511627908,same-family,4.0
qwen3-8b,qwen3-32b,geometry_of_truth,2012,1000,0.989439723320158,0.9955760869565216,0.2421816513318362,0.0771812890917433,0.0427435387673956,0.0208747514910536,0.9931482213438736,0.002427865612648,0.9922994071146244,-0.0028596837944664,0.7936864062452912,0.8145158952302185,0.8315351770698379,0.026,26,0.029,0.042,0.7362415765580178,0.8920164135051478,0.001218,0.029,0.103448275862069,0.380952380952381,same-family,4.0
qwen3-8b,qwen3-32b,imdb,2000,1018,0.964983654704124,0.969971270691704,-0.0316082776242029,-0.0036551600064942,0.101,0.0169660678642714,0.9705124460325144,-0.0005411753408104,0.9625408632396896,0.0024427914644343,0.3812452012350225,0.7010973664845173,0.6813320767437605,0.0776031434184675,79,0.1021611001964636,0.093320235756385,0.7726723083105249,0.8124150639180004,0.0095336979554656,0.093320235756385,0.168421052631579,0.168421052631579,same-family,4.0
qwen3-8b,qwen3-32b,rte,111,62,0.9305464121132324,0.9486504279131008,0.0493197278911564,0.1222972972972972,0.25,0.1578947368421052,0.95687952600395,-0.0082290980908492,0.8706385780118499,0.0599078341013824,0.5247642508859857,0.3390578984341609,0.2289310050583216,0.1290322580645161,8,0.1612903225806451,0.2903225806451613,0.4924054147377874,0.7181818181818183,0.0468262226847034,0.1612903225806451,0.1999999999999999,0.5555555555555556,same-family,4.0
qwen3-8b,qwen3-32b,truthfulqa,654,327,0.7823322017413423,0.8104630175162958,0.1042340012928249,0.0489883851629822,0.345565749235474,0.2293577981651376,0.8276706973786345,-0.0172076798623387,0.7390698500874412,0.0432623516539011,0.264664267628563,0.4171249806878137,0.3552898945407515,0.2691131498470948,88,0.3425076452599388,0.3700305810397553,0.621404277791131,0.6598474341192788,0.1267383029860935,0.3425076452599388,0.2142857142857143,0.2727272727272727,same-family,4.0
qwen3-8b,qwen38-27b,boolq,1308,475,0.8601175206924876,0.915890566753017,-0.0331441596501836,0.22122248661511,0.1129770992366412,0.1173780487804878,0.649234851835471,0.266655714917546,0.7750375939849624,0.0850799267075251,0.6636535438356944,0.6110980209963883,0.5457940101331371,0.0863157894736842,41,0.2084210526315789,0.1684210526315789,0.3369107657199938,0.3841422872340426,0.0351024930747922,0.1684210526315789,0.4875,0.4875,same-family,3.375
qwen3-8b,qwen38-27b,geometry_of_truth,2012,1000,0.989439723320158,0.9905108695652174,0.2421816513318362,0.3102735805860805,0.0427435387673956,0.0954274353876739,0.9915355731225296,-0.0010247035573122,0.9873171936758892,0.0021225296442687,0.8951538917014901,0.8820970858118132,0.8344122772356575,0.025,25,0.029,0.046,0.6732295080141011,0.8554182028482611,0.001334,0.029,0.1379310344827585,0.4565217391304347,same-family,3.375
qwen3-8b,qwen38-27b,rte,111,62,0.9305464121132324,0.935483870967742,0.0493197278911564,0.4003831417624521,0.25,0.4464285714285714,0.9644502962475312,-0.0289664252797892,0.8736010533245556,0.0569453587886766,0.7030143139132141,0.3999553863722751,0.2321107424338236,0.0967741935483871,6,0.1612903225806451,0.3225806451612903,0.260247839047585,0.4095238095238095,0.0520291363163371,0.1612903225806451,0.4,0.7,same-family,3.375
qwen3-8b,qwen38-27b,truthfulqa,654,327,0.7823322017413423,0.8266887373864902,0.1042340012928249,0.323365290989439,0.345565749235474,0.4923547400611621,0.7880182176958542,0.0386705196906359,0.7261640901906873,0.056168111550655,0.5189564870130736,0.4907865368708994,0.3582149415208761,0.2079510703363914,68,0.3425076452599388,0.3302752293577982,0.4248892845075787,0.4366925064599483,0.1131217910950256,0.3302752293577982,0.3703703703703704,0.3703703703703704,same-family,3.375
qwen3-8b-base,gemma4-12b-base,boolq,1308,475,0.7904795602451506,0.7796802931698995,0.0665434380776339,0.0152513464991023,0.172782874617737,0.1491628614916286,0.596158463385354,0.1835218297845454,0.6616970998925886,0.128782460352562,0.308530829173178,0.4794671987093933,0.4497828924553088,0.16,76,0.3052631578947368,0.2989473684210526,0.3260652657190819,0.3309859154929577,0.0912576177285318,0.2989473684210526,0.4647887323943661,0.4647887323943661,cross-family,1.5
qwen3-8b-base,gemma4-12b-base,geometry_of_truth,2012,1000,0.9775938735177866,0.9666847826086956,0.1920046774816913,0.0750093052109182,0.1123260437375745,0.0934393638170974,0.9401660079051384,0.0265187747035572,0.9878003952569168,-0.0102065217391302,0.8391700261209084,0.8537913983916198,0.8182222620832057,0.051,51,0.129,0.075,0.4680663622478452,0.6326061997703786,0.009675,0.075,0.32,0.32,cross-family,1.5
qwen3-8b-base,gemma4-12b-base,imdb,2000,1018,0.9662860766888473,0.7319851631928744,-0.0159697288410158,0.2445151986518892,0.091,0.4132804757185332,0.5745291474437717,0.1574560157491027,0.6755818885318843,0.290704188156963,0.7104065440680857,0.6584856536456407,0.701015785696788,0.0442043222003929,45,0.1493123772102161,0.2210216110019646,0.0757571498239452,0.096319771686467,0.0330012621535349,0.1493123772102161,0.7039473684210527,0.8,cross-family,1.5
qwen3-8b-base,gemma4-12b-base,rte,111,62,0.9213298222514812,0.7162606978275182,-0.0717391304347826,0.0401844532279315,0.1785714285714285,0.375,0.6306780776826859,0.0855826201448323,0.7804476629361422,0.1408821593153389,0.6038975471001138,0.2567208615845268,0.2456169169064446,0.3064516129032258,19,0.3387096774193548,0.5483870967741935,0.5125047921978739,0.7891156462585035,0.1857440166493236,0.3387096774193548,0.0952380952380951,0.4411764705882353,cross-family,1.5
qwen3-8b-base,gemma4-12b-base,truthfulqa,654,327,0.7508346659933227,0.6888589624891284,0.2072648756066801,0.0701323813773613,0.4115853658536585,0.4390243902439024,0.6377502828979977,0.0511086795911306,0.7473370180213039,0.0034976479720187,0.4960670562913156,0.4115796049331788,0.3546446964395451,0.0672782874617737,22,0.2813455657492354,0.2844036697247706,-0.0627913556955357,-0.1591865357643758,0.0800157113598743,0.2813455657492354,0.7608695652173914,0.7634408602150538,cross-family,1.5
qwen3-8b-base,llama-8b,boolq,1308,475,0.7904795602451506,0.7919251911290832,0.0665434380776339,-0.0090269804822042,0.172782874617737,0.1330275229357798,0.7310696910343084,0.0608555000947748,0.623061856321476,0.1674177039236746,0.1426937981618481,0.6617835017060261,0.5038119805613444,0.1242105263157894,59,0.3052631578947368,0.2421052631578947,0.2550085371313356,0.2990777338603426,0.0739058171745152,0.2421052631578947,0.4869565217391304,0.4869565217391304,cross-family,1.0
qwen3-8b-base,llama-8b,geometry_of_truth,2012,1000,0.9775938735177866,0.9684239130434782,0.1920046774816913,-0.0032551194715705,0.1123260437375745,0.0069582504970178,0.9653250988142292,0.0030988142292488,0.9732934782608696,0.004300395256917,0.8072470723604442,0.9091265475723748,0.8450255871016202,0.102,102,0.129,0.137,0.7316393178329434,0.7574712333935161,0.017673,0.129,0.2093023255813954,0.2554744525547446,cross-family,1.0
qwen3-8b-base,llama-8b,imdb,2000,1018,0.9662860766888473,0.960672257811531,-0.0159697288410158,0.0011570155854284,0.091,0.019,0.9281117081934548,0.0325605496180761,0.9595368899523444,0.0067491867365027,0.5538089334653801,0.7697590315637114,0.7263638685276282,0.0834970530451866,85,0.1493123772102161,0.1198428290766208,0.566767357916673,0.6434899481316015,0.0178940177010278,0.1198428290766208,0.3032786885245901,0.3032786885245901,cross-family,1.0
qwen3-8b-base,llama-8b,rte,111,62,0.9213298222514812,0.7778143515470705,-0.0717391304347826,0.0,0.1785714285714285,0.2142857142857142,0.7448979591836735,0.0329163923633969,0.9275839368005268,-0.0062541145490455,0.5036822230595288,0.4196205007578855,0.2151901419996452,0.2741935483870967,17,0.3387096774193548,0.4516129032258064,0.5147138645780373,0.6526610644257705,0.1529656607700312,0.3387096774193548,0.1904761904761904,0.3928571428571429,cross-family,1.0
qwen3-8b-base,llama-8b,truthfulqa,654,327,0.7508346659933227,0.8157843054737256,0.2072648756066801,0.1578868433879495,0.4115853658536585,0.3780487804878049,0.7761037697911698,0.0396805356825558,0.7766461857868304,-0.0258115197935077,0.4115134461180834,0.5668391429842541,0.3677449187035411,0.1223241590214067,40,0.2813455657492354,0.2507645259938837,0.2656307009314552,0.2872859366891542,0.070551487435588,0.2507645259938837,0.5121951219512195,0.5121951219512195,cross-family,1.0
qwen3-8b-base,qwen3-8b,boolq,1308,475,0.7904795602451506,0.8601175206924876,0.0665434380776339,-0.0331441596501836,0.172782874617737,0.1129770992366412,0.8443798572060404,0.0157376634864472,0.6576457951601693,0.1328337650849813,0.45962361577696,0.7396914666159344,0.7184744262630601,0.1368421052631579,65,0.3052631578947368,0.2084210526315789,0.3914331044041587,0.5056626874808694,0.0636232686980609,0.2084210526315789,0.3434343434343434,0.3434343434343434,same-family,1.0
qwen3-8b-base,qwen3-8b,geometry_of_truth,2012,1000,0.9775938735177866,0.989439723320158,0.1920046774816913,0.2421816513318362,0.1123260437375745,0.0427435387673956,0.975471343873518,0.0139683794466402,0.9917648221343872,-0.0141709486166007,0.8802127189379766,0.8906972852952512,0.9023709875008974,0.029,29,0.129,0.029,0.4490592082949276,1.0000000000000002,0.003741,0.029,0.0,0.0,same-family,1.0
qwen3-8b-base,qwen3-8b,imdb,2000,1018,0.9662860766888473,0.964983654704124,-0.0159697288410158,-0.0316082776242029,0.091,0.101,0.9624378298568737,0.0025458248472505,0.9671403534745256,-0.0008542767856783,0.8513674997347135,0.8402414151932316,0.8465267587619727,0.0844793713163064,86,0.1493123772102161,0.1021611001964636,0.641343747073492,0.7965446793391362,0.015253916728745,0.1021611001964636,0.1730769230769231,0.1730769230769231,same-family,1.0
qwen3-8b-base,qwen3-8b,rte,111,62,0.9213298222514812,0.9305464121132324,-0.0717391304347826,0.0493197278911564,0.1785714285714285,0.25,0.9154048716260698,0.0151415404871625,0.9391046741277156,-0.0177748518762342,0.7175905473835178,0.2966839491408943,0.3170338889197487,0.1129032258064516,7,0.3387096774193548,0.1612903225806451,0.3347686421655422,0.5463414634146342,0.054630593132154,0.1612903225806451,0.3,0.3,same-family,1.0
qwen3-8b-base,qwen3-8b,truthfulqa,654,327,0.7508346659933227,0.7823322017413423,0.2072648756066801,0.1042340012928249,0.4115853658536585,0.345565749235474,0.7721759298225925,0.0101562719187497,0.7560156739518747,-0.005181007958552,0.6482278662210698,0.4982880242805179,0.5198347494012434,0.1590214067278287,52,0.2813455657492354,0.3425076452599388,0.2936423672796173,0.3387259858442871,0.0963630072290959,0.2813455657492354,0.4347826086956522,0.5357142857142857,same-family,1.0
qwen38-27b,gemma4-31b,boolq,1308,475,0.915890566753017,0.7409439565299805,0.22122248661511,0.0570612287691338,0.1173780487804878,0.2171253822629969,0.4980274214949137,0.2429165350350667,0.4417463827636317,0.4741441839893853,0.2439484427731387,0.2604048237062448,0.3763982850369827,0.0863157894736842,41,0.1684210526315789,0.2673684210526316,0.249257270796302,0.3345905172413793,0.0450304709141274,0.1684210526315789,0.4875,0.6771653543307087,cross-family,1.1481481481481481
qwen38-27b,gemma4-31b,geometry_of_truth,2012,1000,0.9905108695652174,0.7396062252964427,0.3102735805860805,0.2751436089984276,0.0954274353876739,0.4393638170974155,0.671899209486166,0.0677070158102767,0.8410652173913045,0.1494456521739129,0.8002365416748888,0.8316410133096065,0.8012755750714733,0.01,10,0.046,0.307,-0.0426598259489242,-0.2918850021243449,0.014122,0.046,0.7826086956521738,0.96742671009772,cross-family,1.1481481481481481
qwen38-27b,gemma4-31b,rte,111,62,0.935483870967742,0.6109282422646478,0.4003831417624521,-0.0303225806451612,0.4464285714285714,0.4107142857142857,0.4901250822909809,0.1208031599736668,0.9035549703752468,0.031928900592495,0.3232580931893762,0.0208455247434509,0.0626292079495595,0.2096774193548387,13,0.3225806451612903,0.3709677419354839,0.3986026982573299,0.4435897435897435,0.1196670135275754,0.3225806451612903,0.35,0.4347826086956521,cross-family,1.1481481481481481
qwen38-27b,gemma4-31b,truthfulqa,654,327,0.8266887373864902,0.6755978265952173,0.323365290989439,0.3501795600778093,0.4923547400611621,0.5443425076452599,0.579571491363428,0.0960263352317892,0.642388874860889,0.1842998625256011,0.3592716606462589,0.2065805788957535,0.2389204221264514,0.0825688073394495,27,0.3302752293577982,0.2538226299694189,-0.0061683054848225,-0.0150602409638554,0.0838313273293493,0.2538226299694189,0.6746987951807228,0.6746987951807228,cross-family,1.1481481481481481
