overseer,target,dataset,n,n_false,auroc_a,auroc_b,gate_a_edge_a,gate_a_edge_b,conf_wrong_a,conf_wrong_b,transfer_a_to_b,gap_a_to_b,transfer_b_to_a,gap_b_to_a,cka,map_r2_a_to_b,map_r2_b_to_a,fa_rate,row2_n,p_overseer,p_target,rho,rho_over_max,fa_independent,frechet_hi,coverage_strong,coverage_target
gemma4-12b,gemma4-12b-base,boolq,1308,475,0.5635028748341442,0.6678233398622608,0.049569319114027954,-0.0707630161579893,0.3516819571865443,0.1491628614916286,0.4691122764895432,0.19871106337271766,0.4961319264547925,0.0673709483793517,0.24890377883917109,0.14803965682290465,0.02154971610028078,0.7157894736842105,340,0.7768421052631579,0.8863157894736842,0.20627266683676787,0.30869216099568375,0.6885274238227146,0.7768421052631579,0.07859078590785906,0.19239904988123513
gemma4-12b,gemma4-12b-base,geometry_of_truth,2012,1000,0.7852826086956521,0.9892302371541504,0.3057082060149544,0.11585918114143934,0.4846077457795432,0.09343936381709742,0.662401185770751,0.32682905138339935,0.516344861660079,0.26893774703557316,0.678325340501214,0.7539868546299154,0.5118789902637748,0.027,27,0.298,0.056,0.09805871676308651,0.26231176231176223,0.016687999999999998,0.056,0.5178571428571428,0.5178571428571428
gemma4-12b,gemma4-12b-base,imdb,2000,1018,0.6891962996010706,0.8938626114861214,0.18453784860557765,0.33078942251604126,0.49201596806387227,0.4132804757185332,0.548202617648118,0.3456599938380035,0.5037402118286325,0.18545608777243816,0.12128627268695008,0.014066063078328583,-0.21190165337070943,0.09823182711198428,100,0.37524557956778,0.1944990176817289,0.13173597190042133,0.20776951909027377,0.07298489661534424,0.1944990176817289,0.49494949494949503,0.49494949494949503
gemma4-12b,gemma4-12b-base,rte,111,62,0.36109282422646477,0.4776168531928901,-0.1217948717948717,-0.1732542819499342,0.5535714285714286,0.375,0.5095457537853851,-0.031928900592495035,0.5131665569453587,-0.15207373271889396,0.40969370266174676,-0.10615052062166574,0.034791982120931486,0.7419354838709677,46,0.8225806451612904,0.8870967741935484,0.10113141005256406,0.13165266106442577,0.7297086368366286,0.8225806451612904,0.0980392156862746,0.16363636363636358
gemma4-12b,gemma4-12b-base,truthfulqa,654,327,0.634664122922687,0.8598602811211178,0.13872767857142854,0.2533839059943478,0.46646341463414637,0.43902439024390244,0.6501790907985673,0.2096811903225505,0.530772755753818,0.10389136716886904,0.2547353547450995,-0.032111711459395176,-0.12805691644767703,0.08256880733944955,27,0.42507645259938837,0.13761467889908258,0.14134856596404102,0.30425531914893605,0.058496759532025926,0.13761467889908258,0.4,0.4
gemma4-12b,gemma4-31b,boolq,1308,475,0.5635028748341442,0.8474606684779173,0.049569319114027954,0.17961050534703293,0.3516819571865443,0.21712538226299694,0.6456561571997219,0.20180451127819543,0.5149933657673595,0.04850950906678464,0.34076471150734966,0.06519846773809534,0.09113913065351831,0.2736842105263158,130,0.7768421052631579,0.3389473684210526,0.052645049204233685,0.1371733270830891,0.2633085872576177,0.3389473684210526,0.1925465838509316,0.1925465838509316
gemma4-12b,gemma4-31b,geometry_of_truth,2012,1000,0.7852826086956521,0.9803725296442688,0.3057082060149544,0.4706484066621739,0.4846077457795432,0.4393638170974155,0.8476353754940712,0.1327371541501976,0.6093379446640317,0.17594466403162046,0.6839208686255855,0.6908836591738003,0.5395153578762035,0.049,49,0.298,0.083,0.1923081947904759,0.41646929598736826,0.024734,0.083,0.40963855421686746,0.40963855421686746
gemma4-12b,gemma4-31b,rte,111,62,0.36109282422646477,0.6468071099407504,-0.1217948717948717,0.057419354838709746,0.5535714285714286,0.4107142857142857,0.5773535220539829,0.06945358788676748,0.36998025016458197,-0.0088874259381172,0.5501687064093311,-0.04897912330315357,0.12965839532122636,0.46774193548387094,29,0.8225806451612904,0.5967741935483871,-0.12354856618117697,-0.32363636363636344,0.49089490114464107,0.5967741935483871,0.21621621621621634,0.21621621621621634
gemma4-12b,gemma4-31b,truthfulqa,654,327,0.634664122922687,0.8628622730971018,0.13872767857142854,0.5236046685620229,0.46646341463414637,0.5443425076452599,0.7369375941044992,0.12592467899260262,0.6146788990825688,0.01998522384011825,0.300474846143909,-0.05620795126002265,-0.03684572217459481,0.0856269113149847,28,0.42507645259938837,0.13761467889908258,0.15930543506669892,0.34290780141843963,0.058496759532025926,0.13761467889908258,0.3777777777777779,0.3777777777777779
gemma4-12b,qwen3-32b,boolq,1308,475,0.5635028748341442,0.8042282176028306,0.049569319114027954,-0.04759092682618182,0.3516819571865443,0.05963302752293578,0.35737663486447213,0.44685158273835845,0.5011916345485563,0.06231124028558788,0.49132561500993915,0.014977259474182825,-0.019096777274868026,0.4926315789473684,234,0.7768421052631579,0.5852631578947368,0.18512191366451888,0.29075607438577444,0.45465706371191134,0.5852631578947368,0.15827338129496404,0.15827338129496404
gemma4-12b,qwen3-32b,geometry_of_truth,2012,1000,0.7852826086956521,0.9970187747035574,0.3057082060149544,0.11922528918834074,0.4846077457795432,0.020874751491053677,0.9684545454545456,0.028564229249011808,0.5956640316205534,0.18961857707509877,0.2496512719775624,0.6806661267665948,0.551165341408561,0.014,14,0.298,0.027,0.08031447780861496,0.31412894375857336,0.008046,0.027,0.4814814814814815,0.4814814814814815
gemma4-12b,qwen3-32b,imdb,2000,1018,0.6891962996010706,0.9575432440110596,0.18453784860557765,-0.0025537852626406066,0.49201596806387227,0.016966067864271458,0.48057670685302034,0.47696653715803927,0.47579215665875746,0.2134041429423132,0.262497816967752,-0.03728573134596491,-0.305475614859245,0.068762278978389,70,0.37524557956778,0.11394891944990176,0.1690184193980163,0.3652678377792236,0.04275882832010067,0.11394891944990176,0.39655172413793094,0.39655172413793094
gemma4-12b,qwen3-32b,rte,111,62,0.36109282422646477,0.7554312047399605,-0.1217948717948717,0.0385135135135134,0.5535714285714286,0.15789473684210525,0.6105990783410138,0.14483212639894671,0.44075049374588543,-0.07965766951942066,0.5657122184641293,-0.16593708796084816,0.06650840080198461,0.5645161290322581,35,0.8225806451612904,0.6935483870967742,-0.03397311561810517,-0.11004784688995205,0.5704994797086369,0.6935483870967742,0.18604651162790697,0.18604651162790697
gemma4-12b,qwen3-32b,truthfulqa,654,327,0.634664122922687,0.8963050248295598,0.13872767857142854,0.06648557512176834,0.46646341463414637,0.22935779816513763,0.7356750741145994,0.16062995071496033,0.5273499237812006,0.10731419914148643,0.14619108484658153,-0.14457086765396499,-0.11234815645587659,0.09785932721712538,32,0.42507645259938837,0.16819571865443425,0.1425748601780624,0.27263056092843313,0.07149603942803168,0.16819571865443425,0.4181818181818182,0.4181818181818182
gemma4-12b,qwen38-27b,boolq,1308,475,0.5635028748341442,0.908467808175902,0.049569319114027954,0.27603679782442436,0.3516819571865443,0.1173780487804878,0.6818500031591584,0.22661780501674356,0.4970569280343716,0.06644594679977256,0.3301847357891309,0.02982284283164849,0.010504443178863676,0.28842105263157897,137,0.7768421052631579,0.3263157894736842,0.17890367569686957,0.4796104686548995,0.25349584487534627,0.3263157894736842,0.11612903225806448,0.11612903225806448
gemma4-12b,qwen38-27b,geometry_of_truth,2012,1000,0.7852826086956521,0.9976956521739131,0.3057082060149544,0.3606856684981685,0.4846077457795432,0.09542743538767395,0.9897796442687746,0.007916007905138467,0.6283013833992095,0.15698122529644265,0.6744670707950003,0.6710183412734042,0.5305378409511767,0.013,13,0.298,0.025,0.07772200271590897,0.31623931623931617,0.00745,0.025,0.4800000000000001,0.4800000000000001
gemma4-12b,qwen38-27b,rte,111,62,0.36109282422646477,0.9170506912442395,-0.1217948717948717,0.38122605363984685,0.5535714285714286,0.44642857142857145,0.8844634628044766,0.032587228439762916,0.41639236339697167,-0.055299539170506895,0.5239157342292949,-0.10204600196855718,0.09296517633175172,0.24193548387096775,15,0.8225806451612904,0.2903225806451613,0.018002682599575912,0.060606060606060684,0.23881373569198755,0.2903225806451613,0.16666666666666674,0.16666666666666674
gemma4-12b,qwen38-27b,truthfulqa,654,327,0.634664122922687,0.9233042486135661,0.13872767857142854,0.4165792824507527,0.46646341463414637,0.4923547400611621,0.7461493140308054,0.17715493458276066,0.486350756109194,0.14831336681349305,0.26408284980808133,-0.09915136894148913,-0.11614261026104589,0.0764525993883792,25,0.42507645259938837,0.12538226299694188,0.14144557668672333,0.3212247016087182,0.053297047573623614,0.12538226299694188,0.3902439024390244,0.3902439024390244
gemma4-12b-base,gemma4-12b,boolq,1308,475,0.6678233398622608,0.5635028748341442,-0.0707630161579893,0.049569319114027954,0.1491628614916286,0.3516819571865443,0.4961319264547925,0.0673709483793517,0.4691122764895432,0.19871106337271766,0.2489037788391708,0.02154971610028078,0.14803965682290465,0.7157894736842105,340,0.8863157894736842,0.7768421052631579,0.20627266683676787,0.30869216099568375,0.6885274238227146,0.7768421052631579,0.07859078590785906,0.07859078590785906
gemma4-12b-base,gemma4-12b,geometry_of_truth,2012,1000,0.9892302371541504,0.7852826086956521,0.11585918114143934,0.3057082060149544,0.09343936381709742,0.4846077457795432,0.516344861660079,0.26893774703557316,0.662401185770751,0.32682905138339935,0.6783253405012146,0.5118789902637748,0.7539868546299154,0.027,27,0.056,0.298,0.09805871676308653,0.2623117623117623,0.016687999999999998,0.056,0.5178571428571428,0.9093959731543624
gemma4-12b-base,gemma4-12b,imdb,2000,1018,0.8938626114861214,0.6891962996010706,0.33078942251604126,0.18453784860557765,0.4132804757185332,0.49201596806387227,0.5037402118286325,0.18545608777243816,0.548202617648118,0.3456599938380035,0.12128627268694979,-0.21190165337070943,0.014066063078328583,0.09823182711198428,100,0.1944990176817289,0.37524557956778,0.13173597190042133,0.20776951909027377,0.07298489661534424,0.1944990176817289,0.49494949494949503,0.7382198952879582
gemma4-12b-base,gemma4-12b,rte,111,62,0.4776168531928901,0.36109282422646477,-0.1732542819499342,-0.1217948717948717,0.375,0.5535714285714286,0.5131665569453587,-0.15207373271889396,0.5095457537853851,-0.031928900592495035,0.4096937026617472,0.034791982120931486,-0.10615052062166574,0.7419354838709677,46,0.8870967741935484,0.8225806451612904,0.10113141005256407,0.1316526610644258,0.7297086368366286,0.8225806451612904,0.0980392156862746,0.0980392156862746
gemma4-12b-base,gemma4-12b,truthfulqa,654,327,0.8598602811211178,0.634664122922687,0.2533839059943478,0.13872767857142854,0.43902439024390244,0.46646341463414637,0.530772755753818,0.10389136716886904,0.6501790907985673,0.2096811903225505,0.2547353547450996,-0.12805691644767703,-0.032111711459395176,0.08256880733944955,27,0.13761467889908258,0.42507645259938837,0.14134856596404105,0.3042553191489361,0.058496759532025926,0.13761467889908258,0.4,0.8057553956834532
gemma4-12b-base,gemma4-31b,boolq,1308,475,0.6678233398622608,0.8474606684779173,-0.0707630161579893,0.17961050534703293,0.1491628614916286,0.21712538226299694,0.5416945725658684,0.30576609591204895,0.5072091994692614,0.16061414039299948,0.5112221530988131,0.17697539013489982,0.40276272500890165,0.30736842105263157,146,0.8863157894736842,0.3389473684210526,0.046281481623306024,0.18046928916494112,0.3004144044321329,0.3389473684210526,0.09316770186335399,0.09316770186335399
gemma4-12b-base,gemma4-31b,geometry_of_truth,2012,1000,0.9892302371541504,0.9803725296442688,0.11585918114143934,0.4706484066621739,0.09343936381709742,0.4393638170974155,0.8922213438735178,0.08815118577075098,0.8056926877470356,0.18353754940711475,0.8792644561769526,0.7613286225806815,0.8633081305961212,0.023,23,0.056,0.083,0.2893208123837386,0.35737653840162026,0.004648,0.056,0.5892857142857143,0.7228915662650602
gemma4-12b-base,gemma4-31b,rte,111,62,0.4776168531928901,0.6468071099407504,-0.1732542819499342,0.057419354838709746,0.375,0.4107142857142857,0.5579328505595786,0.08887425938117177,0.5401579986833442,-0.06254114549045414,0.6278051386674209,0.07605738982942778,0.10728720092464339,0.5483870967741935,34,0.8870967741935484,0.5967741935483871,0.12232680394683318,0.2818532818532817,0.5293964620187305,0.5967741935483871,0.08108108108108114,0.08108108108108114
gemma4-12b-base,gemma4-31b,truthfulqa,654,327,0.8598602811211178,0.8628622730971018,0.2533839059943478,0.5236046685620229,0.43902439024390244,0.5443425076452599,0.7502361379981111,0.11262613509899078,0.7168027382655779,0.14305754285553984,0.5561458039159513,0.15290316209998167,0.33514369892996043,0.04281345565749235,14,0.13761467889908258,0.13761467889908258,0.2011820330969267,0.20118203309692664,0.018937799848497604,0.13761467889908258,0.6888888888888889,0.6888888888888889
gemma4-12b-base,qwen3-32b,boolq,1308,475,0.6678233398622608,0.8042282176028306,-0.0707630161579893,-0.04759092682618182,0.1491628614916286,0.05963302752293578,0.575891830416377,0.22833638718645355,0.5404839830669109,0.1273393567953499,0.23793596329072664,0.44554470378344424,0.5627228784106215,0.5663157894736842,269,0.8863157894736842,0.5852631578947368,0.3042912850262658,0.715227817745803,0.5187279778393351,0.5852631578947368,0.03237410071942437,0.03237410071942437
gemma4-12b-base,qwen3-32b,geometry_of_truth,2012,1000,0.9892302371541504,0.9970187747035574,0.11585918114143934,0.11922528918834074,0.09343936381709742,0.020874751491053677,0.9805474308300395,0.016471343873517896,0.7326620553359684,0.256568181818182,0.3224827093046489,0.8547049299925862,0.9109869213828445,0.013,13,0.056,0.027,0.30826634560236776,0.45072190834902703,0.001512,0.027,0.5185185185185186,0.5185185185185186
gemma4-12b-base,qwen3-32b,imdb,2000,1018,0.8938626114861214,0.9575432440110596,0.33078942251604126,-0.0025537852626406066,0.4132804757185332,0.016966067864271458,0.6901716156034555,0.2673716284076041,0.5962401818189094,0.2976224296672121,0.2789084119378902,0.5634429127039298,0.6083005403966685,0.06286836935166994,64,0.1944990176817289,0.11394891944990176,0.3236502699695278,0.4434819175777967,0.022162952898900346,0.11394891944990176,0.4482758620689655,0.4482758620689655
gemma4-12b-base,qwen3-32b,rte,111,62,0.4776168531928901,0.7554312047399605,-0.1732542819499342,0.0385135135135134,0.375,0.15789473684210525,0.5924950625411455,0.16293614219881503,0.5006583278472679,-0.023041474654377836,0.48497404636323915,0.16353652413116637,0.28167823685005466,0.6612903225806451,41,0.8870967741935484,0.6935483870967742,0.31559627847000965,0.5880398671096342,0.6152445369406868,0.6935483870967742,0.04651162790697683,0.04651162790697683
gemma4-12b-base,qwen3-32b,truthfulqa,654,327,0.8598602811211178,0.8963050248295598,0.2533839059943478,0.06648557512176834,0.43902439024390244,0.22935779816513763,0.807470377540237,0.08883464728932278,0.7730269618157843,0.08683331930533345,0.45012605576355086,0.3341859591835238,0.48899054659928753,0.0672782874617737,22,0.13761467889908258,0.16819571865443425,0.34249431690621956,0.3855392156862744,0.023146199814830404,0.13761467889908258,0.5111111111111112,0.6000000000000001
gemma4-12b-base,qwen38-27b,boolq,1308,475,0.6678233398622608,0.908467808175902,-0.0707630161579893,0.27603679782442436,0.1491628614916286,0.1173780487804878,0.7069539394705251,0.2015138687053769,0.5072673279838251,0.1605560118784357,0.7113488372290775,0.4685291511218891,0.6008068239866273,0.32210526315789473,153,0.8863157894736842,0.3263157894736842,0.22096583982961643,0.8864994026284347,0.28921883656509695,0.3263157894736842,0.012903225806451646,0.012903225806451646
gemma4-12b-base,qwen38-27b,geometry_of_truth,2012,1000,0.9892302371541504,0.9976956521739131,0.11585918114143934,0.3606856684981685,0.09343936381709742,0.09542743538767395,0.9920671936758894,0.005628458498023736,0.8545326086956522,0.1346976284584982,0.9708456561670422,0.8729378225088175,0.911696961018064,0.012,12,0.056,0.025,0.2952932654529078,0.4491525423728813,0.0014000000000000002,0.025,0.52,0.52
gemma4-12b-base,qwen38-27b,rte,111,62,0.4776168531928901,0.9170506912442395,-0.1732542819499342,0.38122605363984685,0.375,0.44642857142857145,0.8485845951283739,0.06846609611586563,0.500329163923634,-0.022712310730743923,0.8377420101362307,0.23337756992523573,0.30417589516087085,0.2903225806451613,18,0.8870967741935484,0.2903225806451613,0.22818000723656603,1.0000000000000002,0.2575442247658689,0.2903225806451613,0.0,0.0
gemma4-12b-base,qwen38-27b,truthfulqa,654,327,0.8598602811211178,0.9233042486135661,0.2533839059943478,0.4165792824507527,0.43902439024390244,0.4923547400611621,0.7905432576756538,0.13276099093791227,0.7552301059581592,0.10463017516295858,0.8070132713696907,0.37280174545797684,0.4949639544240859,0.06116207951070336,20,0.13761467889908258,0.12538226299694188,0.38488398511318406,0.4060716139076284,0.01725443986196448,0.12538226299694188,0.5121951219512195,0.5121951219512195
gemma4-31b,qwen3-32b,boolq,1308,475,0.8474606684779173,0.8042282176028306,0.17961050534703293,-0.04759092682618182,0.21712538226299694,0.05963302752293578,0.5717748151892336,0.23245340241359702,0.6138750236936881,0.23358564478422927,0.4013497689445358,0.22675951437001562,0.13290520186779597,0.2336842105263158,111,0.3389473684210526,0.5852631578947368,0.1514124350983951,0.2511902134502002,0.19837340720221605,0.3389473684210526,0.31055900621118004,0.6007194244604317
gemma4-31b,qwen3-32b,geometry_of_truth,2012,1000,0.9803725296442688,0.9970187747035574,0.4706484066621739,0.11922528918834074,0.4393638170974155,0.020874751491053677,0.9756897233201581,0.021329051383399245,0.9287460474308302,0.051626482213438574,0.3240727930152937,0.807502810767482,0.779226878895453,0.013,13,0.083,0.027,0.24060790478150382,0.4345490528696639,0.002241,0.027,0.5185185185185186,0.5185185185185186
gemma4-31b,qwen3-32b,rte,111,62,0.6468071099407504,0.7554312047399605,0.057419354838709746,0.0385135135135134,0.4107142857142857,0.15789473684210525,0.695523370638578,0.05990783410138245,0.6010533245556287,0.04575378538512176,0.6601252336515753,-0.007149571590541193,0.09972198431312607,0.4838709677419355,30,0.5967741935483871,0.6935483870967742,0.30943567719449827,0.3826458036984352,0.41389177939646205,0.5967741935483871,0.18918918918918914,0.3023255813953488
gemma4-31b,qwen3-32b,truthfulqa,654,327,0.8628622730971018,0.8963050248295598,0.5236046685620229,0.06648557512176834,0.5443425076452599,0.22935779816513763,0.7744297618045618,0.12187526302499796,0.7648813698809491,0.09798090321615271,0.4238758201529855,0.1688138456639341,0.14403784083982918,0.045871559633027525,15,0.13761467889908258,0.16819571865443425,0.17636388855310728,0.19852941176470576,0.023146199814830404,0.13761467889908258,0.6666666666666667,0.7272727272727273
llama-8b,gemma4-12b,boolq,1308,475,0.8921235862766158,0.5635028748341442,0.08234787600459259,0.049569319114027954,0.13302752293577982,0.3516819571865443,0.5191912554495483,0.044311619384595935,0.44032097049346053,0.4518026157831553,0.5001906301776168,0.011422465419808736,0.10578232911135277,0.29473684210526313,140,0.3389473684210526,0.7768421052631579,0.15946435023802694,0.4155045118949957,0.2633085872576177,0.3389473684210526,0.13043478260869568,0.6205962059620597
llama-8b,gemma4-12b,geometry_of_truth,2012,1000,0.9988715415019763,0.7852826086956521,0.0051411861539542025,0.3057082060149544,0.006958250497017893,0.4846077457795432,0.6489298418972331,0.136352766798419,0.9928112648221343,0.006060276679841992,0.34699728508389,0.5344471074894275,0.7248496893066012,0.01,10,0.021,0.298,0.05705925563651343,0.25383258716592044,0.0062580000000000005,0.021,0.5238095238095238,0.9664429530201343
llama-8b,gemma4-12b,imdb,2000,1018,0.97153777824015,0.6891962996010706,0.003166794509746662,0.18453784860557765,0.019,0.49201596806387227,0.49272264213605205,0.1964736574650186,0.38655224292670826,0.5849855353134417,0.2617987982362402,-0.22828270232611625,-0.02096212643883555,0.06483300589390963,66,0.11394891944990176,0.37524557956778,0.14347875026528947,0.3100737367165474,0.04275882832010067,0.11394891944990176,0.43103448275862066,0.8272251308900523
llama-8b,gemma4-12b,rte,111,62,0.8545095457537853,0.36109282422646477,0.02898550724637694,-0.1217948717948717,0.21428571428571427,0.5535714285714286,0.42626728110599077,-0.065174456879526,0.782093482554312,0.07241606319947336,0.5944407574435967,0.058063788789783244,-0.14225741428505012,0.3548387096774194,22,0.43548387096774194,0.8225806451612904,-0.01785443112892632,-0.03376623376623373,0.3582206035379813,0.43548387096774194,0.18518518518518512,0.5686274509803921
llama-8b,gemma4-12b,truthfulqa,654,327,0.9495646644034827,0.634664122922687,0.2635071800832365,0.13872767857142854,0.3780487804878049,0.46646341463414637,0.5307072917543416,0.10395683116834542,0.8265016973879865,0.12306296701549624,0.15681460210071718,-0.12206570263696381,-0.07942354722133382,0.05198776758409786,17,0.11009174311926606,0.42507645259938837,0.03354354152595473,0.08200354609929081,0.04679740762562074,0.11009174311926606,0.5277777777777779,0.8776978417266187
llama-8b,gemma4-12b-base,boolq,1308,475,0.8921235862766158,0.6678233398622608,0.08234787600459259,-0.0707630161579893,0.13302752293577982,0.1491628614916286,0.5209528021735009,0.1468705376887599,0.6159929234851835,0.2761306627914323,0.35088069262189786,0.6012011604625527,0.6031651266449864,0.3178947368421053,151,0.3389473684210526,0.8863157894736842,0.11633789899446717,0.45364619277662704,0.3004144044321329,0.3389473684210526,0.06211180124223592,0.6413301662707838
llama-8b,gemma4-12b-base,geometry_of_truth,2012,1000,0.9988715415019763,0.9892302371541504,0.0051411861539542025,0.11585918114143934,0.006958250497017893,0.09343936381709742,0.8275,0.16173023715415036,0.9926837944664032,0.006187747035573121,0.4643446651701497,0.9088201412451072,0.9025637757127424,0.012,12,0.021,0.056,0.3283271370068255,0.5460048426150121,0.0011760000000000002,0.021,0.4285714285714286,0.7857142857142857
llama-8b,gemma4-12b-base,imdb,2000,1018,0.97153777824015,0.8938626114861214,0.003166794509746662,0.33078942251604126,0.019,0.4132804757185332,0.5387875671717637,0.35507504431435777,0.7973633457240146,0.1741744325161354,0.5386739455466509,0.6607650325459923,0.6532090290069352,0.05697445972495088,58,0.11394891944990176,0.1944990176817289,0.276787576792639,0.379268292682927,0.022162952898900346,0.11394891944990176,0.5,0.7070707070707071
llama-8b,gemma4-12b-base,rte,111,62,0.8545095457537853,0.4776168531928901,0.02898550724637694,-0.1732542819499342,0.21428571428571427,0.375,0.45424621461487824,0.02337063857801186,0.7692560895325873,0.08525345622119807,0.5436347233102513,0.30373885834032366,0.2524412764181869,0.41935483870967744,26,0.43548387096774194,0.8870967741935484,0.21055106958451078,0.671957671957672,0.3863163371488033,0.43548387096774194,0.03703703703703698,0.5272727272727272
llama-8b,gemma4-12b-base,truthfulqa,654,327,0.9495646644034827,0.8598602811211178,0.2635071800832365,0.2533839059943478,0.3780487804878049,0.43902439024390244,0.7460464420316285,0.11381383908948928,0.8385564252915485,0.11100823911193425,0.4876509077901386,0.5004854704110036,0.47480124453216865,0.0581039755351682,19,0.11009174311926606,0.13761467889908258,0.3983528140792372,0.4524231678486995,0.015150239878798082,0.11009174311926606,0.4722222222222222,0.5777777777777777
llama-8b,gemma4-31b,boolq,1308,475,0.8921235862766158,0.8474606684779173,0.08234787600459259,0.17961050534703293,0.13302752293577982,0.21712538226299694,0.6742275857711505,0.17323308270676685,0.7939369431983319,0.09818664307828395,0.4741956286002476,0.16374131985456752,0.37370844523361635,0.1831578947368421,87,0.3389473684210526,0.3389473684210526,0.3047038809985361,0.3047038809985361,0.11488531855955678,0.3389473684210526,0.45962732919254656,0.45962732919254656
llama-8b,gemma4-31b,geometry_of_truth,2012,1000,0.9988715415019763,0.9803725296442688,0.0051411861539542025,0.4706484066621739,0.006958250497017893,0.4393638170974155,0.9462865612648221,0.03408596837944666,0.9953478260869566,0.0035237154150197236,0.44333927090887576,0.7657513135092159,0.8571908307650575,0.013,13,0.021,0.083,0.28457579566489055,0.5845666510879163,0.0017430000000000002,0.021,0.38095238095238104,0.8433734939759037
llama-8b,gemma4-31b,rte,111,62,0.8545095457537853,0.6468071099407504,0.02898550724637694,0.057419354838709746,0.21428571428571427,0.4107142857142857,0.618499012508229,0.028308097432521384,0.8192890059249506,0.035220539828834774,0.7007957363398882,0.08009849501468447,0.04900126550047568,0.3225806451612903,20,0.43548387096774194,0.5967741935483871,0.2577687538177008,0.357037037037037,0.25988553590010405,0.43548387096774194,0.2592592592592593,0.45945945945945954
llama-8b,gemma4-31b,truthfulqa,654,327,0.9495646644034827,0.8628622730971018,0.2635071800832365,0.5236046685620229,0.3780487804878049,0.5443425076452599,0.77383123380935,0.0890310392877518,0.8662944570696444,0.08327020733383839,0.4451901988091162,0.1510840319991783,0.29715235798113726,0.039755351681957186,13,0.11009174311926606,0.13761467889908258,0.22818773216687854,0.25916075650118187,0.015150239878798082,0.11009174311926606,0.6388888888888888,0.7111111111111111
llama-8b,qwen3-32b,boolq,1308,475,0.8921235862766158,0.8042282176028306,0.08234787600459259,-0.04759092682618182,0.13302752293577982,0.05963302752293578,0.6376293675364882,0.16659885006634234,0.8247930751247867,0.06733051115182909,0.972512575988773,0.48510969435058793,0.603923685046551,0.28,133,0.3389473684210526,0.5852631578947368,0.350014160563216,0.580666519532112,0.19837340720221605,0.3389473684210526,0.17391304347826075,0.5215827338129495
llama-8b,qwen3-32b,geometry_of_truth,2012,1000,0.9988715415019763,0.9970187747035574,0.0051411861539542025,0.11922528918834074,0.006958250497017893,0.020874751491053677,0.9842737154150197,0.012745059288537641,0.9968557312252965,0.0020158102766798525,0.9846675955261851,0.8748296000698927,0.9215052931243775,0.016,16,0.021,0.027,0.6640657181263904,0.755297802574267,0.000567,0.021,0.23809523809523814,0.40740740740740744
llama-8b,qwen3-32b,imdb,2000,1018,0.97153777824015,0.9575432440110596,0.003166794509746662,-0.0025537852626406066,0.019,0.016966067864271458,0.8585521709033728,0.09899107310768684,0.9650356715575847,0.006502106682565234,0.9097902632176972,0.5757737811309466,0.6125599778930971,0.07760314341846758,79,0.11394891944990176,0.11394891944990176,0.6400145271045189,0.640014527104519,0.012984356243800201,0.11394891944990176,0.31896551724137934,0.31896551724137934
llama-8b,qwen3-32b,rte,111,62,0.8545095457537853,0.7554312047399605,0.02898550724637694,0.0385135135135134,0.21428571428571427,0.15789473684210525,0.7044107965766953,0.05102040816326525,0.7903225806451613,0.0641869651086241,0.9895846564757246,0.2014973130793879,0.2712250966219607,0.3870967741935484,24,0.43548387096774194,0.6935483870967742,0.37215239661523586,0.6374269005847952,0.30202913631633715,0.43548387096774194,0.11111111111111116,0.4418604651162791
llama-8b,qwen3-32b,truthfulqa,654,327,0.9495646644034827,0.8963050248295598,0.2635071800832365,0.06648557512176834,0.3780487804878049,0.22935779816513763,0.8120060975039513,0.08429892732560851,0.887065248903478,0.06249941550000471,0.9920327407260974,0.37323406393512115,0.4977221527872433,0.07339449541284404,24,0.11009174311926606,0.16819571865443425,0.4687341154483744,0.5992647058823529,0.01851695985186432,0.11009174311926606,0.33333333333333337,0.5636363636363636
llama-8b,qwen3-8b,boolq,1308,475,0.8921235862766158,0.8606204587097998,0.08234787600459259,0.046215751035028285,0.13302752293577982,0.11297709923664122,0.7022480571175839,0.15837240159221588,0.8041700890882669,0.08795349718834888,0.8817154292293489,0.5132132618659542,0.5745335578421993,0.2294736842105263,109,0.3389473684210526,0.4421052631578947,0.3387013090468105,0.42107113559123405,0.14985041551246536,0.3389473684210526,0.3229813664596273,0.480952380952381
llama-8b,qwen3-8b,geometry_of_truth,2012,1000,0.9988715415019763,0.9956719367588932,0.0051411861539542025,0.3474969209592118,0.006958250497017893,0.042743538767395624,0.9883112648221345,0.0073606719367587115,0.9965701581027668,0.002301383399209489,0.9893350023807344,0.8642341374341694,0.9097258865879094,0.016,16,0.021,0.027,0.6640657181263901,0.7552978025742668,0.000567,0.021,0.23809523809523814,0.40740740740740744
llama-8b,qwen3-8b,imdb,2000,1018,0.97153777824015,0.9457754312397216,0.003166794509746662,-0.07258890516415384,0.019,0.101,0.8851827992269495,0.060592632012772096,0.9618296328010275,0.009708145439122462,0.9209668371905425,0.6020333814599745,0.6051064145802829,0.09037328094302555,92,0.11394891944990176,0.14833005893909626,0.6505528543509284,0.7570695621047611,0.01690204993805026,0.11394891944990176,0.2068965517241379,0.39072847682119194
llama-8b,qwen3-8b,rte,111,62,0.8545095457537853,0.8202764976958525,0.02898550724637694,-0.10374149659863952,0.21428571428571427,0.25,0.7965766951942067,0.023699802501645828,0.815009874917709,0.039499670836076306,0.9357393547876279,0.24207051094647747,0.25141530395936595,0.3225806451612903,20,0.43548387096774194,0.5,0.42289003161103106,0.4814814814814815,0.21774193548387097,0.43548387096774194,0.2592592592592593,0.3548387096774194
llama-8b,qwen3-8b,truthfulqa,654,327,0.9495646644034827,0.9074339047405287,0.2635071800832365,0.30349062702003893,0.3780487804878049,0.345565749235474,0.8223681134210551,0.08506579131947356,0.8820806329433549,0.06748403146012782,0.9923505310570284,0.40456360187052176,0.4703435108305868,0.03669724770642202,12,0.11009174311926606,0.12844036697247707,0.21539344548141384,0.2350877192982456,0.01414022388687821,0.11009174311926606,0.6666666666666667,0.7142857142857143
llama-8b,qwen3-8b-base,boolq,1308,475,0.8921235862766158,0.7906665824224427,0.08234787600459259,0.09654360165540699,0.13302752293577982,0.172782874617737,0.5840500410690592,0.20661654135338348,0.7750578125987236,0.11706577367789217,0.8278175263631011,0.5159331933419427,0.5846237531700981,0.30736842105263157,146,0.3389473684210526,0.7242105263157895,0.2926034258008862,0.6621781802664642,0.24546925207756232,0.3389473684210526,0.09316770186335399,0.5755813953488372
llama-8b,qwen3-8b-base,geometry_of_truth,2012,1000,0.9988715415019763,0.9952450592885376,0.0051411861539542025,0.3248867791772785,0.006958250497017893,0.11232604373757456,0.9881521739130434,0.007092885375494129,0.9965454545454545,0.002326086956521811,0.9903841032340652,0.872617346799718,0.9118995309292224,0.015,15,0.021,0.035,0.5413437210973095,0.703923019985196,0.0007350000000000001,0.021,0.2857142857142858,0.5714285714285715
llama-8b,qwen3-8b-base,imdb,2000,1018,0.97153777824015,0.9434696841776737,0.003166794509746662,-0.060203822580060184,0.019,0.091,0.6041667500270087,0.33930293415066504,0.9234521985123181,0.048085579727831895,0.9245922144202279,0.628258512852013,0.6296405204036597,0.0756385068762279,77,0.11394891944990176,0.13948919449901767,0.5427006905336705,0.6092938119981104,0.015894642988100244,0.11394891944990176,0.3362068965517241,0.4577464788732394
llama-8b,qwen3-8b-base,rte,111,62,0.8545095457537853,0.7264647794601712,0.02898550724637694,-0.3717391304347827,0.21428571428571427,0.17857142857142858,0.6287030941408822,0.09776168531928897,0.7396313364055299,0.11487820934825543,0.9831765561294682,0.2457130809064767,0.258184493020044,0.41935483870967744,26,0.43548387096774194,0.8548387096774194,0.269589815248641,0.7448559670781897,0.37226847034339233,0.43548387096774194,0.03703703703703698,0.5094339622641509
llama-8b,qwen3-8b-base,truthfulqa,654,327,0.9495646644034827,0.8756651609946786,0.2635071800832365,0.3307792257423472,0.3780487804878049,0.4115853658536585,0.7538273059693815,0.12183785502529709,0.865770745073834,0.08379391932964875,0.9728425489013695,0.4167860601353405,0.4742438372774126,0.04281345565749235,14,0.11009174311926606,0.1437308868501529,0.24579363777807292,0.28630952380952374,0.015823583873411328,0.11009174311926606,0.6111111111111112,0.7021276595744681
llama-8b,qwen38-27b,boolq,1308,475,0.8921235862766158,0.908467808175902,0.08234787600459259,0.27603679782442436,0.13302752293577982,0.1173780487804878,0.7354975674480319,0.17297024072787015,0.7790888987173816,0.11303468755923418,0.5646223253994976,0.4599598395107085,0.5955534979117421,0.2231578947368421,106,0.3389473684210526,0.3263157894736842,0.5071420441937454,0.5217793301828642,0.1106038781163435,0.3263157894736842,0.31612903225806455,0.31612903225806455
llama-8b,qwen38-27b,geometry_of_truth,2012,1000,0.9988715415019763,0.9976956521739131,0.0051411861539542025,0.3606856684981685,0.006958250497017893,0.09542743538767395,0.993705533596838,0.003990118577075097,0.9970237154150198,0.00184782608695655,0.5764643188559863,0.8828469240789933,0.9164047345428306,0.015,15,0.021,0.025,0.6466142435082394,0.706959706959707,0.0005250000000000001,0.021,0.2857142857142858,0.4
llama-8b,qwen38-27b,rte,111,62,0.8545095457537853,0.9170506912442395,0.02898550724637694,0.38122605363984685,0.21428571428571427,0.44642857142857145,0.9098090849242922,0.007241606319947302,0.8094140882159315,0.04509545753785382,0.7634944233056401,0.23936951511985527,0.25966691716808143,0.24193548387096775,15,0.43548387096774194,0.2903225806451613,0.5132210667888288,0.7047619047619049,0.1264308012486993,0.2903225806451613,0.16666666666666674,0.16666666666666674
llama-8b,qwen38-27b,truthfulqa,654,327,0.9495646644034827,0.9233042486135661,0.2635071800832365,0.4165792824507527,0.3780487804878049,0.4923547400611621,0.8038979135688167,0.1194063350447494,0.8754781209961751,0.07408654340730769,0.5682937163301951,0.3818883719364312,0.476361295050306,0.04892966360856269,16,0.11009174311926606,0.12538226299694188,0.3388854273155649,0.36480186480186466,0.013803551889571584,0.11009174311926606,0.5555555555555556,0.6097560975609756
olmo3-7b,gemma4-12b,boolq,1308,475,0.8413066279143236,0.5635028748341442,0.20286885245901642,0.049569319114027954,0.24770642201834864,0.3516819571865443,0.4747785429961458,0.08872433183799838,0.48891640866873076,0.3523902192455929,0.31033726110266613,0.0429439248015443,0.08105970904073567,0.42105263157894735,200,0.5136842105263157,0.7768421052631579,0.10572184996677722,0.19192700278379216,0.39905152354570633,0.5136842105263157,0.180327868852459,0.4579945799457995
olmo3-7b,gemma4-12b,geometry_of_truth,2012,1000,0.9942569169960473,0.7852826086956521,0.022250797448165827,0.3057082060149544,0.019880715705765408,0.4846077457795432,0.6285049407114625,0.15677766798418968,0.9715523715415021,0.022704545454545255,0.6965175889322306,0.5520158083545543,0.7096091534369636,0.027,27,0.05,0.298,0.12138412090666371,0.3447293447293448,0.0149,0.05,0.4600000000000001,0.9093959731543624
olmo3-7b,gemma4-12b,imdb,2000,1018,0.9615715491819348,0.6891962996010706,0.1256629873853211,0.18453784860557765,0.128,0.49201596806387227,0.48477406679764246,0.2044222328034282,0.4802055866100617,0.4813659625718731,0.11157820324205049,-0.22531994032643987,-0.050250153282111354,0.07662082514734773,78,0.12573673870333987,0.37524557956778,0.18338065106402,0.3747543238993712,0.04718215538769728,0.12573673870333987,0.390625,0.7958115183246074
olmo3-7b,gemma4-12b,rte,111,62,0.8420013166556946,0.36109282422646477,-0.024853801169590573,-0.1217948717948717,0.25,0.5535714285714286,0.5046082949308756,-0.14351547070441079,0.8001974983541803,0.04180381830151425,0.5064115518518598,0.1341016646855051,-0.13446450632661144,0.3709677419354839,23,0.43548387096774194,0.8225806451612904,0.06729747117826082,0.16498316498316506,0.3582206035379813,0.43548387096774194,0.14814814814814814,0.5490196078431373
olmo3-7b,gemma4-12b,truthfulqa,654,327,0.9050491447596068,0.634664122922687,0.38983241059404455,0.13872767857142854,0.5045871559633027,0.46646341463414637,0.5582302275341582,0.07643389538852885,0.7522748739818009,0.15277427077780592,0.2888361434214789,-0.06479061702099331,-0.09226133399102299,0.09174311926605505,30,0.16819571865443425,0.42507645259938837,0.10949789722791951,0.20938104448742742,0.07149603942803168,0.16819571865443425,0.4545454545454545,0.7841726618705036
olmo3-7b,gemma4-12b-base,boolq,1308,475,0.8413066279143236,0.6678233398622608,0.20286885245901642,-0.0707630161579893,0.24770642201834864,0.1491628614916286,0.5483212232261325,0.11950211663612831,0.5976799140708915,0.24362671384343215,0.723380141922057,0.5511574301058375,0.4870895095538863,0.48210526315789476,229,0.5136842105263157,0.8863157894736842,0.16903954769450133,0.4592440801457195,0.4552864265927977,0.5136842105263157,0.061475409836065475,0.4560570071258907
olmo3-7b,gemma4-12b-base,geometry_of_truth,2012,1000,0.9942569169960473,0.9892302371541504,0.022250797448165827,0.11585918114143934,0.019880715705765408,0.09343936381709742,0.7996660079051383,0.18956422924901206,0.9749752964426878,0.01928162055335958,0.9711911944347776,0.8943236249935703,0.839025856342019,0.023,23,0.05,0.056,0.4031109115795994,0.42796610169491534,0.0028000000000000004,0.05,0.54,0.5892857142857143
olmo3-7b,gemma4-12b-base,imdb,2000,1018,0.9615715491819348,0.8938626114861214,0.1256629873853211,0.33078942251604126,0.128,0.4132804757185332,0.5746691928184732,0.3191934186676483,0.9285308439934539,0.0330407051884809,0.7804269204613112,0.5818507696672376,0.5127659313295997,0.06581532416502947,67,0.12573673870333987,0.1944990176817289,0.31516132849673306,0.4083650914634147,0.02445567216430383,0.12573673870333987,0.4765625,0.6616161616161617
olmo3-7b,gemma4-12b-base,rte,111,62,0.8420013166556946,0.4776168531928901,-0.024853801169590573,-0.1732542819499342,0.25,0.375,0.4483212639894667,0.0292955892034234,0.7906517445687953,0.051349572086899276,0.815858894378336,0.2741662259416162,0.1693508679836161,0.3870967741935484,24,0.43548387096774194,0.8870967741935484,0.004973647313019963,0.015873015873015945,0.3863163371488033,0.43548387096774194,0.11111111111111116,0.5636363636363637
olmo3-7b,gemma4-12b-base,truthfulqa,654,327,0.9050491447596068,0.8598602811211178,0.38983241059404455,0.2533839059943478,0.5045871559633027,0.43902439024390244,0.752733121978135,0.10712715914298276,0.806151745550786,0.0988973992088209,0.7541093716618611,0.47481519466394784,0.3484744451728826,0.06116207951070336,20,0.16819571865443425,0.13761467889908258,0.29502848023390177,0.3321078431372548,0.023146199814830404,0.13761467889908258,0.5555555555555556,0.5555555555555556
olmo3-7b,gemma4-31b,boolq,1308,475,0.8413066279143236,0.8474606684779173,0.20286885245901642,0.17961050534703293,0.24770642201834864,0.21712538226299694,0.6580830226827573,0.18937764579516003,0.6186617805016743,0.22264484741264934,0.5516537746105392,0.1717162180139704,0.31872254132946887,0.22736842105263158,108,0.5136842105263157,0.3389473684210526,0.2251029852328564,0.3230889193622112,0.1741119113573407,0.3389473684210526,0.3291925465838509,0.3291925465838509
olmo3-7b,gemma4-31b,geometry_of_truth,2012,1000,0.9942569169960473,0.9803725296442688,0.022250797448165827,0.4706484066621739,0.019880715705765408,0.4393638170974155,0.9404268774703558,0.03994565217391299,0.9873428853754941,0.006914031620553263,0.9262512663826545,0.7773216095661332,0.8178768749744955,0.025,25,0.05,0.083,0.3467652268120808,0.4547437295528901,0.00415,0.05,0.5,0.6987951807228916
olmo3-7b,gemma4-31b,rte,111,62,0.8420013166556946,0.6468071099407504,-0.024853801169590573,0.057419354838709746,0.25,0.4107142857142857,0.6155365371955234,0.03127057274522704,0.8410138248847926,0.0009874917709019604,0.7234412398417208,0.11804527317714009,0.031831169960086725,0.3387096774193548,21,0.43548387096774194,0.5967741935483871,0.3240827070820056,0.4488888888888889,0.25988553590010405,0.43548387096774194,0.22222222222222232,0.43243243243243246
olmo3-7b,gemma4-31b,truthfulqa,654,327,0.9050491447596068,0.8628622730971018,0.38983241059404455,0.5236046685620229,0.5045871559633027,0.5443425076452599,0.738602250091182,0.12426002300591987,0.761121865911025,0.1439272788485818,0.6077977008790174,0.18832152410554526,0.23114628740946108,0.04892966360856269,16,0.16819571865443425,0.13761467889908258,0.2000968068892662,0.2252450980392156,0.023146199814830404,0.13761467889908258,0.6444444444444445,0.6444444444444445
olmo3-7b,llama-8b,boolq,1308,475,0.8413066279143236,0.8921235862766158,0.20286885245901642,0.08234787600459259,0.24770642201834864,0.13302752293577982,0.8261072850192709,0.06601630125734492,0.6330902887470777,0.2082163391672459,0.5139158972631537,0.5757236375636869,0.5178408338383133,0.2505263157894737,119,0.5136842105263157,0.3389473684210526,0.3229860659453793,0.463579898362507,0.1741119113573407,0.3389473684210526,0.26086956521739113,0.26086956521739113
olmo3-7b,llama-8b,geometry_of_truth,2012,1000,0.9942569169960473,0.9988715415019763,0.022250797448165827,0.0051411861539542025,0.019880715705765408,0.006958250497017893,0.9968053359683795,0.002066205533596821,0.9870227272727272,0.007234189723320128,0.5258458172249993,0.9068840014534946,0.8654727964319998,0.016,16,0.05,0.021,0.4784024494268116,0.7493734335839598,0.0010500000000000002,0.021,0.23809523809523814,0.23809523809523814
olmo3-7b,llama-8b,imdb,2000,1018,0.9615715491819348,0.97153777824015,0.1256629873853211,0.003166794509746662,0.128,0.019,0.9688719145002982,0.0026658637398517815,0.9440728796129946,0.017498669568940195,0.5470657489002195,0.5817169276958305,0.5235422277520383,0.08644400785854617,88,0.12573673870333987,0.11394891944990176,0.6845380579492881,0.723905462998838,0.01432756551040022,0.11394891944990176,0.24137931034482762,0.24137931034482762
olmo3-7b,llama-8b,rte,111,62,0.8420013166556946,0.8545095457537853,-0.024853801169590573,0.02898550724637694,0.25,0.21428571428571427,0.8281764318630678,0.026333113890717574,0.8416721527320605,0.0003291639236340238,0.6212010754251398,0.24219652854368023,0.18548448004369922,0.3225806451612903,20,0.43548387096774194,0.43548387096774194,0.5407407407407409,0.5407407407407407,0.1896462018730489,0.43548387096774194,0.2592592592592593,0.2592592592592593
olmo3-7b,llama-8b,truthfulqa,654,327,0.9050491447596068,0.9495646644034827,0.38983241059404455,0.2635071800832365,0.5045871559633027,0.3780487804878049,0.8817065529463476,0.06785811145713516,0.8159900494720795,0.08905909528752731,0.4331994685003859,0.47840198284399205,0.38311402096894775,0.05504587155963303,18,0.16819571865443425,0.11009174311926606,0.3120101320622615,0.39889705882352944,0.01851695985186432,0.11009174311926606,0.5,0.5
olmo3-7b,qwen3-32b,boolq,1308,475,0.8413066279143236,0.8042282176028306,0.20286885245901642,-0.04759092682618182,0.24770642201834864,0.05963302752293578,0.658186643078284,0.14604157452454658,0.6349807291337588,0.20632589878056484,0.36393498112257716,0.4078278620751349,0.4713968324542066,0.3831578947368421,182,0.5136842105263157,0.5852631578947368,0.335101685152938,0.387326287759008,0.30064044321329636,0.5136842105263157,0.25409836065573765,0.3453237410071942
olmo3-7b,qwen3-32b,geometry_of_truth,2012,1000,0.9942569169960473,0.9970187747035574,0.022250797448165827,0.11922528918834074,0.019880715705765408,0.020874751491053677,0.981445652173913,0.015573122529644379,0.987901185770751,0.006355731225296313,0.39075385154417946,0.8650455012182897,0.8744065116675181,0.017,17,0.05,0.027,0.44302602072302066,0.6101364522417158,0.00135,0.027,0.37037037037037035,0.37037037037037035
olmo3-7b,qwen3-32b,imdb,2000,1018,0.9615715491819348,0.9575432440110596,0.1256629873853211,-0.0025537852626406066,0.128,0.016966067864271458,0.8696797762475041,0.08786346776355547,0.9344887743628936,0.0270827748190412,0.2385951871311284,0.48833435748977416,0.4640774213472397,0.08153241650294696,83,0.12573673870333987,0.11394891944990176,0.6379166343386872,0.6746028671057732,0.01432756551040022,0.11394891944990176,0.2844827586206896,0.2844827586206896
olmo3-7b,qwen3-32b,rte,111,62,0.8420013166556946,0.7554312047399605,-0.024853801169590573,0.0385135135135134,0.25,0.15789473684210525,0.6922317314022384,0.06319947333772213,0.8061224489795918,0.03587886767610271,0.550640423188999,0.16827844072196796,0.18278197811943142,0.41935483870967744,26,0.43548387096774194,0.6935483870967742,0.5132744063408912,0.8791423001949318,0.30202913631633715,0.43548387096774194,0.03703703703703698,0.39534883720930236
olmo3-7b,qwen3-32b,truthfulqa,654,327,0.9050491447596068,0.8963050248295598,0.38983241059404455,0.06648557512176834,0.5045871559633027,0.22935779816513763,0.8042719935658241,0.09203303126373563,0.8153728174770174,0.08967632728258945,0.39044397971760486,0.3364273011795552,0.36544086173870294,0.0856269113149847,28,0.16819571865443425,0.16819571865443425,0.4098262032085562,0.4098262032085562,0.028289799773681602,0.16819571865443425,0.49090909090909096,0.49090909090909096
olmo3-7b,qwen3-8b,boolq,1308,475,0.8413066279143236,0.8606204587097998,0.20286885245901642,0.046215751035028285,0.24770642201834864,0.11297709923664122,0.6938017312188034,0.16681872749099635,0.6755670689328364,0.1657395589814873,0.326456554278755,0.48956461670055973,0.48516462703440855,0.31157894736842107,148,0.5136842105263157,0.4421052631578947,0.3403215173129762,0.3929086786229644,0.22710249307479222,0.4421052631578947,0.2952380952380952,0.2952380952380952
olmo3-7b,qwen3-8b,geometry_of_truth,2012,1000,0.9942569169960473,0.9956719367588932,0.022250797448165827,0.3474969209592118,0.019880715705765408,0.042743538767395624,0.9859752964426877,0.00969664031620554,0.9882094861660079,0.006047430830039446,0.4057478780536579,0.8580090733407001,0.8599858136588581,0.019,19,0.05,0.027,0.49964276458538737,0.6881091617933726,0.00135,0.027,0.2962962962962963,0.2962962962962963
olmo3-7b,qwen3-8b,imdb,2000,1018,0.9615715491819348,0.9457754312397216,0.1256629873853211,-0.07258890516415384,0.128,0.101,0.822655540395088,0.1231198908446336,0.9489664651347036,0.012605084047231152,0.22992030596892588,0.5554947820913835,0.48583290736960905,0.09528487229862476,97,0.12573673870333987,0.14833005893909626,0.6503107533072221,0.7156322087658593,0.018650537862676148,0.12573673870333987,0.2421874999999999,0.35761589403973504
olmo3-7b,qwen3-8b,rte,111,62,0.8420013166556946,0.8202764976958525,-0.024853801169590573,-0.10374149659863952,0.25,0.25,0.8048057932850561,0.015470704410796454,0.836734693877551,0.005266622778143604,0.5109416743470194,0.24267314686083385,0.19699374520372026,0.3548387096774194,22,0.43548387096774194,0.5,0.5530100413375022,0.6296296296296297,0.21774193548387097,0.43548387096774194,0.18518518518518512,0.29032258064516125
olmo3-7b,qwen3-8b,truthfulqa,654,327,0.9050491447596068,0.9074339047405287,0.38983241059404455,0.30349062702003893,0.5045871559633027,0.345565749235474,0.8330200413358397,0.07441386340468892,0.8369852893041178,0.0680638554554891,0.3874869469621612,0.3912098961354653,0.3568482292312152,0.06116207951070336,20,0.16819571865443425,0.12844036697247707,0.31610218323457945,0.3702731092436975,0.021603119827175044,0.12844036697247707,0.5238095238095238,0.5238095238095238
olmo3-7b,qwen3-8b-base,boolq,1308,475,0.8413066279143236,0.7906665824224427,0.20286885245901642,0.09654360165540699,0.24770642201834864,0.172782874617737,0.6059316358122196,0.18473494661022305,0.6340152903266569,0.2072913375876667,0.31861429127850843,0.48680661552848603,0.4890007004731285,0.44842105263157894,213,0.5136842105263157,0.7242105263157895,0.34205527906097577,0.539325491177575,0.37201551246537395,0.5136842105263157,0.12704918032786883,0.3808139534883721
olmo3-7b,qwen3-8b-base,geometry_of_truth,2012,1000,0.9942569169960473,0.9952450592885376,0.022250797448165827,0.3248867791772785,0.019880715705765408,0.11232604373757456,0.9728685770750988,0.022376482213438798,0.9873211462450593,0.006935770750988057,0.412966628208648,0.8644254210139096,0.8611682655511708,0.024,24,0.05,0.035,0.555501878188267,0.6691729323308271,0.0017500000000000003,0.035,0.3142857142857144,0.3142857142857144
olmo3-7b,qwen3-8b-base,imdb,2000,1018,0.9615715491819348,0.9434696841776737,0.1256629873853211,-0.060203822580060184,0.128,0.091,0.6487662002488805,0.2947034839287932,0.9196119542731845,0.04195959490875023,0.25016870388585133,0.579153377506229,0.5107704592352362,0.08153241650294696,83,0.12573673870333987,0.13948919449901767,0.5571026277926638,0.5914490582191779,0.017538916400662338,0.12573673870333987,0.3515624999999999,0.41549295774647876
olmo3-7b,qwen3-8b-base,rte,111,62,0.8420013166556946,0.7264647794601712,-0.024853801169590573,-0.3717391304347827,0.25,0.17857142857142858,0.6043449637919683,0.12211981566820285,0.7784726793943384,0.06352863726135616,0.5408478531105615,0.24820530505227134,0.20399408529946206,0.41935483870967744,26,0.43548387096774194,0.8548387096774194,0.269589815248641,0.7448559670781897,0.37226847034339233,0.43548387096774194,0.03703703703703698,0.5094339622641509
olmo3-7b,qwen3-8b-base,truthfulqa,654,327,0.9050491447596068,0.8756651609946786,0.38983241059404455,0.3307792257423472,0.5045871559633027,0.4115853658536585,0.7661251858709984,0.10953997512368019,0.8194970494440236,0.08555209531558328,0.3790632870850865,0.40428525433829265,0.3601380403861616,0.0581039755351682,19,0.16819571865443425,0.1437308868501529,0.25856726219410686,0.28379224030037553,0.02417491980660064,0.1437308868501529,0.5957446808510638,0.5957446808510638
olmo3-7b,qwen38-27b,boolq,1308,475,0.8413066279143236,0.908467808175902,0.20286885245901642,0.27603679782442436,0.24770642201834864,0.1173780487804878,0.8071978264990207,0.10126998167688128,0.6614039299930499,0.17990269792127378,0.9367776250658332,0.41498761917270865,0.48767198353452945,0.25894736842105265,123,0.5136842105263157,0.3263157894736842,0.38970042327147597,0.5754782851557048,0.16762326869806093,0.3263157894736842,0.20645161290322578,0.20645161290322578
olmo3-7b,qwen38-27b,geometry_of_truth,2012,1000,0.9942569169960473,0.9976956521739131,0.022250797448165827,0.3606856684981685,0.019880715705765408,0.09542743538767395,0.9922786561264821,0.005416996047430955,0.9877332015810277,0.006523715415019615,0.9874236558646127,0.8682246636798642,0.8618798850609631,0.017,17,0.05,0.025,0.4628725657735064,0.6631578947368422,0.0012500000000000002,0.025,0.31999999999999995,0.31999999999999995
olmo3-7b,qwen38-27b,rte,111,62,0.8420013166556946,0.9170506912442395,-0.024853801169590573,0.38122605363984685,0.25,0.44642857142857145,0.9042132982225148,0.012837393021724708,0.8416721527320606,0.0003291639236339128,0.9260217362913592,0.23697745588897723,0.19898579355113755,0.25806451612903225,16,0.43548387096774194,0.2903225806451613,0.5848870716106922,0.8031746031746032,0.1264308012486993,0.2903225806451613,0.11111111111111116,0.11111111111111116
olmo3-7b,qwen38-27b,truthfulqa,654,327,0.9050491447596068,0.9233042486135661,0.38983241059404455,0.4165792824507527,0.5045871559633027,0.4923547400611621,0.8228170094174639,0.10048723919610214,0.8199459454404325,0.08510319931917432,0.8917077010015987,0.3609572544018119,0.35460064535734015,0.04892966360856269,16,0.16819571865443425,0.12538226299694188,0.22476986925466982,0.26694763271162125,0.02108875983128992,0.12538226299694188,0.6097560975609756,0.6097560975609756
qwen3-1.7b,gemma4-12b,boolq,1308,475,0.7240058128514564,0.5635028748341442,0.12342250026965818,0.049569319114027954,0.22324159021406728,0.3516819571865443,0.5216250710810639,0.041877803753080256,0.4411827889050357,0.28282302394642067,0.4873810856485064,0.05161453589419418,0.14993923794910702,0.6673684210526316,317,0.8126315789473684,0.7768421052631579,0.22208692113397366,0.24789135531804757,0.6312864265927978,0.7768421052631579,0.14092140921409213,0.14092140921409213
qwen3-1.7b,gemma4-12b,geometry_of_truth,2012,1000,0.9769268774703558,0.7852826086956521,0.3147422121031578,0.3057082060149544,0.24652087475149106,0.4846077457795432,0.5386541501976284,0.24662845849802373,0.6940464426877471,0.2828804347826087,0.27333741557613755,0.516678857919711,0.7304126037368928,0.037,37,0.089,0.298,0.08045397648032929,0.16770703287557218,0.026521999999999997,0.089,0.5842696629213483,0.8758389261744967
qwen3-1.7b,gemma4-12b,imdb,2000,1018,0.8962263773462601,0.6891962996010706,0.06532026622702569,0.18453784860557765,0.2057942057942058,0.49201596806387227,0.5202225521068826,0.16897374749418803,0.48140297456375863,0.41482340278250146,0.2682049657042402,-0.09299117605625207,0.051722402538615375,0.10019646365422397,102,0.15717092337917485,0.37524557956778,0.2338981050315532,0.4197720125786163,0.058977694234621604,0.15717092337917485,0.36250000000000004,0.7329842931937174
qwen3-1.7b,gemma4-12b,rte,111,62,0.6869651086240948,0.36109282422646477,0.061166429587482196,-0.1217948717948717,0.3392857142857143,0.5535714285714286,0.5250164581961817,-0.16392363396971693,0.5668202764976957,0.12014483212639904,0.5725045412984635,0.032249335663439904,-0.06428806684959731,0.6935483870967742,43,0.8387096774193549,0.8225806451612904,0.025920593019168686,0.02745098039215683,0.6899063475546307,0.8225806451612904,0.1568627450980392,0.1568627450980392
qwen3-1.7b,gemma4-12b,truthfulqa,654,327,0.8539965771680275,0.634664122922687,0.3182910089224435,0.13872767857142854,0.43119266055045874,0.46646341463414637,0.5681901074544792,0.06647401546820786,0.6206548270347614,0.23334175013326608,0.14526230304208398,-0.16629816362850391,-0.048545477997439246,0.07033639143730887,23,0.1345565749235474,0.42507645259938837,0.07788798049870498,0.16985009671179885,0.057196831542425344,0.1345565749235474,0.4772727272727272,0.8345323741007195
qwen3-1.7b,gemma4-12b-base,boolq,1308,475,0.7240058128514564,0.6678233398622608,0.12342250026965818,-0.0707630161579893,0.22324159021406728,0.1491628614916286,0.5271801352119795,0.14064320465028135,0.5156555253680419,0.20835028748341444,0.24032546944933886,0.4913671253172265,0.5299211831887419,0.7642105263157895,363,0.8126315789473684,0.8863157894736842,0.35492885395866103,0.475868355402034,0.7202481994459833,0.8126315789473684,0.059585492227979264,0.13776722090261284
qwen3-1.7b,gemma4-12b-base,geometry_of_truth,2012,1000,0.9769268774703558,0.9892302371541504,0.3147422121031578,0.11585918114143934,0.24652087475149106,0.09343936381709742,0.8095533596837945,0.17967687747035588,0.7357895256916998,0.24113735177865603,0.3604977001972374,0.8774301978569476,0.8599369746366063,0.033,33,0.089,0.056,0.42792920437935783,0.5491610475145056,0.004984,0.056,0.4107142857142857,0.4107142857142857
qwen3-1.7b,gemma4-12b-base,imdb,2000,1018,0.8962263773462601,0.8938626114861214,0.06532026622702569,0.33078942251604126,0.2057942057942058,0.4132804757185332,0.5772830397048645,0.31657957178125695,0.6712404819161408,0.22498589543011926,0.2978771425580105,0.5293322753814009,0.5565074607191851,0.07956777996070727,81,0.15717092337917485,0.1944990176817289,0.34012020697172024,0.38702743902439024,0.030569590205379787,0.15717092337917485,0.49375,0.5909090909090909
qwen3-1.7b,gemma4-12b-base,rte,111,62,0.6869651086240948,0.4776168531928901,0.061166429587482196,-0.1732542819499342,0.3392857142857143,0.375,0.4858459512837393,-0.008229098090849207,0.5793285055957866,0.10763660302830813,0.4762468434928061,0.2254277624389529,0.24863447672638883,0.7903225806451613,49,0.8387096774193549,0.8870967741935484,0.39782123907822997,0.48901098901098866,0.7440166493236212,0.8387096774193549,0.05769230769230782,0.10909090909090913
qwen3-1.7b,gemma4-12b-base,truthfulqa,654,327,0.8539965771680275,0.8598602811211178,0.3182910089224435,0.2533839059943478,0.43119266055045874,0.43902439024390244,0.7231340422149276,0.13672623890619018,0.7395561540835508,0.11444042308447666,0.44829717071747543,0.3971782673192008,0.4189379548315244,0.06116207951070336,20,0.1345565749235474,0.13761467889908258,0.36275589241060296,0.36750483558994207,0.01851695985186432,0.1345565749235474,0.5454545454545454,0.5555555555555556
qwen3-1.7b,gemma4-31b,boolq,1308,475,0.7240058128514564,0.8474606684779173,0.12342250026965818,0.17961050534703293,0.22324159021406728,0.21712538226299694,0.6299008024262336,0.21755986605168376,0.504563088393252,0.21944272445820434,0.41647004414479105,0.17893880177091936,0.39077721076734784,0.2905263157894737,138,0.8126315789473684,0.3389473684210526,0.08168139263742444,0.2375601926163723,0.27543933518005537,0.3389473684210526,0.1428571428571428,0.1428571428571428
qwen3-1.7b,gemma4-31b,geometry_of_truth,2012,1000,0.9769268774703558,0.9803725296442688,0.3147422121031578,0.4706484066621739,0.24652087475149106,0.4393638170974155,0.9061472332015811,0.07422529644268772,0.7133715415019761,0.26355533596837966,0.3464699164400846,0.7476611492088407,0.8358793347253095,0.03,30,0.089,0.083,0.2878593079128589,0.2990623305516249,0.007387,0.083,0.6385542168674699,0.6385542168674699
qwen3-1.7b,gemma4-31b,rte,111,62,0.6869651086240948,0.6468071099407504,0.061166429587482196,0.057419354838709746,0.3392857142857143,0.4107142857142857,0.5414746543778802,0.10533245556287019,0.6599736668861093,0.02699144173798551,0.6593592943279575,0.07977455464399463,0.12655426342639686,0.5483870967741935,34,0.8387096774193549,0.5967741935483871,0.26530490833509723,0.4972972972972974,0.5005202913631634,0.5967741935483871,0.08108108108108114,0.08108108108108114
qwen3-1.7b,gemma4-31b,truthfulqa,654,327,0.8539965771680275,0.8628622730971018,0.3182910089224435,0.5236046685620229,0.43119266055045874,0.5443425076452599,0.7424272180605822,0.12043505503651963,0.6990152344078779,0.15498134276014952,0.42394033435295886,0.10011767635329516,0.29551392517599695,0.04281345565749235,14,0.1345565749235474,0.13761467889908258,0.20667539659709347,0.20938104448742745,0.01851695985186432,0.1345565749235474,0.6818181818181819,0.6888888888888889
qwen3-1.7b,llama-8b,boolq,1308,475,0.7240058128514564,0.8921235862766158,0.12342250026965818,0.08234787600459259,0.22324159021406728,0.13302752293577982,0.7603765716813041,0.13174701459531168,0.5397257850508624,0.18428002780059394,0.9792098485116029,0.4822543063236211,0.5345930937193644,0.3136842105263158,149,0.8126315789473684,0.3389473684210526,0.20705897093664383,0.6022053178868029,0.27543933518005537,0.3389473684210526,0.07453416149068315,0.07453416149068315
qwen3-1.7b,llama-8b,geometry_of_truth,2012,1000,0.9769268774703558,0.9988715415019763,0.3147422121031578,0.0051411861539542025,0.24652087475149106,0.006958250497017893,0.9966225296442688,0.002249011857707539,0.8716235177865612,0.10530335968379456,0.9919376052258793,0.8826132984410809,0.8811099546714432,0.016,16,0.089,0.021,0.3461128403061086,0.7386440855156551,0.001869,0.021,0.23809523809523814,0.23809523809523814
qwen3-1.7b,llama-8b,imdb,2000,1018,0.8962263773462601,0.97153777824015,0.06532026622702569,0.003166794509746662,0.2057942057942058,0.019,0.8025670317182768,0.16897074652187316,0.47714959646925603,0.41907678087700406,0.9283614931568607,0.5100636071704087,0.5467586553687382,0.06385068762278978,65,0.15717092337917485,0.11394891944990176,0.3972485154034456,0.478357849047504,0.017909456888000278,0.11394891944990176,0.43965517241379315,0.43965517241379315
qwen3-1.7b,llama-8b,rte,111,62,0.6869651086240948,0.8545095457537853,0.061166429587482196,0.02898550724637694,0.3392857142857143,0.21428571428571427,0.6820276497695852,0.17248189598420016,0.6287030941408822,0.058262014483212554,0.9905234229706158,0.1861941114441893,0.2610122156055974,0.41935483870967744,26,0.8387096774193549,0.43548387096774194,0.29671927480756627,0.7703703703703705,0.3652445369406868,0.43548387096774194,0.03703703703703698,0.03703703703703698
qwen3-1.7b,llama-8b,truthfulqa,654,327,0.8539965771680275,0.9495646644034827,0.3182910089224435,0.2635071800832365,0.43119266055045874,0.3780487804878049,0.8353393373172853,0.11422532708619748,0.7266878021864975,0.12730877498152993,0.9924348428895645,0.38333659442100243,0.4274188792676171,0.04281345565749235,14,0.1345565749235474,0.11009174311926606,0.26214072433989466,0.2938751472320377,0.014813567881491456,0.11009174311926606,0.6111111111111112,0.6111111111111112
qwen3-1.7b,olmo3-7b,boolq,1308,475,0.7240058128514564,0.8413066279143236,0.12342250026965818,0.20286885245901642,0.22324159021406728,0.24770642201834864,0.6040765779996209,0.23723004991470276,0.5733114298350919,0.1506943830163645,0.3782306747372304,0.43276400022262407,0.5386378022916587,0.47789473684210526,227,0.8126315789473684,0.5136842105263157,0.30999639983283084,0.628154356235034,0.41743601108033235,0.5136842105263157,0.0696721311475409,0.0696721311475409
qwen3-1.7b,olmo3-7b,geometry_of_truth,2012,1000,0.9769268774703558,0.9942569169960473,0.3147422121031578,0.022250797448165827,0.24652087475149106,0.019880715705765408,0.9790454545454546,0.015211462450592794,0.8025009881422924,0.17442588932806335,0.424648222809835,0.8376641875325892,0.8833621588915631,0.037,37,0.089,0.05,0.5245054392374853,0.7145993413830954,0.00445,0.05,0.2600000000000001,0.2600000000000001
qwen3-1.7b,olmo3-7b,imdb,2000,1018,0.8962263773462601,0.9615715491819348,0.06532026622702569,0.1256629873853211,0.2057942057942058,0.128,0.5694374977492708,0.392134051432664,0.5546527074772226,0.3415736698690375,0.2516917382007499,0.43945627164569956,0.5223444621111482,0.07072691552062868,72,0.15717092337917485,0.12573673870333987,0.4223396771394472,0.4809149184149186,0.01976215932468996,0.12573673870333987,0.4375,0.4375
qwen3-1.7b,olmo3-7b,rte,111,62,0.6869651086240948,0.8420013166556946,0.061166429587482196,-0.024853801169590573,0.3392857142857143,0.25,0.7238314680710993,0.11816984858459523,0.5862409479921,0.10072416063199474,0.547757122803489,0.1403774621669157,0.2690623330991577,0.41935483870967744,26,0.8387096774193549,0.43548387096774194,0.29671927480756627,0.7703703703703705,0.3652445369406868,0.43548387096774194,0.03703703703703698,0.03703703703703698
qwen3-1.7b,olmo3-7b,truthfulqa,654,327,0.8539965771680275,0.9050491447596068,0.3182910089224435,0.38983241059404455,0.43119266055045874,0.5045871559633027,0.7728025138175798,0.13224663094202704,0.738602250091182,0.1153943270768455,0.39079473016103394,0.28653237539629306,0.4298951442675393,0.0581039755351682,19,0.1345565749235474,0.16819571865443425,0.27790572268065517,0.316928475935829,0.02263183981894528,0.1345565749235474,0.5681818181818181,0.6545454545454545
qwen3-1.7b,qwen3-32b,boolq,1308,475,0.7240058128514564,0.8042282176028306,0.12342250026965818,-0.04759092682618182,0.22324159021406728,0.05963302752293578,0.7251835471030518,0.07904467049977881,0.5917154230113097,0.13229038984014663,0.9907147631411121,0.33728799305159984,0.5155030956064304,0.5536842105263158,263,0.8126315789473684,0.5852631578947368,0.40615124387669826,0.7120281303047449,0.47560332409972295,0.5852631578947368,0.0539568345323741,0.0539568345323741
qwen3-1.7b,qwen3-32b,geometry_of_truth,2012,1000,0.9769268774703558,0.9970187747035574,0.3147422121031578,0.11922528918834074,0.24652087475149106,0.020874751491053677,0.9791798418972332,0.017838932806324204,0.6994367588932806,0.2774901185770752,0.9963229523897124,0.8360759509939223,0.8920876610155156,0.018,18,0.089,0.027,0.3379469864782687,0.6341017197219172,0.0024029999999999998,0.027,0.33333333333333337,0.33333333333333337
qwen3-1.7b,qwen3-32b,imdb,2000,1018,0.8962263773462601,0.9575432440110596,0.06532026622702569,-0.0025537852626406066,0.2057942057942058,0.016966067864271458,0.7206314846010107,0.23691175941004894,0.5758005593812395,0.32042581796502057,0.9784700449769721,0.4678544000349779,0.5280082839134154,0.07072691552062868,72,0.15717092337917485,0.11394891944990176,0.45670646374969576,0.5499557913351019,0.017909456888000278,0.11394891944990176,0.3793103448275862,0.3793103448275862
qwen3-1.7b,qwen3-32b,rte,111,62,0.6869651086240948,0.7554312047399605,0.061166429587482196,0.0385135135135134,0.3392857142857143,0.15789473684210525,0.5302830809743253,0.2251481237656352,0.5263331138907177,0.16063199473337708,0.995268308213333,0.11316210597416432,0.2581512558432979,0.6774193548387096,42,0.8387096774193549,0.6935483870967742,0.5645925180347062,0.8558139534883721,0.5816857440166494,0.6935483870967742,0.023255813953488524,0.023255813953488524
qwen3-1.7b,qwen3-32b,truthfulqa,654,327,0.8539965771680275,0.8963050248295598,0.3182910089224435,0.06648557512176834,0.43119266055045874,0.22935779816513763,0.7614678899082569,0.1348371349213029,0.7580450579356396,0.09595151923238787,0.9979261427898211,0.24207715494919457,0.42325754053246734,0.05198776758409786,17,0.1345565749235474,0.16819571865443425,0.22998841642356346,0.2622827540106952,0.02263183981894528,0.1345565749235474,0.6136363636363635,0.6909090909090909
qwen3-1.7b,qwen3-8b,boolq,1308,475,0.7240058128514564,0.8606204587097998,0.12342250026965818,0.046215751035028285,0.22324159021406728,0.11297709923664122,0.7677437290705756,0.09287672963922411,0.5976344221899286,0.1263713906615278,0.8941338730983296,0.4449785637573158,0.5499596006783211,0.4126315789473684,196,0.8126315789473684,0.4421052631578947,0.27536278595000063,0.6441947565543072,0.3592686980609418,0.4421052631578947,0.06666666666666665,0.06666666666666665
qwen3-1.7b,qwen3-8b,geometry_of_truth,2012,1000,0.9769268774703558,0.9956719367588932,0.3147422121031578,0.3474969209592118,0.24652087475149106,0.042743538767395624,0.9832529644268776,0.01241897233201561,0.6958201581027669,0.2811067193675889,0.9995737000128886,0.8381937793857333,0.8847826237810974,0.019,19,0.089,0.027,0.35961442165671775,0.6747570841972599,0.0024029999999999998,0.027,0.2962962962962963,0.2962962962962963
qwen3-1.7b,qwen3-8b,imdb,2000,1018,0.8962263773462601,0.9457754312397216,0.06532026622702569,-0.07258890516415384,0.2057942057942058,0.101,0.7343359248396482,0.21143950640007347,0.6822620529051413,0.2139643244411188,0.9985119160437601,0.5518978015596129,0.5752645408606205,0.09037328094302555,92,0.15717092337917485,0.14833005893909626,0.5183918330482765,0.5364084039580728,0.023313172328345188,0.14833005893909626,0.39072847682119194,0.39072847682119194
qwen3-1.7b,qwen3-8b,rte,111,62,0.6869651086240948,0.8202764976958525,0.061166429587482196,-0.10374149659863952,0.3392857142857143,0.25,0.6626069782751811,0.15766951942067142,0.6408821593153391,0.04608294930875567,0.9405986148947649,0.21634399081418576,0.29484384994695567,0.4838709677419355,30,0.8387096774193549,0.5,0.35082320772281156,0.7999999999999997,0.41935483870967744,0.5,0.032258064516129004,0.032258064516129004
qwen3-1.7b,qwen3-8b,truthfulqa,654,327,0.8539965771680275,0.9074339047405287,0.3182910089224435,0.30349062702003893,0.43119266055045874,0.345565749235474,0.7865125457078995,0.12092135903262913,0.7478420260172638,0.10615455115076367,0.9997494285402976,0.32380029248568665,0.43188700247138545,0.04281345565749235,14,0.1345565749235474,0.12844036697247707,0.2236124684677439,0.2296819787985866,0.017282495861740032,0.12844036697247707,0.6666666666666667,0.6666666666666667
qwen3-1.7b,qwen3-8b-base,boolq,1308,475,0.7240058128514564,0.7906665824224427,0.12342250026965818,0.09654360165540699,0.22324159021406728,0.172782874617737,0.6228824161243445,0.16778416629809823,0.5452732672016175,0.17873254564983887,0.8306043909326064,0.4270629121723716,0.5397228888284282,0.6694736842105263,318,0.8126315789473684,0.7242105263157895,0.46423718971571853,0.5966161484191269,0.5885163434903047,0.7242105263157895,0.07558139534883723,0.07558139534883723
qwen3-1.7b,qwen3-8b-base,geometry_of_truth,2012,1000,0.9769268774703558,0.9952450592885376,0.3147422121031578,0.3248867791772785,0.24652087475149106,0.11232604373757456,0.9620612648221344,0.03318379446640318,0.7424169960474307,0.23450988142292506,0.9997188581069323,0.8437729373613145,0.8852145806845423,0.023,23,0.089,0.035,0.3799913623156062,0.6236474831425436,0.003115,0.035,0.34285714285714297,0.34285714285714297
qwen3-1.7b,qwen3-8b-base,imdb,2000,1018,0.8962263773462601,0.9434696841776737,0.06532026622702569,-0.060203822580060184,0.2057942057942058,0.091,0.6436295359696542,0.2998401482080195,0.7220079305695044,0.1742184467767557,0.9937751190344396,0.5476223960100358,0.5754390428007887,0.0893909626719057,91,0.15717092337917485,0.13948919449901767,0.5350435541206496,0.5738697921796515,0.021923645500827923,0.13948919449901767,0.35915492957746475,0.35915492957746475
qwen3-1.7b,qwen3-8b-base,rte,111,62,0.6869651086240948,0.7264647794601712,0.061166429587482196,-0.3717391304347827,0.3392857142857143,0.17857142857142858,0.500329163923634,0.22613561553653716,0.5490454246214616,0.1379196840026332,0.9904768488079271,0.20356998869440934,0.28645991475919796,0.8225806451612904,51,0.8387096774193549,0.8548387096774194,0.8152018793996646,0.8675213675213671,0.7169614984391259,0.8387096774193549,0.019230769230769162,0.037735849056603765
qwen3-1.7b,qwen3-8b-base,truthfulqa,654,327,0.8539965771680275,0.8756651609946786,0.3182910089224435,0.3307792257423472,0.43119266055045874,0.4115853658536585,0.754051753967586,0.12161340702709267,0.7535280419717757,0.10046853519625176,0.9740378234130557,0.3313375609500512,0.430919520527309,0.05504587155963303,18,0.1345565749235474,0.1437308868501529,0.29825547415143516,0.3099025974025974,0.01933993584528051,0.1345565749235474,0.5909090909090908,0.6170212765957446
qwen3-1.7b,qwen38-27b,boolq,1308,475,0.7240058128514564,0.908467808175902,0.12342250026965818,0.27603679782442436,0.22324159021406728,0.1173780487804878,0.6929095848865863,0.21555822328931573,0.550873823213496,0.1731319896379604,0.4330997223486357,0.3465425961465727,0.5258653425983228,0.31157894736842107,148,0.8126315789473684,0.3263157894736842,0.25363967484891997,0.7589706415367885,0.26517451523545704,0.3263157894736842,0.04516129032258065,0.04516129032258065
qwen3-1.7b,qwen38-27b,geometry_of_truth,2012,1000,0.9769268774703558,0.9976956521739131,0.3147422121031578,0.3606856684981685,0.24652087475149106,0.09542743538767395,0.9919140316205534,0.005781620553359734,0.8441996047430831,0.1327272727272727,0.4792831138552129,0.8463795136795473,0.8816260842296573,0.018,18,0.089,0.025,0.3548484102725399,0.6926454445664108,0.002225,0.025,0.28000000000000014,0.28000000000000014
qwen3-1.7b,qwen38-27b,rte,111,62,0.6869651086240948,0.9170506912442395,0.061166429587482196,0.38122605363984685,0.3392857142857143,0.44642857142857145,0.7738643844634628,0.1431863067807767,0.531928900592495,0.1550362080315998,0.7027752790683134,0.19634691184941444,0.2825673278878509,0.2903225806451613,18,0.8387096774193549,0.2903225806451613,0.2804840970025371,0.9999999999999998,0.24349635796045788,0.2903225806451613,0.0,0.0
qwen3-1.7b,qwen38-27b,truthfulqa,654,327,0.8539965771680275,0.9233042486135661,0.3182910089224435,0.4165792824507527,0.43119266055045874,0.4923547400611621,0.7479823060161416,0.1753219425974245,0.7283524581731804,0.12564411899484706,0.5319267342304699,0.2684136088510236,0.41526737819358817,0.04281345565749235,14,0.1345565749235474,0.12538226299694188,0.22956831988125362,0.2390761010083599,0.016871007865031935,0.12538226299694188,0.6585365853658536,0.6585365853658536
qwen3-8b,gemma4-12b,boolq,1308,475,0.8606204587097998,0.5635028748341442,0.046215751035028285,0.049569319114027954,0.11297709923664122,0.3516819571865443,0.5008934099955772,0.062609464838567,0.45817147911796297,0.4024489795918368,0.4438568546076711,0.0016089128092779958,0.0912926035863667,0.37684210526315787,179,0.4421052631578947,0.7768421052631579,0.1615044736041875,0.33849955076370175,0.3434459833795014,0.4421052631578947,0.14761904761904765,0.5149051490514905
qwen3-8b,gemma4-12b,geometry_of_truth,2012,1000,0.9956719367588932,0.7852826086956521,0.3474969209592118,0.3057082060149544,0.042743538767395624,0.4846077457795432,0.5588754940711462,0.2264071146245059,0.9772075098814229,0.018464426877470297,0.2613577548565985,0.5342601510474246,0.680353155764305,0.018,18,0.027,0.298,0.13427113068642146,0.5251661918328585,0.008046,0.027,0.33333333333333337,0.9395973154362416
qwen3-8b,gemma4-12b,imdb,2000,1018,0.9457754312397216,0.6891962996010706,-0.07258890516415384,0.18453784860557765,0.101,0.49201596806387227,0.5108775243178789,0.17831877528319173,0.48921450549978196,0.45656092573993967,0.26636609618696583,-0.24438478920761253,0.018106134166578358,0.08742632612966601,89,0.14833005893909626,0.37524557956778,0.18458719269938612,0.34278812112124607,0.05566019893392414,0.14833005893909626,0.4105960264900662,0.7670157068062827
qwen3-8b,gemma4-12b,rte,111,62,0.8202764976958525,0.36109282422646477,-0.10374149659863952,-0.1217948717948717,0.25,0.5535714285714286,0.44371296905859114,-0.08262014483212637,0.6998025016458196,0.12047399605003295,0.5374446240312004,0.07722838615968275,-0.09575643571195203,0.43548387096774194,27,0.5,0.8225806451612904,0.1266600992762247,0.27272727272727276,0.4112903225806452,0.5,0.12903225806451613,0.47058823529411764
qwen3-8b,gemma4-12b,truthfulqa,654,327,0.9074339047405287,0.634664122922687,0.30349062702003893,0.13872767857142854,0.345565749235474,0.46646341463414637,0.5302958037576335,0.10436831916505351,0.7367318501061452,0.17070205463438348,0.1443910812605348,-0.1312487816104848,-0.09218977856080923,0.0764525993883792,25,0.12844036697247707,0.42507645259938837,0.13213726468577008,0.2959726443768998,0.054596975563224195,0.12844036697247707,0.4047619047619049,0.8201438848920863
qwen3-8b,gemma4-12b-base,boolq,1308,475,0.8606204587097998,0.6678233398622608,0.046215751035028285,-0.0707630161579893,0.11297709923664122,0.1491628614916286,0.545687748783724,0.12213559107853689,0.7260630568016679,0.1345574019081318,0.21745881977524179,0.5738551374284016,0.5126861541013594,0.4231578947368421,201,0.4421052631578947,0.8863157894736842,0.19862854166801053,0.6230158730158726,0.39184487534626034,0.4421052631578947,0.042857142857142816,0.5225653206650831
qwen3-8b,gemma4-12b-base,geometry_of_truth,2012,1000,0.9956719367588932,0.9892302371541504,0.3474969209592118,0.11585918114143934,0.042743538767395624,0.09343936381709742,0.7107252964426878,0.2785049407114626,0.9857282608695652,0.009943675889327985,0.3410205910521996,0.901956690224005,0.8474944089836544,0.016,16,0.027,0.056,0.38876765451663503,0.5684243565599497,0.001512,0.027,0.40740740740740744,0.7142857142857143
qwen3-8b,gemma4-12b-base,imdb,2000,1018,0.9457754312397216,0.8938626114861214,-0.07258890516415384,0.33078942251604126,0.101,0.4132804757185332,0.7109103349485233,0.18295227653759816,0.8348064772986448,0.11096895394107686,0.2778009866413015,0.6232643288721731,0.6124660369176703,0.07072691552062868,72,0.14833005893909626,0.1944990176817289,0.2976680152714556,0.3504926506218707,0.028850050756327173,0.14833005893909626,0.5231788079470199,0.6363636363636365
qwen3-8b,gemma4-12b-base,rte,111,62,0.8202764976958525,0.4776168531928901,-0.10374149659863952,-0.1732542819499342,0.25,0.375,0.6112574061882817,-0.13364055299539163,0.7356813693219223,0.08459512837393024,0.43574550635132375,0.29230467352698153,0.23296007447081446,0.45161290322580644,28,0.5,0.8870967741935484,0.05096471914376254,0.14285714285714282,0.4435483870967742,0.5,0.09677419354838712,0.49090909090909096
qwen3-8b,gemma4-12b-base,truthfulqa,654,327,0.9074339047405287,0.8598602811211178,0.30349062702003893,0.2533839059943478,0.345565749235474,0.43902439024390244,0.7807704177538366,0.07908986336728119,0.8223307054213544,0.0851031993191742,0.4448428233183793,0.4835961426051937,0.3940576838890496,0.0672782874617737,22,0.12844036697247707,0.13761467889908258,0.4303537871492206,0.44782168186423515,0.017675279858597764,0.12844036697247707,0.4761904761904763,0.5111111111111112
qwen3-8b,gemma4-31b,boolq,1308,475,0.8606204587097998,0.8474606684779173,0.046215751035028285,0.17961050534703293,0.11297709923664122,0.21712538226299694,0.74703228659885,0.10042838187906733,0.720424590888987,0.14019586782081273,0.3580951101621148,0.16085985376976575,0.3243075628202563,0.20842105263157895,99,0.4421052631578947,0.3389473684210526,0.24914766485129977,0.3097386616664713,0.14985041551246536,0.3389473684210526,0.3850931677018633,0.3850931677018633
qwen3-8b,gemma4-31b,geometry_of_truth,2012,1000,0.9956719367588932,0.9803725296442688,0.3474969209592118,0.4706484066621739,0.042743538767395624,0.4393638170974155,0.9271600790513834,0.053212450592885374,0.9838003952569171,0.011871541501976113,0.33052045951524167,0.7684905456765863,0.8062367988750131,0.021,21,0.027,0.083,0.4195151673757997,0.7576638798012846,0.002241,0.027,0.2222222222222222,0.7469879518072289
qwen3-8b,gemma4-31b,rte,111,62,0.8202764976958525,0.6468071099407504,-0.10374149659863952,0.057419354838709746,0.25,0.4107142857142857,0.6109282422646478,0.0358788676761026,0.8048057932850559,0.015470704410796676,0.6215636099058797,0.12031456791754702,0.08650068700177771,0.3870967741935484,24,0.5,0.5967741935483871,0.361677772071786,0.44,0.29838709677419356,0.5,0.22580645161290325,0.3513513513513514
qwen3-8b,gemma4-31b,truthfulqa,654,327,0.9074339047405287,0.8628622730971018,0.30349062702003893,0.5236046685620229,0.345565749235474,0.5443425076452599,0.76950125784399,0.0933610152531118,0.8045899615632803,0.10284394317724832,0.4228046698509678,0.14706907505151878,0.23968525254359996,0.03669724770642202,12,0.12844036697247707,0.13761467889908258,0.16503386181401103,0.17173252279635257,0.017675279858597764,0.12844036697247707,0.7142857142857143,0.7333333333333334
qwen3-8b,llama-8b,boolq,1308,475,0.8606204587097998,0.8921235862766158,0.046215751035028285,0.08234787600459259,0.11297709923664122,0.13302752293577982,0.8041700890882669,0.08795349718834888,0.7022480571175839,0.15837240159221588,0.881715429229348,0.5745335578421993,0.5132132618659542,0.2294736842105263,109,0.4421052631578947,0.3389473684210526,0.3387013090468105,0.42107113559123405,0.14985041551246536,0.3389473684210526,0.3229813664596273,0.3229813664596273
qwen3-8b,llama-8b,geometry_of_truth,2012,1000,0.9956719367588932,0.9988715415019763,0.3474969209592118,0.0051411861539542025,0.042743538767395624,0.006958250497017893,0.9965701581027668,0.002301383399209489,0.9883112648221345,0.0073606719367587115,0.9893350023807204,0.9097258865879094,0.8642341374341694,0.016,16,0.027,0.021,0.6640657181263901,0.7552978025742667,0.000567,0.021,0.23809523809523814,0.23809523809523814
qwen3-8b,llama-8b,imdb,2000,1018,0.9457754312397216,0.97153777824015,-0.07258890516415384,0.003166794509746662,0.101,0.019,0.9618296328010275,0.009708145439122462,0.8851827992269495,0.060592632012772096,0.920966837190548,0.6051064145802829,0.6020333814599745,0.09037328094302555,92,0.14833005893909626,0.11394891944990176,0.6505528543509282,0.7570695621047608,0.01690204993805026,0.11394891944990176,0.2068965517241379,0.2068965517241379
qwen3-8b,llama-8b,rte,111,62,0.8202764976958525,0.8545095457537853,-0.10374149659863952,0.02898550724637694,0.25,0.21428571428571427,0.815009874917709,0.039499670836076306,0.7965766951942067,0.023699802501645828,0.9357393547876255,0.25141530395936595,0.24207051094647747,0.3225806451612903,20,0.5,0.43548387096774194,0.42289003161103106,0.4814814814814815,0.21774193548387097,0.43548387096774194,0.2592592592592593,0.2592592592592593
qwen3-8b,llama-8b,truthfulqa,654,327,0.9074339047405287,0.9495646644034827,0.30349062702003893,0.2635071800832365,0.345565749235474,0.3780487804878049,0.8820806329433549,0.06748403146012782,0.8223681134210551,0.08506579131947356,0.9923505310570219,0.4703435108305868,0.40456360187052176,0.03669724770642202,12,0.12844036697247707,0.11009174311926606,0.21539344548141384,0.2350877192982456,0.01414022388687821,0.11009174311926606,0.6666666666666667,0.6666666666666667
qwen3-8b,qwen3-32b,boolq,1308,475,0.8606204587097998,0.8042282176028306,0.046215751035028285,-0.04759092682618182,0.11297709923664122,0.05963302752293578,0.6848954318569532,0.11933278574587736,0.7505326341062741,0.11008782460352562,0.8955370704421612,0.43766148943052685,0.49586580102713373,0.36,171,0.4421052631578947,0.5852631578947368,0.4138119871741916,0.5522117476432199,0.25874792243767314,0.4421052631578947,0.18571428571428572,0.3848920863309353
qwen3-8b,qwen3-32b,geometry_of_truth,2012,1000,0.9956719367588932,0.9970187747035574,0.3474969209592118,0.11922528918834074,0.042743538767395624,0.020874751491053677,0.9796086956521739,0.017410079051383476,0.9858804347826087,0.009791501976284533,0.9978387050885977,0.8710081241786981,0.8752278066378124,0.016,16,0.027,0.027,0.5812873510715236,0.5812873510715236,0.0007289999999999999,0.027,0.40740740740740744,0.40740740740740744
qwen3-8b,qwen3-32b,imdb,2000,1018,0.9457754312397216,0.9575432440110596,-0.07258890516415384,-0.0025537852626406066,0.101,0.016966067864271458,0.8859360432780221,0.0716072007330375,0.7995900671817668,0.1461853640579548,0.9801525391247541,0.5326813809281239,0.5672171115919851,0.09233791748526522,94,0.14833005893909626,0.11394891944990176,0.6679487778006065,0.7773137652626977,0.01690204993805026,0.11394891944990176,0.18965517241379315,0.18965517241379315
qwen3-8b,qwen3-32b,rte,111,62,0.8202764976958525,0.7554312047399605,-0.10374149659863952,0.0385135135135134,0.25,0.15789473684210525,0.6948650427913101,0.06056616194865039,0.7346938775510204,0.08558262014483209,0.9371943850516167,0.17941006021404304,0.23985359178934118,0.4838709677419355,30,0.5,0.6935483870967742,0.5947547142601216,0.8947368421052632,0.3467741935483871,0.5,0.032258064516129004,0.3023255813953488
qwen3-8b,qwen3-32b,truthfulqa,654,327,0.9074339047405287,0.8963050248295598,0.30349062702003893,0.06648557512176834,0.345565749235474,0.22935779816513763,0.8186273134509816,0.07767771137857815,0.823078865415369,0.08435503932515964,0.9982905640717418,0.34553810682212904,0.4061998717878782,0.08256880733944955,27,0.12844036697247707,0.16819571865443425,0.4871560596941426,0.570640756302521,0.021603119827175044,0.12844036697247707,0.3571428571428571,0.509090909090909
qwen3-8b,qwen3-8b-base,boolq,1308,475,0.8606204587097998,0.7906665824224427,0.046215751035028285,0.09654360165540699,0.11297709923664122,0.172782874617737,0.7740974284450624,0.016569153977380346,0.8254400707651481,0.035180387944651614,0.8502877333755061,0.7419430043343641,0.7444306606535163,0.4126315789473684,196,0.4421052631578947,0.7242105263157895,0.4165497236095285,0.7582697201017812,0.32017728531855955,0.4421052631578947,0.06666666666666665,0.430232558139535
qwen3-8b,qwen3-8b-base,geometry_of_truth,2012,1000,0.9956719367588932,0.9952450592885376,0.3474969209592118,0.3248867791772785,0.042743538767395624,0.11232604373757456,0.9801926877470357,0.015052371541501852,0.9869683794466403,0.008703557312252919,0.9998550587332943,0.9285746087668666,0.9239836389570706,0.023,23,0.027,0.035,0.7404079632761749,0.846478602955287,0.0009450000000000001,0.027,0.14814814814814814,0.34285714285714297
qwen3-8b,qwen3-8b-base,imdb,2000,1018,0.9457754312397216,0.9434696841776737,-0.07258890516415384,-0.060203822580060184,0.101,0.091,0.933734529987716,0.00973515418995774,0.9288319415490619,0.01694348969065973,0.9949860417696516,0.8276756784636076,0.823997453093632,0.09823182711198428,100,0.14833005893909626,0.13948919449901767,0.6297017084011233,0.6527121204737074,0.020690440441406353,0.13948919449901767,0.2957746478873239,0.2957746478873239
qwen3-8b,qwen3-8b-base,rte,111,62,0.8202764976958525,0.7264647794601712,-0.10374149659863952,-0.3717391304347827,0.25,0.17857142857142858,0.6431863067807768,0.08327847267939437,0.7211981566820276,0.09907834101382496,0.9720917990977783,0.31188956295103476,0.3132437227489665,0.4838709677419355,30,0.5,0.8548387096774194,0.320507982546941,0.7777777777777777,0.4274193548387097,0.5,0.032258064516129004,0.4339622641509434
qwen3-8b,qwen3-8b-base,truthfulqa,654,327,0.9074339047405287,0.8756651609946786,0.30349062702003893,0.3307792257423472,0.345565749235474,0.4115853658536585,0.7987262576101899,0.07693890338448872,0.8449812492401501,0.062452655500378595,0.9744421159310146,0.5869558008975757,0.5854902448953828,0.08868501529051988,29,0.12844036697247707,0.1437308868501529,0.5982835810606669,0.6385204081632654,0.018460847852313216,0.12844036697247707,0.30952380952380953,0.3829787234042553
qwen3-8b,qwen38-27b,boolq,1308,475,0.8606204587097998,0.908467808175902,0.046215751035028285,0.27603679782442436,0.11297709923664122,0.1173780487804878,0.8134024135970177,0.0950653945788843,0.7314639540026536,0.12915650470714612,0.3774808028817925,0.4550280438775115,0.527425428823762,0.26105263157894737,124,0.4421052631578947,0.3263157894736842,0.5015418724048691,0.6415094339622642,0.14426592797783933,0.3263157894736842,0.20000000000000007,0.20000000000000007
qwen3-8b,qwen38-27b,geometry_of_truth,2012,1000,0.9956719367588932,0.9976956521739131,0.3474969209592118,0.3606856684981685,0.042743538767395624,0.09542743538767395,0.9914041501976285,0.006291501976284586,0.987199604743083,0.008472332015810213,0.4601744747569477,0.8815741491290937,0.8701693603147396,0.018,18,0.027,0.025,0.6846405671173585,0.7122302158273381,0.000675,0.025,0.28000000000000014,0.28000000000000014
qwen3-8b,qwen38-27b,rte,111,62,0.8202764976958525,0.9170506912442395,-0.10374149659863952,0.38122605363984685,0.25,0.44642857142857145,0.9068466096115866,0.010204081632652962,0.7488479262672811,0.0714285714285714,0.6566834898476963,0.25669811988322844,0.2645379006487979,0.2903225806451613,18,0.5,0.2903225806451613,0.6396021490668312,0.9999999999999998,0.14516129032258066,0.2903225806451613,0.0,0.0
qwen3-8b,qwen38-27b,truthfulqa,654,327,0.9074339047405287,0.9233042486135661,0.30349062702003893,0.4165792824507527,0.345565749235474,0.4923547400611621,0.826380121388959,0.09692412722460708,0.8407073852743409,0.0667265194661878,0.5288486836363734,0.39110404477731886,0.4190247020327017,0.06116207951070336,20,0.12844036697247707,0.12538226299694188,0.4066724718990347,0.41232349165596927,0.01610414387116685,0.12538226299694188,0.5121951219512195,0.5121951219512195
qwen3-8b-base,gemma4-12b,boolq,1308,475,0.7906665824224427,0.5635028748341442,0.09654360165540699,0.049569319114027954,0.172782874617737,0.3516819571865443,0.49578315536741013,0.06771971946673405,0.5185720604031085,0.27209452201933415,0.4129343739111918,-0.015355916180837204,0.0807681468194873,0.6,285,0.7242105263157895,0.7768421052631579,0.20100645395582215,0.2314337428696796,0.5625972299168975,0.7242105263157895,0.17151162790697683,0.22764227642276424
qwen3-8b-base,gemma4-12b,geometry_of_truth,2012,1000,0.9952450592885376,0.7852826086956521,0.3248867791772785,0.3057082060149544,0.11232604373757456,0.4846077457795432,0.5463557312252965,0.23892687747035568,0.8672588932806324,0.12798616600790513,0.26776242110134685,0.5306081945741035,0.6951736462225833,0.019,19,0.035,0.298,0.10195451310766263,0.34879934879934876,0.01043,0.035,0.4571428571428572,0.9362416107382551
qwen3-8b-base,gemma4-12b,imdb,2000,1018,0.9434696841776737,0.6891962996010706,-0.060203822580060184,0.18453784860557765,0.091,0.49201596806387227,0.4931307743708962,0.19606552523017445,0.45545356695569367,0.4880161172219801,0.26341873389468085,-0.23795002114411568,0.012891107751216602,0.08644400785854617,88,0.13948919449901767,0.37524557956778,0.2032872217726,0.3913101249003454,0.05234270363322668,0.13948919449901767,0.380281690140845,0.7696335078534031
qwen3-8b-base,gemma4-12b,rte,111,62,0.7264647794601712,0.36109282422646477,-0.3717391304347827,-0.1217948717948717,0.17857142857142858,0.5535714285714286,0.5269914417379855,-0.16589861751152074,0.5500329163923634,0.17643186306780778,0.5670032752200983,0.07394764372702078,-0.1021373013968434,0.7096774193548387,44,0.8548387096774194,0.8225806451612904,0.04832806296216435,0.05446623093681917,0.7031737773152966,0.8225806451612904,0.13725490196078427,0.13725490196078427
qwen3-8b-base,gemma4-12b,truthfulqa,654,327,0.8756651609946786,0.634664122922687,0.3307792257423472,0.13872767857142854,0.4115853658536585,0.46646341463414637,0.5310159077518728,0.10364821517081424,0.7114814503081484,0.16418371068653026,0.14334592046793446,-0.13085663319407437,-0.0686059670615875,0.08256880733944955,27,0.1437308868501529,0.42507645259938837,0.1238105390165536,0.2598460842009959,0.06109661551122707,0.1437308868501529,0.42553191489361697,0.8057553956834532
qwen3-8b-base,gemma4-12b-base,boolq,1308,475,0.7906665824224427,0.6678233398622608,0.09654360165540699,-0.0707630161579893,0.172782874617737,0.1491628614916286,0.5385960700069501,0.12922726985531074,0.6142136854741896,0.17645289694825306,0.21827723067280497,0.5840207106144613,0.5165407073261999,0.6989473684210527,332,0.7242105263157895,0.8863157894736842,0.4022797495461631,0.6931524547803611,0.6418792243767313,0.7242105263157895,0.03488372093023262,0.2114014251781472
qwen3-8b-base,gemma4-12b-base,geometry_of_truth,2012,1000,0.9952450592885376,0.9892302371541504,0.3248867791772785,0.11585918114143934,0.11232604373757456,0.09343936381709742,0.7896136363636365,0.1996166007905139,0.942447628458498,0.052797430830039516,0.34900525275504596,0.9057426066071411,0.8555621825234587,0.02,20,0.035,0.056,0.42693213353700865,0.546004842615012,0.0019600000000000004,0.035,0.4285714285714286,0.6428571428571428
qwen3-8b-base,gemma4-12b-base,imdb,2000,1018,0.9434696841776737,0.8938626114861214,-0.060203822580060184,0.33078942251604126,0.091,0.4132804757185332,0.6542279698622353,0.23963464162388615,0.7905751463474164,0.1528945378302573,0.2925888699873443,0.6537811864817817,0.6439847288082329,0.0825147347740668,84,0.13948919449901767,0.1944990176817289,0.40387398569365723,0.49292339402267266,0.02713051130727456,0.13948919449901767,0.408450704225352,0.5757575757575757
qwen3-8b-base,gemma4-12b-base,rte,111,62,0.7264647794601712,0.4776168531928901,-0.3717391304347827,-0.1732542819499342,0.17857142857142858,0.375,0.5095457537853851,-0.031928900592495035,0.5520078999341673,0.17445687952600386,0.46827669869067723,0.2975688873535962,0.23679421842610404,0.7903225806451613,49,0.8548387096774194,0.8870967741935484,0.28702224508602464,0.3315363881401618,0.758324661810614,0.8548387096774194,0.07547169811320764,0.10909090909090913
qwen3-8b-base,gemma4-12b-base,truthfulqa,654,327,0.8756651609946786,0.8598602811211178,0.3307792257423472,0.2533839059943478,0.4115853658536585,0.43902439024390244,0.7496002020031984,0.11026007911791935,0.7547250979621992,0.1209400630324794,0.4390176650811079,0.4894994235906086,0.4075669123502763,0.0764525993883792,25,0.1437308868501529,0.13761467889908258,0.4689363173156432,0.4809523809523809,0.01977947984176416,0.13761467889908258,0.44444444444444453,0.44444444444444453
qwen3-8b-base,gemma4-31b,boolq,1308,475,0.7906665824224427,0.8474606684779173,0.09654360165540699,0.17961050534703293,0.172782874617737,0.21712538226299694,0.6707146016301258,0.1767460668477916,0.5813912933594491,0.20927528906299364,0.3416749569178937,0.14948490334597264,0.3104908435512752,0.2694736842105263,128,0.7242105263157895,0.3389473684210526,0.11347129844891879,0.2567919965862216,0.24546925207756232,0.3389473684210526,0.20496894409937882,0.20496894409937882
qwen3-8b-base,gemma4-31b,geometry_of_truth,2012,1000,0.9952450592885376,0.9803725296442688,0.3248867791772785,0.4706484066621739,0.11232604373757456,0.4393638170974155,0.9297391304347827,0.05063339920948606,0.9822786561264822,0.012966403162055329,0.33620738866951216,0.7674847010519902,0.8104761161309721,0.022,22,0.035,0.083,0.37661556933412726,0.5949524848107183,0.0029050000000000005,0.035,0.37142857142857155,0.7349397590361446
qwen3-8b-base,gemma4-31b,rte,111,62,0.7264647794601712,0.6468071099407504,-0.3717391304347827,0.057419354838709746,0.17857142857142858,0.4107142857142857,0.5645161290322581,0.0822909809084923,0.6560236998025016,0.07044107965766955,0.6535430613655889,0.11249966953874069,0.07605512221128119,0.5645161290322581,35,0.8548387096774194,0.5967741935483871,0.3146416640167443,0.627627627627628,0.5101456815816858,0.5967741935483871,0.05405405405405406,0.05405405405405406
qwen3-8b-base,gemma4-31b,truthfulqa,654,327,0.8756651609946786,0.8628622730971018,0.3307792257423472,0.5236046685620229,0.4115853658536585,0.5443425076452599,0.756137249950902,0.1067250231461998,0.7200104742399163,0.15565468675476235,0.4168561599738006,0.13851983267656665,0.2494773633548144,0.04281345565749235,14,0.1437308868501529,0.13761467889908258,0.1905924339188827,0.19547619047619044,0.01977947984176416,0.13761467889908258,0.6888888888888889,0.6888888888888889
qwen3-8b-base,llama-8b,boolq,1308,475,0.7906665824224427,0.8921235862766158,0.09654360165540699,0.08234787600459259,0.172782874617737,0.13302752293577982,0.7750578125987236,0.11706577367789217,0.5840500410690592,0.20661654135338348,0.8278175263631004,0.5846237531700981,0.5159331933419427,0.30736842105263157,146,0.7242105263157895,0.3389473684210526,0.2926034258008862,0.6621781802664642,0.24546925207756232,0.3389473684210526,0.09316770186335399,0.09316770186335399
qwen3-8b-base,llama-8b,geometry_of_truth,2012,1000,0.9952450592885376,0.9988715415019763,0.3248867791772785,0.0051411861539542025,0.11232604373757456,0.006958250497017893,0.9965454545454545,0.002326086956521811,0.9881521739130434,0.007092885375494129,0.9903841032340722,0.9118995309292224,0.872617346799718,0.015,15,0.035,0.021,0.5413437210973095,0.7039230199851959,0.0007350000000000001,0.021,0.2857142857142858,0.2857142857142858
qwen3-8b-base,llama-8b,imdb,2000,1018,0.9434696841776737,0.97153777824015,-0.060203822580060184,0.003166794509746662,0.091,0.019,0.9234521985123181,0.048085579727831895,0.6041667500270087,0.33930293415066504,0.9245922144202198,0.6296405204036597,0.628258512852013,0.0756385068762279,77,0.13948919449901767,0.11394891944990176,0.5427006905336705,0.6092938119981104,0.015894642988100244,0.11394891944990176,0.3362068965517241,0.3362068965517241
qwen3-8b-base,llama-8b,rte,111,62,0.7264647794601712,0.8545095457537853,-0.3717391304347827,0.02898550724637694,0.17857142857142858,0.21428571428571427,0.7396313364055299,0.11487820934825543,0.6287030941408822,0.09776168531928897,0.983176556129466,0.258184493020044,0.2457130809064767,0.41935483870967744,26,0.8548387096774194,0.43548387096774194,0.269589815248641,0.7448559670781897,0.37226847034339233,0.43548387096774194,0.03703703703703698,0.03703703703703698
qwen3-8b-base,llama-8b,truthfulqa,654,327,0.8756651609946786,0.9495646644034827,0.3307792257423472,0.2635071800832365,0.4115853658536585,0.3780487804878049,0.865770745073834,0.08379391932964875,0.7538273059693815,0.12183785502529709,0.9728425489013534,0.4742438372774126,0.4167860601353405,0.04281345565749235,14,0.1437308868501529,0.11009174311926606,0.2457936377780729,0.28630952380952374,0.015823583873411328,0.11009174311926606,0.6111111111111112,0.6111111111111112
qwen3-8b-base,qwen3-32b,boolq,1308,475,0.7906665824224427,0.8042282176028306,0.09654360165540699,-0.04759092682618182,0.172782874617737,0.05963302752293578,0.6847336829468629,0.11949453465596771,0.5456852214570038,0.24498136096543888,0.8329431722434456,0.4491839692020586,0.5037766378690862,0.5347368421052632,254,0.7242105263157895,0.5852631578947368,0.5035959259353076,0.686967982865616,0.42385373961218836,0.5852631578947368,0.08633093525179847,0.08633093525179847
qwen3-8b-base,qwen3-32b,geometry_of_truth,2012,1000,0.9952450592885376,0.9970187747035574,0.3248867791772785,0.11922528918834074,0.11232604373757456,0.020874751491053677,0.9792045454545455,0.01781422924901188,0.9762994071146245,0.018945652173913086,0.9973039061232983,0.8735713005535305,0.8833919326221981,0.015,15,0.035,0.027,0.47184012350245463,0.5394358088658606,0.0009450000000000001,0.027,0.4444444444444444,0.4444444444444444
qwen3-8b-base,qwen3-32b,imdb,2000,1018,0.9434696841776737,0.9575432440110596,-0.060203822580060184,-0.0025537852626406066,0.091,0.016966067864271458,0.8106406475698127,0.14690259644124692,0.6052971162656701,0.3381725679120037,0.9761991417052241,0.5522099552263158,0.5924461762772175,0.07858546168958742,80,0.13948919449901767,0.11394891944990176,0.5694702080723507,0.6393481341521021,0.015894642988100244,0.11394891944990176,0.31034482758620685,0.31034482758620685
qwen3-8b-base,qwen3-32b,rte,111,62,0.7264647794601712,0.7554312047399605,-0.3717391304347827,0.0385135135135134,0.17857142857142858,0.15789473684210525,0.5460829493087558,0.20934825543120472,0.5055957867017775,0.22086899275839367,0.9871875056867812,0.18875565866568966,0.2463778911442066,0.6774193548387096,42,0.8548387096774194,0.6935483870967742,0.5206107639729668,0.8397932816537472,0.5928720083246619,0.6935483870967742,0.023255813953488524,0.023255813953488524
qwen3-8b-base,qwen3-32b,truthfulqa,654,327,0.8756651609946786,0.8963050248295598,0.3307792257423472,0.06648557512176834,0.4115853658536585,0.22935779816513763,0.8027102095783183,0.09359481525124147,0.7639087618887299,0.1117563991059487,0.9741261450345958,0.3489883926656321,0.4204984358775429,0.08256880733944955,27,0.1437308868501529,0.16819571865443425,0.44500936745865577,0.4884230287859825,0.02417491980660064,0.1437308868501529,0.42553191489361697,0.509090909090909
qwen3-8b-base,qwen3-8b,boolq,1308,475,0.7906665824224427,0.8606204587097998,0.09654360165540699,0.046215751035028285,0.172782874617737,0.11297709923664122,0.8254400707651481,0.035180387944651614,0.7740974284450624,0.016569153977380346,0.8502877333755094,0.7444306606535163,0.7419430043343641,0.4126315789473684,196,0.7242105263157895,0.4421052631578947,0.4165497236095285,0.7582697201017812,0.32017728531855955,0.4421052631578947,0.06666666666666665,0.06666666666666665
qwen3-8b-base,qwen3-8b,geometry_of_truth,2012,1000,0.9952450592885376,0.9956719367588932,0.3248867791772785,0.3474969209592118,0.11232604373757456,0.042743538767395624,0.9869683794466403,0.008703557312252919,0.9801926877470357,0.015052371541501852,0.9998550587332931,0.9239836389570706,0.9285746087668666,0.023,23,0.035,0.027,0.7404079632761749,0.8464786029552869,0.0009450000000000001,0.027,0.14814814814814814,0.14814814814814814
qwen3-8b-base,qwen3-8b,imdb,2000,1018,0.9434696841776737,0.9457754312397216,-0.060203822580060184,-0.07258890516415384,0.091,0.101,0.9288319415490619,0.01694348969065973,0.933734529987716,0.00973515418995774,0.9949860417696584,0.823997453093632,0.8276756784636076,0.09823182711198428,100,0.13948919449901767,0.14833005893909626,0.6297017084011233,0.6527121204737074,0.020690440441406353,0.13948919449901767,0.2957746478873239,0.337748344370861
qwen3-8b-base,qwen3-8b,rte,111,62,0.7264647794601712,0.8202764976958525,-0.3717391304347827,-0.10374149659863952,0.17857142857142858,0.25,0.7211981566820276,0.09907834101382496,0.6431863067807768,0.08327847267939437,0.972091799097784,0.3132437227489665,0.31188956295103476,0.4838709677419355,30,0.8548387096774194,0.5,0.3205079825469411,0.7777777777777778,0.4274193548387097,0.5,0.032258064516129004,0.032258064516129004
qwen3-8b-base,qwen3-8b,truthfulqa,654,327,0.8756651609946786,0.9074339047405287,0.3307792257423472,0.30349062702003893,0.4115853658536585,0.345565749235474,0.8449812492401501,0.062452655500378595,0.7987262576101899,0.07693890338448872,0.9744421159310037,0.5854902448953828,0.5869558008975757,0.08868501529051988,29,0.1437308868501529,0.12844036697247707,0.5982835810606669,0.6385204081632654,0.018460847852313216,0.12844036697247707,0.30952380952380953,0.30952380952380953
qwen3-8b-base,qwen38-27b,boolq,1308,475,0.7906665824224427,0.908467808175902,0.09654360165540699,0.27603679782442436,0.172782874617737,0.1173780487804878,0.7717773425159538,0.13669046565994825,0.6074909963985594,0.18317558602388329,0.36870068225801433,0.46317121778008374,0.5297719005628938,0.3031578947368421,144,0.7242105263157895,0.3263157894736842,0.3189669122019402,0.7426742181728642,0.23632132963988922,0.3263157894736842,0.07096774193548383,0.07096774193548383
qwen3-8b-base,qwen38-27b,geometry_of_truth,2012,1000,0.9952450592885376,0.9976956521739131,0.3248867791772785,0.3606856684981685,0.11232604373757456,0.09542743538767395,0.9914851778656127,0.006210474308300351,0.9868349802371541,0.008410079051383468,0.46751510205718133,0.8837805952737156,0.8773056316695242,0.02,20,0.035,0.025,0.6665480355267143,0.7927461139896373,0.0008750000000000001,0.025,0.20000000000000007,0.20000000000000007
qwen3-8b-base,qwen38-27b,rte,111,62,0.7264647794601712,0.9170506912442395,-0.3717391304347827,0.38122605363984685,0.17857142857142858,0.44642857142857145,0.8433179723502304,0.07373271889400912,0.5197498354180381,0.2067149440421331,0.694415602303614,0.26006292588825397,0.26567914817286864,0.2903225806451613,18,0.8548387096774194,0.2903225806451613,0.26356833569584026,1.0000000000000004,0.24817898022892823,0.2903225806451613,0.0,0.0
qwen3-8b-base,qwen38-27b,truthfulqa,654,327,0.8756651609946786,0.9233042486135661,0.3307792257423472,0.4165792824507527,0.4115853658536585,0.4923547400611621,0.8164108894687129,0.1068933591448532,0.7977068896183448,0.07795827137633382,0.5161109738260855,0.39397635717622226,0.43006074166404695,0.07033639143730887,23,0.1437308868501529,0.12538226299694188,0.45031827545176734,0.48728222996515674,0.018021303855829566,0.12538226299694188,0.4390243902439024,0.4390243902439024
qwen38-27b,gemma4-31b,boolq,1308,475,0.908467808175902,0.8474606684779173,0.27603679782442436,0.17961050534703293,0.1173780487804878,0.21712538226299694,0.749357427181399,0.09810324129651837,0.7139141972578504,0.19455361091805157,0.5624102770980521,0.16616302556706153,0.2531248583268607,0.17684210526315788,84,0.3263157894736842,0.3389473684210526,0.2984539417395364,0.3070680090404767,0.1106038781163435,0.3263157894736842,0.4580645161290323,0.4782608695652174
qwen38-27b,gemma4-31b,geometry_of_truth,2012,1000,0.9976956521739131,0.9803725296442688,0.3606856684981685,0.4706484066621739,0.09542743538767395,0.4393638170974155,0.9453310276679843,0.03504150197628453,0.9893013833992096,0.008394268774703506,0.9027029148449917,0.7690998024041049,0.8151414241285527,0.016,16,0.025,0.083,0.3232951411888349,0.607415485278081,0.002075,0.025,0.36,0.8072289156626506
qwen38-27b,gemma4-31b,rte,111,62,0.9170506912442395,0.6468071099407504,0.38122605363984685,0.057419354838709746,0.44642857142857145,0.4107142857142857,0.6125740618828177,0.0342330480579327,0.912771560236998,0.004279131007241532,0.7711707953013266,0.12156111277150483,0.07788924736494662,0.24193548387096775,15,0.2903225806451613,0.5967741935483871,0.30843984038242384,0.5866666666666666,0.17325702393340273,0.2903225806451613,0.16666666666666674,0.5945945945945945
qwen38-27b,gemma4-31b,truthfulqa,654,327,0.9233042486135661,0.8628622730971018,0.4165792824507527,0.5236046685620229,0.4923547400611621,0.5443425076452599,0.759391745924866,0.10347052717223582,0.7889347136885223,0.13436953492504378,0.6074548577429538,0.1460660870828917,0.2096956010072366,0.045871559633027525,15,0.12538226299694188,0.13761467889908258,0.25085090403542987,0.26466009340944474,0.01725443986196448,0.12538226299694188,0.6341463414634145,0.6666666666666667
qwen38-27b,qwen3-32b,boolq,1308,475,0.908467808175902,0.8042282176028306,0.27603679782442436,-0.04759092682618182,0.1173780487804878,0.05963302752293578,0.6586188159474317,0.14560940165539893,0.8121336955834966,0.09633411259240543,0.41733698873702385,0.4773280472248457,0.44979506309987505,0.28421052631578947,135,0.3263157894736842,0.5852631578947368,0.4035953622414826,0.6888816112657605,0.19098060941828254,0.3263157894736842,0.12903225806451624,0.514388489208633
qwen38-27b,qwen3-32b,geometry_of_truth,2012,1000,0.9976956521739131,0.9970187747035574,0.3606856684981685,0.11922528918834074,0.09542743538767395,0.020874751491053677,0.9824841897233203,0.014534584980237075,0.9923853754940712,0.005310276679841852,0.44340617580045394,0.8803159451354738,0.8915102158993198,0.016,16,0.025,0.027,0.6056055810143446,0.6300102774922919,0.000675,0.025,0.36,0.40740740740740744
qwen38-27b,qwen3-32b,rte,111,62,0.9170506912442395,0.7554312047399605,0.38122605363984685,0.0385135135135134,0.44642857142857145,0.15789473684210525,0.6026991441737986,0.15273206056616195,0.879196840026333,0.03785385121790652,0.7042971193842692,0.19182297647589708,0.2400870058280722,0.2903225806451613,18,0.2903225806451613,0.6935483870967742,0.425160086750568,1.0,0.2013527575442248,0.2903225806451613,0.0,0.5813953488372092
qwen38-27b,qwen3-32b,truthfulqa,654,327,0.9233042486135661,0.8963050248295598,0.4165792824507527,0.06648557512176834,0.4923547400611621,0.22935779816513763,0.8187208334502333,0.07758419137932648,0.7996427536028581,0.123661495010708,0.5317607285222693,0.36180084683380664,0.3873624521086948,0.07339449541284404,24,0.12538226299694188,0.16819571865443425,0.4222834661543057,0.5015243902439023,0.02108875983128992,0.12538226299694188,0.41463414634146334,0.5636363636363636
