overseer,target,held_out,both_true_test_n,row2_test_n,base_rate,n_false,router_coverage,auroc_margin,auroc_anomaly,auroc_spread,auroc_best,prec_05_margin,recall_05_margin,caught_05_margin,prec_10_margin,recall_10_margin,caught_10_margin,prec_20_margin,recall_20_margin,caught_20_margin,prec_05_anomaly,recall_05_anomaly,caught_05_anomaly,prec_10_anomaly,recall_10_anomaly,caught_10_anomaly,prec_20_anomaly,recall_20_anomaly,caught_20_anomaly,prec_05_spread,recall_05_spread,caught_05_spread,prec_10_spread,recall_10_spread,caught_10_spread,prec_20_spread,recall_20_spread,caught_20_spread,prec_05_best,recall_05_best,caught_05_best,prec_10_best,recall_10_best,caught_10_best,prec_20_best,recall_20_best,caught_20_best,supervised_reference
gemma4-12b,gemma4-12b-base,boolq,665,237,0.35639097744360904,475,0.1705263157894737,0.4850644741511889,0.5217477029851334,0.5103612129815845,0.5217477029851334,0.36363636363636365,0.05063291139240506,0.1957894736842105,0.30303030303030304,0.08438818565400844,0.21263157894736842,0.3533834586466165,0.19831223628691982,0.2694736842105263,0.30303030303030304,0.04219409282700422,0.19157894736842104,0.3484848484848485,0.0970464135021097,0.21894736842105264,0.3157894736842105,0.17721518987341772,0.25894736842105265,0.24242424242424243,0.03375527426160337,0.18736842105263157,0.2727272727272727,0.0759493670886076,0.20842105263157895,0.3533834586466165,0.19831223628691982,0.2694736842105263,0.30303030303030304,0.04219409282700422,0.19157894736842104,0.3484848484848485,0.0970464135021097,0.21894736842105264,0.3157894736842105,0.17721518987341772,0.25894736842105265,anomaly
gemma4-12b,gemma4-12b-base,geometry_of_truth,413,128,0.3099273607748184,1000,0.766,0.6354714912280702,0.5494517543859649,0.546765350877193,0.6354714912280702,0.38095238095238093,0.0625,0.774,0.4878048780487805,0.15625,0.786,0.46987951807228917,0.3046875,0.805,0.38095238095238093,0.0625,0.774,0.3170731707317073,0.1015625,0.779,0.25301204819277107,0.1640625,0.787,0.19047619047619047,0.03125,0.77,0.2682926829268293,0.0859375,0.777,0.3855421686746988,0.25,0.798,0.38095238095238093,0.0625,0.774,0.4878048780487805,0.15625,0.786,0.46987951807228917,0.3046875,0.805,margin
gemma4-12b,gemma4-12b-base,imdb,459,204,0.4444444444444444,1018,0.1974459724950884,0.4900230680507497,0.39542483660130723,0.5459823144944251,0.5459823144944251,0.30434782608695654,0.03431372549019608,0.2043222003929273,0.30434782608695654,0.06862745098039216,0.2111984282907662,0.45652173913043476,0.20588235294117646,0.2387033398821218,0.30434782608695654,0.03431372549019608,0.2043222003929273,0.32608695652173914,0.07352941176470588,0.21218074656188604,0.358695652173913,0.16176470588235295,0.22986247544204322,0.5217391304347826,0.058823529411764705,0.20923379174852652,0.45652173913043476,0.10294117647058823,0.2180746561886051,0.4673913043478261,0.2107843137254902,0.23968565815324164,0.5217391304347826,0.058823529411764705,0.20923379174852652,0.45652173913043476,0.10294117647058823,0.2180746561886051,0.4673913043478261,0.2107843137254902,0.23968565815324164,spread
gemma4-12b,gemma4-12b-base,rte,47,26,0.5531914893617021,62,0.41935483870967744,0.5915750915750916,0.4505494505494506,0.521978021978022,0.5915750915750916,1.0,0.07692307692307693,0.45161290322580644,0.6,0.11538461538461539,0.46774193548387094,0.6666666666666666,0.23076923076923078,0.5161290322580645,0.0,0.0,0.41935483870967744,0.6,0.11538461538461539,0.46774193548387094,0.4444444444444444,0.15384615384615385,0.4838709677419355,0.5,0.038461538461538464,0.43548387096774194,0.6,0.11538461538461539,0.46774193548387094,0.6666666666666666,0.23076923076923078,0.5161290322580645,1.0,0.07692307692307693,0.45161290322580644,0.6,0.11538461538461539,0.46774193548387094,0.6666666666666666,0.23076923076923078,0.5161290322580645,margin
gemma4-12b,gemma4-12b-base,truthfulqa,212,60,0.2830188679245283,327,0.4036697247706422,0.6677631578947368,0.6792763157894737,0.4016447368421052,0.6792763157894737,0.36363636363636365,0.06666666666666667,0.41590214067278286,0.42857142857142855,0.15,0.43119266055045874,0.5238095238095238,0.36666666666666664,0.4709480122324159,0.36363636363636365,0.06666666666666667,0.41590214067278286,0.47619047619047616,0.16666666666666666,0.43425076452599387,0.4523809523809524,0.31666666666666665,0.4617737003058104,0.09090909090909091,0.016666666666666666,0.40672782874617736,0.09523809523809523,0.03333333333333333,0.40978593272171254,0.11904761904761904,0.08333333333333333,0.41896024464831805,0.36363636363636365,0.06666666666666667,0.41590214067278286,0.47619047619047616,0.16666666666666666,0.43425076452599387,0.4523809523809524,0.31666666666666665,0.4617737003058104,anomaly
gemma4-12b,gemma4-31b,boolq,423,68,0.1607565011820331,475,0.5621052631578948,0.634009942004971,0.5149544324772162,0.42796188898094445,0.634009942004971,0.2857142857142857,0.08823529411764706,0.5747368421052632,0.2619047619047619,0.16176470588235295,0.5852631578947368,0.25882352941176473,0.3235294117647059,0.608421052631579,0.19047619047619047,0.058823529411764705,0.5705263157894737,0.16666666666666666,0.10294117647058823,0.5768421052631579,0.17647058823529413,0.22058823529411764,0.5936842105263158,0.14285714285714285,0.04411764705882353,0.5684210526315789,0.11904761904761904,0.07352941176470588,0.5726315789473684,0.12941176470588237,0.16176470588235295,0.5852631578947368,0.2857142857142857,0.08823529411764706,0.5747368421052632,0.2619047619047619,0.16176470588235295,0.5852631578947368,0.25882352941176473,0.3235294117647059,0.608421052631579,margin
gemma4-12b,gemma4-31b,geometry_of_truth,506,74,0.14624505928853754,1000,0.707,0.6457707707707707,0.803616116116116,0.3125,0.803616116116116,0.24,0.08108108108108109,0.713,0.27450980392156865,0.1891891891891892,0.721,0.26732673267326734,0.36486486486486486,0.734,0.28,0.0945945945945946,0.714,0.37254901960784315,0.25675675675675674,0.726,0.3564356435643564,0.4864864864864865,0.743,0.12,0.04054054054054054,0.71,0.058823529411764705,0.04054054054054054,0.71,0.04950495049504951,0.06756756756756757,0.712,0.28,0.0945945945945946,0.714,0.37254901960784315,0.25675675675675674,0.726,0.3564356435643564,0.4864864864864865,0.743,anomaly
gemma4-12b,gemma4-31b,rte,52,28,0.5384615384615384,62,0.4032258064516129,0.494047619047619,0.4449404761904762,0.40327380952380953,0.494047619047619,0.6666666666666666,0.07142857142857142,0.43548387096774194,0.4,0.07142857142857142,0.43548387096774194,0.6,0.21428571428571427,0.5,0.6666666666666666,0.07142857142857142,0.43548387096774194,0.4,0.07142857142857142,0.43548387096774194,0.3,0.10714285714285714,0.45161290322580644,0.0,0.0,0.4032258064516129,0.2,0.03571428571428571,0.41935483870967744,0.3,0.10714285714285714,0.45161290322580644,0.6666666666666666,0.07142857142857142,0.43548387096774194,0.4,0.07142857142857142,0.43548387096774194,0.6,0.21428571428571427,0.5,margin
gemma4-12b,gemma4-31b,truthfulqa,199,50,0.25125628140703515,327,0.41896024464831805,0.6746308724832214,0.6049664429530202,0.3483221476510067,0.6746308724832214,0.4,0.08,0.43119266055045874,0.4,0.16,0.4434250764525994,0.425,0.34,0.4709480122324159,0.4,0.08,0.43119266055045874,0.4,0.16,0.4434250764525994,0.325,0.26,0.45871559633027525,0.0,0.0,0.41896024464831805,0.0,0.0,0.41896024464831805,0.075,0.06,0.42813455657492355,0.4,0.08,0.43119266055045874,0.4,0.16,0.4434250764525994,0.425,0.34,0.4709480122324159,margin
gemma4-12b,qwen3-32b,boolq,638,213,0.3338557993730408,475,0.1957894736842105,0.5463131731565866,0.4606351836509251,0.5230488815244407,0.5463131731565866,0.4375,0.06572769953051644,0.22526315789473683,0.34375,0.10328638497652583,0.24210526315789474,0.3828125,0.2300469483568075,0.29894736842105263,0.125,0.018779342723004695,0.20421052631578948,0.21875,0.06572769953051644,0.22526315789473683,0.2734375,0.1643192488262911,0.2694736842105263,0.4375,0.06572769953051644,0.22526315789473683,0.390625,0.11737089201877934,0.24842105263157896,0.34375,0.20657276995305165,0.28842105263157897,0.4375,0.06572769953051644,0.22526315789473683,0.34375,0.10328638497652583,0.24210526315789474,0.3828125,0.2300469483568075,0.29894736842105263,margin
gemma4-12b,qwen3-32b,geometry_of_truth,707,82,0.11598302687411598,1000,0.579,0.7784780487804878,0.6456975609756098,0.35440000000000005,0.7784780487804878,0.34285714285714286,0.14634146341463414,0.591,0.36619718309859156,0.3170731707317073,0.605,0.2978723404255319,0.5121951219512195,0.621,0.17142857142857143,0.07317073170731707,0.585,0.23943661971830985,0.2073170731707317,0.596,0.24822695035460993,0.4268292682926829,0.614,0.02857142857142857,0.012195121951219513,0.58,0.04225352112676056,0.036585365853658534,0.582,0.04964539007092199,0.08536585365853659,0.586,0.34285714285714286,0.14634146341463414,0.591,0.36619718309859156,0.3170731707317073,0.605,0.2978723404255319,0.5121951219512195,0.621,margin
gemma4-12b,qwen3-32b,imdb,465,111,0.23870967741935484,1018,0.2357563850687623,0.4513411716801547,0.48368707690741586,0.6689061943299232,0.6689061943299232,0.13043478260869565,0.02702702702702703,0.2387033398821218,0.1956521739130435,0.08108108108108109,0.24459724950884087,0.17204301075268819,0.14414414414414414,0.25147347740667975,0.2608695652173913,0.05405405405405406,0.24165029469548133,0.21739130434782608,0.09009009009009009,0.2455795677799607,0.21505376344086022,0.18018018018018017,0.2554027504911591,0.8695652173913043,0.18018018018018017,0.2554027504911591,0.6086956521739131,0.25225225225225223,0.2632612966601179,0.40860215053763443,0.34234234234234234,0.2730844793713163,0.8695652173913043,0.18018018018018017,0.2554027504911591,0.6086956521739131,0.25225225225225223,0.2632612966601179,0.40860215053763443,0.34234234234234234,0.2730844793713163,spread
gemma4-12b,qwen3-32b,rte,47,25,0.5319148936170213,62,0.3870967741935484,0.5963636363636364,0.4490909090909091,0.47818181818181815,0.5963636363636364,0.5,0.04,0.4032258064516129,0.8,0.16,0.45161290322580644,0.6666666666666666,0.24,0.4838709677419355,0.5,0.04,0.4032258064516129,0.8,0.16,0.45161290322580644,0.5555555555555556,0.2,0.46774193548387094,0.5,0.04,0.4032258064516129,0.6,0.12,0.43548387096774194,0.6666666666666666,0.24,0.4838709677419355,0.5,0.04,0.4032258064516129,0.8,0.16,0.45161290322580644,0.6666666666666666,0.24,0.4838709677419355,margin
gemma4-12b,qwen3-32b,truthfulqa,166,29,0.1746987951807229,327,0.42813455657492355,0.5670777749811227,0.6549207148250692,0.25698464636294993,0.6549207148250692,0.25,0.06896551724137931,0.43425076452599387,0.17647058823529413,0.10344827586206896,0.43730886850152906,0.24242424242424243,0.27586206896551724,0.4525993883792049,0.125,0.034482758620689655,0.43119266055045874,0.23529411764705882,0.13793103448275862,0.44036697247706424,0.30303030303030304,0.3448275862068966,0.45871559633027525,0.0,0.0,0.42813455657492355,0.058823529411764705,0.034482758620689655,0.43119266055045874,0.030303030303030304,0.034482758620689655,0.43119266055045874,0.125,0.034482758620689655,0.43119266055045874,0.23529411764705882,0.13793103448275862,0.44036697247706424,0.30303030303030304,0.3448275862068966,0.45871559633027525,anomaly
gemma4-12b,qwen38-27b,boolq,437,64,0.14645308924485126,475,0.5347368421052632,0.7136394101876675,0.49949731903485256,0.5732657506702414,0.7136394101876675,0.5,0.171875,0.5578947368421052,0.36363636363636365,0.25,0.5684210526315789,0.25287356321839083,0.34375,0.5810526315789474,0.13636363636363635,0.046875,0.5410526315789473,0.13636363636363635,0.09375,0.5473684210526316,0.12643678160919541,0.171875,0.5578947368421052,0.2727272727272727,0.09375,0.5473684210526316,0.25,0.171875,0.5578947368421052,0.20689655172413793,0.28125,0.5726315789473684,0.5,0.171875,0.5578947368421052,0.36363636363636365,0.25,0.5684210526315789,0.25287356321839083,0.34375,0.5810526315789474,margin
gemma4-12b,qwen38-27b,geometry_of_truth,723,38,0.05255878284923928,1000,0.54,0.6590472531694198,0.907798693814829,0.3308490203611218,0.907798693814829,0.05555555555555555,0.05263157894736842,0.542,0.06944444444444445,0.13157894736842105,0.545,0.06206896551724138,0.23684210526315788,0.549,0.3611111111111111,0.34210526315789475,0.553,0.2916666666666667,0.5526315789473685,0.561,0.2206896551724138,0.8421052631578947,0.572,0.0,0.0,0.54,0.0,0.0,0.54,0.020689655172413793,0.07894736842105263,0.543,0.3611111111111111,0.34210526315789475,0.553,0.2916666666666667,0.5526315789473685,0.561,0.2206896551724138,0.8421052631578947,0.572,anomaly
gemma4-12b,qwen38-27b,rte,47,19,0.40425531914893614,62,0.5,0.6710526315789473,0.5319548872180451,0.48308270676691734,0.6710526315789473,0.5,0.05263157894736842,0.5161290322580645,0.6,0.15789473684210525,0.5483870967741935,0.6666666666666666,0.3157894736842105,0.5967741935483871,0.5,0.05263157894736842,0.5161290322580645,0.6,0.15789473684210525,0.5483870967741935,0.4444444444444444,0.21052631578947367,0.5645161290322581,0.0,0.0,0.5,0.4,0.10526315789473684,0.532258064516129,0.3333333333333333,0.15789473684210525,0.5483870967741935,0.5,0.05263157894736842,0.5161290322580645,0.6,0.15789473684210525,0.5483870967741935,0.6666666666666666,0.3157894736842105,0.5967741935483871,margin
gemma4-12b,qwen38-27b,truthfulqa,219,53,0.2420091324200913,327,0.41896024464831805,0.5882018640600136,0.6669697658558764,0.4223687201636736,0.6669697658558764,0.36363636363636365,0.07547169811320754,0.43119266055045874,0.36363636363636365,0.1509433962264151,0.4434250764525994,0.4090909090909091,0.33962264150943394,0.4740061162079511,0.45454545454545453,0.09433962264150944,0.43425076452599387,0.3181818181818182,0.1320754716981132,0.44036697247706424,0.4090909090909091,0.33962264150943394,0.4740061162079511,0.09090909090909091,0.018867924528301886,0.42201834862385323,0.045454545454545456,0.018867924528301886,0.42201834862385323,0.11363636363636363,0.09433962264150944,0.43425076452599387,0.45454545454545453,0.09433962264150944,0.43425076452599387,0.3181818181818182,0.1320754716981132,0.44036697247706424,0.4090909090909091,0.33962264150943394,0.4740061162079511,anomaly
gemma4-12b-base,gemma4-12b,boolq,665,237,0.35639097744360904,475,0.1705263157894737,0.4850644741511889,0.5217477029851334,0.5103612129815845,0.5217477029851334,0.36363636363636365,0.05063291139240506,0.1957894736842105,0.30303030303030304,0.08438818565400844,0.21263157894736842,0.3533834586466165,0.19831223628691982,0.2694736842105263,0.30303030303030304,0.04219409282700422,0.19157894736842104,0.3484848484848485,0.0970464135021097,0.21894736842105264,0.3157894736842105,0.17721518987341772,0.25894736842105265,0.24242424242424243,0.03375527426160337,0.18736842105263157,0.2727272727272727,0.0759493670886076,0.20842105263157895,0.3533834586466165,0.19831223628691982,0.2694736842105263,0.30303030303030304,0.04219409282700422,0.19157894736842104,0.3484848484848485,0.0970464135021097,0.21894736842105264,0.3157894736842105,0.17721518987341772,0.25894736842105265,anomaly
gemma4-12b-base,gemma4-12b,geometry_of_truth,413,128,0.3099273607748184,1000,0.766,0.6354714912280702,0.5494517543859649,0.546765350877193,0.6354714912280702,0.38095238095238093,0.0625,0.774,0.4878048780487805,0.15625,0.786,0.46987951807228917,0.3046875,0.805,0.38095238095238093,0.0625,0.774,0.3170731707317073,0.1015625,0.779,0.25301204819277107,0.1640625,0.787,0.19047619047619047,0.03125,0.77,0.2682926829268293,0.0859375,0.777,0.3855421686746988,0.25,0.798,0.38095238095238093,0.0625,0.774,0.4878048780487805,0.15625,0.786,0.46987951807228917,0.3046875,0.805,margin
gemma4-12b-base,gemma4-12b,imdb,459,204,0.4444444444444444,1018,0.1974459724950884,0.4900230680507497,0.39542483660130723,0.5459823144944251,0.5459823144944251,0.30434782608695654,0.03431372549019608,0.2043222003929273,0.30434782608695654,0.06862745098039216,0.2111984282907662,0.45652173913043476,0.20588235294117646,0.2387033398821218,0.30434782608695654,0.03431372549019608,0.2043222003929273,0.32608695652173914,0.07352941176470588,0.21218074656188604,0.358695652173913,0.16176470588235295,0.22986247544204322,0.5217391304347826,0.058823529411764705,0.20923379174852652,0.45652173913043476,0.10294117647058823,0.2180746561886051,0.4673913043478261,0.2107843137254902,0.23968565815324164,0.5217391304347826,0.058823529411764705,0.20923379174852652,0.45652173913043476,0.10294117647058823,0.2180746561886051,0.4673913043478261,0.2107843137254902,0.23968565815324164,spread
gemma4-12b-base,gemma4-12b,rte,47,26,0.5531914893617021,62,0.41935483870967744,0.5915750915750916,0.4505494505494506,0.521978021978022,0.5915750915750916,1.0,0.07692307692307693,0.45161290322580644,0.6,0.11538461538461539,0.46774193548387094,0.6666666666666666,0.23076923076923078,0.5161290322580645,0.0,0.0,0.41935483870967744,0.6,0.11538461538461539,0.46774193548387094,0.4444444444444444,0.15384615384615385,0.4838709677419355,0.5,0.038461538461538464,0.43548387096774194,0.6,0.11538461538461539,0.46774193548387094,0.6666666666666666,0.23076923076923078,0.5161290322580645,1.0,0.07692307692307693,0.45161290322580644,0.6,0.11538461538461539,0.46774193548387094,0.6666666666666666,0.23076923076923078,0.5161290322580645,margin
gemma4-12b-base,gemma4-12b,truthfulqa,212,60,0.2830188679245283,327,0.4036697247706422,0.6677631578947368,0.6792763157894737,0.4016447368421052,0.6792763157894737,0.36363636363636365,0.06666666666666667,0.41590214067278286,0.42857142857142855,0.15,0.43119266055045874,0.5238095238095238,0.36666666666666664,0.4709480122324159,0.36363636363636365,0.06666666666666667,0.41590214067278286,0.47619047619047616,0.16666666666666666,0.43425076452599387,0.4523809523809524,0.31666666666666665,0.4617737003058104,0.09090909090909091,0.016666666666666666,0.40672782874617736,0.09523809523809523,0.03333333333333333,0.40978593272171254,0.11904761904761904,0.08333333333333333,0.41896024464831805,0.36363636363636365,0.06666666666666667,0.41590214067278286,0.47619047619047616,0.16666666666666666,0.43425076452599387,0.4523809523809524,0.31666666666666665,0.4617737003058104,anomaly
gemma4-12b-base,gemma4-31b,boolq,454,71,0.15638766519823788,475,0.6063157894736843,0.689956974221307,0.4417313279152723,0.44143713455668737,0.689956974221307,0.30434782608695654,0.09859154929577464,0.6210526315789474,0.35555555555555557,0.22535211267605634,0.64,0.32967032967032966,0.4225352112676056,0.6694736842105263,0.0,0.0,0.6063157894736843,0.044444444444444446,0.028169014084507043,0.6105263157894737,0.07692307692307693,0.09859154929577464,0.6210526315789474,0.13043478260869565,0.04225352112676056,0.6126315789473684,0.08888888888888889,0.056338028169014086,0.6147368421052631,0.13186813186813187,0.16901408450704225,0.631578947368421,0.30434782608695654,0.09859154929577464,0.6210526315789474,0.35555555555555557,0.22535211267605634,0.64,0.32967032967032966,0.4225352112676056,0.6694736842105263,margin
gemma4-12b-base,gemma4-31b,geometry_of_truth,662,247,0.3731117824773414,1000,0.259,0.9280230232671577,0.3271059948295205,0.8435490951660896,0.9280230232671577,0.7575757575757576,0.10121457489878542,0.284,0.7575757575757576,0.20242914979757085,0.309,0.8333333333333334,0.44534412955465585,0.369,0.21212121212121213,0.02834008097165992,0.266,0.22727272727272727,0.06072874493927125,0.274,0.2196969696969697,0.11740890688259109,0.288,0.9393939393939394,0.12550607287449392,0.29,0.9696969696969697,0.2591093117408907,0.323,0.9090909090909091,0.48582995951417,0.379,0.7575757575757576,0.10121457489878542,0.284,0.7575757575757576,0.20242914979757085,0.309,0.8333333333333334,0.44534412955465585,0.369,margin
gemma4-12b-base,gemma4-31b,rte,55,32,0.5818181818181818,62,0.1774193548387097,0.6426630434782609,0.4456521739130434,0.6059782608695652,0.6426630434782609,0.6666666666666666,0.0625,0.20967741935483872,0.6666666666666666,0.125,0.24193548387096775,0.7272727272727273,0.25,0.3064516129032258,0.3333333333333333,0.03125,0.1935483870967742,0.5,0.09375,0.22580645161290322,0.45454545454545453,0.15625,0.25806451612903225,0.6666666666666666,0.0625,0.20967741935483872,0.6666666666666666,0.125,0.24193548387096775,0.7272727272727273,0.25,0.3064516129032258,0.6666666666666666,0.0625,0.20967741935483872,0.6666666666666666,0.125,0.24193548387096775,0.7272727272727273,0.25,0.3064516129032258,margin
gemma4-12b-base,gemma4-31b,truthfulqa,253,59,0.233201581027668,327,0.25382262996941896,0.7035645640398392,0.6154988642320461,0.38179276603180146,0.7035645640398392,0.3076923076923077,0.06779661016949153,0.26605504587155965,0.48,0.2033898305084746,0.290519877675841,0.47058823529411764,0.4067796610169492,0.327217125382263,0.3076923076923077,0.06779661016949153,0.26605504587155965,0.4,0.1694915254237288,0.28440366972477066,0.37254901960784315,0.3220338983050847,0.3119266055045872,0.0,0.0,0.25382262996941896,0.08,0.03389830508474576,0.2599388379204893,0.09803921568627451,0.0847457627118644,0.2691131498470948,0.3076923076923077,0.06779661016949153,0.26605504587155965,0.48,0.2033898305084746,0.290519877675841,0.47058823529411764,0.4067796610169492,0.327217125382263,margin
gemma4-12b-base,qwen3-32b,boolq,722,239,0.33102493074792244,475,0.1431578947368421,0.5437511369838094,0.46843732945242855,0.5752661624955603,0.5752661624955603,0.4166666666666667,0.06276150627615062,0.17473684210526316,0.375,0.11297071129707113,0.2,0.375,0.22594142259414227,0.25684210526315787,0.2222222222222222,0.03347280334728033,0.16,0.25,0.07531380753138076,0.18105263157894738,0.2916666666666667,0.17573221757322174,0.23157894736842105,0.2777777777777778,0.04184100418410042,0.16421052631578947,0.3194444444444444,0.09623430962343096,0.19157894736842104,0.375,0.22594142259414227,0.25684210526315787,0.2777777777777778,0.04184100418410042,0.16421052631578947,0.3194444444444444,0.09623430962343096,0.19157894736842104,0.375,0.22594142259414227,0.25684210526315787,spread
gemma4-12b-base,qwen3-32b,geometry_of_truth,645,128,0.19844961240310077,1000,0.385,0.9469445116054159,0.5877961798839458,0.8483438104448744,0.9469445116054159,1.0,0.25,0.417,0.875,0.4375,0.441,0.7286821705426356,0.734375,0.479,0.28125,0.0703125,0.394,0.21875,0.109375,0.399,0.15503875968992248,0.15625,0.405,0.65625,0.1640625,0.406,0.71875,0.359375,0.431,0.7131782945736435,0.71875,0.477,1.0,0.25,0.417,0.875,0.4375,0.441,0.7286821705426356,0.734375,0.479,margin
gemma4-12b-base,qwen3-32b,imdb,422,109,0.25829383886255924,1018,0.18958742632612965,0.45355687780285486,0.45150511475217636,0.7433244423601139,0.7433244423601139,0.19047619047619047,0.03669724770642202,0.19351669941060903,0.16666666666666666,0.06422018348623854,0.19646365422396855,0.20238095238095238,0.1559633027522936,0.206286836935167,0.19047619047619047,0.03669724770642202,0.19351669941060903,0.16666666666666666,0.06422018348623854,0.19646365422396855,0.21428571428571427,0.1651376146788991,0.20726915520628683,0.9523809523809523,0.1834862385321101,0.20923379174852652,0.8333333333333334,0.3211009174311927,0.22396856581532418,0.6190476190476191,0.47706422018348627,0.2406679764243615,0.9523809523809523,0.1834862385321101,0.20923379174852652,0.8333333333333334,0.3211009174311927,0.22396856581532418,0.6190476190476191,0.47706422018348627,0.2406679764243615,spread
gemma4-12b-base,qwen3-32b,rte,56,31,0.5535714285714286,62,0.0967741935483871,0.5006451612903225,0.40258064516129033,0.4425806451612903,0.5006451612903225,0.6666666666666666,0.06451612903225806,0.12903225806451613,0.6666666666666666,0.12903225806451613,0.16129032258064516,0.5454545454545454,0.1935483870967742,0.1935483870967742,1.0,0.0967741935483871,0.14516129032258066,0.5,0.0967741935483871,0.14516129032258066,0.45454545454545453,0.16129032258064516,0.1774193548387097,0.3333333333333333,0.03225806451612903,0.11290322580645161,0.3333333333333333,0.06451612903225806,0.12903225806451613,0.45454545454545453,0.16129032258064516,0.1774193548387097,0.6666666666666666,0.06451612903225806,0.12903225806451613,0.6666666666666666,0.12903225806451613,0.16129032258064516,0.5454545454545454,0.1935483870967742,0.1935483870967742,margin
gemma4-12b-base,qwen3-32b,truthfulqa,224,41,0.18303571428571427,327,0.24464831804281345,0.661068905771025,0.734906037584966,0.45395175263228044,0.734906037584966,0.5454545454545454,0.14634146341463414,0.26299694189602446,0.4090909090909091,0.21951219512195122,0.27217125382262997,0.4444444444444444,0.4878048780487805,0.3058103975535168,0.45454545454545453,0.12195121951219512,0.2599388379204893,0.4090909090909091,0.21951219512195122,0.27217125382262997,0.35555555555555557,0.3902439024390244,0.29357798165137616,0.0,0.0,0.24464831804281345,0.0,0.0,0.24464831804281345,0.08888888888888889,0.0975609756097561,0.25688073394495414,0.45454545454545453,0.12195121951219512,0.2599388379204893,0.4090909090909091,0.21951219512195122,0.27217125382262997,0.35555555555555557,0.3902439024390244,0.29357798165137616,anomaly
gemma4-12b-base,qwen38-27b,boolq,490,79,0.16122448979591836,475,0.5284210526315789,0.6966337121562105,0.4859404354923158,0.553235393760202,0.6966337121562105,0.20833333333333334,0.06329113924050633,0.5389473684210526,0.3469387755102041,0.21518987341772153,0.5642105263157895,0.2755102040816326,0.34177215189873417,0.5852631578947368,0.08333333333333333,0.02531645569620253,0.5326315789473685,0.12244897959183673,0.0759493670886076,0.5410526315789473,0.1326530612244898,0.16455696202531644,0.5557894736842105,0.25,0.0759493670886076,0.5410526315789473,0.16326530612244897,0.10126582278481013,0.5452631578947369,0.21428571428571427,0.26582278481012656,0.5726315789473684,0.20833333333333334,0.06329113924050633,0.5389473684210526,0.3469387755102041,0.21518987341772153,0.5642105263157895,0.2755102040816326,0.34177215189873417,0.5852631578947368,margin
gemma4-12b-base,qwen38-27b,geometry_of_truth,549,24,0.04371584699453552,1000,0.466,0.8809523809523809,0.9112698412698412,0.3001587301587302,0.9112698412698412,0.2222222222222222,0.25,0.472,0.2727272727272727,0.625,0.481,0.19090909090909092,0.875,0.487,0.37037037037037035,0.4166666666666667,0.476,0.2545454545454545,0.5833333333333334,0.48,0.17272727272727273,0.7916666666666666,0.485,0.037037037037037035,0.041666666666666664,0.467,0.03636363636363636,0.08333333333333333,0.468,0.02727272727272727,0.125,0.469,0.37037037037037035,0.4166666666666667,0.476,0.2545454545454545,0.5833333333333334,0.48,0.17272727272727273,0.7916666666666666,0.485,anomaly
gemma4-12b-base,qwen38-27b,rte,49,25,0.5102040816326531,62,0.20967741935483872,0.7066666666666667,0.5266666666666666,0.6683333333333333,0.7066666666666667,1.0,0.08,0.24193548387096775,1.0,0.2,0.2903225806451613,0.7,0.28,0.3225806451612903,0.5,0.04,0.22580645161290322,0.8,0.16,0.27419354838709675,0.6,0.24,0.3064516129032258,0.5,0.04,0.22580645161290322,0.8,0.16,0.27419354838709675,0.9,0.36,0.3548387096774194,1.0,0.08,0.24193548387096775,1.0,0.2,0.2903225806451613,0.7,0.28,0.3225806451612903,margin
gemma4-12b-base,qwen38-27b,truthfulqa,263,61,0.23193916349809887,327,0.2599388379204893,0.6102093815938969,0.6679110534004221,0.47086511929881514,0.6679110534004221,0.23076923076923078,0.04918032786885246,0.2691131498470948,0.38461538461538464,0.16393442622950818,0.290519877675841,0.39622641509433965,0.3442622950819672,0.3241590214067278,0.38461538461538464,0.08196721311475409,0.27522935779816515,0.38461538461538464,0.16393442622950818,0.290519877675841,0.37735849056603776,0.32786885245901637,0.3211009174311927,0.0,0.0,0.2599388379204893,0.0,0.0,0.2599388379204893,0.1509433962264151,0.13114754098360656,0.28440366972477066,0.38461538461538464,0.08196721311475409,0.27522935779816515,0.38461538461538464,0.16393442622950818,0.290519877675841,0.37735849056603776,0.32786885245901637,0.3211009174311927,anomaly
gemma4-31b,qwen3-32b,boolq,530,65,0.12264150943396226,475,0.5557894736842105,0.7173862696443342,0.473085194375517,0.4720926385442515,0.7173862696443342,0.23076923076923078,0.09230769230769231,0.5684210526315789,0.2641509433962264,0.2153846153846154,0.5852631578947368,0.2358490566037736,0.38461538461538464,0.608421052631579,0.07692307692307693,0.03076923076923077,0.56,0.1320754716981132,0.1076923076923077,0.5705263157894737,0.10377358490566038,0.16923076923076924,0.5789473684210527,0.11538461538461539,0.046153846153846156,0.5621052631578948,0.07547169811320754,0.06153846153846154,0.5642105263157895,0.08490566037735849,0.13846153846153847,0.5747368421052632,0.23076923076923078,0.09230769230769231,0.5684210526315789,0.2641509433962264,0.2153846153846154,0.5852631578947368,0.2358490566037736,0.38461538461538464,0.608421052631579,margin
gemma4-31b,qwen3-32b,geometry_of_truth,724,83,0.11464088397790055,1000,0.308,0.9198729394958931,0.6320132323365224,0.20590944119692503,0.9198729394958931,0.6111111111111112,0.26506024096385544,0.33,0.5694444444444444,0.4939759036144578,0.349,0.4413793103448276,0.7710843373493976,0.372,0.2777777777777778,0.12048192771084337,0.318,0.25,0.21686746987951808,0.326,0.15862068965517243,0.27710843373493976,0.331,0.027777777777777776,0.012048192771084338,0.309,0.027777777777777776,0.024096385542168676,0.31,0.027586206896551724,0.04819277108433735,0.312,0.6111111111111112,0.26506024096385544,0.33,0.5694444444444444,0.4939759036144578,0.349,0.4413793103448276,0.7710843373493976,0.372,margin
gemma4-31b,qwen3-32b,rte,56,29,0.5178571428571429,62,0.20967741935483872,0.6130268199233717,0.37164750957854403,0.5798212005108557,0.6130268199233717,0.6666666666666666,0.06896551724137931,0.24193548387096775,0.5,0.10344827586206896,0.25806451612903225,0.45454545454545453,0.1724137931034483,0.2903225806451613,0.6666666666666666,0.06896551724137931,0.24193548387096775,0.5,0.10344827586206896,0.25806451612903225,0.36363636363636365,0.13793103448275862,0.27419354838709675,0.3333333333333333,0.034482758620689655,0.22580645161290322,0.5,0.10344827586206896,0.25806451612903225,0.6363636363636364,0.2413793103448276,0.3225806451612903,0.6666666666666666,0.06896551724137931,0.24193548387096775,0.5,0.10344827586206896,0.25806451612903225,0.45454545454545453,0.1724137931034483,0.2903225806451613,margin
gemma4-31b,qwen3-32b,truthfulqa,223,37,0.16591928251121077,327,0.22324159021406728,0.6918047079337402,0.7243533856437083,0.6277244986922407,0.7243533856437083,0.36363636363636365,0.10810810810810811,0.23547400611620795,0.2727272727272727,0.16216216216216217,0.2415902140672783,0.35555555555555557,0.43243243243243246,0.27217125382262997,0.45454545454545453,0.13513513513513514,0.23853211009174313,0.45454545454545453,0.2702702702702703,0.25382262996941896,0.3333333333333333,0.40540540540540543,0.2691131498470948,0.2727272727272727,0.08108108108108109,0.2324159021406728,0.36363636363636365,0.21621621621621623,0.24770642201834864,0.26666666666666666,0.32432432432432434,0.2599388379204893,0.45454545454545453,0.13513513513513514,0.23853211009174313,0.45454545454545453,0.2702702702702703,0.25382262996941896,0.3333333333333333,0.40540540540540543,0.2691131498470948,anomaly
llama-8b,gemma4-12b,boolq,384,56,0.14583333333333334,475,0.56,0.6161803135888502,0.4861171602787456,0.46455792682926833,0.6161803135888502,0.42105263157894735,0.14285714285714285,0.5768421052631579,0.2631578947368421,0.17857142857142858,0.5810526315789474,0.16883116883116883,0.23214285714285715,0.5873684210526315,0.10526315789473684,0.03571428571428571,0.5642105263157895,0.15789473684210525,0.10714285714285714,0.5726315789473684,0.15584415584415584,0.21428571428571427,0.5852631578947368,0.05263157894736842,0.017857142857142856,0.5621052631578948,0.05263157894736842,0.03571428571428571,0.5642105263157895,0.06493506493506493,0.08928571428571429,0.5705263157894737,0.42105263157894735,0.14285714285714285,0.5768421052631579,0.2631578947368421,0.17857142857142858,0.5810526315789474,0.16883116883116883,0.23214285714285715,0.5873684210526315,margin
llama-8b,gemma4-12b,geometry_of_truth,748,60,0.08021390374331551,1000,0.539,0.5943071705426357,0.7094961240310079,0.3394137596899225,0.7094961240310079,0.08108108108108109,0.05,0.542,0.08,0.1,0.545,0.06,0.15,0.548,0.16216216216216217,0.1,0.545,0.21333333333333335,0.26666666666666666,0.555,0.16666666666666666,0.4166666666666667,0.564,0.0,0.0,0.539,0.013333333333333334,0.016666666666666666,0.54,0.03333333333333333,0.08333333333333333,0.544,0.16216216216216217,0.1,0.545,0.21333333333333335,0.26666666666666666,0.555,0.16666666666666666,0.4166666666666667,0.564,anomaly
llama-8b,gemma4-12b,imdb,474,49,0.10337552742616034,1018,0.3605108055009823,0.6150300120048019,0.40648259303721496,0.3575990396158463,0.6150300120048019,0.125,0.061224489795918366,0.36345776031434185,0.10638297872340426,0.10204081632653061,0.3654223968565815,0.14736842105263157,0.2857142857142857,0.3742632612966601,0.0,0.0,0.3605108055009823,0.02127659574468085,0.02040816326530612,0.3614931237721022,0.08421052631578947,0.16326530612244897,0.36836935166994106,0.16666666666666666,0.08163265306122448,0.3644400785854617,0.0851063829787234,0.08163265306122448,0.3644400785854617,0.042105263157894736,0.08163265306122448,0.3644400785854617,0.125,0.061224489795918366,0.36345776031434185,0.10638297872340426,0.10204081632653061,0.3654223968565815,0.14736842105263157,0.2857142857142857,0.3742632612966601,margin
llama-8b,gemma4-12b,rte,47,19,0.40425531914893614,62,0.5,0.5883458646616541,0.5695488721804511,0.5338345864661654,0.5883458646616541,0.5,0.05263157894736842,0.5161290322580645,0.6,0.15789473684210525,0.5483870967741935,0.5555555555555556,0.2631578947368421,0.5806451612903226,0.0,0.0,0.5,0.4,0.10526315789473684,0.532258064516129,0.5555555555555556,0.2631578947368421,0.5806451612903226,0.0,0.0,0.5,0.2,0.05263157894736842,0.5161290322580645,0.2222222222222222,0.10526315789473684,0.532258064516129,0.5,0.05263157894736842,0.5161290322580645,0.6,0.15789473684210525,0.5483870967741935,0.5555555555555556,0.2631578947368421,0.5806451612903226,margin
llama-8b,gemma4-12b,truthfulqa,200,36,0.18,327,0.42201834862385323,0.5538617886178862,0.7186653116531165,0.35687669376693765,0.7186653116531165,0.2,0.05555555555555555,0.42813455657492355,0.25,0.1388888888888889,0.43730886850152906,0.275,0.3055555555555556,0.45565749235474007,0.2,0.05555555555555555,0.42813455657492355,0.3,0.16666666666666666,0.44036697247706424,0.325,0.3611111111111111,0.4617737003058104,0.0,0.0,0.42201834862385323,0.05,0.027777777777777776,0.42507645259938837,0.05,0.05555555555555555,0.42813455657492355,0.2,0.05555555555555555,0.42813455657492355,0.3,0.16666666666666666,0.44036697247706424,0.325,0.3611111111111111,0.4617737003058104,anomaly
llama-8b,gemma4-12b-base,boolq,424,65,0.15330188679245282,475,0.5789473684210527,0.6751660595671738,0.49882151274908937,0.45673880437111636,0.6751660595671738,0.3333333333333333,0.1076923076923077,0.5936842105263158,0.3333333333333333,0.2153846153846154,0.608421052631579,0.24705882352941178,0.3230769230769231,0.6231578947368421,0.14285714285714285,0.046153846153846156,0.5852631578947368,0.14285714285714285,0.09230769230769231,0.5915789473684211,0.1411764705882353,0.18461538461538463,0.6042105263157894,0.047619047619047616,0.015384615384615385,0.5810526315789474,0.07142857142857142,0.046153846153846156,0.5852631578947368,0.08235294117647059,0.1076923076923077,0.5936842105263158,0.3333333333333333,0.1076923076923077,0.5936842105263158,0.3333333333333333,0.2153846153846154,0.608421052631579,0.24705882352941178,0.3230769230769231,0.6231578947368421,margin
llama-8b,gemma4-12b-base,geometry_of_truth,557,37,0.06642728904847396,1000,0.483,0.8297297297297297,0.8737525987525987,0.20051975051975052,0.8737525987525987,0.25,0.1891891891891892,0.49,0.32142857142857145,0.4864864864864865,0.501,0.22522522522522523,0.6756756756756757,0.508,0.32142857142857145,0.24324324324324326,0.492,0.25,0.3783783783783784,0.497,0.1981981981981982,0.5945945945945946,0.505,0.0,0.0,0.483,0.03571428571428571,0.05405405405405406,0.485,0.018018018018018018,0.05405405405405406,0.485,0.32142857142857145,0.24324324324324326,0.492,0.25,0.3783783783783784,0.497,0.1981981981981982,0.5945945945945946,0.505,anomaly
llama-8b,gemma4-12b-base,imdb,353,30,0.08498583569405099,1018,0.3477406679764244,0.5881320949432405,0.5458204334365325,0.38297213622291015,0.5881320949432405,0.2222222222222222,0.13333333333333333,0.3516699410609037,0.11428571428571428,0.13333333333333333,0.3516699410609037,0.11267605633802817,0.26666666666666666,0.3555992141453831,0.05555555555555555,0.03333333333333333,0.3487229862475442,0.08571428571428572,0.1,0.3506876227897839,0.08450704225352113,0.2,0.35363457760314343,0.05555555555555555,0.03333333333333333,0.3487229862475442,0.08571428571428572,0.1,0.3506876227897839,0.056338028169014086,0.13333333333333333,0.3516699410609037,0.2222222222222222,0.13333333333333333,0.3516699410609037,0.11428571428571428,0.13333333333333333,0.3516699410609037,0.11267605633802817,0.26666666666666666,0.3555992141453831,margin
llama-8b,gemma4-12b-base,rte,45,20,0.4444444444444444,62,0.3709677419354839,0.62,0.608,0.59,0.62,1.0,0.1,0.4032258064516129,0.75,0.15,0.41935483870967744,0.6666666666666666,0.3,0.46774193548387094,0.5,0.05,0.3870967741935484,0.5,0.1,0.4032258064516129,0.6666666666666666,0.3,0.46774193548387094,1.0,0.1,0.4032258064516129,0.75,0.15,0.41935483870967744,0.6666666666666666,0.3,0.46774193548387094,1.0,0.1,0.4032258064516129,0.75,0.15,0.41935483870967744,0.6666666666666666,0.3,0.46774193548387094,margin
llama-8b,gemma4-12b-base,truthfulqa,240,39,0.1625,327,0.29357798165137616,0.6018624824594975,0.5947187141216992,0.426585023599949,0.6018624824594975,0.25,0.07692307692307693,0.30275229357798167,0.3333333333333333,0.20512820512820512,0.3180428134556575,0.2916666666666667,0.358974358974359,0.3363914373088685,0.25,0.07692307692307693,0.30275229357798167,0.20833333333333334,0.1282051282051282,0.308868501529052,0.1875,0.23076923076923078,0.3211009174311927,0.16666666666666666,0.05128205128205128,0.2996941896024465,0.08333333333333333,0.05128205128205128,0.2996941896024465,0.041666666666666664,0.05128205128205128,0.2996941896024465,0.25,0.07692307692307693,0.30275229357798167,0.3333333333333333,0.20512820512820512,0.3180428134556575,0.2916666666666667,0.358974358974359,0.3363914373088685,margin
llama-8b,gemma4-31b,boolq,564,58,0.10283687943262411,475,0.28842105263157897,0.6644064331470628,0.4301826359547499,0.4955703966198719,0.6644064331470628,0.21428571428571427,0.10344827586206896,0.30105263157894735,0.23214285714285715,0.22413793103448276,0.3157894736842105,0.1504424778761062,0.29310344827586204,0.32421052631578945,0.07142857142857142,0.034482758620689655,0.2926315789473684,0.07142857142857142,0.06896551724137931,0.2968421052631579,0.09734513274336283,0.1896551724137931,0.31157894736842107,0.07142857142857142,0.034482758620689655,0.2926315789473684,0.10714285714285714,0.10344827586206896,0.30105263157894735,0.11504424778761062,0.22413793103448276,0.3157894736842105,0.21428571428571427,0.10344827586206896,0.30105263157894735,0.23214285714285715,0.22413793103448276,0.3157894736842105,0.1504424778761062,0.29310344827586204,0.32421052631578945,margin
llama-8b,gemma4-31b,geometry_of_truth,685,15,0.021897810218978103,1000,0.36,0.8283582089552239,0.9680597014925374,0.33601990049751246,0.9680597014925374,0.14705882352941177,0.3333333333333333,0.365,0.10294117647058823,0.4666666666666667,0.367,0.072992700729927,0.6666666666666666,0.37,0.29411764705882354,0.6666666666666666,0.37,0.22058823529411764,1.0,0.375,0.10948905109489052,1.0,0.375,0.0,0.0,0.36,0.0,0.0,0.36,0.014598540145985401,0.13333333333333333,0.362,0.29411764705882354,0.6666666666666666,0.37,0.22058823529411764,1.0,0.375,0.10948905109489052,1.0,0.375,anomaly
llama-8b,gemma4-31b,rte,56,24,0.42857142857142855,62,0.2903225806451613,0.7239583333333333,0.5091145833333333,0.5572916666666666,0.7239583333333333,0.6666666666666666,0.08333333333333333,0.3225806451612903,0.6666666666666666,0.16666666666666666,0.3548387096774194,0.7272727272727273,0.3333333333333333,0.41935483870967744,0.3333333333333333,0.041666666666666664,0.3064516129032258,0.3333333333333333,0.08333333333333333,0.3225806451612903,0.45454545454545453,0.20833333333333334,0.3709677419354839,0.6666666666666666,0.08333333333333333,0.3225806451612903,0.6666666666666666,0.16666666666666666,0.3548387096774194,0.5454545454545454,0.25,0.3870967741935484,0.6666666666666666,0.08333333333333333,0.3225806451612903,0.6666666666666666,0.16666666666666666,0.3548387096774194,0.7272727272727273,0.3333333333333333,0.41935483870967744,margin
llama-8b,gemma4-31b,truthfulqa,230,34,0.14782608695652175,327,0.2782874617737003,0.6569627851140456,0.5714285714285714,0.5099039615846339,0.6569627851140456,0.25,0.08823529411764706,0.2874617737003058,0.30434782608695654,0.20588235294117646,0.2996941896024465,0.2826086956521739,0.38235294117647056,0.3180428134556575,0.08333333333333333,0.029411764705882353,0.28134556574923547,0.17391304347826086,0.11764705882352941,0.290519877675841,0.13043478260869565,0.17647058823529413,0.2966360856269113,0.16666666666666666,0.058823529411764705,0.28440366972477066,0.08695652173913043,0.058823529411764705,0.28440366972477066,0.15217391304347827,0.20588235294117646,0.2996941896024465,0.25,0.08823529411764706,0.2874617737003058,0.30434782608695654,0.20588235294117646,0.2996941896024465,0.2826086956521739,0.38235294117647056,0.3180428134556575,margin
llama-8b,qwen3-32b,boolq,508,67,0.13188976377952755,475,0.49473684210526314,0.7177039970216943,0.455105425254679,0.44617050800419666,0.7177039970216943,0.4,0.14925373134328357,0.5157894736842106,0.27450980392156865,0.208955223880597,0.5242105263157895,0.21568627450980393,0.3283582089552239,0.5410526315789473,0.04,0.014925373134328358,0.4968421052631579,0.058823529411764705,0.04477611940298507,0.5010526315789474,0.0784313725490196,0.11940298507462686,0.511578947368421,0.08,0.029850746268656716,0.49894736842105264,0.058823529411764705,0.04477611940298507,0.5010526315789474,0.09803921568627451,0.14925373134328357,0.5157894736842106,0.4,0.14925373134328357,0.5157894736842106,0.27450980392156865,0.208955223880597,0.5242105263157895,0.21568627450980393,0.3283582089552239,0.5410526315789473,margin
llama-8b,qwen3-32b,geometry_of_truth,982,53,0.0539714867617108,1000,0.172,0.7904421471657493,0.8721693035725167,0.4868087007738083,0.8721693035725167,0.3877551020408163,0.3584905660377358,0.191,0.25510204081632654,0.4716981132075472,0.197,0.17857142857142858,0.660377358490566,0.207,0.12244897959183673,0.11320754716981132,0.178,0.23469387755102042,0.4339622641509434,0.195,0.1989795918367347,0.7358490566037735,0.211,0.02040816326530612,0.018867924528301886,0.173,0.02040816326530612,0.03773584905660377,0.174,0.04081632653061224,0.1509433962264151,0.18,0.12244897959183673,0.11320754716981132,0.178,0.23469387755102042,0.4339622641509434,0.195,0.1989795918367347,0.7358490566037735,0.211,anomaly
llama-8b,qwen3-32b,imdb,685,41,0.059854014598540145,1018,0.18172888015717092,0.6079003181336161,0.5505605211331617,0.4237236782305711,0.6079003181336161,0.11764705882352941,0.0975609756097561,0.1856581532416503,0.14705882352941177,0.24390243902439024,0.19155206286836934,0.0948905109489051,0.3170731707317073,0.1944990176817289,0.058823529411764705,0.04878048780487805,0.18369351669941061,0.058823529411764705,0.0975609756097561,0.1856581532416503,0.058394160583941604,0.1951219512195122,0.18958742632612965,0.058823529411764705,0.04878048780487805,0.18369351669941061,0.058823529411764705,0.0975609756097561,0.1856581532416503,0.0364963503649635,0.12195121951219512,0.18664047151277013,0.11764705882352941,0.0975609756097561,0.1856581532416503,0.14705882352941177,0.24390243902439024,0.19155206286836934,0.0948905109489051,0.3170731707317073,0.1944990176817289,margin
llama-8b,qwen3-32b,rte,48,19,0.3958333333333333,62,0.3387096774193548,0.5716878402903811,0.46460980036297644,0.49546279491833023,0.5716878402903811,0.5,0.05263157894736842,0.3548387096774194,0.4,0.10526315789473684,0.3709677419354839,0.4,0.21052631578947367,0.4032258064516129,0.5,0.05263157894736842,0.3548387096774194,0.6,0.15789473684210525,0.3870967741935484,0.4,0.21052631578947367,0.4032258064516129,0.5,0.05263157894736842,0.3548387096774194,0.2,0.05263157894736842,0.3548387096774194,0.6,0.3157894736842105,0.43548387096774194,0.5,0.05263157894736842,0.3548387096774194,0.4,0.10526315789473684,0.3709677419354839,0.4,0.21052631578947367,0.4032258064516129,margin
llama-8b,qwen3-32b,truthfulqa,210,26,0.12380952380952381,327,0.20795107033639143,0.5449414715719063,0.6870819397993311,0.4512959866220736,0.6870819397993311,0.2,0.07692307692307693,0.21406727828746178,0.23809523809523808,0.19230769230769232,0.22324159021406728,0.19047619047619047,0.3076923076923077,0.2324159021406728,0.2,0.07692307692307693,0.21406727828746178,0.2857142857142857,0.23076923076923078,0.22629969418960244,0.21428571428571427,0.34615384615384615,0.23547400611620795,0.0,0.0,0.20795107033639143,0.047619047619047616,0.038461538461538464,0.21100917431192662,0.11904761904761904,0.19230769230769232,0.22324159021406728,0.2,0.07692307692307693,0.21406727828746178,0.2857142857142857,0.23076923076923078,0.22629969418960244,0.21428571428571427,0.34615384615384615,0.23547400611620795,anomaly
llama-8b,qwen3-8b,boolq,548,59,0.10766423357664233,475,0.43157894736842106,0.7155037953623791,0.47429898443728125,0.4699317181380195,0.7155037953623791,0.4074074074074074,0.1864406779661017,0.45473684210526316,0.23636363636363636,0.22033898305084745,0.4589473684210526,0.17272727272727273,0.3220338983050847,0.47157894736842104,0.037037037037037035,0.01694915254237288,0.4336842105263158,0.12727272727272726,0.11864406779661017,0.4463157894736842,0.1,0.1864406779661017,0.45473684210526316,0.037037037037037035,0.01694915254237288,0.4336842105263158,0.05454545454545454,0.05084745762711865,0.4378947368421053,0.1,0.1864406779661017,0.45473684210526316,0.4074074074074074,0.1864406779661017,0.45473684210526316,0.23636363636363636,0.22033898305084745,0.4589473684210526,0.17272727272727273,0.3220338983050847,0.47157894736842104,margin
llama-8b,qwen3-8b,geometry_of_truth,1055,72,0.06824644549763033,1000,0.077,0.8003843110658979,0.8885356618062621,0.5516417994800498,0.8885356618062621,0.39622641509433965,0.2916666666666667,0.098,0.27358490566037735,0.4027777777777778,0.106,0.22274881516587677,0.6527777777777778,0.124,0.33962264150943394,0.25,0.095,0.32075471698113206,0.4722222222222222,0.111,0.24170616113744076,0.7083333333333334,0.128,0.03773584905660377,0.027777777777777776,0.079,0.0660377358490566,0.09722222222222222,0.084,0.07582938388625593,0.2222222222222222,0.093,0.33962264150943394,0.25,0.095,0.32075471698113206,0.4722222222222222,0.111,0.24170616113744076,0.7083333333333334,0.128,anomaly
llama-8b,qwen3-8b,imdb,650,40,0.06153846153846154,1018,0.20039292730844793,0.6054508196721311,0.5725819672131147,0.3629918032786886,0.6054508196721311,0.125,0.1,0.2043222003929273,0.15384615384615385,0.25,0.21021611001964635,0.1076923076923077,0.35,0.21414538310412573,0.0625,0.05,0.20235756385068762,0.06153846153846154,0.1,0.2043222003929273,0.07692307692307693,0.25,0.21021611001964635,0.0625,0.05,0.20235756385068762,0.046153846153846156,0.075,0.20333988212180745,0.038461538461538464,0.125,0.20530451866404714,0.125,0.1,0.2043222003929273,0.15384615384615385,0.25,0.21021611001964635,0.1076923076923077,0.35,0.21414538310412573,margin
llama-8b,qwen3-8b,rte,52,19,0.36538461538461536,62,0.3387096774193548,0.6044657097288676,0.518341307814992,0.5358851674641149,0.6044657097288676,0.6666666666666666,0.10526315789473684,0.3709677419354839,0.4,0.10526315789473684,0.3709677419354839,0.5,0.2631578947368421,0.41935483870967744,0.3333333333333333,0.05263157894736842,0.3548387096774194,0.6,0.15789473684210525,0.3870967741935484,0.4,0.21052631578947367,0.4032258064516129,0.0,0.0,0.3387096774193548,0.4,0.10526315789473684,0.3709677419354839,0.4,0.21052631578947367,0.4032258064516129,0.6666666666666666,0.10526315789473684,0.3709677419354839,0.4,0.10526315789473684,0.3709677419354839,0.5,0.2631578947368421,0.41935483870967744,margin
llama-8b,qwen3-8b,truthfulqa,219,28,0.1278538812785388,327,0.1834862385321101,0.5446896035901272,0.5583395661929693,0.3967838444278235,0.5583395661929693,0.36363636363636365,0.14285714285714285,0.19571865443425077,0.18181818181818182,0.14285714285714285,0.19571865443425077,0.20454545454545456,0.32142857142857145,0.21100917431192662,0.18181818181818182,0.07142857142857142,0.18960244648318042,0.13636363636363635,0.10714285714285714,0.1926605504587156,0.09090909090909091,0.14285714285714285,0.19571865443425077,0.0,0.0,0.1834862385321101,0.09090909090909091,0.07142857142857142,0.18960244648318042,0.09090909090909091,0.14285714285714285,0.19571865443425077,0.18181818181818182,0.07142857142857142,0.18960244648318042,0.13636363636363635,0.10714285714285714,0.1926605504587156,0.09090909090909091,0.14285714285714285,0.19571865443425077,anomaly
llama-8b,qwen3-8b-base,boolq,440,64,0.14545454545454545,475,0.5663157894736842,0.6812250664893618,0.47394448138297873,0.4559923537234043,0.6812250664893618,0.3181818181818182,0.109375,0.5810526315789474,0.29545454545454547,0.203125,0.5936842105263158,0.22727272727272727,0.3125,0.608421052631579,0.09090909090909091,0.03125,0.5705263157894737,0.09090909090909091,0.0625,0.5747368421052632,0.10227272727272728,0.140625,0.5852631578947368,0.045454545454545456,0.015625,0.5684210526315789,0.09090909090909091,0.0625,0.5747368421052632,0.11363636363636363,0.15625,0.5873684210526315,0.3181818181818182,0.109375,0.5810526315789474,0.29545454545454547,0.203125,0.5936842105263158,0.22727272727272727,0.3125,0.608421052631579,margin
llama-8b,qwen3-8b-base,geometry_of_truth,1052,85,0.08079847908745247,1000,0.105,0.710408175679786,0.8588235294117647,0.5171847435975424,0.8588235294117647,0.18867924528301888,0.11764705882352941,0.115,0.2,0.24705882352941178,0.126,0.15714285714285714,0.38823529411764707,0.138,0.2830188679245283,0.17647058823529413,0.12,0.3238095238095238,0.4,0.139,0.23809523809523808,0.5882352941176471,0.155,0.07547169811320754,0.047058823529411764,0.109,0.05714285714285714,0.07058823529411765,0.111,0.08095238095238096,0.2,0.122,0.2830188679245283,0.17647058823529413,0.12,0.3238095238095238,0.4,0.139,0.23809523809523808,0.5882352941176471,0.155,anomaly
llama-8b,qwen3-8b-base,imdb,331,28,0.08459214501510574,1018,0.26129666011787817,0.6072607260726073,0.5695426685525695,0.3836633663366336,0.6072607260726073,0.17647058823529413,0.10714285714285714,0.2642436149312377,0.15151515151515152,0.17857142857142858,0.26620825147347743,0.13636363636363635,0.32142857142857145,0.27013752455795675,0.0,0.0,0.26129666011787817,0.030303030303030304,0.03571428571428571,0.26227897838899805,0.07575757575757576,0.17857142857142858,0.26620825147347743,0.058823529411764705,0.03571428571428571,0.26227897838899805,0.030303030303030304,0.03571428571428571,0.26227897838899805,0.045454545454545456,0.10714285714285714,0.2642436149312377,0.17647058823529413,0.10714285714285714,0.2642436149312377,0.15151515151515152,0.17857142857142858,0.26620825147347743,0.13636363636363635,0.32142857142857145,0.27013752455795675,margin
llama-8b,qwen3-8b-base,rte,44,18,0.4090909090909091,62,0.3870967741935484,0.5705128205128206,0.5576923076923077,0.5854700854700855,0.5854700854700855,0.0,0.0,0.3870967741935484,0.25,0.05555555555555555,0.4032258064516129,0.4444444444444444,0.2222222222222222,0.45161290322580644,0.5,0.05555555555555555,0.4032258064516129,0.25,0.05555555555555555,0.4032258064516129,0.4444444444444444,0.2222222222222222,0.45161290322580644,1.0,0.1111111111111111,0.41935483870967744,1.0,0.2222222222222222,0.45161290322580644,0.5555555555555556,0.2777777777777778,0.46774193548387094,1.0,0.1111111111111111,0.41935483870967744,1.0,0.2222222222222222,0.45161290322580644,0.5555555555555556,0.2777777777777778,0.46774193548387094,spread
llama-8b,qwen3-8b-base,truthfulqa,233,42,0.18025751072961374,327,0.27217125382262997,0.662926950885066,0.6164298180004986,0.5451259037646472,0.662926950885066,0.4166666666666667,0.11904761904761904,0.2874617737003058,0.34782608695652173,0.19047619047619047,0.2966360856269113,0.3617021276595745,0.40476190476190477,0.3241590214067278,0.3333333333333333,0.09523809523809523,0.28440366972477066,0.2608695652173913,0.14285714285714285,0.290519877675841,0.23404255319148937,0.2619047619047619,0.3058103975535168,0.08333333333333333,0.023809523809523808,0.27522935779816515,0.21739130434782608,0.11904761904761904,0.2874617737003058,0.23404255319148937,0.2619047619047619,0.3058103975535168,0.4166666666666667,0.11904761904761904,0.2874617737003058,0.34782608695652173,0.19047619047619047,0.2966360856269113,0.3617021276595745,0.40476190476190477,0.3241590214067278,margin
llama-8b,qwen38-27b,boolq,592,62,0.10472972972972973,475,0.22736842105263158,0.6690200852099818,0.46972002434570914,0.4436396835057821,0.6690200852099818,0.3333333333333333,0.16129032258064516,0.24842105263157896,0.288135593220339,0.27419354838709675,0.2631578947368421,0.16101694915254236,0.3064516129032258,0.2673684210526316,0.0,0.0,0.22736842105263158,0.01694915254237288,0.016129032258064516,0.2294736842105263,0.059322033898305086,0.11290322580645161,0.24210526315789474,0.06666666666666667,0.03225806451612903,0.23157894736842105,0.0847457627118644,0.08064516129032258,0.23789473684210527,0.1016949152542373,0.1935483870967742,0.25263157894736843,0.3333333333333333,0.16129032258064516,0.24842105263157896,0.288135593220339,0.27419354838709675,0.2631578947368421,0.16101694915254236,0.3064516129032258,0.2673684210526316,margin
llama-8b,qwen38-27b,geometry_of_truth,1037,45,0.04339440694310511,1000,0.061,0.7386872759856631,0.9095430107526881,0.46140232974910395,0.9095430107526881,0.25,0.28888888888888886,0.074,0.16346153846153846,0.37777777777777777,0.078,0.1111111111111111,0.5111111111111111,0.084,0.3076923076923077,0.35555555555555557,0.077,0.22115384615384615,0.5111111111111111,0.084,0.18357487922705315,0.8444444444444444,0.099,0.057692307692307696,0.06666666666666667,0.064,0.038461538461538464,0.08888888888888889,0.065,0.028985507246376812,0.13333333333333333,0.067,0.3076923076923077,0.35555555555555557,0.077,0.22115384615384615,0.5111111111111111,0.084,0.18357487922705315,0.8444444444444444,0.099,anomaly
llama-8b,qwen38-27b,rte,59,18,0.3050847457627119,62,0.2903225806451613,0.6246612466124661,0.46341463414634154,0.5081300813008129,0.6246612466124661,0.3333333333333333,0.05555555555555555,0.3064516129032258,0.3333333333333333,0.1111111111111111,0.3225806451612903,0.4166666666666667,0.2777777777777778,0.3709677419354839,0.6666666666666666,0.1111111111111111,0.3225806451612903,0.3333333333333333,0.1111111111111111,0.3225806451612903,0.3333333333333333,0.2222222222222222,0.3548387096774194,0.0,0.0,0.2903225806451613,0.3333333333333333,0.1111111111111111,0.3225806451612903,0.3333333333333333,0.2222222222222222,0.3548387096774194,0.3333333333333333,0.05555555555555555,0.3064516129032258,0.3333333333333333,0.1111111111111111,0.3225806451612903,0.4166666666666667,0.2777777777777778,0.3709677419354839,margin
llama-8b,qwen38-27b,truthfulqa,259,45,0.17374517374517376,327,0.22935779816513763,0.5560747663551402,0.5870197300103842,0.4610591900311527,0.5870197300103842,0.07692307692307693,0.022222222222222223,0.2324159021406728,0.23076923076923078,0.13333333333333333,0.24770642201834864,0.28846153846153844,0.3333333333333333,0.27522935779816515,0.23076923076923078,0.06666666666666667,0.23853211009174313,0.23076923076923078,0.13333333333333333,0.24770642201834864,0.2692307692307692,0.3111111111111111,0.27217125382262997,0.07692307692307693,0.022222222222222223,0.2324159021406728,0.038461538461538464,0.022222222222222223,0.2324159021406728,0.07692307692307693,0.08888888888888889,0.2415902140672783,0.23076923076923078,0.06666666666666667,0.23853211009174313,0.23076923076923078,0.13333333333333333,0.24770642201834864,0.2692307692307692,0.3111111111111111,0.27217125382262997,anomaly
olmo3-7b,gemma4-12b,boolq,621,199,0.32045088566827695,475,0.22526315789473683,0.5482269165733884,0.5284717425992521,0.5385577174974399,0.5482269165733884,0.1935483870967742,0.03015075376884422,0.23789473684210527,0.2903225806451613,0.09045226130653267,0.2631578947368421,0.3387096774193548,0.21105527638190955,0.3136842105263158,0.25806451612903225,0.04020100502512563,0.24210526315789474,0.2903225806451613,0.09045226130653267,0.2631578947368421,0.3225806451612903,0.20100502512562815,0.3094736842105263,0.2903225806451613,0.04522613065326633,0.24421052631578946,0.3064516129032258,0.09547738693467336,0.26526315789473687,0.31451612903225806,0.19597989949748743,0.30736842105263157,0.1935483870967742,0.03015075376884422,0.23789473684210527,0.2903225806451613,0.09045226130653267,0.2631578947368421,0.3387096774193548,0.21105527638190955,0.3136842105263158,margin
olmo3-7b,gemma4-12b,geometry_of_truth,851,162,0.19036427732079905,1000,0.461,0.62162016878998,0.5183662133347668,0.36053324732570013,0.62162016878998,0.23255813953488372,0.06172839506172839,0.471,0.23529411764705882,0.12345679012345678,0.481,0.25882352941176473,0.2716049382716049,0.505,0.18604651162790697,0.04938271604938271,0.469,0.29411764705882354,0.15432098765432098,0.486,0.2529411764705882,0.2654320987654321,0.504,0.13953488372093023,0.037037037037037035,0.467,0.09411764705882353,0.04938271604938271,0.469,0.06470588235294118,0.06790123456790123,0.472,0.23255813953488372,0.06172839506172839,0.471,0.23529411764705882,0.12345679012345678,0.481,0.25882352941176473,0.2716049382716049,0.505,margin
olmo3-7b,gemma4-12b,imdb,481,75,0.15592515592515593,1018,0.29273084479371314,0.5595073891625616,0.5137602627257799,0.6310344827586207,0.6310344827586207,0.2916666666666667,0.09333333333333334,0.29960707269155207,0.25,0.16,0.3045186640471513,0.20833333333333334,0.26666666666666666,0.31237721021611004,0.125,0.04,0.2956777996070727,0.20833333333333334,0.13333333333333333,0.3025540275049116,0.1875,0.24,0.3104125736738703,0.5833333333333334,0.18666666666666668,0.30648330058939094,0.4583333333333333,0.29333333333333333,0.3143418467583497,0.3125,0.4,0.32220039292730845,0.5833333333333334,0.18666666666666668,0.30648330058939094,0.4583333333333333,0.29333333333333333,0.3143418467583497,0.3125,0.4,0.32220039292730845,spread
olmo3-7b,gemma4-12b,rte,48,20,0.4166666666666667,62,0.4838709677419355,0.5946428571428571,0.5678571428571428,0.3767857142857143,0.5946428571428571,0.5,0.05,0.5,0.4,0.1,0.5161290322580645,0.6,0.3,0.5806451612903226,0.0,0.0,0.4838709677419355,0.4,0.1,0.5161290322580645,0.5,0.25,0.5645161290322581,0.5,0.05,0.5,0.2,0.05,0.5,0.2,0.1,0.5161290322580645,0.5,0.05,0.5,0.4,0.1,0.5161290322580645,0.6,0.3,0.5806451612903226,margin
olmo3-7b,gemma4-12b,truthfulqa,185,41,0.22162162162162163,327,0.40061162079510704,0.5999322493224932,0.7020663956639567,0.30691056910569103,0.7020663956639567,0.3333333333333333,0.07317073170731707,0.40978593272171254,0.2777777777777778,0.12195121951219512,0.41590214067278286,0.40540540540540543,0.36585365853658536,0.44648318042813456,0.3333333333333333,0.07317073170731707,0.40978593272171254,0.3333333333333333,0.14634146341463414,0.41896024464831805,0.3783783783783784,0.34146341463414637,0.4434250764525994,0.1111111111111111,0.024390243902439025,0.4036697247706422,0.1111111111111111,0.04878048780487805,0.40672782874617736,0.08108108108108109,0.07317073170731707,0.40978593272171254,0.3333333333333333,0.07317073170731707,0.40978593272171254,0.3333333333333333,0.14634146341463414,0.41896024464831805,0.3783783783783784,0.34146341463414637,0.4434250764525994,anomaly
olmo3-7b,gemma4-12b-base,boolq,709,228,0.3215796897038082,475,0.16,0.5465313491629281,0.4749972644709487,0.5238538133274976,0.5465313491629281,0.3142857142857143,0.04824561403508772,0.1831578947368421,0.29577464788732394,0.09210526315789473,0.20421052631578948,0.34507042253521125,0.2149122807017544,0.2631578947368421,0.2857142857142857,0.043859649122807015,0.18105263157894738,0.23943661971830985,0.07456140350877193,0.1957894736842105,0.24647887323943662,0.15350877192982457,0.2336842105263158,0.22857142857142856,0.03508771929824561,0.17684210526315788,0.29577464788732394,0.09210526315789473,0.20421052631578948,0.3028169014084507,0.18859649122807018,0.2505263157894737,0.3142857142857143,0.04824561403508772,0.1831578947368421,0.29577464788732394,0.09210526315789473,0.20421052631578948,0.34507042253521125,0.2149122807017544,0.2631578947368421,margin
olmo3-7b,gemma4-12b-base,geometry_of_truth,572,49,0.08566433566433566,1000,0.585,0.7815975338510164,0.8688102392008429,0.21293947789440826,0.8688102392008429,0.3793103448275862,0.22448979591836735,0.596,0.3684210526315789,0.42857142857142855,0.606,0.2807017543859649,0.6530612244897959,0.617,0.3793103448275862,0.22448979591836735,0.596,0.3508771929824561,0.40816326530612246,0.605,0.2543859649122807,0.5918367346938775,0.614,0.10344827586206896,0.061224489795918366,0.588,0.05263157894736842,0.061224489795918366,0.588,0.03508771929824561,0.08163265306122448,0.589,0.3793103448275862,0.22448979591836735,0.596,0.3508771929824561,0.40816326530612246,0.605,0.2543859649122807,0.5918367346938775,0.614,anomaly
olmo3-7b,gemma4-12b-base,imdb,384,64,0.16666666666666666,1018,0.2642436149312377,0.55625,0.516650390625,0.688818359375,0.688818359375,0.3157894736842105,0.09375,0.27013752455795675,0.21052631578947367,0.125,0.27210216110019647,0.2077922077922078,0.25,0.27996070726915523,0.15789473684210525,0.046875,0.26719056974459726,0.13157894736842105,0.078125,0.2691552062868369,0.11688311688311688,0.140625,0.2730844793713163,0.9473684210526315,0.28125,0.2819253438113949,0.5789473684210527,0.34375,0.28585461689587427,0.4155844155844156,0.5,0.2956777996070727,0.9473684210526315,0.28125,0.2819253438113949,0.5789473684210527,0.34375,0.28585461689587427,0.4155844155844156,0.5,0.2956777996070727,spread
olmo3-7b,gemma4-12b-base,rte,47,23,0.48936170212765956,62,0.2903225806451613,0.6177536231884058,0.556159420289855,0.5579710144927537,0.6177536231884058,1.0,0.08695652173913043,0.3225806451612903,0.6,0.13043478260869565,0.3387096774193548,0.5555555555555556,0.21739130434782608,0.3709677419354839,0.5,0.043478260869565216,0.3064516129032258,0.6,0.13043478260869565,0.3387096774193548,0.6666666666666666,0.2608695652173913,0.3870967741935484,0.5,0.043478260869565216,0.3064516129032258,0.4,0.08695652173913043,0.3225806451612903,0.4444444444444444,0.17391304347826086,0.3548387096774194,1.0,0.08695652173913043,0.3225806451612903,0.6,0.13043478260869565,0.3387096774193548,0.5555555555555556,0.21739130434782608,0.3709677419354839,margin
olmo3-7b,gemma4-12b-base,truthfulqa,246,57,0.23170731707317074,327,0.1926605504587156,0.6779912744825025,0.6784553977536434,0.379281537176274,0.6784553977536434,0.4166666666666667,0.08771929824561403,0.20795107033639143,0.44,0.19298245614035087,0.22629969418960244,0.5510204081632653,0.47368421052631576,0.27522935779816515,0.4166666666666667,0.08771929824561403,0.20795107033639143,0.48,0.21052631578947367,0.22935779816513763,0.4489795918367347,0.38596491228070173,0.2599388379204893,0.0,0.0,0.1926605504587156,0.12,0.05263157894736842,0.2018348623853211,0.12244897959183673,0.10526315789473684,0.21100917431192662,0.4166666666666667,0.08771929824561403,0.20795107033639143,0.48,0.21052631578947367,0.22935779816513763,0.4489795918367347,0.38596491228070173,0.2599388379204893,anomaly
olmo3-7b,gemma4-31b,boolq,530,63,0.11886792452830189,475,0.5347368421052632,0.7118044933890758,0.4493049182556677,0.42347302946874676,0.7118044933890758,0.34615384615384615,0.14285714285714285,0.5536842105263158,0.2641509433962264,0.2222222222222222,0.5642105263157895,0.22641509433962265,0.38095238095238093,0.5852631578947368,0.038461538461538464,0.015873015873015872,0.5368421052631579,0.09433962264150944,0.07936507936507936,0.5452631578947369,0.10377358490566038,0.1746031746031746,0.5578947368421052,0.07692307692307693,0.031746031746031744,0.5389473684210526,0.07547169811320754,0.06349206349206349,0.5431578947368421,0.08490566037735849,0.14285714285714285,0.5536842105263158,0.34615384615384615,0.14285714285714285,0.5536842105263158,0.2641509433962264,0.2222222222222222,0.5642105263157895,0.22641509433962265,0.38095238095238093,0.5852631578947368,margin
olmo3-7b,gemma4-31b,geometry_of_truth,703,32,0.04551920341394026,1000,0.452,0.7981557377049181,0.905923994038748,0.34514716840536513,0.905923994038748,0.2,0.21875,0.459,0.2,0.4375,0.466,0.14184397163120568,0.625,0.472,0.3142857142857143,0.34375,0.463,0.3,0.65625,0.473,0.2127659574468085,0.9375,0.482,0.0,0.0,0.452,0.0,0.0,0.452,0.02127659574468085,0.09375,0.455,0.3142857142857143,0.34375,0.463,0.3,0.65625,0.473,0.2127659574468085,0.9375,0.482,anomaly
olmo3-7b,gemma4-31b,rte,58,26,0.4482758620689655,62,0.24193548387096775,0.701923076923077,0.5276442307692307,0.5360576923076923,0.701923076923077,0.3333333333333333,0.038461538461538464,0.25806451612903225,0.5,0.11538461538461539,0.2903225806451613,0.5833333333333334,0.2692307692307692,0.3548387096774194,0.6666666666666666,0.07692307692307693,0.27419354838709675,0.5,0.11538461538461539,0.2903225806451613,0.4166666666666667,0.19230769230769232,0.3225806451612903,0.6666666666666666,0.07692307692307693,0.27419354838709675,0.8333333333333334,0.19230769230769232,0.3225806451612903,0.5,0.23076923076923078,0.3387096774193548,0.3333333333333333,0.038461538461538464,0.25806451612903225,0.5,0.11538461538461539,0.2903225806451613,0.5833333333333334,0.2692307692307692,0.3548387096774194,margin
olmo3-7b,gemma4-31b,truthfulqa,240,48,0.2,327,0.2018348623853211,0.6932508680555556,0.5769314236111112,0.4602864583333333,0.6932508680555556,0.4166666666666667,0.10416666666666667,0.21712538226299694,0.4583333333333333,0.22916666666666666,0.23547400611620795,0.4375,0.4375,0.26605504587155965,0.5,0.125,0.22018348623853212,0.375,0.1875,0.22935779816513763,0.2916666666666667,0.2916666666666667,0.24464831804281345,0.3333333333333333,0.08333333333333333,0.21406727828746178,0.25,0.125,0.22018348623853212,0.22916666666666666,0.22916666666666666,0.23547400611620795,0.4166666666666667,0.10416666666666667,0.21712538226299694,0.4583333333333333,0.22916666666666666,0.23547400611620795,0.4375,0.4375,0.26605504587155965,margin
olmo3-7b,llama-8b,boolq,501,60,0.11976047904191617,475,0.49473684210526314,0.6979213907785337,0.4721466364323507,0.42842025699168557,0.6979213907785337,0.4,0.16666666666666666,0.5157894736842106,0.24,0.2,0.52,0.17,0.2833333333333333,0.5305263157894737,0.08,0.03333333333333333,0.49894736842105264,0.1,0.08333333333333333,0.5052631578947369,0.07,0.11666666666666667,0.5094736842105263,0.08,0.03333333333333333,0.49894736842105264,0.08,0.06666666666666667,0.5031578947368421,0.1,0.16666666666666666,0.5157894736842106,0.4,0.16666666666666666,0.5157894736842106,0.24,0.2,0.52,0.17,0.2833333333333333,0.5305263157894737,margin
olmo3-7b,llama-8b,geometry_of_truth,1086,91,0.08379373848987108,1000,0.138,0.7313821856535424,0.8828538295874979,0.43080236346568007,0.8828538295874979,0.35185185185185186,0.2087912087912088,0.157,0.28440366972477066,0.34065934065934067,0.169,0.18433179723502305,0.43956043956043955,0.178,0.3333333333333333,0.1978021978021978,0.156,0.3119266055045872,0.37362637362637363,0.172,0.29493087557603687,0.7032967032967034,0.202,0.05555555555555555,0.03296703296703297,0.141,0.05504587155963303,0.06593406593406594,0.144,0.041474654377880185,0.0989010989010989,0.147,0.3333333333333333,0.1978021978021978,0.156,0.3119266055045872,0.37362637362637363,0.172,0.29493087557603687,0.7032967032967034,0.202,anomaly
olmo3-7b,llama-8b,imdb,910,66,0.07252747252747253,1018,0.11886051080550099,0.7020501220738188,0.540948585379865,0.5221169036334913,0.7020501220738188,0.13043478260869565,0.09090909090909091,0.12475442043222004,0.16483516483516483,0.22727272727272727,0.13359528487229863,0.19230769230769232,0.5303030303030303,0.15324165029469547,0.08695652173913043,0.06060606060606061,0.12278978388998035,0.07692307692307693,0.10606060606060606,0.12573673870333987,0.07692307692307693,0.21212121212121213,0.13261296660117877,0.15217391304347827,0.10606060606060606,0.12573673870333987,0.0989010989010989,0.13636363636363635,0.12770137524557956,0.08241758241758242,0.22727272727272727,0.13359528487229863,0.13043478260869565,0.09090909090909091,0.12475442043222004,0.16483516483516483,0.22727272727272727,0.13359528487229863,0.19230769230769232,0.5303030303030303,0.15324165029469547,margin
olmo3-7b,llama-8b,rte,58,19,0.3275862068965517,62,0.27419354838709675,0.6248313090418354,0.5951417004048584,0.4183535762483131,0.6248313090418354,0.6666666666666666,0.10526315789473684,0.3064516129032258,0.5,0.15789473684210525,0.3225806451612903,0.4166666666666667,0.2631578947368421,0.3548387096774194,0.6666666666666666,0.10526315789473684,0.3064516129032258,0.5,0.15789473684210525,0.3225806451612903,0.5,0.3157894736842105,0.3709677419354839,0.3333333333333333,0.05263157894736842,0.2903225806451613,0.3333333333333333,0.10526315789473684,0.3064516129032258,0.25,0.15789473684210525,0.3225806451612903,0.6666666666666666,0.10526315789473684,0.3064516129032258,0.5,0.15789473684210525,0.3225806451612903,0.4166666666666667,0.2631578947368421,0.3548387096774194,margin
olmo3-7b,llama-8b,truthfulqa,229,34,0.14847161572052403,327,0.20489296636085627,0.544947209653092,0.6256410256410256,0.43951734539969833,0.6256410256410256,0.09090909090909091,0.029411764705882353,0.20795107033639143,0.2608695652173913,0.17647058823529413,0.22324159021406728,0.2826086956521739,0.38235294117647056,0.24464831804281345,0.18181818181818182,0.058823529411764705,0.21100917431192662,0.21739130434782608,0.14705882352941177,0.22018348623853212,0.21739130434782608,0.29411764705882354,0.23547400611620795,0.09090909090909091,0.029411764705882353,0.20795107033639143,0.08695652173913043,0.058823529411764705,0.21100917431192662,0.08695652173913043,0.11764705882352941,0.21712538226299694,0.18181818181818182,0.058823529411764705,0.21100917431192662,0.21739130434782608,0.14705882352941177,0.22018348623853212,0.21739130434782608,0.29411764705882354,0.23547400611620795,anomaly
olmo3-7b,qwen3-32b,boolq,731,205,0.280437756497948,475,0.18105263157894738,0.5937308726699435,0.45450245757210417,0.4492441806547343,0.5937308726699435,0.3783783783783784,0.06829268292682927,0.21052631578947367,0.3698630136986301,0.13170731707317074,0.23789473684210527,0.3698630136986301,0.2634146341463415,0.29473684210526313,0.13513513513513514,0.024390243902439025,0.19157894736842104,0.1780821917808219,0.06341463414634146,0.20842105263157895,0.2054794520547945,0.14634146341463414,0.24421052631578946,0.1891891891891892,0.03414634146341464,0.1957894736842105,0.2191780821917808,0.07804878048780488,0.21473684210526317,0.1917808219178082,0.13658536585365855,0.24,0.3783783783783784,0.06829268292682927,0.21052631578947367,0.3698630136986301,0.13170731707317074,0.23789473684210527,0.3698630136986301,0.2634146341463415,0.29473684210526313,margin
olmo3-7b,qwen3-32b,geometry_of_truth,1007,74,0.07348560079443893,1000,0.256,0.7906491700703919,0.8505547347991078,0.6115408012514122,0.8505547347991078,0.54,0.36486486486486486,0.283,0.33663366336633666,0.4594594594594595,0.29,0.23880597014925373,0.6486486486486487,0.304,0.16,0.10810810810810811,0.264,0.24752475247524752,0.33783783783783783,0.281,0.23880597014925373,0.6486486486486487,0.304,0.12,0.08108108108108109,0.262,0.12871287128712872,0.17567567567567569,0.269,0.12437810945273632,0.33783783783783783,0.281,0.16,0.10810810810810811,0.264,0.24752475247524752,0.33783783783783783,0.281,0.23880597014925373,0.6486486486486487,0.304,anomaly
olmo3-7b,qwen3-32b,imdb,711,73,0.10267229254571027,1018,0.10216110019646366,0.5396143771202817,0.6022029458496156,0.6165242409928287,0.6165242409928287,0.19444444444444445,0.0958904109589041,0.10903732809430255,0.18309859154929578,0.1780821917808219,0.11493123772102161,0.14084507042253522,0.273972602739726,0.12180746561886051,0.1111111111111111,0.0547945205479452,0.10609037328094302,0.11267605633802817,0.1095890410958904,0.1100196463654224,0.14788732394366197,0.2876712328767123,0.12278978388998035,0.4444444444444444,0.2191780821917808,0.11787819253438114,0.28169014084507044,0.273972602739726,0.12180746561886051,0.19718309859154928,0.3835616438356164,0.12966601178781925,0.4444444444444444,0.2191780821917808,0.11787819253438114,0.28169014084507044,0.273972602739726,0.12180746561886051,0.19718309859154928,0.3835616438356164,0.12966601178781925,spread
olmo3-7b,qwen3-32b,rte,50,22,0.44,62,0.25806451612903225,0.5714285714285714,0.43993506493506496,0.538961038961039,0.5714285714285714,0.5,0.045454545454545456,0.27419354838709675,0.2,0.045454545454545456,0.27419354838709675,0.4,0.18181818181818182,0.3225806451612903,0.5,0.045454545454545456,0.27419354838709675,0.6,0.13636363636363635,0.3064516129032258,0.4,0.18181818181818182,0.3225806451612903,0.5,0.045454545454545456,0.27419354838709675,0.4,0.09090909090909091,0.2903225806451613,0.3,0.13636363636363635,0.3064516129032258,0.5,0.045454545454545456,0.27419354838709675,0.2,0.045454545454545456,0.27419354838709675,0.4,0.18181818181818182,0.3225806451612903,margin
olmo3-7b,qwen3-32b,truthfulqa,221,38,0.17194570135746606,327,0.1437308868501529,0.6159045153868277,0.6857923497267758,0.44147253379350015,0.6857923497267758,0.45454545454545453,0.13157894736842105,0.15902140672782875,0.5,0.2894736842105263,0.17737003058103976,0.45454545454545453,0.5263157894736842,0.20489296636085627,0.45454545454545453,0.13157894736842105,0.15902140672782875,0.3181818181818182,0.18421052631578946,0.1651376146788991,0.2727272727272727,0.3157894736842105,0.18042813455657492,0.09090909090909091,0.02631578947368421,0.14678899082568808,0.045454545454545456,0.02631578947368421,0.14678899082568808,0.11363636363636363,0.13157894736842105,0.15902140672782875,0.45454545454545453,0.13157894736842105,0.15902140672782875,0.3181818181818182,0.18421052631578946,0.1651376146788991,0.2727272727272727,0.3157894736842105,0.18042813455657492,anomaly
olmo3-7b,qwen3-8b,boolq,723,182,0.2517289073305671,475,0.18105263157894738,0.6702992017224919,0.4570189514736649,0.5198553756779265,0.6702992017224919,0.4166666666666667,0.08241758241758242,0.21263157894736842,0.3888888888888889,0.15384615384615385,0.24,0.4,0.31868131868131866,0.3031578947368421,0.08333333333333333,0.016483516483516484,0.18736842105263157,0.1111111111111111,0.04395604395604396,0.19789473684210526,0.23448275862068965,0.18681318681318682,0.25263157894736843,0.08333333333333333,0.016483516483516484,0.18736842105263157,0.1527777777777778,0.06043956043956044,0.20421052631578948,0.22758620689655173,0.1813186813186813,0.2505263157894737,0.4166666666666667,0.08241758241758242,0.21263157894736842,0.3888888888888889,0.15384615384615385,0.24,0.4,0.31868131868131866,0.3031578947368421,margin
olmo3-7b,qwen3-8b,geometry_of_truth,1085,100,0.09216589861751152,1000,0.147,0.7939796954314722,0.8968020304568528,0.5841624365482233,0.8968020304568528,0.5370370370370371,0.29,0.176,0.3888888888888889,0.42,0.189,0.29493087557603687,0.64,0.211,0.37037037037037035,0.2,0.167,0.4074074074074074,0.44,0.191,0.3317972350230415,0.72,0.219,0.07407407407407407,0.04,0.151,0.08333333333333333,0.09,0.156,0.11059907834101383,0.24,0.171,0.37037037037037035,0.2,0.167,0.4074074074074074,0.44,0.191,0.3317972350230415,0.72,0.219,anomaly
olmo3-7b,qwen3-8b,imdb,676,70,0.10355029585798817,1018,0.12475442043222004,0.5138378123526638,0.6323196605374823,0.6011315417256011,0.6323196605374823,0.11764705882352941,0.05714285714285714,0.12868369351669942,0.14705882352941177,0.14285714285714285,0.13457760314341846,0.13333333333333333,0.2571428571428571,0.14243614931237722,0.17647058823529413,0.08571428571428572,0.13064833005893908,0.16176470588235295,0.15714285714285714,0.13555992141453832,0.14814814814814814,0.2857142857142857,0.1444007858546169,0.5588235294117647,0.2714285714285714,0.14341846758349705,0.3235294117647059,0.3142857142857143,0.14636542239685657,0.2074074074074074,0.4,0.15225933202357564,0.17647058823529413,0.08571428571428572,0.13064833005893908,0.16176470588235295,0.15714285714285714,0.13555992141453832,0.14814814814814814,0.2857142857142857,0.1444007858546169,anomaly
olmo3-7b,qwen3-8b,rte,57,23,0.40350877192982454,62,0.22580645161290322,0.5639386189258312,0.41304347826086957,0.4156010230179028,0.5639386189258312,0.3333333333333333,0.043478260869565216,0.24193548387096775,0.16666666666666666,0.043478260869565216,0.24193548387096775,0.5454545454545454,0.2608695652173913,0.3225806451612903,0.0,0.0,0.22580645161290322,0.3333333333333333,0.08695652173913043,0.25806451612903225,0.36363636363636365,0.17391304347826086,0.2903225806451613,0.3333333333333333,0.043478260869565216,0.24193548387096775,0.3333333333333333,0.08695652173913043,0.25806451612903225,0.2727272727272727,0.13043478260869565,0.27419354838709675,0.3333333333333333,0.043478260869565216,0.24193548387096775,0.16666666666666666,0.043478260869565216,0.24193548387096775,0.5454545454545454,0.2608695652173913,0.3225806451612903,margin
olmo3-7b,qwen3-8b,truthfulqa,236,42,0.17796610169491525,327,0.10703363914373089,0.6029700540009818,0.6639666175748651,0.4543446244477173,0.6639666175748651,0.4166666666666667,0.11904761904761904,0.12232415902140673,0.375,0.21428571428571427,0.1345565749235474,0.425531914893617,0.47619047619047616,0.16819571865443425,0.4166666666666667,0.11904761904761904,0.12232415902140673,0.2916666666666667,0.16666666666666666,0.12844036697247707,0.2978723404255319,0.3333333333333333,0.14984709480122324,0.08333333333333333,0.023809523809523808,0.11009174311926606,0.041666666666666664,0.023809523809523808,0.11009174311926606,0.0851063829787234,0.09523809523809523,0.11926605504587157,0.4166666666666667,0.11904761904761904,0.12232415902140673,0.2916666666666667,0.16666666666666666,0.12844036697247707,0.2978723404255319,0.3333333333333333,0.14984709480122324,anomaly
olmo3-7b,qwen3-8b-base,boolq,729,230,0.31550068587105623,475,0.13473684210526315,0.5689988672998171,0.4710987191774854,0.5088089221922105,0.5689988672998171,0.3333333333333333,0.05217391304347826,0.16,0.3013698630136986,0.09565217391304348,0.18105263157894738,0.3698630136986301,0.23478260869565218,0.24842105263157896,0.16666666666666666,0.02608695652173913,0.14736842105263157,0.1780821917808219,0.05652173913043478,0.16210526315789472,0.3082191780821918,0.1956521739130435,0.2294736842105263,0.19444444444444445,0.030434782608695653,0.14947368421052631,0.3561643835616438,0.11304347826086956,0.18947368421052632,0.3356164383561644,0.21304347826086956,0.23789473684210527,0.3333333333333333,0.05217391304347826,0.16,0.3013698630136986,0.09565217391304348,0.18105263157894738,0.3698630136986301,0.23478260869565218,0.24842105263157896,margin
olmo3-7b,qwen3-8b-base,geometry_of_truth,1120,152,0.1357142857142857,1000,0.097,0.7140536646367986,0.7927359721618095,0.5587959438886472,0.7927359721618095,0.3392857142857143,0.125,0.116,0.375,0.27631578947368424,0.139,0.27232142857142855,0.40131578947368424,0.158,0.375,0.13815789473684212,0.118,0.375,0.27631578947368424,0.139,0.35267857142857145,0.5197368421052632,0.176,0.19642857142857142,0.07236842105263158,0.108,0.1875,0.13815789473684212,0.118,0.17410714285714285,0.2565789473684211,0.136,0.375,0.13815789473684212,0.118,0.375,0.27631578947368424,0.139,0.35267857142857145,0.5197368421052632,0.176,anomaly
olmo3-7b,qwen3-8b-base,imdb,363,59,0.162534435261708,1018,0.18369351669941061,0.5456066012488849,0.6059879571810882,0.657392952720785,0.657392952720785,0.16666666666666666,0.05084745762711865,0.18664047151277013,0.16666666666666666,0.1016949152542373,0.18958742632612965,0.1780821917808219,0.22033898305084745,0.19646365422396855,0.1111111111111111,0.03389830508474576,0.1856581532416503,0.16666666666666666,0.1016949152542373,0.18958742632612965,0.1780821917808219,0.22033898305084745,0.19646365422396855,0.9444444444444444,0.288135593220339,0.20039292730844793,0.5833333333333334,0.3559322033898305,0.2043222003929273,0.3424657534246575,0.423728813559322,0.2082514734774067,0.9444444444444444,0.288135593220339,0.20039292730844793,0.5833333333333334,0.3559322033898305,0.2043222003929273,0.3424657534246575,0.423728813559322,0.2082514734774067,spread
olmo3-7b,qwen3-8b-base,rte,48,22,0.4583333333333333,62,0.27419354838709675,0.5559440559440559,0.4912587412587413,0.5664335664335665,0.5664335664335665,0.0,0.0,0.27419354838709675,0.2,0.045454545454545456,0.2903225806451613,0.4,0.18181818181818182,0.3387096774193548,0.0,0.0,0.27419354838709675,0.2,0.045454545454545456,0.2903225806451613,0.3,0.13636363636363635,0.3225806451612903,0.5,0.045454545454545456,0.2903225806451613,0.6,0.13636363636363635,0.3225806451612903,0.4,0.18181818181818182,0.3387096774193548,0.5,0.045454545454545456,0.2903225806451613,0.6,0.13636363636363635,0.3225806451612903,0.4,0.18181818181818182,0.3387096774193548,spread
olmo3-7b,qwen3-8b-base,truthfulqa,235,50,0.2127659574468085,327,0.2324159021406728,0.6677837837837838,0.6940540540540541,0.6089729729729729,0.6940540540540541,0.5833333333333334,0.14,0.25382262996941896,0.5416666666666666,0.26,0.27217125382262997,0.48936170212765956,0.46,0.30275229357798167,0.4166666666666667,0.1,0.24770642201834864,0.375,0.18,0.2599388379204893,0.3404255319148936,0.32,0.28134556574923547,0.08333333333333333,0.02,0.23547400611620795,0.3333333333333333,0.16,0.25688073394495414,0.3617021276595745,0.34,0.28440366972477066,0.4166666666666667,0.1,0.24770642201834864,0.375,0.18,0.2599388379204893,0.3404255319148936,0.32,0.28134556574923547,anomaly
olmo3-7b,qwen38-27b,boolq,580,81,0.1396551724137931,475,0.4147368421052632,0.7042974838566022,0.4383087161978277,0.4838813429327791,0.7042974838566022,0.3448275862068966,0.12345679012345678,0.4357894736842105,0.3103448275862069,0.2222222222222222,0.45263157894736844,0.25,0.35802469135802467,0.47578947368421054,0.034482758620689655,0.012345679012345678,0.4168421052631579,0.08620689655172414,0.06172839506172839,0.42526315789473684,0.10344827586206896,0.14814814814814814,0.44,0.10344827586206896,0.037037037037037035,0.42105263157894735,0.13793103448275862,0.09876543209876543,0.43157894736842106,0.13793103448275862,0.19753086419753085,0.44842105263157894,0.3448275862068966,0.12345679012345678,0.4357894736842105,0.3103448275862069,0.2222222222222222,0.45263157894736844,0.25,0.35802469135802467,0.47578947368421054,margin
olmo3-7b,qwen38-27b,geometry_of_truth,1046,51,0.04875717017208413,1000,0.175,0.7219627549512267,0.9141984431963741,0.5238151542023844,0.9141984431963741,0.3269230769230769,0.3333333333333333,0.192,0.21904761904761905,0.45098039215686275,0.198,0.12440191387559808,0.5098039215686274,0.201,0.34615384615384615,0.35294117647058826,0.193,0.2571428571428571,0.5294117647058824,0.202,0.21052631578947367,0.8627450980392157,0.219,0.038461538461538464,0.0392156862745098,0.177,0.02857142857142857,0.058823529411764705,0.178,0.05263157894736842,0.21568627450980393,0.186,0.34615384615384615,0.35294117647058826,0.193,0.2571428571428571,0.5294117647058824,0.202,0.21052631578947367,0.8627450980392157,0.219,anomaly
olmo3-7b,qwen38-27b,rte,64,24,0.375,62,0.11290322580645161,0.6770833333333334,0.44375,0.5760416666666666,0.6770833333333334,0.3333333333333333,0.041666666666666664,0.12903225806451613,0.5,0.125,0.16129032258064516,0.6153846153846154,0.3333333333333333,0.24193548387096775,0.3333333333333333,0.041666666666666664,0.12903225806451613,0.3333333333333333,0.08333333333333333,0.14516129032258066,0.38461538461538464,0.20833333333333334,0.1935483870967742,0.3333333333333333,0.041666666666666664,0.12903225806451613,0.16666666666666666,0.041666666666666664,0.12903225806451613,0.3076923076923077,0.16666666666666666,0.1774193548387097,0.3333333333333333,0.041666666666666664,0.12903225806451613,0.5,0.125,0.16129032258064516,0.6153846153846154,0.3333333333333333,0.24193548387096775,margin
olmo3-7b,qwen38-27b,truthfulqa,260,57,0.21923076923076923,327,0.1651376146788991,0.6077262120819289,0.6645060928182526,0.4047186932849365,0.6645060928182526,0.3076923076923077,0.07017543859649122,0.17737003058103976,0.34615384615384615,0.15789473684210525,0.1926605504587156,0.38461538461538464,0.3508771929824561,0.22629969418960244,0.38461538461538464,0.08771929824561403,0.18042813455657492,0.46153846153846156,0.21052631578947367,0.2018348623853211,0.3269230769230769,0.2982456140350877,0.21712538226299694,0.07692307692307693,0.017543859649122806,0.16819571865443425,0.038461538461538464,0.017543859649122806,0.16819571865443425,0.09615384615384616,0.08771929824561403,0.18042813455657492,0.38461538461538464,0.08771929824561403,0.18042813455657492,0.46153846153846156,0.21052631578947367,0.2018348623853211,0.3269230769230769,0.2982456140350877,0.21712538226299694,anomaly
qwen3-1.7b,gemma4-12b,boolq,666,237,0.35585585585585583,475,0.16,0.4973690163563581,0.4843075349404463,0.4882712224484377,0.4973690163563581,0.3333333333333333,0.046413502109704644,0.1831578947368421,0.373134328358209,0.10548523206751055,0.21263157894736842,0.37593984962406013,0.2109704641350211,0.26526315789473687,0.2727272727272727,0.0379746835443038,0.17894736842105263,0.26865671641791045,0.0759493670886076,0.19789473684210526,0.2932330827067669,0.16455696202531644,0.24210526315789474,0.36363636363636365,0.05063291139240506,0.18526315789473685,0.3582089552238806,0.10126582278481013,0.21052631578947367,0.3308270676691729,0.18565400843881857,0.25263157894736843,0.3333333333333333,0.046413502109704644,0.1831578947368421,0.373134328358209,0.10548523206751055,0.21263157894736842,0.37593984962406013,0.2109704641350211,0.26526315789473687,margin
qwen3-1.7b,gemma4-12b,geometry_of_truth,665,136,0.20451127819548873,1000,0.543,0.5243661736906483,0.7739908817969532,0.6073334815967975,0.7739908817969532,0.12121212121212122,0.029411764705882353,0.547,0.18181818181818182,0.08823529411764706,0.555,0.21804511278195488,0.21323529411764705,0.572,0.42424242424242425,0.10294117647058823,0.557,0.36363636363636365,0.17647058823529413,0.567,0.47368421052631576,0.4632352941176471,0.606,0.36363636363636365,0.08823529411764706,0.555,0.3787878787878788,0.18382352941176472,0.568,0.3684210526315789,0.3602941176470588,0.592,0.42424242424242425,0.10294117647058823,0.557,0.36363636363636365,0.17647058823529413,0.567,0.47368421052631576,0.4632352941176471,0.606,anomaly
qwen3-1.7b,gemma4-12b,imdb,407,173,0.4250614250614251,1018,0.17976424361493124,0.4696161256854898,0.44486438417074253,0.5249493602094758,0.5249493602094758,0.3,0.03468208092485549,0.1856581532416503,0.34146341463414637,0.08092485549132948,0.19351669941060903,0.345679012345679,0.16184971098265896,0.20726915520628683,0.2,0.023121387283236993,0.18369351669941061,0.36585365853658536,0.08670520231213873,0.1944990176817289,0.3333333333333333,0.15606936416184972,0.206286836935167,0.55,0.06358381502890173,0.1905697445972495,0.4634146341463415,0.10982658959537572,0.19842829076620824,0.4691358024691358,0.21965317919075145,0.21709233791748528,0.55,0.06358381502890173,0.1905697445972495,0.4634146341463415,0.10982658959537572,0.19842829076620824,0.4691358024691358,0.21965317919075145,0.21709233791748528,spread
qwen3-1.7b,gemma4-12b,rte,47,26,0.5531914893617021,62,0.3548387096774194,0.5677655677655677,0.5018315018315018,0.47252747252747257,0.5677655677655677,0.5,0.038461538461538464,0.3709677419354839,0.6,0.11538461538461539,0.4032258064516129,0.6666666666666666,0.23076923076923078,0.45161290322580644,0.5,0.038461538461538464,0.3709677419354839,0.4,0.07692307692307693,0.3870967741935484,0.5555555555555556,0.19230769230769232,0.43548387096774194,0.5,0.038461538461538464,0.3709677419354839,0.6,0.11538461538461539,0.4032258064516129,0.7777777777777778,0.2692307692307692,0.46774193548387094,0.5,0.038461538461538464,0.3709677419354839,0.6,0.11538461538461539,0.4032258064516129,0.6666666666666666,0.23076923076923078,0.45161290322580644,margin
qwen3-1.7b,gemma4-12b,truthfulqa,188,45,0.2393617021276596,327,0.3853211009174312,0.625019425019425,0.6641802641802641,0.40543900543900546,0.6641802641802641,0.5555555555555556,0.1111111111111111,0.40061162079510704,0.47368421052631576,0.2,0.41284403669724773,0.4473684210526316,0.37777777777777777,0.43730886850152906,0.2222222222222222,0.044444444444444446,0.39143730886850153,0.3157894736842105,0.13333333333333333,0.4036697247706422,0.34210526315789475,0.28888888888888886,0.42507645259938837,0.0,0.0,0.3853211009174312,0.10526315789473684,0.044444444444444446,0.39143730886850153,0.15789473684210525,0.13333333333333333,0.4036697247706422,0.2222222222222222,0.044444444444444446,0.39143730886850153,0.3157894736842105,0.13333333333333333,0.4036697247706422,0.34210526315789475,0.28888888888888886,0.42507645259938837,anomaly
qwen3-1.7b,gemma4-12b-base,boolq,766,276,0.360313315926893,475,0.05263157894736842,0.5033052351375332,0.46159420289855074,0.4985211475894706,0.5033052351375332,0.39473684210526316,0.05434782608695652,0.08421052631578947,0.36363636363636365,0.10144927536231885,0.11157894736842106,0.3790849673202614,0.21014492753623187,0.17473684210526316,0.23684210526315788,0.03260869565217391,0.07157894736842105,0.2987012987012987,0.08333333333333333,0.10105263157894737,0.2679738562091503,0.14855072463768115,0.13894736842105262,0.2631578947368421,0.036231884057971016,0.07368421052631578,0.2857142857142857,0.07971014492753623,0.09894736842105263,0.3202614379084967,0.17753623188405798,0.15578947368421053,0.39473684210526316,0.05434782608695652,0.08421052631578947,0.36363636363636365,0.10144927536231885,0.11157894736842106,0.3790849673202614,0.21014492753623187,0.17473684210526316,margin
qwen3-1.7b,gemma4-12b-base,geometry_of_truth,578,120,0.20761245674740483,1000,0.473,0.750127365356623,0.6358260553129549,0.6412117903930131,0.750127365356623,0.5172413793103449,0.125,0.488,0.43103448275862066,0.20833333333333334,0.498,0.4051724137931034,0.39166666666666666,0.52,0.3793103448275862,0.09166666666666666,0.484,0.3103448275862069,0.15,0.491,0.2672413793103448,0.25833333333333336,0.504,0.41379310344827586,0.1,0.485,0.3103448275862069,0.15,0.491,0.31896551724137934,0.30833333333333335,0.51,0.5172413793103449,0.125,0.488,0.43103448275862066,0.20833333333333334,0.498,0.4051724137931034,0.39166666666666666,0.52,margin
qwen3-1.7b,gemma4-12b-base,imdb,417,178,0.42685851318944845,1018,0.11984282907662082,0.44997884443608666,0.4235343895444502,0.5329556673405105,0.5329556673405105,0.47619047619047616,0.056179775280898875,0.12966601178781925,0.38095238095238093,0.0898876404494382,0.13555992141453832,0.37349397590361444,0.17415730337078653,0.15029469548133595,0.19047619047619047,0.02247191011235955,0.1237721021611002,0.2857142857142857,0.06741573033707865,0.13163064833005894,0.30120481927710846,0.1404494382022472,0.1444007858546169,0.47619047619047616,0.056179775280898875,0.12966601178781925,0.47619047619047616,0.11235955056179775,0.13948919449901767,0.4939759036144578,0.2303370786516854,0.16011787819253437,0.47619047619047616,0.056179775280898875,0.12966601178781925,0.47619047619047616,0.11235955056179775,0.13948919449901767,0.4939759036144578,0.2303370786516854,0.16011787819253437,spread
qwen3-1.7b,gemma4-12b-base,rte,56,32,0.5714285714285714,62,0.06451612903225806,0.4817708333333333,0.40104166666666663,0.3515625,0.4817708333333333,0.6666666666666666,0.0625,0.0967741935483871,0.6666666666666666,0.125,0.12903225806451613,0.5454545454545454,0.1875,0.16129032258064516,0.3333333333333333,0.03125,0.08064516129032258,0.5,0.09375,0.11290322580645161,0.36363636363636365,0.125,0.12903225806451613,0.3333333333333333,0.03125,0.08064516129032258,0.5,0.09375,0.11290322580645161,0.45454545454545453,0.15625,0.14516129032258066,0.6666666666666666,0.0625,0.0967741935483871,0.6666666666666666,0.125,0.12903225806451613,0.5454545454545454,0.1875,0.16129032258064516,margin
qwen3-1.7b,gemma4-12b-base,truthfulqa,241,53,0.21991701244813278,327,0.22629969418960244,0.6370935367322361,0.6652950622240064,0.43145323163388205,0.6652950622240064,0.6666666666666666,0.1509433962264151,0.25076452599388377,0.5,0.22641509433962265,0.26299694189602446,0.4583333333333333,0.41509433962264153,0.29357798165137616,0.4166666666666667,0.09433962264150944,0.2415902140672783,0.4166666666666667,0.18867924528301888,0.25688073394495414,0.3333333333333333,0.3018867924528302,0.27522935779816515,0.08333333333333333,0.018867924528301886,0.22935779816513763,0.125,0.05660377358490566,0.23547400611620795,0.10416666666666667,0.09433962264150944,0.2415902140672783,0.4166666666666667,0.09433962264150944,0.2415902140672783,0.4166666666666667,0.18867924528301888,0.25688073394495414,0.3333333333333333,0.3018867924528302,0.27522935779816515,anomaly
qwen3-1.7b,gemma4-31b,boolq,468,70,0.14957264957264957,475,0.6,0.6808327351040919,0.43944723618090453,0.4290739411342426,0.6808327351040919,0.17391304347826086,0.05714285714285714,0.608421052631579,0.23404255319148937,0.15714285714285714,0.6231578947368421,0.2872340425531915,0.38571428571428573,0.6568421052631579,0.08695652173913043,0.02857142857142857,0.6042105263157894,0.0425531914893617,0.02857142857142857,0.6042105263157894,0.11702127659574468,0.15714285714285714,0.6231578947368421,0.08695652173913043,0.02857142857142857,0.6042105263157894,0.0425531914893617,0.02857142857142857,0.6042105263157894,0.0851063829787234,0.11428571428571428,0.6168421052631579,0.17391304347826086,0.05714285714285714,0.608421052631579,0.23404255319148937,0.15714285714285714,0.6231578947368421,0.2872340425531915,0.38571428571428573,0.6568421052631579,margin
qwen3-1.7b,gemma4-31b,geometry_of_truth,627,73,0.11642743221690591,1000,0.4,0.7904159042579496,0.6921022699174125,0.21482617081252164,0.7904159042579496,0.41935483870967744,0.1780821917808219,0.413,0.3333333333333333,0.2876712328767123,0.421,0.304,0.5205479452054794,0.438,0.3225806451612903,0.136986301369863,0.41,0.31746031746031744,0.273972602739726,0.42,0.184,0.3150684931506849,0.423,0.06451612903225806,0.0273972602739726,0.402,0.06349206349206349,0.0547945205479452,0.404,0.04,0.0684931506849315,0.405,0.41935483870967744,0.1780821917808219,0.413,0.3333333333333333,0.2876712328767123,0.421,0.304,0.5205479452054794,0.438,margin
qwen3-1.7b,gemma4-31b,rte,52,29,0.5576923076923077,62,0.20967741935483872,0.6491754122938531,0.3913043478260869,0.6116941529235382,0.6491754122938531,0.6666666666666666,0.06896551724137931,0.24193548387096775,0.4,0.06896551724137931,0.24193548387096775,0.5,0.1724137931034483,0.2903225806451613,0.3333333333333333,0.034482758620689655,0.22580645161290322,0.2,0.034482758620689655,0.22580645161290322,0.3,0.10344827586206896,0.25806451612903225,0.3333333333333333,0.034482758620689655,0.22580645161290322,0.6,0.10344827586206896,0.25806451612903225,0.7,0.2413793103448276,0.3225806451612903,0.6666666666666666,0.06896551724137931,0.24193548387096775,0.4,0.06896551724137931,0.24193548387096775,0.5,0.1724137931034483,0.2903225806451613,margin
qwen3-1.7b,gemma4-31b,truthfulqa,244,52,0.21311475409836064,327,0.18654434250764526,0.6813902243589743,0.6279046474358974,0.436698717948718,0.6813902243589743,0.6666666666666666,0.15384615384615385,0.21100917431192662,0.4583333333333333,0.21153846153846154,0.22018348623853212,0.40816326530612246,0.38461538461538464,0.24770642201834864,0.3333333333333333,0.07692307692307693,0.19877675840978593,0.3333333333333333,0.15384615384615385,0.21100917431192662,0.32653061224489793,0.3076923076923077,0.23547400611620795,0.25,0.057692307692307696,0.19571865443425077,0.25,0.11538461538461539,0.20489296636085627,0.20408163265306123,0.19230769230769232,0.21712538226299694,0.6666666666666666,0.15384615384615385,0.21100917431192662,0.4583333333333333,0.21153846153846154,0.22018348623853212,0.40816326530612246,0.38461538461538464,0.24770642201834864,margin
qwen3-1.7b,llama-8b,boolq,436,67,0.1536697247706422,475,0.56,0.6864458196820774,0.47360757189661445,0.4610686405371516,0.6864458196820774,0.13636363636363635,0.04477611940298507,0.5663157894736842,0.3181818181818182,0.208955223880597,0.5894736842105263,0.26436781609195403,0.34328358208955223,0.608421052631579,0.09090909090909091,0.029850746268656716,0.5642105263157895,0.11363636363636363,0.07462686567164178,0.5705263157894737,0.09195402298850575,0.11940298507462686,0.5768421052631579,0.13636363636363635,0.04477611940298507,0.5663157894736842,0.11363636363636363,0.07462686567164178,0.5705263157894737,0.10344827586206896,0.13432835820895522,0.5789473684210527,0.13636363636363635,0.04477611940298507,0.5663157894736842,0.3181818181818182,0.208955223880597,0.5894736842105263,0.26436781609195403,0.34328358208955223,0.608421052631579,margin
qwen3-1.7b,llama-8b,geometry_of_truth,868,72,0.08294930875576037,1000,0.206,0.5553461753210498,0.8812465103294249,0.6247208263539922,0.8812465103294249,0.023255813953488372,0.013888888888888888,0.207,0.04597701149425287,0.05555555555555555,0.21,0.08620689655172414,0.20833333333333334,0.221,0.3023255813953488,0.18055555555555555,0.219,0.28735632183908044,0.3472222222222222,0.231,0.27011494252873564,0.6527777777777778,0.253,0.4186046511627907,0.25,0.224,0.22988505747126436,0.2777777777777778,0.226,0.15517241379310345,0.375,0.233,0.3023255813953488,0.18055555555555555,0.219,0.28735632183908044,0.3472222222222222,0.231,0.27011494252873564,0.6527777777777778,0.253,anomaly
qwen3-1.7b,llama-8b,imdb,303,27,0.0891089108910891,1018,0.275049115913556,0.6060118089103597,0.5634728931830382,0.43786902844873854,0.6060118089103597,0.2,0.1111111111111111,0.2779960707269155,0.13333333333333333,0.14814814814814814,0.27897838899803534,0.11475409836065574,0.25925925925925924,0.2819253438113949,0.0,0.0,0.275049115913556,0.1,0.1111111111111111,0.2779960707269155,0.08196721311475409,0.18518518518518517,0.27996070726915523,0.06666666666666667,0.037037037037037035,0.27603143418467585,0.03333333333333333,0.037037037037037035,0.27603143418467585,0.04918032786885246,0.1111111111111111,0.2779960707269155,0.2,0.1111111111111111,0.2779960707269155,0.13333333333333333,0.14814814814814814,0.27897838899803534,0.11475409836065574,0.25925925925925924,0.2819253438113949,margin
qwen3-1.7b,llama-8b,rte,42,17,0.40476190476190477,62,0.4032258064516129,0.5858823529411765,0.49176470588235294,0.5670588235294117,0.5858823529411765,0.0,0.0,0.4032258064516129,0.25,0.058823529411764705,0.41935483870967744,0.5,0.23529411764705882,0.46774193548387094,0.0,0.0,0.4032258064516129,0.25,0.058823529411764705,0.41935483870967744,0.25,0.11764705882352941,0.43548387096774194,1.0,0.11764705882352941,0.43548387096774194,0.75,0.17647058823529413,0.45161290322580644,0.625,0.29411764705882354,0.4838709677419355,0.0,0.0,0.4032258064516129,0.25,0.058823529411764705,0.41935483870967744,0.5,0.23529411764705882,0.46774193548387094,margin
qwen3-1.7b,llama-8b,truthfulqa,225,35,0.15555555555555556,327,0.20795107033639143,0.5550375939849623,0.5938345864661654,0.45398496240601505,0.5938345864661654,0.36363636363636365,0.11428571428571428,0.22018348623853212,0.3181818181818182,0.2,0.22935779816513763,0.3111111111111111,0.4,0.25076452599388377,0.2727272727272727,0.08571428571428572,0.21712538226299694,0.22727272727272727,0.14285714285714285,0.22324159021406728,0.2,0.2571428571428571,0.23547400611620795,0.18181818181818182,0.05714285714285714,0.21406727828746178,0.22727272727272727,0.14285714285714285,0.22324159021406728,0.17777777777777778,0.22857142857142856,0.2324159021406728,0.2727272727272727,0.08571428571428572,0.21712538226299694,0.22727272727272727,0.14285714285714285,0.22324159021406728,0.2,0.2571428571428571,0.23547400611620795,anomaly
qwen3-1.7b,olmo3-7b,boolq,717,223,0.3110181311018131,475,0.1705263157894737,0.5490913382109983,0.4484668034349413,0.5013434759717507,0.5490913382109983,0.2222222222222222,0.03587443946188341,0.18736842105263157,0.3194444444444444,0.1031390134529148,0.21894736842105264,0.3356643356643357,0.21524663677130046,0.27157894736842103,0.1388888888888889,0.02242152466367713,0.18105263157894738,0.18055555555555555,0.05829596412556054,0.19789473684210526,0.20279720279720279,0.13004484304932734,0.23157894736842105,0.2222222222222222,0.03587443946188341,0.18736842105263157,0.3055555555555556,0.09865470852017937,0.2168421052631579,0.32167832167832167,0.2062780269058296,0.2673684210526316,0.2222222222222222,0.03587443946188341,0.18736842105263157,0.3194444444444444,0.1031390134529148,0.21894736842105264,0.3356643356643357,0.21524663677130046,0.27157894736842103,margin
qwen3-1.7b,olmo3-7b,geometry_of_truth,924,125,0.13528138528138528,1000,0.226,0.5337972465581978,0.8732315394242803,0.7091464330413016,0.8732315394242803,0.08695652173913043,0.032,0.23,0.11956521739130435,0.088,0.237,0.12972972972972974,0.192,0.25,0.3695652173913043,0.136,0.243,0.34782608695652173,0.256,0.258,0.42702702702702705,0.632,0.305,0.6086956521739131,0.224,0.254,0.41304347826086957,0.304,0.264,0.31891891891891894,0.472,0.285,0.3695652173913043,0.136,0.243,0.34782608695652173,0.256,0.258,0.42702702702702705,0.632,0.305,anomaly
qwen3-1.7b,olmo3-7b,imdb,336,59,0.17559523809523808,1018,0.19548133595284872,0.5737012788349752,0.6000122376552652,0.6753350058128862,0.6753350058128862,0.29411764705882354,0.0847457627118644,0.20039292730844793,0.2647058823529412,0.15254237288135594,0.2043222003929273,0.19402985074626866,0.22033898305084745,0.2082514734774067,0.29411764705882354,0.0847457627118644,0.20039292730844793,0.20588235294117646,0.11864406779661017,0.20235756385068762,0.22388059701492538,0.2542372881355932,0.21021611001964635,1.0,0.288135593220339,0.21218074656188604,0.6176470588235294,0.3559322033898305,0.21611001964636542,0.40298507462686567,0.4576271186440678,0.2220039292730845,1.0,0.288135593220339,0.21218074656188604,0.6176470588235294,0.3559322033898305,0.21611001964636542,0.40298507462686567,0.4576271186440678,0.2220039292730845,spread
qwen3-1.7b,olmo3-7b,rte,46,21,0.45652173913043476,62,0.2903225806451613,0.5714285714285714,0.47238095238095235,0.5580952380952381,0.5714285714285714,0.0,0.0,0.2903225806451613,0.2,0.047619047619047616,0.3064516129032258,0.3333333333333333,0.14285714285714285,0.3387096774193548,0.0,0.0,0.2903225806451613,0.4,0.09523809523809523,0.3225806451612903,0.2222222222222222,0.09523809523809523,0.3225806451612903,0.5,0.047619047619047616,0.3064516129032258,0.4,0.09523809523809523,0.3225806451612903,0.3333333333333333,0.14285714285714285,0.3387096774193548,0.0,0.0,0.2903225806451613,0.2,0.047619047619047616,0.3064516129032258,0.3333333333333333,0.14285714285714285,0.3387096774193548,margin
qwen3-1.7b,olmo3-7b,truthfulqa,235,49,0.20851063829787234,327,0.13149847094801223,0.6081852095676981,0.6696291419793724,0.402567478604345,0.6696291419793724,0.5,0.12244897959183673,0.14984709480122324,0.5416666666666666,0.2653061224489796,0.1712538226299694,0.48936170212765956,0.46938775510204084,0.2018348623853211,0.3333333333333333,0.08163265306122448,0.1437308868501529,0.4166666666666667,0.20408163265306123,0.1620795107033639,0.3191489361702128,0.30612244897959184,0.17737003058103976,0.08333333333333333,0.02040816326530612,0.1345565749235474,0.125,0.061224489795918366,0.14067278287461774,0.1276595744680851,0.12244897959183673,0.14984709480122324,0.3333333333333333,0.08163265306122448,0.1437308868501529,0.4166666666666667,0.20408163265306123,0.1620795107033639,0.3191489361702128,0.30612244897959184,0.17737003058103976,anomaly
qwen3-1.7b,qwen3-32b,boolq,730,238,0.32602739726027397,475,0.1368421052631579,0.5536226685796269,0.47641251622600267,0.5534433285509326,0.5536226685796269,0.3888888888888889,0.058823529411764705,0.16631578947368422,0.410958904109589,0.12605042016806722,0.2,0.3904109589041096,0.23949579831932774,0.25684210526315787,0.19444444444444445,0.029411764705882353,0.15157894736842106,0.2328767123287671,0.07142857142857142,0.1726315789473684,0.23972602739726026,0.14705882352941177,0.21052631578947367,0.2222222222222222,0.03361344537815126,0.15368421052631578,0.3150684931506849,0.09663865546218488,0.18526315789473685,0.3013698630136986,0.18487394957983194,0.2294736842105263,0.3888888888888889,0.058823529411764705,0.16631578947368422,0.410958904109589,0.12605042016806722,0.2,0.3904109589041096,0.23949579831932774,0.25684210526315787,margin
qwen3-1.7b,qwen3-32b,geometry_of_truth,865,92,0.10635838150289018,1000,0.25,0.7951797063951854,0.6442432082794308,0.5661735755666798,0.7951797063951854,0.4883720930232558,0.22826086956521738,0.271,0.43023255813953487,0.40217391304347827,0.287,0.3236994219653179,0.6086956521739131,0.306,0.20930232558139536,0.09782608695652174,0.259,0.1744186046511628,0.16304347826086957,0.265,0.24855491329479767,0.4673913043478261,0.293,0.46511627906976744,0.21739130434782608,0.27,0.32558139534883723,0.30434782608695654,0.278,0.20809248554913296,0.391304347826087,0.286,0.4883720930232558,0.22826086956521738,0.271,0.43023255813953487,0.40217391304347827,0.287,0.3236994219653179,0.6086956521739131,0.306,margin
qwen3-1.7b,qwen3-32b,imdb,382,106,0.2774869109947644,1018,0.1168958742632613,0.47955974842767296,0.49025840853158326,0.6878247197156139,0.6878247197156139,0.2631578947368421,0.04716981132075472,0.12180746561886051,0.18421052631578946,0.0660377358490566,0.1237721021611002,0.17105263157894737,0.12264150943396226,0.12966601178781925,0.21052631578947367,0.03773584905660377,0.12082514734774066,0.2631578947368421,0.09433962264150944,0.12671905697445973,0.2631578947368421,0.18867924528301888,0.13654223968565815,1.0,0.1792452830188679,0.13555992141453832,0.8947368421052632,0.32075471698113206,0.15029469548133595,0.618421052631579,0.44339622641509435,0.16306483300589392,1.0,0.1792452830188679,0.13555992141453832,0.8947368421052632,0.32075471698113206,0.15029469548133595,0.618421052631579,0.44339622641509435,0.16306483300589392,spread
qwen3-1.7b,qwen3-32b,rte,55,30,0.5454545454545454,62,0.06451612903225806,0.512,0.3506666666666666,0.6426666666666667,0.6426666666666667,0.3333333333333333,0.03333333333333333,0.08064516129032258,0.5,0.1,0.11290322580645161,0.45454545454545453,0.16666666666666666,0.14516129032258066,0.6666666666666666,0.06666666666666667,0.0967741935483871,0.3333333333333333,0.06666666666666667,0.0967741935483871,0.45454545454545453,0.16666666666666666,0.14516129032258066,0.3333333333333333,0.03333333333333333,0.08064516129032258,0.6666666666666666,0.13333333333333333,0.12903225806451613,0.6363636363636364,0.23333333333333334,0.1774193548387097,0.3333333333333333,0.03333333333333333,0.08064516129032258,0.6666666666666666,0.13333333333333333,0.12903225806451613,0.6363636363636364,0.23333333333333334,0.1774193548387097,spread
qwen3-1.7b,qwen3-32b,truthfulqa,221,40,0.18099547511312217,327,0.14067278287461774,0.6027624309392265,0.7060773480662984,0.4247237569060774,0.7060773480662984,0.5454545454545454,0.15,0.15902140672782875,0.4090909090909091,0.225,0.16819571865443425,0.4318181818181818,0.475,0.19877675840978593,0.5454545454545454,0.15,0.15902140672782875,0.4090909090909091,0.225,0.16819571865443425,0.29545454545454547,0.325,0.18042813455657492,0.18181818181818182,0.05,0.14678899082568808,0.18181818181818182,0.1,0.1529051987767584,0.18181818181818182,0.2,0.1651376146788991,0.5454545454545454,0.15,0.15902140672782875,0.4090909090909091,0.225,0.16819571865443425,0.29545454545454547,0.325,0.18042813455657492,anomaly
qwen3-1.7b,qwen3-8b,boolq,677,193,0.28508124076809455,475,0.2294736842105263,0.5934248276452704,0.4698325696912602,0.5554639660857277,0.5934248276452704,0.3235294117647059,0.05699481865284974,0.25263157894736843,0.35294117647058826,0.12435233160621761,0.28,0.362962962962963,0.2538860103626943,0.33263157894736844,0.11764705882352941,0.02072538860103627,0.23789473684210527,0.17647058823529413,0.06217616580310881,0.25473684210526315,0.22962962962962963,0.16062176165803108,0.29473684210526313,0.14705882352941177,0.025906735751295335,0.24,0.25,0.08808290155440414,0.26526315789473687,0.32592592592592595,0.22797927461139897,0.32210526315789473,0.3235294117647059,0.05699481865284974,0.25263157894736843,0.35294117647058826,0.12435233160621761,0.28,0.362962962962963,0.2538860103626943,0.33263157894736844,margin
qwen3-1.7b,qwen3-8b,geometry_of_truth,892,90,0.10089686098654709,1000,0.197,0.7031726239955667,0.8916735937932946,0.7937240232751455,0.8916735937932946,0.2222222222222222,0.1111111111111111,0.207,0.21348314606741572,0.2111111111111111,0.216,0.21348314606741572,0.4222222222222222,0.235,0.37777777777777777,0.18888888888888888,0.214,0.34831460674157305,0.34444444444444444,0.228,0.34831460674157305,0.6888888888888889,0.259,0.6666666666666666,0.3333333333333333,0.227,0.4606741573033708,0.45555555555555555,0.238,0.30337078651685395,0.6,0.251,0.37777777777777777,0.18888888888888888,0.214,0.34831460674157305,0.34444444444444444,0.228,0.34831460674157305,0.6888888888888889,0.259,anomaly
qwen3-1.7b,qwen3-8b,imdb,404,127,0.31435643564356436,1018,0.09233791748526522,0.47423178600869836,0.5106455555871401,0.7094573467125274,0.7094573467125274,0.25,0.03937007874015748,0.09724950884086445,0.2,0.06299212598425197,0.10019646365422397,0.19753086419753085,0.12598425196850394,0.10805500982318271,0.15,0.023622047244094488,0.09528487229862476,0.3,0.09448818897637795,0.10412573673870335,0.2962962962962963,0.1889763779527559,0.11591355599214145,1.0,0.15748031496062992,0.11198428290766209,1.0,0.31496062992125984,0.13163064833005894,0.7283950617283951,0.4645669291338583,0.15029469548133595,1.0,0.15748031496062992,0.11198428290766209,1.0,0.31496062992125984,0.13163064833005894,0.7283950617283951,0.4645669291338583,0.15029469548133595,spread
qwen3-1.7b,qwen3-8b,rte,53,29,0.5471698113207547,62,0.0967741935483871,0.6077586206896552,0.43103448275862066,0.6824712643678161,0.6824712643678161,0.6666666666666666,0.06896551724137931,0.12903225806451613,0.6,0.10344827586206896,0.14516129032258066,0.5454545454545454,0.20689655172413793,0.1935483870967742,0.3333333333333333,0.034482758620689655,0.11290322580645161,0.6,0.10344827586206896,0.14516129032258066,0.45454545454545453,0.1724137931034483,0.1774193548387097,0.6666666666666666,0.06896551724137931,0.12903225806451613,0.8,0.13793103448275862,0.16129032258064516,0.6363636363636364,0.2413793103448276,0.20967741935483872,0.6666666666666666,0.06896551724137931,0.12903225806451613,0.8,0.13793103448275862,0.16129032258064516,0.6363636363636364,0.2413793103448276,0.20967741935483872,spread
qwen3-1.7b,qwen3-8b,truthfulqa,234,45,0.19230769230769232,327,0.09785932721712538,0.5934156378600822,0.6152851263962376,0.3621399176954732,0.6152851263962376,0.5,0.13333333333333333,0.1162079510703364,0.43478260869565216,0.2222222222222222,0.12844036697247707,0.425531914893617,0.4444444444444444,0.15902140672782875,0.4166666666666667,0.1111111111111111,0.11314984709480122,0.30434782608695654,0.15555555555555556,0.11926605504587157,0.23404255319148937,0.24444444444444444,0.13149847094801223,0.25,0.06666666666666667,0.10703363914373089,0.13043478260869565,0.06666666666666667,0.10703363914373089,0.1276595744680851,0.13333333333333333,0.1162079510703364,0.4166666666666667,0.1111111111111111,0.11314984709480122,0.30434782608695654,0.15555555555555556,0.11926605504587157,0.23404255319148937,0.24444444444444444,0.13149847094801223,anomaly
qwen3-1.7b,qwen3-8b-base,boolq,781,273,0.3495518565941101,475,0.04842105263157895,0.5121643448415102,0.46155288281272533,0.4879654466268639,0.5121643448415102,0.41025641025641024,0.05860805860805861,0.08210526315789474,0.4230769230769231,0.12087912087912088,0.11789473684210526,0.38461538461538464,0.21978021978021978,0.17473684210526316,0.2564102564102564,0.03663003663003663,0.06947368421052631,0.21794871794871795,0.06227106227106227,0.08421052631578947,0.32051282051282054,0.18315018315018314,0.15368421052631578,0.3076923076923077,0.04395604395604396,0.07368421052631578,0.3717948717948718,0.10622710622710622,0.10947368421052632,0.3269230769230769,0.18681318681318682,0.15578947368421053,0.41025641025641024,0.05860805860805861,0.08210526315789474,0.4230769230769231,0.12087912087912088,0.11789473684210526,0.38461538461538464,0.21978021978021978,0.17473684210526316,margin
qwen3-1.7b,qwen3-8b-base,geometry_of_truth,883,108,0.12231030577576443,1000,0.215,0.5324253285543608,0.8792592592592593,0.6880286738351256,0.8792592592592593,0.11363636363636363,0.046296296296296294,0.22,0.13636363636363635,0.1111111111111111,0.227,0.15254237288135594,0.25,0.242,0.36363636363636365,0.14814814814814814,0.231,0.3409090909090909,0.2777777777777778,0.245,0.3785310734463277,0.6203703703703703,0.282,0.5454545454545454,0.2222222222222222,0.239,0.4318181818181818,0.35185185185185186,0.253,0.2937853107344633,0.48148148148148145,0.267,0.36363636363636365,0.14814814814814814,0.231,0.3409090909090909,0.2777777777777778,0.245,0.3785310734463277,0.6203703703703703,0.282,anomaly
qwen3-1.7b,qwen3-8b-base,imdb,434,175,0.4032258064516129,1018,0.03536345776031434,0.44134583563154994,0.46281301709873135,0.554726971869829,0.554726971869829,0.45454545454545453,0.05714285714285714,0.04518664047151277,0.3023255813953488,0.07428571428571429,0.0481335952848723,0.3218390804597701,0.16,0.06286836935166994,0.18181818181818182,0.022857142857142857,0.03929273084479371,0.27906976744186046,0.06857142857142857,0.047151277013752456,0.3103448275862069,0.15428571428571428,0.0618860510805501,0.6363636363636364,0.08,0.04911591355599214,0.5348837209302325,0.13142857142857142,0.05795677799607073,0.5402298850574713,0.26857142857142857,0.08153241650294696,0.6363636363636364,0.08,0.04911591355599214,0.5348837209302325,0.13142857142857142,0.05795677799607073,0.5402298850574713,0.26857142857142857,0.08153241650294696,spread
qwen3-1.7b,qwen3-8b-base,rte,57,32,0.5614035087719298,62,0.016129032258064516,0.49624999999999997,0.39625,0.5687500000000001,0.5687500000000001,0.3333333333333333,0.03125,0.03225806451612903,0.3333333333333333,0.0625,0.04838709677419355,0.6363636363636364,0.21875,0.12903225806451613,0.3333333333333333,0.03125,0.03225806451612903,0.5,0.09375,0.06451612903225806,0.45454545454545453,0.15625,0.0967741935483871,1.0,0.09375,0.06451612903225806,0.5,0.09375,0.06451612903225806,0.5454545454545454,0.1875,0.11290322580645161,1.0,0.09375,0.06451612903225806,0.5,0.09375,0.06451612903225806,0.5454545454545454,0.1875,0.11290322580645161,spread
qwen3-1.7b,qwen3-8b-base,truthfulqa,249,62,0.24899598393574296,327,0.16819571865443425,0.6888045540796964,0.6676729342763499,0.5526996722442642,0.6888045540796964,0.75,0.14516129032258066,0.19571865443425077,0.6,0.24193548387096775,0.21406727828746178,0.52,0.41935483870967744,0.24770642201834864,0.5833333333333334,0.11290322580645161,0.18960244648318042,0.44,0.1774193548387097,0.2018348623853211,0.38,0.3064516129032258,0.22629969418960244,0.5,0.0967741935483871,0.18654434250764526,0.4,0.16129032258064516,0.19877675840978593,0.34,0.27419354838709675,0.22018348623853212,0.75,0.14516129032258066,0.19571865443425077,0.6,0.24193548387096775,0.21406727828746178,0.52,0.41935483870967744,0.24770642201834864,margin
qwen3-1.7b,qwen38-27b,boolq,508,81,0.1594488188976378,475,0.5094736842105263,0.6952034001214329,0.4427964264029838,0.53323503050279,0.6952034001214329,0.28,0.08641975308641975,0.5242105263157895,0.2549019607843137,0.16049382716049382,0.5368421052631579,0.27450980392156865,0.345679012345679,0.5684210526315789,0.08,0.024691358024691357,0.5136842105263157,0.09803921568627451,0.06172839506172839,0.52,0.11764705882352941,0.14814814814814814,0.5347368421052632,0.16,0.04938271604938271,0.5178947368421053,0.1568627450980392,0.09876543209876543,0.5263157894736842,0.18627450980392157,0.2345679012345679,0.5494736842105263,0.28,0.08641975308641975,0.5242105263157895,0.2549019607843137,0.16049382716049382,0.5368421052631579,0.27450980392156865,0.345679012345679,0.5684210526315789,margin
qwen3-1.7b,qwen38-27b,geometry_of_truth,845,46,0.054437869822485205,1000,0.215,0.5784404418566687,0.912961854492028,0.8284540458181422,0.912961854492028,0.0,0.0,0.215,0.011904761904761904,0.021739130434782608,0.216,0.0650887573964497,0.2391304347826087,0.226,0.2619047619047619,0.2391304347826087,0.226,0.2619047619047619,0.4782608695652174,0.237,0.23076923076923078,0.8478260869565217,0.254,0.5,0.45652173913043476,0.236,0.2976190476190476,0.5434782608695652,0.24,0.1893491124260355,0.6956521739130435,0.247,0.2619047619047619,0.2391304347826087,0.226,0.2619047619047619,0.4782608695652174,0.237,0.23076923076923078,0.8478260869565217,0.254,anomaly
qwen3-1.7b,qwen38-27b,rte,48,23,0.4791666666666667,62,0.20967741935483872,0.6417391304347827,0.4504347826086957,0.6556521739130435,0.6556521739130435,0.5,0.043478260869565216,0.22580645161290322,0.6,0.13043478260869565,0.25806451612903225,0.6,0.2608695652173913,0.3064516129032258,0.5,0.043478260869565216,0.22580645161290322,0.4,0.08695652173913043,0.24193548387096775,0.3,0.13043478260869565,0.25806451612903225,1.0,0.08695652173913043,0.24193548387096775,1.0,0.21739130434782608,0.2903225806451613,0.8,0.34782608695652173,0.3387096774193548,1.0,0.08695652173913043,0.24193548387096775,1.0,0.21739130434782608,0.2903225806451613,0.8,0.34782608695652173,0.3387096774193548,spread
qwen3-1.7b,qwen38-27b,truthfulqa,259,61,0.23552123552123552,327,0.14984709480122324,0.612187448253022,0.6466302367941713,0.37067395264116576,0.6466302367941713,0.6153846153846154,0.13114754098360656,0.1743119266055046,0.4230769230769231,0.18032786885245902,0.1834862385321101,0.4230769230769231,0.36065573770491804,0.21712538226299694,0.46153846153846156,0.09836065573770492,0.16819571865443425,0.38461538461538464,0.16393442622950818,0.18042813455657492,0.3269230769230769,0.2786885245901639,0.2018348623853211,0.15384615384615385,0.03278688524590164,0.1559633027522936,0.19230769230769232,0.08196721311475409,0.1651376146788991,0.19230769230769232,0.16393442622950818,0.18042813455657492,0.46153846153846156,0.09836065573770492,0.16819571865443425,0.38461538461538464,0.16393442622950818,0.18042813455657492,0.3269230769230769,0.2786885245901639,0.2018348623853211,anomaly
qwen3-8b,gemma4-12b,boolq,589,172,0.2920203735144312,475,0.27157894736842103,0.5684708047515475,0.4966538397189225,0.5175115721376387,0.5684708047515475,0.2413793103448276,0.040697674418604654,0.2863157894736842,0.288135593220339,0.09883720930232558,0.30736842105263157,0.3135593220338983,0.21511627906976744,0.3494736842105263,0.1724137931034483,0.029069767441860465,0.28210526315789475,0.2033898305084746,0.06976744186046512,0.2968421052631579,0.23728813559322035,0.16279069767441862,0.33052631578947367,0.2413793103448276,0.040697674418604654,0.2863157894736842,0.3559322033898305,0.12209302325581395,0.3157894736842105,0.3728813559322034,0.2558139534883721,0.3642105263157895,0.2413793103448276,0.040697674418604654,0.2863157894736842,0.288135593220339,0.09883720930232558,0.30736842105263157,0.3135593220338983,0.21511627906976744,0.3494736842105263,margin
qwen3-8b,gemma4-12b,geometry_of_truth,748,72,0.0962566844919786,1000,0.542,0.6870890861275476,0.8766847468770546,0.3737878040762656,0.8766847468770546,0.16216216216216217,0.08333333333333333,0.548,0.17333333333333334,0.18055555555555555,0.555,0.15333333333333332,0.3194444444444444,0.565,0.3783783783783784,0.19444444444444445,0.556,0.38666666666666666,0.4027777777777778,0.571,0.32,0.6666666666666666,0.59,0.0,0.0,0.542,0.02666666666666667,0.027777777777777776,0.544,0.05333333333333334,0.1111111111111111,0.55,0.3783783783783784,0.19444444444444445,0.556,0.38666666666666666,0.4027777777777778,0.571,0.32,0.6666666666666666,0.59,anomaly
qwen3-8b,gemma4-12b,imdb,477,124,0.259958071278826,1018,0.2269155206286837,0.413734807639587,0.4895138444667824,0.6608562551402724,0.6608562551402724,0.20833333333333334,0.04032258064516129,0.2318271119842829,0.14583333333333334,0.056451612903225805,0.2337917485265226,0.15789473684210525,0.12096774193548387,0.24165029469548133,0.25,0.04838709677419355,0.23280943025540274,0.2708333333333333,0.10483870967741936,0.23968565815324164,0.22105263157894736,0.1693548387096774,0.2475442043222004,0.75,0.14516129032258066,0.24459724950884087,0.6041666666666666,0.23387096774193547,0.2554027504911591,0.47368421052631576,0.3629032258064516,0.27111984282907664,0.75,0.14516129032258066,0.24459724950884087,0.6041666666666666,0.23387096774193547,0.2554027504911591,0.47368421052631576,0.3629032258064516,0.27111984282907664,spread
qwen3-8b,gemma4-12b,rte,50,23,0.46,62,0.45161290322580644,0.5942028985507246,0.49597423510466987,0.44283413848631237,0.5942028985507246,0.5,0.043478260869565216,0.46774193548387094,0.6,0.13043478260869565,0.5,0.5,0.21739130434782608,0.532258064516129,0.0,0.0,0.45161290322580644,0.4,0.08695652173913043,0.4838709677419355,0.4,0.17391304347826086,0.5161290322580645,0.5,0.043478260869565216,0.46774193548387094,0.2,0.043478260869565216,0.46774193548387094,0.3,0.13043478260869565,0.5,0.5,0.043478260869565216,0.46774193548387094,0.6,0.13043478260869565,0.5,0.5,0.21739130434782608,0.532258064516129,margin
qwen3-8b,gemma4-12b,truthfulqa,178,36,0.20224719101123595,327,0.3730886850152905,0.6201095461658841,0.6273474178403756,0.38478090766823164,0.6273474178403756,0.4444444444444444,0.1111111111111111,0.3853211009174312,0.3333333333333333,0.16666666666666666,0.39143730886850153,0.3888888888888889,0.3888888888888889,0.41590214067278286,0.4444444444444444,0.1111111111111111,0.3853211009174312,0.2777777777777778,0.1388888888888889,0.38837920489296635,0.2777777777777778,0.2777777777777778,0.4036697247706422,0.0,0.0,0.3730886850152905,0.0,0.0,0.3730886850152905,0.027777777777777776,0.027777777777777776,0.3761467889908257,0.4444444444444444,0.1111111111111111,0.3853211009174312,0.2777777777777778,0.1388888888888889,0.38837920489296635,0.2777777777777778,0.2777777777777778,0.4036697247706422,anomaly
qwen3-8b,gemma4-12b-base,boolq,661,192,0.29046898638426627,475,0.24421052631578946,0.5817675017768301,0.4831645344705046,0.5714729921819474,0.5817675017768301,0.36363636363636365,0.0625,0.2694736842105263,0.2878787878787879,0.09895833333333333,0.28421052631578947,0.3333333333333333,0.22916666666666666,0.3368421052631579,0.15151515151515152,0.026041666666666668,0.25473684210526315,0.22727272727272727,0.078125,0.27578947368421053,0.24242424242424243,0.16666666666666666,0.31157894736842107,0.24242424242424243,0.041666666666666664,0.26105263157894737,0.2878787878787879,0.09895833333333333,0.28421052631578947,0.3560606060606061,0.24479166666666666,0.3431578947368421,0.36363636363636365,0.0625,0.2694736842105263,0.2878787878787879,0.09895833333333333,0.28421052631578947,0.3333333333333333,0.22916666666666666,0.3368421052631579,margin
qwen3-8b,gemma4-12b-base,geometry_of_truth,578,55,0.09515570934256055,1000,0.474,0.9221275856075091,0.8306970276377542,0.4873283504258647,0.9221275856075091,0.6206896551724138,0.32727272727272727,0.492,0.5862068965517241,0.6181818181818182,0.508,0.4051724137931034,0.8545454545454545,0.521,0.4482758620689655,0.23636363636363636,0.487,0.3103448275862069,0.32727272727272727,0.492,0.21551724137931033,0.45454545454545453,0.499,0.4827586206896552,0.2545454545454545,0.488,0.3275862068965517,0.34545454545454546,0.493,0.1896551724137931,0.4,0.496,0.6206896551724138,0.32727272727272727,0.492,0.5862068965517241,0.6181818181818182,0.508,0.4051724137931034,0.8545454545454545,0.521,margin
qwen3-8b,gemma4-12b-base,imdb,435,128,0.2942528735632184,1018,0.16895874263261296,0.4427931596091205,0.42566673452768733,0.7545297231270358,0.7545297231270358,0.3181818181818182,0.0546875,0.17583497053045186,0.20454545454545456,0.0703125,0.17779960707269155,0.1724137931034483,0.1171875,0.18369351669941061,0.13636363636363635,0.0234375,0.1719056974459725,0.18181818181818182,0.0625,0.17681728880157171,0.19540229885057472,0.1328125,0.1856581532416503,0.9090909090909091,0.15625,0.18860510805500982,0.9090909090909091,0.3125,0.2082514734774067,0.7011494252873564,0.4765625,0.2288801571709234,0.9090909090909091,0.15625,0.18860510805500982,0.9090909090909091,0.3125,0.2082514734774067,0.7011494252873564,0.4765625,0.2288801571709234,spread
qwen3-8b,gemma4-12b-base,rte,57,32,0.5614035087719298,62,0.06451612903225806,0.6162500000000001,0.46375,0.5549999999999999,0.6162500000000001,1.0,0.09375,0.11290322580645161,0.8333333333333334,0.15625,0.14516129032258066,0.7272727272727273,0.25,0.1935483870967742,0.3333333333333333,0.03125,0.08064516129032258,0.3333333333333333,0.0625,0.0967741935483871,0.5454545454545454,0.1875,0.16129032258064516,0.6666666666666666,0.0625,0.0967741935483871,0.8333333333333334,0.15625,0.14516129032258066,0.8181818181818182,0.28125,0.20967741935483872,1.0,0.09375,0.11290322580645161,0.8333333333333334,0.15625,0.14516129032258066,0.7272727272727273,0.25,0.1935483870967742,margin
qwen3-8b,gemma4-12b-base,truthfulqa,230,41,0.1782608695652174,327,0.2324159021406728,0.6333720480061944,0.6707962317718416,0.39114724480578145,0.6707962317718416,0.5,0.14634146341463414,0.25076452599388377,0.391304347826087,0.21951219512195122,0.2599388379204893,0.34782608695652173,0.3902439024390244,0.28134556574923547,0.4166666666666667,0.12195121951219512,0.24770642201834864,0.391304347826087,0.21951219512195122,0.2599388379204893,0.34782608695652173,0.3902439024390244,0.28134556574923547,0.08333333333333333,0.024390243902439025,0.23547400611620795,0.08695652173913043,0.04878048780487805,0.23853211009174313,0.06521739130434782,0.07317073170731707,0.2415902140672783,0.4166666666666667,0.12195121951219512,0.24770642201834864,0.391304347826087,0.21951219512195122,0.2599388379204893,0.34782608695652173,0.3902439024390244,0.28134556574923547,anomaly
qwen3-8b,gemma4-31b,boolq,570,59,0.10350877192982456,475,0.4842105263157895,0.7072208033433944,0.39175428704102955,0.4621048791004677,0.7072208033433944,0.17857142857142858,0.0847457627118644,0.49473684210526314,0.21052631578947367,0.2033898305084746,0.5094736842105263,0.16666666666666666,0.3220338983050847,0.5242105263157895,0.0,0.0,0.4842105263157895,0.0,0.0,0.4842105263157895,0.05263157894736842,0.1016949152542373,0.4968421052631579,0.03571428571428571,0.01694915254237288,0.4863157894736842,0.03508771929824561,0.03389830508474576,0.4884210526315789,0.06140350877192982,0.11864406779661017,0.49894736842105264,0.17857142857142858,0.0847457627118644,0.49473684210526314,0.21052631578947367,0.2033898305084746,0.5094736842105263,0.16666666666666666,0.3220338983050847,0.5242105263157895,margin
qwen3-8b,gemma4-31b,geometry_of_truth,700,28,0.04,1000,0.361,0.8566113945578232,0.8295068027210885,0.2776892006802721,0.8566113945578232,0.2857142857142857,0.35714285714285715,0.371,0.2571428571428571,0.6428571428571429,0.379,0.14285714285714285,0.7142857142857143,0.381,0.2857142857142857,0.35714285714285715,0.371,0.24285714285714285,0.6071428571428571,0.378,0.14285714285714285,0.7142857142857143,0.381,0.02857142857142857,0.03571428571428571,0.362,0.014285714285714285,0.03571428571428571,0.362,0.014285714285714285,0.07142857142857142,0.363,0.2857142857142857,0.35714285714285715,0.371,0.2571428571428571,0.6428571428571429,0.379,0.14285714285714285,0.7142857142857143,0.381,margin
qwen3-8b,gemma4-31b,rte,61,30,0.4918032786885246,62,0.1774193548387097,0.6623655913978495,0.4397849462365591,0.5666666666666667,0.6623655913978495,1.0,0.1,0.22580645161290322,0.6666666666666666,0.13333333333333333,0.24193548387096775,0.5,0.2,0.27419354838709675,1.0,0.1,0.22580645161290322,0.6666666666666666,0.13333333333333333,0.24193548387096775,0.4166666666666667,0.16666666666666666,0.25806451612903225,0.3333333333333333,0.03333333333333333,0.1935483870967742,0.5,0.1,0.22580645161290322,0.5,0.2,0.27419354838709675,1.0,0.1,0.22580645161290322,0.6666666666666666,0.13333333333333333,0.24193548387096775,0.5,0.2,0.27419354838709675,margin
qwen3-8b,gemma4-31b,truthfulqa,231,41,0.1774891774891775,327,0.18654434250764526,0.7071887034659821,0.6048780487804879,0.5598202824133505,0.7071887034659821,0.3333333333333333,0.0975609756097561,0.19877675840978593,0.43478260869565216,0.24390243902439024,0.21712538226299694,0.41304347826086957,0.4634146341463415,0.24464831804281345,0.3333333333333333,0.0975609756097561,0.19877675840978593,0.30434782608695654,0.17073170731707318,0.20795107033639143,0.2391304347826087,0.2682926829268293,0.22018348623853212,0.25,0.07317073170731707,0.19571865443425077,0.21739130434782608,0.12195121951219512,0.2018348623853211,0.2826086956521739,0.3170731707317073,0.22629969418960244,0.3333333333333333,0.0975609756097561,0.19877675840978593,0.43478260869565216,0.24390243902439024,0.21712538226299694,0.41304347826086957,0.4634146341463415,0.24464831804281345,margin
qwen3-8b,llama-8b,boolq,548,59,0.10766423357664233,475,0.43157894736842106,0.7155037953623791,0.47429898443728125,0.4699317181380195,0.7155037953623791,0.4074074074074074,0.1864406779661017,0.45473684210526316,0.23636363636363636,0.22033898305084745,0.4589473684210526,0.17272727272727273,0.3220338983050847,0.47157894736842104,0.037037037037037035,0.01694915254237288,0.4336842105263158,0.12727272727272726,0.11864406779661017,0.4463157894736842,0.1,0.1864406779661017,0.45473684210526316,0.037037037037037035,0.01694915254237288,0.4336842105263158,0.05454545454545454,0.05084745762711865,0.4378947368421053,0.1,0.1864406779661017,0.45473684210526316,0.4074074074074074,0.1864406779661017,0.45473684210526316,0.23636363636363636,0.22033898305084745,0.4589473684210526,0.17272727272727273,0.3220338983050847,0.47157894736842104,margin
qwen3-8b,llama-8b,geometry_of_truth,1055,72,0.06824644549763033,1000,0.077,0.8003843110658979,0.8885356618062621,0.5516417994800498,0.8885356618062621,0.39622641509433965,0.2916666666666667,0.098,0.27358490566037735,0.4027777777777778,0.106,0.22274881516587677,0.6527777777777778,0.124,0.33962264150943394,0.25,0.095,0.32075471698113206,0.4722222222222222,0.111,0.24170616113744076,0.7083333333333334,0.128,0.03773584905660377,0.027777777777777776,0.079,0.0660377358490566,0.09722222222222222,0.084,0.07582938388625593,0.2222222222222222,0.093,0.33962264150943394,0.25,0.095,0.32075471698113206,0.4722222222222222,0.111,0.24170616113744076,0.7083333333333334,0.128,anomaly
qwen3-8b,llama-8b,imdb,650,40,0.06153846153846154,1018,0.20039292730844793,0.6054508196721311,0.5725819672131147,0.3629918032786886,0.6054508196721311,0.125,0.1,0.2043222003929273,0.15384615384615385,0.25,0.21021611001964635,0.1076923076923077,0.35,0.21414538310412573,0.0625,0.05,0.20235756385068762,0.06153846153846154,0.1,0.2043222003929273,0.07692307692307693,0.25,0.21021611001964635,0.0625,0.05,0.20235756385068762,0.046153846153846156,0.075,0.20333988212180745,0.038461538461538464,0.125,0.20530451866404714,0.125,0.1,0.2043222003929273,0.15384615384615385,0.25,0.21021611001964635,0.1076923076923077,0.35,0.21414538310412573,margin
qwen3-8b,llama-8b,rte,52,19,0.36538461538461536,62,0.3387096774193548,0.6044657097288676,0.518341307814992,0.5358851674641149,0.6044657097288676,0.6666666666666666,0.10526315789473684,0.3709677419354839,0.4,0.10526315789473684,0.3709677419354839,0.5,0.2631578947368421,0.41935483870967744,0.3333333333333333,0.05263157894736842,0.3548387096774194,0.6,0.15789473684210525,0.3870967741935484,0.4,0.21052631578947367,0.4032258064516129,0.0,0.0,0.3387096774193548,0.4,0.10526315789473684,0.3709677419354839,0.4,0.21052631578947367,0.4032258064516129,0.6666666666666666,0.10526315789473684,0.3709677419354839,0.4,0.10526315789473684,0.3709677419354839,0.5,0.2631578947368421,0.41935483870967744,margin
qwen3-8b,llama-8b,truthfulqa,219,28,0.1278538812785388,327,0.1834862385321101,0.5446896035901272,0.5583395661929693,0.3967838444278235,0.5583395661929693,0.36363636363636365,0.14285714285714285,0.19571865443425077,0.18181818181818182,0.14285714285714285,0.19571865443425077,0.20454545454545456,0.32142857142857145,0.21100917431192662,0.18181818181818182,0.07142857142857142,0.18960244648318042,0.13636363636363635,0.10714285714285714,0.1926605504587156,0.09090909090909091,0.14285714285714285,0.19571865443425077,0.0,0.0,0.1834862385321101,0.09090909090909091,0.07142857142857142,0.18960244648318042,0.09090909090909091,0.14285714285714285,0.19571865443425077,0.18181818181818182,0.07142857142857142,0.18960244648318042,0.13636363636363635,0.10714285714285714,0.1926605504587156,0.09090909090909091,0.14285714285714285,0.19571865443425077,anomaly
qwen3-8b,qwen3-32b,boolq,738,191,0.2588075880758808,475,0.1726315789473684,0.6356135800223973,0.4701608966566805,0.500253644342774,0.6356135800223973,0.2972972972972973,0.05759162303664921,0.1957894736842105,0.3108108108108108,0.12041884816753927,0.22105263157894736,0.34459459459459457,0.2670157068062827,0.28,0.10810810810810811,0.020942408376963352,0.18105263157894738,0.20270270270270271,0.07853403141361257,0.20421052631578948,0.1891891891891892,0.14659685863874344,0.23157894736842105,0.08108108108108109,0.015706806282722512,0.17894736842105263,0.13513513513513514,0.05235602094240838,0.1936842105263158,0.20270270270270271,0.15706806282722513,0.23578947368421052,0.2972972972972973,0.05759162303664921,0.1957894736842105,0.3108108108108108,0.12041884816753927,0.22105263157894736,0.34459459459459457,0.2670157068062827,0.28,margin
qwen3-8b,qwen3-32b,geometry_of_truth,1008,72,0.07142857142857142,1000,0.161,0.8296088556505223,0.8030478395061729,0.40966286799620133,0.8296088556505223,0.6,0.4166666666666667,0.191,0.38613861386138615,0.5416666666666666,0.2,0.2524752475247525,0.7083333333333334,0.212,0.16,0.1111111111111111,0.169,0.24752475247524752,0.3472222222222222,0.186,0.21782178217821782,0.6111111111111112,0.205,0.04,0.027777777777777776,0.163,0.019801980198019802,0.027777777777777776,0.163,0.024752475247524754,0.06944444444444445,0.166,0.6,0.4166666666666667,0.191,0.38613861386138615,0.5416666666666666,0.2,0.2524752475247525,0.7083333333333334,0.212,margin
qwen3-8b,qwen3-32b,imdb,689,117,0.16981132075471697,1018,0.04616895874263261,0.418997668997669,0.525745621899468,0.6435508935508936,0.6435508935508936,0.11764705882352941,0.03418803418803419,0.05009823182711198,0.11594202898550725,0.06837606837606838,0.054027504911591355,0.13043478260869565,0.15384615384615385,0.06385068762278978,0.23529411764705882,0.06837606837606838,0.054027504911591355,0.2318840579710145,0.13675213675213677,0.0618860510805501,0.1956521739130435,0.23076923076923078,0.07269155206286837,0.6176470588235294,0.1794871794871795,0.06679764243614932,0.43478260869565216,0.2564102564102564,0.0756385068762279,0.34782608695652173,0.41025641025641024,0.09332023575638507,0.6176470588235294,0.1794871794871795,0.06679764243614932,0.43478260869565216,0.2564102564102564,0.0756385068762279,0.34782608695652173,0.41025641025641024,0.09332023575638507,spread
qwen3-8b,qwen3-32b,rte,58,30,0.5172413793103449,62,0.06451612903225806,0.5761904761904761,0.38452380952380955,0.6000000000000001,0.6000000000000001,0.6666666666666666,0.06666666666666667,0.0967741935483871,0.5,0.1,0.11290322580645161,0.5,0.2,0.16129032258064516,0.6666666666666666,0.06666666666666667,0.0967741935483871,0.5,0.1,0.11290322580645161,0.5,0.2,0.16129032258064516,0.6666666666666666,0.06666666666666667,0.0967741935483871,0.5,0.1,0.11290322580645161,0.5833333333333334,0.23333333333333334,0.1774193548387097,0.6666666666666666,0.06666666666666667,0.0967741935483871,0.5,0.1,0.11290322580645161,0.5833333333333334,0.23333333333333334,0.1774193548387097,spread
qwen3-8b,qwen3-32b,truthfulqa,216,33,0.1527777777777778,327,0.1162079510703364,0.6395098526246067,0.6762709057791025,0.4841861235303858,0.6762709057791025,0.5454545454545454,0.18181818181818182,0.1345565749235474,0.5,0.3333333333333333,0.14984709480122324,0.32558139534883723,0.42424242424242425,0.15902140672782875,0.45454545454545453,0.15151515151515152,0.13149847094801223,0.36363636363636365,0.24242424242424243,0.14067278287461774,0.23255813953488372,0.30303030303030304,0.14678899082568808,0.18181818181818182,0.06060606060606061,0.12232415902140673,0.09090909090909091,0.06060606060606061,0.12232415902140673,0.06976744186046512,0.09090909090909091,0.12538226299694188,0.45454545454545453,0.15151515151515152,0.13149847094801223,0.36363636363636365,0.24242424242424243,0.14067278287461774,0.23255813953488372,0.30303030303030304,0.14678899082568808,anomaly
qwen3-8b,qwen3-8b-base,boolq,684,195,0.2850877192982456,475,0.21473684210526317,0.606166430706308,0.4708405432331813,0.567762571443553,0.606166430706308,0.35294117647058826,0.06153846153846154,0.24,0.3088235294117647,0.1076923076923077,0.25894736842105265,0.3722627737226277,0.26153846153846155,0.32210526315789473,0.23529411764705882,0.041025641025641026,0.23157894736842105,0.20588235294117646,0.07179487179487179,0.24421052631578946,0.22627737226277372,0.15897435897435896,0.28,0.14705882352941177,0.02564102564102564,0.22526315789473683,0.20588235294117646,0.07179487179487179,0.24421052631578946,0.3795620437956204,0.26666666666666666,0.32421052631578945,0.35294117647058826,0.06153846153846154,0.24,0.3088235294117647,0.1076923076923077,0.25894736842105265,0.3722627737226277,0.26153846153846155,0.32210526315789473,margin
qwen3-8b,qwen3-8b-base,geometry_of_truth,1060,102,0.09622641509433963,1000,0.098,0.7481374595767325,0.8816877481681608,0.5883478652421302,0.8816877481681608,0.32075471698113206,0.16666666666666666,0.115,0.29245283018867924,0.30392156862745096,0.129,0.2169811320754717,0.45098039215686275,0.144,0.3584905660377358,0.18627450980392157,0.117,0.39622641509433965,0.4117647058823529,0.14,0.330188679245283,0.6862745098039216,0.168,0.07547169811320754,0.0392156862745098,0.102,0.11320754716981132,0.11764705882352941,0.11,0.15566037735849056,0.3235294117647059,0.131,0.3584905660377358,0.18627450980392157,0.117,0.39622641509433965,0.4117647058823529,0.14,0.330188679245283,0.6862745098039216,0.168,anomaly
qwen3-8b,qwen3-8b-base,imdb,429,128,0.29836829836829837,1018,0.07858546168958742,0.45662894518272423,0.4641559385382059,0.6999325166112957,0.6999325166112957,0.19047619047619047,0.03125,0.0825147347740668,0.16279069767441862,0.0546875,0.08546168958742632,0.20930232558139536,0.140625,0.0962671905697446,0.09523809523809523,0.015625,0.08055009823182711,0.16279069767441862,0.0546875,0.08546168958742632,0.2441860465116279,0.1640625,0.09921414538310412,1.0,0.1640625,0.09921414538310412,0.9534883720930233,0.3203125,0.11886051080550099,0.686046511627907,0.4609375,0.13654223968565815,1.0,0.1640625,0.09921414538310412,0.9534883720930233,0.3203125,0.11886051080550099,0.686046511627907,0.4609375,0.13654223968565815,spread
qwen3-8b,qwen3-8b-base,rte,55,30,0.5454545454545454,62,0.08064516129032258,0.6013333333333334,0.43199999999999994,0.6439999999999999,0.6439999999999999,0.6666666666666666,0.06666666666666667,0.11290322580645161,0.5,0.1,0.12903225806451613,0.6363636363636364,0.23333333333333334,0.1935483870967742,0.3333333333333333,0.03333333333333333,0.0967741935483871,0.3333333333333333,0.06666666666666667,0.11290322580645161,0.45454545454545453,0.16666666666666666,0.16129032258064516,0.6666666666666666,0.06666666666666667,0.11290322580645161,0.5,0.1,0.12903225806451613,0.45454545454545453,0.16666666666666666,0.16129032258064516,0.6666666666666666,0.06666666666666667,0.11290322580645161,0.5,0.1,0.12903225806451613,0.45454545454545453,0.16666666666666666,0.16129032258064516,spread
qwen3-8b,qwen3-8b-base,truthfulqa,229,44,0.19213973799126638,327,0.21100917431192662,0.6750614250614251,0.6689189189189189,0.6636363636363637,0.6750614250614251,0.5454545454545454,0.13636363636363635,0.22935779816513763,0.4782608695652174,0.25,0.24464831804281345,0.391304347826087,0.4090909090909091,0.26605504587155965,0.45454545454545453,0.11363636363636363,0.22629969418960244,0.34782608695652173,0.18181818181818182,0.23547400611620795,0.32608695652173914,0.3409090909090909,0.25688073394495414,0.36363636363636365,0.09090909090909091,0.22324159021406728,0.30434782608695654,0.1590909090909091,0.2324159021406728,0.32608695652173914,0.3409090909090909,0.25688073394495414,0.5454545454545454,0.13636363636363635,0.22935779816513763,0.4782608695652174,0.25,0.24464831804281345,0.391304347826087,0.4090909090909091,0.26605504587155965,margin
qwen3-8b,qwen38-27b,boolq,635,79,0.12440944881889764,475,0.35578947368421054,0.7519123941353247,0.4570849649394409,0.5065340132956926,0.7519123941353247,0.3125,0.12658227848101267,0.37684210526315787,0.3125,0.25316455696202533,0.39789473684210525,0.28346456692913385,0.45569620253164556,0.43157894736842106,0.03125,0.012658227848101266,0.35789473684210527,0.078125,0.06329113924050633,0.3663157894736842,0.10236220472440945,0.16455696202531644,0.3831578947368421,0.09375,0.0379746835443038,0.36210526315789476,0.109375,0.08860759493670886,0.3705263157894737,0.10236220472440945,0.16455696202531644,0.3831578947368421,0.3125,0.12658227848101267,0.37684210526315787,0.3125,0.25316455696202533,0.39789473684210525,0.28346456692913385,0.45569620253164556,0.43157894736842106,margin
qwen3-8b,qwen38-27b,geometry_of_truth,1036,51,0.04922779922779923,1000,0.076,0.7807504727779436,0.9138648352742111,0.46474569523240766,0.9138648352742111,0.3076923076923077,0.3137254901960784,0.092,0.25,0.5098039215686274,0.102,0.1642512077294686,0.6666666666666666,0.11,0.3269230769230769,0.3333333333333333,0.093,0.3076923076923077,0.6274509803921569,0.108,0.20772946859903382,0.8431372549019608,0.119,0.019230769230769232,0.0196078431372549,0.077,0.028846153846153848,0.058823529411764705,0.079,0.03864734299516908,0.1568627450980392,0.084,0.3269230769230769,0.3333333333333333,0.093,0.3076923076923077,0.6274509803921569,0.108,0.20772946859903382,0.8431372549019608,0.119,anomaly
qwen3-8b,qwen38-27b,rte,58,25,0.43103448275862066,62,0.14516129032258066,0.6557575757575758,0.40363636363636357,0.5806060606060606,0.6557575757575758,1.0,0.12,0.1935483870967742,0.6666666666666666,0.16,0.20967741935483872,0.5833333333333334,0.28,0.25806451612903225,0.3333333333333333,0.04,0.16129032258064516,0.16666666666666666,0.04,0.16129032258064516,0.25,0.12,0.1935483870967742,0.3333333333333333,0.04,0.16129032258064516,0.5,0.12,0.1935483870967742,0.5,0.24,0.24193548387096775,1.0,0.12,0.1935483870967742,0.6666666666666666,0.16,0.20967741935483872,0.5833333333333334,0.28,0.25806451612903225,margin
qwen3-8b,qwen38-27b,truthfulqa,250,48,0.192,327,0.1620795107033639,0.5803424092409241,0.6182962046204621,0.4289397689768977,0.6182962046204621,0.5,0.125,0.18042813455657492,0.4,0.20833333333333334,0.1926605504587156,0.36,0.375,0.21712538226299694,0.4166666666666667,0.10416666666666667,0.17737003058103976,0.28,0.14583333333333334,0.1834862385321101,0.28,0.2916666666666667,0.20489296636085627,0.0,0.0,0.1620795107033639,0.0,0.0,0.1620795107033639,0.04,0.041666666666666664,0.16819571865443425,0.4166666666666667,0.10416666666666667,0.17737003058103976,0.28,0.14583333333333334,0.1834862385321101,0.28,0.2916666666666667,0.20489296636085627,anomaly
qwen3-8b-base,gemma4-12b,boolq,654,229,0.35015290519877673,475,0.18736842105263157,0.4909735422553301,0.4902234780375033,0.4807603390701259,0.4909735422553301,0.30303030303030304,0.043668122270742356,0.20842105263157895,0.3230769230769231,0.09170305676855896,0.23157894736842105,0.3511450381679389,0.20087336244541484,0.28421052631578947,0.21212121212121213,0.03056768558951965,0.20210526315789473,0.23076923076923078,0.06550218340611354,0.21894736842105264,0.3053435114503817,0.17467248908296942,0.27157894736842103,0.24242424242424243,0.034934497816593885,0.20421052631578948,0.23076923076923078,0.06550218340611354,0.21894736842105264,0.3053435114503817,0.17467248908296942,0.27157894736842103,0.30303030303030304,0.043668122270742356,0.20842105263157895,0.3230769230769231,0.09170305676855896,0.23157894736842105,0.3511450381679389,0.20087336244541484,0.28421052631578947,margin
qwen3-8b-base,gemma4-12b,geometry_of_truth,797,123,0.15432873274780426,1000,0.494,0.6563412221659308,0.7270270922293793,0.39731248944536923,0.7270270922293793,0.175,0.056910569105691054,0.501,0.25,0.16260162601626016,0.514,0.23270440251572327,0.3008130081300813,0.531,0.375,0.12195121951219512,0.509,0.3875,0.25203252032520324,0.525,0.34591194968553457,0.44715447154471544,0.549,0.15,0.04878048780487805,0.5,0.125,0.08130081300813008,0.504,0.08176100628930817,0.10569105691056911,0.507,0.375,0.12195121951219512,0.509,0.3875,0.25203252032520324,0.525,0.34591194968553457,0.44715447154471544,0.549,anomaly
qwen3-8b-base,gemma4-12b,imdb,412,162,0.3932038834951456,1018,0.18958742632612965,0.43762962962962965,0.4042222222222222,0.5101975308641976,0.5101975308641976,0.23809523809523808,0.030864197530864196,0.1944990176817289,0.24390243902439024,0.06172839506172839,0.1994106090373281,0.3048780487804878,0.15432098765432098,0.21414538310412573,0.2857142857142857,0.037037037037037035,0.19548133595284872,0.21951219512195122,0.05555555555555555,0.19842829076620824,0.3170731707317073,0.16049382716049382,0.2151277013752456,0.5238095238095238,0.06790123456790123,0.20039292730844793,0.4878048780487805,0.12345679012345678,0.20923379174852652,0.47560975609756095,0.24074074074074073,0.22789783889980353,0.5238095238095238,0.06790123456790123,0.20039292730844793,0.4878048780487805,0.12345679012345678,0.20923379174852652,0.47560975609756095,0.24074074074074073,0.22789783889980353,spread
qwen3-8b-base,gemma4-12b,rte,48,26,0.5416666666666666,62,0.3709677419354839,0.5629370629370629,0.46853146853146854,0.48776223776223776,0.5629370629370629,0.5,0.038461538461538464,0.3870967741935484,0.4,0.07692307692307693,0.4032258064516129,0.6,0.23076923076923078,0.46774193548387094,0.0,0.0,0.3709677419354839,0.6,0.11538461538461539,0.41935483870967744,0.6,0.23076923076923078,0.46774193548387094,0.5,0.038461538461538464,0.3870967741935484,0.6,0.11538461538461539,0.41935483870967744,0.7,0.2692307692307692,0.4838709677419355,0.5,0.038461538461538464,0.3870967741935484,0.4,0.07692307692307693,0.4032258064516129,0.6,0.23076923076923078,0.46774193548387094,margin
qwen3-8b-base,gemma4-12b,truthfulqa,217,69,0.31797235023041476,327,0.345565749235474,0.6406188797493144,0.7161182922052488,0.4335095965530748,0.7161182922052488,0.36363636363636365,0.057971014492753624,0.3577981651376147,0.4090909090909091,0.13043478260869565,0.3730886850152905,0.46511627906976744,0.2898550724637681,0.40672782874617736,0.5454545454545454,0.08695652173913043,0.363914373088685,0.5,0.15942028985507245,0.37920489296636084,0.5348837209302325,0.3333333333333333,0.41590214067278286,0.0,0.0,0.345565749235474,0.09090909090909091,0.028985507246376812,0.3516819571865443,0.23255813953488372,0.14492753623188406,0.3761467889908257,0.5454545454545454,0.08695652173913043,0.363914373088685,0.5,0.15942028985507245,0.37920489296636084,0.5348837209302325,0.3333333333333333,0.41590214067278286,anomaly
qwen3-8b-base,gemma4-12b-base,boolq,762,273,0.35826771653543305,475,0.05894736842105263,0.5079439987415448,0.4786924050727732,0.49210469149119457,0.5079439987415448,0.4473684210526316,0.06227106227106227,0.09473684210526316,0.39473684210526316,0.10989010989010989,0.12210526315789473,0.3815789473684211,0.21245421245421245,0.18105263157894738,0.2631578947368421,0.03663003663003663,0.08,0.23684210526315788,0.06593406593406594,0.0968421052631579,0.35526315789473684,0.1978021978021978,0.1726315789473684,0.2894736842105263,0.040293040293040296,0.08210526315789474,0.32894736842105265,0.09157509157509157,0.11157894736842106,0.34868421052631576,0.19413919413919414,0.1705263157894737,0.4473684210526316,0.06227106227106227,0.09473684210526316,0.39473684210526316,0.10989010989010989,0.12210526315789473,0.3815789473684211,0.21245421245421245,0.18105263157894738,margin
qwen3-8b-base,gemma4-12b-base,geometry_of_truth,546,49,0.08974358974358974,1000,0.54,0.6923171683160186,0.8697080441834681,0.2026444380569129,0.8697080441834681,0.25925925925925924,0.14285714285714285,0.547,0.2545454545454545,0.2857142857142857,0.554,0.22018348623853212,0.4897959183673469,0.564,0.4444444444444444,0.24489795918367346,0.552,0.36363636363636365,0.40816326530612246,0.56,0.23853211009174313,0.5306122448979592,0.566,0.1111111111111111,0.061224489795918366,0.543,0.05454545454545454,0.061224489795918366,0.543,0.027522935779816515,0.061224489795918366,0.543,0.4444444444444444,0.24489795918367346,0.552,0.36363636363636365,0.40816326530612246,0.56,0.23853211009174313,0.5306122448979592,0.566,anomaly
qwen3-8b-base,gemma4-12b-base,imdb,424,169,0.39858490566037735,1018,0.12573673870333987,0.4401902772943497,0.4025757048381483,0.600440886413737,0.600440886413737,0.42857142857142855,0.05325443786982249,0.13457760314341846,0.30952380952380953,0.07692307692307693,0.13850687622789784,0.38823529411764707,0.1952662721893491,0.1581532416502947,0.19047619047619047,0.023668639053254437,0.12966601178781925,0.21428571428571427,0.05325443786982249,0.13457760314341846,0.3176470588235294,0.15976331360946747,0.15225933202357564,0.47619047619047616,0.05917159763313609,0.13555992141453832,0.5,0.1242603550295858,0.14636542239685657,0.5058823529411764,0.25443786982248523,0.16797642436149313,0.47619047619047616,0.05917159763313609,0.13555992141453832,0.5,0.1242603550295858,0.14636542239685657,0.5058823529411764,0.25443786982248523,0.16797642436149313,spread
qwen3-8b-base,gemma4-12b-base,rte,57,33,0.5789473684210527,62,0.04838709677419355,0.505050505050505,0.44570707070707066,0.4772727272727273,0.505050505050505,0.6666666666666666,0.06060606060606061,0.08064516129032258,0.6666666666666666,0.12121212121212122,0.11290322580645161,0.6363636363636364,0.21212121212121213,0.16129032258064516,0.3333333333333333,0.030303030303030304,0.06451612903225806,0.5,0.09090909090909091,0.0967741935483871,0.5454545454545454,0.18181818181818182,0.14516129032258066,0.0,0.0,0.04838709677419355,0.5,0.09090909090909091,0.0967741935483871,0.5454545454545454,0.18181818181818182,0.14516129032258066,0.6666666666666666,0.06060606060606061,0.08064516129032258,0.6666666666666666,0.12121212121212122,0.11290322580645161,0.6363636363636364,0.21212121212121213,0.16129032258064516,margin
qwen3-8b-base,gemma4-12b-base,truthfulqa,253,65,0.25691699604743085,327,0.2599388379204893,0.7006546644844518,0.6691489361702129,0.48461538461538467,0.7006546644844518,0.5384615384615384,0.1076923076923077,0.28134556574923547,0.64,0.24615384615384617,0.308868501529052,0.47058823529411764,0.36923076923076925,0.3333333333333333,0.38461538461538464,0.07692307692307693,0.27522935779816515,0.52,0.2,0.2996941896024465,0.4117647058823529,0.3230769230769231,0.3241590214067278,0.38461538461538464,0.07692307692307693,0.27522935779816515,0.36,0.13846153846153847,0.2874617737003058,0.3137254901960784,0.24615384615384617,0.308868501529052,0.5384615384615384,0.1076923076923077,0.28134556574923547,0.64,0.24615384615384617,0.308868501529052,0.47058823529411764,0.36923076923076925,0.3333333333333333,margin
qwen3-8b-base,gemma4-31b,boolq,476,70,0.14705882352941177,475,0.5936842105263158,0.6985573539760732,0.4514778325123153,0.4229064039408867,0.6985573539760732,0.2916666666666667,0.1,0.608421052631579,0.2708333333333333,0.18571428571428572,0.6210526315789474,0.29473684210526313,0.4,0.6526315789473685,0.08333333333333333,0.02857142857142857,0.5978947368421053,0.08333333333333333,0.05714285714285714,0.6021052631578947,0.08421052631578947,0.11428571428571428,0.6105263157894737,0.08333333333333333,0.02857142857142857,0.5978947368421053,0.08333333333333333,0.05714285714285714,0.6021052631578947,0.08421052631578947,0.11428571428571428,0.6105263157894737,0.2916666666666667,0.1,0.608421052631579,0.2708333333333333,0.18571428571428572,0.6210526315789474,0.29473684210526313,0.4,0.6526315789473685,margin
qwen3-8b-base,gemma4-31b,geometry_of_truth,675,30,0.044444444444444446,1000,0.411,0.7180878552971576,0.9409819121447028,0.3417054263565892,0.9409819121447028,0.14705882352941177,0.16666666666666666,0.416,0.14705882352941177,0.3333333333333333,0.421,0.1111111111111111,0.5,0.426,0.2647058823529412,0.3,0.42,0.3088235294117647,0.7,0.432,0.2222222222222222,1.0,0.441,0.058823529411764705,0.06666666666666667,0.413,0.029411764705882353,0.06666666666666667,0.413,0.02962962962962963,0.13333333333333333,0.415,0.2647058823529412,0.3,0.42,0.3088235294117647,0.7,0.432,0.2222222222222222,1.0,0.441,anomaly
qwen3-8b-base,gemma4-31b,rte,54,30,0.5555555555555556,62,0.1935483870967742,0.638888888888889,0.4527777777777778,0.576388888888889,0.638888888888889,0.3333333333333333,0.03333333333333333,0.20967741935483872,0.6,0.1,0.24193548387096775,0.5454545454545454,0.2,0.2903225806451613,0.6666666666666666,0.06666666666666667,0.22580645161290322,0.8,0.13333333333333333,0.25806451612903225,0.45454545454545453,0.16666666666666666,0.27419354838709675,0.3333333333333333,0.03333333333333333,0.20967741935483872,0.4,0.06666666666666667,0.22580645161290322,0.6363636363636364,0.23333333333333334,0.3064516129032258,0.3333333333333333,0.03333333333333333,0.20967741935483872,0.6,0.1,0.24193548387096775,0.5454545454545454,0.2,0.2903225806451613,margin
qwen3-8b-base,gemma4-31b,truthfulqa,248,58,0.23387096774193547,327,0.25688073394495414,0.7370235934664247,0.6458257713248639,0.4670598911070781,0.7370235934664247,0.5833333333333334,0.1206896551724138,0.2782874617737003,0.52,0.22413793103448276,0.2966360856269113,0.5,0.43103448275862066,0.3333333333333333,0.25,0.05172413793103448,0.26605504587155965,0.44,0.1896551724137931,0.290519877675841,0.4,0.3448275862068966,0.3180428134556575,0.3333333333333333,0.06896551724137931,0.2691131498470948,0.36,0.15517241379310345,0.28440366972477066,0.26,0.22413793103448276,0.2966360856269113,0.5833333333333334,0.1206896551724138,0.2782874617737003,0.52,0.22413793103448276,0.2966360856269113,0.5,0.43103448275862066,0.3333333333333333,margin
qwen3-8b-base,llama-8b,boolq,440,64,0.14545454545454545,475,0.5663157894736842,0.6812250664893618,0.47394448138297873,0.4559923537234043,0.6812250664893618,0.3181818181818182,0.109375,0.5810526315789474,0.29545454545454547,0.203125,0.5936842105263158,0.22727272727272727,0.3125,0.608421052631579,0.09090909090909091,0.03125,0.5705263157894737,0.09090909090909091,0.0625,0.5747368421052632,0.10227272727272728,0.140625,0.5852631578947368,0.045454545454545456,0.015625,0.5684210526315789,0.09090909090909091,0.0625,0.5747368421052632,0.11363636363636363,0.15625,0.5873684210526315,0.3181818181818182,0.109375,0.5810526315789474,0.29545454545454547,0.203125,0.5936842105263158,0.22727272727272727,0.3125,0.608421052631579,margin
qwen3-8b-base,llama-8b,geometry_of_truth,1052,85,0.08079847908745247,1000,0.105,0.710408175679786,0.8588235294117647,0.5171847435975424,0.8588235294117647,0.18867924528301888,0.11764705882352941,0.115,0.2,0.24705882352941178,0.126,0.15714285714285714,0.38823529411764707,0.138,0.2830188679245283,0.17647058823529413,0.12,0.3238095238095238,0.4,0.139,0.23809523809523808,0.5882352941176471,0.155,0.07547169811320754,0.047058823529411764,0.109,0.05714285714285714,0.07058823529411765,0.111,0.08095238095238096,0.2,0.122,0.2830188679245283,0.17647058823529413,0.12,0.3238095238095238,0.4,0.139,0.23809523809523808,0.5882352941176471,0.155,anomaly
qwen3-8b-base,llama-8b,imdb,331,28,0.08459214501510574,1018,0.26129666011787817,0.6072607260726073,0.5695426685525695,0.3836633663366336,0.6072607260726073,0.17647058823529413,0.10714285714285714,0.2642436149312377,0.15151515151515152,0.17857142857142858,0.26620825147347743,0.13636363636363635,0.32142857142857145,0.27013752455795675,0.0,0.0,0.26129666011787817,0.030303030303030304,0.03571428571428571,0.26227897838899805,0.07575757575757576,0.17857142857142858,0.26620825147347743,0.058823529411764705,0.03571428571428571,0.26227897838899805,0.030303030303030304,0.03571428571428571,0.26227897838899805,0.045454545454545456,0.10714285714285714,0.2642436149312377,0.17647058823529413,0.10714285714285714,0.2642436149312377,0.15151515151515152,0.17857142857142858,0.26620825147347743,0.13636363636363635,0.32142857142857145,0.27013752455795675,margin
qwen3-8b-base,llama-8b,rte,44,18,0.4090909090909091,62,0.3870967741935484,0.5705128205128206,0.5576923076923077,0.5854700854700855,0.5854700854700855,0.0,0.0,0.3870967741935484,0.25,0.05555555555555555,0.4032258064516129,0.4444444444444444,0.2222222222222222,0.45161290322580644,0.5,0.05555555555555555,0.4032258064516129,0.25,0.05555555555555555,0.4032258064516129,0.4444444444444444,0.2222222222222222,0.45161290322580644,1.0,0.1111111111111111,0.41935483870967744,1.0,0.2222222222222222,0.45161290322580644,0.5555555555555556,0.2777777777777778,0.46774193548387094,1.0,0.1111111111111111,0.41935483870967744,1.0,0.2222222222222222,0.45161290322580644,0.5555555555555556,0.2777777777777778,0.46774193548387094,spread
qwen3-8b-base,llama-8b,truthfulqa,233,42,0.18025751072961374,327,0.27217125382262997,0.662926950885066,0.6164298180004986,0.5451259037646472,0.662926950885066,0.4166666666666667,0.11904761904761904,0.2874617737003058,0.34782608695652173,0.19047619047619047,0.2966360856269113,0.3617021276595745,0.40476190476190477,0.3241590214067278,0.3333333333333333,0.09523809523809523,0.28440366972477066,0.2608695652173913,0.14285714285714285,0.290519877675841,0.23404255319148937,0.2619047619047619,0.3058103975535168,0.08333333333333333,0.023809523809523808,0.27522935779816515,0.21739130434782608,0.11904761904761904,0.2874617737003058,0.23404255319148937,0.2619047619047619,0.3058103975535168,0.4166666666666667,0.11904761904761904,0.2874617737003058,0.34782608695652173,0.19047619047619047,0.2966360856269113,0.3617021276595745,0.40476190476190477,0.3241590214067278,margin
qwen3-8b-base,qwen3-32b,boolq,738,238,0.3224932249322493,475,0.13052631578947368,0.5510084033613445,0.4738151260504202,0.5332521008403361,0.5510084033613445,0.40540540540540543,0.06302521008403361,0.16210526315789472,0.36486486486486486,0.1134453781512605,0.18736842105263157,0.35135135135135137,0.2184873949579832,0.24,0.16216216216216217,0.025210084033613446,0.1431578947368421,0.24324324324324326,0.07563025210084033,0.16842105263157894,0.25,0.15546218487394958,0.20842105263157895,0.16216216216216217,0.025210084033613446,0.1431578947368421,0.28378378378378377,0.08823529411764706,0.17473684210526316,0.35135135135135137,0.2184873949579832,0.24,0.40540540540540543,0.06302521008403361,0.16210526315789472,0.36486486486486486,0.1134453781512605,0.18736842105263157,0.35135135135135137,0.2184873949579832,0.24,margin
qwen3-8b-base,qwen3-32b,geometry_of_truth,977,70,0.07164790174002048,1000,0.219,0.7423688769885022,0.8523862025515829,0.5168372972121593,0.8523862025515829,0.30612244897959184,0.21428571428571427,0.234,0.2653061224489796,0.37142857142857144,0.245,0.16923076923076924,0.4714285714285714,0.252,0.1836734693877551,0.12857142857142856,0.228,0.23469387755102042,0.32857142857142857,0.242,0.23076923076923078,0.6428571428571429,0.264,0.12244897959183673,0.08571428571428572,0.225,0.07142857142857142,0.1,0.226,0.07179487179487179,0.2,0.233,0.1836734693877551,0.12857142857142856,0.228,0.23469387755102042,0.32857142857142857,0.242,0.23076923076923078,0.6428571428571429,0.264,anomaly
qwen3-8b-base,qwen3-32b,imdb,406,107,0.26354679802955666,1018,0.1031434184675835,0.4663207576657394,0.45835026412027635,0.6915575282092957,0.6915575282092957,0.2,0.037383177570093455,0.10707269155206287,0.14634146341463414,0.056074766355140186,0.10903732809430255,0.19753086419753085,0.14953271028037382,0.11886051080550099,0.15,0.028037383177570093,0.10609037328094302,0.14634146341463414,0.056074766355140186,0.10903732809430255,0.2345679012345679,0.17757009345794392,0.12180746561886051,1.0,0.18691588785046728,0.12278978388998035,0.8048780487804879,0.308411214953271,0.13555992141453832,0.5679012345679012,0.42990654205607476,0.14833005893909626,1.0,0.18691588785046728,0.12278978388998035,0.8048780487804879,0.308411214953271,0.13555992141453832,0.5679012345679012,0.42990654205607476,0.14833005893909626,spread
qwen3-8b-base,qwen3-32b,rte,55,30,0.5454545454545454,62,0.08064516129032258,0.5106666666666666,0.39866666666666667,0.516,0.516,0.3333333333333333,0.03333333333333333,0.0967741935483871,0.5,0.1,0.12903225806451613,0.5454545454545454,0.2,0.1774193548387097,0.6666666666666666,0.06666666666666667,0.11290322580645161,0.6666666666666666,0.13333333333333333,0.14516129032258066,0.45454545454545453,0.16666666666666666,0.16129032258064516,0.0,0.0,0.08064516129032258,0.3333333333333333,0.06666666666666667,0.11290322580645161,0.5454545454545454,0.2,0.1774193548387097,0.0,0.0,0.08064516129032258,0.3333333333333333,0.06666666666666667,0.11290322580645161,0.5454545454545454,0.2,0.1774193548387097,spread
qwen3-8b-base,qwen3-32b,truthfulqa,208,35,0.16826923076923078,327,0.2782874617737003,0.6437654830718414,0.7332782824112305,0.48323699421965316,0.7332782824112305,0.5,0.14285714285714285,0.29357798165137616,0.42857142857142855,0.2571428571428571,0.3058103975535168,0.38095238095238093,0.45714285714285713,0.327217125382263,0.4,0.11428571428571428,0.290519877675841,0.3333333333333333,0.2,0.2996941896024465,0.3333333333333333,0.4,0.3211009174311927,0.1,0.02857142857142857,0.28134556574923547,0.23809523809523808,0.14285714285714285,0.29357798165137616,0.16666666666666666,0.2,0.2996941896024465,0.4,0.11428571428571428,0.290519877675841,0.3333333333333333,0.2,0.2996941896024465,0.3333333333333333,0.4,0.3211009174311927,anomaly
qwen3-8b-base,qwen3-8b,boolq,684,195,0.2850877192982456,475,0.21473684210526317,0.606166430706308,0.4708405432331813,0.567762571443553,0.606166430706308,0.35294117647058826,0.06153846153846154,0.24,0.3088235294117647,0.1076923076923077,0.25894736842105265,0.3722627737226277,0.26153846153846155,0.32210526315789473,0.23529411764705882,0.041025641025641026,0.23157894736842105,0.20588235294117646,0.07179487179487179,0.24421052631578946,0.22627737226277372,0.15897435897435896,0.28,0.14705882352941177,0.02564102564102564,0.22526315789473683,0.20588235294117646,0.07179487179487179,0.24421052631578946,0.3795620437956204,0.26666666666666666,0.32421052631578945,0.35294117647058826,0.06153846153846154,0.24,0.3088235294117647,0.1076923076923077,0.25894736842105265,0.3722627737226277,0.26153846153846155,0.32210526315789473,margin
qwen3-8b-base,qwen3-8b,geometry_of_truth,1060,102,0.09622641509433963,1000,0.098,0.7481374595767325,0.8816877481681608,0.5883478652421302,0.8816877481681608,0.32075471698113206,0.16666666666666666,0.115,0.29245283018867924,0.30392156862745096,0.129,0.2169811320754717,0.45098039215686275,0.144,0.3584905660377358,0.18627450980392157,0.117,0.39622641509433965,0.4117647058823529,0.14,0.330188679245283,0.6862745098039216,0.168,0.07547169811320754,0.0392156862745098,0.102,0.11320754716981132,0.11764705882352941,0.11,0.15566037735849056,0.3235294117647059,0.131,0.3584905660377358,0.18627450980392157,0.117,0.39622641509433965,0.4117647058823529,0.14,0.330188679245283,0.6862745098039216,0.168,anomaly
qwen3-8b-base,qwen3-8b,imdb,429,128,0.29836829836829837,1018,0.07858546168958742,0.45662894518272423,0.4641559385382059,0.6999325166112957,0.6999325166112957,0.19047619047619047,0.03125,0.0825147347740668,0.16279069767441862,0.0546875,0.08546168958742632,0.20930232558139536,0.140625,0.0962671905697446,0.09523809523809523,0.015625,0.08055009823182711,0.16279069767441862,0.0546875,0.08546168958742632,0.2441860465116279,0.1640625,0.09921414538310412,1.0,0.1640625,0.09921414538310412,0.9534883720930233,0.3203125,0.11886051080550099,0.686046511627907,0.4609375,0.13654223968565815,1.0,0.1640625,0.09921414538310412,0.9534883720930233,0.3203125,0.11886051080550099,0.686046511627907,0.4609375,0.13654223968565815,spread
qwen3-8b-base,qwen3-8b,rte,55,30,0.5454545454545454,62,0.08064516129032258,0.6013333333333334,0.43199999999999994,0.6439999999999999,0.6439999999999999,0.6666666666666666,0.06666666666666667,0.11290322580645161,0.5,0.1,0.12903225806451613,0.6363636363636364,0.23333333333333334,0.1935483870967742,0.3333333333333333,0.03333333333333333,0.0967741935483871,0.3333333333333333,0.06666666666666667,0.11290322580645161,0.45454545454545453,0.16666666666666666,0.16129032258064516,0.6666666666666666,0.06666666666666667,0.11290322580645161,0.5,0.1,0.12903225806451613,0.45454545454545453,0.16666666666666666,0.16129032258064516,0.6666666666666666,0.06666666666666667,0.11290322580645161,0.5,0.1,0.12903225806451613,0.45454545454545453,0.16666666666666666,0.16129032258064516,spread
qwen3-8b-base,qwen3-8b,truthfulqa,229,44,0.19213973799126638,327,0.21100917431192662,0.6750614250614251,0.6689189189189189,0.6636363636363637,0.6750614250614251,0.5454545454545454,0.13636363636363635,0.22935779816513763,0.4782608695652174,0.25,0.24464831804281345,0.391304347826087,0.4090909090909091,0.26605504587155965,0.45454545454545453,0.11363636363636363,0.22629969418960244,0.34782608695652173,0.18181818181818182,0.23547400611620795,0.32608695652173914,0.3409090909090909,0.25688073394495414,0.36363636363636365,0.09090909090909091,0.22324159021406728,0.30434782608695654,0.1590909090909091,0.2324159021406728,0.32608695652173914,0.3409090909090909,0.25688073394495414,0.5454545454545454,0.13636363636363635,0.22935779816513763,0.4782608695652174,0.25,0.24464831804281345,0.391304347826087,0.4090909090909091,0.26605504587155965,margin
qwen3-8b-base,qwen38-27b,boolq,517,82,0.15860735009671179,475,0.49894736842105264,0.6969161760583124,0.4554247266610597,0.5288197364732268,0.6969161760583124,0.34615384615384615,0.10975609756097561,0.5178947368421053,0.3269230769230769,0.2073170731707317,0.5347368421052632,0.27184466019417475,0.34146341463414637,0.5578947368421052,0.0,0.0,0.49894736842105264,0.09615384615384616,0.06097560975609756,0.5094736842105263,0.11650485436893204,0.14634146341463414,0.5242105263157895,0.15384615384615385,0.04878048780487805,0.5073684210526316,0.17307692307692307,0.10975609756097561,0.5178947368421053,0.17475728155339806,0.21951219512195122,0.5368421052631579,0.34615384615384615,0.10975609756097561,0.5178947368421053,0.3269230769230769,0.2073170731707317,0.5347368421052632,0.27184466019417475,0.34146341463414637,0.5578947368421052,margin
qwen3-8b-base,qwen38-27b,geometry_of_truth,1018,51,0.05009823182711198,1000,0.13,0.7027596974674047,0.9083885881136322,0.6154470061033721,0.9083885881136322,0.0784313725490196,0.0784313725490196,0.134,0.1568627450980392,0.3137254901960784,0.146,0.12254901960784313,0.49019607843137253,0.155,0.3333333333333333,0.3333333333333333,0.147,0.29411764705882354,0.5882352941176471,0.16,0.20588235294117646,0.8235294117647058,0.172,0.11764705882352941,0.11764705882352941,0.136,0.12745098039215685,0.2549019607843137,0.143,0.09313725490196079,0.37254901960784315,0.149,0.3333333333333333,0.3333333333333333,0.147,0.29411764705882354,0.5882352941176471,0.16,0.20588235294117646,0.8235294117647058,0.172,anomaly
qwen3-8b-base,qwen38-27b,rte,50,24,0.48,62,0.1935483870967742,0.625,0.4391025641025641,0.6266025641025641,0.6266025641025641,0.5,0.041666666666666664,0.20967741935483872,0.6,0.125,0.24193548387096775,0.6,0.25,0.2903225806451613,0.0,0.0,0.1935483870967742,0.4,0.08333333333333333,0.22580645161290322,0.5,0.20833333333333334,0.27419354838709675,0.5,0.041666666666666664,0.20967741935483872,0.8,0.16666666666666666,0.25806451612903225,0.7,0.2916666666666667,0.3064516129032258,0.5,0.041666666666666664,0.20967741935483872,0.8,0.16666666666666666,0.25806451612903225,0.7,0.2916666666666667,0.3064516129032258,spread
qwen3-8b-base,qwen38-27b,truthfulqa,272,71,0.2610294117647059,327,0.19571865443425077,0.6354845490855582,0.6743045336696798,0.49148623081774223,0.6743045336696798,0.5,0.09859154929577464,0.21712538226299694,0.48148148148148145,0.18309859154929578,0.23547400611620795,0.4444444444444444,0.3380281690140845,0.2691131498470948,0.42857142857142855,0.08450704225352113,0.21406727828746178,0.4444444444444444,0.16901408450704225,0.2324159021406728,0.42592592592592593,0.323943661971831,0.26605504587155965,0.07142857142857142,0.014084507042253521,0.19877675840978593,0.14814814814814814,0.056338028169014086,0.20795107033639143,0.2222222222222222,0.16901408450704225,0.2324159021406728,0.42857142857142855,0.08450704225352113,0.21406727828746178,0.4444444444444444,0.16901408450704225,0.2324159021406728,0.42592592592592593,0.323943661971831,0.26605504587155965,anomaly
qwen38-27b,gemma4-31b,boolq,595,61,0.10252100840336134,475,0.28421052631578947,0.7306133726284767,0.43095720513292807,0.524160373303862,0.7306133726284767,0.23333333333333334,0.11475409836065574,0.29894736842105263,0.26666666666666666,0.26229508196721313,0.3178947368421053,0.21008403361344538,0.4098360655737705,0.3368421052631579,0.03333333333333333,0.01639344262295082,0.2863157894736842,0.08333333333333333,0.08196721311475409,0.29473684210526313,0.06722689075630252,0.13114754098360656,0.30105263157894735,0.1,0.04918032786885246,0.2905263157894737,0.1,0.09836065573770492,0.2968421052631579,0.1092436974789916,0.21311475409836064,0.31157894736842107,0.23333333333333334,0.11475409836065574,0.29894736842105263,0.26666666666666666,0.26229508196721313,0.3178947368421053,0.21008403361344538,0.4098360655737705,0.3368421052631579,margin
qwen38-27b,gemma4-31b,geometry_of_truth,686,13,0.018950437317784258,1000,0.321,0.8873014058749571,0.972111098411247,0.370442336267002,0.972111098411247,0.14705882352941177,0.38461538461538464,0.326,0.10144927536231885,0.5384615384615384,0.328,0.072992700729927,0.7692307692307693,0.331,0.2647058823529412,0.6923076923076923,0.33,0.17391304347826086,0.9230769230769231,0.333,0.0948905109489051,1.0,0.334,0.0,0.0,0.321,0.014492753623188406,0.07692307692307693,0.322,0.021897810218978103,0.23076923076923078,0.324,0.2647058823529412,0.6923076923076923,0.33,0.17391304347826086,0.9230769230769231,0.333,0.0948905109489051,1.0,0.334,anomaly
qwen38-27b,gemma4-31b,rte,57,25,0.43859649122807015,62,0.25806451612903225,0.685,0.48125,0.44,0.685,0.3333333333333333,0.04,0.27419354838709675,0.3333333333333333,0.08,0.2903225806451613,0.5454545454545454,0.24,0.3548387096774194,0.6666666666666666,0.08,0.2903225806451613,0.5,0.12,0.3064516129032258,0.36363636363636365,0.16,0.3225806451612903,0.6666666666666666,0.08,0.2903225806451613,0.6666666666666666,0.16,0.3225806451612903,0.36363636363636365,0.16,0.3225806451612903,0.3333333333333333,0.04,0.27419354838709675,0.3333333333333333,0.08,0.2903225806451613,0.5454545454545454,0.24,0.3548387096774194,margin
qwen38-27b,gemma4-31b,truthfulqa,263,61,0.23193916349809887,327,0.21406727828746178,0.6740788832981659,0.5909754909917221,0.4033436130498296,0.6740788832981659,0.38461538461538464,0.08196721311475409,0.22935779816513763,0.5,0.21311475409836064,0.25382262996941896,0.4528301886792453,0.39344262295081966,0.2874617737003058,0.46153846153846156,0.09836065573770492,0.2324159021406728,0.38461538461538464,0.16393442622950818,0.24464831804281345,0.33962264150943394,0.29508196721311475,0.2691131498470948,0.15384615384615385,0.03278688524590164,0.22018348623853212,0.23076923076923078,0.09836065573770492,0.2324159021406728,0.16981132075471697,0.14754098360655737,0.2415902140672783,0.38461538461538464,0.08196721311475409,0.22935779816513763,0.5,0.21311475409836064,0.25382262996941896,0.4528301886792453,0.39344262295081966,0.2874617737003058,margin
qwen38-27b,qwen3-32b,boolq,577,81,0.14038128249566725,475,0.4442105263157895,0.7284199522102748,0.4526334129828754,0.5106780167264039,0.7284199522102748,0.3448275862068966,0.12345679012345678,0.4652631578947368,0.3103448275862069,0.2222222222222222,0.48210526315789476,0.30434782608695654,0.43209876543209874,0.5178947368421053,0.10344827586206896,0.037037037037037035,0.45052631578947366,0.08620689655172414,0.06172839506172839,0.45473684210526316,0.08695652173913043,0.12345679012345678,0.4652631578947368,0.06896551724137931,0.024691358024691357,0.44842105263157894,0.13793103448275862,0.09876543209876543,0.4610526315789474,0.1391304347826087,0.19753086419753085,0.47789473684210526,0.3448275862068966,0.12345679012345678,0.4652631578947368,0.3103448275862069,0.2222222222222222,0.48210526315789476,0.30434782608695654,0.43209876543209874,0.5178947368421053,margin
qwen38-27b,qwen3-32b,geometry_of_truth,982,47,0.04786150712830957,1000,0.141,0.7838661963818409,0.8798725679827056,0.4113323472522471,0.8798725679827056,0.3673469387755102,0.3829787234042553,0.159,0.2653061224489796,0.5531914893617021,0.167,0.16326530612244897,0.6808510638297872,0.173,0.14285714285714285,0.14893617021276595,0.148,0.21428571428571427,0.44680851063829785,0.162,0.17857142857142858,0.7446808510638298,0.176,0.0,0.0,0.141,0.02040816326530612,0.0425531914893617,0.143,0.015306122448979591,0.06382978723404255,0.144,0.14285714285714285,0.14893617021276595,0.148,0.21428571428571427,0.44680851063829785,0.162,0.17857142857142858,0.7446808510638298,0.176,anomaly
qwen38-27b,qwen3-32b,rte,52,24,0.46153846153846156,62,0.1774193548387097,0.6398809523809524,0.40922619047619047,0.6711309523809524,0.6711309523809524,0.6666666666666666,0.08333333333333333,0.20967741935483872,0.6,0.125,0.22580645161290322,0.5,0.20833333333333334,0.25806451612903225,0.3333333333333333,0.041666666666666664,0.1935483870967742,0.4,0.08333333333333333,0.20967741935483872,0.4,0.16666666666666666,0.24193548387096775,0.6666666666666666,0.08333333333333333,0.20967741935483872,0.8,0.16666666666666666,0.24193548387096775,0.7,0.2916666666666667,0.2903225806451613,0.6666666666666666,0.08333333333333333,0.20967741935483872,0.8,0.16666666666666666,0.24193548387096775,0.7,0.2916666666666667,0.2903225806451613,spread
qwen38-27b,qwen3-32b,truthfulqa,237,45,0.189873417721519,327,0.1926605504587156,0.585763888888889,0.7096064814814815,0.4047453703703704,0.7096064814814815,0.4166666666666667,0.1111111111111111,0.20795107033639143,0.375,0.2,0.22018348623853212,0.425531914893617,0.4444444444444444,0.25382262996941896,0.5,0.13333333333333333,0.21100917431192662,0.4166666666666667,0.2222222222222222,0.22324159021406728,0.3191489361702128,0.3333333333333333,0.23853211009174313,0.08333333333333333,0.022222222222222223,0.19571865443425077,0.041666666666666664,0.022222222222222223,0.19571865443425077,0.10638297872340426,0.1111111111111111,0.20795107033639143,0.5,0.13333333333333333,0.21100917431192662,0.4166666666666667,0.2222222222222222,0.22324159021406728,0.3191489361702128,0.3333333333333333,0.23853211009174313,anomaly
