overseer,target,held_out,both_true_test_n,row2_test_n,base_rate,n_false,router_coverage,auroc_margin,auroc_anomaly,auroc_spread,auroc_best,prec_05_margin,recall_05_margin,caught_05_margin,prec_10_margin,recall_10_margin,caught_10_margin,prec_20_margin,recall_20_margin,caught_20_margin,prec_05_anomaly,recall_05_anomaly,caught_05_anomaly,prec_10_anomaly,recall_10_anomaly,caught_10_anomaly,prec_20_anomaly,recall_20_anomaly,caught_20_anomaly,prec_05_spread,recall_05_spread,caught_05_spread,prec_10_spread,recall_10_spread,caught_10_spread,prec_20_spread,recall_20_spread,caught_20_spread,prec_05_best,recall_05_best,caught_05_best,prec_10_best,recall_10_best,caught_10_best,prec_20_best,recall_20_best,caught_20_best,supervised_reference
gemma2-9b,gemma4-12b,boolq,807,91,0.1127633209417596,475,0.7536842105263157,0.750352998956351,0.4504880594266069,0.6440542697525937,0.750352998956351,0.375,0.16483516483516483,0.7852631578947369,0.2962962962962963,0.26373626373626374,0.8042105263157895,0.2670807453416149,0.4725274725274725,0.8442105263157895,0.05,0.02197802197802198,0.7578947368421053,0.09876543209876543,0.08791208791208792,0.7705263157894737,0.08074534161490683,0.14285714285714285,0.7810526315789473,0.375,0.16483516483516483,0.7852631578947369,0.2962962962962963,0.26373626373626374,0.8042105263157895,0.22981366459627328,0.4065934065934066,0.8315789473684211,0.375,0.16483516483516483,0.7852631578947369,0.2962962962962963,0.26373626373626374,0.8042105263157895,0.2670807453416149,0.4725274725274725,0.8442105263157895,margin
gemma2-9b,gemma4-12b,geometry_of_truth,679,9,0.013254786450662739,1000,0.315,0.7810945273631842,0.9086235489220564,0.4976782752902156,0.9086235489220564,0.0,0.0,0.315,0.014705882352941176,0.1111111111111111,0.316,0.022058823529411766,0.3333333333333333,0.318,0.08823529411764706,0.3333333333333333,0.318,0.07352941176470588,0.5555555555555556,0.32,0.058823529411764705,0.8888888888888888,0.323,0.029411764705882353,0.1111111111111111,0.316,0.029411764705882353,0.2222222222222222,0.317,0.014705882352941176,0.2222222222222222,0.317,0.08823529411764706,0.3333333333333333,0.318,0.07352941176470588,0.5555555555555556,0.32,0.058823529411764705,0.8888888888888888,0.323,anomaly
gemma2-9b,gemma4-12b,imdb,584,53,0.09075342465753425,1018,0.4361493123772102,0.7420317663362115,0.4943325160785986,0.5125253171303699,0.7420317663362115,0.20689655172413793,0.11320754716981132,0.44204322200392926,0.15517241379310345,0.16981132075471697,0.4449901768172888,0.17094017094017094,0.37735849056603776,0.45579567779960706,0.0,0.0,0.4361493123772102,0.0,0.0,0.4361493123772102,0.06837606837606838,0.1509433962264151,0.444007858546169,0.1724137931034483,0.09433962264150944,0.44106090373280943,0.13793103448275862,0.1509433962264151,0.444007858546169,0.10256410256410256,0.22641509433962265,0.44793713163064836,0.20689655172413793,0.11320754716981132,0.44204322200392926,0.15517241379310345,0.16981132075471697,0.4449901768172888,0.17094017094017094,0.37735849056603776,0.45579567779960706,margin
gemma2-9b,gemma4-12b,rte,46,14,0.30434782608695654,62,0.5967741935483871,0.7544642857142858,0.5245535714285714,0.5178571428571428,0.7544642857142858,1.0,0.14285714285714285,0.6290322580645161,0.8,0.2857142857142857,0.6612903225806451,0.5555555555555556,0.35714285714285715,0.6774193548387096,0.0,0.0,0.5967741935483871,0.4,0.14285714285714285,0.6290322580645161,0.4444444444444444,0.2857142857142857,0.6612903225806451,0.0,0.0,0.5967741935483871,0.2,0.07142857142857142,0.6129032258064516,0.2222222222222222,0.14285714285714285,0.6290322580645161,1.0,0.14285714285714285,0.6290322580645161,0.8,0.2857142857142857,0.6612903225806451,0.5555555555555556,0.35714285714285715,0.6774193548387096,margin
gemma2-9b,gemma4-12b,truthfulqa,198,22,0.1111111111111111,327,0.41284403669724773,0.7350206611570249,0.7301136363636364,0.46513429752066116,0.7350206611570249,0.1,0.045454545454545456,0.41590214067278286,0.2,0.18181818181818182,0.42507645259938837,0.275,0.5,0.44648318042813456,0.2,0.09090909090909091,0.41896024464831805,0.35,0.3181818181818182,0.43425076452599387,0.2,0.36363636363636365,0.43730886850152906,0.1,0.045454545454545456,0.41590214067278286,0.1,0.09090909090909091,0.41896024464831805,0.05,0.09090909090909091,0.41896024464831805,0.1,0.045454545454545456,0.41590214067278286,0.2,0.18181818181818182,0.42507645259938837,0.275,0.5,0.44648318042813456,margin
gemma2-9b,gemma4-12b-base,boolq,783,80,0.10217113665389528,475,0.4147368421052632,0.7614331436699858,0.47336415362731155,0.4959992887624467,0.7614331436699858,0.4358974358974359,0.2125,0.45052631578947366,0.358974358974359,0.35,0.47368421052631576,0.25477707006369427,0.5,0.49894736842105264,0.07692307692307693,0.0375,0.42105263157894735,0.07692307692307693,0.075,0.42736842105263156,0.07006369426751592,0.1375,0.4378947368421053,0.10256410256410256,0.05,0.4231578947368421,0.1282051282051282,0.125,0.4357894736842105,0.12101910828025478,0.2375,0.45473684210526316,0.4358974358974359,0.2125,0.45052631578947366,0.358974358974359,0.35,0.47368421052631576,0.25477707006369427,0.5,0.49894736842105264,margin
gemma2-9b,gemma4-12b-base,geometry_of_truth,994,11,0.011066398390342052,1000,0.013,0.9533894386386756,0.8991029316563395,0.3370017571441783,0.9533894386386756,0.14,0.6363636363636364,0.02,0.10101010101010101,0.9090909090909091,0.023,0.05527638190954774,1.0,0.024,0.08,0.36363636363636365,0.017,0.06060606060606061,0.5454545454545454,0.019,0.04522613065326633,0.8181818181818182,0.022,0.0,0.0,0.013,0.0,0.0,0.013,0.0,0.0,0.013,0.14,0.6363636363636364,0.02,0.10101010101010101,0.9090909090909091,0.023,0.05527638190954774,1.0,0.024,margin
gemma2-9b,gemma4-12b-base,imdb,884,62,0.07013574660633484,1018,0.15422396856581533,0.7607919315595322,0.472941684326191,0.4474923475394396,0.7607919315595322,0.29545454545454547,0.20967741935483872,0.16699410609037327,0.23863636363636365,0.3387096774193548,0.17485265225933203,0.20903954802259886,0.5967741935483871,0.1905697445972495,0.0,0.0,0.15422396856581533,0.022727272727272728,0.03225806451612903,0.15618860510805502,0.03954802259887006,0.11290322580645161,0.16110019646365423,0.06818181818181818,0.04838709677419355,0.15717092337917485,0.06818181818181818,0.0967741935483871,0.16011787819253437,0.05649717514124294,0.16129032258064516,0.16404715127701375,0.29545454545454547,0.20967741935483872,0.16699410609037327,0.23863636363636365,0.3387096774193548,0.17485265225933203,0.20903954802259886,0.5967741935483871,0.1905697445972495,margin
gemma2-9b,gemma4-12b-base,rte,57,14,0.24561403508771928,62,0.3709677419354839,0.8521594684385383,0.6212624584717609,0.6096345514950166,0.8521594684385383,0.6666666666666666,0.14285714285714285,0.4032258064516129,0.5,0.21428571428571427,0.41935483870967744,0.6363636363636364,0.5,0.4838709677419355,0.3333333333333333,0.07142857142857142,0.3870967741935484,0.5,0.21428571428571427,0.41935483870967744,0.45454545454545453,0.35714285714285715,0.45161290322580644,0.3333333333333333,0.07142857142857142,0.3870967741935484,0.5,0.21428571428571427,0.41935483870967744,0.36363636363636365,0.2857142857142857,0.43548387096774194,0.6666666666666666,0.14285714285714285,0.4032258064516129,0.5,0.21428571428571427,0.41935483870967744,0.6363636363636364,0.5,0.4838709677419355,margin
gemma2-9b,gemma4-12b-base,truthfulqa,246,15,0.06097560975609756,327,0.23547400611620795,0.8112554112554113,0.729004329004329,0.3647907647907648,0.8112554112554113,0.08333333333333333,0.06666666666666667,0.23853211009174313,0.08,0.13333333333333333,0.2415902140672783,0.14285714285714285,0.4666666666666667,0.25688073394495414,0.25,0.2,0.24464831804281345,0.16,0.26666666666666666,0.24770642201834864,0.14285714285714285,0.4666666666666667,0.25688073394495414,0.0,0.0,0.23547400611620795,0.0,0.0,0.23547400611620795,0.02040816326530612,0.06666666666666667,0.23853211009174313,0.08333333333333333,0.06666666666666667,0.23853211009174313,0.08,0.13333333333333333,0.2415902140672783,0.14285714285714285,0.4666666666666667,0.25688073394495414,margin
gemma2-9b,gemma4-31b,boolq,746,68,0.09115281501340483,475,0.3178947368421053,0.7196989415235121,0.42213256984209613,0.48824397015443344,0.7196989415235121,0.24324324324324326,0.1323529411764706,0.3368421052631579,0.22666666666666666,0.25,0.35368421052631577,0.19463087248322147,0.4264705882352941,0.37894736842105264,0.02702702702702703,0.014705882352941176,0.32,0.08,0.08823529411764706,0.33052631578947367,0.06040268456375839,0.1323529411764706,0.3368421052631579,0.08108108108108109,0.04411764705882353,0.32421052631578945,0.08,0.08823529411764706,0.33052631578947367,0.087248322147651,0.19117647058823528,0.3452631578947368,0.24324324324324326,0.1323529411764706,0.3368421052631579,0.22666666666666666,0.25,0.35368421052631577,0.19463087248322147,0.4264705882352941,0.37894736842105264,margin
gemma2-9b,gemma4-31b,geometry_of_truth,904,8,0.008849557522123894,1000,0.099,0.9162946428571428,0.9059709821428571,0.6162109375,0.9162946428571428,0.06666666666666667,0.375,0.102,0.044444444444444446,0.5,0.103,0.04419889502762431,1.0,0.107,0.06666666666666667,0.375,0.102,0.044444444444444446,0.5,0.103,0.03314917127071823,0.75,0.105,0.0,0.0,0.099,0.0,0.0,0.099,0.011049723756906077,0.25,0.101,0.06666666666666667,0.375,0.102,0.044444444444444446,0.5,0.103,0.04419889502762431,1.0,0.107,margin
gemma2-9b,gemma4-31b,rte,47,10,0.2127659574468085,62,0.5483870967741935,0.7675675675675675,0.4891891891891892,0.6621621621621622,0.7675675675675675,0.0,0.0,0.5483870967741935,0.2,0.1,0.5645161290322581,0.5555555555555556,0.5,0.6290322580645161,0.0,0.0,0.5483870967741935,0.2,0.1,0.5645161290322581,0.2222222222222222,0.2,0.5806451612903226,1.0,0.2,0.5806451612903226,0.4,0.2,0.5806451612903226,0.3333333333333333,0.3,0.5967741935483871,0.0,0.0,0.5483870967741935,0.2,0.1,0.5645161290322581,0.5555555555555556,0.5,0.6290322580645161,margin
gemma2-9b,gemma4-31b,truthfulqa,228,20,0.08771929824561403,327,0.25382262996941896,0.7668269230769231,0.7040865384615385,0.3317307692307692,0.7668269230769231,0.18181818181818182,0.1,0.2599388379204893,0.17391304347826086,0.2,0.26605504587155965,0.1956521739130435,0.45,0.28134556574923547,0.36363636363636365,0.2,0.26605504587155965,0.21739130434782608,0.25,0.2691131498470948,0.15217391304347827,0.35,0.27522935779816515,0.0,0.0,0.25382262996941896,0.043478260869565216,0.05,0.25688073394495414,0.043478260869565216,0.1,0.2599388379204893,0.18181818181818182,0.1,0.2599388379204893,0.17391304347826086,0.2,0.26605504587155965,0.1956521739130435,0.45,0.28134556574923547,margin
gemma2-9b,llama31-405b,boolq,744,34,0.0456989247311828,475,0.15789473684210525,0.7290803645401824,0.5055095277547639,0.5386081193040597,0.7290803645401824,0.08108108108108109,0.08823529411764706,0.16421052631578947,0.14864864864864866,0.3235294117647059,0.18105263157894738,0.1342281879194631,0.5882352941176471,0.2,0.05405405405405406,0.058823529411764705,0.16210526315789472,0.05405405405405406,0.11764705882352941,0.16631578947368422,0.040268456375838924,0.17647058823529413,0.1705263157894737,0.02702702702702703,0.029411764705882353,0.16,0.04054054054054054,0.08823529411764706,0.16421052631578947,0.06711409395973154,0.29411764705882354,0.17894736842105263,0.08108108108108109,0.08823529411764706,0.16421052631578947,0.14864864864864866,0.3235294117647059,0.18105263157894738,0.1342281879194631,0.5882352941176471,0.2,margin
gemma2-9b,llama31-405b,geometry_of_truth,994,7,0.007042253521126761,1000,0.011,0.9428281951078302,0.8810247503256621,0.5859024460848168,0.9428281951078302,0.04,0.2857142857142857,0.013,0.06060606060606061,0.8571428571428571,0.017,0.035175879396984924,1.0,0.018,0.06,0.42857142857142855,0.014,0.030303030303030304,0.42857142857142855,0.014,0.02512562814070352,0.7142857142857143,0.016,0.02,0.14285714285714285,0.012,0.010101010101010102,0.14285714285714285,0.012,0.010050251256281407,0.2857142857142857,0.013,0.04,0.2857142857142857,0.013,0.06060606060606061,0.8571428571428571,0.017,0.035175879396984924,1.0,0.018,margin
gemma2-9b,llama31-405b,imdb,981,64,0.0652395514780836,1018,0.0412573673870334,0.8192134678298801,0.44777467284623773,0.6273514176663031,0.8192134678298801,0.22448979591836735,0.171875,0.05206286836935167,0.23469387755102042,0.359375,0.06385068762278978,0.23469387755102042,0.71875,0.08644400785854617,0.0,0.0,0.0412573673870334,0.0,0.0,0.0412573673870334,0.04591836734693878,0.140625,0.05009823182711198,0.1836734693877551,0.140625,0.05009823182711198,0.15306122448979592,0.234375,0.055992141453831044,0.1377551020408163,0.421875,0.06777996070726916,0.22448979591836735,0.171875,0.05206286836935167,0.23469387755102042,0.359375,0.06385068762278978,0.23469387755102042,0.71875,0.08644400785854617,margin
gemma2-9b,llama31-405b,rte,58,12,0.20689655172413793,62,0.1935483870967742,0.8333333333333333,0.5869565217391304,0.4148550724637681,0.8333333333333333,0.0,0.0,0.1935483870967742,0.5,0.25,0.24193548387096775,0.5833333333333334,0.5833333333333334,0.3064516129032258,0.3333333333333333,0.08333333333333333,0.20967741935483872,0.16666666666666666,0.08333333333333333,0.20967741935483872,0.3333333333333333,0.3333333333333333,0.25806451612903225,0.0,0.0,0.1935483870967742,0.16666666666666666,0.08333333333333333,0.20967741935483872,0.16666666666666666,0.16666666666666666,0.22580645161290322,0.0,0.0,0.1935483870967742,0.5,0.25,0.24193548387096775,0.5833333333333334,0.5833333333333334,0.3064516129032258,margin
gemma2-9b,llama31-405b,truthfulqa,285,15,0.05263157894736842,327,0.13149847094801223,0.8879012345679012,0.682716049382716,0.3323456790123457,0.8879012345679012,0.2857142857142857,0.26666666666666666,0.1437308868501529,0.2857142857142857,0.5333333333333333,0.1559633027522936,0.21052631578947367,0.8,0.16819571865443425,0.14285714285714285,0.13333333333333333,0.13761467889908258,0.07142857142857142,0.13333333333333333,0.13761467889908258,0.10526315789473684,0.4,0.14984709480122324,0.0,0.0,0.13149847094801223,0.03571428571428571,0.06666666666666667,0.1345565749235474,0.017543859649122806,0.06666666666666667,0.1345565749235474,0.2857142857142857,0.26666666666666666,0.1437308868501529,0.2857142857142857,0.5333333333333333,0.1559633027522936,0.21052631578947367,0.8,0.16819571865443425,margin
gemma2-9b,llama31-70b,boolq,755,49,0.06490066225165562,475,0.14947368421052631,0.7542637451581198,0.4389778574319246,0.490894374747066,0.7542637451581198,0.23684210526315788,0.1836734693877551,0.16842105263157894,0.25,0.3877551020408163,0.18947368421052632,0.152317880794702,0.46938775510204084,0.19789473684210526,0.05263157894736842,0.04081632653061224,0.15368421052631578,0.039473684210526314,0.061224489795918366,0.15578947368421053,0.033112582781456956,0.10204081632653061,0.16,0.05263157894736842,0.04081632653061224,0.15368421052631578,0.07894736842105263,0.12244897959183673,0.16210526315789472,0.0728476821192053,0.22448979591836735,0.1726315789473684,0.23684210526315788,0.1836734693877551,0.16842105263157894,0.25,0.3877551020408163,0.18947368421052632,0.152317880794702,0.46938775510204084,0.19789473684210526,margin
gemma2-9b,llama31-70b,geometry_of_truth,997,9,0.009027081243731194,1000,0.009,0.9439946018893387,0.9001349527665317,0.4273504273504274,0.9439946018893387,0.08,0.4444444444444444,0.013,0.07,0.7777777777777778,0.016,0.04522613065326633,1.0,0.018,0.08,0.4444444444444444,0.013,0.05,0.5555555555555556,0.014,0.035175879396984924,0.7777777777777778,0.016,0.0,0.0,0.009,0.01,0.1111111111111111,0.01,0.005025125628140704,0.1111111111111111,0.01,0.08,0.4444444444444444,0.013,0.07,0.7777777777777778,0.016,0.04522613065326633,1.0,0.018,margin
gemma2-9b,llama31-70b,imdb,973,61,0.06269270298047276,1018,0.043222003929273084,0.8342860224331321,0.46013085993672703,0.6384275237273512,0.8342860224331321,0.30612244897959184,0.2459016393442623,0.05795677799607073,0.31958762886597936,0.5081967213114754,0.07367387033398821,0.2205128205128205,0.7049180327868853,0.08546168958742632,0.0,0.0,0.043222003929273084,0.020618556701030927,0.03278688524590164,0.04518664047151277,0.046153846153846156,0.14754098360655737,0.05206286836935167,0.20408163265306123,0.16393442622950818,0.05304518664047151,0.18556701030927836,0.29508196721311475,0.060903732809430254,0.14871794871794872,0.47540983606557374,0.07170923379174853,0.30612244897959184,0.2459016393442623,0.05795677799607073,0.31958762886597936,0.5081967213114754,0.07367387033398821,0.2205128205128205,0.7049180327868853,0.08546168958742632,margin
gemma2-9b,llama31-70b,rte,59,12,0.2033898305084746,62,0.20967741935483872,0.8439716312056738,0.6560283687943262,0.5,0.8439716312056738,0.3333333333333333,0.08333333333333333,0.22580645161290322,0.3333333333333333,0.16666666666666666,0.24193548387096775,0.5833333333333334,0.5833333333333334,0.3225806451612903,0.6666666666666666,0.16666666666666666,0.24193548387096775,0.5,0.25,0.25806451612903225,0.3333333333333333,0.3333333333333333,0.27419354838709675,0.0,0.0,0.20967741935483872,0.0,0.0,0.20967741935483872,0.16666666666666666,0.16666666666666666,0.24193548387096775,0.3333333333333333,0.08333333333333333,0.22580645161290322,0.3333333333333333,0.16666666666666666,0.24193548387096775,0.5833333333333334,0.5833333333333334,0.3225806451612903,margin
gemma2-9b,llama31-70b,truthfulqa,291,23,0.07903780068728522,327,0.11926605504587157,0.8577222582738482,0.7237183646982479,0.29169370538611294,0.8577222582738482,0.26666666666666666,0.17391304347826086,0.13149847094801223,0.2413793103448276,0.30434782608695654,0.14067278287461774,0.22413793103448276,0.5652173913043478,0.15902140672782875,0.3333333333333333,0.21739130434782608,0.1345565749235474,0.2413793103448276,0.30434782608695654,0.14067278287461774,0.13793103448275862,0.34782608695652173,0.1437308868501529,0.0,0.0,0.11926605504587157,0.0,0.0,0.11926605504587157,0.034482758620689655,0.08695652173913043,0.12538226299694188,0.26666666666666666,0.17391304347826086,0.13149847094801223,0.2413793103448276,0.30434782608695654,0.14067278287461774,0.22413793103448276,0.5652173913043478,0.15902140672782875,margin
gemma2-9b,llama31-70b-base,boolq,724,55,0.07596685082872928,475,0.2905263157894737,0.7598858540562576,0.4667753770892784,0.4836254925941025,0.7598858540562576,0.3055555555555556,0.2,0.3136842105263158,0.2222222222222222,0.2909090909090909,0.32421052631578945,0.18620689655172415,0.4909090909090909,0.3473684210526316,0.05555555555555555,0.03636363636363636,0.29473684210526313,0.05555555555555555,0.07272727272727272,0.29894736842105263,0.041379310344827586,0.10909090909090909,0.3031578947368421,0.08333333333333333,0.05454545454545454,0.2968421052631579,0.09722222222222222,0.12727272727272726,0.30526315789473685,0.07586206896551724,0.2,0.3136842105263158,0.3055555555555556,0.2,0.3136842105263158,0.2222222222222222,0.2909090909090909,0.32421052631578945,0.18620689655172415,0.4909090909090909,0.3473684210526316,margin
gemma2-9b,llama31-70b-base,geometry_of_truth,990,9,0.00909090909090909,1000,0.013,0.9587722278853777,0.9032733038849247,0.34964322120285424,0.9587722278853777,0.14,0.7777777777777778,0.02,0.0707070707070707,0.7777777777777778,0.02,0.045454545454545456,1.0,0.022,0.08,0.4444444444444444,0.017,0.050505050505050504,0.5555555555555556,0.018,0.03535353535353535,0.7777777777777778,0.02,0.0,0.0,0.013,0.010101010101010102,0.1111111111111111,0.014,0.005050505050505051,0.1111111111111111,0.014,0.14,0.7777777777777778,0.02,0.0707070707070707,0.7777777777777778,0.02,0.045454545454545456,1.0,0.022,margin
gemma2-9b,llama31-70b-base,imdb,931,59,0.06337271750805586,1018,0.10510805500982318,0.7716529311149121,0.5113512672990204,0.4217073549992225,0.7716529311149121,0.2553191489361702,0.2033898305084746,0.1168958742632613,0.20430107526881722,0.3220338983050847,0.1237721021611002,0.1774193548387097,0.559322033898305,0.137524557956778,0.0,0.0,0.10510805500982318,0.021505376344086023,0.03389830508474576,0.10707269155206287,0.06989247311827956,0.22033898305084745,0.11787819253438114,0.02127659574468085,0.01694915254237288,0.10609037328094302,0.03225806451612903,0.05084745762711865,0.10805500982318271,0.03763440860215054,0.11864406779661017,0.11198428290766209,0.2553191489361702,0.2033898305084746,0.1168958742632613,0.20430107526881722,0.3220338983050847,0.1237721021611002,0.1774193548387097,0.559322033898305,0.137524557956778,margin
gemma2-9b,llama31-70b-base,rte,55,12,0.21818181818181817,62,0.3548387096774194,0.8023255813953489,0.6531007751937984,0.7015503875968992,0.8023255813953489,0.3333333333333333,0.08333333333333333,0.3709677419354839,0.3333333333333333,0.16666666666666666,0.3870967741935484,0.6363636363636364,0.5833333333333334,0.46774193548387094,0.3333333333333333,0.08333333333333333,0.3709677419354839,0.3333333333333333,0.16666666666666666,0.3870967741935484,0.36363636363636365,0.3333333333333333,0.41935483870967744,0.3333333333333333,0.08333333333333333,0.3709677419354839,0.5,0.25,0.4032258064516129,0.45454545454545453,0.4166666666666667,0.43548387096774194,0.3333333333333333,0.08333333333333333,0.3709677419354839,0.3333333333333333,0.16666666666666666,0.3870967741935484,0.6363636363636364,0.5833333333333334,0.46774193548387094,margin
gemma2-9b,llama31-70b-base,truthfulqa,271,27,0.0996309963099631,327,0.1559633027522936,0.8554948391013965,0.7692774741955071,0.34365513054037644,0.8554948391013965,0.42857142857142855,0.2222222222222222,0.1743119266055046,0.37037037037037035,0.37037037037037035,0.18654434250764526,0.3148148148148148,0.6296296296296297,0.20795107033639143,0.35714285714285715,0.18518518518518517,0.1712538226299694,0.3333333333333333,0.3333333333333333,0.1834862385321101,0.25925925925925924,0.5185185185185185,0.19877675840978593,0.0,0.0,0.1559633027522936,0.0,0.0,0.1559633027522936,0.0,0.0,0.1559633027522936,0.42857142857142855,0.2222222222222222,0.1743119266055046,0.37037037037037035,0.37037037037037035,0.18654434250764526,0.3148148148148148,0.6296296296296297,0.20795107033639143,margin
gemma2-9b,qwen3-32b,boolq,751,52,0.0692410119840213,475,0.1726315789473684,0.7094750742819412,0.4856938483547927,0.5813249697369869,0.7094750742819412,0.21052631578947367,0.15384615384615385,0.18947368421052632,0.13333333333333333,0.19230769230769232,0.1936842105263158,0.13333333333333333,0.38461538461538464,0.21473684210526317,0.02631578947368421,0.019230769230769232,0.17473684210526316,0.05333333333333334,0.07692307692307693,0.18105263157894738,0.03333333333333333,0.09615384615384616,0.1831578947368421,0.10526315789473684,0.07692307692307693,0.18105263157894738,0.13333333333333333,0.19230769230769232,0.1936842105263158,0.11333333333333333,0.3269230769230769,0.20842105263157895,0.21052631578947367,0.15384615384615385,0.18947368421052632,0.13333333333333333,0.19230769230769232,0.1936842105263158,0.13333333333333333,0.38461538461538464,0.21473684210526317,margin
gemma2-9b,qwen3-32b,geometry_of_truth,996,9,0.009036144578313253,1000,0.009,0.9476528199932455,0.8967691095350669,0.42733310818417203,0.9476528199932455,0.12,0.6666666666666666,0.015,0.06,0.6666666666666666,0.015,0.04522613065326633,1.0,0.018,0.06,0.3333333333333333,0.012,0.05,0.5555555555555556,0.014,0.035175879396984924,0.7777777777777778,0.016,0.0,0.0,0.009,0.0,0.0,0.009,0.005025125628140704,0.1111111111111111,0.01,0.12,0.6666666666666666,0.015,0.06,0.6666666666666666,0.015,0.04522613065326633,1.0,0.018,margin
gemma2-9b,qwen3-32b,imdb,982,72,0.07331975560081466,1018,0.03831041257367387,0.8174145299145299,0.45338827838827844,0.5812271062271062,0.8174145299145299,0.30612244897959184,0.20833333333333334,0.05304518664047151,0.29591836734693877,0.4027777777777778,0.06679764243614932,0.25,0.6805555555555556,0.08644400785854617,0.0,0.0,0.03831041257367387,0.01020408163265306,0.013888888888888888,0.03929273084479371,0.05102040816326531,0.1388888888888889,0.0481335952848723,0.14285714285714285,0.09722222222222222,0.04518664047151277,0.1326530612244898,0.18055555555555555,0.05108055009823183,0.09693877551020408,0.2638888888888889,0.05697445972495088,0.30612244897959184,0.20833333333333334,0.05304518664047151,0.29591836734693877,0.4027777777777778,0.06679764243614932,0.25,0.6805555555555556,0.08644400785854617,margin
gemma2-9b,qwen3-32b,rte,61,14,0.22950819672131148,62,0.14516129032258066,0.8829787234042553,0.5425531914893618,0.3054711246200608,0.8829787234042553,0.6666666666666666,0.14285714285714285,0.1774193548387097,0.5,0.21428571428571427,0.1935483870967742,0.6666666666666666,0.5714285714285714,0.27419354838709675,0.6666666666666666,0.14285714285714285,0.1774193548387097,0.3333333333333333,0.14285714285714285,0.1774193548387097,0.4166666666666667,0.35714285714285715,0.22580645161290322,0.0,0.0,0.14516129032258066,0.16666666666666666,0.07142857142857142,0.16129032258064516,0.25,0.21428571428571427,0.1935483870967742,0.6666666666666666,0.14285714285714285,0.1774193548387097,0.5,0.21428571428571427,0.1935483870967742,0.6666666666666666,0.5714285714285714,0.27419354838709675,margin
gemma2-9b,qwen3-32b,truthfulqa,284,17,0.05985915492957746,327,0.12844036697247707,0.8411544393038114,0.7677902621722845,0.2707644855695087,0.8411544393038114,0.21428571428571427,0.17647058823529413,0.13761467889908258,0.2857142857142857,0.47058823529411764,0.1529051987767584,0.19298245614035087,0.6470588235294118,0.1620795107033639,0.35714285714285715,0.29411764705882354,0.1437308868501529,0.21428571428571427,0.35294117647058826,0.14678899082568808,0.15789473684210525,0.5294117647058824,0.1559633027522936,0.0,0.0,0.12844036697247707,0.0,0.0,0.12844036697247707,0.017543859649122806,0.058823529411764705,0.13149847094801223,0.21428571428571427,0.17647058823529413,0.13761467889908258,0.2857142857142857,0.47058823529411764,0.1529051987767584,0.19298245614035087,0.6470588235294118,0.1620795107033639,margin
gemma2-9b,qwen38-27b,boolq,753,43,0.057104913678618856,475,0.16631578947368422,0.733180478218146,0.47811988208319683,0.559744513593187,0.733180478218146,0.13157894736842105,0.11627906976744186,0.17684210526315788,0.16,0.27906976744186046,0.19157894736842104,0.10596026490066225,0.37209302325581395,0.2,0.05263157894736842,0.046511627906976744,0.1705263157894737,0.04,0.06976744186046512,0.1726315789473684,0.039735099337748346,0.13953488372093023,0.17894736842105263,0.10526315789473684,0.09302325581395349,0.17473684210526316,0.13333333333333333,0.23255813953488372,0.18736842105263157,0.07947019867549669,0.27906976744186046,0.19157894736842104,0.13157894736842105,0.11627906976744186,0.17684210526315788,0.16,0.27906976744186046,0.19157894736842104,0.10596026490066225,0.37209302325581395,0.2,margin
gemma2-9b,qwen38-27b,geometry_of_truth,991,11,0.011099899091826439,1000,0.01,0.9512059369202227,0.8940630797773654,0.33506493506493507,0.9512059369202227,0.14,0.6363636363636364,0.017,0.09090909090909091,0.8181818181818182,0.019,0.05555555555555555,1.0,0.021,0.08,0.36363636363636365,0.014,0.06060606060606061,0.5454545454545454,0.016,0.045454545454545456,0.8181818181818182,0.019,0.0,0.0,0.01,0.0,0.0,0.01,0.0,0.0,0.01,0.14,0.6363636363636364,0.017,0.09090909090909091,0.8181818181818182,0.019,0.05555555555555555,1.0,0.021,margin
gemma2-9b,qwen38-27b,rte,58,12,0.20689655172413793,62,0.1935483870967742,0.9184782608695652,0.572463768115942,0.4528985507246377,0.9184782608695652,0.6666666666666666,0.16666666666666666,0.22580645161290322,0.6666666666666666,0.3333333333333333,0.25806451612903225,0.5833333333333334,0.5833333333333334,0.3064516129032258,0.6666666666666666,0.16666666666666666,0.22580645161290322,0.3333333333333333,0.16666666666666666,0.22580645161290322,0.3333333333333333,0.3333333333333333,0.25806451612903225,0.0,0.0,0.1935483870967742,0.16666666666666666,0.08333333333333333,0.20967741935483872,0.08333333333333333,0.08333333333333333,0.20967741935483872,0.6666666666666666,0.16666666666666666,0.22580645161290322,0.6666666666666666,0.3333333333333333,0.25806451612903225,0.5833333333333334,0.5833333333333334,0.3064516129032258,margin
gemma2-9b,qwen38-27b,truthfulqa,280,19,0.06785714285714285,327,0.14678899082568808,0.8289977818108489,0.6598104456543658,0.46561806815890294,0.8289977818108489,0.2857142857142857,0.21052631578947367,0.15902140672782875,0.21428571428571427,0.3157894736842105,0.1651376146788991,0.17857142857142858,0.5263157894736842,0.17737003058103976,0.14285714285714285,0.10526315789473684,0.1529051987767584,0.17857142857142858,0.2631578947368421,0.1620795107033639,0.16071428571428573,0.47368421052631576,0.1743119266055046,0.0,0.0,0.14678899082568808,0.03571428571428571,0.05263157894736842,0.14984709480122324,0.05357142857142857,0.15789473684210525,0.1559633027522936,0.2857142857142857,0.21052631578947367,0.15902140672782875,0.21428571428571427,0.3157894736842105,0.1651376146788991,0.17857142857142858,0.5263157894736842,0.17737003058103976,margin
gemma4-12b,gemma4-12b-base,boolq,1000,252,0.252,475,0.4231578947368421,0.7782870724047193,0.4869864612511672,0.6998503947033359,0.7782870724047193,0.66,0.13095238095238096,0.4926315789473684,0.62,0.24603174603174602,0.5536842105263158,0.555,0.44047619047619047,0.6568421052631579,0.22,0.04365079365079365,0.4463157894736842,0.24,0.09523809523809523,0.47368421052631576,0.22,0.1746031746031746,0.5157894736842106,0.64,0.12698412698412698,0.4905263157894737,0.58,0.23015873015873015,0.5452631578947369,0.515,0.4087301587301587,0.64,0.66,0.13095238095238096,0.4926315789473684,0.62,0.24603174603174602,0.5536842105263158,0.555,0.44047619047619047,0.6568421052631579,margin
gemma4-12b,gemma4-12b-base,geometry_of_truth,681,9,0.013215859030837005,1000,0.318,0.8277116402116402,0.9156746031746031,0.45998677248677244,0.9156746031746031,0.029411764705882353,0.1111111111111111,0.319,0.04411764705882353,0.3333333333333333,0.321,0.029411764705882353,0.4444444444444444,0.322,0.14705882352941177,0.5555555555555556,0.323,0.08823529411764706,0.6666666666666666,0.324,0.058823529411764705,0.8888888888888888,0.326,0.029411764705882353,0.1111111111111111,0.319,0.014705882352941176,0.1111111111111111,0.319,0.014705882352941176,0.2222222222222222,0.32,0.14705882352941177,0.5555555555555556,0.323,0.08823529411764706,0.6666666666666666,0.324,0.058823529411764705,0.8888888888888888,0.326,anomaly
gemma4-12b,gemma4-12b-base,imdb,609,114,0.18719211822660098,1018,0.41355599214145383,0.6806840333156122,0.4753499911394648,0.447953216374269,0.6806840333156122,0.43333333333333335,0.11403508771929824,0.4263261296660118,0.36065573770491804,0.19298245614035087,0.4351669941060904,0.3442622950819672,0.3684210526315789,0.4548133595284872,0.2,0.05263157894736842,0.4194499017681729,0.18032786885245902,0.09649122807017543,0.4243614931237721,0.16393442622950818,0.17543859649122806,0.43320235756385067,0.16666666666666666,0.043859649122807015,0.41846758349705304,0.14754098360655737,0.07894736842105263,0.4223968565815324,0.18032786885245902,0.19298245614035087,0.4351669941060904,0.43333333333333335,0.11403508771929824,0.4263261296660118,0.36065573770491804,0.19298245614035087,0.4351669941060904,0.3442622950819672,0.3684210526315789,0.4548133595284872,margin
gemma4-12b,gemma4-12b-base,rte,58,27,0.46551724137931033,62,0.45161290322580644,0.6105137395459975,0.5531660692951016,0.5627240143369177,0.6105137395459975,1.0,0.1111111111111111,0.5,0.5,0.1111111111111111,0.5,0.5,0.2222222222222222,0.5483870967741935,0.3333333333333333,0.037037037037037035,0.46774193548387094,0.5,0.1111111111111111,0.5,0.5,0.2222222222222222,0.5483870967741935,0.0,0.0,0.45161290322580644,0.3333333333333333,0.07407407407407407,0.4838709677419355,0.5833333333333334,0.25925925925925924,0.5645161290322581,1.0,0.1111111111111111,0.5,0.5,0.1111111111111111,0.5,0.5,0.2222222222222222,0.5483870967741935,margin
gemma4-12b,gemma4-12b-base,truthfulqa,191,29,0.1518324607329843,327,0.42201834862385323,0.7886334610472542,0.7258407833120477,0.4327373350361856,0.7886334610472542,0.5,0.1724137931034483,0.43730886850152906,0.5263157894736842,0.3448275862068966,0.4525993883792049,0.4473684210526316,0.5862068965517241,0.4740061162079511,0.2,0.06896551724137931,0.42813455657492355,0.3157894736842105,0.20689655172413793,0.44036697247706424,0.3157894736842105,0.41379310344827586,0.45871559633027525,0.2,0.06896551724137931,0.42813455657492355,0.15789473684210525,0.10344827586206896,0.43119266055045874,0.10526315789473684,0.13793103448275862,0.43425076452599387,0.5,0.1724137931034483,0.43730886850152906,0.5263157894736842,0.3448275862068966,0.4525993883792049,0.4473684210526316,0.5862068965517241,0.4740061162079511,margin
gemma4-12b,gemma4-31b,boolq,897,176,0.19620958751393533,475,0.5957894736842105,0.7088245492371706,0.51682480141218,0.6707461228092297,0.7088245492371706,0.4888888888888889,0.125,0.6421052631578947,0.4888888888888889,0.25,0.6884210526315789,0.37988826815642457,0.38636363636363635,0.7389473684210527,0.2,0.05113636363636364,0.6147368421052631,0.23333333333333334,0.11931818181818182,0.64,0.21787709497206703,0.2215909090909091,0.6778947368421052,0.4,0.10227272727272728,0.6336842105263157,0.3888888888888889,0.19886363636363635,0.6694736842105263,0.3687150837988827,0.375,0.7347368421052631,0.4888888888888889,0.125,0.6421052631578947,0.4888888888888889,0.25,0.6884210526315789,0.37988826815642457,0.38636363636363635,0.7389473684210527,margin
gemma4-12b,gemma4-31b,geometry_of_truth,681,56,0.08223201174743025,1000,0.304,0.7780571428571429,0.8390857142857142,0.4019714285714286,0.8390857142857142,0.35294117647058826,0.21428571428571427,0.316,0.2647058823529412,0.32142857142857145,0.322,0.19852941176470587,0.48214285714285715,0.331,0.47058823529411764,0.2857142857142857,0.32,0.4117647058823529,0.5,0.332,0.3014705882352941,0.7321428571428571,0.345,0.058823529411764705,0.03571428571428571,0.306,0.058823529411764705,0.07142857142857142,0.308,0.04411764705882353,0.10714285714285714,0.31,0.47058823529411764,0.2857142857142857,0.32,0.4117647058823529,0.5,0.332,0.3014705882352941,0.7321428571428571,0.345,anomaly
gemma4-12b,gemma4-31b,rte,61,34,0.5573770491803278,62,0.27419354838709675,0.48583877995642705,0.36492374727668847,0.40740740740740744,0.48583877995642705,0.6666666666666666,0.058823529411764705,0.3064516129032258,0.8333333333333334,0.14705882352941177,0.3548387096774194,0.6666666666666666,0.23529411764705882,0.4032258064516129,0.3333333333333333,0.029411764705882353,0.2903225806451613,0.16666666666666666,0.029411764705882353,0.2903225806451613,0.25,0.08823529411764706,0.3225806451612903,0.6666666666666666,0.058823529411764705,0.3064516129032258,0.5,0.08823529411764706,0.3225806451612903,0.5,0.17647058823529413,0.3709677419354839,0.6666666666666666,0.058823529411764705,0.3064516129032258,0.8333333333333334,0.14705882352941177,0.3548387096774194,0.6666666666666666,0.23529411764705882,0.4032258064516129,margin
gemma4-12b,gemma4-31b,truthfulqa,183,33,0.18032786885245902,327,0.44648318042813456,0.7153535353535354,0.6424242424242425,0.4921212121212122,0.7153535353535354,0.3333333333333333,0.09090909090909091,0.45565749235474007,0.3888888888888889,0.21212121212121213,0.46788990825688076,0.2972972972972973,0.3333333333333333,0.4801223241590214,0.3333333333333333,0.09090909090909091,0.45565749235474007,0.3333333333333333,0.18181818181818182,0.4648318042813456,0.2972972972972973,0.3333333333333333,0.4801223241590214,0.1111111111111111,0.030303030303030304,0.44954128440366975,0.1111111111111111,0.06060606060606061,0.4525993883792049,0.16216216216216217,0.18181818181818182,0.4648318042813456,0.3333333333333333,0.09090909090909091,0.45565749235474007,0.3888888888888889,0.21212121212121213,0.46788990825688076,0.2972972972972973,0.3333333333333333,0.4801223241590214,margin
gemma4-12b,llama31-405b,boolq,778,44,0.056555269922879174,475,0.848421052631579,0.795268763933614,0.48702625712162495,0.6176925935100323,0.795268763933614,0.2564102564102564,0.22727272727272727,0.8694736842105263,0.24358974358974358,0.4318181818181818,0.888421052631579,0.1794871794871795,0.6363636363636364,0.9073684210526316,0.07692307692307693,0.06818181818181818,0.8547368421052631,0.038461538461538464,0.06818181818181818,0.8547368421052631,0.038461538461538464,0.13636363636363635,0.8610526315789474,0.20512820512820512,0.18181818181818182,0.8652631578947368,0.1282051282051282,0.22727272727272727,0.8694736842105263,0.11538461538461539,0.4090909090909091,0.8863157894736842,0.2564102564102564,0.22727272727272727,0.8694736842105263,0.24358974358974358,0.4318181818181818,0.888421052631579,0.1794871794871795,0.6363636363636364,0.9073684210526316,margin
gemma4-12b,llama31-405b,geometry_of_truth,678,6,0.008849557522123894,1000,0.314,0.7576884920634921,0.8953373015873015,0.5104166666666666,0.8953373015873015,0.0,0.0,0.314,0.0,0.0,0.314,0.007352941176470588,0.16666666666666666,0.315,0.029411764705882353,0.16666666666666666,0.315,0.029411764705882353,0.3333333333333333,0.316,0.04411764705882353,1.0,0.32,0.029411764705882353,0.16666666666666666,0.315,0.014705882352941176,0.16666666666666666,0.315,0.007352941176470588,0.16666666666666666,0.315,0.029411764705882353,0.16666666666666666,0.315,0.029411764705882353,0.3333333333333333,0.316,0.04411764705882353,1.0,0.32,anomaly
gemma4-12b,llama31-405b,imdb,586,45,0.07679180887372014,1018,0.4400785854616896,0.7400287533374409,0.5045799958923803,0.45623331279523516,0.7400287533374409,0.13793103448275862,0.08888888888888889,0.444007858546169,0.15254237288135594,0.2,0.4489194499017682,0.1282051282051282,0.3333333333333333,0.4548133595284872,0.034482758620689655,0.022222222222222223,0.44106090373280943,0.05084745762711865,0.06666666666666667,0.4430255402750491,0.08547008547008547,0.2222222222222222,0.449901768172888,0.10344827586206896,0.06666666666666667,0.4430255402750491,0.06779661016949153,0.08888888888888889,0.444007858546169,0.06837606837606838,0.17777777777777778,0.44793713163064836,0.13793103448275862,0.08888888888888889,0.444007858546169,0.15254237288135594,0.2,0.4489194499017682,0.1282051282051282,0.3333333333333333,0.4548133595284872,margin
gemma4-12b,llama31-405b,rte,49,16,0.32653061224489793,62,0.5645161290322581,0.6742424242424242,0.48484848484848486,0.4678030303030303,0.6742424242424242,0.5,0.0625,0.5806451612903226,0.4,0.125,0.5967741935483871,0.5,0.3125,0.6451612903225806,0.5,0.0625,0.5806451612903226,0.2,0.0625,0.5806451612903226,0.4,0.25,0.6290322580645161,0.0,0.0,0.5645161290322581,0.4,0.125,0.5967741935483871,0.4,0.25,0.6290322580645161,0.5,0.0625,0.5806451612903226,0.4,0.125,0.5967741935483871,0.5,0.3125,0.6451612903225806,margin
gemma4-12b,llama31-405b,truthfulqa,201,17,0.0845771144278607,327,0.39143730886850153,0.8535805626598465,0.6675191815856777,0.5700127877237852,0.8535805626598465,0.3,0.17647058823529413,0.40061162079510704,0.35,0.4117647058823529,0.41284403669724773,0.25,0.5882352941176471,0.42201834862385323,0.2,0.11764705882352941,0.39755351681957185,0.1,0.11764705882352941,0.39755351681957185,0.15,0.35294117647058826,0.40978593272171254,0.1,0.058823529411764705,0.3944954128440367,0.05,0.058823529411764705,0.3944954128440367,0.075,0.17647058823529413,0.40061162079510704,0.3,0.17647058823529413,0.40061162079510704,0.35,0.4117647058823529,0.41284403669724773,0.25,0.5882352941176471,0.42201834862385323,margin
gemma4-12b,llama31-70b,boolq,799,69,0.08635794743429287,475,0.7978947368421052,0.8008933889219774,0.49245582688108,0.6819138376017472,0.8008933889219774,0.45,0.2608695652173913,0.8357894736842105,0.3625,0.42028985507246375,0.8589473684210527,0.23125,0.5362318840579711,0.8757894736842106,0.1,0.057971014492753624,0.8063157894736842,0.075,0.08695652173913043,0.8105263157894737,0.075,0.17391304347826086,0.8231578947368421,0.3,0.17391304347826086,0.8231578947368421,0.3,0.34782608695652173,0.848421052631579,0.19375,0.4492753623188406,0.8631578947368421,0.45,0.2608695652173913,0.8357894736842105,0.3625,0.42028985507246375,0.8589473684210527,0.23125,0.5362318840579711,0.8757894736842106,margin
gemma4-12b,llama31-70b,geometry_of_truth,677,7,0.0103397341211226,1000,0.314,0.7441364605543709,0.8901918976545842,0.39104477611940297,0.8901918976545842,0.0,0.0,0.314,0.014705882352941176,0.14285714285714285,0.315,0.014814814814814815,0.2857142857142857,0.316,0.058823529411764705,0.2857142857142857,0.316,0.07352941176470588,0.7142857142857143,0.319,0.037037037037037035,0.7142857142857143,0.319,0.029411764705882353,0.14285714285714285,0.315,0.014705882352941176,0.14285714285714285,0.315,0.007407407407407408,0.14285714285714285,0.315,0.058823529411764705,0.2857142857142857,0.316,0.07352941176470588,0.7142857142857143,0.319,0.037037037037037035,0.7142857142857143,0.319,anomaly
gemma4-12b,llama31-70b,imdb,581,45,0.0774526678141136,1018,0.4361493123772102,0.7878938640132669,0.47611940298507455,0.48449419568822555,0.7878938640132669,0.1724137931034483,0.1111111111111111,0.44106090373280943,0.1896551724137931,0.24444444444444444,0.44695481335952847,0.1896551724137931,0.4888888888888889,0.4577603143418468,0.034482758620689655,0.022222222222222223,0.43713163064833005,0.08620689655172414,0.1111111111111111,0.44106090373280943,0.09482758620689655,0.24444444444444444,0.44695481335952847,0.13793103448275862,0.08888888888888889,0.4400785854616896,0.10344827586206896,0.13333333333333333,0.44204322200392926,0.07758620689655173,0.2,0.4449901768172888,0.1724137931034483,0.1111111111111111,0.44106090373280943,0.1896551724137931,0.24444444444444444,0.44695481335952847,0.1896551724137931,0.4888888888888889,0.4577603143418468,margin
gemma4-12b,llama31-70b,rte,49,17,0.3469387755102041,62,0.5483870967741935,0.7775735294117647,0.5882352941176471,0.5477941176470588,0.7775735294117647,0.5,0.058823529411764705,0.5645161290322581,0.8,0.23529411764705882,0.6129032258064516,0.6,0.35294117647058826,0.6451612903225806,0.0,0.0,0.5483870967741935,0.4,0.11764705882352941,0.5806451612903226,0.4,0.23529411764705882,0.6129032258064516,0.5,0.058823529411764705,0.5645161290322581,0.2,0.058823529411764705,0.5645161290322581,0.5,0.29411764705882354,0.6290322580645161,0.5,0.058823529411764705,0.5645161290322581,0.8,0.23529411764705882,0.6129032258064516,0.6,0.35294117647058826,0.6451612903225806,margin
gemma4-12b,llama31-70b,truthfulqa,200,22,0.11,327,0.39755351681957185,0.802093973442288,0.599591419816139,0.45173646578140964,0.802093973442288,0.1,0.045454545454545456,0.40061162079510704,0.3,0.2727272727272727,0.41590214067278286,0.275,0.5,0.43119266055045874,0.0,0.0,0.39755351681957185,0.05,0.045454545454545456,0.40061162079510704,0.125,0.22727272727272727,0.41284403669724773,0.2,0.09090909090909091,0.4036697247706422,0.15,0.13636363636363635,0.40672782874617736,0.075,0.13636363636363635,0.40672782874617736,0.1,0.045454545454545456,0.40061162079510704,0.3,0.2727272727272727,0.41590214067278286,0.275,0.5,0.43119266055045874,margin
gemma4-12b,llama31-70b-base,boolq,853,146,0.17116060961313012,475,0.64,0.7978241072639554,0.5325221367537928,0.6897366840402239,0.7978241072639554,0.4883720930232558,0.14383561643835616,0.6842105263157895,0.49411764705882355,0.2876712328767123,0.728421052631579,0.4093567251461988,0.4794520547945205,0.7873684210526316,0.2558139534883721,0.07534246575342465,0.6631578947368421,0.2235294117647059,0.13013698630136986,0.68,0.19883040935672514,0.2328767123287671,0.7115789473684211,0.4186046511627907,0.1232876712328767,0.6778947368421052,0.4117647058823529,0.23972602739726026,0.7136842105263158,0.32748538011695905,0.3835616438356164,0.7578947368421053,0.4883720930232558,0.14383561643835616,0.6842105263157895,0.49411764705882355,0.2876712328767123,0.728421052631579,0.4093567251461988,0.4794520547945205,0.7873684210526316,margin
gemma4-12b,llama31-70b-base,geometry_of_truth,677,10,0.014771048744460856,1000,0.312,0.8376311844077962,0.8979010494752624,0.4620689655172414,0.8979010494752624,0.029411764705882353,0.1,0.313,0.07352941176470588,0.5,0.317,0.05925925925925926,0.8,0.32,0.11764705882352941,0.4,0.316,0.07352941176470588,0.5,0.317,0.05925925925925926,0.8,0.32,0.029411764705882353,0.1,0.313,0.014705882352941176,0.1,0.313,0.007407407407407408,0.1,0.313,0.11764705882352941,0.4,0.316,0.07352941176470588,0.5,0.317,0.05925925925925926,0.8,0.32,anomaly
gemma4-12b,llama31-70b-base,imdb,597,75,0.12562814070351758,1018,0.4351669941060904,0.7624776500638568,0.48707535121328227,0.493742017879949,0.7624776500638568,0.3333333333333333,0.13333333333333333,0.4449901768172888,0.35,0.28,0.45579567779960706,0.2857142857142857,0.4533333333333333,0.468565815324165,0.16666666666666666,0.06666666666666667,0.4400785854616896,0.11666666666666667,0.09333333333333334,0.44204322200392926,0.13445378151260504,0.21333333333333335,0.45088408644400785,0.16666666666666666,0.06666666666666667,0.4400785854616896,0.15,0.12,0.444007858546169,0.12605042016806722,0.2,0.449901768172888,0.3333333333333333,0.13333333333333333,0.4449901768172888,0.35,0.28,0.45579567779960706,0.2857142857142857,0.4533333333333333,0.468565815324165,margin
gemma4-12b,llama31-70b-base,rte,53,21,0.39622641509433965,62,0.5645161290322581,0.6502976190476191,0.46577380952380953,0.44494047619047616,0.6502976190476191,0.6666666666666666,0.09523809523809523,0.5967741935483871,0.8,0.19047619047619047,0.6290322580645161,0.5454545454545454,0.2857142857142857,0.6612903225806451,0.6666666666666666,0.09523809523809523,0.5967741935483871,0.4,0.09523809523809523,0.5967741935483871,0.36363636363636365,0.19047619047619047,0.6290322580645161,0.3333333333333333,0.047619047619047616,0.5806451612903226,0.4,0.09523809523809523,0.5967741935483871,0.2727272727272727,0.14285714285714285,0.6129032258064516,0.6666666666666666,0.09523809523809523,0.5967741935483871,0.8,0.19047619047619047,0.6290322580645161,0.5454545454545454,0.2857142857142857,0.6612903225806451,margin
gemma4-12b,llama31-70b-base,truthfulqa,198,33,0.16666666666666666,327,0.39143730886850153,0.7882460973370065,0.7362718089990817,0.3502295684113866,0.7882460973370065,0.3,0.09090909090909091,0.40061162079510704,0.5,0.30303030303030304,0.42201834862385323,0.325,0.3939393939393939,0.43119266055045874,0.1,0.030303030303030304,0.3944954128440367,0.3,0.18181818181818182,0.40978593272171254,0.25,0.30303030303030304,0.42201834862385323,0.0,0.0,0.39143730886850153,0.05,0.030303030303030304,0.3944954128440367,0.1,0.12121212121212122,0.4036697247706422,0.3,0.09090909090909091,0.40061162079510704,0.5,0.30303030303030304,0.42201834862385323,0.325,0.3939393939393939,0.43119266055045874,margin
gemma4-12b,qwen3-32b,boolq,809,84,0.103831891223733,475,0.7705263157894737,0.7253201970443349,0.5729228243021347,0.6153037766830869,0.7253201970443349,0.3,0.14285714285714285,0.7957894736842105,0.32098765432098764,0.30952380952380953,0.8252631578947368,0.22839506172839505,0.44047619047619047,0.848421052631579,0.225,0.10714285714285714,0.7894736842105263,0.19753086419753085,0.19047619047619047,0.8042105263157895,0.1419753086419753,0.27380952380952384,0.8189473684210526,0.25,0.11904761904761904,0.791578947368421,0.19753086419753085,0.19047619047619047,0.8042105263157895,0.17901234567901234,0.34523809523809523,0.8315789473684211,0.3,0.14285714285714285,0.7957894736842105,0.32098765432098764,0.30952380952380953,0.8252631578947368,0.22839506172839505,0.44047619047619047,0.848421052631579,margin
gemma4-12b,qwen3-32b,geometry_of_truth,678,6,0.008849557522123894,1000,0.316,0.8209325396825397,0.8787202380952381,0.464781746031746,0.8787202380952381,0.0,0.0,0.316,0.029411764705882353,0.3333333333333333,0.318,0.029411764705882353,0.6666666666666666,0.32,0.058823529411764705,0.3333333333333333,0.318,0.04411764705882353,0.5,0.319,0.029411764705882353,0.6666666666666666,0.32,0.029411764705882353,0.16666666666666666,0.317,0.029411764705882353,0.3333333333333333,0.318,0.014705882352941176,0.3333333333333333,0.318,0.058823529411764705,0.3333333333333333,0.318,0.04411764705882353,0.5,0.319,0.029411764705882353,0.6666666666666666,0.32,anomaly
gemma4-12b,qwen3-32b,imdb,584,54,0.09246575342465753,1018,0.4351669941060904,0.746575821104123,0.5176799440950384,0.53319357092942,0.746575821104123,0.1724137931034483,0.09259259259259259,0.4400785854616896,0.22413793103448276,0.24074074074074073,0.44793713163064836,0.19658119658119658,0.42592592592592593,0.4577603143418468,0.10344827586206896,0.05555555555555555,0.4381139489194499,0.06896551724137931,0.07407407407407407,0.43909626719056977,0.1111111111111111,0.24074074074074073,0.44793713163064836,0.20689655172413793,0.1111111111111111,0.44106090373280943,0.15517241379310345,0.16666666666666666,0.444007858546169,0.11965811965811966,0.25925925925925924,0.4489194499017682,0.1724137931034483,0.09259259259259259,0.4400785854616896,0.22413793103448276,0.24074074074074073,0.44793713163064836,0.19658119658119658,0.42592592592592593,0.4577603143418468,margin
gemma4-12b,qwen3-32b,rte,49,17,0.3469387755102041,62,0.5483870967741935,0.8474264705882353,0.6231617647058825,0.6930147058823529,0.8474264705882353,1.0,0.11764705882352941,0.5806451612903226,0.8,0.23529411764705882,0.6129032258064516,0.7,0.4117647058823529,0.6612903225806451,0.0,0.0,0.5483870967741935,0.6,0.17647058823529413,0.5967741935483871,0.6,0.35294117647058826,0.6451612903225806,1.0,0.11764705882352941,0.5806451612903226,0.8,0.23529411764705882,0.6129032258064516,0.6,0.35294117647058826,0.6451612903225806,1.0,0.11764705882352941,0.5806451612903226,0.8,0.23529411764705882,0.6129032258064516,0.7,0.4117647058823529,0.6612903225806451,margin
gemma4-12b,qwen3-32b,truthfulqa,196,16,0.08163265306122448,327,0.40672782874617736,0.7472222222222222,0.7052083333333333,0.409375,0.7472222222222222,0.4,0.25,0.41896024464831805,0.25,0.3125,0.42201834862385323,0.1794871794871795,0.4375,0.42813455657492355,0.2,0.125,0.41284403669724773,0.1,0.125,0.41284403669724773,0.1794871794871795,0.4375,0.42813455657492355,0.0,0.0,0.40672782874617736,0.0,0.0,0.40672782874617736,0.02564102564102564,0.0625,0.40978593272171254,0.4,0.25,0.41896024464831805,0.25,0.3125,0.42201834862385323,0.1794871794871795,0.4375,0.42813455657492355,margin
gemma4-12b,qwen38-27b,boolq,797,65,0.08155583437892096,475,0.8063157894736842,0.755359394703657,0.5373266078184111,0.6303278688524591,0.755359394703657,0.3,0.18461538461538463,0.8315789473684211,0.225,0.27692307692307694,0.8442105263157895,0.20754716981132076,0.5076923076923077,0.8757894736842106,0.075,0.046153846153846156,0.8126315789473684,0.1,0.12307692307692308,0.8231578947368421,0.08176100628930817,0.2,0.8336842105263158,0.2,0.12307692307692308,0.8231578947368421,0.175,0.2153846153846154,0.8357894736842105,0.1320754716981132,0.3230769230769231,0.8505263157894737,0.3,0.18461538461538463,0.8315789473684211,0.225,0.27692307692307694,0.8442105263157895,0.20754716981132076,0.5076923076923077,0.8757894736842106,margin
gemma4-12b,qwen38-27b,geometry_of_truth,676,10,0.014792899408284023,1000,0.313,0.7971471471471472,0.8273273273273274,0.4563063063063063,0.8273273273273274,0.0,0.0,0.313,0.014705882352941176,0.1,0.314,0.037037037037037035,0.5,0.318,0.058823529411764705,0.2,0.315,0.08823529411764706,0.6,0.319,0.05185185185185185,0.7,0.32,0.029411764705882353,0.1,0.314,0.014705882352941176,0.1,0.314,0.014814814814814815,0.2,0.315,0.058823529411764705,0.2,0.315,0.08823529411764706,0.6,0.319,0.05185185185185185,0.7,0.32,anomaly
gemma4-12b,qwen38-27b,rte,49,17,0.3469387755102041,62,0.532258064516129,0.8584558823529411,0.5808823529411764,0.6305147058823529,0.8584558823529411,1.0,0.11764705882352941,0.5645161290322581,1.0,0.29411764705882354,0.6129032258064516,0.8,0.47058823529411764,0.6612903225806451,0.0,0.0,0.532258064516129,0.6,0.17647058823529413,0.5806451612903226,0.3,0.17647058823529413,0.5806451612903226,0.5,0.058823529411764705,0.5483870967741935,0.8,0.23529411764705882,0.5967741935483871,0.6,0.35294117647058826,0.6290322580645161,1.0,0.11764705882352941,0.5645161290322581,1.0,0.29411764705882354,0.6129032258064516,0.8,0.47058823529411764,0.6612903225806451,margin
gemma4-12b,qwen38-27b,truthfulqa,197,21,0.1065989847715736,327,0.40672782874617736,0.7435064935064934,0.7115800865800865,0.3912337662337662,0.7435064935064934,0.3,0.14285714285714285,0.41590214067278286,0.3,0.2857142857142857,0.42507645259938837,0.20512820512820512,0.38095238095238093,0.43119266055045874,0.1,0.047619047619047616,0.40978593272171254,0.15,0.14285714285714285,0.41590214067278286,0.20512820512820512,0.38095238095238093,0.43119266055045874,0.1,0.047619047619047616,0.40978593272171254,0.05,0.047619047619047616,0.40978593272171254,0.05128205128205128,0.09523809523809523,0.41284403669724773,0.3,0.14285714285714285,0.41590214067278286,0.3,0.2857142857142857,0.42507645259938837,0.20512820512820512,0.38095238095238093,0.43119266055045874,margin
gemma4-12b-base,gemma4-12b,boolq,1000,252,0.252,475,0.4231578947368421,0.7782870724047193,0.4869864612511672,0.6998503947033359,0.7782870724047193,0.66,0.13095238095238096,0.4926315789473684,0.62,0.24603174603174602,0.5536842105263158,0.555,0.44047619047619047,0.6568421052631579,0.22,0.04365079365079365,0.4463157894736842,0.24,0.09523809523809523,0.47368421052631576,0.22,0.1746031746031746,0.5157894736842106,0.64,0.12698412698412698,0.4905263157894737,0.58,0.23015873015873015,0.5452631578947369,0.515,0.4087301587301587,0.64,0.66,0.13095238095238096,0.4926315789473684,0.62,0.24603174603174602,0.5536842105263158,0.555,0.44047619047619047,0.6568421052631579,margin
gemma4-12b-base,gemma4-12b,geometry_of_truth,681,9,0.013215859030837005,1000,0.318,0.8277116402116402,0.9156746031746031,0.45998677248677244,0.9156746031746031,0.029411764705882353,0.1111111111111111,0.319,0.04411764705882353,0.3333333333333333,0.321,0.029411764705882353,0.4444444444444444,0.322,0.14705882352941177,0.5555555555555556,0.323,0.08823529411764706,0.6666666666666666,0.324,0.058823529411764705,0.8888888888888888,0.326,0.029411764705882353,0.1111111111111111,0.319,0.014705882352941176,0.1111111111111111,0.319,0.014705882352941176,0.2222222222222222,0.32,0.14705882352941177,0.5555555555555556,0.323,0.08823529411764706,0.6666666666666666,0.324,0.058823529411764705,0.8888888888888888,0.326,anomaly
gemma4-12b-base,gemma4-12b,imdb,609,114,0.18719211822660098,1018,0.41355599214145383,0.6806840333156122,0.4753499911394648,0.447953216374269,0.6806840333156122,0.43333333333333335,0.11403508771929824,0.4263261296660118,0.36065573770491804,0.19298245614035087,0.4351669941060904,0.3442622950819672,0.3684210526315789,0.4548133595284872,0.2,0.05263157894736842,0.4194499017681729,0.18032786885245902,0.09649122807017543,0.4243614931237721,0.16393442622950818,0.17543859649122806,0.43320235756385067,0.16666666666666666,0.043859649122807015,0.41846758349705304,0.14754098360655737,0.07894736842105263,0.4223968565815324,0.18032786885245902,0.19298245614035087,0.4351669941060904,0.43333333333333335,0.11403508771929824,0.4263261296660118,0.36065573770491804,0.19298245614035087,0.4351669941060904,0.3442622950819672,0.3684210526315789,0.4548133595284872,margin
gemma4-12b-base,gemma4-12b,rte,58,27,0.46551724137931033,62,0.45161290322580644,0.6105137395459975,0.5531660692951016,0.5627240143369177,0.6105137395459975,1.0,0.1111111111111111,0.5,0.5,0.1111111111111111,0.5,0.5,0.2222222222222222,0.5483870967741935,0.3333333333333333,0.037037037037037035,0.46774193548387094,0.5,0.1111111111111111,0.5,0.5,0.2222222222222222,0.5483870967741935,0.0,0.0,0.45161290322580644,0.3333333333333333,0.07407407407407407,0.4838709677419355,0.5833333333333334,0.25925925925925924,0.5645161290322581,1.0,0.1111111111111111,0.5,0.5,0.1111111111111111,0.5,0.5,0.2222222222222222,0.5483870967741935,margin
gemma4-12b-base,gemma4-12b,truthfulqa,191,29,0.1518324607329843,327,0.42201834862385323,0.7886334610472542,0.7258407833120477,0.4327373350361856,0.7886334610472542,0.5,0.1724137931034483,0.43730886850152906,0.5263157894736842,0.3448275862068966,0.4525993883792049,0.4473684210526316,0.5862068965517241,0.4740061162079511,0.2,0.06896551724137931,0.42813455657492355,0.3157894736842105,0.20689655172413793,0.44036697247706424,0.3157894736842105,0.41379310344827586,0.45871559633027525,0.2,0.06896551724137931,0.42813455657492355,0.15789473684210525,0.10344827586206896,0.43119266055045874,0.10526315789473684,0.13793103448275862,0.43425076452599387,0.5,0.1724137931034483,0.43730886850152906,0.5263157894736842,0.3448275862068966,0.4525993883792049,0.4473684210526316,0.5862068965517241,0.4740061162079511,margin
gemma4-12b-base,gemma4-31b,boolq,820,120,0.14634146341463414,475,0.4463157894736842,0.7355,0.5194761904761905,0.3991190476190476,0.7355,0.3902439024390244,0.13333333333333333,0.48,0.3780487804878049,0.25833333333333336,0.511578947368421,0.3231707317073171,0.44166666666666665,0.5578947368421052,0.17073170731707318,0.058333333333333334,0.4610526315789474,0.13414634146341464,0.09166666666666666,0.4694736842105263,0.1402439024390244,0.19166666666666668,0.49473684210526314,0.04878048780487805,0.016666666666666666,0.45052631578947366,0.0975609756097561,0.06666666666666667,0.4631578947368421,0.11585365853658537,0.15833333333333333,0.4863157894736842,0.3902439024390244,0.13333333333333333,0.48,0.3780487804878049,0.25833333333333336,0.511578947368421,0.3231707317073171,0.44166666666666665,0.5578947368421052,margin
gemma4-12b-base,gemma4-31b,geometry_of_truth,901,9,0.009988901220865706,1000,0.1,0.9354758345789737,0.9551569506726457,0.4598903836571998,0.9551569506726457,0.06666666666666667,0.3333333333333333,0.103,0.06666666666666667,0.6666666666666666,0.106,0.05,1.0,0.109,0.08888888888888889,0.4444444444444444,0.104,0.08888888888888889,0.8888888888888888,0.108,0.05,1.0,0.109,0.0,0.0,0.1,0.0,0.0,0.1,0.005555555555555556,0.1111111111111111,0.101,0.08888888888888889,0.4444444444444444,0.104,0.08888888888888889,0.8888888888888888,0.108,0.05,1.0,0.109,anomaly
gemma4-12b-base,gemma4-31b,rte,58,24,0.41379310344827586,62,0.3709677419354839,0.7046568627450981,0.5024509803921569,0.5098039215686275,0.7046568627450981,0.3333333333333333,0.041666666666666664,0.3870967741935484,0.5,0.125,0.41935483870967744,0.6666666666666666,0.3333333333333333,0.5,0.3333333333333333,0.041666666666666664,0.3870967741935484,0.3333333333333333,0.08333333333333333,0.4032258064516129,0.5,0.25,0.46774193548387094,0.6666666666666666,0.08333333333333333,0.4032258064516129,0.5,0.125,0.41935483870967744,0.25,0.125,0.41935483870967744,0.3333333333333333,0.041666666666666664,0.3870967741935484,0.5,0.125,0.41935483870967744,0.6666666666666666,0.3333333333333333,0.5,margin
gemma4-12b-base,gemma4-31b,truthfulqa,223,24,0.10762331838565023,327,0.28134556574923547,0.8056951423785594,0.771356783919598,0.49769681742043553,0.8056951423785594,0.2727272727272727,0.125,0.290519877675841,0.2727272727272727,0.25,0.2996941896024465,0.3111111111111111,0.5833333333333334,0.3241590214067278,0.18181818181818182,0.08333333333333333,0.2874617737003058,0.2727272727272727,0.25,0.2996941896024465,0.24444444444444444,0.4583333333333333,0.3149847094801223,0.09090909090909091,0.041666666666666664,0.28440366972477066,0.045454545454545456,0.041666666666666664,0.28440366972477066,0.1111111111111111,0.20833333333333334,0.2966360856269113,0.2727272727272727,0.125,0.290519877675841,0.2727272727272727,0.25,0.2996941896024465,0.3111111111111111,0.5833333333333334,0.3241590214067278,margin
gemma4-12b-base,llama31-405b,boolq,760,40,0.05263157894736842,475,0.48,0.7814583333333333,0.47628472222222223,0.6152430555555556,0.7814583333333333,0.23684210526315788,0.225,0.49894736842105264,0.18421052631578946,0.35,0.5094736842105263,0.17105263157894737,0.65,0.5347368421052632,0.0,0.0,0.48,0.02631578947368421,0.05,0.4842105263157895,0.02631578947368421,0.1,0.4884210526315789,0.07894736842105263,0.075,0.4863157894736842,0.10526315789473684,0.2,0.4968421052631579,0.07894736842105263,0.3,0.5052631578947369,0.23684210526315788,0.225,0.49894736842105264,0.18421052631578946,0.35,0.5094736842105263,0.17105263157894737,0.65,0.5347368421052632,margin
gemma4-12b-base,llama31-405b,geometry_of_truth,987,6,0.0060790273556231,1000,0.016,0.95429833503228,0.9111450900441727,0.3778457356439008,0.95429833503228,0.061224489795918366,0.5,0.019,0.050505050505050504,0.8333333333333334,0.021,0.030456852791878174,1.0,0.022,0.04081632653061224,0.3333333333333333,0.018,0.030303030303030304,0.5,0.019,0.030456852791878174,1.0,0.022,0.0,0.0,0.016,0.0,0.0,0.016,0.005076142131979695,0.16666666666666666,0.017,0.061224489795918366,0.5,0.019,0.050505050505050504,0.8333333333333334,0.021,0.030456852791878174,1.0,0.022,margin
gemma4-12b-base,llama31-405b,imdb,896,54,0.060267857142857144,1018,0.1581532416502947,0.7517374857042315,0.48324096067564,0.4129717603589338,0.7517374857042315,0.2222222222222222,0.18518518518518517,0.16797642436149313,0.16666666666666666,0.2777777777777778,0.17288801571709234,0.1564245810055866,0.5185185185185185,0.1856581532416503,0.022222222222222223,0.018518518518518517,0.15913555992141454,0.044444444444444446,0.07407407407407407,0.16208251473477406,0.0446927374301676,0.14814814814814814,0.16601178781925344,0.022222222222222223,0.018518518518518517,0.15913555992141454,0.022222222222222223,0.037037037037037035,0.16011787819253437,0.0335195530726257,0.1111111111111111,0.16404715127701375,0.2222222222222222,0.18518518518518517,0.16797642436149313,0.16666666666666666,0.2777777777777778,0.17288801571709234,0.1564245810055866,0.5185185185185185,0.1856581532416503,margin
gemma4-12b-base,llama31-405b,rte,59,16,0.2711864406779661,62,0.3387096774193548,0.813953488372093,0.5421511627906976,0.5988372093023255,0.813953488372093,0.3333333333333333,0.0625,0.3548387096774194,0.5,0.1875,0.3870967741935484,0.5833333333333334,0.4375,0.45161290322580644,0.3333333333333333,0.0625,0.3548387096774194,0.3333333333333333,0.125,0.3709677419354839,0.25,0.1875,0.3870967741935484,0.3333333333333333,0.0625,0.3548387096774194,0.3333333333333333,0.125,0.3709677419354839,0.4166666666666667,0.3125,0.41935483870967744,0.3333333333333333,0.0625,0.3548387096774194,0.5,0.1875,0.3870967741935484,0.5833333333333334,0.4375,0.45161290322580644,margin
gemma4-12b-base,llama31-405b,truthfulqa,248,9,0.036290322580645164,327,0.22018348623853212,0.898186889818689,0.7740585774058577,0.30172013017201305,0.898186889818689,0.16666666666666666,0.2222222222222222,0.22629969418960244,0.16,0.4444444444444444,0.2324159021406728,0.14,0.7777777777777778,0.2415902140672783,0.16666666666666666,0.2222222222222222,0.22629969418960244,0.12,0.3333333333333333,0.22935779816513763,0.1,0.5555555555555556,0.23547400611620795,0.0,0.0,0.22018348623853212,0.0,0.0,0.22018348623853212,0.0,0.0,0.22018348623853212,0.16666666666666666,0.2222222222222222,0.22629969418960244,0.16,0.4444444444444444,0.2324159021406728,0.14,0.7777777777777778,0.2415902140672783,margin
gemma4-12b-base,llama31-70b,boolq,779,62,0.07958921694480103,475,0.4421052631578947,0.7823143024249786,0.4934764025734467,0.5496693210959643,0.7823143024249786,0.41025641025641024,0.25806451612903225,0.47578947368421054,0.3076923076923077,0.3870967741935484,0.4926315789473684,0.1987179487179487,0.5,0.5073684210526316,0.07692307692307693,0.04838709677419355,0.44842105263157894,0.0641025641025641,0.08064516129032258,0.45263157894736844,0.057692307692307696,0.14516129032258066,0.4610526315789474,0.10256410256410256,0.06451612903225806,0.45052631578947366,0.1282051282051282,0.16129032258064516,0.4631578947368421,0.12179487179487179,0.3064516129032258,0.48210526315789476,0.41025641025641024,0.25806451612903225,0.47578947368421054,0.3076923076923077,0.3870967741935484,0.4926315789473684,0.1987179487179487,0.5,0.5073684210526316,margin
gemma4-12b-base,llama31-70b,geometry_of_truth,989,8,0.008088978766430738,1000,0.014,0.9612640163098878,0.9195973496432213,0.47196738022426094,0.9612640163098878,0.08163265306122448,0.5,0.018,0.08080808080808081,1.0,0.022,0.04040404040404041,1.0,0.022,0.08163265306122448,0.5,0.018,0.04040404040404041,0.5,0.018,0.04040404040404041,1.0,0.022,0.0,0.0,0.014,0.0,0.0,0.014,0.010101010101010102,0.25,0.016,0.08163265306122448,0.5,0.018,0.08080808080808081,1.0,0.022,0.04040404040404041,1.0,0.022,margin
gemma4-12b-base,llama31-70b,imdb,888,52,0.05855855855855856,1018,0.1581532416502947,0.7696448288553551,0.46600110415899887,0.3999355907250644,0.7696448288553551,0.1590909090909091,0.1346153846153846,0.1650294695481336,0.19101123595505617,0.3269230769230769,0.17485265225933203,0.19101123595505617,0.6538461538461539,0.19155206286836934,0.0,0.0,0.1581532416502947,0.0,0.0,0.1581532416502947,0.033707865168539325,0.11538461538461539,0.16404715127701375,0.022727272727272728,0.019230769230769232,0.15913555992141454,0.0449438202247191,0.07692307692307693,0.16208251473477406,0.05056179775280899,0.17307692307692307,0.16699410609037327,0.1590909090909091,0.1346153846153846,0.1650294695481336,0.19101123595505617,0.3269230769230769,0.17485265225933203,0.19101123595505617,0.6538461538461539,0.19155206286836934,margin
gemma4-12b-base,llama31-70b,rte,59,16,0.2711864406779661,62,0.3548387096774194,0.8488372093023256,0.6555232558139535,0.5581395348837209,0.8488372093023256,1.0,0.1875,0.4032258064516129,0.6666666666666666,0.25,0.41935483870967744,0.6666666666666666,0.5,0.4838709677419355,0.0,0.0,0.3548387096774194,0.3333333333333333,0.125,0.3870967741935484,0.4166666666666667,0.3125,0.43548387096774194,0.6666666666666666,0.125,0.3870967741935484,0.5,0.1875,0.4032258064516129,0.25,0.1875,0.4032258064516129,1.0,0.1875,0.4032258064516129,0.6666666666666666,0.25,0.41935483870967744,0.6666666666666666,0.5,0.4838709677419355,margin
gemma4-12b-base,llama31-70b,truthfulqa,252,14,0.05555555555555555,327,0.22629969418960244,0.7983193277310925,0.7761104441776712,0.3952581032412965,0.7983193277310925,0.07692307692307693,0.07142857142857142,0.22935779816513763,0.12,0.21428571428571427,0.23547400611620795,0.14,0.5,0.24770642201834864,0.15384615384615385,0.14285714285714285,0.2324159021406728,0.12,0.21428571428571427,0.23547400611620795,0.12,0.42857142857142855,0.24464831804281345,0.0,0.0,0.22629969418960244,0.04,0.07142857142857142,0.22935779816513763,0.04,0.14285714285714285,0.2324159021406728,0.07692307692307693,0.07142857142857142,0.22935779816513763,0.12,0.21428571428571427,0.23547400611620795,0.14,0.5,0.24770642201834864,margin
gemma4-12b-base,llama31-70b-base,boolq,812,121,0.14901477832512317,475,0.36,0.8098336343304111,0.5051129636052673,0.47588235997655814,0.8098336343304111,0.5121951219512195,0.17355371900826447,0.40421052631578946,0.4691358024691358,0.3140495867768595,0.44,0.4012345679012346,0.5371900826446281,0.4968421052631579,0.0975609756097561,0.03305785123966942,0.3684210526315789,0.16049382716049382,0.10743801652892562,0.3873684210526316,0.1419753086419753,0.19008264462809918,0.40842105263157896,0.12195121951219512,0.04132231404958678,0.3705263157894737,0.1111111111111111,0.0743801652892562,0.37894736842105264,0.11728395061728394,0.15702479338842976,0.4,0.5121951219512195,0.17355371900826447,0.40421052631578946,0.4691358024691358,0.3140495867768595,0.44,0.4012345679012346,0.5371900826446281,0.4968421052631579,margin
gemma4-12b-base,llama31-70b-base,geometry_of_truth,989,11,0.011122345803842264,1000,0.012,0.9638408626138688,0.9219185722253207,0.2999628183677263,0.9638408626138688,0.16326530612244897,0.7272727272727273,0.02,0.10101010101010101,0.9090909090909091,0.022,0.05555555555555555,1.0,0.023,0.14285714285714285,0.6363636363636364,0.019,0.0707070707070707,0.6363636363636364,0.019,0.045454545454545456,0.8181818181818182,0.021,0.0,0.0,0.012,0.0,0.0,0.012,0.005050505050505051,0.09090909090909091,0.013,0.16326530612244897,0.7272727272727273,0.02,0.10101010101010101,0.9090909090909091,0.022,0.05555555555555555,1.0,0.023,margin
gemma4-12b-base,llama31-70b-base,imdb,896,80,0.08928571428571429,1018,0.16110019646365423,0.7791973039215686,0.4571384803921569,0.40016850490196076,0.7791973039215686,0.35555555555555557,0.2,0.17681728880157171,0.3,0.3375,0.18762278978389,0.24581005586592178,0.55,0.2043222003929273,0.044444444444444446,0.025,0.16306483300589392,0.022222222222222223,0.025,0.16306483300589392,0.055865921787709494,0.125,0.17092337917485265,0.06666666666666667,0.0375,0.16404715127701375,0.06666666666666667,0.075,0.16699410609037327,0.061452513966480445,0.1375,0.1719056974459725,0.35555555555555557,0.2,0.17681728880157171,0.3,0.3375,0.18762278978389,0.24581005586592178,0.55,0.2043222003929273,margin
gemma4-12b-base,llama31-70b-base,rte,63,22,0.3492063492063492,62,0.3064516129032258,0.754988913525499,0.5587583148558759,0.46895787139689576,0.754988913525499,1.0,0.13636363636363635,0.3548387096774194,0.8333333333333334,0.22727272727272727,0.3870967741935484,0.6923076923076923,0.4090909090909091,0.45161290322580644,0.0,0.0,0.3064516129032258,0.16666666666666666,0.045454545454545456,0.3225806451612903,0.3076923076923077,0.18181818181818182,0.3709677419354839,0.3333333333333333,0.045454545454545456,0.3225806451612903,0.5,0.13636363636363635,0.3548387096774194,0.46153846153846156,0.2727272727272727,0.4032258064516129,1.0,0.13636363636363635,0.3548387096774194,0.8333333333333334,0.22727272727272727,0.3870967741935484,0.6923076923076923,0.4090909090909091,0.45161290322580644,margin
gemma4-12b-base,llama31-70b-base,truthfulqa,241,22,0.0912863070539419,327,0.23853211009174313,0.7920298879202989,0.7683686176836861,0.32565379825653795,0.7920298879202989,0.25,0.13636363636363635,0.24770642201834864,0.25,0.2727272727272727,0.25688073394495414,0.20833333333333334,0.45454545454545453,0.2691131498470948,0.16666666666666666,0.09090909090909091,0.24464831804281345,0.20833333333333334,0.22727272727272727,0.25382262996941896,0.22916666666666666,0.5,0.27217125382262997,0.08333333333333333,0.045454545454545456,0.2415902140672783,0.041666666666666664,0.045454545454545456,0.2415902140672783,0.020833333333333332,0.045454545454545456,0.2415902140672783,0.25,0.13636363636363635,0.24770642201834864,0.25,0.2727272727272727,0.25688073394495414,0.20833333333333334,0.45454545454545453,0.2691131498470948,margin
gemma4-12b-base,qwen3-32b,boolq,793,79,0.09962168978562422,475,0.4063157894736842,0.7484310179768111,0.5893344679644009,0.5207247455944403,0.7484310179768111,0.325,0.16455696202531644,0.4336842105263158,0.3037974683544304,0.3037974683544304,0.4568421052631579,0.23270440251572327,0.46835443037974683,0.4842105263157895,0.25,0.12658227848101267,0.42736842105263156,0.16455696202531644,0.16455696202531644,0.4336842105263158,0.1320754716981132,0.26582278481012656,0.45052631578947366,0.125,0.06329113924050633,0.4168421052631579,0.1518987341772152,0.1518987341772152,0.43157894736842106,0.14465408805031446,0.2911392405063291,0.45473684210526316,0.325,0.16455696202531644,0.4336842105263158,0.3037974683544304,0.3037974683544304,0.4568421052631579,0.23270440251572327,0.46835443037974683,0.4842105263157895,margin
gemma4-12b-base,qwen3-32b,geometry_of_truth,991,9,0.009081735620585268,1000,0.012,0.9644715999094817,0.902806064720525,0.44682054763521156,0.9644715999094817,0.12,0.6666666666666666,0.018,0.08080808080808081,0.8888888888888888,0.02,0.045454545454545456,1.0,0.021,0.08,0.4444444444444444,0.016,0.050505050505050504,0.5555555555555556,0.017,0.04040404040404041,0.8888888888888888,0.02,0.0,0.0,0.012,0.0,0.0,0.012,0.005050505050505051,0.1111111111111111,0.013,0.12,0.6666666666666666,0.018,0.08080808080808081,0.8888888888888888,0.02,0.045454545454545456,1.0,0.021,margin
gemma4-12b-base,qwen3-32b,imdb,894,63,0.07046979865771812,1018,0.15324165029469547,0.7664699253146907,0.4830477718564361,0.47997249441292755,0.7664699253146907,0.26666666666666666,0.19047619047619047,0.1650294695481336,0.25842696629213485,0.36507936507936506,0.17583497053045186,0.2011173184357542,0.5714285714285714,0.18860510805500982,0.022222222222222223,0.015873015873015872,0.15422396856581533,0.011235955056179775,0.015873015873015872,0.15422396856581533,0.0446927374301676,0.12698412698412698,0.16110019646365423,0.06666666666666667,0.047619047619047616,0.15618860510805502,0.0898876404494382,0.12698412698412698,0.16110019646365423,0.0670391061452514,0.19047619047619047,0.1650294695481336,0.26666666666666666,0.19047619047619047,0.1650294695481336,0.25842696629213485,0.36507936507936506,0.17583497053045186,0.2011173184357542,0.5714285714285714,0.18860510805500982,margin
gemma4-12b-base,qwen3-32b,rte,62,18,0.2903225806451613,62,0.2903225806451613,0.9002525252525252,0.7474747474747475,0.7588383838383839,0.9002525252525252,1.0,0.16666666666666666,0.3387096774193548,0.8333333333333334,0.2777777777777778,0.3709677419354839,0.75,0.5,0.43548387096774194,0.3333333333333333,0.05555555555555555,0.3064516129032258,0.5,0.16666666666666666,0.3387096774193548,0.5,0.3333333333333333,0.3870967741935484,1.0,0.16666666666666666,0.3387096774193548,1.0,0.3333333333333333,0.3870967741935484,0.6666666666666666,0.4444444444444444,0.41935483870967744,1.0,0.16666666666666666,0.3387096774193548,0.8333333333333334,0.2777777777777778,0.3709677419354839,0.75,0.5,0.43548387096774194,margin
gemma4-12b-base,qwen3-32b,truthfulqa,245,11,0.044897959183673466,327,0.21712538226299694,0.8768453768453768,0.6006216006216005,0.35275835275835277,0.8768453768453768,0.16666666666666666,0.18181818181818182,0.22324159021406728,0.16666666666666666,0.36363636363636365,0.22935779816513763,0.1836734693877551,0.8181818181818182,0.24464831804281345,0.0,0.0,0.21712538226299694,0.041666666666666664,0.09090909090909091,0.22018348623853212,0.04081632653061224,0.18181818181818182,0.22324159021406728,0.0,0.0,0.21712538226299694,0.0,0.0,0.21712538226299694,0.0,0.0,0.21712538226299694,0.16666666666666666,0.18181818181818182,0.22324159021406728,0.16666666666666666,0.36363636363636365,0.22935779816513763,0.1836734693877551,0.8181818181818182,0.24464831804281345,margin
gemma4-12b-base,qwen38-27b,boolq,769,56,0.07282184655396619,475,0.4589473684210526,0.7725656181126027,0.5356641955519936,0.5668453215788419,0.7725656181126027,0.2631578947368421,0.17857142857142858,0.48,0.23376623376623376,0.32142857142857145,0.4968421052631579,0.17532467532467533,0.48214285714285715,0.5157894736842106,0.02631578947368421,0.017857142857142856,0.4610526315789474,0.025974025974025976,0.03571428571428571,0.4631578947368421,0.07142857142857142,0.19642857142857142,0.48210526315789476,0.05263157894736842,0.03571428571428571,0.4631578947368421,0.09090909090909091,0.125,0.47368421052631576,0.08441558441558442,0.23214285714285715,0.4863157894736842,0.2631578947368421,0.17857142857142858,0.48,0.23376623376623376,0.32142857142857145,0.4968421052631579,0.17532467532467533,0.48214285714285715,0.5157894736842106,margin
gemma4-12b-base,qwen38-27b,geometry_of_truth,983,9,0.009155645981688708,1000,0.017,0.9556240018252338,0.9143280857859913,0.3924252794889345,0.9556240018252338,0.12244897959183673,0.6666666666666666,0.023,0.08163265306122448,0.8888888888888888,0.025,0.04568527918781726,1.0,0.026,0.061224489795918366,0.3333333333333333,0.02,0.04081632653061224,0.4444444444444444,0.021,0.04568527918781726,1.0,0.026,0.0,0.0,0.017,0.0,0.0,0.017,0.01015228426395939,0.2222222222222222,0.019,0.12244897959183673,0.6666666666666666,0.023,0.08163265306122448,0.8888888888888888,0.025,0.04568527918781726,1.0,0.026,margin
gemma4-12b-base,qwen38-27b,rte,61,17,0.2786885245901639,62,0.3064516129032258,0.9024064171122995,0.6898395721925134,0.7633689839572192,0.9024064171122995,1.0,0.17647058823529413,0.3548387096774194,0.6666666666666666,0.23529411764705882,0.3709677419354839,0.6666666666666666,0.47058823529411764,0.43548387096774194,0.3333333333333333,0.058823529411764705,0.3225806451612903,0.3333333333333333,0.11764705882352941,0.3387096774193548,0.4166666666666667,0.29411764705882354,0.3870967741935484,0.6666666666666666,0.11764705882352941,0.3387096774193548,0.6666666666666666,0.23529411764705882,0.3709677419354839,0.6666666666666666,0.47058823529411764,0.43548387096774194,1.0,0.17647058823529413,0.3548387096774194,0.6666666666666666,0.23529411764705882,0.3709677419354839,0.6666666666666666,0.47058823529411764,0.43548387096774194,margin
gemma4-12b-base,qwen38-27b,truthfulqa,252,19,0.07539682539682539,327,0.19877675840978593,0.8159024169866727,0.6952789699570815,0.42579625028235824,0.8159024169866727,0.3076923076923077,0.21052631578947367,0.21100917431192662,0.28,0.3684210526315789,0.22018348623853212,0.22,0.5789473684210527,0.2324159021406728,0.07692307692307693,0.05263157894736842,0.2018348623853211,0.12,0.15789473684210525,0.20795107033639143,0.16,0.42105263157894735,0.22324159021406728,0.07692307692307693,0.05263157894736842,0.2018348623853211,0.08,0.10526315789473684,0.20489296636085627,0.04,0.10526315789473684,0.20489296636085627,0.3076923076923077,0.21052631578947367,0.21100917431192662,0.28,0.3684210526315789,0.22018348623853212,0.22,0.5789473684210527,0.2324159021406728,margin
gemma4-31b,llama31-405b,boolq,726,34,0.046831955922865015,475,0.35789473684210527,0.7397993879632777,0.4918820129207752,0.6558568514110847,0.7397993879632777,0.05555555555555555,0.058823529411764705,0.36210526315789476,0.0821917808219178,0.17647058823529413,0.3705263157894737,0.1103448275862069,0.47058823529411764,0.391578947368421,0.08333333333333333,0.08823529411764706,0.3642105263157895,0.0547945205479452,0.11764705882352941,0.3663157894736842,0.04827586206896552,0.20588235294117646,0.3726315789473684,0.1388888888888889,0.14705882352941177,0.3684210526315789,0.1095890410958904,0.23529411764705882,0.37473684210526315,0.08275862068965517,0.35294117647058826,0.3831578947368421,0.05555555555555555,0.058823529411764705,0.36210526315789476,0.0821917808219178,0.17647058823529413,0.3705263157894737,0.1103448275862069,0.47058823529411764,0.391578947368421,margin
gemma4-31b,llama31-405b,geometry_of_truth,902,6,0.0066518847006651885,1000,0.096,0.8963913690476191,0.933779761904762,0.361235119047619,0.933779761904762,0.044444444444444446,0.3333333333333333,0.098,0.03333333333333333,0.5,0.099,0.027777777777777776,0.8333333333333334,0.101,0.08888888888888889,0.6666666666666666,0.1,0.044444444444444446,0.6666666666666666,0.1,0.03333333333333333,1.0,0.102,0.0,0.0,0.096,0.0,0.0,0.096,0.005555555555555556,0.16666666666666666,0.097,0.08888888888888889,0.6666666666666666,0.1,0.044444444444444446,0.6666666666666666,0.1,0.03333333333333333,1.0,0.102,anomaly
gemma4-31b,llama31-405b,rte,48,11,0.22916666666666666,62,0.5483870967741935,0.7837837837837838,0.4103194103194103,0.7248157248157249,0.7837837837837838,0.0,0.0,0.5483870967741935,0.4,0.18181818181818182,0.5806451612903226,0.5,0.45454545454545453,0.6290322580645161,0.0,0.0,0.5483870967741935,0.0,0.0,0.5483870967741935,0.2,0.18181818181818182,0.5806451612903226,0.5,0.09090909090909091,0.5645161290322581,0.6,0.2727272727272727,0.5967741935483871,0.5,0.45454545454545453,0.6290322580645161,0.0,0.0,0.5483870967741935,0.4,0.18181818181818182,0.5806451612903226,0.5,0.45454545454545453,0.6290322580645161,margin
gemma4-31b,llama31-405b,truthfulqa,223,9,0.04035874439461883,327,0.2691131498470948,0.808411214953271,0.6651090342679128,0.2694704049844237,0.808411214953271,0.0,0.0,0.2691131498470948,0.13636363636363635,0.3333333333333333,0.2782874617737003,0.1111111111111111,0.5555555555555556,0.28440366972477066,0.18181818181818182,0.2222222222222222,0.27522935779816515,0.18181818181818182,0.4444444444444444,0.28134556574923547,0.1111111111111111,0.5555555555555556,0.28440366972477066,0.0,0.0,0.2691131498470948,0.0,0.0,0.2691131498470948,0.0,0.0,0.2691131498470948,0.0,0.0,0.2691131498470948,0.13636363636363635,0.3333333333333333,0.2782874617737003,0.1111111111111111,0.5555555555555556,0.28440366972477066,margin
gemma4-31b,llama31-70b,boolq,740,49,0.06621621621621622,475,0.3494736842105263,0.738533329395434,0.4883782746094096,0.5110015062464928,0.738533329395434,0.1891891891891892,0.14285714285714285,0.3642105263157895,0.21621621621621623,0.32653061224489793,0.3831578947368421,0.16891891891891891,0.5102040816326531,0.40210526315789474,0.10810810810810811,0.08163265306122448,0.35789473684210527,0.05405405405405406,0.08163265306122448,0.35789473684210527,0.0472972972972973,0.14285714285714285,0.3642105263157895,0.13513513513513514,0.10204081632653061,0.36,0.08108108108108109,0.12244897959183673,0.36210526315789476,0.07432432432432433,0.22448979591836735,0.3726315789473684,0.1891891891891892,0.14285714285714285,0.3642105263157895,0.21621621621621623,0.32653061224489793,0.3831578947368421,0.16891891891891891,0.5102040816326531,0.40210526315789474,margin
gemma4-31b,llama31-70b,geometry_of_truth,902,7,0.007760532150776054,1000,0.096,0.8743814844373503,0.972705506783719,0.3300877893056664,0.972705506783719,0.06666666666666667,0.42857142857142855,0.099,0.03333333333333333,0.42857142857142855,0.099,0.027777777777777776,0.7142857142857143,0.101,0.13333333333333333,0.8571428571428571,0.102,0.06666666666666667,0.8571428571428571,0.102,0.03888888888888889,1.0,0.103,0.0,0.0,0.096,0.0,0.0,0.096,0.005555555555555556,0.14285714285714285,0.097,0.13333333333333333,0.8571428571428571,0.102,0.06666666666666667,0.8571428571428571,0.102,0.03888888888888889,1.0,0.103,anomaly
gemma4-31b,llama31-70b,rte,50,13,0.26,62,0.5,0.7609147609147608,0.4303534303534303,0.7068607068607069,0.7609147609147608,0.0,0.0,0.5,0.4,0.15384615384615385,0.532258064516129,0.6,0.46153846153846156,0.5967741935483871,0.0,0.0,0.5,0.0,0.0,0.5,0.3,0.23076923076923078,0.5483870967741935,0.5,0.07692307692307693,0.5161290322580645,0.6,0.23076923076923078,0.5483870967741935,0.5,0.38461538461538464,0.5806451612903226,0.0,0.0,0.5,0.4,0.15384615384615385,0.532258064516129,0.6,0.46153846153846156,0.5967741935483871,margin
gemma4-31b,llama31-70b,truthfulqa,225,17,0.07555555555555556,327,0.25688073394495414,0.765554298642534,0.7321832579185521,0.33201357466063347,0.765554298642534,0.18181818181818182,0.11764705882352941,0.26299694189602446,0.13636363636363635,0.17647058823529413,0.26605504587155965,0.1111111111111111,0.29411764705882354,0.27217125382262997,0.18181818181818182,0.11764705882352941,0.26299694189602446,0.13636363636363635,0.17647058823529413,0.26605504587155965,0.08888888888888889,0.23529411764705882,0.2691131498470948,0.09090909090909091,0.058823529411764705,0.2599388379204893,0.045454545454545456,0.058823529411764705,0.2599388379204893,0.044444444444444446,0.11764705882352941,0.26299694189602446,0.18181818181818182,0.11764705882352941,0.26299694189602446,0.13636363636363635,0.17647058823529413,0.26605504587155965,0.1111111111111111,0.29411764705882354,0.27217125382262997,margin
gemma4-31b,llama31-70b-base,boolq,743,75,0.1009421265141319,475,0.4063157894736842,0.7573453093812376,0.5555688622754491,0.45467065868263473,0.7573453093812376,0.2702702702702703,0.13333333333333333,0.42736842105263156,0.3108108108108108,0.30666666666666664,0.45473684210526316,0.22818791946308725,0.4533333333333333,0.47789473684210526,0.13513513513513514,0.06666666666666667,0.4168421052631579,0.12162162162162163,0.12,0.42526315789473684,0.14093959731543623,0.28,0.45052631578947366,0.10810810810810811,0.05333333333333334,0.4147368421052632,0.10810810810810811,0.10666666666666667,0.4231578947368421,0.08053691275167785,0.16,0.43157894736842106,0.2702702702702703,0.13333333333333333,0.42736842105263156,0.3108108108108108,0.30666666666666664,0.45473684210526316,0.22818791946308725,0.4533333333333333,0.47789473684210526,margin
gemma4-31b,llama31-70b-base,geometry_of_truth,899,7,0.00778642936596218,1000,0.1,0.9168802049967969,0.9684497117232543,0.4786995515695067,0.9684497117232543,0.08888888888888889,0.5714285714285714,0.104,0.06666666666666667,0.8571428571428571,0.106,0.03333333333333333,0.8571428571428571,0.106,0.13333333333333333,0.8571428571428571,0.106,0.06666666666666667,0.8571428571428571,0.106,0.03888888888888889,1.0,0.107,0.0,0.0,0.1,0.0,0.0,0.1,0.005555555555555556,0.14285714285714285,0.101,0.13333333333333333,0.8571428571428571,0.106,0.06666666666666667,0.8571428571428571,0.106,0.03888888888888889,1.0,0.107,anomaly
gemma4-31b,llama31-70b-base,rte,52,17,0.3269230769230769,62,0.5161290322580645,0.6235294117647059,0.4050420168067227,0.39831932773109247,0.6235294117647059,0.3333333333333333,0.058823529411764705,0.532258064516129,0.4,0.11764705882352941,0.5483870967741935,0.6,0.35294117647058826,0.6129032258064516,0.0,0.0,0.5161290322580645,0.2,0.058823529411764705,0.532258064516129,0.3,0.17647058823529413,0.5645161290322581,0.0,0.0,0.5161290322580645,0.0,0.0,0.5161290322580645,0.1,0.058823529411764705,0.532258064516129,0.3333333333333333,0.058823529411764705,0.532258064516129,0.4,0.11764705882352941,0.5483870967741935,0.6,0.35294117647058826,0.6129032258064516,margin
gemma4-31b,llama31-70b-base,truthfulqa,222,24,0.10810810810810811,327,0.27522935779816515,0.7882996632996633,0.7535774410774412,0.4875841750841751,0.7882996632996633,0.18181818181818182,0.08333333333333333,0.28134556574923547,0.3181818181818182,0.2916666666666667,0.2966360856269113,0.25,0.4583333333333333,0.308868501529052,0.18181818181818182,0.08333333333333333,0.28134556574923547,0.3181818181818182,0.2916666666666667,0.2966360856269113,0.25,0.4583333333333333,0.308868501529052,0.0,0.0,0.27522935779816515,0.09090909090909091,0.08333333333333333,0.28134556574923547,0.06818181818181818,0.125,0.28440366972477066,0.18181818181818182,0.08333333333333333,0.28134556574923547,0.3181818181818182,0.2916666666666667,0.2966360856269113,0.25,0.4583333333333333,0.308868501529052,margin
gemma4-31b,qwen3-32b,boolq,749,65,0.08678237650200267,475,0.3178947368421053,0.7214349977507872,0.5631578947368421,0.5098065677013046,0.7214349977507872,0.1891891891891892,0.1076923076923077,0.33263157894736844,0.21333333333333335,0.24615384615384617,0.35157894736842105,0.18666666666666668,0.4307692307692308,0.37684210526315787,0.10810810810810811,0.06153846153846154,0.3263157894736842,0.09333333333333334,0.1076923076923077,0.33263157894736844,0.1,0.23076923076923078,0.3494736842105263,0.10810810810810811,0.06153846153846154,0.3263157894736842,0.13333333333333333,0.15384615384615385,0.3389473684210526,0.1,0.23076923076923078,0.3494736842105263,0.1891891891891892,0.1076923076923077,0.33263157894736844,0.21333333333333335,0.24615384615384617,0.35157894736842105,0.18666666666666668,0.4307692307692308,0.37684210526315787,margin
gemma4-31b,qwen3-32b,geometry_of_truth,899,5,0.0055617352614015575,1000,0.1,0.9170022371364653,0.9675615212527965,0.49910514541387024,0.9675615212527965,0.044444444444444446,0.4,0.102,0.044444444444444446,0.8,0.104,0.022222222222222223,0.8,0.104,0.08888888888888889,0.8,0.104,0.05555555555555555,1.0,0.105,0.027777777777777776,1.0,0.105,0.022222222222222223,0.2,0.101,0.011111111111111112,0.2,0.101,0.005555555555555556,0.2,0.101,0.08888888888888889,0.8,0.104,0.05555555555555555,1.0,0.105,0.027777777777777776,1.0,0.105,anomaly
gemma4-31b,qwen3-32b,rte,51,14,0.27450980392156865,62,0.46774193548387094,0.8243243243243243,0.525096525096525,0.7606177606177607,0.8243243243243243,0.3333333333333333,0.07142857142857142,0.4838709677419355,0.4,0.14285714285714285,0.5,0.7,0.5,0.5806451612903226,0.0,0.0,0.46774193548387094,0.0,0.0,0.46774193548387094,0.3,0.21428571428571427,0.5161290322580645,0.6666666666666666,0.14285714285714285,0.5,0.4,0.14285714285714285,0.5,0.5,0.35714285714285715,0.5483870967741935,0.3333333333333333,0.07142857142857142,0.4838709677419355,0.4,0.14285714285714285,0.5,0.7,0.5,0.5806451612903226,margin
gemma4-31b,qwen3-32b,truthfulqa,224,12,0.05357142857142857,327,0.2599388379204893,0.7633647798742138,0.7405660377358491,0.4088050314465409,0.7633647798742138,0.0,0.0,0.2599388379204893,0.045454545454545456,0.08333333333333333,0.26299694189602446,0.1111111111111111,0.4166666666666667,0.27522935779816515,0.09090909090909091,0.08333333333333333,0.26299694189602446,0.13636363636363635,0.25,0.2691131498470948,0.1111111111111111,0.4166666666666667,0.27522935779816515,0.0,0.0,0.2599388379204893,0.0,0.0,0.2599388379204893,0.044444444444444446,0.16666666666666666,0.26605504587155965,0.0,0.0,0.2599388379204893,0.045454545454545456,0.08333333333333333,0.26299694189602446,0.1111111111111111,0.4166666666666667,0.27522935779816515,margin
gptj-6b,gemma2-9b,boolq,788,91,0.11548223350253807,475,0.6610526315789473,0.7530231604837057,0.458795150330301,0.6185220805019944,0.7530231604837057,0.358974358974359,0.15384615384615385,0.6905263157894737,0.26582278481012656,0.23076923076923078,0.7052631578947368,0.2721518987341772,0.4725274725274725,0.751578947368421,0.05128205128205128,0.02197802197802198,0.6652631578947369,0.08860759493670886,0.07692307692307693,0.6757894736842105,0.0759493670886076,0.13186813186813187,0.6863157894736842,0.23076923076923078,0.0989010989010989,0.68,0.189873417721519,0.16483516483516483,0.6926315789473684,0.1962025316455696,0.34065934065934067,0.7263157894736842,0.358974358974359,0.15384615384615385,0.6905263157894737,0.26582278481012656,0.23076923076923078,0.7052631578947368,0.2721518987341772,0.4725274725274725,0.751578947368421,margin
gptj-6b,gemma2-9b,geometry_of_truth,951,12,0.012618296529968454,1000,0.055,0.8844515441959531,0.8964323748668795,0.32277245296414625,0.8964323748668795,0.08333333333333333,0.3333333333333333,0.059,0.05263157894736842,0.4166666666666667,0.06,0.05789473684210526,0.9166666666666666,0.066,0.10416666666666667,0.4166666666666667,0.06,0.06315789473684211,0.5,0.061,0.05263157894736842,0.8333333333333334,0.065,0.0,0.0,0.055,0.0,0.0,0.055,0.0,0.0,0.055,0.10416666666666667,0.4166666666666667,0.06,0.06315789473684211,0.5,0.061,0.05263157894736842,0.8333333333333334,0.065,anomaly
gptj-6b,gemma2-9b,imdb,915,57,0.06229508196721312,1018,0.11100196463654224,0.7608268924058397,0.4897149633991739,0.4951335214493109,0.7608268924058397,0.2391304347826087,0.19298245614035087,0.12180746561886051,0.18478260869565216,0.2982456140350877,0.12770137524557956,0.16393442622950818,0.5263157894736842,0.14047151277013753,0.0,0.0,0.11100196463654224,0.021739130434782608,0.03508771929824561,0.11296660117878192,0.04918032786885246,0.15789473684210525,0.11984282907662082,0.06521739130434782,0.05263157894736842,0.11394891944990176,0.06521739130434782,0.10526315789473684,0.1168958742632613,0.07103825136612021,0.22807017543859648,0.1237721021611002,0.2391304347826087,0.19298245614035087,0.12180746561886051,0.18478260869565216,0.2982456140350877,0.12770137524557956,0.16393442622950818,0.5263157894736842,0.14047151277013753,margin
gptj-6b,gemma2-9b,rte,53,10,0.18867924528301888,62,0.6451612903225806,0.8372093023255813,0.5837209302325581,0.7511627906976746,0.8372093023255813,0.6666666666666666,0.2,0.6774193548387096,0.4,0.2,0.6774193548387096,0.5454545454545454,0.6,0.7419354838709677,0.3333333333333333,0.1,0.6612903225806451,0.4,0.2,0.6774193548387096,0.2727272727272727,0.3,0.6935483870967742,0.6666666666666666,0.2,0.6774193548387096,0.4,0.2,0.6774193548387096,0.45454545454545453,0.5,0.7258064516129032,0.6666666666666666,0.2,0.6774193548387096,0.4,0.2,0.6774193548387096,0.5454545454545454,0.6,0.7419354838709677,margin
gptj-6b,gemma2-9b,truthfulqa,230,16,0.06956521739130435,327,0.21712538226299694,0.7949766355140186,0.7345210280373832,0.2891355140186916,0.7949766355140186,0.08333333333333333,0.0625,0.22018348623853212,0.13043478260869565,0.1875,0.22629969418960244,0.15217391304347827,0.4375,0.23853211009174313,0.25,0.1875,0.22629969418960244,0.2608695652173913,0.375,0.23547400611620795,0.15217391304347827,0.4375,0.23853211009174313,0.0,0.0,0.21712538226299694,0.0,0.0,0.21712538226299694,0.021739130434782608,0.0625,0.22018348623853212,0.08333333333333333,0.0625,0.22018348623853212,0.13043478260869565,0.1875,0.22629969418960244,0.15217391304347827,0.4375,0.23853211009174313,margin
gptj-6b,gemma4-12b,boolq,1127,377,0.33451641526175685,475,0.18947368421052632,0.6216976127320955,0.5097329796640142,0.5532449160035366,0.6216976127320955,0.375,0.05570291777188329,0.2336842105263158,0.415929203539823,0.1246684350132626,0.28842105263157897,0.4177777777777778,0.2493368700265252,0.3873684210526316,0.30357142857142855,0.04509283819628647,0.22526315789473683,0.3185840707964602,0.09549071618037135,0.26526315789473687,0.35555555555555557,0.21220159151193635,0.35789473684210527,0.26785714285714285,0.03978779840848806,0.22105263157894736,0.36283185840707965,0.10875331564986737,0.27578947368421053,0.3688888888888889,0.22015915119363394,0.3642105263157895,0.375,0.05570291777188329,0.2336842105263158,0.415929203539823,0.1246684350132626,0.28842105263157897,0.4177777777777778,0.2493368700265252,0.3873684210526316,margin
gptj-6b,gemma4-12b,geometry_of_truth,693,42,0.06060606060606061,1000,0.296,0.8254699729354107,0.6903298953990198,0.5212493599590373,0.8254699729354107,0.14285714285714285,0.11904761904761904,0.301,0.18840579710144928,0.30952380952380953,0.309,0.16546762589928057,0.5476190476190477,0.319,0.17142857142857143,0.14285714285714285,0.302,0.14492753623188406,0.23809523809523808,0.306,0.11510791366906475,0.38095238095238093,0.312,0.08571428571428572,0.07142857142857142,0.299,0.07246376811594203,0.11904761904761904,0.301,0.07194244604316546,0.23809523809523808,0.306,0.14285714285714285,0.11904761904761904,0.301,0.18840579710144928,0.30952380952380953,0.309,0.16546762589928057,0.5476190476190477,0.319,margin
gptj-6b,gemma4-12b,imdb,594,78,0.13131313131313133,1018,0.431237721021611,0.7124329159212881,0.45612204333134565,0.5316537467700259,0.7124329159212881,0.36666666666666664,0.14102564102564102,0.44204322200392926,0.2711864406779661,0.20512820512820512,0.44695481335952847,0.24369747899159663,0.3717948717948718,0.45972495088408644,0.06666666666666667,0.02564102564102564,0.43320235756385067,0.11864406779661017,0.08974358974358974,0.4381139489194499,0.10084033613445378,0.15384615384615385,0.4430255402750491,0.2,0.07692307692307693,0.43713163064833005,0.1864406779661017,0.14102564102564102,0.44204322200392926,0.15126050420168066,0.23076923076923078,0.4489194499017682,0.36666666666666664,0.14102564102564102,0.44204322200392926,0.2711864406779661,0.20512820512820512,0.44695481335952847,0.24369747899159663,0.3717948717948718,0.45972495088408644,margin
gptj-6b,gemma4-12b,rte,67,35,0.5223880597014925,62,0.3387096774193548,0.43392857142857144,0.5330357142857143,0.3723214285714286,0.5330357142857143,0.3333333333333333,0.02857142857142857,0.3548387096774194,0.5714285714285714,0.11428571428571428,0.4032258064516129,0.3076923076923077,0.11428571428571428,0.4032258064516129,0.3333333333333333,0.02857142857142857,0.3548387096774194,0.5714285714285714,0.11428571428571428,0.4032258064516129,0.6153846153846154,0.22857142857142856,0.46774193548387094,0.6666666666666666,0.05714285714285714,0.3709677419354839,0.2857142857142857,0.05714285714285714,0.3709677419354839,0.23076923076923078,0.08571428571428572,0.3870967741935484,0.3333333333333333,0.02857142857142857,0.3548387096774194,0.5714285714285714,0.11428571428571428,0.4032258064516129,0.6153846153846154,0.22857142857142856,0.46774193548387094,anomaly
gptj-6b,gemma4-12b,truthfulqa,191,32,0.16753926701570682,327,0.39143730886850153,0.7997248427672956,0.7273977987421383,0.43946540880503143,0.7997248427672956,0.4,0.125,0.4036697247706422,0.5263157894736842,0.3125,0.42201834862385323,0.42105263157894735,0.5,0.44036697247706424,0.3,0.09375,0.40061162079510704,0.3157894736842105,0.1875,0.40978593272171254,0.2631578947368421,0.3125,0.42201834862385323,0.1,0.03125,0.3944954128440367,0.05263157894736842,0.03125,0.3944954128440367,0.15789473684210525,0.1875,0.40978593272171254,0.4,0.125,0.4036697247706422,0.5263157894736842,0.3125,0.42201834862385323,0.42105263157894735,0.5,0.44036697247706424,margin
gptj-6b,gemma4-12b-base,boolq,962,237,0.24636174636174638,475,0.3936842105263158,0.7642950676560454,0.49646442601484064,0.6156962025316456,0.7642950676560454,0.6458333333333334,0.1308016877637131,0.4589473684210526,0.5833333333333334,0.23628691983122363,0.511578947368421,0.515625,0.4177215189873418,0.6021052631578947,0.25,0.05063291139240506,0.4189473684210526,0.23958333333333334,0.0970464135021097,0.4421052631578947,0.23958333333333334,0.1940928270042194,0.4905263157894737,0.4375,0.08860759493670886,0.4378947368421053,0.3854166666666667,0.15611814345991562,0.47157894736842104,0.3489583333333333,0.28270042194092826,0.5347368421052632,0.6458333333333334,0.1308016877637131,0.4589473684210526,0.5833333333333334,0.23628691983122363,0.511578947368421,0.515625,0.4177215189873418,0.6021052631578947,margin
gptj-6b,gemma4-12b-base,geometry_of_truth,947,11,0.011615628299894404,1000,0.06,0.9314296814296815,0.9137529137529139,0.375,0.9314296814296815,0.0851063829787234,0.36363636363636365,0.064,0.08421052631578947,0.7272727272727273,0.068,0.05291005291005291,0.9090909090909091,0.07,0.1276595744680851,0.5454545454545454,0.066,0.06315789473684211,0.5454545454545454,0.066,0.05291005291005291,0.9090909090909091,0.07,0.0,0.0,0.06,0.0,0.0,0.06,0.005291005291005291,0.09090909090909091,0.061,0.0851063829787234,0.36363636363636365,0.064,0.08421052631578947,0.7272727272727273,0.068,0.05291005291005291,0.9090909090909091,0.07,margin
gptj-6b,gemma4-12b-base,imdb,867,72,0.08304498269896193,1018,0.1787819253438114,0.7517120894479384,0.4762578616352201,0.4384696016771488,0.7517120894479384,0.27906976744186046,0.16666666666666666,0.1905697445972495,0.2413793103448276,0.2916666666666667,0.1994106090373281,0.20809248554913296,0.5,0.21414538310412573,0.06976744186046512,0.041666666666666664,0.18172888015717092,0.034482758620689655,0.041666666666666664,0.18172888015717092,0.04046242774566474,0.09722222222222222,0.1856581532416503,0.13953488372093023,0.08333333333333333,0.18467583497053044,0.08045977011494253,0.09722222222222222,0.1856581532416503,0.06358381502890173,0.1527777777777778,0.18958742632612965,0.27906976744186046,0.16666666666666666,0.1905697445972495,0.2413793103448276,0.2916666666666667,0.1994106090373281,0.20809248554913296,0.5,0.21414538310412573,margin
gptj-6b,gemma4-12b-base,rte,67,27,0.40298507462686567,62,0.3709677419354839,0.663888888888889,0.5898148148148148,0.575925925925926,0.663888888888889,0.3333333333333333,0.037037037037037035,0.3870967741935484,0.42857142857142855,0.1111111111111111,0.41935483870967744,0.6153846153846154,0.2962962962962963,0.5,0.3333333333333333,0.037037037037037035,0.3870967741935484,0.2857142857142857,0.07407407407407407,0.4032258064516129,0.5384615384615384,0.25925925925925924,0.4838709677419355,0.3333333333333333,0.037037037037037035,0.3870967741935484,0.42857142857142855,0.1111111111111111,0.41935483870967744,0.6153846153846154,0.2962962962962963,0.5,0.3333333333333333,0.037037037037037035,0.3870967741935484,0.42857142857142855,0.1111111111111111,0.41935483870967744,0.6153846153846154,0.2962962962962963,0.5,margin
gptj-6b,gemma4-12b-base,truthfulqa,229,20,0.08733624454148471,327,0.24464831804281345,0.8430622009569378,0.8043062200956937,0.5330143540669856,0.8430622009569378,0.36363636363636365,0.2,0.25688073394495414,0.30434782608695654,0.35,0.26605504587155965,0.2826086956521739,0.65,0.28440366972477066,0.45454545454545453,0.25,0.2599388379204893,0.30434782608695654,0.35,0.26605504587155965,0.2826086956521739,0.65,0.28440366972477066,0.0,0.0,0.24464831804281345,0.043478260869565216,0.05,0.24770642201834864,0.06521739130434782,0.15,0.25382262996941896,0.36363636363636365,0.2,0.25688073394495414,0.30434782608695654,0.35,0.26605504587155965,0.2826086956521739,0.65,0.28440366972477066,margin
gptj-6b,gemma4-31b,boolq,878,166,0.18906605922551253,475,0.5452631578947369,0.6931095167185597,0.5025974685257886,0.5314742114525518,0.6931095167185597,0.4090909090909091,0.10843373493975904,0.5831578947368421,0.3977272727272727,0.21084337349397592,0.6189473684210526,0.3409090909090909,0.3614457831325301,0.671578947368421,0.13636363636363635,0.03614457831325301,0.5578947368421052,0.17045454545454544,0.09036144578313253,0.5768421052631579,0.22727272727272727,0.24096385542168675,0.6294736842105263,0.20454545454545456,0.05421686746987952,0.5642105263157895,0.23863636363636365,0.12650602409638553,0.5894736842105263,0.20454545454545456,0.21686746987951808,0.6210526315789474,0.4090909090909091,0.10843373493975904,0.5831578947368421,0.3977272727272727,0.21084337349397592,0.6189473684210526,0.3409090909090909,0.3614457831325301,0.671578947368421,margin
gptj-6b,gemma4-31b,geometry_of_truth,894,27,0.030201342281879196,1000,0.108,0.85360331496433,0.8794053569140075,0.48143876286898196,0.8794053569140075,0.13333333333333333,0.2222222222222222,0.114,0.1348314606741573,0.4444444444444444,0.12,0.11173184357541899,0.7407407407407407,0.128,0.24444444444444444,0.4074074074074074,0.119,0.16853932584269662,0.5555555555555556,0.123,0.12290502793296089,0.8148148148148148,0.13,0.022222222222222223,0.037037037037037035,0.109,0.033707865168539325,0.1111111111111111,0.111,0.03910614525139665,0.25925925925925924,0.115,0.24444444444444444,0.4074074074074074,0.119,0.16853932584269662,0.5555555555555556,0.123,0.12290502793296089,0.8148148148148148,0.13,anomaly
gptj-6b,gemma4-31b,rte,65,29,0.4461538461538462,62,0.3548387096774194,0.5699233716475096,0.5335249042145593,0.47126436781609193,0.5699233716475096,0.3333333333333333,0.034482758620689655,0.3709677419354839,0.6666666666666666,0.13793103448275862,0.41935483870967744,0.5384615384615384,0.2413793103448276,0.46774193548387094,0.3333333333333333,0.034482758620689655,0.3709677419354839,0.5,0.10344827586206896,0.4032258064516129,0.46153846153846156,0.20689655172413793,0.45161290322580644,0.3333333333333333,0.034482758620689655,0.3709677419354839,0.16666666666666666,0.034482758620689655,0.3709677419354839,0.3076923076923077,0.13793103448275862,0.41935483870967744,0.3333333333333333,0.034482758620689655,0.3709677419354839,0.6666666666666666,0.13793103448275862,0.41935483870967744,0.5384615384615384,0.2413793103448276,0.46774193548387094,margin
gptj-6b,gemma4-31b,truthfulqa,217,25,0.1152073732718894,327,0.26299694189602446,0.7908333333333333,0.775,0.5516666666666666,0.7908333333333333,0.36363636363636365,0.16,0.27522935779816515,0.3181818181818182,0.28,0.28440366972477066,0.2558139534883721,0.44,0.2966360856269113,0.36363636363636365,0.16,0.27522935779816515,0.36363636363636365,0.32,0.2874617737003058,0.3023255813953488,0.52,0.30275229357798167,0.18181818181818182,0.08,0.2691131498470948,0.13636363636363635,0.12,0.27217125382262997,0.09302325581395349,0.16,0.27522935779816515,0.36363636363636365,0.16,0.27522935779816515,0.3181818181818182,0.28,0.28440366972477066,0.2558139534883721,0.44,0.2966360856269113,margin
gptj-6b,llama-8b,boolq,843,156,0.18505338078291814,475,0.5473684210526316,0.7529392005374538,0.5267793826745792,0.6214589631620199,0.7529392005374538,0.5714285714285714,0.15384615384615385,0.5978947368421053,0.47619047619047616,0.2564102564102564,0.631578947368421,0.40236686390532544,0.4358974358974359,0.6905263157894737,0.16666666666666666,0.04487179487179487,0.5621052631578948,0.16666666666666666,0.08974358974358974,0.5768421052631579,0.16568047337278108,0.1794871794871795,0.6063157894736843,0.21428571428571427,0.057692307692307696,0.5663157894736842,0.25,0.1346153846153846,0.5915789473684211,0.26627218934911245,0.28846153846153844,0.6421052631578947,0.5714285714285714,0.15384615384615385,0.5978947368421053,0.47619047619047616,0.2564102564102564,0.631578947368421,0.40236686390532544,0.4358974358974359,0.6905263157894737,margin
gptj-6b,llama-8b,geometry_of_truth,949,11,0.011591148577449948,1000,0.058,0.9008528784648188,0.8957162240744331,0.3857336693157589,0.9008528784648188,0.06382978723404255,0.2727272727272727,0.061,0.06315789473684211,0.5454545454545454,0.064,0.04736842105263158,0.8181818181818182,0.067,0.06382978723404255,0.2727272727272727,0.061,0.05263157894736842,0.45454545454545453,0.063,0.05263157894736842,0.9090909090909091,0.068,0.0,0.0,0.058,0.0,0.0,0.058,0.005263157894736842,0.09090909090909091,0.059,0.06382978723404255,0.2727272727272727,0.061,0.06315789473684211,0.5454545454545454,0.064,0.04736842105263158,0.8181818181818182,0.067,margin
gptj-6b,llama-8b,imdb,947,80,0.08447729672650475,1018,0.0893909626719057,0.8082179930795848,0.4624423298731257,0.4841695501730104,0.8082179930795848,0.3829787234042553,0.225,0.10707269155206287,0.29473684210526313,0.35,0.1168958742632613,0.2222222222222222,0.525,0.13064833005893908,0.0,0.0,0.0893909626719057,0.0,0.0,0.0893909626719057,0.0582010582010582,0.1375,0.10019646365422397,0.06382978723404255,0.0375,0.09233791748526522,0.06315789473684211,0.075,0.09528487229862476,0.07936507936507936,0.1875,0.10412573673870335,0.3829787234042553,0.225,0.10707269155206287,0.29473684210526313,0.35,0.1168958742632613,0.2222222222222222,0.525,0.13064833005893908,margin
gptj-6b,llama-8b,rte,58,17,0.29310344827586204,62,0.5645161290322581,0.5968436154949784,0.5781922525107603,0.5423242467718794,0.5968436154949784,0.6666666666666666,0.11764705882352941,0.5967741935483871,0.5,0.17647058823529413,0.6129032258064516,0.5,0.35294117647058826,0.6612903225806451,0.3333333333333333,0.058823529411764705,0.5806451612903226,0.3333333333333333,0.11764705882352941,0.5967741935483871,0.4166666666666667,0.29411764705882354,0.6451612903225806,0.6666666666666666,0.11764705882352941,0.5967741935483871,0.6666666666666666,0.23529411764705882,0.6290322580645161,0.5,0.35294117647058826,0.6612903225806451,0.6666666666666666,0.11764705882352941,0.5967741935483871,0.5,0.17647058823529413,0.6129032258064516,0.5,0.35294117647058826,0.6612903225806451,margin
gptj-6b,llama-8b,truthfulqa,239,24,0.100418410041841,327,0.18042813455657492,0.8472868217054264,0.6790697674418604,0.36434108527131787,0.8472868217054264,0.16666666666666666,0.08333333333333333,0.18654434250764526,0.2916666666666667,0.2916666666666667,0.2018348623853211,0.3125,0.625,0.22629969418960244,0.25,0.125,0.18960244648318042,0.2916666666666667,0.2916666666666667,0.2018348623853211,0.1875,0.375,0.20795107033639143,0.16666666666666666,0.08333333333333333,0.18654434250764526,0.08333333333333333,0.08333333333333333,0.18654434250764526,0.041666666666666664,0.08333333333333333,0.18654434250764526,0.16666666666666666,0.08333333333333333,0.18654434250764526,0.2916666666666667,0.2916666666666667,0.2018348623853211,0.3125,0.625,0.22629969418960244,margin
gptj-6b,llama31-405b,boolq,759,43,0.05665349143610013,475,0.76,0.7977458750162401,0.5033779394569312,0.6323567623749513,0.7977458750162401,0.15789473684210525,0.13953488372093023,0.7726315789473684,0.17105263157894737,0.3023255813953488,0.7873684210526316,0.17763157894736842,0.627906976744186,0.8168421052631579,0.05263157894736842,0.046511627906976744,0.7642105263157895,0.07894736842105263,0.13953488372093023,0.7726315789473684,0.05921052631578947,0.20930232558139536,0.7789473684210526,0.23684210526315788,0.20930232558139536,0.7789473684210526,0.15789473684210525,0.27906976744186046,0.7852631578947369,0.10526315789473684,0.37209302325581395,0.7936842105263158,0.15789473684210525,0.13953488372093023,0.7726315789473684,0.17105263157894737,0.3023255813953488,0.7873684210526316,0.17763157894736842,0.627906976744186,0.8168421052631579,margin
gptj-6b,llama31-405b,geometry_of_truth,944,7,0.007415254237288136,1000,0.058,0.9269705747827413,0.9022716877572802,0.39838389998475376,0.9269705747827413,0.0425531914893617,0.2857142857142857,0.06,0.05319148936170213,0.7142857142857143,0.063,0.037037037037037035,1.0,0.065,0.0425531914893617,0.2857142857142857,0.06,0.031914893617021274,0.42857142857142855,0.061,0.037037037037037035,1.0,0.065,0.0,0.0,0.058,0.010638297872340425,0.14285714285714285,0.059,0.005291005291005291,0.14285714285714285,0.059,0.0425531914893617,0.2857142857142857,0.06,0.05319148936170213,0.7142857142857143,0.063,0.037037037037037035,1.0,0.065,margin
gptj-6b,llama31-405b,imdb,932,57,0.0611587982832618,1018,0.09921414538310412,0.7794085213032581,0.47711278195488716,0.5096942355889724,0.7794085213032581,0.23404255319148937,0.19298245614035087,0.1100196463654224,0.17204301075268819,0.2807017543859649,0.11493123772102161,0.16129032258064516,0.5263157894736842,0.12868369351669942,0.0,0.0,0.09921414538310412,0.03225806451612903,0.05263157894736842,0.10216110019646366,0.053763440860215055,0.17543859649122806,0.10903732809430255,0.02127659574468085,0.017543859649122806,0.10019646365422397,0.043010752688172046,0.07017543859649122,0.1031434184675835,0.053763440860215055,0.17543859649122806,0.10903732809430255,0.23404255319148937,0.19298245614035087,0.1100196463654224,0.17204301075268819,0.2807017543859649,0.11493123772102161,0.16129032258064516,0.5263157894736842,0.12868369351669942,margin
gptj-6b,llama31-405b,rte,57,12,0.21052631578947367,62,0.6129032258064516,0.775925925925926,0.4648148148148148,0.7222222222222222,0.775925925925926,0.3333333333333333,0.08333333333333333,0.6290322580645161,0.3333333333333333,0.16666666666666666,0.6451612903225806,0.45454545454545453,0.4166666666666667,0.6935483870967742,0.0,0.0,0.6129032258064516,0.3333333333333333,0.16666666666666666,0.6451612903225806,0.2727272727272727,0.25,0.6612903225806451,0.3333333333333333,0.08333333333333333,0.6290322580645161,0.16666666666666666,0.08333333333333333,0.6290322580645161,0.36363636363636365,0.3333333333333333,0.6774193548387096,0.3333333333333333,0.08333333333333333,0.6290322580645161,0.3333333333333333,0.16666666666666666,0.6451612903225806,0.45454545454545453,0.4166666666666667,0.6935483870967742,margin
gptj-6b,llama31-405b,truthfulqa,233,12,0.05150214592274678,327,0.18960244648318042,0.9091251885369531,0.6987179487179488,0.2187028657616893,0.9091251885369531,0.4166666666666667,0.4166666666666667,0.20489296636085627,0.30434782608695654,0.5833333333333334,0.21100917431192662,0.19148936170212766,0.75,0.21712538226299694,0.08333333333333333,0.08333333333333333,0.1926605504587156,0.17391304347826086,0.3333333333333333,0.2018348623853211,0.10638297872340426,0.4166666666666667,0.20489296636085627,0.0,0.0,0.18960244648318042,0.0,0.0,0.18960244648318042,0.0,0.0,0.18960244648318042,0.4166666666666667,0.4166666666666667,0.20489296636085627,0.30434782608695654,0.5833333333333334,0.21100917431192662,0.19148936170212766,0.75,0.21712538226299694,margin
gptj-6b,llama31-70b,boolq,775,67,0.08645161290322581,475,0.7136842105263158,0.7894004553503668,0.5176659077493886,0.6797579897124547,0.7894004553503668,0.4358974358974359,0.2537313432835821,0.7494736842105263,0.32051282051282054,0.373134328358209,0.7663157894736842,0.2129032258064516,0.4925373134328358,0.783157894736842,0.07692307692307693,0.04477611940298507,0.72,0.08974358974358974,0.1044776119402985,0.728421052631579,0.09032258064516129,0.208955223880597,0.7431578947368421,0.20512820512820512,0.11940298507462686,0.7305263157894737,0.20512820512820512,0.23880597014925373,0.7473684210526316,0.2,0.4626865671641791,0.7789473684210526,0.4358974358974359,0.2537313432835821,0.7494736842105263,0.32051282051282054,0.373134328358209,0.7663157894736842,0.2129032258064516,0.4925373134328358,0.783157894736842,margin
gptj-6b,llama31-70b,geometry_of_truth,947,7,0.007391763463569166,1000,0.06,0.8802431610942248,0.9098784194528876,0.3630699088145896,0.9098784194528876,0.0,0.0,0.06,0.05263157894736842,0.7142857142857143,0.065,0.026455026455026454,0.7142857142857143,0.065,0.06382978723404255,0.42857142857142855,0.063,0.031578947368421054,0.42857142857142855,0.063,0.037037037037037035,1.0,0.067,0.0,0.0,0.06,0.0,0.0,0.06,0.0,0.0,0.06,0.06382978723404255,0.42857142857142855,0.063,0.031578947368421054,0.42857142857142855,0.063,0.037037037037037035,1.0,0.067,anomaly
gptj-6b,llama31-70b,imdb,921,53,0.05754614549402823,1018,0.1031434184675835,0.796930701678115,0.4588731414659595,0.5299539170506913,0.796930701678115,0.2391304347826087,0.20754716981132076,0.11394891944990176,0.20652173913043478,0.3584905660377358,0.12180746561886051,0.16847826086956522,0.5849056603773585,0.13359528487229863,0.0,0.0,0.1031434184675835,0.010869565217391304,0.018867924528301886,0.10412573673870335,0.03260869565217391,0.11320754716981132,0.10903732809430255,0.043478260869565216,0.03773584905660377,0.10510805500982318,0.05434782608695652,0.09433962264150944,0.10805500982318271,0.05434782608695652,0.18867924528301888,0.11296660117878192,0.2391304347826087,0.20754716981132076,0.11394891944990176,0.20652173913043478,0.3584905660377358,0.12180746561886051,0.16847826086956522,0.5849056603773585,0.13359528487229863,margin
gptj-6b,llama31-70b,rte,55,12,0.21818181818181817,62,0.6290322580645161,0.868217054263566,0.571705426356589,0.7771317829457364,0.868217054263566,0.3333333333333333,0.08333333333333333,0.6451612903225806,0.6666666666666666,0.3333333333333333,0.6935483870967742,0.5454545454545454,0.5,0.7258064516129032,0.3333333333333333,0.08333333333333333,0.6451612903225806,0.3333333333333333,0.16666666666666666,0.6612903225806451,0.2727272727272727,0.25,0.6774193548387096,0.3333333333333333,0.08333333333333333,0.6451612903225806,0.5,0.25,0.6774193548387096,0.5454545454545454,0.5,0.7258064516129032,0.3333333333333333,0.08333333333333333,0.6451612903225806,0.6666666666666666,0.3333333333333333,0.6935483870967742,0.5454545454545454,0.5,0.7258064516129032,margin
gptj-6b,llama31-70b,truthfulqa,235,14,0.059574468085106386,327,0.21406727828746178,0.8532643826761473,0.718164188752424,0.2792501616031028,0.8532643826761473,0.08333333333333333,0.07142857142857142,0.21712538226299694,0.20833333333333334,0.35714285714285715,0.22935779816513763,0.19148936170212766,0.6428571428571429,0.2415902140672783,0.25,0.21428571428571427,0.22324159021406728,0.20833333333333334,0.35714285714285715,0.22935779816513763,0.1702127659574468,0.5714285714285714,0.23853211009174313,0.0,0.0,0.21406727828746178,0.0,0.0,0.21406727828746178,0.0,0.0,0.21406727828746178,0.08333333333333333,0.07142857142857142,0.21712538226299694,0.20833333333333334,0.35714285714285715,0.22935779816513763,0.19148936170212766,0.6428571428571429,0.2415902140672783,margin
gptj-6b,llama31-70b-base,boolq,836,142,0.16985645933014354,475,0.5642105263157895,0.790092137841458,0.5364188009903803,0.6588160084425863,0.790092137841458,0.4523809523809524,0.13380281690140844,0.6042105263157894,0.42857142857142855,0.2535211267605634,0.64,0.39520958083832336,0.4647887323943662,0.7031578947368421,0.07142857142857142,0.02112676056338028,0.5705263157894737,0.14285714285714285,0.08450704225352113,0.5894736842105263,0.20958083832335328,0.24647887323943662,0.6378947368421053,0.14285714285714285,0.04225352112676056,0.5768421052631579,0.27380952380952384,0.1619718309859155,0.6126315789473684,0.281437125748503,0.33098591549295775,0.6631578947368421,0.4523809523809524,0.13380281690140844,0.6042105263157894,0.42857142857142855,0.2535211267605634,0.64,0.39520958083832336,0.4647887323943662,0.7031578947368421,margin
gptj-6b,llama31-70b-base,geometry_of_truth,947,9,0.009503695881731784,1000,0.06,0.9339019189765458,0.9039327173655531,0.3803601042407012,0.9339019189765458,0.06382978723404255,0.3333333333333333,0.063,0.07368421052631578,0.7777777777777778,0.067,0.047619047619047616,1.0,0.069,0.0851063829787234,0.4444444444444444,0.064,0.05263157894736842,0.5555555555555556,0.065,0.042328042328042326,0.8888888888888888,0.068,0.0,0.0,0.06,0.0,0.0,0.06,0.005291005291005291,0.1111111111111111,0.061,0.06382978723404255,0.3333333333333333,0.063,0.07368421052631578,0.7777777777777778,0.067,0.047619047619047616,1.0,0.069,margin
gptj-6b,llama31-70b-base,imdb,912,69,0.0756578947368421,1018,0.12966601178781925,0.7717434284044218,0.4621176956005983,0.4715560369281552,0.7717434284044218,0.30434782608695654,0.2028985507246377,0.14341846758349705,0.26373626373626374,0.34782608695652173,0.15324165029469547,0.19230769230769232,0.5072463768115942,0.16404715127701375,0.021739130434782608,0.014492753623188406,0.13064833005893908,0.03296703296703297,0.043478260869565216,0.13261296660117877,0.06593406593406594,0.17391304347826086,0.14145383104125736,0.043478260869565216,0.028985507246376812,0.13163064833005894,0.054945054945054944,0.07246376811594203,0.13457760314341846,0.06043956043956044,0.15942028985507245,0.14047151277013753,0.30434782608695654,0.2028985507246377,0.14341846758349705,0.26373626373626374,0.34782608695652173,0.15324165029469547,0.19230769230769232,0.5072463768115942,0.16404715127701375,margin
gptj-6b,llama31-70b-base,rte,59,19,0.3220338983050847,62,0.5483870967741935,0.7236842105263158,0.519736842105263,0.6763157894736842,0.7236842105263158,0.6666666666666666,0.10526315789473684,0.5806451612903226,0.6666666666666666,0.21052631578947367,0.6129032258064516,0.6666666666666666,0.42105263157894735,0.6774193548387096,0.6666666666666666,0.10526315789473684,0.5806451612903226,0.3333333333333333,0.10526315789473684,0.5806451612903226,0.3333333333333333,0.21052631578947367,0.6129032258064516,0.6666666666666666,0.10526315789473684,0.5806451612903226,0.6666666666666666,0.21052631578947367,0.6129032258064516,0.75,0.47368421052631576,0.6935483870967742,0.6666666666666666,0.10526315789473684,0.5806451612903226,0.6666666666666666,0.21052631578947367,0.6129032258064516,0.6666666666666666,0.42105263157894735,0.6774193548387096,margin
gptj-6b,llama31-70b-base,truthfulqa,229,24,0.10480349344978165,327,0.21406727828746178,0.8788617886178861,0.7672764227642276,0.3735772357723577,0.8788617886178861,0.36363636363636365,0.16666666666666666,0.22629969418960244,0.34782608695652173,0.3333333333333333,0.23853211009174313,0.34782608695652173,0.6666666666666666,0.26299694189602446,0.2727272727272727,0.125,0.22324159021406728,0.21739130434782608,0.20833333333333334,0.22935779816513763,0.21739130434782608,0.4166666666666667,0.24464831804281345,0.0,0.0,0.21406727828746178,0.0,0.0,0.21406727828746178,0.0,0.0,0.21406727828746178,0.36363636363636365,0.16666666666666666,0.22629969418960244,0.34782608695652173,0.3333333333333333,0.23853211009174313,0.34782608695652173,0.6666666666666666,0.26299694189602446,margin
gptj-6b,llama31-8b-base,boolq,946,248,0.26215644820295986,475,0.3684210526315789,0.6967949902948517,0.5147194749976892,0.5438406969220816,0.6967949902948517,0.5531914893617021,0.10483870967741936,0.4231578947368421,0.4842105263157895,0.18548387096774194,0.4652631578947368,0.455026455026455,0.3467741935483871,0.5494736842105263,0.3191489361702128,0.06048387096774194,0.4,0.23157894736842105,0.08870967741935484,0.4147368421052632,0.2857142857142857,0.21774193548387097,0.48210526315789476,0.2553191489361702,0.04838709677419355,0.3936842105263158,0.29473684210526313,0.11290322580645161,0.42736842105263156,0.30687830687830686,0.23387096774193547,0.4905263157894737,0.5531914893617021,0.10483870967741936,0.4231578947368421,0.4842105263157895,0.18548387096774194,0.4652631578947368,0.455026455026455,0.3467741935483871,0.5494736842105263,margin
gptj-6b,llama31-8b-base,geometry_of_truth,948,12,0.012658227848101266,1000,0.061,0.8784722222222221,0.872418091168091,0.489761396011396,0.8784722222222221,0.10638297872340426,0.4166666666666667,0.066,0.07368421052631578,0.5833333333333334,0.068,0.04736842105263158,0.75,0.07,0.10638297872340426,0.4166666666666667,0.066,0.05263157894736842,0.4166666666666667,0.066,0.04736842105263158,0.75,0.07,0.0,0.0,0.061,0.0,0.0,0.061,0.005263157894736842,0.08333333333333333,0.062,0.10638297872340426,0.4166666666666667,0.066,0.07368421052631578,0.5833333333333334,0.068,0.04736842105263158,0.75,0.07,margin
gptj-6b,llama31-8b-base,imdb,893,63,0.07054871220604703,1018,0.13064833005893908,0.7319372729011284,0.4772996748900364,0.419104991394148,0.7319372729011284,0.2,0.14285714285714285,0.13948919449901767,0.14606741573033707,0.20634920634920634,0.14341846758349705,0.16201117318435754,0.4603174603174603,0.15913555992141454,0.0,0.0,0.13064833005893908,0.011235955056179775,0.015873015873015872,0.13163064833005894,0.0446927374301676,0.12698412698412698,0.13850687622789784,0.044444444444444446,0.031746031746031744,0.13261296660117877,0.0449438202247191,0.06349206349206349,0.13457760314341846,0.03910614525139665,0.1111111111111111,0.137524557956778,0.2,0.14285714285714285,0.13948919449901767,0.14606741573033707,0.20634920634920634,0.14341846758349705,0.16201117318435754,0.4603174603174603,0.15913555992141454,margin
gptj-6b,llama31-8b-base,rte,64,24,0.375,62,0.43548387096774194,0.6489583333333333,0.5552083333333333,0.5874999999999999,0.6489583333333333,1.0,0.125,0.4838709677419355,0.8333333333333334,0.20833333333333334,0.5161290322580645,0.5384615384615384,0.2916666666666667,0.5483870967741935,0.6666666666666666,0.08333333333333333,0.46774193548387094,0.5,0.125,0.4838709677419355,0.46153846153846156,0.25,0.532258064516129,0.3333333333333333,0.041666666666666664,0.45161290322580644,0.5,0.125,0.4838709677419355,0.5384615384615384,0.2916666666666667,0.5483870967741935,1.0,0.125,0.4838709677419355,0.8333333333333334,0.20833333333333334,0.5161290322580645,0.5384615384615384,0.2916666666666667,0.5483870967741935,margin
gptj-6b,llama31-8b-base,truthfulqa,237,33,0.13924050632911392,327,0.14984709480122324,0.8823529411764706,0.7043969102792632,0.39943553178847296,0.8823529411764706,0.5833333333333334,0.21212121212121213,0.1712538226299694,0.5,0.36363636363636365,0.18654434250764526,0.40425531914893614,0.5757575757575758,0.20795107033639143,0.4166666666666667,0.15151515151515152,0.1651376146788991,0.3333333333333333,0.24242424242424243,0.1743119266055046,0.2978723404255319,0.42424242424242425,0.1926605504587156,0.08333333333333333,0.030303030303030304,0.1529051987767584,0.041666666666666664,0.030303030303030304,0.1529051987767584,0.0851063829787234,0.12121212121212122,0.1620795107033639,0.5833333333333334,0.21212121212121213,0.1712538226299694,0.5,0.36363636363636365,0.18654434250764526,0.40425531914893614,0.5757575757575758,0.20795107033639143,margin
gptj-6b,olmo3-7b,boolq,928,209,0.2252155172413793,475,0.4336842105263158,0.7456461992001118,0.5093331381304443,0.6253834738572313,0.7456461992001118,0.6521739130434783,0.14354066985645933,0.4968421052631579,0.5053763440860215,0.22488038277511962,0.5326315789473685,0.4731182795698925,0.42105263157894735,0.6189473684210526,0.17391304347826086,0.03827751196172249,0.45052631578947366,0.21505376344086022,0.09569377990430622,0.47578947368421054,0.23118279569892472,0.20574162679425836,0.5242105263157895,0.3695652173913043,0.08133971291866028,0.4694736842105263,0.3870967741935484,0.1722488038277512,0.5094736842105263,0.3817204301075269,0.3397129186602871,0.5831578947368421,0.6521739130434783,0.14354066985645933,0.4968421052631579,0.5053763440860215,0.22488038277511962,0.5326315789473685,0.4731182795698925,0.42105263157894735,0.6189473684210526,margin
gptj-6b,olmo3-7b,geometry_of_truth,945,23,0.02433862433862434,1000,0.056,0.8868716401018579,0.7826558521173252,0.3550410261246817,0.8868716401018579,0.14893617021276595,0.30434782608695654,0.063,0.10638297872340426,0.43478260869565216,0.066,0.09523809523809523,0.782608695652174,0.074,0.0851063829787234,0.17391304347826086,0.06,0.06382978723404255,0.2608695652173913,0.062,0.06349206349206349,0.5217391304347826,0.068,0.0,0.0,0.056,0.0,0.0,0.056,0.0,0.0,0.056,0.14893617021276595,0.30434782608695654,0.063,0.10638297872340426,0.43478260869565216,0.066,0.09523809523809523,0.782608695652174,0.074,margin
gptj-6b,olmo3-7b,imdb,936,76,0.0811965811965812,1018,0.10510805500982318,0.7907588739290086,0.43971848225214205,0.4133720930232558,0.7907588739290086,0.3617021276595745,0.2236842105263158,0.12180746561886051,0.2872340425531915,0.35526315789473684,0.13163064833005894,0.2192513368983957,0.5394736842105263,0.14538310412573674,0.0,0.0,0.10510805500982318,0.02127659574468085,0.02631578947368421,0.10707269155206287,0.0374331550802139,0.09210526315789473,0.11198428290766209,0.0851063829787234,0.05263157894736842,0.10903732809430255,0.0851063829787234,0.10526315789473684,0.11296660117878192,0.06417112299465241,0.15789473684210525,0.1168958742632613,0.3617021276595745,0.2236842105263158,0.12180746561886051,0.2872340425531915,0.35526315789473684,0.13163064833005894,0.2192513368983957,0.5394736842105263,0.14538310412573674,margin
gptj-6b,olmo3-7b,rte,60,19,0.31666666666666665,62,0.46774193548387094,0.7650834403080873,0.5815147625160462,0.699614890885751,0.7650834403080873,1.0,0.15789473684210525,0.5161290322580645,0.8333333333333334,0.2631578947368421,0.5483870967741935,0.75,0.47368421052631576,0.6129032258064516,0.6666666666666666,0.10526315789473684,0.5,0.5,0.15789473684210525,0.5161290322580645,0.4166666666666667,0.2631578947368421,0.5483870967741935,0.3333333333333333,0.05263157894736842,0.4838709677419355,0.6666666666666666,0.21052631578947367,0.532258064516129,0.5833333333333334,0.3684210526315789,0.5806451612903226,1.0,0.15789473684210525,0.5161290322580645,0.8333333333333334,0.2631578947368421,0.5483870967741935,0.75,0.47368421052631576,0.6129032258064516,margin
gptj-6b,olmo3-7b,truthfulqa,239,24,0.100418410041841,327,0.22629969418960244,0.7953488372093023,0.7127906976744186,0.286046511627907,0.7953488372093023,0.16666666666666666,0.08333333333333333,0.2324159021406728,0.20833333333333334,0.20833333333333334,0.2415902140672783,0.25,0.5,0.26299694189602446,0.16666666666666666,0.08333333333333333,0.2324159021406728,0.25,0.25,0.24464831804281345,0.22916666666666666,0.4583333333333333,0.2599388379204893,0.0,0.0,0.22629969418960244,0.0,0.0,0.22629969418960244,0.020833333333333332,0.041666666666666664,0.22935779816513763,0.16666666666666666,0.08333333333333333,0.2324159021406728,0.20833333333333334,0.20833333333333334,0.2415902140672783,0.25,0.5,0.26299694189602446,margin
gptj-6b,qwen3-32b,boolq,785,82,0.10445859872611465,475,0.6863157894736842,0.7314471082121916,0.568868611872463,0.5915588245498387,0.7314471082121916,0.28205128205128205,0.13414634146341464,0.7094736842105264,0.2692307692307692,0.25609756097560976,0.7305263157894737,0.22929936305732485,0.43902439024390244,0.7621052631578947,0.1794871794871795,0.08536585365853659,0.7010526315789474,0.16666666666666666,0.15853658536585366,0.7136842105263158,0.1464968152866242,0.2804878048780488,0.7347368421052631,0.1282051282051282,0.06097560975609756,0.6968421052631579,0.14102564102564102,0.13414634146341464,0.7094736842105264,0.15286624203821655,0.2926829268292683,0.7368421052631579,0.28205128205128205,0.13414634146341464,0.7094736842105264,0.2692307692307692,0.25609756097560976,0.7305263157894737,0.22929936305732485,0.43902439024390244,0.7621052631578947,margin
gptj-6b,qwen3-32b,geometry_of_truth,947,8,0.008447729672650475,1000,0.058,0.8885782747603833,0.9018903088391905,0.2304313099041534,0.9018903088391905,0.0425531914893617,0.25,0.06,0.05263157894736842,0.625,0.063,0.031746031746031744,0.75,0.064,0.06382978723404255,0.375,0.061,0.042105263157894736,0.5,0.062,0.037037037037037035,0.875,0.065,0.0,0.0,0.058,0.0,0.0,0.058,0.0,0.0,0.058,0.06382978723404255,0.375,0.061,0.042105263157894736,0.5,0.062,0.037037037037037035,0.875,0.065,anomaly
gptj-6b,qwen3-32b,imdb,922,61,0.06616052060737528,1018,0.10412573673870335,0.7800498848079815,0.4346451895432303,0.5800917728146836,0.7800498848079815,0.2608695652173913,0.19672131147540983,0.11591355599214145,0.21739130434782608,0.32786885245901637,0.1237721021611002,0.18478260869565216,0.5573770491803278,0.137524557956778,0.0,0.0,0.10412573673870335,0.010869565217391304,0.01639344262295082,0.10510805500982318,0.03260869565217391,0.09836065573770492,0.1100196463654224,0.06521739130434782,0.04918032786885246,0.10707269155206287,0.07608695652173914,0.11475409836065574,0.11100196463654224,0.08152173913043478,0.2459016393442623,0.11886051080550099,0.2608695652173913,0.19672131147540983,0.11591355599214145,0.21739130434782608,0.32786885245901637,0.1237721021611002,0.18478260869565216,0.5573770491803278,0.137524557956778,margin
gptj-6b,qwen3-32b,rte,60,16,0.26666666666666666,62,0.5,0.890625,0.6264204545454546,0.8238636363636364,0.890625,1.0,0.1875,0.5483870967741935,0.8333333333333334,0.3125,0.5806451612903226,0.8333333333333334,0.625,0.6612903225806451,0.3333333333333333,0.0625,0.5161290322580645,0.3333333333333333,0.125,0.532258064516129,0.4166666666666667,0.3125,0.5806451612903226,0.6666666666666666,0.125,0.532258064516129,0.6666666666666666,0.25,0.5645161290322581,0.75,0.5625,0.6451612903225806,1.0,0.1875,0.5483870967741935,0.8333333333333334,0.3125,0.5806451612903226,0.8333333333333334,0.625,0.6612903225806451,margin
gptj-6b,qwen3-32b,truthfulqa,232,12,0.05172413793103448,327,0.19877675840978593,0.8511363636363636,0.7291666666666666,0.1621212121212121,0.8511363636363636,0.16666666666666666,0.16666666666666666,0.20489296636085627,0.21739130434782608,0.4166666666666667,0.21406727828746178,0.17391304347826086,0.6666666666666666,0.22324159021406728,0.16666666666666666,0.16666666666666666,0.20489296636085627,0.17391304347826086,0.3333333333333333,0.21100917431192662,0.13043478260869565,0.5,0.21712538226299694,0.0,0.0,0.19877675840978593,0.0,0.0,0.19877675840978593,0.0,0.0,0.19877675840978593,0.16666666666666666,0.16666666666666666,0.20489296636085627,0.21739130434782608,0.4166666666666667,0.21406727828746178,0.17391304347826086,0.6666666666666666,0.22324159021406728,margin
gptj-6b,qwen3-8b,boolq,821,123,0.14981729598051158,475,0.6,0.7855545460898735,0.4938733198220235,0.6431383511542851,0.7855545460898735,0.5853658536585366,0.1951219512195122,0.6505263157894737,0.4268292682926829,0.2845528455284553,0.6736842105263158,0.35365853658536583,0.4715447154471545,0.7221052631578947,0.0975609756097561,0.032520325203252036,0.608421052631579,0.0975609756097561,0.06504065040650407,0.6168421052631579,0.12195121951219512,0.16260162601626016,0.6421052631578947,0.34146341463414637,0.11382113821138211,0.6294736842105263,0.3780487804878049,0.25203252032520324,0.6652631578947369,0.2682926829268293,0.35772357723577236,0.6926315789473684,0.5853658536585366,0.1951219512195122,0.6505263157894737,0.4268292682926829,0.2845528455284553,0.6736842105263158,0.35365853658536583,0.4715447154471545,0.7221052631578947,margin
gptj-6b,qwen3-8b,geometry_of_truth,948,15,0.015822784810126583,1000,0.054,0.9033940693104681,0.8847445516255805,0.38792425866380853,0.9033940693104681,0.06382978723404255,0.2,0.057,0.08421052631578947,0.5333333333333333,0.062,0.06315789473684211,0.8,0.066,0.0851063829787234,0.26666666666666666,0.058,0.08421052631578947,0.5333333333333333,0.062,0.06315789473684211,0.8,0.066,0.0,0.0,0.054,0.0,0.0,0.054,0.010526315789473684,0.13333333333333333,0.056,0.06382978723404255,0.2,0.057,0.08421052631578947,0.5333333333333333,0.062,0.06315789473684211,0.8,0.066,margin
gptj-6b,qwen3-8b,imdb,922,69,0.07483731019522777,1018,0.10707269155206287,0.7973053332653719,0.4619501503644427,0.49876820089369156,0.7973053332653719,0.32608695652173914,0.21739130434782608,0.12180746561886051,0.25,0.3333333333333333,0.12966601178781925,0.21195652173913043,0.5652173913043478,0.14538310412573674,0.0,0.0,0.10707269155206287,0.0,0.0,0.10707269155206287,0.043478260869565216,0.11594202898550725,0.11493123772102161,0.06521739130434782,0.043478260869565216,0.1100196463654224,0.07608695652173914,0.10144927536231885,0.11394891944990176,0.08695652173913043,0.2318840579710145,0.12278978388998035,0.32608695652173914,0.21739130434782608,0.12180746561886051,0.25,0.3333333333333333,0.12966601178781925,0.21195652173913043,0.5652173913043478,0.14538310412573674,margin
gptj-6b,qwen3-8b,rte,59,17,0.288135593220339,62,0.43548387096774194,0.8739495798319328,0.5714285714285714,0.8417366946778712,0.8739495798319328,0.6666666666666666,0.11764705882352941,0.46774193548387094,0.6666666666666666,0.23529411764705882,0.5,0.6666666666666666,0.47058823529411764,0.5645161290322581,0.3333333333333333,0.058823529411764705,0.45161290322580644,0.5,0.17647058823529413,0.4838709677419355,0.5,0.35294117647058826,0.532258064516129,0.6666666666666666,0.11764705882352941,0.46774193548387094,0.8333333333333334,0.29411764705882354,0.5161290322580645,0.5833333333333334,0.4117647058823529,0.5483870967741935,0.6666666666666666,0.11764705882352941,0.46774193548387094,0.6666666666666666,0.23529411764705882,0.5,0.6666666666666666,0.47058823529411764,0.5645161290322581,margin
gptj-6b,qwen3-8b,truthfulqa,240,21,0.0875,327,0.19571865443425077,0.812133072407045,0.7034137856055664,0.36855838225701243,0.812133072407045,0.25,0.14285714285714285,0.20489296636085627,0.25,0.2857142857142857,0.21406727828746178,0.20833333333333334,0.47619047619047616,0.22629969418960244,0.16666666666666666,0.09523809523809523,0.2018348623853211,0.2916666666666667,0.3333333333333333,0.21712538226299694,0.20833333333333334,0.47619047619047616,0.22629969418960244,0.08333333333333333,0.047619047619047616,0.19877675840978593,0.041666666666666664,0.047619047619047616,0.19877675840978593,0.041666666666666664,0.09523809523809523,0.2018348623853211,0.25,0.14285714285714285,0.20489296636085627,0.25,0.2857142857142857,0.21406727828746178,0.20833333333333334,0.47619047619047616,0.22629969418960244,margin
gptj-6b,qwen3-8b-base,boolq,848,136,0.16037735849056603,475,0.5705263157894737,0.7730708856576339,0.5241552379378718,0.6565288334434898,0.7730708856576339,0.5,0.15441176470588236,0.6147368421052631,0.4235294117647059,0.2647058823529412,0.6463157894736842,0.3941176470588235,0.49264705882352944,0.7115789473684211,0.16666666666666666,0.051470588235294115,0.5852631578947368,0.16470588235294117,0.10294117647058823,0.6,0.17647058823529413,0.22058823529411764,0.6336842105263157,0.3333333333333333,0.10294117647058823,0.6,0.27058823529411763,0.16911764705882354,0.6189473684210526,0.23529411764705882,0.29411764705882354,0.6547368421052632,0.5,0.15441176470588236,0.6147368421052631,0.4235294117647059,0.2647058823529412,0.6463157894736842,0.3941176470588235,0.49264705882352944,0.7115789473684211,margin
gptj-6b,qwen3-8b-base,geometry_of_truth,949,13,0.0136986301369863,1000,0.056,0.9165023011176857,0.8885601577909271,0.3656311637080868,0.9165023011176857,0.0851063829787234,0.3076923076923077,0.06,0.09473684210526316,0.6923076923076923,0.065,0.06315789473684211,0.9230769230769231,0.068,0.10638297872340426,0.38461538461538464,0.061,0.07368421052631578,0.5384615384615384,0.063,0.05789473684210526,0.8461538461538461,0.067,0.0,0.0,0.056,0.0,0.0,0.056,0.010526315789473684,0.15384615384615385,0.058,0.0851063829787234,0.3076923076923077,0.06,0.09473684210526316,0.6923076923076923,0.065,0.06315789473684211,0.9230769230769231,0.068,margin
gptj-6b,qwen3-8b-base,imdb,941,70,0.07438894792773645,1018,0.10510805500982318,0.803231097260948,0.4516975561751681,0.5198294243070363,0.803231097260948,0.46808510638297873,0.3142857142857143,0.12671905697445973,0.2872340425531915,0.38571428571428573,0.13163064833005894,0.21808510638297873,0.5857142857142857,0.14538310412573674,0.0,0.0,0.10510805500982318,0.0,0.0,0.10510805500982318,0.03723404255319149,0.1,0.11198428290766209,0.10638297872340426,0.07142857142857142,0.1100196463654224,0.11702127659574468,0.15714285714285714,0.11591355599214145,0.0851063829787234,0.22857142857142856,0.12082514734774066,0.46808510638297873,0.3142857142857143,0.12671905697445973,0.2872340425531915,0.38571428571428573,0.13163064833005894,0.21808510638297873,0.5857142857142857,0.14538310412573674,margin
gptj-6b,qwen3-8b-base,rte,62,19,0.3064516129032258,62,0.45161290322580644,0.8310893512851898,0.5581395348837209,0.7784577723378213,0.8310893512851898,0.3333333333333333,0.05263157894736842,0.46774193548387094,0.3333333333333333,0.10526315789473684,0.4838709677419355,0.6666666666666666,0.42105263157894735,0.5806451612903226,0.3333333333333333,0.05263157894736842,0.46774193548387094,0.3333333333333333,0.10526315789473684,0.4838709677419355,0.4166666666666667,0.2631578947368421,0.532258064516129,0.6666666666666666,0.10526315789473684,0.4838709677419355,0.6666666666666666,0.21052631578947367,0.5161290322580645,0.6666666666666666,0.42105263157894735,0.5806451612903226,0.3333333333333333,0.05263157894736842,0.46774193548387094,0.3333333333333333,0.10526315789473684,0.4838709677419355,0.6666666666666666,0.42105263157894735,0.5806451612903226,margin
gptj-6b,qwen3-8b-base,truthfulqa,238,21,0.08823529411764706,327,0.22018348623853212,0.7781435154707044,0.7632214175992977,0.38665788896203646,0.7781435154707044,0.08333333333333333,0.047619047619047616,0.22324159021406728,0.25,0.2857142857142857,0.23853211009174313,0.20833333333333334,0.47619047619047616,0.25076452599388377,0.16666666666666666,0.09523809523809523,0.22629969418960244,0.3333333333333333,0.38095238095238093,0.24464831804281345,0.25,0.5714285714285714,0.25688073394495414,0.08333333333333333,0.047619047619047616,0.22324159021406728,0.041666666666666664,0.047619047619047616,0.22324159021406728,0.020833333333333332,0.047619047619047616,0.22324159021406728,0.08333333333333333,0.047619047619047616,0.22324159021406728,0.25,0.2857142857142857,0.23853211009174313,0.20833333333333334,0.47619047619047616,0.25076452599388377,margin
gptj-6b,qwen38-27b,boolq,776,62,0.07989690721649484,475,0.7263157894736842,0.7533658624740218,0.5460829493087557,0.6493629709948495,0.7533658624740218,0.20512820512820512,0.12903225806451613,0.7431578947368421,0.1794871794871795,0.22580645161290322,0.7557894736842106,0.2129032258064516,0.532258064516129,0.7957894736842105,0.05128205128205128,0.03225806451612903,0.7305263157894737,0.10256410256410256,0.12903225806451613,0.7431578947368421,0.1032258064516129,0.25806451612903225,0.76,0.15384615384615385,0.0967741935483871,0.7389473684210527,0.21794871794871795,0.27419354838709675,0.7621052631578947,0.12903225806451613,0.3225806451612903,0.7684210526315789,0.20512820512820512,0.12903225806451613,0.7431578947368421,0.1794871794871795,0.22580645161290322,0.7557894736842106,0.2129032258064516,0.532258064516129,0.7957894736842105,margin
gptj-6b,qwen38-27b,geometry_of_truth,943,10,0.010604453870625663,1000,0.059,0.8935691318327974,0.8694533762057879,0.40128617363344055,0.8935691318327974,0.06382978723404255,0.3,0.062,0.07446808510638298,0.7,0.066,0.047619047619047616,0.9,0.068,0.0425531914893617,0.2,0.061,0.0425531914893617,0.4,0.063,0.042328042328042326,0.8,0.067,0.0,0.0,0.059,0.0,0.0,0.059,0.005291005291005291,0.1,0.06,0.06382978723404255,0.3,0.062,0.07446808510638298,0.7,0.066,0.047619047619047616,0.9,0.068,margin
gptj-6b,qwen38-27b,rte,61,17,0.2786885245901639,62,0.45161290322580644,0.891711229946524,0.5855614973262032,0.8636363636363636,0.891711229946524,0.6666666666666666,0.11764705882352941,0.4838709677419355,0.8333333333333334,0.29411764705882354,0.532258064516129,0.6666666666666666,0.47058823529411764,0.5806451612903226,0.3333333333333333,0.058823529411764705,0.46774193548387094,0.3333333333333333,0.11764705882352941,0.4838709677419355,0.4166666666666667,0.29411764705882354,0.532258064516129,0.3333333333333333,0.058823529411764705,0.46774193548387094,0.6666666666666666,0.23529411764705882,0.5161290322580645,0.75,0.5294117647058824,0.5967741935483871,0.6666666666666666,0.11764705882352941,0.4838709677419355,0.8333333333333334,0.29411764705882354,0.532258064516129,0.6666666666666666,0.47058823529411764,0.5806451612903226,margin
gptj-6b,qwen38-27b,truthfulqa,237,14,0.05907172995780591,327,0.21712538226299694,0.8539397821909033,0.7994875080076874,0.4903907751441383,0.8539397821909033,0.4166666666666667,0.35714285714285715,0.2324159021406728,0.2916666666666667,0.5,0.23853211009174313,0.19148936170212766,0.6428571428571429,0.24464831804281345,0.16666666666666666,0.14285714285714285,0.22324159021406728,0.125,0.21428571428571427,0.22629969418960244,0.1702127659574468,0.5714285714285714,0.2415902140672783,0.08333333333333333,0.07142857142857142,0.22018348623853212,0.041666666666666664,0.07142857142857142,0.22018348623853212,0.02127659574468085,0.07142857142857142,0.22018348623853212,0.4166666666666667,0.35714285714285715,0.2324159021406728,0.2916666666666667,0.5,0.23853211009174313,0.19148936170212766,0.6428571428571429,0.24464831804281345,margin
llama-8b,gemma2-9b,boolq,752,71,0.09441489361702128,475,0.26526315789473687,0.7275754379433724,0.44532688051953423,0.5188103658662695,0.7275754379433724,0.2631578947368421,0.14084507042253522,0.2863157894736842,0.24,0.2535211267605634,0.3031578947368421,0.20666666666666667,0.43661971830985913,0.33052631578947367,0.07894736842105263,0.04225352112676056,0.27157894736842103,0.06666666666666667,0.07042253521126761,0.27578947368421053,0.05333333333333334,0.11267605633802817,0.28210526315789475,0.13157894736842105,0.07042253521126761,0.27578947368421053,0.10666666666666667,0.11267605633802817,0.28210526315789475,0.12666666666666668,0.2676056338028169,0.30526315789473685,0.2631578947368421,0.14084507042253522,0.2863157894736842,0.24,0.2535211267605634,0.3031578947368421,0.20666666666666667,0.43661971830985913,0.33052631578947367,margin
llama-8b,gemma2-9b,geometry_of_truth,999,12,0.012012012012012012,1000,0.009,0.9364235055724417,0.9051840594393785,0.2589496791624451,0.9364235055724417,0.08,0.3333333333333333,0.013,0.09,0.75,0.018,0.06,1.0,0.021,0.1,0.4166666666666667,0.014,0.07,0.5833333333333334,0.016,0.05,0.8333333333333334,0.019,0.02,0.08333333333333333,0.01,0.01,0.08333333333333333,0.01,0.005,0.08333333333333333,0.01,0.08,0.3333333333333333,0.013,0.09,0.75,0.018,0.06,1.0,0.021,margin
llama-8b,gemma2-9b,imdb,980,76,0.07755102040816327,1018,0.05304518664047151,0.8253813460642757,0.47487773637633907,0.5380472752678156,0.8253813460642757,0.32653061224489793,0.21052631578947367,0.068762278978389,0.3673469387755102,0.47368421052631576,0.08840864440078586,0.2602040816326531,0.6710526315789473,0.1031434184675835,0.0,0.0,0.05304518664047151,0.030612244897959183,0.039473684210526314,0.055992141453831044,0.07653061224489796,0.19736842105263158,0.06777996070726916,0.12244897959183673,0.07894736842105263,0.05893909626719057,0.11224489795918367,0.14473684210526316,0.06385068762278978,0.10714285714285714,0.27631578947368424,0.07367387033398821,0.32653061224489793,0.21052631578947367,0.068762278978389,0.3673469387755102,0.47368421052631576,0.08840864440078586,0.2602040816326531,0.6710526315789473,0.1031434184675835,margin
llama-8b,gemma2-9b,rte,55,12,0.21818181818181817,62,0.3064516129032258,0.8643410852713179,0.5794573643410853,0.5658914728682171,0.8643410852713179,0.6666666666666666,0.16666666666666666,0.3387096774193548,0.6666666666666666,0.3333333333333333,0.3709677419354839,0.6363636363636364,0.5833333333333334,0.41935483870967744,0.3333333333333333,0.08333333333333333,0.3225806451612903,0.5,0.25,0.3548387096774194,0.36363636363636365,0.3333333333333333,0.3709677419354839,0.3333333333333333,0.08333333333333333,0.3225806451612903,0.3333333333333333,0.16666666666666666,0.3387096774193548,0.18181818181818182,0.16666666666666666,0.3387096774193548,0.6666666666666666,0.16666666666666666,0.3387096774193548,0.6666666666666666,0.3333333333333333,0.3709677419354839,0.6363636363636364,0.5833333333333334,0.41935483870967744,margin
llama-8b,gemma2-9b,truthfulqa,286,26,0.09090909090909091,327,0.12844036697247707,0.8421597633136095,0.7476331360946745,0.45428994082840235,0.8421597633136095,0.21428571428571427,0.11538461538461539,0.13761467889908258,0.20689655172413793,0.23076923076923078,0.14678899082568808,0.2807017543859649,0.6153846153846154,0.17737003058103976,0.35714285714285715,0.19230769230769232,0.1437308868501529,0.27586206896551724,0.3076923076923077,0.1529051987767584,0.19298245614035087,0.4230769230769231,0.1620795107033639,0.0,0.0,0.12844036697247707,0.0,0.0,0.12844036697247707,0.05263157894736842,0.11538461538461539,0.13761467889908258,0.21428571428571427,0.11538461538461539,0.13761467889908258,0.20689655172413793,0.23076923076923078,0.14678899082568808,0.2807017543859649,0.6153846153846154,0.17737003058103976,margin
llama-8b,gemma4-12b,boolq,871,165,0.1894374282433984,475,0.6021052631578947,0.7683062923856124,0.5171173491286807,0.6981629324405527,0.7683062923856124,0.5909090909090909,0.15757575757575756,0.6568421052631579,0.5287356321839081,0.2787878787878788,0.6989473684210527,0.41954022988505746,0.44242424242424244,0.7557894736842106,0.2727272727272727,0.07272727272727272,0.6273684210526316,0.21839080459770116,0.11515151515151516,0.6421052631578947,0.20114942528735633,0.21212121212121213,0.6757894736842105,0.5,0.13333333333333333,0.6484210526315789,0.39080459770114945,0.20606060606060606,0.6736842105263158,0.3793103448275862,0.4,0.7410526315789474,0.5909090909090909,0.15757575757575756,0.6568421052631579,0.5287356321839081,0.2787878787878788,0.6989473684210527,0.41954022988505746,0.44242424242424244,0.7557894736842106,margin
llama-8b,gemma4-12b,geometry_of_truth,677,9,0.013293943870014771,1000,0.316,0.7564870259481038,0.8862275449101796,0.44510978043912175,0.8862275449101796,0.029411764705882353,0.1111111111111111,0.317,0.014705882352941176,0.1111111111111111,0.317,0.02962962962962963,0.4444444444444444,0.32,0.08823529411764706,0.3333333333333333,0.319,0.07352941176470588,0.5555555555555556,0.321,0.05185185185185185,0.7777777777777778,0.323,0.029411764705882353,0.1111111111111111,0.317,0.014705882352941176,0.1111111111111111,0.317,0.014814814814814815,0.2222222222222222,0.318,0.08823529411764706,0.3333333333333333,0.319,0.07352941176470588,0.5555555555555556,0.321,0.05185185185185185,0.7777777777777778,0.323,anomaly
llama-8b,gemma4-12b,imdb,593,62,0.1045531197301855,1018,0.44204322200392926,0.7461272097685439,0.5372395358726686,0.48611870481744734,0.7461272097685439,0.26666666666666666,0.12903225806451613,0.449901768172888,0.22033898305084745,0.20967741935483872,0.4548133595284872,0.226890756302521,0.43548387096774194,0.468565815324165,0.13333333333333333,0.06451612903225806,0.44597249508840864,0.15254237288135594,0.14516129032258066,0.45088408644400785,0.15126050420168066,0.2903225806451613,0.45972495088408644,0.26666666666666666,0.12903225806451613,0.449901768172888,0.1864406779661017,0.1774193548387097,0.45284872298624756,0.11764705882352941,0.22580645161290322,0.45579567779960706,0.26666666666666666,0.12903225806451613,0.449901768172888,0.22033898305084745,0.20967741935483872,0.4548133595284872,0.226890756302521,0.43548387096774194,0.468565815324165,margin
llama-8b,gemma4-12b,rte,55,23,0.41818181818181815,62,0.45161290322580644,0.5733695652173914,0.529891304347826,0.5230978260869565,0.5733695652173914,0.6666666666666666,0.08695652173913043,0.4838709677419355,0.5,0.13043478260869565,0.5,0.5454545454545454,0.2608695652173913,0.5483870967741935,0.6666666666666666,0.08695652173913043,0.4838709677419355,0.5,0.13043478260869565,0.5,0.2727272727272727,0.13043478260869565,0.5,0.3333333333333333,0.043478260869565216,0.46774193548387094,0.3333333333333333,0.08695652173913043,0.4838709677419355,0.2727272727272727,0.13043478260869565,0.5,0.6666666666666666,0.08695652173913043,0.4838709677419355,0.5,0.13043478260869565,0.5,0.5454545454545454,0.2608695652173913,0.5483870967741935,margin
llama-8b,gemma4-12b,truthfulqa,200,27,0.135,327,0.3944954128440367,0.781631342324984,0.7443802183686576,0.5863840719332049,0.781631342324984,0.0,0.0,0.3944954128440367,0.25,0.18518518518518517,0.40978593272171254,0.325,0.48148148148148145,0.43425076452599387,0.1,0.037037037037037035,0.39755351681957185,0.25,0.18518518518518517,0.40978593272171254,0.25,0.37037037037037035,0.42507645259938837,0.2,0.07407407407407407,0.40061162079510704,0.2,0.14814814814814814,0.40672782874617736,0.175,0.25925925925925924,0.41590214067278286,0.0,0.0,0.3944954128440367,0.25,0.18518518518518517,0.40978593272171254,0.325,0.48148148148148145,0.43425076452599387,margin
llama-8b,gemma4-12b-base,boolq,837,145,0.17323775388291518,475,0.30105263157894735,0.7890173410404623,0.5139625274068169,0.5121885588997409,0.7890173410404623,0.6428571428571429,0.18620689655172415,0.35789473684210527,0.4642857142857143,0.2689655172413793,0.3831578947368421,0.41916167664670656,0.4827586206896552,0.44842105263157894,0.14285714285714285,0.041379310344827586,0.3136842105263158,0.15476190476190477,0.0896551724137931,0.32842105263157895,0.17365269461077845,0.2,0.36210526315789476,0.19047619047619047,0.05517241379310345,0.3178947368421053,0.17857142857142858,0.10344827586206896,0.33263157894736844,0.19161676646706588,0.2206896551724138,0.3684210526315789,0.6428571428571429,0.18620689655172415,0.35789473684210527,0.4642857142857143,0.2689655172413793,0.3831578947368421,0.41916167664670656,0.4827586206896552,0.44842105263157894,margin
llama-8b,gemma4-12b-base,geometry_of_truth,990,11,0.011111111111111112,1000,0.014,0.9558919119695422,0.9198625684836104,0.41127309870925804,0.9558919119695422,0.14,0.6363636363636364,0.021,0.10101010101010101,0.9090909090909091,0.024,0.05555555555555555,1.0,0.025,0.12,0.5454545454545454,0.02,0.06060606060606061,0.5454545454545454,0.02,0.050505050505050504,0.9090909090909091,0.024,0.02,0.09090909090909091,0.015,0.010101010101010102,0.09090909090909091,0.015,0.010101010101010102,0.18181818181818182,0.016,0.14,0.6363636363636364,0.021,0.10101010101010101,0.9090909090909091,0.024,0.05555555555555555,1.0,0.025,margin
llama-8b,gemma4-12b-base,imdb,901,73,0.08102108768035517,1018,0.15618860510805502,0.7783071934352457,0.5020845741512805,0.4318542783402819,0.7783071934352457,0.3111111111111111,0.1917808219178082,0.16994106090373282,0.23333333333333334,0.2876712328767123,0.17681728880157171,0.2388888888888889,0.589041095890411,0.19842829076620824,0.044444444444444446,0.0273972602739726,0.1581532416502947,0.05555555555555555,0.0684931506849315,0.16110019646365423,0.044444444444444446,0.1095890410958904,0.16404715127701375,0.022222222222222223,0.0136986301369863,0.15717092337917485,0.044444444444444446,0.0547945205479452,0.16011787819253437,0.06666666666666667,0.1643835616438356,0.16797642436149313,0.3111111111111111,0.1917808219178082,0.16994106090373282,0.23333333333333334,0.2876712328767123,0.17681728880157171,0.2388888888888889,0.589041095890411,0.19842829076620824,margin
llama-8b,gemma4-12b-base,rte,64,22,0.34375,62,0.25806451612903225,0.7045454545454546,0.5822510822510822,0.5411255411255411,0.7045454545454546,0.6666666666666666,0.09090909090909091,0.2903225806451613,0.5,0.13636363636363635,0.3064516129032258,0.6153846153846154,0.36363636363636365,0.3870967741935484,0.6666666666666666,0.09090909090909091,0.2903225806451613,0.3333333333333333,0.09090909090909091,0.2903225806451613,0.38461538461538464,0.22727272727272727,0.3387096774193548,0.3333333333333333,0.045454545454545456,0.27419354838709675,0.3333333333333333,0.09090909090909091,0.2903225806451613,0.38461538461538464,0.22727272727272727,0.3387096774193548,0.6666666666666666,0.09090909090909091,0.2903225806451613,0.5,0.13636363636363635,0.3064516129032258,0.6153846153846154,0.36363636363636365,0.3870967741935484,margin
llama-8b,gemma4-12b-base,truthfulqa,251,21,0.08366533864541832,327,0.21100917431192662,0.8325051759834369,0.7300207039337474,0.3453416149068323,0.8325051759834369,0.23076923076923078,0.14285714285714285,0.22018348623853212,0.2,0.23809523809523808,0.22629969418960244,0.26,0.6190476190476191,0.25076452599388377,0.23076923076923078,0.14285714285714285,0.22018348623853212,0.2,0.23809523809523808,0.22629969418960244,0.2,0.47619047619047616,0.2415902140672783,0.0,0.0,0.21100917431192662,0.04,0.047619047619047616,0.21406727828746178,0.02,0.047619047619047616,0.21406727828746178,0.23076923076923078,0.14285714285714285,0.22018348623853212,0.2,0.23809523809523808,0.22629969418960244,0.26,0.6190476190476191,0.25076452599388377,margin
llama-8b,gemma4-31b,boolq,759,91,0.11989459815546773,475,0.38105263157894737,0.7336480884385076,0.5225702441271304,0.47963413831677304,0.7336480884385076,0.42105263157894735,0.17582417582417584,0.4147368421052632,0.34210526315789475,0.2857142857142857,0.4357894736842105,0.3092105263157895,0.5164835164835165,0.48,0.10526315789473684,0.04395604395604396,0.3894736842105263,0.15789473684210525,0.13186813186813187,0.4063157894736842,0.1118421052631579,0.18681318681318682,0.4168421052631579,0.18421052631578946,0.07692307692307693,0.3957894736842105,0.13157894736842105,0.10989010989010989,0.40210526315789474,0.07894736842105263,0.13186813186813187,0.4063157894736842,0.42105263157894735,0.17582417582417584,0.4147368421052632,0.34210526315789475,0.2857142857142857,0.4357894736842105,0.3092105263157895,0.5164835164835165,0.48,margin
llama-8b,gemma4-31b,geometry_of_truth,906,9,0.009933774834437087,1000,0.098,0.8882695404434535,0.9586275238449151,0.42450142450142453,0.9586275238449151,0.08888888888888889,0.4444444444444444,0.102,0.06593406593406594,0.6666666666666666,0.104,0.03314917127071823,0.6666666666666666,0.104,0.13333333333333333,0.6666666666666666,0.104,0.07692307692307693,0.7777777777777778,0.105,0.049723756906077346,1.0,0.107,0.0,0.0,0.098,0.0,0.0,0.098,0.0,0.0,0.098,0.13333333333333333,0.6666666666666666,0.104,0.07692307692307693,0.7777777777777778,0.105,0.049723756906077346,1.0,0.107,anomaly
llama-8b,gemma4-31b,rte,53,18,0.33962264150943394,62,0.43548387096774194,0.5809523809523809,0.5206349206349206,0.5746031746031746,0.5809523809523809,0.6666666666666666,0.1111111111111111,0.46774193548387094,0.4,0.1111111111111111,0.46774193548387094,0.36363636363636365,0.2222222222222222,0.5,0.3333333333333333,0.05555555555555555,0.45161290322580644,0.2,0.05555555555555555,0.45161290322580644,0.2727272727272727,0.16666666666666666,0.4838709677419355,0.3333333333333333,0.05555555555555555,0.45161290322580644,0.4,0.1111111111111111,0.46774193548387094,0.36363636363636365,0.2222222222222222,0.5,0.6666666666666666,0.1111111111111111,0.46774193548387094,0.4,0.1111111111111111,0.46774193548387094,0.36363636363636365,0.2222222222222222,0.5,margin
llama-8b,gemma4-31b,truthfulqa,227,23,0.1013215859030837,327,0.24770642201834864,0.8305626598465473,0.7182438192668372,0.48699914748508094,0.8305626598465473,0.2727272727272727,0.13043478260869565,0.25688073394495414,0.21739130434782608,0.21739130434782608,0.26299694189602446,0.3111111111111111,0.6086956521739131,0.290519877675841,0.2727272727272727,0.13043478260869565,0.25688073394495414,0.17391304347826086,0.17391304347826086,0.2599388379204893,0.2,0.391304347826087,0.27522935779816515,0.18181818181818182,0.08695652173913043,0.25382262996941896,0.08695652173913043,0.08695652173913043,0.25382262996941896,0.06666666666666667,0.13043478260869565,0.25688073394495414,0.2727272727272727,0.13043478260869565,0.25688073394495414,0.21739130434782608,0.21739130434782608,0.26299694189602446,0.3111111111111111,0.6086956521739131,0.290519877675841,margin
llama-8b,llama31-405b,boolq,728,37,0.050824175824175824,475,0.30526315789473685,0.7321156177885555,0.4926663276880354,0.5010756052724215,0.7321156177885555,0.08333333333333333,0.08108108108108109,0.31157894736842107,0.1506849315068493,0.2972972972972973,0.32842105263157895,0.136986301369863,0.5405405405405406,0.3473684210526316,0.05555555555555555,0.05405405405405406,0.3094736842105263,0.0547945205479452,0.10810810810810811,0.3136842105263158,0.03424657534246575,0.13513513513513514,0.3157894736842105,0.08333333333333333,0.08108108108108109,0.31157894736842107,0.0958904109589041,0.1891891891891892,0.32,0.07534246575342465,0.2972972972972973,0.32842105263157895,0.08333333333333333,0.08108108108108109,0.31157894736842107,0.1506849315068493,0.2972972972972973,0.32842105263157895,0.136986301369863,0.5405405405405406,0.3473684210526316,margin
llama-8b,llama31-405b,geometry_of_truth,994,7,0.007042253521126761,1000,0.012,0.9350123027934577,0.9140251845419017,0.4635982052395426,0.9350123027934577,0.04,0.2857142857142857,0.014,0.050505050505050504,0.7142857142857143,0.017,0.035175879396984924,1.0,0.019,0.04,0.2857142857142857,0.014,0.04040404040404041,0.5714285714285714,0.016,0.035175879396984924,1.0,0.019,0.0,0.0,0.012,0.020202020202020204,0.2857142857142857,0.014,0.010050251256281407,0.2857142857142857,0.014,0.04,0.2857142857142857,0.014,0.050505050505050504,0.7142857142857143,0.017,0.035175879396984924,1.0,0.019,margin
llama-8b,llama31-405b,imdb,999,73,0.07307307307307308,1018,0.047151277013752456,0.8355424716707595,0.46638953815201634,0.5439805911417498,0.8355424716707595,0.3,0.2054794520547945,0.0618860510805501,0.3,0.410958904109589,0.07662082514734773,0.275,0.7534246575342466,0.10117878192534381,0.0,0.0,0.047151277013752456,0.04,0.0547945205479452,0.05108055009823183,0.065,0.1780821917808219,0.05992141453831041,0.1,0.0684931506849315,0.05206286836935167,0.05,0.0684931506849315,0.05206286836935167,0.09,0.2465753424657534,0.06483300589390963,0.3,0.2054794520547945,0.0618860510805501,0.3,0.410958904109589,0.07662082514734773,0.275,0.7534246575342466,0.10117878192534381,margin
llama-8b,llama31-405b,rte,60,16,0.26666666666666666,62,0.20967741935483872,0.8210227272727273,0.5071022727272727,0.5,0.8210227272727273,0.3333333333333333,0.0625,0.22580645161290322,0.6666666666666666,0.25,0.27419354838709675,0.75,0.5625,0.3548387096774194,0.3333333333333333,0.0625,0.22580645161290322,0.16666666666666666,0.0625,0.22580645161290322,0.16666666666666666,0.125,0.24193548387096775,0.3333333333333333,0.0625,0.22580645161290322,0.3333333333333333,0.125,0.24193548387096775,0.4166666666666667,0.3125,0.2903225806451613,0.3333333333333333,0.0625,0.22580645161290322,0.6666666666666666,0.25,0.27419354838709675,0.75,0.5625,0.3548387096774194,margin
llama-8b,llama31-405b,truthfulqa,283,15,0.053003533568904596,327,0.1437308868501529,0.8955223880597015,0.6480099502487562,0.32139303482587067,0.8955223880597015,0.35714285714285715,0.3333333333333333,0.15902140672782875,0.25,0.4666666666666667,0.1651376146788991,0.21052631578947367,0.8,0.18042813455657492,0.14285714285714285,0.13333333333333333,0.14984709480122324,0.10714285714285714,0.2,0.1529051987767584,0.12280701754385964,0.4666666666666667,0.1651376146788991,0.0,0.0,0.1437308868501529,0.0,0.0,0.1437308868501529,0.0,0.0,0.1437308868501529,0.35714285714285715,0.3333333333333333,0.15902140672782875,0.25,0.4666666666666667,0.1651376146788991,0.21052631578947367,0.8,0.18042813455657492,margin
llama-8b,llama31-70b,boolq,747,59,0.07898259705488621,475,0.2673684210526316,0.7696590461174616,0.5168998817500985,0.5301044540796216,0.7696590461174616,0.2972972972972973,0.1864406779661017,0.2905263157894737,0.30666666666666664,0.3898305084745763,0.3157894736842105,0.21476510067114093,0.5423728813559322,0.33473684210526317,0.02702702702702703,0.01694915254237288,0.2694736842105263,0.05333333333333334,0.06779661016949153,0.27578947368421053,0.06040268456375839,0.15254237288135594,0.2863157894736842,0.13513513513513514,0.0847457627118644,0.27789473684210525,0.12,0.15254237288135594,0.2863157894736842,0.10738255033557047,0.2711864406779661,0.30105263157894735,0.2972972972972973,0.1864406779661017,0.2905263157894737,0.30666666666666664,0.3898305084745763,0.3157894736842105,0.21476510067114093,0.5423728813559322,0.33473684210526317,margin
llama-8b,llama31-70b,geometry_of_truth,998,9,0.009018036072144289,1000,0.01,0.9286597011571733,0.9270868441748118,0.41197618245140993,0.9286597011571733,0.1,0.5555555555555556,0.015,0.07,0.7777777777777778,0.017,0.04,0.8888888888888888,0.018,0.1,0.5555555555555556,0.015,0.07,0.7777777777777778,0.017,0.045,1.0,0.019,0.0,0.0,0.01,0.0,0.0,0.01,0.0,0.0,0.01,0.1,0.5555555555555556,0.015,0.07,0.7777777777777778,0.017,0.04,0.8888888888888888,0.018,margin
llama-8b,llama31-70b,imdb,983,66,0.0671414038657172,1018,0.05697445972495088,0.8534086778361588,0.4679290175473381,0.5996331912362447,0.8534086778361588,0.3673469387755102,0.2727272727272727,0.07465618860510806,0.3673469387755102,0.5454545454545454,0.09233791748526522,0.24873096446700507,0.7424242424242424,0.10510805500982318,0.0,0.0,0.05697445972495088,0.05102040816326531,0.07575757575757576,0.0618860510805501,0.06598984771573604,0.19696969696969696,0.06974459724950884,0.10204081632653061,0.07575757575757576,0.0618860510805501,0.11224489795918367,0.16666666666666666,0.06777996070726916,0.09137055837563451,0.2727272727272727,0.07465618860510806,0.3673469387755102,0.2727272727272727,0.07465618860510806,0.3673469387755102,0.5454545454545454,0.09233791748526522,0.24873096446700507,0.7424242424242424,0.10510805500982318,margin
llama-8b,llama31-70b,rte,59,16,0.2711864406779661,62,0.22580645161290322,0.9229651162790699,0.5465116279069767,0.627906976744186,0.9229651162790699,1.0,0.1875,0.27419354838709675,1.0,0.375,0.3225806451612903,0.8333333333333334,0.625,0.3870967741935484,0.0,0.0,0.22580645161290322,0.3333333333333333,0.125,0.25806451612903225,0.3333333333333333,0.25,0.2903225806451613,0.6666666666666666,0.125,0.25806451612903225,0.6666666666666666,0.25,0.2903225806451613,0.4166666666666667,0.3125,0.3064516129032258,1.0,0.1875,0.27419354838709675,1.0,0.375,0.3225806451612903,0.8333333333333334,0.625,0.3870967741935484,margin
llama-8b,llama31-70b,truthfulqa,292,25,0.08561643835616438,327,0.11926605504587157,0.8444943820224718,0.7704868913857679,0.29483146067415733,0.8444943820224718,0.13333333333333333,0.08,0.12538226299694188,0.1724137931034483,0.2,0.1345565749235474,0.27586206896551724,0.64,0.16819571865443425,0.4,0.24,0.13761467889908258,0.3448275862068966,0.4,0.14984709480122324,0.1896551724137931,0.44,0.1529051987767584,0.0,0.0,0.11926605504587157,0.0,0.0,0.11926605504587157,0.017241379310344827,0.04,0.12232415902140673,0.13333333333333333,0.08,0.12538226299694188,0.1724137931034483,0.2,0.1345565749235474,0.27586206896551724,0.64,0.16819571865443425,margin
llama-8b,llama31-70b-base,boolq,747,87,0.11646586345381527,475,0.3157894736842105,0.7909613375130617,0.5390107976314873,0.4696621386276558,0.7909613375130617,0.40540540540540543,0.1724137931034483,0.3473684210526316,0.32,0.27586206896551724,0.3663157894736842,0.3087248322147651,0.5287356321839081,0.4126315789473684,0.08108108108108109,0.034482758620689655,0.32210526315789473,0.10666666666666667,0.09195402298850575,0.33263157894736844,0.09395973154362416,0.16091954022988506,0.3452631578947368,0.05405405405405406,0.022988505747126436,0.32,0.10666666666666667,0.09195402298850575,0.33263157894736844,0.11409395973154363,0.19540229885057472,0.35157894736842105,0.40540540540540543,0.1724137931034483,0.3473684210526316,0.32,0.27586206896551724,0.3663157894736842,0.3087248322147651,0.5287356321839081,0.4126315789473684,margin
llama-8b,llama31-70b-base,geometry_of_truth,988,9,0.009109311740890687,1000,0.014,0.9393939393939394,0.9048916127567814,0.4948360004539779,0.9393939393939394,0.14285714285714285,0.7777777777777778,0.021,0.08080808080808081,0.8888888888888888,0.022,0.04040404040404041,0.8888888888888888,0.022,0.10204081632653061,0.5555555555555556,0.019,0.06060606060606061,0.6666666666666666,0.02,0.03535353535353535,0.7777777777777778,0.021,0.0,0.0,0.014,0.0,0.0,0.014,0.010101010101010102,0.2222222222222222,0.016,0.14285714285714285,0.7777777777777778,0.021,0.08080808080808081,0.8888888888888888,0.022,0.04040404040404041,0.8888888888888888,0.022,margin
llama-8b,llama31-70b-base,imdb,949,75,0.07903055848261328,1018,0.09724950884086445,0.8103279938977881,0.481769641495042,0.4109534706331045,0.8103279938977881,0.3829787234042553,0.24,0.11493123772102161,0.2736842105263158,0.3466666666666667,0.12278978388998035,0.23684210526315788,0.6,0.14145383104125736,0.0,0.0,0.09724950884086445,0.05263157894736842,0.06666666666666667,0.10216110019646366,0.06315789473684211,0.16,0.10903732809430255,0.0425531914893617,0.02666666666666667,0.09921414538310412,0.021052631578947368,0.02666666666666667,0.09921414538310412,0.042105263157894736,0.10666666666666667,0.10510805500982318,0.3829787234042553,0.24,0.11493123772102161,0.2736842105263158,0.3466666666666667,0.12278978388998035,0.23684210526315788,0.6,0.14145383104125736,margin
llama-8b,llama31-70b-base,rte,59,18,0.3050847457627119,62,0.3064516129032258,0.7899728997289972,0.4525745257452574,0.5420054200542005,0.7899728997289972,0.6666666666666666,0.1111111111111111,0.3387096774193548,0.8333333333333334,0.2777777777777778,0.3870967741935484,0.6666666666666666,0.4444444444444444,0.43548387096774194,0.0,0.0,0.3064516129032258,0.16666666666666666,0.05555555555555555,0.3225806451612903,0.25,0.16666666666666666,0.3548387096774194,0.0,0.0,0.3064516129032258,0.3333333333333333,0.1111111111111111,0.3387096774193548,0.3333333333333333,0.2222222222222222,0.3709677419354839,0.6666666666666666,0.1111111111111111,0.3387096774193548,0.8333333333333334,0.2777777777777778,0.3870967741935484,0.6666666666666666,0.4444444444444444,0.43548387096774194,margin
llama-8b,llama31-70b-base,truthfulqa,270,27,0.1,327,0.16819571865443425,0.8645023624447493,0.7384545038866026,0.38774577046181985,0.8645023624447493,0.2857142857142857,0.14814814814814814,0.18042813455657492,0.25925925925925924,0.25925925925925924,0.18960244648318042,0.37037037037037035,0.7407407407407407,0.22935779816513763,0.35714285714285715,0.18518518518518517,0.1834862385321101,0.25925925925925924,0.25925925925925924,0.18960244648318042,0.24074074074074073,0.48148148148148145,0.20795107033639143,0.0,0.0,0.16819571865443425,0.0,0.0,0.16819571865443425,0.037037037037037035,0.07407407407407407,0.1743119266055046,0.2857142857142857,0.14814814814814814,0.18042813455657492,0.25925925925925924,0.25925925925925924,0.18960244648318042,0.37037037037037035,0.7407407407407407,0.22935779816513763,margin
llama-8b,llama31-8b-base,boolq,818,141,0.17237163814180928,475,0.3389473684210526,0.7299936096881319,0.5457012057785181,0.49159307332097174,0.7299936096881319,0.4634146341463415,0.1347517730496454,0.37894736842105264,0.36585365853658536,0.2127659574468085,0.40210526315789474,0.3597560975609756,0.41843971631205673,0.4631578947368421,0.14634146341463414,0.0425531914893617,0.35157894736842105,0.1951219512195122,0.11347517730496454,0.3726315789473684,0.18902439024390244,0.2198581560283688,0.40421052631578946,0.21951219512195122,0.06382978723404255,0.35789473684210527,0.14634146341463414,0.0851063829787234,0.3642105263157895,0.18292682926829268,0.2127659574468085,0.40210526315789474,0.4634146341463415,0.1347517730496454,0.37894736842105264,0.36585365853658536,0.2127659574468085,0.40210526315789474,0.3597560975609756,0.41843971631205673,0.4631578947368421,margin
llama-8b,llama31-8b-base,geometry_of_truth,997,14,0.014042126379137413,1000,0.011,0.924647580293562,0.9074262461851474,0.2977038221188781,0.924647580293562,0.16,0.5714285714285714,0.019,0.1,0.7142857142857143,0.021,0.06030150753768844,0.8571428571428571,0.023,0.12,0.42857142857142855,0.017,0.09,0.6428571428571429,0.02,0.06030150753768844,0.8571428571428571,0.023,0.0,0.0,0.011,0.0,0.0,0.011,0.0,0.0,0.011,0.16,0.5714285714285714,0.019,0.1,0.7142857142857143,0.021,0.06030150753768844,0.8571428571428571,0.023,margin
llama-8b,llama31-8b-base,imdb,938,70,0.07462686567164178,1018,0.0962671905697446,0.796346280447663,0.4854509545753785,0.5382488479262673,0.796346280447663,0.2765957446808511,0.18571428571428572,0.10903732809430255,0.23404255319148937,0.3142857142857143,0.11787819253438114,0.19680851063829788,0.5285714285714286,0.13261296660117877,0.0,0.0,0.0962671905697446,0.0425531914893617,0.05714285714285714,0.10019646365422397,0.06914893617021277,0.18571428571428572,0.10903732809430255,0.0425531914893617,0.02857142857142857,0.09823182711198428,0.06382978723404255,0.08571428571428572,0.10216110019646366,0.09042553191489362,0.24285714285714285,0.11296660117878192,0.2765957446808511,0.18571428571428572,0.10903732809430255,0.23404255319148937,0.3142857142857143,0.11787819253438114,0.19680851063829788,0.5285714285714286,0.13261296660117877,margin
llama-8b,llama31-8b-base,rte,64,23,0.359375,62,0.1935483870967742,0.6691410392364793,0.5026511134676563,0.5174973488865323,0.6691410392364793,1.0,0.13043478260869565,0.24193548387096775,0.6666666666666666,0.17391304347826086,0.25806451612903225,0.6153846153846154,0.34782608695652173,0.3225806451612903,0.3333333333333333,0.043478260869565216,0.20967741935483872,0.3333333333333333,0.08695652173913043,0.22580645161290322,0.38461538461538464,0.21739130434782608,0.27419354838709675,1.0,0.13043478260869565,0.24193548387096775,0.6666666666666666,0.17391304347826086,0.25806451612903225,0.46153846153846156,0.2608695652173913,0.2903225806451613,1.0,0.13043478260869565,0.24193548387096775,0.6666666666666666,0.17391304347826086,0.25806451612903225,0.6153846153846154,0.34782608695652173,0.3225806451612903,margin
llama-8b,llama31-8b-base,truthfulqa,266,33,0.12406015037593984,327,0.12232415902140673,0.8556379243074522,0.7293536220574848,0.3108336584731435,0.8556379243074522,0.23076923076923078,0.09090909090909091,0.13149847094801223,0.3333333333333333,0.2727272727272727,0.14984709480122324,0.37735849056603776,0.6060606060606061,0.1834862385321101,0.3076923076923077,0.12121212121212122,0.1345565749235474,0.37037037037037035,0.30303030303030304,0.1529051987767584,0.2830188679245283,0.45454545454545453,0.16819571865443425,0.0,0.0,0.12232415902140673,0.037037037037037035,0.030303030303030304,0.12538226299694188,0.07547169811320754,0.12121212121212122,0.1345565749235474,0.23076923076923078,0.09090909090909091,0.13149847094801223,0.3333333333333333,0.2727272727272727,0.14984709480122324,0.37735849056603776,0.6060606060606061,0.1834862385321101,margin
llama-8b,qwen3-32b,boolq,755,72,0.09536423841059603,475,0.24842105263157896,0.7528265820725557,0.5899829184968277,0.5208435008947454,0.7528265820725557,0.2894736842105263,0.1527777777777778,0.27157894736842103,0.2894736842105263,0.3055555555555556,0.29473684210526313,0.2251655629139073,0.4722222222222222,0.32,0.23684210526315788,0.125,0.2673684210526316,0.13157894736842105,0.1388888888888889,0.2694736842105263,0.10596026490066225,0.2222222222222222,0.28210526315789475,0.10526315789473684,0.05555555555555555,0.25684210526315787,0.09210526315789473,0.09722222222222222,0.2631578947368421,0.09271523178807947,0.19444444444444445,0.27789473684210525,0.2894736842105263,0.1527777777777778,0.27157894736842103,0.2894736842105263,0.3055555555555556,0.29473684210526313,0.2251655629139073,0.4722222222222222,0.32,margin
llama-8b,qwen3-32b,geometry_of_truth,994,10,0.01006036217303823,1000,0.008,0.9545731707317073,0.9122967479674797,0.500609756097561,0.9545731707317073,0.14,0.7,0.015,0.08080808080808081,0.8,0.016,0.05025125628140704,1.0,0.018,0.08,0.4,0.012,0.0707070707070707,0.7,0.015,0.04522613065326633,0.9,0.017,0.02,0.1,0.009,0.020202020202020204,0.2,0.01,0.010050251256281407,0.2,0.01,0.14,0.7,0.015,0.08080808080808081,0.8,0.016,0.05025125628140704,1.0,0.018,margin
llama-8b,qwen3-32b,imdb,993,80,0.08056394763343404,1018,0.04616895874263261,0.8433734939759036,0.44774096385542167,0.5920317634173056,0.8433734939759036,0.4,0.25,0.06581532416502947,0.3838383838383838,0.475,0.08349705304518663,0.2964824120603015,0.7375,0.10412573673870335,0.0,0.0,0.04616895874263261,0.020202020202020204,0.025,0.0481335952848723,0.05527638190954774,0.1375,0.05697445972495088,0.16,0.1,0.054027504911591355,0.15151515151515152,0.1875,0.060903732809430254,0.12060301507537688,0.3,0.06974459724950884,0.4,0.25,0.06581532416502947,0.3838383838383838,0.475,0.08349705304518663,0.2964824120603015,0.7375,0.10412573673870335,margin
llama-8b,qwen3-32b,rte,57,14,0.24561403508771928,62,0.2903225806451613,0.8837209302325582,0.6245847176079734,0.6910299003322259,0.8837209302325582,0.6666666666666666,0.14285714285714285,0.3225806451612903,0.8333333333333334,0.35714285714285715,0.3709677419354839,0.9090909090909091,0.7142857142857143,0.45161290322580644,0.6666666666666666,0.14285714285714285,0.3225806451612903,0.3333333333333333,0.14285714285714285,0.3225806451612903,0.36363636363636365,0.2857142857142857,0.3548387096774194,0.0,0.0,0.2903225806451613,0.5,0.21428571428571427,0.3387096774193548,0.45454545454545453,0.35714285714285715,0.3709677419354839,0.6666666666666666,0.14285714285714285,0.3225806451612903,0.8333333333333334,0.35714285714285715,0.3709677419354839,0.9090909090909091,0.7142857142857143,0.45161290322580644,margin
llama-8b,qwen3-32b,truthfulqa,276,17,0.06159420289855073,327,0.14067278287461774,0.8952986600045424,0.6856688621394503,0.45923234158528276,0.8952986600045424,0.14285714285714285,0.11764705882352941,0.14678899082568808,0.17857142857142858,0.29411764705882354,0.1559633027522936,0.2727272727272727,0.8823529411764706,0.18654434250764526,0.21428571428571427,0.17647058823529413,0.14984709480122324,0.17857142857142858,0.29411764705882354,0.1559633027522936,0.12727272727272726,0.4117647058823529,0.1620795107033639,0.0,0.0,0.14067278287461774,0.0,0.0,0.14067278287461774,0.0,0.0,0.14067278287461774,0.14285714285714285,0.11764705882352941,0.14678899082568808,0.17857142857142858,0.29411764705882354,0.1559633027522936,0.2727272727272727,0.8823529411764706,0.18654434250764526,margin
llama-8b,qwen3-8b,boolq,766,93,0.12140992167101827,475,0.2463157894736842,0.7817188323826871,0.464953905638371,0.49086900254038246,0.7817188323826871,0.42105263157894735,0.17204301075268819,0.28,0.42857142857142855,0.3548387096774194,0.3157894736842105,0.3202614379084967,0.5268817204301075,0.3494736842105263,0.05263157894736842,0.021505376344086023,0.2505263157894737,0.07792207792207792,0.06451612903225806,0.25894736842105265,0.0784313725490196,0.12903225806451613,0.27157894736842103,0.15789473684210525,0.06451612903225806,0.25894736842105265,0.12987012987012986,0.10752688172043011,0.2673684210526316,0.11764705882352941,0.1935483870967742,0.28421052631578947,0.42105263157894735,0.17204301075268819,0.28,0.42857142857142855,0.3548387096774194,0.3157894736842105,0.3202614379084967,0.5268817204301075,0.3494736842105263,margin
llama-8b,qwen3-8b,geometry_of_truth,992,14,0.014112903225806451,1000,0.01,0.9595384165936314,0.906587788489629,0.4504820333041191,0.9595384165936314,0.18,0.6428571428571429,0.019,0.12121212121212122,0.8571428571428571,0.022,0.0707070707070707,1.0,0.024,0.1,0.35714285714285715,0.015,0.09090909090909091,0.6428571428571429,0.019,0.06060606060606061,0.8571428571428571,0.022,0.02,0.07142857142857142,0.011,0.010101010101010102,0.07142857142857142,0.011,0.015151515151515152,0.21428571428571427,0.013,0.18,0.6428571428571429,0.019,0.12121212121212122,0.8571428571428571,0.022,0.0707070707070707,1.0,0.024,margin
llama-8b,qwen3-8b,imdb,988,84,0.08502024291497975,1018,0.05697445972495088,0.8490439317319849,0.46873683101559205,0.6119495364517489,0.8490439317319849,0.42857142857142855,0.25,0.07760314341846758,0.3838383838383838,0.4523809523809524,0.09430255402750491,0.30303030303030304,0.7142857142857143,0.11591355599214145,0.02040816326530612,0.011904761904761904,0.05795677799607073,0.06060606060606061,0.07142857142857142,0.06286836935166994,0.06565656565656566,0.15476190476190477,0.06974459724950884,0.14285714285714285,0.08333333333333333,0.06385068762278978,0.1717171717171717,0.20238095238095238,0.07367387033398821,0.1414141414141414,0.3333333333333333,0.08447937131630648,0.42857142857142855,0.25,0.07760314341846758,0.3838383838383838,0.4523809523809524,0.09430255402750491,0.30303030303030304,0.7142857142857143,0.11591355599214145,margin
llama-8b,qwen3-8b,rte,55,12,0.21818181818181817,62,0.3225806451612903,0.8585271317829457,0.6589147286821705,0.5271317829457365,0.8585271317829457,0.6666666666666666,0.16666666666666666,0.3548387096774194,0.6666666666666666,0.3333333333333333,0.3870967741935484,0.6363636363636364,0.5833333333333334,0.43548387096774194,0.3333333333333333,0.08333333333333333,0.3387096774193548,0.5,0.25,0.3709677419354839,0.2727272727272727,0.25,0.3709677419354839,0.3333333333333333,0.08333333333333333,0.3387096774193548,0.16666666666666666,0.08333333333333333,0.3387096774193548,0.09090909090909091,0.08333333333333333,0.3387096774193548,0.6666666666666666,0.16666666666666666,0.3548387096774194,0.6666666666666666,0.3333333333333333,0.3870967741935484,0.6363636363636364,0.5833333333333334,0.43548387096774194,margin
llama-8b,qwen3-8b,truthfulqa,281,26,0.09252669039145907,327,0.13761467889908258,0.8562594268476621,0.6663650075414781,0.40165912518853697,0.8562594268476621,0.14285714285714285,0.07692307692307693,0.1437308868501529,0.25,0.2692307692307692,0.15902140672782875,0.30357142857142855,0.6538461538461539,0.18960244648318042,0.14285714285714285,0.07692307692307693,0.1437308868501529,0.25,0.2692307692307692,0.15902140672782875,0.16071428571428573,0.34615384615384615,0.1651376146788991,0.14285714285714285,0.07692307692307693,0.1437308868501529,0.10714285714285714,0.11538461538461539,0.14678899082568808,0.08928571428571429,0.19230769230769232,0.1529051987767584,0.14285714285714285,0.07692307692307693,0.1437308868501529,0.25,0.2692307692307692,0.15902140672782875,0.30357142857142855,0.6538461538461539,0.18960244648318042,margin
llama-8b,qwen3-8b-base,boolq,786,102,0.1297709923664122,475,0.2336842105263158,0.7968122921683294,0.5313180827886711,0.5158955395023507,0.7968122921683294,0.4358974358974359,0.16666666666666666,0.2694736842105263,0.379746835443038,0.29411764705882354,0.2968421052631579,0.35668789808917195,0.5490196078431373,0.35157894736842105,0.15384615384615385,0.058823529411764705,0.2463157894736842,0.13924050632911392,0.10784313725490197,0.25684210526315787,0.1337579617834395,0.20588235294117646,0.27789473684210525,0.20512820512820512,0.0784313725490196,0.2505263157894737,0.17721518987341772,0.13725490196078433,0.2631578947368421,0.1464968152866242,0.22549019607843138,0.28210526315789475,0.4358974358974359,0.16666666666666666,0.2694736842105263,0.379746835443038,0.29411764705882354,0.2968421052631579,0.35668789808917195,0.5490196078431373,0.35157894736842105,margin
llama-8b,qwen3-8b-base,geometry_of_truth,991,10,0.010090817356205853,1000,0.016,0.9478083588175331,0.9232415902140673,0.37706422018348623,0.9478083588175331,0.12,0.6,0.022,0.08080808080808081,0.8,0.024,0.050505050505050504,1.0,0.026,0.08,0.4,0.02,0.050505050505050504,0.5,0.021,0.050505050505050504,1.0,0.026,0.02,0.1,0.017,0.010101010101010102,0.1,0.017,0.005050505050505051,0.1,0.017,0.12,0.6,0.022,0.08080808080808081,0.8,0.024,0.050505050505050504,1.0,0.026,margin
llama-8b,qwen3-8b-base,imdb,1009,87,0.08622398414271557,1018,0.05108055009823183,0.849041314483756,0.4728600992345476,0.510160321140948,0.849041314483756,0.52,0.2988505747126437,0.07662082514734773,0.4158415841584158,0.4827586206896552,0.09233791748526522,0.3118811881188119,0.7241379310344828,0.11296660117878192,0.02,0.011494252873563218,0.05206286836935167,0.0297029702970297,0.034482758620689655,0.054027504911591355,0.06435643564356436,0.14942528735632185,0.06385068762278978,0.12,0.06896551724137931,0.05697445972495088,0.10891089108910891,0.12643678160919541,0.0618860510805501,0.09405940594059406,0.21839080459770116,0.06974459724950884,0.52,0.2988505747126437,0.07662082514734773,0.4158415841584158,0.4827586206896552,0.09233791748526522,0.3118811881188119,0.7241379310344828,0.11296660117878192,margin
llama-8b,qwen3-8b-base,rte,59,16,0.2711864406779661,62,0.27419354838709675,0.7950581395348838,0.563953488372093,0.5683139534883721,0.7950581395348838,0.0,0.0,0.27419354838709675,0.3333333333333333,0.125,0.3064516129032258,0.5833333333333334,0.4375,0.3870967741935484,0.3333333333333333,0.0625,0.2903225806451613,0.5,0.1875,0.3225806451612903,0.25,0.1875,0.3225806451612903,0.3333333333333333,0.0625,0.2903225806451613,0.3333333333333333,0.125,0.3064516129032258,0.3333333333333333,0.25,0.3387096774193548,0.0,0.0,0.27419354838709675,0.3333333333333333,0.125,0.3064516129032258,0.5833333333333334,0.4375,0.3870967741935484,margin
llama-8b,qwen3-8b-base,truthfulqa,273,24,0.08791208791208792,327,0.1743119266055046,0.8579317269076305,0.7443105756358768,0.375669344042838,0.8579317269076305,0.21428571428571427,0.125,0.1834862385321101,0.2962962962962963,0.3333333333333333,0.19877675840978593,0.2909090909090909,0.6666666666666666,0.22324159021406728,0.21428571428571427,0.125,0.1834862385321101,0.2222222222222222,0.25,0.1926605504587156,0.2,0.4583333333333333,0.20795107033639143,0.14285714285714285,0.08333333333333333,0.18042813455657492,0.14814814814814814,0.16666666666666666,0.18654434250764526,0.07272727272727272,0.16666666666666666,0.18654434250764526,0.21428571428571427,0.125,0.1834862385321101,0.2962962962962963,0.3333333333333333,0.19877675840978593,0.2909090909090909,0.6666666666666666,0.22324159021406728,margin
llama-8b,qwen38-27b,boolq,738,57,0.07723577235772358,475,0.2673684210526316,0.7505989643712806,0.5536491743308344,0.49849292835613257,0.7505989643712806,0.1891891891891892,0.12280701754385964,0.28210526315789475,0.2702702702702703,0.3508771929824561,0.3094736842105263,0.18243243243243243,0.47368421052631576,0.32421052631578945,0.05405405405405406,0.03508771929824561,0.27157894736842103,0.06756756756756757,0.08771929824561403,0.27789473684210525,0.08783783783783784,0.22807017543859648,0.29473684210526313,0.16216216216216217,0.10526315789473684,0.28,0.0945945945945946,0.12280701754385964,0.28210526315789475,0.08108108108108109,0.21052631578947367,0.2926315789473684,0.1891891891891892,0.12280701754385964,0.28210526315789475,0.2702702702702703,0.3508771929824561,0.3094736842105263,0.18243243243243243,0.47368421052631576,0.32421052631578945,margin
llama-8b,qwen38-27b,geometry_of_truth,989,10,0.010111223458038422,1000,0.013,0.9468845760980592,0.9340143003064351,0.571297242083759,0.9468845760980592,0.12244897959183673,0.6,0.019,0.08080808080808081,0.8,0.021,0.050505050505050504,1.0,0.023,0.10204081632653061,0.5,0.018,0.0707070707070707,0.7,0.02,0.050505050505050504,1.0,0.023,0.02040816326530612,0.1,0.014,0.020202020202020204,0.2,0.015,0.010101010101010102,0.2,0.015,0.12244897959183673,0.6,0.019,0.08080808080808081,0.8,0.021,0.050505050505050504,1.0,0.023,margin
llama-8b,qwen38-27b,rte,57,13,0.22807017543859648,62,0.3064516129032258,0.8793706293706294,0.6800699300699301,0.6241258741258742,0.8793706293706294,1.0,0.23076923076923078,0.3548387096774194,0.5,0.23076923076923078,0.3548387096774194,0.7272727272727273,0.6153846153846154,0.43548387096774194,0.6666666666666666,0.15384615384615385,0.3387096774193548,0.5,0.23076923076923078,0.3548387096774194,0.45454545454545453,0.38461538461538464,0.3870967741935484,0.3333333333333333,0.07692307692307693,0.3225806451612903,0.5,0.23076923076923078,0.3548387096774194,0.5454545454545454,0.46153846153846156,0.4032258064516129,1.0,0.23076923076923078,0.3548387096774194,0.5,0.23076923076923078,0.3548387096774194,0.7272727272727273,0.6153846153846154,0.43548387096774194,margin
llama-8b,qwen38-27b,truthfulqa,273,19,0.0695970695970696,327,0.15902140672782875,0.8130957314546209,0.6864898466639038,0.5097389142146705,0.8130957314546209,0.07142857142857142,0.05263157894736842,0.1620795107033639,0.1111111111111111,0.15789473684210525,0.16819571865443425,0.2,0.5789473684210527,0.1926605504587156,0.14285714285714285,0.10526315789473684,0.1651376146788991,0.1111111111111111,0.15789473684210525,0.16819571865443425,0.14545454545454545,0.42105263157894735,0.1834862385321101,0.14285714285714285,0.10526315789473684,0.1651376146788991,0.1111111111111111,0.15789473684210525,0.16819571865443425,0.07272727272727272,0.21052631578947367,0.1712538226299694,0.07142857142857142,0.05263157894736842,0.1620795107033639,0.1111111111111111,0.15789473684210525,0.16819571865443425,0.2,0.5789473684210527,0.1926605504587156,margin
llama31-70b,llama31-405b,boolq,762,37,0.048556430446194225,475,0.0968421052631579,0.7591798695246972,0.49461323392357875,0.5304007455731593,0.7591798695246972,0.13157894736842105,0.13513513513513514,0.10736842105263159,0.14473684210526316,0.2972972972972973,0.12,0.14473684210526316,0.5945945945945946,0.1431578947368421,0.05263157894736842,0.05405405405405406,0.10105263157894737,0.05263157894736842,0.10810810810810811,0.10526315789473684,0.039473684210526314,0.16216216216216217,0.10947368421052632,0.02631578947368421,0.02702702702702703,0.09894736842105263,0.05263157894736842,0.10810810810810811,0.10526315789473684,0.07894736842105263,0.32432432432432434,0.12210526315789473,0.13157894736842105,0.13513513513513514,0.10736842105263159,0.14473684210526316,0.2972972972972973,0.12,0.14473684210526316,0.5945945945945946,0.1431578947368421,margin
llama31-70b,llama31-405b,geometry_of_truth,998,8,0.008016032064128256,1000,0.004,0.9452020202020202,0.905050505050505,0.47853535353535354,0.9452020202020202,0.08,0.5,0.008,0.07,0.875,0.011,0.04,1.0,0.012,0.04,0.25,0.006,0.04,0.5,0.008,0.04,1.0,0.012,0.0,0.0,0.004,0.0,0.0,0.004,0.005,0.125,0.005,0.08,0.5,0.008,0.07,0.875,0.011,0.04,1.0,0.012,margin
llama31-70b,llama31-405b,imdb,1003,69,0.06879361914257229,1018,0.015717092337917484,0.8595568382832139,0.4817521646029234,0.5964683611085251,0.8595568382832139,0.3,0.21739130434782608,0.030451866404715127,0.39,0.5652173913043478,0.054027504911591355,0.26865671641791045,0.782608695652174,0.068762278978389,0.0,0.0,0.015717092337917484,0.06,0.08695652173913043,0.021611001964636542,0.06965174129353234,0.2028985507246377,0.029469548133595286,0.18,0.13043478260869565,0.02455795677799607,0.16,0.2318840579710145,0.03143418467583497,0.12437810945273632,0.36231884057971014,0.04027504911591356,0.3,0.21739130434782608,0.030451866404715127,0.39,0.5652173913043478,0.054027504911591355,0.26865671641791045,0.782608695652174,0.068762278978389,margin
llama31-70b,llama31-405b,rte,62,16,0.25806451612903225,62,0.11290322580645161,0.8519021739130435,0.453804347826087,0.4809782608695652,0.8519021739130435,0.0,0.0,0.11290322580645161,0.3333333333333333,0.125,0.14516129032258066,0.6666666666666666,0.5,0.24193548387096775,0.0,0.0,0.11290322580645161,0.3333333333333333,0.125,0.14516129032258066,0.3333333333333333,0.25,0.1774193548387097,0.3333333333333333,0.0625,0.12903225806451613,0.16666666666666666,0.0625,0.12903225806451613,0.25,0.1875,0.16129032258064516,0.0,0.0,0.11290322580645161,0.3333333333333333,0.125,0.14516129032258066,0.6666666666666666,0.5,0.24193548387096775,margin
llama31-70b,llama31-405b,truthfulqa,302,17,0.056291390728476824,327,0.10397553516819572,0.9019607843137255,0.6728586171310629,0.41589267285861714,0.9019607843137255,0.2,0.17647058823529413,0.11314984709480122,0.26666666666666666,0.47058823529411764,0.12844036697247707,0.23333333333333334,0.8235294117647058,0.14678899082568808,0.13333333333333333,0.11764705882352941,0.11009174311926606,0.1,0.17647058823529413,0.11314984709480122,0.1,0.35294117647058826,0.12232415902140673,0.06666666666666667,0.058823529411764705,0.10703363914373089,0.03333333333333333,0.058823529411764705,0.10703363914373089,0.03333333333333333,0.11764705882352941,0.11009174311926606,0.2,0.17647058823529413,0.11314984709480122,0.26666666666666666,0.47058823529411764,0.12844036697247707,0.23333333333333334,0.8235294117647058,0.14678899082568808,margin
llama31-70b,llama31-70b-base,boolq,739,47,0.06359945872801083,475,0.27578947368421053,0.7503689583077113,0.55706555159267,0.46685524535727463,0.7503689583077113,0.1891891891891892,0.14893617021276595,0.2905263157894737,0.1891891891891892,0.2978723404255319,0.30526315789473685,0.1554054054054054,0.48936170212765956,0.32421052631578945,0.10810810810810811,0.0851063829787234,0.28421052631578947,0.08108108108108109,0.1276595744680851,0.28842105263157897,0.08108108108108109,0.2553191489361702,0.30105263157894735,0.05405405405405406,0.0425531914893617,0.28,0.06756756756756757,0.10638297872340426,0.2863157894736842,0.0472972972972973,0.14893617021276595,0.2905263157894737,0.1891891891891892,0.14893617021276595,0.2905263157894737,0.1891891891891892,0.2978723404255319,0.30526315789473685,0.1554054054054054,0.48936170212765956,0.32421052631578945,margin
llama31-70b,llama31-70b-base,geometry_of_truth,994,9,0.009054325955734407,1000,0.008,0.9426959954878736,0.8909193457416807,0.4481669486745629,0.9426959954878736,0.12,0.6666666666666666,0.014,0.08080808080808081,0.8888888888888888,0.016,0.04020100502512563,0.8888888888888888,0.016,0.08,0.4444444444444444,0.012,0.06060606060606061,0.6666666666666666,0.014,0.04020100502512563,0.8888888888888888,0.016,0.0,0.0,0.008,0.010101010101010102,0.1111111111111111,0.009,0.010050251256281407,0.2222222222222222,0.01,0.12,0.6666666666666666,0.014,0.08080808080808081,0.8888888888888888,0.016,0.04020100502512563,0.8888888888888888,0.016,margin
llama31-70b,llama31-70b-base,imdb,939,54,0.05750798722044728,1018,0.09921414538310412,0.7813350073237079,0.48012136430215524,0.373006905210295,0.7813350073237079,0.14893617021276595,0.12962962962962962,0.10609037328094302,0.1595744680851064,0.2777777777777778,0.11394891944990176,0.1702127659574468,0.5925925925925926,0.13064833005893908,0.0,0.0,0.09921414538310412,0.02127659574468085,0.037037037037037035,0.10117878192534381,0.0425531914893617,0.14814814814814814,0.10707269155206287,0.06382978723404255,0.05555555555555555,0.10216110019646366,0.031914893617021274,0.05555555555555555,0.10216110019646366,0.02127659574468085,0.07407407407407407,0.1031434184675835,0.14893617021276595,0.12962962962962962,0.10609037328094302,0.1595744680851064,0.2777777777777778,0.11394891944990176,0.1702127659574468,0.5925925925925926,0.13064833005893908,margin
llama31-70b,llama31-70b-base,rte,60,17,0.2833333333333333,62,0.24193548387096775,0.8563611491108072,0.4760601915184679,0.60328317373461,0.8563611491108072,0.6666666666666666,0.11764705882352941,0.27419354838709675,0.6666666666666666,0.23529411764705882,0.3064516129032258,0.75,0.5294117647058824,0.3870967741935484,0.0,0.0,0.24193548387096775,0.16666666666666666,0.058823529411764705,0.25806451612903225,0.25,0.17647058823529413,0.2903225806451613,0.6666666666666666,0.11764705882352941,0.27419354838709675,0.5,0.17647058823529413,0.2903225806451613,0.5,0.35294117647058826,0.3387096774193548,0.6666666666666666,0.11764705882352941,0.27419354838709675,0.6666666666666666,0.23529411764705882,0.3064516129032258,0.75,0.5294117647058824,0.3870967741935484,margin
llama31-70b,llama31-70b-base,truthfulqa,283,26,0.09187279151943463,327,0.14678899082568808,0.8371744986530979,0.7822508231068542,0.3552828494462736,0.8371744986530979,0.35714285714285715,0.19230769230769232,0.1620795107033639,0.4642857142857143,0.5,0.18654434250764526,0.2631578947368421,0.5769230769230769,0.1926605504587156,0.2857142857142857,0.15384615384615385,0.15902140672782875,0.25,0.2692307692307692,0.16819571865443425,0.22807017543859648,0.5,0.18654434250764526,0.0,0.0,0.14678899082568808,0.0,0.0,0.14678899082568808,0.017543859649122806,0.038461538461538464,0.14984709480122324,0.35714285714285715,0.19230769230769232,0.1620795107033639,0.4642857142857143,0.5,0.18654434250764526,0.2631578947368421,0.5769230769230769,0.1926605504587156,margin
llama31-70b-base,llama31-405b,boolq,726,35,0.048209366391184574,475,0.27157894736842103,0.7568327475708084,0.5132933636551582,0.43758528013231335,0.7568327475708084,0.08333333333333333,0.08571428571428572,0.27789473684210525,0.1232876712328767,0.2571428571428571,0.2905263157894737,0.1310344827586207,0.5428571428571428,0.31157894736842107,0.05555555555555555,0.05714285714285714,0.27578947368421053,0.0547945205479452,0.11428571428571428,0.28,0.06206896551724138,0.2571428571428571,0.2905263157894737,0.0,0.0,0.27157894736842103,0.0,0.0,0.27157894736842103,0.034482758620689655,0.14285714285714285,0.28210526315789475,0.08333333333333333,0.08571428571428572,0.27789473684210525,0.1232876712328767,0.2571428571428571,0.2905263157894737,0.1310344827586207,0.5428571428571428,0.31157894736842107,margin
llama31-70b-base,llama31-405b,geometry_of_truth,987,6,0.0060790273556231,1000,0.012,0.9476724430852871,0.891946992864424,0.43577981651376146,0.9476724430852871,0.08163265306122448,0.6666666666666666,0.016,0.050505050505050504,0.8333333333333334,0.017,0.030456852791878174,1.0,0.018,0.04081632653061224,0.3333333333333333,0.014,0.030303030303030304,0.5,0.015,0.030456852791878174,1.0,0.018,0.0,0.0,0.012,0.0,0.0,0.012,0.005076142131979695,0.16666666666666666,0.013,0.08163265306122448,0.6666666666666666,0.016,0.050505050505050504,0.8333333333333334,0.017,0.030456852791878174,1.0,0.018,margin
llama31-70b-base,llama31-405b,imdb,947,58,0.061246040126715945,1018,0.09528487229862476,0.7643613513828014,0.4794034366393856,0.3975602187657577,0.7643613513828014,0.23404255319148937,0.1896551724137931,0.10609037328094302,0.15789473684210525,0.25862068965517243,0.1100196463654224,0.164021164021164,0.5344827586206896,0.12573673870333987,0.0,0.0,0.09528487229862476,0.031578947368421054,0.05172413793103448,0.09823182711198428,0.047619047619047616,0.15517241379310345,0.10412573673870335,0.02127659574468085,0.017241379310344827,0.0962671905697446,0.031578947368421054,0.05172413793103448,0.09823182711198428,0.015873015873015872,0.05172413793103448,0.09823182711198428,0.23404255319148937,0.1896551724137931,0.10609037328094302,0.15789473684210525,0.25862068965517243,0.1100196463654224,0.164021164021164,0.5344827586206896,0.12573673870333987,margin
llama31-70b-base,llama31-405b,rte,58,15,0.25862068965517243,62,0.2903225806451613,0.8015503875968992,0.41550387596899224,0.5286821705426357,0.8015503875968992,0.3333333333333333,0.06666666666666667,0.3064516129032258,0.5,0.2,0.3387096774193548,0.5833333333333334,0.4666666666666667,0.4032258064516129,0.3333333333333333,0.06666666666666667,0.3064516129032258,0.3333333333333333,0.13333333333333333,0.3225806451612903,0.16666666666666666,0.13333333333333333,0.3225806451612903,0.3333333333333333,0.06666666666666667,0.3064516129032258,0.5,0.2,0.3387096774193548,0.3333333333333333,0.26666666666666666,0.3548387096774194,0.3333333333333333,0.06666666666666667,0.3064516129032258,0.5,0.2,0.3387096774193548,0.5833333333333334,0.4666666666666667,0.4032258064516129,margin
llama31-70b-base,llama31-405b,truthfulqa,275,19,0.06909090909090909,327,0.1529051987767584,0.9409950657894737,0.7138157894736842,0.4551809210526316,0.9409950657894737,0.6428571428571429,0.47368421052631576,0.18042813455657492,0.5,0.7368421052631579,0.19571865443425077,0.2909090909090909,0.8421052631578947,0.2018348623853211,0.14285714285714285,0.10526315789473684,0.15902140672782875,0.10714285714285714,0.15789473684210525,0.1620795107033639,0.18181818181818182,0.5263157894736842,0.1834862385321101,0.07142857142857142,0.05263157894736842,0.1559633027522936,0.03571428571428571,0.05263157894736842,0.1559633027522936,0.05454545454545454,0.15789473684210525,0.1620795107033639,0.6428571428571429,0.47368421052631576,0.18042813455657492,0.5,0.7368421052631579,0.19571865443425077,0.2909090909090909,0.8421052631578947,0.2018348623853211,margin
llama31-70b-base,llama31-70b,boolq,739,47,0.06359945872801083,475,0.27578947368421053,0.7503689583077113,0.55706555159267,0.46685524535727463,0.7503689583077113,0.1891891891891892,0.14893617021276595,0.2905263157894737,0.1891891891891892,0.2978723404255319,0.30526315789473685,0.1554054054054054,0.48936170212765956,0.32421052631578945,0.10810810810810811,0.0851063829787234,0.28421052631578947,0.08108108108108109,0.1276595744680851,0.28842105263157897,0.08108108108108109,0.2553191489361702,0.30105263157894735,0.05405405405405406,0.0425531914893617,0.28,0.06756756756756757,0.10638297872340426,0.2863157894736842,0.0472972972972973,0.14893617021276595,0.2905263157894737,0.1891891891891892,0.14893617021276595,0.2905263157894737,0.1891891891891892,0.2978723404255319,0.30526315789473685,0.1554054054054054,0.48936170212765956,0.32421052631578945,margin
llama31-70b-base,llama31-70b,geometry_of_truth,994,9,0.009054325955734407,1000,0.008,0.9426959954878736,0.8909193457416807,0.4481669486745629,0.9426959954878736,0.12,0.6666666666666666,0.014,0.08080808080808081,0.8888888888888888,0.016,0.04020100502512563,0.8888888888888888,0.016,0.08,0.4444444444444444,0.012,0.06060606060606061,0.6666666666666666,0.014,0.04020100502512563,0.8888888888888888,0.016,0.0,0.0,0.008,0.010101010101010102,0.1111111111111111,0.009,0.010050251256281407,0.2222222222222222,0.01,0.12,0.6666666666666666,0.014,0.08080808080808081,0.8888888888888888,0.016,0.04020100502512563,0.8888888888888888,0.016,margin
llama31-70b-base,llama31-70b,imdb,939,54,0.05750798722044728,1018,0.09921414538310412,0.7813350073237079,0.48012136430215524,0.373006905210295,0.7813350073237079,0.14893617021276595,0.12962962962962962,0.10609037328094302,0.1595744680851064,0.2777777777777778,0.11394891944990176,0.1702127659574468,0.5925925925925926,0.13064833005893908,0.0,0.0,0.09921414538310412,0.02127659574468085,0.037037037037037035,0.10117878192534381,0.0425531914893617,0.14814814814814814,0.10707269155206287,0.06382978723404255,0.05555555555555555,0.10216110019646366,0.031914893617021274,0.05555555555555555,0.10216110019646366,0.02127659574468085,0.07407407407407407,0.1031434184675835,0.14893617021276595,0.12962962962962962,0.10609037328094302,0.1595744680851064,0.2777777777777778,0.11394891944990176,0.1702127659574468,0.5925925925925926,0.13064833005893908,margin
llama31-70b-base,llama31-70b,rte,60,17,0.2833333333333333,62,0.24193548387096775,0.8563611491108072,0.4760601915184679,0.60328317373461,0.8563611491108072,0.6666666666666666,0.11764705882352941,0.27419354838709675,0.6666666666666666,0.23529411764705882,0.3064516129032258,0.75,0.5294117647058824,0.3870967741935484,0.0,0.0,0.24193548387096775,0.16666666666666666,0.058823529411764705,0.25806451612903225,0.25,0.17647058823529413,0.2903225806451613,0.6666666666666666,0.11764705882352941,0.27419354838709675,0.5,0.17647058823529413,0.2903225806451613,0.5,0.35294117647058826,0.3387096774193548,0.6666666666666666,0.11764705882352941,0.27419354838709675,0.6666666666666666,0.23529411764705882,0.3064516129032258,0.75,0.5294117647058824,0.3870967741935484,margin
llama31-70b-base,llama31-70b,truthfulqa,283,26,0.09187279151943463,327,0.14678899082568808,0.8371744986530979,0.7822508231068542,0.3552828494462736,0.8371744986530979,0.35714285714285715,0.19230769230769232,0.1620795107033639,0.4642857142857143,0.5,0.18654434250764526,0.2631578947368421,0.5769230769230769,0.1926605504587156,0.2857142857142857,0.15384615384615385,0.15902140672782875,0.25,0.2692307692307692,0.16819571865443425,0.22807017543859648,0.5,0.18654434250764526,0.0,0.0,0.14678899082568808,0.0,0.0,0.14678899082568808,0.017543859649122806,0.038461538461538464,0.14984709480122324,0.35714285714285715,0.19230769230769232,0.1620795107033639,0.4642857142857143,0.5,0.18654434250764526,0.2631578947368421,0.5769230769230769,0.1926605504587156,margin
llama31-8b-base,gemma2-9b,boolq,747,76,0.10174029451137885,475,0.45263157894736844,0.7052906110283159,0.44148560671425213,0.45232959447799825,0.7052906110283159,0.21621621621621623,0.10526315789473684,0.4694736842105263,0.22666666666666666,0.2236842105263158,0.4884210526315789,0.20134228187919462,0.39473684210526316,0.5157894736842106,0.08108108108108109,0.039473684210526314,0.4589473684210526,0.06666666666666667,0.06578947368421052,0.4631578947368421,0.06040268456375839,0.11842105263157894,0.47157894736842104,0.02702702702702703,0.013157894736842105,0.45473684210526316,0.09333333333333334,0.09210526315789473,0.4673684210526316,0.10067114093959731,0.19736842105263158,0.4842105263157895,0.21621621621621623,0.10526315789473684,0.4694736842105263,0.22666666666666666,0.2236842105263158,0.4884210526315789,0.20134228187919462,0.39473684210526316,0.5157894736842106,margin
llama31-8b-base,gemma2-9b,geometry_of_truth,993,12,0.012084592145015106,1000,0.014,0.9337410805300714,0.9095310907237513,0.3797145769622834,0.9337410805300714,0.12,0.5,0.02,0.0707070707070707,0.5833333333333334,0.021,0.05527638190954774,0.9166666666666666,0.025,0.1,0.4166666666666667,0.019,0.0707070707070707,0.5833333333333334,0.021,0.05025125628140704,0.8333333333333334,0.024,0.0,0.0,0.014,0.0,0.0,0.014,0.0,0.0,0.014,0.12,0.5,0.02,0.0707070707070707,0.5833333333333334,0.021,0.05527638190954774,0.9166666666666666,0.025,margin
llama31-8b-base,gemma2-9b,imdb,912,57,0.0625,1018,0.09823182711198428,0.7702882938340002,0.49065353442084747,0.4672412024212578,0.7702882938340002,0.2391304347826087,0.19298245614035087,0.10903732809430255,0.1978021978021978,0.3157894736842105,0.11591355599214145,0.18681318681318682,0.5964912280701754,0.13163064833005894,0.0,0.0,0.09823182711198428,0.02197802197802198,0.03508771929824561,0.10019646365422397,0.054945054945054944,0.17543859649122806,0.10805500982318271,0.08695652173913043,0.07017543859649122,0.10216110019646366,0.07692307692307693,0.12280701754385964,0.10510805500982318,0.054945054945054944,0.17543859649122806,0.10805500982318271,0.2391304347826087,0.19298245614035087,0.10903732809430255,0.1978021978021978,0.3157894736842105,0.11591355599214145,0.18681318681318682,0.5964912280701754,0.13163064833005894,margin
llama31-8b-base,gemma2-9b,rte,54,12,0.2222222222222222,62,0.4032258064516129,0.869047619047619,0.5615079365079365,0.6964285714285715,0.869047619047619,0.6666666666666666,0.16666666666666666,0.43548387096774194,0.6,0.25,0.45161290322580644,0.6363636363636364,0.5833333333333334,0.5161290322580645,0.3333333333333333,0.08333333333333333,0.41935483870967744,0.2,0.08333333333333333,0.41935483870967744,0.2727272727272727,0.25,0.45161290322580644,0.3333333333333333,0.08333333333333333,0.41935483870967744,0.4,0.16666666666666666,0.43548387096774194,0.45454545454545453,0.4166666666666667,0.4838709677419355,0.6666666666666666,0.16666666666666666,0.43548387096774194,0.6,0.25,0.45161290322580644,0.6363636363636364,0.5833333333333334,0.5161290322580645,margin
llama31-8b-base,gemma2-9b,truthfulqa,247,20,0.08097165991902834,327,0.18960244648318042,0.8279735682819384,0.7656387665198239,0.28854625550660795,0.8279735682819384,0.16666666666666666,0.1,0.19571865443425077,0.24,0.3,0.20795107033639143,0.24489795918367346,0.6,0.22629969418960244,0.25,0.15,0.19877675840978593,0.24,0.3,0.20795107033639143,0.20408163265306123,0.5,0.22018348623853212,0.0,0.0,0.18960244648318042,0.0,0.0,0.18960244648318042,0.0,0.0,0.18960244648318042,0.16666666666666666,0.1,0.19571865443425077,0.24,0.3,0.20795107033639143,0.24489795918367346,0.6,0.22629969418960244,margin
llama31-8b-base,gemma4-12b,boolq,974,256,0.26283367556468173,475,0.42736842105263156,0.709180231545961,0.5214462917827298,0.6357068245125348,0.709180231545961,0.5714285714285714,0.109375,0.4863157894736842,0.5257731958762887,0.19921875,0.5347368421052632,0.47692307692307695,0.36328125,0.6231578947368421,0.32653061224489793,0.0625,0.4610526315789474,0.3402061855670103,0.12890625,0.4968421052631579,0.2923076923076923,0.22265625,0.5473684210526316,0.5102040816326531,0.09765625,0.48,0.4536082474226804,0.171875,0.52,0.39487179487179486,0.30078125,0.5894736842105263,0.5714285714285714,0.109375,0.4863157894736842,0.5257731958762887,0.19921875,0.5347368421052632,0.47692307692307695,0.36328125,0.6231578947368421,margin
llama31-8b-base,gemma4-12b,geometry_of_truth,678,12,0.017699115044247787,1000,0.315,0.8024274274274275,0.7992992992992993,0.3170670670670671,0.8024274274274275,0.11764705882352941,0.3333333333333333,0.319,0.07352941176470588,0.4166666666666667,0.32,0.051470588235294115,0.5833333333333334,0.322,0.08823529411764706,0.25,0.318,0.07352941176470588,0.4166666666666667,0.32,0.051470588235294115,0.5833333333333334,0.322,0.0,0.0,0.315,0.014705882352941176,0.08333333333333333,0.316,0.007352941176470588,0.08333333333333333,0.316,0.11764705882352941,0.3333333333333333,0.319,0.07352941176470588,0.4166666666666667,0.32,0.051470588235294115,0.5833333333333334,0.322,margin
llama31-8b-base,gemma4-12b,imdb,592,71,0.11993243243243243,1018,0.43222003929273084,0.7199048417182558,0.46659998377983836,0.4837392879349031,0.7199048417182558,0.3333333333333333,0.14084507042253522,0.44204322200392926,0.2711864406779661,0.22535211267605634,0.44793713163064836,0.23728813559322035,0.39436619718309857,0.45972495088408644,0.1,0.04225352112676056,0.4351669941060904,0.11864406779661017,0.09859154929577464,0.43909626719056977,0.1271186440677966,0.2112676056338028,0.44695481335952847,0.1,0.04225352112676056,0.4351669941060904,0.11864406779661017,0.09859154929577464,0.43909626719056977,0.11864406779661017,0.19718309859154928,0.44597249508840864,0.3333333333333333,0.14084507042253522,0.44204322200392926,0.2711864406779661,0.22535211267605634,0.44793713163064836,0.23728813559322035,0.39436619718309857,0.45972495088408644,margin
llama31-8b-base,gemma4-12b,rte,56,24,0.42857142857142855,62,0.5161290322580645,0.5625,0.52734375,0.4635416666666667,0.5625,1.0,0.125,0.5645161290322581,0.6666666666666666,0.16666666666666666,0.5806451612903226,0.6363636363636364,0.2916666666666667,0.6290322580645161,0.3333333333333333,0.041666666666666664,0.532258064516129,0.5,0.125,0.5645161290322581,0.5454545454545454,0.25,0.6129032258064516,0.3333333333333333,0.041666666666666664,0.532258064516129,0.16666666666666666,0.041666666666666664,0.532258064516129,0.18181818181818182,0.08333333333333333,0.5483870967741935,1.0,0.125,0.5645161290322581,0.6666666666666666,0.16666666666666666,0.5806451612903226,0.6363636363636364,0.2916666666666667,0.6290322580645161,margin
llama31-8b-base,gemma4-12b,truthfulqa,186,30,0.16129032258064516,327,0.40061162079510704,0.779059829059829,0.6995726495726496,0.4553418803418804,0.779059829059829,0.2222222222222222,0.06666666666666667,0.40672782874617736,0.3684210526315789,0.23333333333333334,0.42201834862385323,0.32432432432432434,0.4,0.43730886850152906,0.1111111111111111,0.03333333333333333,0.4036697247706422,0.2631578947368421,0.16666666666666666,0.41590214067278286,0.2702702702702703,0.3333333333333333,0.43119266055045874,0.1111111111111111,0.03333333333333333,0.4036697247706422,0.05263157894736842,0.03333333333333333,0.4036697247706422,0.05405405405405406,0.06666666666666667,0.40672782874617736,0.2222222222222222,0.06666666666666667,0.40672782874617736,0.3684210526315789,0.23333333333333334,0.42201834862385323,0.32432432432432434,0.4,0.43730886850152906,margin
llama31-8b-base,gemma4-12b-base,boolq,896,193,0.21540178571428573,475,0.30736842105263157,0.7236786827733106,0.5072487267742245,0.42501050273071,0.7236786827733106,0.5111111111111111,0.11917098445595854,0.35578947368421054,0.4666666666666667,0.21761658031088082,0.3957894736842105,0.4301675977653631,0.39896373056994816,0.4694736842105263,0.2,0.046632124352331605,0.3263157894736842,0.2111111111111111,0.09844559585492228,0.3473684210526316,0.24581005586592178,0.22797927461139897,0.4,0.2,0.046632124352331605,0.3263157894736842,0.15555555555555556,0.07253886010362694,0.3368421052631579,0.16201117318435754,0.15025906735751296,0.3684210526315789,0.5111111111111111,0.11917098445595854,0.35578947368421054,0.4666666666666667,0.21761658031088082,0.3957894736842105,0.4301675977653631,0.39896373056994816,0.4694736842105263,margin
llama31-8b-base,gemma4-12b-base,geometry_of_truth,987,12,0.0121580547112462,1000,0.017,0.9451282051282052,0.9223931623931624,0.4194017094017094,0.9451282051282052,0.14285714285714285,0.5833333333333334,0.024,0.09090909090909091,0.75,0.026,0.05583756345177665,0.9166666666666666,0.028,0.14285714285714285,0.5833333333333334,0.024,0.0707070707070707,0.5833333333333334,0.024,0.05583756345177665,0.9166666666666666,0.028,0.0,0.0,0.017,0.0,0.0,0.017,0.0,0.0,0.017,0.14285714285714285,0.5833333333333334,0.024,0.09090909090909091,0.75,0.026,0.05583756345177665,0.9166666666666666,0.028,margin
llama31-8b-base,gemma4-12b-base,imdb,883,73,0.08267270668176671,1018,0.16404715127701375,0.7840182648401826,0.44652460679857936,0.47713512599357355,0.7840182648401826,0.4090909090909091,0.2465753424657534,0.18172888015717092,0.3181818181818182,0.3835616438356164,0.19155206286836934,0.24293785310734464,0.589041095890411,0.206286836935167,0.022727272727272728,0.0136986301369863,0.1650294695481336,0.022727272727272728,0.0273972602739726,0.16601178781925344,0.05084745762711865,0.1232876712328767,0.17288801571709234,0.06818181818181818,0.0410958904109589,0.16699410609037327,0.06818181818181818,0.0821917808219178,0.16994106090373282,0.06779661016949153,0.1643835616438356,0.17583497053045186,0.4090909090909091,0.2465753424657534,0.18172888015717092,0.3181818181818182,0.3835616438356164,0.19155206286836934,0.24293785310734464,0.589041095890411,0.206286836935167,margin
llama31-8b-base,gemma4-12b-base,rte,68,27,0.39705882352941174,62,0.1935483870967742,0.6693766937669376,0.5998193315266486,0.4588979223125565,0.6693766937669376,1.0,0.1111111111111111,0.24193548387096775,0.5714285714285714,0.14814814814814814,0.25806451612903225,0.6428571428571429,0.3333333333333333,0.3387096774193548,0.3333333333333333,0.037037037037037035,0.20967741935483872,0.5714285714285714,0.14814814814814814,0.25806451612903225,0.42857142857142855,0.2222222222222222,0.2903225806451613,0.6666666666666666,0.07407407407407407,0.22580645161290322,0.7142857142857143,0.18518518518518517,0.27419354838709675,0.5,0.25925925925925924,0.3064516129032258,1.0,0.1111111111111111,0.24193548387096775,0.5714285714285714,0.14814814814814814,0.25806451612903225,0.6428571428571429,0.3333333333333333,0.3387096774193548,margin
llama31-8b-base,gemma4-12b-base,truthfulqa,238,26,0.1092436974789916,327,0.20489296636085627,0.8408925979680697,0.7712264150943396,0.3153120464441219,0.8408925979680697,0.5,0.23076923076923078,0.22324159021406728,0.3333333333333333,0.3076923076923077,0.22935779816513763,0.3125,0.5769230769230769,0.25076452599388377,0.4166666666666667,0.19230769230769232,0.22018348623853212,0.25,0.23076923076923078,0.22324159021406728,0.25,0.46153846153846156,0.2415902140672783,0.0,0.0,0.20489296636085627,0.0,0.0,0.20489296636085627,0.020833333333333332,0.038461538461538464,0.20795107033639143,0.5,0.23076923076923078,0.22324159021406728,0.3333333333333333,0.3076923076923077,0.22935779816513763,0.3125,0.5769230769230769,0.25076452599388377,margin
llama31-8b-base,gemma4-31b,boolq,794,122,0.15365239294710328,475,0.4589473684210526,0.692781518345043,0.5188085480093677,0.43985411787665885,0.692781518345043,0.325,0.10655737704918032,0.4863157894736842,0.3037974683544304,0.19672131147540983,0.5094736842105263,0.3018867924528302,0.39344262295081966,0.56,0.175,0.05737704918032787,0.47368421052631576,0.16455696202531644,0.10655737704918032,0.4863157894736842,0.15723270440251572,0.20491803278688525,0.511578947368421,0.125,0.040983606557377046,0.4694736842105263,0.08860759493670886,0.05737704918032787,0.47368421052631576,0.1069182389937107,0.13934426229508196,0.49473684210526314,0.325,0.10655737704918032,0.4863157894736842,0.3037974683544304,0.19672131147540983,0.5094736842105263,0.3018867924528302,0.39344262295081966,0.56,margin
llama31-8b-base,gemma4-31b,geometry_of_truth,901,9,0.009988901220865706,1000,0.103,0.8648480318883905,0.9302441454907822,0.33046836073741903,0.9302441454907822,0.08888888888888889,0.4444444444444444,0.107,0.05555555555555555,0.5555555555555556,0.108,0.03333333333333333,0.6666666666666666,0.109,0.13333333333333333,0.6666666666666666,0.109,0.07777777777777778,0.7777777777777778,0.11,0.044444444444444446,0.8888888888888888,0.111,0.0,0.0,0.103,0.0,0.0,0.103,0.005555555555555556,0.1111111111111111,0.104,0.13333333333333333,0.6666666666666666,0.109,0.07777777777777778,0.7777777777777778,0.11,0.044444444444444446,0.8888888888888888,0.111,anomaly
llama31-8b-base,gemma4-31b,rte,56,21,0.375,62,0.43548387096774194,0.6802721088435374,0.39591836734693875,0.5687074829931973,0.6802721088435374,1.0,0.14285714285714285,0.4838709677419355,0.8333333333333334,0.23809523809523808,0.5161290322580645,0.5454545454545454,0.2857142857142857,0.532258064516129,0.0,0.0,0.43548387096774194,0.16666666666666666,0.047619047619047616,0.45161290322580644,0.18181818181818182,0.09523809523809523,0.46774193548387094,0.6666666666666666,0.09523809523809523,0.46774193548387094,0.6666666666666666,0.19047619047619047,0.5,0.5454545454545454,0.2857142857142857,0.532258064516129,1.0,0.14285714285714285,0.4838709677419355,0.8333333333333334,0.23809523809523808,0.5161290322580645,0.5454545454545454,0.2857142857142857,0.532258064516129,margin
llama31-8b-base,gemma4-31b,truthfulqa,220,26,0.11818181818181818,327,0.25382262996941896,0.8396114195083267,0.6810071371927042,0.5650277557494052,0.8396114195083267,0.5454545454545454,0.23076923076923078,0.27217125382262997,0.45454545454545453,0.38461538461538464,0.28440366972477066,0.3181818181818182,0.5384615384615384,0.2966360856269113,0.2727272727272727,0.11538461538461539,0.26299694189602446,0.22727272727272727,0.19230769230769232,0.2691131498470948,0.1590909090909091,0.2692307692307692,0.27522935779816515,0.2727272727272727,0.11538461538461539,0.26299694189602446,0.13636363636363635,0.11538461538461539,0.26299694189602446,0.13636363636363635,0.23076923076923078,0.27217125382262997,0.5454545454545454,0.23076923076923078,0.27217125382262997,0.45454545454545453,0.38461538461538464,0.28440366972477066,0.3181818181818182,0.5384615384615384,0.2966360856269113,margin
llama31-8b-base,llama-8b,boolq,818,141,0.17237163814180928,475,0.3389473684210526,0.7299936096881319,0.5457012057785181,0.49159307332097174,0.7299936096881319,0.4634146341463415,0.1347517730496454,0.37894736842105264,0.36585365853658536,0.2127659574468085,0.40210526315789474,0.3597560975609756,0.41843971631205673,0.4631578947368421,0.14634146341463414,0.0425531914893617,0.35157894736842105,0.1951219512195122,0.11347517730496454,0.3726315789473684,0.18902439024390244,0.2198581560283688,0.40421052631578946,0.21951219512195122,0.06382978723404255,0.35789473684210527,0.14634146341463414,0.0851063829787234,0.3642105263157895,0.18292682926829268,0.2127659574468085,0.40210526315789474,0.4634146341463415,0.1347517730496454,0.37894736842105264,0.36585365853658536,0.2127659574468085,0.40210526315789474,0.3597560975609756,0.41843971631205673,0.4631578947368421,margin
llama31-8b-base,llama-8b,geometry_of_truth,997,14,0.014042126379137413,1000,0.011,0.924647580293562,0.9074262461851474,0.2977038221188781,0.924647580293562,0.16,0.5714285714285714,0.019,0.1,0.7142857142857143,0.021,0.06030150753768844,0.8571428571428571,0.023,0.12,0.42857142857142855,0.017,0.09,0.6428571428571429,0.02,0.06030150753768844,0.8571428571428571,0.023,0.0,0.0,0.011,0.0,0.0,0.011,0.0,0.0,0.011,0.16,0.5714285714285714,0.019,0.1,0.7142857142857143,0.021,0.06030150753768844,0.8571428571428571,0.023,margin
llama31-8b-base,llama-8b,imdb,938,70,0.07462686567164178,1018,0.0962671905697446,0.796346280447663,0.4854509545753785,0.5382488479262673,0.796346280447663,0.2765957446808511,0.18571428571428572,0.10903732809430255,0.23404255319148937,0.3142857142857143,0.11787819253438114,0.19680851063829788,0.5285714285714286,0.13261296660117877,0.0,0.0,0.0962671905697446,0.0425531914893617,0.05714285714285714,0.10019646365422397,0.06914893617021277,0.18571428571428572,0.10903732809430255,0.0425531914893617,0.02857142857142857,0.09823182711198428,0.06382978723404255,0.08571428571428572,0.10216110019646366,0.09042553191489362,0.24285714285714285,0.11296660117878192,0.2765957446808511,0.18571428571428572,0.10903732809430255,0.23404255319148937,0.3142857142857143,0.11787819253438114,0.19680851063829788,0.5285714285714286,0.13261296660117877,margin
llama31-8b-base,llama-8b,rte,64,23,0.359375,62,0.1935483870967742,0.6691410392364793,0.5026511134676563,0.5174973488865323,0.6691410392364793,1.0,0.13043478260869565,0.24193548387096775,0.6666666666666666,0.17391304347826086,0.25806451612903225,0.6153846153846154,0.34782608695652173,0.3225806451612903,0.3333333333333333,0.043478260869565216,0.20967741935483872,0.3333333333333333,0.08695652173913043,0.22580645161290322,0.38461538461538464,0.21739130434782608,0.27419354838709675,1.0,0.13043478260869565,0.24193548387096775,0.6666666666666666,0.17391304347826086,0.25806451612903225,0.46153846153846156,0.2608695652173913,0.2903225806451613,1.0,0.13043478260869565,0.24193548387096775,0.6666666666666666,0.17391304347826086,0.25806451612903225,0.6153846153846154,0.34782608695652173,0.3225806451612903,margin
llama31-8b-base,llama-8b,truthfulqa,266,33,0.12406015037593984,327,0.12232415902140673,0.8556379243074522,0.7293536220574848,0.3108336584731435,0.8556379243074522,0.23076923076923078,0.09090909090909091,0.13149847094801223,0.3333333333333333,0.2727272727272727,0.14984709480122324,0.37735849056603776,0.6060606060606061,0.1834862385321101,0.3076923076923077,0.12121212121212122,0.1345565749235474,0.37037037037037035,0.30303030303030304,0.1529051987767584,0.2830188679245283,0.45454545454545453,0.16819571865443425,0.0,0.0,0.12232415902140673,0.037037037037037035,0.030303030303030304,0.12538226299694188,0.07547169811320754,0.12121212121212122,0.1345565749235474,0.23076923076923078,0.09090909090909091,0.13149847094801223,0.3333333333333333,0.2727272727272727,0.14984709480122324,0.37735849056603776,0.6060606060606061,0.1834862385321101,margin
llama31-8b-base,llama31-405b,boolq,726,35,0.048209366391184574,475,0.5221052631578947,0.6976638412238991,0.49084143063882574,0.5802770312176969,0.6976638412238991,0.05555555555555555,0.05714285714285714,0.5263157894736842,0.0821917808219178,0.17142857142857143,0.5347368421052632,0.1103448275862069,0.45714285714285713,0.5557894736842105,0.05555555555555555,0.05714285714285714,0.5263157894736842,0.0547945205479452,0.11428571428571428,0.5305263157894737,0.041379310344827586,0.17142857142857143,0.5347368421052632,0.16666666666666666,0.17142857142857143,0.5347368421052632,0.0821917808219178,0.17142857142857143,0.5347368421052632,0.06896551724137931,0.2857142857142857,0.5431578947368421,0.05555555555555555,0.05714285714285714,0.5263157894736842,0.0821917808219178,0.17142857142857143,0.5347368421052632,0.1103448275862069,0.45714285714285713,0.5557894736842105,margin
llama31-8b-base,llama31-405b,geometry_of_truth,990,8,0.00808080808080808,1000,0.015,0.9369908350305499,0.909877800407332,0.38429226069246436,0.9369908350305499,0.08,0.5,0.019,0.06060606060606061,0.75,0.021,0.03535353535353535,0.875,0.022,0.04,0.25,0.017,0.04040404040404041,0.5,0.019,0.04040404040404041,1.0,0.023,0.0,0.0,0.015,0.0,0.0,0.015,0.005050505050505051,0.125,0.016,0.08,0.5,0.019,0.06060606060606061,0.75,0.021,0.03535353535353535,0.875,0.022,margin
llama31-8b-base,llama31-405b,imdb,930,53,0.05698924731182796,1018,0.09430255402750491,0.7775650265699964,0.4755921774488501,0.47866870334115014,0.7775650265699964,0.2391304347826087,0.20754716981132076,0.10510805500982318,0.17204301075268819,0.3018867924528302,0.1100196463654224,0.14516129032258066,0.5094339622641509,0.12082514734774066,0.021739130434782608,0.018867924528301886,0.09528487229862476,0.03225806451612903,0.05660377358490566,0.09724950884086445,0.043010752688172046,0.1509433962264151,0.10216110019646366,0.06521739130434782,0.05660377358490566,0.09724950884086445,0.053763440860215055,0.09433962264150944,0.09921414538310412,0.043010752688172046,0.1509433962264151,0.10216110019646366,0.2391304347826087,0.20754716981132076,0.10510805500982318,0.17204301075268819,0.3018867924528302,0.1100196463654224,0.14516129032258066,0.5094339622641509,0.12082514734774066,margin
llama31-8b-base,llama31-405b,rte,56,14,0.25,62,0.3709677419354839,0.8214285714285714,0.42517006802721086,0.6479591836734694,0.8214285714285714,0.3333333333333333,0.07142857142857142,0.3870967741935484,0.6666666666666666,0.2857142857142857,0.43548387096774194,0.6363636363636364,0.5,0.4838709677419355,0.3333333333333333,0.07142857142857142,0.3870967741935484,0.3333333333333333,0.14285714285714285,0.4032258064516129,0.18181818181818182,0.14285714285714285,0.4032258064516129,0.0,0.0,0.3709677419354839,0.16666666666666666,0.07142857142857142,0.3870967741935484,0.18181818181818182,0.14285714285714285,0.4032258064516129,0.3333333333333333,0.07142857142857142,0.3870967741935484,0.6666666666666666,0.2857142857142857,0.43548387096774194,0.6363636363636364,0.5,0.4838709677419355,margin
llama31-8b-base,llama31-405b,truthfulqa,248,13,0.05241935483870968,327,0.18042813455657492,0.904746317512275,0.6782324058919803,0.17937806873977086,0.904746317512275,0.3333333333333333,0.3076923076923077,0.1926605504587156,0.32,0.6153846153846154,0.20489296636085627,0.2,0.7692307692307693,0.21100917431192662,0.16666666666666666,0.15384615384615385,0.18654434250764526,0.08,0.15384615384615385,0.18654434250764526,0.12,0.46153846153846156,0.19877675840978593,0.0,0.0,0.18042813455657492,0.0,0.0,0.18042813455657492,0.0,0.0,0.18042813455657492,0.3333333333333333,0.3076923076923077,0.1926605504587156,0.32,0.6153846153846154,0.20489296636085627,0.2,0.7692307692307693,0.21100917431192662,margin
llama31-8b-base,llama31-70b,boolq,745,58,0.07785234899328859,475,0.48,0.7275008783817698,0.5472318425939868,0.5549616021683481,0.7275008783817698,0.16216216216216217,0.10344827586206896,0.4926315789473684,0.21621621621621623,0.27586206896551724,0.5136842105263157,0.18120805369127516,0.46551724137931033,0.5368421052631579,0.08108108108108109,0.05172413793103448,0.4863157894736842,0.08108108108108109,0.10344827586206896,0.4926315789473684,0.06711409395973154,0.1724137931034483,0.5010526315789474,0.13513513513513514,0.08620689655172414,0.4905263157894737,0.13513513513513514,0.1724137931034483,0.5010526315789474,0.10738255033557047,0.27586206896551724,0.5136842105263157,0.16216216216216217,0.10344827586206896,0.4926315789473684,0.21621621621621623,0.27586206896551724,0.5136842105263157,0.18120805369127516,0.46551724137931033,0.5368421052631579,margin
llama31-8b-base,llama31-70b,geometry_of_truth,996,9,0.009036144578313253,1000,0.015,0.905437352245863,0.9128672745694022,0.26612630867950016,0.9128672745694022,0.08,0.4444444444444444,0.019,0.07,0.7777777777777778,0.022,0.04020100502512563,0.8888888888888888,0.023,0.04,0.2222222222222222,0.017,0.07,0.7777777777777778,0.022,0.035175879396984924,0.7777777777777778,0.022,0.0,0.0,0.015,0.0,0.0,0.015,0.0,0.0,0.015,0.04,0.2222222222222222,0.017,0.07,0.7777777777777778,0.022,0.035175879396984924,0.7777777777777778,0.022,anomaly
llama31-8b-base,llama31-70b,imdb,922,53,0.057483731019522775,1018,0.09037328094302555,0.8069131728076079,0.48958898755889446,0.47627939292615673,0.8069131728076079,0.1956521739130435,0.16981132075471697,0.09921414538310412,0.2391304347826087,0.41509433962264153,0.11198428290766209,0.1956521739130435,0.6792452830188679,0.12573673870333987,0.0,0.0,0.09037328094302555,0.043478260869565216,0.07547169811320754,0.09430255402750491,0.05434782608695652,0.18867924528301888,0.10019646365422397,0.10869565217391304,0.09433962264150944,0.09528487229862476,0.09782608695652174,0.16981132075471697,0.09921414538310412,0.07608695652173914,0.2641509433962264,0.10412573673870335,0.1956521739130435,0.16981132075471697,0.09921414538310412,0.2391304347826087,0.41509433962264153,0.11198428290766209,0.1956521739130435,0.6792452830188679,0.12573673870333987,margin
llama31-8b-base,llama31-70b,rte,57,15,0.2631578947368421,62,0.3548387096774194,0.8365079365079365,0.46984126984126984,0.661904761904762,0.8365079365079365,0.6666666666666666,0.13333333333333333,0.3870967741935484,0.6666666666666666,0.26666666666666666,0.41935483870967744,0.7272727272727273,0.5333333333333333,0.4838709677419355,0.0,0.0,0.3548387096774194,0.3333333333333333,0.13333333333333333,0.3870967741935484,0.18181818181818182,0.13333333333333333,0.3870967741935484,0.6666666666666666,0.13333333333333333,0.3870967741935484,0.5,0.2,0.4032258064516129,0.45454545454545453,0.3333333333333333,0.43548387096774194,0.6666666666666666,0.13333333333333333,0.3870967741935484,0.6666666666666666,0.26666666666666666,0.41935483870967744,0.7272727272727273,0.5333333333333333,0.4838709677419355,margin
llama31-8b-base,llama31-70b,truthfulqa,253,20,0.07905138339920949,327,0.1743119266055046,0.8354077253218883,0.7624463519313304,0.30600858369098716,0.8354077253218883,0.15384615384615385,0.1,0.18042813455657492,0.28,0.35,0.19571865443425077,0.2549019607843137,0.65,0.21406727828746178,0.3076923076923077,0.2,0.18654434250764526,0.32,0.4,0.19877675840978593,0.19607843137254902,0.5,0.20489296636085627,0.0,0.0,0.1743119266055046,0.0,0.0,0.1743119266055046,0.0196078431372549,0.05,0.17737003058103976,0.15384615384615385,0.1,0.18042813455657492,0.28,0.35,0.19571865443425077,0.2549019607843137,0.65,0.21406727828746178,margin
llama31-8b-base,llama31-70b-base,boolq,791,119,0.1504424778761062,475,0.3894736842105263,0.7748474389755903,0.5198829531812724,0.4839435774309723,0.7748474389755903,0.475,0.15966386554621848,0.42947368421052634,0.3924050632911392,0.2605042016806723,0.45473684210526316,0.36075949367088606,0.4789915966386555,0.5094736842105263,0.15,0.05042016806722689,0.40210526315789474,0.1518987341772152,0.10084033613445378,0.4147368421052632,0.16455696202531644,0.2184873949579832,0.4442105263157895,0.15,0.05042016806722689,0.40210526315789474,0.189873417721519,0.12605042016806722,0.42105263157894735,0.1962025316455696,0.2605042016806723,0.45473684210526316,0.475,0.15966386554621848,0.42947368421052634,0.3924050632911392,0.2605042016806723,0.45473684210526316,0.36075949367088606,0.4789915966386555,0.5094736842105263,margin
llama31-8b-base,llama31-70b-base,geometry_of_truth,988,9,0.009109311740890687,1000,0.019,0.9254341164453525,0.8890023833844058,0.3092725002837362,0.9254341164453525,0.08163265306122448,0.4444444444444444,0.023,0.0707070707070707,0.7777777777777778,0.026,0.04040404040404041,0.8888888888888888,0.027,0.08163265306122448,0.4444444444444444,0.023,0.050505050505050504,0.5555555555555556,0.024,0.03535353535353535,0.7777777777777778,0.026,0.0,0.0,0.019,0.0,0.0,0.019,0.0,0.0,0.019,0.08163265306122448,0.4444444444444444,0.023,0.0707070707070707,0.7777777777777778,0.026,0.04040404040404041,0.8888888888888888,0.027,margin
llama31-8b-base,llama31-70b-base,imdb,909,64,0.0704070407040704,1018,0.12671905697445973,0.7964127218934911,0.46815828402366866,0.4686760355029585,0.7964127218934911,0.37777777777777777,0.265625,0.14341846758349705,0.26373626373626374,0.375,0.15029469548133595,0.1978021978021978,0.5625,0.16208251473477406,0.0,0.0,0.12671905697445973,0.04395604395604396,0.0625,0.13064833005893908,0.054945054945054944,0.15625,0.13654223968565815,0.044444444444444446,0.03125,0.12868369351669942,0.03296703296703297,0.046875,0.12966601178781925,0.06593406593406594,0.1875,0.13850687622789784,0.37777777777777777,0.265625,0.14341846758349705,0.26373626373626374,0.375,0.15029469548133595,0.1978021978021978,0.5625,0.16208251473477406,margin
llama31-8b-base,llama31-70b-base,rte,62,21,0.3387096774193548,62,0.3064516129032258,0.7607433217189314,0.3995354239256678,0.6422764227642276,0.7607433217189314,0.6666666666666666,0.09523809523809523,0.3387096774193548,0.6666666666666666,0.19047619047619047,0.3709677419354839,0.6666666666666666,0.38095238095238093,0.43548387096774194,0.3333333333333333,0.047619047619047616,0.3225806451612903,0.16666666666666666,0.047619047619047616,0.3225806451612903,0.25,0.14285714285714285,0.3548387096774194,0.6666666666666666,0.09523809523809523,0.3387096774193548,0.6666666666666666,0.19047619047619047,0.3709677419354839,0.6666666666666666,0.38095238095238093,0.43548387096774194,0.6666666666666666,0.09523809523809523,0.3387096774193548,0.6666666666666666,0.19047619047619047,0.3709677419354839,0.6666666666666666,0.38095238095238093,0.43548387096774194,margin
llama31-8b-base,llama31-70b-base,truthfulqa,243,29,0.11934156378600823,327,0.18042813455657492,0.840154689010635,0.7263938124395747,0.3870447953593297,0.840154689010635,0.3333333333333333,0.13793103448275862,0.1926605504587156,0.5,0.41379310344827586,0.21712538226299694,0.3469387755102041,0.5862068965517241,0.2324159021406728,0.16666666666666666,0.06896551724137931,0.18654434250764526,0.2916666666666667,0.2413793103448276,0.2018348623853211,0.24489795918367346,0.41379310344827586,0.21712538226299694,0.0,0.0,0.18042813455657492,0.041666666666666664,0.034482758620689655,0.1834862385321101,0.04081632653061224,0.06896551724137931,0.18654434250764526,0.3333333333333333,0.13793103448275862,0.1926605504587156,0.5,0.41379310344827586,0.21712538226299694,0.3469387755102041,0.5862068965517241,0.2324159021406728,margin
llama31-8b-base,qwen3-32b,boolq,759,74,0.09749670619235837,475,0.44842105263157894,0.7135726967843757,0.6111461826790294,0.4981258630893668,0.7135726967843757,0.2631578947368421,0.13513513513513514,0.4694736842105263,0.2236842105263158,0.22972972972972974,0.4842105263157895,0.21710526315789475,0.44594594594594594,0.5178947368421053,0.15789473684210525,0.08108108108108109,0.4610526315789474,0.11842105263157894,0.12162162162162163,0.4673684210526316,0.13157894736842105,0.2702702702702703,0.4905263157894737,0.10526315789473684,0.05405405405405406,0.4568421052631579,0.13157894736842105,0.13513513513513514,0.4694736842105263,0.1118421052631579,0.22972972972972974,0.4842105263157895,0.2631578947368421,0.13513513513513514,0.4694736842105263,0.2236842105263158,0.22972972972972974,0.4842105263157895,0.21710526315789475,0.44594594594594594,0.5178947368421053,margin
llama31-8b-base,qwen3-32b,geometry_of_truth,990,10,0.010101010101010102,1000,0.013,0.9364285714285714,0.9166326530612244,0.3120408163265306,0.9364285714285714,0.1,0.5,0.018,0.0707070707070707,0.7,0.02,0.045454545454545456,0.9,0.022,0.1,0.5,0.018,0.0707070707070707,0.7,0.02,0.045454545454545456,0.9,0.022,0.0,0.0,0.013,0.0,0.0,0.013,0.0,0.0,0.013,0.1,0.5,0.018,0.0707070707070707,0.7,0.02,0.045454545454545456,0.9,0.022,margin
llama31-8b-base,qwen3-32b,imdb,921,57,0.06188925081433225,1018,0.09921414538310412,0.7645183560753737,0.4771158219623131,0.4280376868096166,0.7645183560753737,0.2608695652173913,0.21052631578947367,0.11100196463654224,0.22826086956521738,0.3684210526315789,0.11984282907662082,0.15760869565217392,0.5087719298245614,0.12770137524557956,0.0,0.0,0.09921414538310412,0.03260869565217391,0.05263157894736842,0.10216110019646366,0.059782608695652176,0.19298245614035087,0.1100196463654224,0.043478260869565216,0.03508771929824561,0.10117878192534381,0.05434782608695652,0.08771929824561403,0.10412573673870335,0.05434782608695652,0.17543859649122806,0.10903732809430255,0.2608695652173913,0.21052631578947367,0.11100196463654224,0.22826086956521738,0.3684210526315789,0.11984282907662082,0.15760869565217392,0.5087719298245614,0.12770137524557956,margin
llama31-8b-base,qwen3-32b,rte,58,16,0.27586206896551724,62,0.3225806451612903,0.9285714285714285,0.6755952380952381,0.6934523809523809,0.9285714285714285,1.0,0.1875,0.3709677419354839,0.8333333333333334,0.3125,0.4032258064516129,0.8333333333333334,0.625,0.4838709677419355,0.3333333333333333,0.0625,0.3387096774193548,0.5,0.1875,0.3709677419354839,0.5,0.375,0.41935483870967744,1.0,0.1875,0.3709677419354839,0.8333333333333334,0.3125,0.4032258064516129,0.5833333333333334,0.4375,0.43548387096774194,1.0,0.1875,0.3709677419354839,0.8333333333333334,0.3125,0.4032258064516129,0.8333333333333334,0.625,0.4838709677419355,margin
llama31-8b-base,qwen3-32b,truthfulqa,246,14,0.056910569105691054,327,0.1834862385321101,0.8629926108374384,0.6995073891625616,0.2823275862068965,0.8629926108374384,0.25,0.21428571428571427,0.1926605504587156,0.32,0.5714285714285714,0.20795107033639143,0.20408163265306123,0.7142857142857143,0.21406727828746178,0.16666666666666666,0.14285714285714285,0.18960244648318042,0.12,0.21428571428571427,0.1926605504587156,0.10204081632653061,0.35714285714285715,0.19877675840978593,0.0,0.0,0.1834862385321101,0.0,0.0,0.1834862385321101,0.0,0.0,0.1834862385321101,0.25,0.21428571428571427,0.1926605504587156,0.32,0.5714285714285714,0.20795107033639143,0.20408163265306123,0.7142857142857143,0.21406727828746178,margin
llama31-8b-base,qwen3-8b,boolq,781,105,0.13444302176696543,475,0.40421052631578946,0.7645533953226262,0.47303465765004227,0.5318117779656241,0.7645533953226262,0.4358974358974359,0.1619047619047619,0.44,0.3974358974358974,0.29523809523809524,0.4694736842105263,0.3076923076923077,0.45714285714285713,0.5052631578947369,0.05128205128205128,0.01904761904761905,0.40842105263157896,0.10256410256410256,0.0761904761904762,0.42105263157894735,0.11538461538461539,0.17142857142857143,0.4421052631578947,0.23076923076923078,0.08571428571428572,0.4231578947368421,0.24358974358974358,0.18095238095238095,0.4442105263157895,0.1858974358974359,0.2761904761904762,0.4652631578947368,0.4358974358974359,0.1619047619047619,0.44,0.3974358974358974,0.29523809523809524,0.4694736842105263,0.3076923076923077,0.45714285714285713,0.5052631578947369,margin
llama31-8b-base,qwen3-8b,geometry_of_truth,986,14,0.014198782961460446,1000,0.015,0.9520870076425633,0.8944003527336861,0.42203115814226927,0.9520870076425633,0.20408163265306123,0.7142857142857143,0.025,0.1111111111111111,0.7857142857142857,0.026,0.06598984771573604,0.9285714285714286,0.028,0.08163265306122448,0.2857142857142857,0.019,0.08080808080808081,0.5714285714285714,0.023,0.05583756345177665,0.7857142857142857,0.026,0.0,0.0,0.015,0.0,0.0,0.015,0.01015228426395939,0.14285714285714285,0.017,0.20408163265306123,0.7142857142857143,0.025,0.1111111111111111,0.7857142857142857,0.026,0.06598984771573604,0.9285714285714286,0.028,margin
llama31-8b-base,qwen3-8b,imdb,912,59,0.06469298245614036,1018,0.11394891944990176,0.7967691298905161,0.47435770063782856,0.45488505176148,0.7967691298905161,0.2391304347826087,0.1864406779661017,0.12475442043222004,0.23076923076923078,0.3559322033898305,0.13457760314341846,0.18681318681318682,0.576271186440678,0.14734774066797643,0.0,0.0,0.11394891944990176,0.03296703296703297,0.05084745762711865,0.1168958742632613,0.054945054945054944,0.1694915254237288,0.1237721021611002,0.06521739130434782,0.05084745762711865,0.1168958742632613,0.06593406593406594,0.1016949152542373,0.11984282907662082,0.054945054945054944,0.1694915254237288,0.1237721021611002,0.2391304347826087,0.1864406779661017,0.12475442043222004,0.23076923076923078,0.3559322033898305,0.13457760314341846,0.18681318681318682,0.576271186440678,0.14734774066797643,margin
llama31-8b-base,qwen3-8b,rte,54,14,0.25925925925925924,62,0.3548387096774194,0.8714285714285713,0.5982142857142857,0.49642857142857144,0.8714285714285713,1.0,0.21428571428571427,0.4032258064516129,0.8,0.2857142857142857,0.41935483870967744,0.7272727272727273,0.5714285714285714,0.4838709677419355,0.3333333333333333,0.07142857142857142,0.3709677419354839,0.6,0.21428571428571427,0.4032258064516129,0.36363636363636365,0.2857142857142857,0.41935483870967744,0.0,0.0,0.3548387096774194,0.2,0.07142857142857142,0.3709677419354839,0.2727272727272727,0.21428571428571427,0.4032258064516129,1.0,0.21428571428571427,0.4032258064516129,0.8,0.2857142857142857,0.41935483870967744,0.7272727272727273,0.5714285714285714,0.4838709677419355,margin
llama31-8b-base,qwen3-8b,truthfulqa,253,26,0.10276679841897234,327,0.1620795107033639,0.8922399186716368,0.6875635377838021,0.3815655709928838,0.8922399186716368,0.46153846153846156,0.23076923076923078,0.18042813455657492,0.56,0.5384615384615384,0.20489296636085627,0.37254901960784315,0.7307692307692307,0.22018348623853212,0.23076923076923078,0.11538461538461539,0.1712538226299694,0.24,0.23076923076923078,0.18042813455657492,0.21568627450980393,0.4230769230769231,0.19571865443425077,0.0,0.0,0.1620795107033639,0.08,0.07692307692307693,0.16819571865443425,0.058823529411764705,0.11538461538461539,0.1712538226299694,0.46153846153846156,0.23076923076923078,0.18042813455657492,0.56,0.5384615384615384,0.20489296636085627,0.37254901960784315,0.7307692307692307,0.22018348623853212,margin
llama31-8b-base,qwen3-8b-base,boolq,802,118,0.14713216957605985,475,0.37473684210526315,0.7668376449598574,0.5203811081375755,0.5169863217365448,0.7668376449598574,0.425,0.1440677966101695,0.4105263157894737,0.3875,0.2627118644067797,0.44,0.35625,0.4830508474576271,0.49473684210526314,0.15,0.05084745762711865,0.3873684210526316,0.1375,0.09322033898305085,0.39789473684210525,0.175,0.23728813559322035,0.4336842105263158,0.25,0.0847457627118644,0.3957894736842105,0.2375,0.16101694915254236,0.4147368421052632,0.2,0.2711864406779661,0.4421052631578947,0.425,0.1440677966101695,0.4105263157894737,0.3875,0.2627118644067797,0.44,0.35625,0.4830508474576271,0.49473684210526314,margin
llama31-8b-base,qwen3-8b-base,geometry_of_truth,988,12,0.012145748987854251,1000,0.017,0.95525956284153,0.9204234972677596,0.37260928961748635,0.95525956284153,0.1836734693877551,0.75,0.026,0.09090909090909091,0.75,0.026,0.06060606060606061,1.0,0.029,0.10204081632653061,0.4166666666666667,0.022,0.08080808080808081,0.6666666666666666,0.025,0.05555555555555555,0.9166666666666666,0.028,0.0,0.0,0.017,0.0,0.0,0.017,0.005050505050505051,0.08333333333333333,0.018,0.1836734693877551,0.75,0.026,0.09090909090909091,0.75,0.026,0.06060606060606061,1.0,0.029,margin
llama31-8b-base,qwen3-8b-base,imdb,938,65,0.06929637526652452,1018,0.10216110019646366,0.8085646312450436,0.4679002555291215,0.48531148118776984,0.8085646312450436,0.40425531914893614,0.2923076923076923,0.12082514734774066,0.2872340425531915,0.4153846153846154,0.12868369351669942,0.21808510638297873,0.6307692307692307,0.14243614931237722,0.0,0.0,0.10216110019646366,0.031914893617021274,0.046153846153846156,0.10510805500982318,0.05319148936170213,0.15384615384615385,0.11198428290766209,0.10638297872340426,0.07692307692307693,0.10707269155206287,0.06382978723404255,0.09230769230769231,0.10805500982318271,0.06914893617021277,0.2,0.11493123772102161,0.40425531914893614,0.2923076923076923,0.12082514734774066,0.2872340425531915,0.4153846153846154,0.12868369351669942,0.21808510638297873,0.6307692307692307,0.14243614931237722,margin
llama31-8b-base,qwen3-8b-base,rte,61,20,0.32786885245901637,62,0.24193548387096775,0.8170731707317074,0.5658536585365854,0.6024390243902439,0.8170731707317074,0.3333333333333333,0.05,0.25806451612903225,0.5,0.15,0.2903225806451613,0.5833333333333334,0.35,0.3548387096774194,0.3333333333333333,0.05,0.25806451612903225,0.5,0.15,0.2903225806451613,0.4166666666666667,0.25,0.3225806451612903,0.3333333333333333,0.05,0.25806451612903225,0.16666666666666666,0.05,0.25806451612903225,0.25,0.15,0.2903225806451613,0.3333333333333333,0.05,0.25806451612903225,0.5,0.15,0.2903225806451613,0.5833333333333334,0.35,0.3548387096774194,margin
llama31-8b-base,qwen3-8b-base,truthfulqa,253,26,0.10276679841897234,327,0.18654434250764526,0.8468315825144019,0.745679430701457,0.4330735343951203,0.8468315825144019,0.3076923076923077,0.15384615384615385,0.19877675840978593,0.36,0.34615384615384615,0.21406727828746178,0.27450980392156865,0.5384615384615384,0.22935779816513763,0.15384615384615385,0.07692307692307693,0.1926605504587156,0.24,0.23076923076923078,0.20489296636085627,0.27450980392156865,0.5384615384615384,0.22935779816513763,0.0,0.0,0.18654434250764526,0.0,0.0,0.18654434250764526,0.0392156862745098,0.07692307692307693,0.1926605504587156,0.3076923076923077,0.15384615384615385,0.19877675840978593,0.36,0.34615384615384615,0.21406727828746178,0.27450980392156865,0.5384615384615384,0.22935779816513763,margin
llama31-8b-base,qwen38-27b,boolq,737,56,0.07598371777476255,475,0.48,0.7418711978183343,0.5740507656807217,0.5644797566603734,0.7418711978183343,0.13513513513513514,0.08928571428571429,0.4905263157894737,0.17567567567567569,0.23214285714285715,0.5073684210526316,0.17687074829931973,0.4642857142857143,0.5347368421052632,0.08108108108108109,0.05357142857142857,0.4863157894736842,0.10810810810810811,0.14285714285714285,0.4968421052631579,0.10884353741496598,0.2857142857142857,0.5136842105263157,0.21621621621621623,0.14285714285714285,0.4968421052631579,0.14864864864864866,0.19642857142857142,0.5031578947368421,0.10204081632653061,0.26785714285714285,0.511578947368421,0.13513513513513514,0.08928571428571429,0.4905263157894737,0.17567567567567569,0.23214285714285715,0.5073684210526316,0.17687074829931973,0.4642857142857143,0.5347368421052632,margin
llama31-8b-base,qwen38-27b,geometry_of_truth,985,10,0.01015228426395939,1000,0.018,0.9092307692307693,0.9318974358974359,0.2852307692307693,0.9318974358974359,0.10204081632653061,0.5,0.023,0.061224489795918366,0.6,0.024,0.04060913705583756,0.8,0.026,0.10204081632653061,0.5,0.023,0.07142857142857142,0.7,0.025,0.050761421319796954,1.0,0.028,0.0,0.0,0.018,0.0,0.0,0.018,0.0,0.0,0.018,0.10204081632653061,0.5,0.023,0.07142857142857142,0.7,0.025,0.050761421319796954,1.0,0.028,anomaly
llama31-8b-base,qwen38-27b,rte,57,15,0.2631578947368421,62,0.3387096774193548,0.9222222222222223,0.6206349206349207,0.6523809523809525,0.9222222222222223,1.0,0.2,0.3870967741935484,0.6666666666666666,0.26666666666666666,0.4032258064516129,0.7272727272727273,0.5333333333333333,0.46774193548387094,0.6666666666666666,0.13333333333333333,0.3709677419354839,0.5,0.2,0.3870967741935484,0.36363636363636365,0.26666666666666666,0.4032258064516129,0.3333333333333333,0.06666666666666667,0.3548387096774194,0.3333333333333333,0.13333333333333333,0.3709677419354839,0.36363636363636365,0.26666666666666666,0.4032258064516129,1.0,0.2,0.3870967741935484,0.6666666666666666,0.26666666666666666,0.4032258064516129,0.7272727272727273,0.5333333333333333,0.46774193548387094,margin
llama31-8b-base,qwen38-27b,truthfulqa,248,18,0.07258064516129033,327,0.18960244648318042,0.8103864734299516,0.711111111111111,0.4782608695652174,0.8103864734299516,0.25,0.16666666666666666,0.19877675840978593,0.28,0.3888888888888889,0.21100917431192662,0.18,0.5,0.21712538226299694,0.0,0.0,0.18960244648318042,0.16,0.2222222222222222,0.2018348623853211,0.12,0.3333333333333333,0.20795107033639143,0.16666666666666666,0.1111111111111111,0.19571865443425077,0.12,0.16666666666666666,0.19877675840978593,0.1,0.2777777777777778,0.20489296636085627,0.25,0.16666666666666666,0.19877675840978593,0.28,0.3888888888888889,0.21100917431192662,0.18,0.5,0.21712538226299694,margin
olmo3-7b,gemma2-9b,boolq,762,71,0.09317585301837271,475,0.37473684210526315,0.7427488228939484,0.4560648987994538,0.5406942377856138,0.7427488228939484,0.3157894736842105,0.16901408450704225,0.4,0.2631578947368421,0.28169014084507044,0.4168421052631579,0.23684210526315788,0.5070422535211268,0.45052631578947366,0.07894736842105263,0.04225352112676056,0.38105263157894737,0.09210526315789473,0.09859154929577464,0.3894736842105263,0.05921052631578947,0.1267605633802817,0.3936842105263158,0.10526315789473684,0.056338028169014086,0.3831578947368421,0.05263157894736842,0.056338028169014086,0.3831578947368421,0.1118421052631579,0.23943661971830985,0.4105263157894737,0.3157894736842105,0.16901408450704225,0.4,0.2631578947368421,0.28169014084507044,0.4168421052631579,0.23684210526315788,0.5070422535211268,0.45052631578947366,margin
olmo3-7b,gemma2-9b,geometry_of_truth,975,11,0.011282051282051283,1000,0.033,0.9321953979630329,0.9048472274613353,0.33572236891738966,0.9321953979630329,0.10204081632653061,0.45454545454545453,0.038,0.08163265306122448,0.7272727272727273,0.041,0.05641025641025641,1.0,0.044,0.10204081632653061,0.45454545454545453,0.038,0.061224489795918366,0.5454545454545454,0.039,0.046153846153846156,0.8181818181818182,0.042,0.0,0.0,0.033,0.0,0.0,0.033,0.0,0.0,0.033,0.10204081632653061,0.45454545454545453,0.038,0.08163265306122448,0.7272727272727273,0.041,0.05641025641025641,1.0,0.044,margin
olmo3-7b,gemma2-9b,imdb,979,77,0.07865168539325842,1018,0.05893909626719057,0.8236818613758747,0.4526449160595502,0.5290983960607021,0.8236818613758747,0.3877551020408163,0.24675324675324675,0.07760314341846758,0.336734693877551,0.42857142857142855,0.09135559921414538,0.2755102040816326,0.7012987012987013,0.11198428290766209,0.0,0.0,0.05893909626719057,0.02040816326530612,0.025974025974025976,0.060903732809430254,0.07142857142857142,0.18181818181818182,0.07269155206286837,0.14285714285714285,0.09090909090909091,0.06581532416502947,0.09183673469387756,0.11688311688311688,0.06777996070726916,0.09183673469387756,0.23376623376623376,0.07662082514734773,0.3877551020408163,0.24675324675324675,0.07760314341846758,0.336734693877551,0.42857142857142855,0.09135559921414538,0.2755102040816326,0.7012987012987013,0.11198428290766209,margin
olmo3-7b,gemma2-9b,rte,56,12,0.21428571428571427,62,0.27419354838709675,0.8087121212121212,0.5568181818181818,0.5037878787878788,0.8087121212121212,0.6666666666666666,0.16666666666666666,0.3064516129032258,0.5,0.25,0.3225806451612903,0.5454545454545454,0.5,0.3709677419354839,0.3333333333333333,0.08333333333333333,0.2903225806451613,0.3333333333333333,0.16666666666666666,0.3064516129032258,0.36363636363636365,0.3333333333333333,0.3387096774193548,0.3333333333333333,0.08333333333333333,0.2903225806451613,0.3333333333333333,0.16666666666666666,0.3064516129032258,0.2727272727272727,0.25,0.3225806451612903,0.6666666666666666,0.16666666666666666,0.3064516129032258,0.5,0.25,0.3225806451612903,0.5454545454545454,0.5,0.3709677419354839,margin
olmo3-7b,gemma2-9b,truthfulqa,264,19,0.07196969696969698,327,0.21712538226299694,0.81031149301826,0.7974221267454349,0.45220193340494097,0.81031149301826,0.15384615384615385,0.10526315789473684,0.22324159021406728,0.15384615384615385,0.21052631578947367,0.22935779816513763,0.16981132075471697,0.47368421052631576,0.24464831804281345,0.38461538461538464,0.2631578947368421,0.2324159021406728,0.19230769230769232,0.2631578947368421,0.2324159021406728,0.18867924528301888,0.5263157894736842,0.24770642201834864,0.0,0.0,0.21712538226299694,0.0,0.0,0.21712538226299694,0.07547169811320754,0.21052631578947367,0.22935779816513763,0.15384615384615385,0.10526315789473684,0.22324159021406728,0.15384615384615385,0.21052631578947367,0.22935779816513763,0.16981132075471697,0.47368421052631576,0.24464831804281345,margin
olmo3-7b,gemma4-12b,boolq,949,216,0.22760800842992623,475,0.4968421052631579,0.7411449648830277,0.5317821231873073,0.6775744025061897,0.7411449648830277,0.7021276595744681,0.1527777777777778,0.5663157894736842,0.5263157894736842,0.23148148148148148,0.6021052631578947,0.4842105263157895,0.42592592592592593,0.6905263157894737,0.3617021276595745,0.0787037037037037,0.5326315789473685,0.29473684210526313,0.12962962962962962,0.5557894736842105,0.2894736842105263,0.25462962962962965,0.6126315789473684,0.48936170212765956,0.10648148148148148,0.5452631578947369,0.4105263157894737,0.18055555555555555,0.5789473684210527,0.43157894736842106,0.37962962962962965,0.6694736842105263,0.7021276595744681,0.1527777777777778,0.5663157894736842,0.5263157894736842,0.23148148148148148,0.6021052631578947,0.4842105263157895,0.42592592592592593,0.6905263157894737,margin
olmo3-7b,gemma4-12b,geometry_of_truth,688,24,0.03488372093023256,1000,0.308,0.8385416666666666,0.7335592369477911,0.41528614457831325,0.8385416666666666,0.11764705882352941,0.16666666666666666,0.312,0.18840579710144928,0.5416666666666666,0.321,0.10869565217391304,0.625,0.323,0.11764705882352941,0.16666666666666666,0.312,0.13043478260869565,0.375,0.317,0.07246376811594203,0.4166666666666667,0.318,0.029411764705882353,0.041666666666666664,0.309,0.014492753623188406,0.041666666666666664,0.309,0.014492753623188406,0.08333333333333333,0.31,0.11764705882352941,0.16666666666666666,0.312,0.18840579710144928,0.5416666666666666,0.321,0.10869565217391304,0.625,0.323,margin
olmo3-7b,gemma4-12b,imdb,599,70,0.11686143572621036,1018,0.43418467583497056,0.7744261409667836,0.5144477450715635,0.490359168241966,0.7744261409667836,0.26666666666666666,0.11428571428571428,0.44204322200392926,0.35,0.3,0.4548133595284872,0.2916666666666667,0.5,0.468565815324165,0.13333333333333333,0.05714285714285714,0.4381139489194499,0.16666666666666666,0.14285714285714285,0.444007858546169,0.14166666666666666,0.24285714285714285,0.45088408644400785,0.2,0.08571428571428572,0.4400785854616896,0.13333333333333333,0.11428571428571428,0.44204322200392926,0.10833333333333334,0.18571428571428572,0.44695481335952847,0.26666666666666666,0.11428571428571428,0.44204322200392926,0.35,0.3,0.4548133595284872,0.2916666666666667,0.5,0.468565815324165,margin
olmo3-7b,gemma4-12b,rte,51,20,0.39215686274509803,62,0.5161290322580645,0.7112903225806451,0.5016129032258064,0.5951612903225807,0.7112903225806451,1.0,0.15,0.5645161290322581,1.0,0.25,0.5967741935483871,0.8,0.4,0.6451612903225806,0.3333333333333333,0.05,0.532258064516129,0.4,0.1,0.5483870967741935,0.5,0.25,0.5967741935483871,0.6666666666666666,0.1,0.5483870967741935,0.6,0.15,0.5645161290322581,0.5,0.25,0.5967741935483871,1.0,0.15,0.5645161290322581,1.0,0.25,0.5967741935483871,0.8,0.4,0.6451612903225806,margin
olmo3-7b,gemma4-12b,truthfulqa,198,33,0.16666666666666666,327,0.4036697247706422,0.8159779614325069,0.7136822773186409,0.39338842975206606,0.8159779614325069,0.3,0.09090909090909091,0.41284403669724773,0.4,0.24242424242424243,0.42813455657492355,0.425,0.5151515151515151,0.45565749235474007,0.3,0.09090909090909091,0.41284403669724773,0.3,0.18181818181818182,0.42201834862385323,0.325,0.3939393939393939,0.4434250764525994,0.1,0.030303030303030304,0.40672782874617736,0.1,0.06060606060606061,0.40978593272171254,0.1,0.12121212121212122,0.41590214067278286,0.3,0.09090909090909091,0.41284403669724773,0.4,0.24242424242424243,0.42813455657492355,0.425,0.5151515151515151,0.45565749235474007,margin
olmo3-7b,gemma4-12b-base,boolq,866,152,0.17551963048498845,475,0.38105263157894737,0.7738187380215245,0.4986270824119121,0.4556888544891641,0.7738187380215245,0.6046511627906976,0.17105263157894737,0.4357894736842105,0.47126436781609193,0.26973684210526316,0.4673684210526316,0.4277456647398844,0.4868421052631579,0.5368421052631579,0.20930232558139536,0.05921052631578947,0.4,0.1724137931034483,0.09868421052631579,0.4126315789473684,0.16184971098265896,0.18421052631578946,0.44,0.09302325581395349,0.02631578947368421,0.3894736842105263,0.10344827586206896,0.05921052631578947,0.4,0.15028901734104047,0.17105263157894737,0.4357894736842105,0.6046511627906976,0.17105263157894737,0.4357894736842105,0.47126436781609193,0.26973684210526316,0.4673684210526316,0.4277456647398844,0.4868421052631579,0.5368421052631579,margin
olmo3-7b,gemma4-12b-base,geometry_of_truth,971,13,0.013388259526261586,1000,0.032,0.9500562068411755,0.9233981050264976,0.2836036614742251,0.9500562068411755,0.1836734693877551,0.6923076923076923,0.041,0.1134020618556701,0.8461538461538461,0.043,0.06701030927835051,1.0,0.045,0.14285714285714285,0.5384615384615384,0.039,0.08247422680412371,0.6153846153846154,0.04,0.061855670103092786,0.9230769230769231,0.044,0.0,0.0,0.032,0.0,0.0,0.032,0.0,0.0,0.032,0.1836734693877551,0.6923076923076923,0.041,0.1134020618556701,0.8461538461538461,0.043,0.06701030927835051,1.0,0.045,margin
olmo3-7b,gemma4-12b-base,imdb,896,73,0.08147321428571429,1018,0.16404715127701375,0.7705853958954043,0.47783751393997903,0.41605219793937986,0.7705853958954043,0.3111111111111111,0.1917808219178082,0.17779960707269155,0.3111111111111111,0.3835616438356164,0.19155206286836934,0.22905027932960895,0.5616438356164384,0.2043222003929273,0.022222222222222223,0.0136986301369863,0.1650294695481336,0.011111111111111112,0.0136986301369863,0.1650294695481336,0.05027932960893855,0.1232876712328767,0.17288801571709234,0.08888888888888889,0.0547945205479452,0.16797642436149313,0.06666666666666667,0.0821917808219178,0.16994106090373282,0.05027932960893855,0.1232876712328767,0.17288801571709234,0.3111111111111111,0.1917808219178082,0.17779960707269155,0.3111111111111111,0.3835616438356164,0.19155206286836934,0.22905027932960895,0.5616438356164384,0.2043222003929273,margin
olmo3-7b,gemma4-12b-base,rte,60,20,0.3333333333333333,62,0.2903225806451613,0.83,0.64375,0.5950000000000001,0.83,1.0,0.15,0.3387096774193548,1.0,0.3,0.3870967741935484,0.75,0.45,0.43548387096774194,0.3333333333333333,0.05,0.3064516129032258,0.3333333333333333,0.1,0.3225806451612903,0.4166666666666667,0.25,0.3709677419354839,0.6666666666666666,0.1,0.3225806451612903,0.5,0.15,0.3387096774193548,0.5,0.3,0.3870967741935484,1.0,0.15,0.3387096774193548,1.0,0.3,0.3870967741935484,0.75,0.45,0.43548387096774194,margin
olmo3-7b,gemma4-12b-base,truthfulqa,250,24,0.096,327,0.23853211009174313,0.8796091445427728,0.7920353982300885,0.4516961651917404,0.8796091445427728,0.4166666666666667,0.20833333333333334,0.25382262996941896,0.32,0.3333333333333333,0.26299694189602446,0.34,0.7083333333333334,0.290519877675841,0.3333333333333333,0.16666666666666666,0.25076452599388377,0.28,0.2916666666666667,0.2599388379204893,0.24,0.5,0.27522935779816515,0.0,0.0,0.23853211009174313,0.04,0.041666666666666664,0.2415902140672783,0.04,0.08333333333333333,0.24464831804281345,0.4166666666666667,0.20833333333333334,0.25382262996941896,0.32,0.3333333333333333,0.26299694189602446,0.34,0.7083333333333334,0.290519877675841,margin
olmo3-7b,gemma4-31b,boolq,812,118,0.14532019704433496,475,0.37684210526315787,0.7346016704928442,0.5141161529819763,0.5153128510721439,0.7346016704928442,0.4146341463414634,0.1440677966101695,0.4126315789473684,0.4444444444444444,0.3050847457627119,0.45263157894736844,0.3395061728395062,0.4661016949152542,0.4926315789473684,0.21951219512195122,0.07627118644067797,0.3957894736842105,0.1728395061728395,0.11864406779661017,0.4063157894736842,0.1419753086419753,0.19491525423728814,0.42526315789473684,0.12195121951219512,0.0423728813559322,0.3873684210526316,0.13580246913580246,0.09322033898305085,0.4,0.16049382716049382,0.22033898305084745,0.43157894736842106,0.4146341463414634,0.1440677966101695,0.4126315789473684,0.4444444444444444,0.3050847457627119,0.45263157894736844,0.3395061728395062,0.4661016949152542,0.4926315789473684,margin
olmo3-7b,gemma4-31b,geometry_of_truth,899,16,0.017797552836484983,1000,0.106,0.8804501698754246,0.9222819932049829,0.35454416761041907,0.9222819932049829,0.13333333333333333,0.375,0.112,0.08888888888888889,0.5,0.114,0.06666666666666667,0.75,0.118,0.15555555555555556,0.4375,0.113,0.12222222222222222,0.6875,0.117,0.07777777777777778,0.875,0.12,0.0,0.0,0.106,0.0,0.0,0.106,0.005555555555555556,0.0625,0.107,0.15555555555555556,0.4375,0.113,0.12222222222222222,0.6875,0.117,0.07777777777777778,0.875,0.12,anomaly
olmo3-7b,gemma4-31b,rte,52,17,0.3269230769230769,62,0.43548387096774194,0.6739495798319328,0.45546218487394957,0.5781512605042017,0.6739495798319328,0.6666666666666666,0.11764705882352941,0.46774193548387094,0.6,0.17647058823529413,0.4838709677419355,0.6,0.35294117647058826,0.532258064516129,0.0,0.0,0.43548387096774194,0.2,0.058823529411764705,0.45161290322580644,0.4,0.23529411764705882,0.5,0.3333333333333333,0.058823529411764705,0.45161290322580644,0.6,0.17647058823529413,0.4838709677419355,0.4,0.23529411764705882,0.5,0.6666666666666666,0.11764705882352941,0.46774193548387094,0.6,0.17647058823529413,0.4838709677419355,0.6,0.35294117647058826,0.532258064516129,margin
olmo3-7b,gemma4-31b,truthfulqa,231,27,0.11688311688311688,327,0.2691131498470948,0.768155410312273,0.6839143064633261,0.4037763253449528,0.768155410312273,0.25,0.1111111111111111,0.2782874617737003,0.2608695652173913,0.2222222222222222,0.2874617737003058,0.2391304347826087,0.4074074074074074,0.30275229357798167,0.08333333333333333,0.037037037037037035,0.27217125382262997,0.2608695652173913,0.2222222222222222,0.2874617737003058,0.21739130434782608,0.37037037037037035,0.2996941896024465,0.0,0.0,0.2691131498470948,0.043478260869565216,0.037037037037037035,0.27217125382262997,0.10869565217391304,0.18518518518518517,0.28440366972477066,0.25,0.1111111111111111,0.2782874617737003,0.2608695652173913,0.2222222222222222,0.2874617737003058,0.2391304347826087,0.4074074074074074,0.30275229357798167,margin
olmo3-7b,llama-8b,boolq,784,105,0.13392857142857142,475,0.391578947368421,0.7662669191387894,0.5259134581667718,0.511340206185567,0.7662669191387894,0.48717948717948717,0.18095238095238095,0.43157894736842106,0.3333333333333333,0.24761904761904763,0.4463157894736842,0.3503184713375796,0.5238095238095238,0.5073684210526316,0.07692307692307693,0.02857142857142857,0.39789473684210525,0.08974358974358974,0.06666666666666667,0.4063157894736842,0.12101910828025478,0.18095238095238095,0.43157894736842106,0.10256410256410256,0.0380952380952381,0.4,0.10256410256410256,0.0761904761904762,0.40842105263157896,0.1337579617834395,0.2,0.4357894736842105,0.48717948717948717,0.18095238095238095,0.43157894736842106,0.3333333333333333,0.24761904761904763,0.4463157894736842,0.3503184713375796,0.5238095238095238,0.5073684210526316,margin
olmo3-7b,llama-8b,geometry_of_truth,975,13,0.013333333333333334,1000,0.03,0.9325923556692788,0.9127618743003358,0.3582280505357428,0.9325923556692788,0.14285714285714285,0.5384615384615384,0.037,0.09183673469387756,0.6923076923076923,0.039,0.06153846153846154,0.9230769230769231,0.042,0.10204081632653061,0.38461538461538464,0.035,0.07142857142857142,0.5384615384615384,0.037,0.06153846153846154,0.9230769230769231,0.042,0.0,0.0,0.03,0.0,0.0,0.03,0.0,0.0,0.03,0.14285714285714285,0.5384615384615384,0.037,0.09183673469387756,0.6923076923076923,0.039,0.06153846153846154,0.9230769230769231,0.042,margin
olmo3-7b,llama-8b,imdb,992,91,0.09173387096774194,1018,0.0550098231827112,0.8536302764937613,0.467783049359076,0.5304240709346147,0.8536302764937613,0.5,0.27472527472527475,0.07956777996070727,0.42424242424242425,0.46153846153846156,0.0962671905697446,0.3333333333333333,0.7252747252747253,0.11984282907662082,0.0,0.0,0.0550098231827112,0.04040404040404041,0.04395604395604396,0.05893909626719057,0.07575757575757576,0.16483516483516483,0.06974459724950884,0.1,0.054945054945054944,0.05992141453831041,0.10101010101010101,0.10989010989010989,0.06483300589390963,0.1111111111111111,0.24175824175824176,0.07662082514734773,0.5,0.27472527472527475,0.07956777996070727,0.42424242424242425,0.46153846153846156,0.0962671905697446,0.3333333333333333,0.7252747252747253,0.11984282907662082,margin
olmo3-7b,llama-8b,rte,58,17,0.29310344827586204,62,0.25806451612903225,0.7804878048780487,0.6154949784791965,0.6269727403156384,0.7804878048780487,1.0,0.17647058823529413,0.3064516129032258,0.8333333333333334,0.29411764705882354,0.3387096774193548,0.6666666666666666,0.47058823529411764,0.3870967741935484,0.6666666666666666,0.11764705882352941,0.2903225806451613,0.3333333333333333,0.11764705882352941,0.2903225806451613,0.3333333333333333,0.23529411764705882,0.3225806451612903,0.6666666666666666,0.11764705882352941,0.2903225806451613,0.6666666666666666,0.23529411764705882,0.3225806451612903,0.5,0.35294117647058826,0.3548387096774194,1.0,0.17647058823529413,0.3064516129032258,0.8333333333333334,0.29411764705882354,0.3387096774193548,0.6666666666666666,0.47058823529411764,0.3870967741935484,margin
olmo3-7b,llama-8b,truthfulqa,268,25,0.09328358208955224,327,0.1926605504587156,0.8576131687242798,0.7043621399176955,0.49053497942386826,0.8576131687242798,0.23076923076923078,0.12,0.2018348623853211,0.2962962962962963,0.32,0.21712538226299694,0.2962962962962963,0.64,0.2415902140672783,0.3076923076923077,0.16,0.20489296636085627,0.2962962962962963,0.32,0.21712538226299694,0.18518518518518517,0.4,0.22324159021406728,0.07692307692307693,0.04,0.19571865443425077,0.037037037037037035,0.04,0.19571865443425077,0.09259259259259259,0.2,0.20795107033639143,0.23076923076923078,0.12,0.2018348623853211,0.2962962962962963,0.32,0.21712538226299694,0.2962962962962963,0.64,0.2415902140672783,margin
olmo3-7b,llama31-405b,boolq,744,34,0.0456989247311828,475,0.42736842105263156,0.7158657829328915,0.4946561723280862,0.6092792046396023,0.7158657829328915,0.10810810810810811,0.11764705882352941,0.4357894736842105,0.08108108108108109,0.17647058823529413,0.44,0.10738255033557047,0.47058823529411764,0.4610526315789474,0.05405405405405406,0.058823529411764705,0.43157894736842106,0.04054054054054054,0.08823529411764706,0.4336842105263158,0.03355704697986577,0.14705882352941177,0.4378947368421053,0.08108108108108109,0.08823529411764706,0.4336842105263158,0.06756756756756757,0.14705882352941177,0.4378947368421053,0.0738255033557047,0.3235294117647059,0.45052631578947366,0.10810810810810811,0.11764705882352941,0.4357894736842105,0.08108108108108109,0.17647058823529413,0.44,0.10738255033557047,0.47058823529411764,0.4610526315789474,margin
olmo3-7b,llama31-405b,geometry_of_truth,971,9,0.009268795056642637,1000,0.03,0.927003927003927,0.9136059136059136,0.2915222915222915,0.927003927003927,0.061224489795918366,0.3333333333333333,0.033,0.07216494845360824,0.7777777777777778,0.037,0.041237113402061855,0.8888888888888888,0.038,0.04081632653061224,0.2222222222222222,0.032,0.05154639175257732,0.5555555555555556,0.035,0.04639175257731959,1.0,0.039,0.0,0.0,0.03,0.0,0.0,0.03,0.0,0.0,0.03,0.061224489795918366,0.3333333333333333,0.033,0.07216494845360824,0.7777777777777778,0.037,0.041237113402061855,0.8888888888888888,0.038,margin
olmo3-7b,llama31-405b,imdb,987,73,0.07396149949341439,1018,0.0550098231827112,0.8330835406612512,0.47498576181769125,0.4933005605347562,0.8330835406612512,0.40816326530612246,0.273972602739726,0.07465618860510806,0.31313131313131315,0.4246575342465753,0.08546168958742632,0.25380710659898476,0.684931506849315,0.10412573673870335,0.0,0.0,0.0550098231827112,0.06060606060606061,0.0821917808219178,0.060903732809430254,0.06598984771573604,0.1780821917808219,0.06777996070726916,0.08163265306122448,0.0547945205479452,0.05893909626719057,0.0707070707070707,0.0958904109589041,0.0618860510805501,0.07106598984771574,0.1917808219178082,0.068762278978389,0.40816326530612246,0.273972602739726,0.07465618860510806,0.31313131313131315,0.4246575342465753,0.08546168958742632,0.25380710659898476,0.684931506849315,0.10412573673870335,margin
olmo3-7b,llama31-405b,rte,59,15,0.2542372881355932,62,0.20967741935483872,0.8181818181818181,0.45303030303030306,0.4772727272727273,0.8181818181818181,0.6666666666666666,0.13333333333333333,0.24193548387096775,0.6666666666666666,0.26666666666666666,0.27419354838709675,0.5833333333333334,0.4666666666666667,0.3225806451612903,0.3333333333333333,0.06666666666666667,0.22580645161290322,0.16666666666666666,0.06666666666666667,0.22580645161290322,0.25,0.2,0.25806451612903225,0.6666666666666666,0.13333333333333333,0.24193548387096775,0.3333333333333333,0.13333333333333333,0.24193548387096775,0.3333333333333333,0.26666666666666666,0.27419354838709675,0.6666666666666666,0.13333333333333333,0.24193548387096775,0.6666666666666666,0.26666666666666666,0.27419354838709675,0.5833333333333334,0.4666666666666667,0.3225806451612903,margin
olmo3-7b,llama31-405b,truthfulqa,264,13,0.04924242424242424,327,0.2018348623853211,0.8954949433037083,0.6567575850444376,0.3833895188476862,0.8954949433037083,0.23076923076923078,0.23076923076923078,0.21100917431192662,0.2692307692307692,0.5384615384615384,0.22324159021406728,0.18867924528301888,0.7692307692307693,0.2324159021406728,0.07692307692307693,0.07692307692307693,0.20489296636085627,0.11538461538461539,0.23076923076923078,0.21100917431192662,0.11320754716981132,0.46153846153846156,0.22018348623853212,0.0,0.0,0.2018348623853211,0.038461538461538464,0.07692307692307693,0.20489296636085627,0.018867924528301886,0.07692307692307693,0.20489296636085627,0.23076923076923078,0.23076923076923078,0.21100917431192662,0.2692307692307692,0.5384615384615384,0.22324159021406728,0.18867924528301888,0.7692307692307693,0.2324159021406728,margin
olmo3-7b,llama31-70b,boolq,756,52,0.06878306878306878,475,0.4063157894736842,0.7353037587412588,0.48287259615384615,0.5387620192307693,0.7353037587412588,0.2631578947368421,0.19230769230769232,0.42736842105263156,0.17105263157894737,0.25,0.4336842105263158,0.15894039735099338,0.46153846153846156,0.4568421052631579,0.05263157894736842,0.038461538461538464,0.4105263157894737,0.039473684210526314,0.057692307692307696,0.4126315789473684,0.039735099337748346,0.11538461538461539,0.4189473684210526,0.10526315789473684,0.07692307692307693,0.4147368421052632,0.09210526315789473,0.1346153846153846,0.42105263157894735,0.09271523178807947,0.2692307692307692,0.4357894736842105,0.2631578947368421,0.19230769230769232,0.42736842105263156,0.17105263157894737,0.25,0.4336842105263158,0.15894039735099338,0.46153846153846156,0.4568421052631579,margin
olmo3-7b,llama31-70b,geometry_of_truth,973,9,0.009249743062692703,1000,0.032,0.9253112033195021,0.9125172890733058,0.3547717842323651,0.9253112033195021,0.061224489795918366,0.3333333333333333,0.035,0.07216494845360824,0.7777777777777778,0.039,0.041025641025641026,0.8888888888888888,0.04,0.061224489795918366,0.3333333333333333,0.035,0.061855670103092786,0.6666666666666666,0.038,0.041025641025641026,0.8888888888888888,0.04,0.0,0.0,0.032,0.0,0.0,0.032,0.0,0.0,0.032,0.061224489795918366,0.3333333333333333,0.035,0.07216494845360824,0.7777777777777778,0.039,0.041025641025641026,0.8888888888888888,0.04,margin
olmo3-7b,llama31-70b,imdb,972,66,0.06790123456790123,1018,0.06483300589390963,0.8472640310388656,0.488076125493344,0.49812696501438225,0.8472640310388656,0.3469387755102041,0.25757575757575757,0.08153241650294696,0.3402061855670103,0.5,0.09724950884086445,0.25257731958762886,0.7424242424242424,0.11296660117878192,0.0,0.0,0.06483300589390963,0.030927835051546393,0.045454545454545456,0.06777996070726916,0.061855670103092786,0.18181818181818182,0.07662082514734773,0.061224489795918366,0.045454545454545456,0.06777996070726916,0.08247422680412371,0.12121212121212122,0.07269155206286837,0.07216494845360824,0.21212121212121213,0.07858546168958742,0.3469387755102041,0.25757575757575757,0.08153241650294696,0.3402061855670103,0.5,0.09724950884086445,0.25257731958762886,0.7424242424242424,0.11296660117878192,margin
olmo3-7b,llama31-70b,rte,59,15,0.2542372881355932,62,0.22580645161290322,0.8318181818181818,0.5363636363636364,0.5015151515151516,0.8318181818181818,0.6666666666666666,0.13333333333333333,0.25806451612903225,0.6666666666666666,0.26666666666666666,0.2903225806451613,0.6666666666666666,0.5333333333333333,0.3548387096774194,0.0,0.0,0.22580645161290322,0.16666666666666666,0.06666666666666667,0.24193548387096775,0.25,0.2,0.27419354838709675,0.3333333333333333,0.06666666666666667,0.24193548387096775,0.5,0.2,0.27419354838709675,0.3333333333333333,0.26666666666666666,0.2903225806451613,0.6666666666666666,0.13333333333333333,0.25806451612903225,0.6666666666666666,0.26666666666666666,0.2903225806451613,0.6666666666666666,0.5333333333333333,0.3548387096774194,margin
olmo3-7b,llama31-70b,truthfulqa,264,15,0.056818181818181816,327,0.22629969418960244,0.8254350736278447,0.7451137884872825,0.371619812583668,0.8254350736278447,0.07692307692307693,0.06666666666666667,0.22935779816513763,0.19230769230769232,0.3333333333333333,0.2415902140672783,0.1509433962264151,0.5333333333333333,0.25076452599388377,0.07692307692307693,0.06666666666666667,0.22935779816513763,0.19230769230769232,0.3333333333333333,0.2415902140672783,0.1509433962264151,0.5333333333333333,0.25076452599388377,0.0,0.0,0.22629969418960244,0.0,0.0,0.22629969418960244,0.018867924528301886,0.06666666666666667,0.22935779816513763,0.07692307692307693,0.06666666666666667,0.22935779816513763,0.19230769230769232,0.3333333333333333,0.2415902140672783,0.1509433962264151,0.5333333333333333,0.25076452599388377,margin
olmo3-7b,llama31-70b-base,boolq,770,87,0.11298701298701298,475,0.42526315789473684,0.793372713350499,0.5185877046835294,0.4466939297554737,0.793372713350499,0.42105263157894735,0.1839080459770115,0.4589473684210526,0.36363636363636365,0.3218390804597701,0.4842105263157895,0.3051948051948052,0.5402298850574713,0.5242105263157895,0.10526315789473684,0.04597701149425287,0.4336842105263158,0.11688311688311688,0.10344827586206896,0.4442105263157895,0.11038961038961038,0.19540229885057472,0.4610526315789474,0.13157894736842105,0.05747126436781609,0.4357894736842105,0.07792207792207792,0.06896551724137931,0.4378947368421053,0.08441558441558442,0.14942528735632185,0.45263157894736844,0.42105263157894735,0.1839080459770115,0.4589473684210526,0.36363636363636365,0.3218390804597701,0.4842105263157895,0.3051948051948052,0.5402298850574713,0.5242105263157895,margin
olmo3-7b,llama31-70b-base,geometry_of_truth,966,10,0.010351966873706004,1000,0.034,0.9457112970711298,0.9078451882845188,0.32259414225941424,0.9457112970711298,0.08333333333333333,0.4,0.038,0.09278350515463918,0.9,0.043,0.046632124352331605,0.9,0.043,0.10416666666666667,0.5,0.039,0.061855670103092786,0.6,0.04,0.03626943005181347,0.7,0.041,0.0,0.0,0.034,0.0,0.0,0.034,0.0,0.0,0.034,0.08333333333333333,0.4,0.038,0.09278350515463918,0.9,0.043,0.046632124352331605,0.9,0.043,margin
olmo3-7b,llama31-70b-base,imdb,940,71,0.07553191489361702,1018,0.11296660117878192,0.7820710222207814,0.4880306001718018,0.38060584450315244,0.7820710222207814,0.3829787234042553,0.2535211267605634,0.13064833005893908,0.24468085106382978,0.323943661971831,0.13555992141453832,0.20212765957446807,0.5352112676056338,0.15029469548133595,0.0,0.0,0.11296660117878192,0.031914893617021274,0.04225352112676056,0.11591355599214145,0.05851063829787234,0.15492957746478872,0.1237721021611002,0.0425531914893617,0.028169014084507043,0.11493123772102161,0.02127659574468085,0.028169014084507043,0.11493123772102161,0.031914893617021274,0.08450704225352113,0.11886051080550099,0.3829787234042553,0.2535211267605634,0.13064833005893908,0.24468085106382978,0.323943661971831,0.13555992141453832,0.20212765957446807,0.5352112676056338,0.15029469548133595,margin
olmo3-7b,llama31-70b-base,rte,56,16,0.2857142857142857,62,0.3387096774193548,0.7890625,0.4875,0.42968749999999994,0.7890625,1.0,0.1875,0.3870967741935484,0.8333333333333334,0.3125,0.41935483870967744,0.7272727272727273,0.5,0.46774193548387094,0.3333333333333333,0.0625,0.3548387096774194,0.5,0.1875,0.3870967741935484,0.36363636363636365,0.25,0.4032258064516129,0.0,0.0,0.3387096774193548,0.16666666666666666,0.0625,0.3548387096774194,0.18181818181818182,0.125,0.3709677419354839,1.0,0.1875,0.3870967741935484,0.8333333333333334,0.3125,0.41935483870967744,0.7272727272727273,0.5,0.46774193548387094,margin
olmo3-7b,llama31-70b-base,truthfulqa,246,19,0.07723577235772358,327,0.26299694189602446,0.8576396939485277,0.7686065383723626,0.43450034778576396,0.8576396939485277,0.3333333333333333,0.21052631578947367,0.27522935779816515,0.28,0.3684210526315789,0.28440366972477066,0.24489795918367346,0.631578947368421,0.2996941896024465,0.16666666666666666,0.10526315789473684,0.2691131498470948,0.16,0.21052631578947367,0.27522935779816515,0.22448979591836735,0.5789473684210527,0.2966360856269113,0.0,0.0,0.26299694189602446,0.0,0.0,0.26299694189602446,0.02040816326530612,0.05263157894736842,0.26605504587155965,0.3333333333333333,0.21052631578947367,0.27522935779816515,0.28,0.3684210526315789,0.28440366972477066,0.24489795918367346,0.631578947368421,0.2996941896024465,margin
olmo3-7b,llama31-8b-base,boolq,847,162,0.1912632821723731,475,0.36,0.7471118320266739,0.5223213481121024,0.47438046318824906,0.7471118320266739,0.5,0.12962962962962962,0.40421052631578946,0.38823529411764707,0.2037037037037037,0.42947368421052634,0.4260355029585799,0.4444444444444444,0.511578947368421,0.19047619047619047,0.04938271604938271,0.37684210526315787,0.21176470588235294,0.1111111111111111,0.39789473684210525,0.1834319526627219,0.19135802469135801,0.42526315789473684,0.14285714285714285,0.037037037037037035,0.3726315789473684,0.16470588235294117,0.08641975308641975,0.3894736842105263,0.15976331360946747,0.16666666666666666,0.4168421052631579,0.5,0.12962962962962962,0.40421052631578946,0.38823529411764707,0.2037037037037037,0.42947368421052634,0.4260355029585799,0.4444444444444444,0.511578947368421,margin
olmo3-7b,llama31-8b-base,geometry_of_truth,974,16,0.01642710472279261,1000,0.029,0.9348903966597077,0.8813282881002088,0.34570720250521914,0.9348903966597077,0.1836734693877551,0.5625,0.038,0.12371134020618557,0.75,0.041,0.07179487179487179,0.875,0.043,0.12244897959183673,0.375,0.035,0.09278350515463918,0.5625,0.038,0.06666666666666667,0.8125,0.042,0.0,0.0,0.029,0.0,0.0,0.029,0.0,0.0,0.029,0.1836734693877551,0.5625,0.038,0.12371134020618557,0.75,0.041,0.07179487179487179,0.875,0.043,margin
olmo3-7b,llama31-8b-base,imdb,921,66,0.07166123778501629,1018,0.11198428290766209,0.800956937799043,0.4880205564416091,0.48800283537125644,0.800956937799043,0.32608695652173914,0.22727272727272727,0.12671905697445973,0.29347826086956524,0.4090909090909091,0.13850687622789784,0.21195652173913043,0.5909090909090909,0.15029469548133595,0.0,0.0,0.11198428290766209,0.05434782608695652,0.07575757575757576,0.1168958742632613,0.08152173913043478,0.22727272727272727,0.12671905697445973,0.043478260869565216,0.030303030303030304,0.11394891944990176,0.043478260869565216,0.06060606060606061,0.11591355599214145,0.05434782608695652,0.15151515151515152,0.12180746561886051,0.32608695652173914,0.22727272727272727,0.12671905697445973,0.29347826086956524,0.4090909090909091,0.13850687622789784,0.21195652173913043,0.5909090909090909,0.15029469548133595,margin
olmo3-7b,llama31-8b-base,rte,59,20,0.3389830508474576,62,0.25806451612903225,0.8564102564102565,0.5358974358974359,0.5525641025641026,0.8564102564102565,1.0,0.15,0.3064516129032258,1.0,0.3,0.3548387096774194,0.8333333333333334,0.5,0.41935483870967744,0.3333333333333333,0.05,0.27419354838709675,0.3333333333333333,0.1,0.2903225806451613,0.4166666666666667,0.25,0.3387096774193548,0.6666666666666666,0.1,0.2903225806451613,0.6666666666666666,0.2,0.3225806451612903,0.5833333333333334,0.35,0.3709677419354839,1.0,0.15,0.3064516129032258,1.0,0.3,0.3548387096774194,0.8333333333333334,0.5,0.41935483870967744,margin
olmo3-7b,llama31-8b-base,truthfulqa,249,24,0.0963855421686747,327,0.22324159021406728,0.8698148148148148,0.7690740740740741,0.3896296296296296,0.8698148148148148,0.4166666666666667,0.20833333333333334,0.23853211009174313,0.36,0.375,0.25076452599388377,0.3,0.625,0.2691131498470948,0.3333333333333333,0.16666666666666666,0.23547400611620795,0.28,0.2916666666666667,0.24464831804281345,0.26,0.5416666666666666,0.26299694189602446,0.0,0.0,0.22324159021406728,0.04,0.041666666666666664,0.22629969418960244,0.06,0.125,0.2324159021406728,0.4166666666666667,0.20833333333333334,0.23853211009174313,0.36,0.375,0.25076452599388377,0.3,0.625,0.2691131498470948,margin
olmo3-7b,qwen3-32b,boolq,761,63,0.08278580814717477,475,0.3957894736842105,0.7038932096238686,0.5853913676263246,0.5014554054668667,0.7038932096238686,0.23684210526315788,0.14285714285714285,0.4147368421052632,0.17105263157894737,0.20634920634920634,0.4231578947368421,0.17105263157894737,0.4126984126984127,0.45052631578947366,0.10526315789473684,0.06349206349206349,0.40421052631578946,0.07894736842105263,0.09523809523809523,0.40842105263157896,0.07894736842105263,0.19047619047619047,0.42105263157894735,0.05263157894736842,0.031746031746031744,0.4,0.06578947368421052,0.07936507936507936,0.4063157894736842,0.07894736842105263,0.19047619047619047,0.42105263157894735,0.23684210526315788,0.14285714285714285,0.4147368421052632,0.17105263157894737,0.20634920634920634,0.4231578947368421,0.17105263157894737,0.4126984126984127,0.45052631578947366,margin
olmo3-7b,qwen3-32b,geometry_of_truth,973,10,0.010277492291880781,1000,0.03,0.9536863966770508,0.9160955347871236,0.4074766355140187,0.9536863966770508,0.12244897959183673,0.6,0.036,0.08247422680412371,0.8,0.038,0.05128205128205128,1.0,0.04,0.08163265306122448,0.4,0.034,0.061855670103092786,0.6,0.036,0.046153846153846156,0.9,0.039,0.0,0.0,0.03,0.0,0.0,0.03,0.0,0.0,0.03,0.12244897959183673,0.6,0.036,0.08247422680412371,0.8,0.038,0.05128205128205128,1.0,0.04,margin
olmo3-7b,qwen3-32b,imdb,981,79,0.08053007135575943,1018,0.055992141453831044,0.8382357068680008,0.4766622694995649,0.5692553818518622,0.8382357068680008,0.40816326530612246,0.25316455696202533,0.0756385068762279,0.3673469387755102,0.45569620253164556,0.09135559921414538,0.28061224489795916,0.6962025316455697,0.1100196463654224,0.0,0.0,0.055992141453831044,0.04081632653061224,0.05063291139240506,0.05992141453831041,0.0663265306122449,0.16455696202531644,0.068762278978389,0.16326530612244897,0.10126582278481013,0.06385068762278978,0.15306122448979592,0.189873417721519,0.07072691552062868,0.10714285714285714,0.26582278481012656,0.07662082514734773,0.40816326530612246,0.25316455696202533,0.0756385068762279,0.3673469387755102,0.45569620253164556,0.09135559921414538,0.28061224489795916,0.6962025316455697,0.1100196463654224,margin
olmo3-7b,qwen3-32b,rte,59,15,0.2542372881355932,62,0.22580645161290322,0.8712121212121212,0.6060606060606061,0.6590909090909091,0.8712121212121212,1.0,0.2,0.27419354838709675,0.6666666666666666,0.26666666666666666,0.2903225806451613,0.75,0.6,0.3709677419354839,0.3333333333333333,0.06666666666666667,0.24193548387096775,0.5,0.2,0.27419354838709675,0.4166666666666667,0.3333333333333333,0.3064516129032258,1.0,0.2,0.27419354838709675,0.8333333333333334,0.3333333333333333,0.3064516129032258,0.5,0.4,0.3225806451612903,1.0,0.2,0.27419354838709675,0.6666666666666666,0.26666666666666666,0.2903225806451613,0.75,0.6,0.3709677419354839,margin
olmo3-7b,qwen3-32b,truthfulqa,261,13,0.04980842911877394,327,0.21100917431192662,0.870347394540943,0.6830024813895782,0.47084367245657566,0.870347394540943,0.07692307692307693,0.07692307692307693,0.21406727828746178,0.15384615384615385,0.3076923076923077,0.22324159021406728,0.17307692307692307,0.6923076923076923,0.23853211009174313,0.15384615384615385,0.15384615384615385,0.21712538226299694,0.07692307692307693,0.15384615384615385,0.21712538226299694,0.07692307692307693,0.3076923076923077,0.22324159021406728,0.0,0.0,0.21100917431192662,0.0,0.0,0.21100917431192662,0.057692307692307696,0.23076923076923078,0.22018348623853212,0.07692307692307693,0.07692307692307693,0.21406727828746178,0.15384615384615385,0.3076923076923077,0.22324159021406728,0.17307692307692307,0.6923076923076923,0.23853211009174313,margin
olmo3-7b,qwen3-8b,boolq,787,91,0.1156289707750953,475,0.3642105263157895,0.7831722874826323,0.4762536314260452,0.5362353164077303,0.7831722874826323,0.48717948717948717,0.2087912087912088,0.40421052631578946,0.4050632911392405,0.3516483516483517,0.43157894736842106,0.2929936305732484,0.5054945054945055,0.4610526315789474,0.07692307692307693,0.03296703296703297,0.3705263157894737,0.08860759493670886,0.07692307692307693,0.37894736842105264,0.10191082802547771,0.17582417582417584,0.39789473684210525,0.1794871794871795,0.07692307692307693,0.37894736842105264,0.16455696202531644,0.14285714285714285,0.391578947368421,0.1592356687898089,0.27472527472527475,0.4168421052631579,0.48717948717948717,0.2087912087912088,0.40421052631578946,0.4050632911392405,0.3516483516483517,0.43157894736842106,0.2929936305732484,0.5054945054945055,0.4610526315789474,margin
olmo3-7b,qwen3-8b,geometry_of_truth,972,14,0.01440329218106996,1000,0.032,0.947286012526096,0.8871160155084998,0.3268714583954668,0.947286012526096,0.16326530612244897,0.5714285714285714,0.04,0.12371134020618557,0.8571428571428571,0.044,0.07216494845360824,1.0,0.046,0.061224489795918366,0.21428571428571427,0.035,0.08247422680412371,0.5714285714285714,0.04,0.05670103092783505,0.7857142857142857,0.043,0.0,0.0,0.032,0.0,0.0,0.032,0.005154639175257732,0.07142857142857142,0.033,0.16326530612244897,0.5714285714285714,0.04,0.12371134020618557,0.8571428571428571,0.044,0.07216494845360824,1.0,0.046,margin
olmo3-7b,qwen3-8b,imdb,991,91,0.09182643794147326,1018,0.05108055009823183,0.8600854700854701,0.45311355311355306,0.6393772893772894,0.8600854700854701,0.54,0.2967032967032967,0.07760314341846758,0.43434343434343436,0.4725274725274725,0.09332023575638507,0.3282828282828283,0.7142857142857143,0.11493123772102161,0.02,0.01098901098901099,0.05206286836935167,0.050505050505050504,0.054945054945054944,0.055992141453831044,0.08080808080808081,0.17582417582417584,0.06679764243614932,0.16,0.08791208791208792,0.05893909626719057,0.16161616161616163,0.17582417582417584,0.06679764243614932,0.1414141414141414,0.3076923076923077,0.07858546168958742,0.54,0.2967032967032967,0.07760314341846758,0.43434343434343436,0.4725274725274725,0.09332023575638507,0.3282828282828283,0.7142857142857143,0.11493123772102161,margin
olmo3-7b,qwen3-8b,rte,56,13,0.23214285714285715,62,0.25806451612903225,0.8765652951699464,0.5796064400715564,0.4973166368515205,0.8765652951699464,0.6666666666666666,0.15384615384615385,0.2903225806451613,0.8333333333333334,0.38461538461538464,0.3387096774193548,0.5454545454545454,0.46153846153846156,0.3548387096774194,0.3333333333333333,0.07692307692307693,0.27419354838709675,0.3333333333333333,0.15384615384615385,0.2903225806451613,0.2727272727272727,0.23076923076923078,0.3064516129032258,0.3333333333333333,0.07692307692307693,0.27419354838709675,0.3333333333333333,0.15384615384615385,0.2903225806451613,0.18181818181818182,0.15384615384615385,0.2903225806451613,0.6666666666666666,0.15384615384615385,0.2903225806451613,0.8333333333333334,0.38461538461538464,0.3387096774193548,0.5454545454545454,0.46153846153846156,0.3548387096774194,margin
olmo3-7b,qwen3-8b,truthfulqa,272,28,0.10294117647058823,327,0.1712538226299694,0.8477751756440282,0.7258489461358314,0.40866510538641687,0.8477751756440282,0.14285714285714285,0.07142857142857142,0.17737003058103976,0.3333333333333333,0.32142857142857145,0.19877675840978593,0.2962962962962963,0.5714285714285714,0.22018348623853212,0.21428571428571427,0.10714285714285714,0.18042813455657492,0.2222222222222222,0.21428571428571427,0.18960244648318042,0.2222222222222222,0.42857142857142855,0.20795107033639143,0.07142857142857142,0.03571428571428571,0.1743119266055046,0.037037037037037035,0.03571428571428571,0.1743119266055046,0.05555555555555555,0.10714285714285714,0.18042813455657492,0.14285714285714285,0.07142857142857142,0.17737003058103976,0.3333333333333333,0.32142857142857145,0.19877675840978593,0.2962962962962963,0.5714285714285714,0.22018348623853212,margin
olmo3-7b,qwen3-8b-base,boolq,801,98,0.12234706616729088,475,0.36,0.7526054518535721,0.4966470229628125,0.4821464859058845,0.7526054518535721,0.425,0.17346938775510204,0.3957894736842105,0.3375,0.2755102040816326,0.4168421052631579,0.2875,0.46938775510204084,0.4568421052631579,0.05,0.02040816326530612,0.3642105263157895,0.1125,0.09183673469387756,0.37894736842105264,0.1375,0.22448979591836735,0.4063157894736842,0.125,0.05102040816326531,0.3705263157894737,0.125,0.10204081632653061,0.38105263157894737,0.13125,0.21428571428571427,0.40421052631578946,0.425,0.17346938775510204,0.3957894736842105,0.3375,0.2755102040816326,0.4168421052631579,0.2875,0.46938775510204084,0.4568421052631579,margin
olmo3-7b,qwen3-8b-base,geometry_of_truth,976,14,0.014344262295081968,1000,0.03,0.9567122067122067,0.8854321354321354,0.3852093852093852,0.9567122067122067,0.1836734693877551,0.6428571428571429,0.039,0.12244897959183673,0.8571428571428571,0.042,0.07179487179487179,1.0,0.044,0.08163265306122448,0.2857142857142857,0.034,0.07142857142857142,0.5,0.037,0.05641025641025641,0.7857142857142857,0.041,0.0,0.0,0.03,0.01020408163265306,0.07142857142857142,0.031,0.005128205128205128,0.07142857142857142,0.031,0.1836734693877551,0.6428571428571429,0.039,0.12244897959183673,0.8571428571428571,0.042,0.07179487179487179,1.0,0.044,margin
olmo3-7b,qwen3-8b-base,imdb,1002,87,0.08682634730538923,1018,0.05893909626719057,0.8434897305445638,0.4658626970667672,0.5107970604861503,0.8434897305445638,0.54,0.3103448275862069,0.08546168958742632,0.4,0.45977011494252873,0.09823182711198428,0.305,0.7011494252873564,0.11886051080550099,0.02,0.011494252873563218,0.05992141453831041,0.05,0.05747126436781609,0.06385068762278978,0.07,0.16091954022988506,0.07269155206286837,0.16,0.09195402298850575,0.06679764243614932,0.12,0.13793103448275862,0.07072691552062868,0.12,0.27586206896551724,0.0825147347740668,0.54,0.3103448275862069,0.08546168958742632,0.4,0.45977011494252873,0.09823182711198428,0.305,0.7011494252873564,0.11886051080550099,margin
olmo3-7b,qwen3-8b-base,rte,60,16,0.26666666666666666,62,0.24193548387096775,0.8480113636363635,0.5326704545454546,0.5411931818181819,0.8480113636363635,0.6666666666666666,0.125,0.27419354838709675,0.8333333333333334,0.3125,0.3225806451612903,0.5833333333333334,0.4375,0.3548387096774194,0.3333333333333333,0.0625,0.25806451612903225,0.5,0.1875,0.2903225806451613,0.4166666666666667,0.3125,0.3225806451612903,0.3333333333333333,0.0625,0.25806451612903225,0.16666666666666666,0.0625,0.25806451612903225,0.16666666666666666,0.125,0.27419354838709675,0.6666666666666666,0.125,0.27419354838709675,0.8333333333333334,0.3125,0.3225806451612903,0.5833333333333334,0.4375,0.3548387096774194,margin
olmo3-7b,qwen3-8b-base,truthfulqa,263,28,0.10646387832699619,327,0.19571865443425077,0.8554711246200608,0.7533434650455927,0.39939209726443764,0.8554711246200608,0.3076923076923077,0.14285714285714285,0.20795107033639143,0.4230769230769231,0.39285714285714285,0.22935779816513763,0.32075471698113206,0.6071428571428571,0.24770642201834864,0.23076923076923078,0.10714285714285714,0.20489296636085627,0.34615384615384615,0.32142857142857145,0.22324159021406728,0.24528301886792453,0.4642857142857143,0.23547400611620795,0.0,0.0,0.19571865443425077,0.0,0.0,0.19571865443425077,0.03773584905660377,0.07142857142857142,0.2018348623853211,0.3076923076923077,0.14285714285714285,0.20795107033639143,0.4230769230769231,0.39285714285714285,0.22935779816513763,0.32075471698113206,0.6071428571428571,0.24770642201834864,margin
olmo3-7b,qwen38-27b,boolq,755,50,0.06622516556291391,475,0.4063157894736842,0.7390638297872341,0.5557163120567375,0.5820992907801419,0.7390638297872341,0.21052631578947367,0.16,0.4231578947368421,0.2236842105263158,0.34,0.4421052631578947,0.15894039735099338,0.48,0.4568421052631579,0.05263157894736842,0.04,0.4105263157894737,0.06578947368421052,0.1,0.4168421052631579,0.08609271523178808,0.26,0.4336842105263158,0.0,0.0,0.4063157894736842,0.07894736842105263,0.12,0.4189473684210526,0.09271523178807947,0.28,0.4357894736842105,0.21052631578947367,0.16,0.4231578947368421,0.2236842105263158,0.34,0.4421052631578947,0.15894039735099338,0.48,0.4568421052631579,margin
olmo3-7b,qwen38-27b,geometry_of_truth,966,10,0.010351966873706004,1000,0.035,0.9486401673640167,0.9109832635983264,0.3735355648535565,0.9486401673640167,0.125,0.6,0.041,0.07216494845360824,0.7,0.042,0.05181347150259067,1.0,0.045,0.08333333333333333,0.4,0.039,0.05154639175257732,0.5,0.04,0.046632124352331605,0.9,0.044,0.0,0.0,0.035,0.010309278350515464,0.1,0.036,0.0051813471502590676,0.1,0.036,0.125,0.6,0.041,0.07216494845360824,0.7,0.042,0.05181347150259067,1.0,0.045,margin
olmo3-7b,qwen38-27b,rte,58,15,0.25862068965517243,62,0.20967741935483872,0.9007751937984496,0.6062015503875968,0.5953488372093024,0.9007751937984496,1.0,0.2,0.25806451612903225,0.8333333333333334,0.3333333333333333,0.2903225806451613,0.8333333333333334,0.6666666666666666,0.3709677419354839,0.3333333333333333,0.06666666666666667,0.22580645161290322,0.5,0.2,0.25806451612903225,0.4166666666666667,0.3333333333333333,0.2903225806451613,0.6666666666666666,0.13333333333333333,0.24193548387096775,0.6666666666666666,0.26666666666666666,0.27419354838709675,0.4166666666666667,0.3333333333333333,0.2903225806451613,1.0,0.2,0.25806451612903225,0.8333333333333334,0.3333333333333333,0.2903225806451613,0.8333333333333334,0.6666666666666666,0.3709677419354839,margin
olmo3-7b,qwen38-27b,truthfulqa,259,16,0.06177606177606178,327,0.22324159021406728,0.8143004115226337,0.6954732510288066,0.4747942386831276,0.8143004115226337,0.15384615384615385,0.125,0.22935779816513763,0.23076923076923078,0.375,0.2415902140672783,0.19230769230769232,0.625,0.25382262996941896,0.07692307692307693,0.0625,0.22629969418960244,0.07692307692307693,0.125,0.22935779816513763,0.15384615384615385,0.5,0.24770642201834864,0.0,0.0,0.22324159021406728,0.038461538461538464,0.0625,0.22629969418960244,0.038461538461538464,0.125,0.22935779816513763,0.15384615384615385,0.125,0.22935779816513763,0.23076923076923078,0.375,0.2415902140672783,0.19230769230769232,0.625,0.25382262996941896,margin
qwen3-1.7b,gemma2-9b,boolq,745,74,0.09932885906040269,475,0.3684210526315789,0.7666451846779716,0.4229065130704475,0.5318000563902203,0.7666451846779716,0.2702702702702703,0.13513513513513514,0.3894736842105263,0.2972972972972973,0.2972972972972973,0.4147368421052632,0.24161073825503357,0.4864864864864865,0.4442105263157895,0.0,0.0,0.3684210526315789,0.08108108108108109,0.08108108108108109,0.38105263157894737,0.053691275167785234,0.10810810810810811,0.38526315789473686,0.1891891891891892,0.0945945945945946,0.3831578947368421,0.12162162162162163,0.12162162162162163,0.3873684210526316,0.1342281879194631,0.2702702702702703,0.4105263157894737,0.2702702702702703,0.13513513513513514,0.3894736842105263,0.2972972972972973,0.2972972972972973,0.4147368421052632,0.24161073825503357,0.4864864864864865,0.4442105263157895,margin
qwen3-1.7b,gemma2-9b,geometry_of_truth,975,10,0.010256410256410256,1000,0.033,0.9298445595854922,0.8954404145077721,0.25761658031088086,0.9298445595854922,0.08163265306122448,0.4,0.037,0.061224489795918366,0.6,0.039,0.05128205128205128,1.0,0.043,0.061224489795918366,0.3,0.036,0.05102040816326531,0.5,0.038,0.041025641025641026,0.8,0.041,0.0,0.0,0.033,0.0,0.0,0.033,0.0,0.0,0.033,0.08163265306122448,0.4,0.037,0.061224489795918366,0.6,0.039,0.05128205128205128,1.0,0.043,margin
qwen3-1.7b,gemma2-9b,imdb,937,67,0.07150480256136606,1018,0.08447937131630648,0.801286670097787,0.470766855378281,0.6018184937382055,0.801286670097787,0.2978723404255319,0.208955223880597,0.09823182711198428,0.2765957446808511,0.3880597014925373,0.1100196463654224,0.22459893048128343,0.6268656716417911,0.12573673870333987,0.0,0.0,0.08447937131630648,0.010638297872340425,0.014925373134328358,0.08546168958742632,0.058823529411764705,0.16417910447761194,0.09528487229862476,0.0851063829787234,0.05970149253731343,0.08840864440078586,0.07446808510638298,0.1044776119402985,0.09135559921414538,0.10695187165775401,0.29850746268656714,0.10412573673870335,0.2978723404255319,0.208955223880597,0.09823182711198428,0.2765957446808511,0.3880597014925373,0.1100196463654224,0.22459893048128343,0.6268656716417911,0.12573673870333987,margin
qwen3-1.7b,gemma2-9b,rte,54,10,0.18518518518518517,62,0.3225806451612903,0.8772727272727272,0.5272727272727273,0.6795454545454545,0.8772727272727272,0.6666666666666666,0.2,0.3548387096774194,0.6,0.3,0.3709677419354839,0.6363636363636364,0.7,0.43548387096774194,0.3333333333333333,0.1,0.3387096774193548,0.4,0.2,0.3548387096774194,0.2727272727272727,0.3,0.3709677419354839,0.0,0.0,0.3225806451612903,0.2,0.1,0.3387096774193548,0.36363636363636365,0.4,0.3870967741935484,0.6666666666666666,0.2,0.3548387096774194,0.6,0.3,0.3709677419354839,0.6363636363636364,0.7,0.43548387096774194,margin
qwen3-1.7b,gemma2-9b,truthfulqa,246,18,0.07317073170731707,327,0.2018348623853211,0.8323586744639376,0.7668128654970761,0.5545808966861598,0.8323586744639376,0.25,0.16666666666666666,0.21100917431192662,0.2,0.2777777777777778,0.21712538226299694,0.20408163265306123,0.5555555555555556,0.2324159021406728,0.25,0.16666666666666666,0.21100917431192662,0.24,0.3333333333333333,0.22018348623853212,0.22448979591836735,0.6111111111111112,0.23547400611620795,0.08333333333333333,0.05555555555555555,0.20489296636085627,0.04,0.05555555555555555,0.20489296636085627,0.10204081632653061,0.2777777777777778,0.21712538226299694,0.25,0.16666666666666666,0.21100917431192662,0.2,0.2777777777777778,0.21712538226299694,0.20408163265306123,0.5555555555555556,0.2324159021406728,margin
qwen3-1.7b,gemma4-12b,boolq,934,219,0.23447537473233404,475,0.4905263157894737,0.7418590541878214,0.4961969537312003,0.6676437717533608,0.7418590541878214,0.5531914893617021,0.1187214611872146,0.5452631578947369,0.5376344086021505,0.228310502283105,0.5957894736842105,0.48128342245989303,0.410958904109589,0.68,0.2765957446808511,0.0593607305936073,0.5178947368421053,0.22580645161290322,0.0958904109589041,0.5347368421052632,0.23529411764705882,0.2009132420091324,0.5831578947368421,0.48936170212765956,0.1050228310502283,0.5389473684210526,0.5161290322580645,0.2191780821917808,0.5915789473684211,0.44919786096256686,0.3835616438356164,0.6673684210526316,0.5531914893617021,0.1187214611872146,0.5452631578947369,0.5376344086021505,0.228310502283105,0.5957894736842105,0.48128342245989303,0.410958904109589,0.68,margin
qwen3-1.7b,gemma4-12b,geometry_of_truth,687,21,0.03056768558951965,1000,0.312,0.8233233233233233,0.6963391963391963,0.5017875017875018,0.8233233233233233,0.11764705882352941,0.19047619047619047,0.316,0.08695652173913043,0.2857142857142857,0.318,0.08029197080291971,0.5238095238095238,0.323,0.11764705882352941,0.19047619047619047,0.316,0.11594202898550725,0.38095238095238093,0.32,0.08029197080291971,0.5238095238095238,0.323,0.058823529411764705,0.09523809523809523,0.314,0.057971014492753624,0.19047619047619047,0.316,0.0364963503649635,0.23809523809523808,0.317,0.11764705882352941,0.19047619047619047,0.316,0.08695652173913043,0.2857142857142857,0.318,0.08029197080291971,0.5238095238095238,0.323,margin
qwen3-1.7b,gemma4-12b,imdb,587,76,0.12947189097103917,1018,0.42829076620825146,0.7243794417550726,0.46734988155319807,0.485812133072407,0.7243794417550726,0.3103448275862069,0.11842105263157894,0.43713163064833005,0.2542372881355932,0.19736842105263158,0.4430255402750491,0.2564102564102564,0.39473684210526316,0.4577603143418468,0.13793103448275862,0.05263157894736842,0.43222003929273084,0.1694915254237288,0.13157894736842105,0.4381139489194499,0.1282051282051282,0.19736842105263158,0.4430255402750491,0.1724137931034483,0.06578947368421052,0.43320235756385067,0.13559322033898305,0.10526315789473684,0.4361493123772102,0.1452991452991453,0.2236842105263158,0.4449901768172888,0.3103448275862069,0.11842105263157894,0.43713163064833005,0.2542372881355932,0.19736842105263158,0.4430255402750491,0.2564102564102564,0.39473684210526316,0.4577603143418468,margin
qwen3-1.7b,gemma4-12b,rte,50,20,0.4,62,0.5,0.6183333333333334,0.4883333333333333,0.36499999999999994,0.6183333333333334,0.5,0.05,0.5161290322580645,0.4,0.1,0.532258064516129,0.4,0.2,0.5645161290322581,0.5,0.05,0.5161290322580645,0.6,0.15,0.5483870967741935,0.4,0.2,0.5645161290322581,0.0,0.0,0.5,0.2,0.05,0.5161290322580645,0.3,0.15,0.5483870967741935,0.5,0.05,0.5161290322580645,0.4,0.1,0.532258064516129,0.4,0.2,0.5645161290322581,margin
qwen3-1.7b,gemma4-12b,truthfulqa,195,34,0.17435897435897435,327,0.3761467889908257,0.8021556448666423,0.6618560467665328,0.4194373401534527,0.8021556448666423,0.5,0.14705882352941177,0.39143730886850153,0.5,0.29411764705882354,0.40672782874617736,0.41025641025641024,0.47058823529411764,0.42507645259938837,0.0,0.0,0.3761467889908257,0.1,0.058823529411764705,0.382262996941896,0.2564102564102564,0.29411764705882354,0.40672782874617736,0.1,0.029411764705882353,0.37920489296636084,0.1,0.058823529411764705,0.382262996941896,0.10256410256410256,0.11764705882352941,0.38837920489296635,0.5,0.14705882352941177,0.39143730886850153,0.5,0.29411764705882354,0.40672782874617736,0.41025641025641024,0.47058823529411764,0.42507645259938837,margin
qwen3-1.7b,gemma4-12b-base,boolq,857,164,0.19136522753792298,475,0.3368421052631579,0.7986837011227256,0.49399922570654287,0.49042691725618553,0.7986837011227256,0.6046511627906976,0.15853658536585366,0.391578947368421,0.5348837209302325,0.2804878048780488,0.4336842105263158,0.47368421052631576,0.49390243902439024,0.5073684210526316,0.13953488372093023,0.036585365853658534,0.3494736842105263,0.11627906976744186,0.06097560975609756,0.35789473684210527,0.14619883040935672,0.1524390243902439,0.3894736842105263,0.13953488372093023,0.036585365853658534,0.3494736842105263,0.16279069767441862,0.08536585365853659,0.3663157894736842,0.1695906432748538,0.17682926829268292,0.39789473684210525,0.6046511627906976,0.15853658536585366,0.391578947368421,0.5348837209302325,0.2804878048780488,0.4336842105263158,0.47368421052631576,0.49390243902439024,0.5073684210526316,margin
qwen3-1.7b,gemma4-12b-base,geometry_of_truth,973,12,0.012332990750256937,1000,0.032,0.9534339229968781,0.923777315296566,0.38579604578564,0.9534339229968781,0.12244897959183673,0.5,0.038,0.10309278350515463,0.8333333333333334,0.042,0.06153846153846154,1.0,0.044,0.14285714285714285,0.5833333333333334,0.039,0.07216494845360824,0.5833333333333334,0.039,0.06153846153846154,1.0,0.044,0.0,0.0,0.032,0.0,0.0,0.032,0.0,0.0,0.032,0.12244897959183673,0.5,0.038,0.10309278350515463,0.8333333333333334,0.042,0.06153846153846154,1.0,0.044,margin
qwen3-1.7b,gemma4-12b-base,imdb,871,75,0.08610792192881746,1018,0.16601178781925344,0.7618592964824122,0.44400335008375214,0.43288107202680065,0.7618592964824122,0.36363636363636365,0.21333333333333335,0.18172888015717092,0.27586206896551724,0.32,0.18958742632612965,0.21839080459770116,0.5066666666666667,0.20333988212180745,0.022727272727272728,0.013333333333333334,0.16699410609037327,0.04597701149425287,0.05333333333333334,0.16994106090373282,0.05747126436781609,0.13333333333333333,0.17583497053045186,0.045454545454545456,0.02666666666666667,0.16797642436149313,0.034482758620689655,0.04,0.16895874263261296,0.05172413793103448,0.12,0.17485265225933203,0.36363636363636365,0.21333333333333335,0.18172888015717092,0.27586206896551724,0.32,0.18958742632612965,0.21839080459770116,0.5066666666666667,0.20333988212180745,margin
qwen3-1.7b,gemma4-12b-base,rte,57,17,0.2982456140350877,62,0.3709677419354839,0.7970588235294117,0.675,0.511764705882353,0.7970588235294117,0.6666666666666666,0.11764705882352941,0.4032258064516129,0.5,0.17647058823529413,0.41935483870967744,0.6363636363636364,0.4117647058823529,0.4838709677419355,0.0,0.0,0.3709677419354839,0.3333333333333333,0.11764705882352941,0.4032258064516129,0.36363636363636365,0.23529411764705882,0.43548387096774194,0.6666666666666666,0.11764705882352941,0.4032258064516129,0.5,0.17647058823529413,0.41935483870967744,0.36363636363636365,0.23529411764705882,0.43548387096774194,0.6666666666666666,0.11764705882352941,0.4032258064516129,0.5,0.17647058823529413,0.41935483870967744,0.6363636363636364,0.4117647058823529,0.4838709677419355,margin
qwen3-1.7b,gemma4-12b-base,truthfulqa,239,22,0.09205020920502092,327,0.22935779816513763,0.8422706325932132,0.7478005865102639,0.5175953079178885,0.8422706325932132,0.5,0.2727272727272727,0.24770642201834864,0.3333333333333333,0.36363636363636365,0.25382262996941896,0.3125,0.6818181818181818,0.27522935779816515,0.25,0.13636363636363635,0.23853211009174313,0.2916666666666667,0.3181818181818182,0.25076452599388377,0.22916666666666666,0.5,0.26299694189602446,0.08333333333333333,0.045454545454545456,0.2324159021406728,0.125,0.13636363636363635,0.23853211009174313,0.10416666666666667,0.22727272727272727,0.24464831804281345,0.5,0.2727272727272727,0.24770642201834864,0.3333333333333333,0.36363636363636365,0.25382262996941896,0.3125,0.6818181818181818,0.27522935779816515,margin
qwen3-1.7b,gemma4-31b,boolq,794,117,0.1473551637279597,475,0.3873684210526316,0.737782322715853,0.48914896034541533,0.4645557954272873,0.737782322715853,0.375,0.1282051282051282,0.4189473684210526,0.3670886075949367,0.24786324786324787,0.44842105263157894,0.3081761006289308,0.4188034188034188,0.4905263157894737,0.15,0.05128205128205128,0.4,0.17721518987341772,0.11965811965811966,0.4168421052631579,0.14465408805031446,0.19658119658119658,0.4357894736842105,0.125,0.042735042735042736,0.39789473684210525,0.16455696202531644,0.1111111111111111,0.4147368421052632,0.1320754716981132,0.1794871794871795,0.43157894736842106,0.375,0.1282051282051282,0.4189473684210526,0.3670886075949367,0.24786324786324787,0.44842105263157894,0.3081761006289308,0.4188034188034188,0.4905263157894737,margin
qwen3-1.7b,gemma4-31b,geometry_of_truth,893,17,0.019036954087346025,1000,0.102,0.9131077088369595,0.8846360461993017,0.3818828901423583,0.9131077088369595,0.13333333333333333,0.35294117647058826,0.108,0.10112359550561797,0.5294117647058824,0.111,0.0893854748603352,0.9411764705882353,0.118,0.2,0.5294117647058824,0.111,0.14606741573033707,0.7647058823529411,0.115,0.08379888268156424,0.8823529411764706,0.117,0.022222222222222223,0.058823529411764705,0.103,0.02247191011235955,0.11764705882352941,0.104,0.0111731843575419,0.11764705882352941,0.104,0.13333333333333333,0.35294117647058826,0.108,0.10112359550561797,0.5294117647058824,0.111,0.0893854748603352,0.9411764705882353,0.118,margin
qwen3-1.7b,gemma4-31b,rte,49,15,0.30612244897959184,62,0.4838709677419355,0.6823529411764706,0.5,0.4549019607843137,0.6823529411764706,0.0,0.0,0.4838709677419355,0.6,0.2,0.532258064516129,0.5,0.3333333333333333,0.5645161290322581,0.5,0.06666666666666667,0.5,0.4,0.13333333333333333,0.5161290322580645,0.3,0.2,0.532258064516129,0.0,0.0,0.4838709677419355,0.2,0.06666666666666667,0.5,0.1,0.06666666666666667,0.5,0.0,0.0,0.4838709677419355,0.6,0.2,0.532258064516129,0.5,0.3333333333333333,0.5645161290322581,margin
qwen3-1.7b,gemma4-31b,truthfulqa,215,21,0.09767441860465116,327,0.28440366972477066,0.7356406480117821,0.708885616102111,0.5436917034855179,0.7356406480117821,0.18181818181818182,0.09523809523809523,0.290519877675841,0.22727272727272727,0.23809523809523808,0.2996941896024465,0.18604651162790697,0.38095238095238093,0.308868501529052,0.2727272727272727,0.14285714285714285,0.29357798165137616,0.18181818181818182,0.19047619047619047,0.2966360856269113,0.20930232558139536,0.42857142857142855,0.3119266055045872,0.0,0.0,0.28440366972477066,0.09090909090909091,0.09523809523809523,0.290519877675841,0.13953488372093023,0.2857142857142857,0.30275229357798167,0.18181818181818182,0.09523809523809523,0.290519877675841,0.22727272727272727,0.23809523809523808,0.2996941896024465,0.18604651162790697,0.38095238095238093,0.308868501529052,margin
qwen3-1.7b,gptj-6b,boolq,913,215,0.23548740416210295,475,0.4147368421052632,0.7332511494635836,0.49448923835543407,0.6077497167988272,0.7332511494635836,0.5434782608695652,0.11627906976744186,0.4673684210526316,0.5384615384615384,0.22790697674418606,0.5178947368421053,0.4644808743169399,0.3953488372093023,0.5936842105263158,0.1956521739130435,0.04186046511627907,0.4336842105263158,0.2087912087912088,0.08837209302325581,0.45473684210526316,0.19672131147540983,0.16744186046511628,0.4905263157894737,0.2826086956521739,0.06046511627906977,0.4421052631578947,0.31868131868131866,0.13488372093023257,0.47578947368421054,0.33879781420765026,0.28837209302325584,0.5452631578947369,0.5434782608695652,0.11627906976744186,0.4673684210526316,0.5384615384615384,0.22790697674418606,0.5178947368421053,0.4644808743169399,0.3953488372093023,0.5936842105263158,margin
qwen3-1.7b,gptj-6b,geometry_of_truth,949,21,0.022128556375131718,1000,0.058,0.8930623973727422,0.7988505747126438,0.42503078817733997,0.8930623973727422,0.1276595744680851,0.2857142857142857,0.064,0.09473684210526316,0.42857142857142855,0.067,0.1,0.9047619047619048,0.077,0.10638297872340426,0.23809523809523808,0.063,0.08421052631578947,0.38095238095238093,0.066,0.06842105263157895,0.6190476190476191,0.071,0.02127659574468085,0.047619047619047616,0.059,0.010526315789473684,0.047619047619047616,0.059,0.02631578947368421,0.23809523809523808,0.063,0.1276595744680851,0.2857142857142857,0.064,0.09473684210526316,0.42857142857142855,0.067,0.1,0.9047619047619048,0.077,margin
qwen3-1.7b,gptj-6b,imdb,913,74,0.08105147864184009,1018,0.11493123772102161,0.7755693715169282,0.4297748284637438,0.5804207067615887,0.7755693715169282,0.2391304347826087,0.14864864864864866,0.12573673870333987,0.18681318681318682,0.22972972972972974,0.13163064833005894,0.1912568306010929,0.47297297297297297,0.14931237721021612,0.0,0.0,0.11493123772102161,0.01098901098901099,0.013513513513513514,0.11591355599214145,0.03278688524590164,0.08108108108108109,0.12082514734774066,0.06521739130434782,0.04054054054054054,0.11787819253438114,0.06593406593406594,0.08108108108108109,0.12082514734774066,0.09289617486338798,0.22972972972972974,0.13163064833005894,0.2391304347826087,0.14864864864864866,0.12573673870333987,0.18681318681318682,0.22972972972972974,0.13163064833005894,0.1912568306010929,0.47297297297297297,0.14931237721021612,margin
qwen3-1.7b,gptj-6b,rte,58,18,0.3103448275862069,62,0.4838709677419355,0.8236111111111111,0.6305555555555555,0.7083333333333334,0.8236111111111111,1.0,0.16666666666666666,0.532258064516129,1.0,0.3333333333333333,0.5806451612903226,0.75,0.5,0.6290322580645161,0.3333333333333333,0.05555555555555555,0.5,0.5,0.16666666666666666,0.532258064516129,0.4166666666666667,0.2777777777777778,0.5645161290322581,0.6666666666666666,0.1111111111111111,0.5161290322580645,0.6666666666666666,0.2222222222222222,0.5483870967741935,0.5833333333333334,0.3888888888888889,0.5967741935483871,1.0,0.16666666666666666,0.532258064516129,1.0,0.3333333333333333,0.5806451612903226,0.75,0.5,0.6290322580645161,margin
qwen3-1.7b,gptj-6b,truthfulqa,234,25,0.10683760683760683,327,0.19877675840978593,0.8189473684210526,0.7477511961722487,0.5157894736842106,0.8189473684210526,0.3333333333333333,0.16,0.21100917431192662,0.30434782608695654,0.28,0.22018348623853212,0.2978723404255319,0.56,0.2415902140672783,0.25,0.12,0.20795107033639143,0.34782608695652173,0.32,0.22324159021406728,0.2553191489361702,0.48,0.23547400611620795,0.08333333333333333,0.04,0.2018348623853211,0.08695652173913043,0.08,0.20489296636085627,0.10638297872340426,0.2,0.21406727828746178,0.3333333333333333,0.16,0.21100917431192662,0.30434782608695654,0.28,0.22018348623853212,0.2978723404255319,0.56,0.2415902140672783,margin
qwen3-1.7b,llama-8b,boolq,785,120,0.15286624203821655,475,0.33473684210526317,0.7623057644110276,0.5355263157894737,0.5293984962406015,0.7623057644110276,0.4358974358974359,0.14166666666666666,0.3705263157894737,0.358974358974359,0.23333333333333334,0.3936842105263158,0.36942675159235666,0.48333333333333334,0.4568421052631579,0.1282051282051282,0.041666666666666664,0.3452631578947368,0.1282051282051282,0.08333333333333333,0.35578947368421054,0.1464968152866242,0.19166666666666668,0.3831578947368421,0.1282051282051282,0.041666666666666664,0.3452631578947368,0.11538461538461539,0.075,0.35368421052631577,0.17197452229299362,0.225,0.391578947368421,0.4358974358974359,0.14166666666666666,0.3705263157894737,0.358974358974359,0.23333333333333334,0.3936842105263158,0.36942675159235666,0.48333333333333334,0.4568421052631579,margin
qwen3-1.7b,llama-8b,geometry_of_truth,976,10,0.010245901639344262,1000,0.034,0.9209109730848861,0.9157349896480331,0.3710144927536232,0.9209109730848861,0.061224489795918366,0.3,0.037,0.061224489795918366,0.6,0.04,0.05128205128205128,1.0,0.044,0.061224489795918366,0.3,0.037,0.061224489795918366,0.6,0.04,0.05128205128205128,1.0,0.044,0.0,0.0,0.034,0.0,0.0,0.034,0.0,0.0,0.034,0.061224489795918366,0.3,0.037,0.061224489795918366,0.6,0.04,0.05128205128205128,1.0,0.044,margin
qwen3-1.7b,llama-8b,imdb,950,76,0.08,1018,0.09037328094302555,0.8279537516560279,0.4492803805853306,0.5460074671805372,0.8279537516560279,0.375,0.23684210526315788,0.10805500982318271,0.30526315789473685,0.3815789473684211,0.11886051080550099,0.2736842105263158,0.6842105263157895,0.14145383104125736,0.020833333333333332,0.013157894736842105,0.09135559921414538,0.05263157894736842,0.06578947368421052,0.09528487229862476,0.05789473684210526,0.14473684210526316,0.10117878192534381,0.125,0.07894736842105263,0.0962671905697446,0.09473684210526316,0.11842105263157894,0.09921414538310412,0.08947368421052632,0.2236842105263158,0.10707269155206287,0.375,0.23684210526315788,0.10805500982318271,0.30526315789473685,0.3815789473684211,0.11886051080550099,0.2736842105263158,0.6842105263157895,0.14145383104125736,margin
qwen3-1.7b,llama-8b,rte,53,13,0.24528301886792453,62,0.3709677419354839,0.75,0.6596153846153846,0.3653846153846154,0.75,1.0,0.23076923076923078,0.41935483870967744,1.0,0.38461538461538464,0.45161290322580644,0.6363636363636364,0.5384615384615384,0.4838709677419355,0.0,0.0,0.3709677419354839,0.4,0.15384615384615385,0.4032258064516129,0.2727272727272727,0.23076923076923078,0.41935483870967744,0.0,0.0,0.3709677419354839,0.0,0.0,0.3709677419354839,0.09090909090909091,0.07692307692307693,0.3870967741935484,1.0,0.23076923076923078,0.41935483870967744,1.0,0.38461538461538464,0.45161290322580644,0.6363636363636364,0.5384615384615384,0.4838709677419355,margin
qwen3-1.7b,llama-8b,truthfulqa,250,23,0.092,327,0.1834862385321101,0.8630530549703122,0.7119325799655238,0.559088297261061,0.8630530549703122,0.25,0.13043478260869565,0.1926605504587156,0.36,0.391304347826087,0.21100917431192662,0.28,0.6086956521739131,0.22629969418960244,0.3333333333333333,0.17391304347826086,0.19571865443425077,0.28,0.30434782608695654,0.20489296636085627,0.22,0.4782608695652174,0.21712538226299694,0.25,0.13043478260869565,0.1926605504587156,0.16,0.17391304347826086,0.19571865443425077,0.16,0.34782608695652173,0.20795107033639143,0.25,0.13043478260869565,0.1926605504587156,0.36,0.391304347826087,0.21100917431192662,0.28,0.6086956521739131,0.22629969418960244,margin
qwen3-1.7b,llama31-405b,boolq,719,33,0.0458970792767733,475,0.4378947368421053,0.7183496775333511,0.5060517713578938,0.5694407633183143,0.7183496775333511,0.1111111111111111,0.12121212121212122,0.4463157894736842,0.09722222222222222,0.21212121212121213,0.45263157894736844,0.09722222222222222,0.42424242424242425,0.4673684210526316,0.05555555555555555,0.06060606060606061,0.4421052631578947,0.05555555555555555,0.12121212121212122,0.4463157894736842,0.041666666666666664,0.18181818181818182,0.45052631578947366,0.1388888888888889,0.15151515151515152,0.44842105263157894,0.08333333333333333,0.18181818181818182,0.45052631578947366,0.0625,0.2727272727272727,0.4568421052631579,0.1111111111111111,0.12121212121212122,0.4463157894736842,0.09722222222222222,0.21212121212121213,0.45263157894736844,0.09722222222222222,0.42424242424242425,0.4673684210526316,margin
qwen3-1.7b,llama31-405b,geometry_of_truth,971,5,0.005149330587023687,1000,0.036,0.8979296066252588,0.9008281573498965,0.17080745341614906,0.9008281573498965,0.02040816326530612,0.2,0.037,0.030927835051546393,0.6,0.039,0.020618556701030927,0.8,0.04,0.02040816326530612,0.2,0.037,0.020618556701030927,0.4,0.038,0.02577319587628866,1.0,0.041,0.0,0.0,0.036,0.0,0.0,0.036,0.0,0.0,0.036,0.02040816326530612,0.2,0.037,0.020618556701030927,0.4,0.038,0.02577319587628866,1.0,0.041,anomaly
qwen3-1.7b,llama31-405b,imdb,940,60,0.06382978723404255,1018,0.08644400785854617,0.8203977272727274,0.4568560606060606,0.5980492424242424,0.8203977272727274,0.2553191489361702,0.2,0.09823182711198428,0.20212765957446807,0.31666666666666665,0.10510805500982318,0.2127659574468085,0.6666666666666666,0.12573673870333987,0.0,0.0,0.08644400785854617,0.031914893617021274,0.05,0.0893909626719057,0.047872340425531915,0.15,0.09528487229862476,0.06382978723404255,0.05,0.0893909626719057,0.10638297872340426,0.16666666666666666,0.0962671905697446,0.0851063829787234,0.26666666666666666,0.10216110019646366,0.2553191489361702,0.2,0.09823182711198428,0.20212765957446807,0.31666666666666665,0.10510805500982318,0.2127659574468085,0.6666666666666666,0.12573673870333987,margin
qwen3-1.7b,llama31-405b,rte,52,9,0.17307692307692307,62,0.3870967741935484,0.82687338501292,0.4728682170542635,0.6511627906976745,0.82687338501292,0.3333333333333333,0.1111111111111111,0.4032258064516129,0.4,0.2222222222222222,0.41935483870967744,0.5,0.5555555555555556,0.46774193548387094,0.0,0.0,0.3870967741935484,0.2,0.1111111111111111,0.4032258064516129,0.2,0.2222222222222222,0.41935483870967744,0.6666666666666666,0.2222222222222222,0.41935483870967744,0.6,0.3333333333333333,0.43548387096774194,0.3,0.3333333333333333,0.43548387096774194,0.3333333333333333,0.1111111111111111,0.4032258064516129,0.4,0.2222222222222222,0.41935483870967744,0.5,0.5555555555555556,0.46774193548387094,margin
qwen3-1.7b,llama31-405b,truthfulqa,243,9,0.037037037037037035,327,0.20489296636085627,0.943019943019943,0.5693257359924027,0.44017094017094016,0.943019943019943,0.3333333333333333,0.4444444444444444,0.21712538226299694,0.2916666666666667,0.7777777777777778,0.22629969418960244,0.16326530612244897,0.8888888888888888,0.22935779816513763,0.08333333333333333,0.1111111111111111,0.20795107033639143,0.041666666666666664,0.1111111111111111,0.20795107033639143,0.061224489795918366,0.3333333333333333,0.21406727828746178,0.08333333333333333,0.1111111111111111,0.20795107033639143,0.041666666666666664,0.1111111111111111,0.20795107033639143,0.04081632653061224,0.2222222222222222,0.21100917431192662,0.3333333333333333,0.4444444444444444,0.21712538226299694,0.2916666666666667,0.7777777777777778,0.22629969418960244,0.16326530612244897,0.8888888888888888,0.22935779816513763,margin
qwen3-1.7b,llama31-70b,boolq,747,58,0.07764390896921017,475,0.3873684210526316,0.7515389620139132,0.4774285571292728,0.5474450728191782,0.7515389620139132,0.24324324324324326,0.15517241379310345,0.4063157894736842,0.21333333333333335,0.27586206896551724,0.42105263157894735,0.19463087248322147,0.5,0.44842105263157894,0.02702702702702703,0.017241379310344827,0.3894736842105263,0.04,0.05172413793103448,0.3936842105263158,0.040268456375838924,0.10344827586206896,0.4,0.13513513513513514,0.08620689655172414,0.39789473684210525,0.13333333333333333,0.1724137931034483,0.40842105263157896,0.0738255033557047,0.1896551724137931,0.4105263157894737,0.24324324324324326,0.15517241379310345,0.4063157894736842,0.21333333333333335,0.27586206896551724,0.42105263157894735,0.19463087248322147,0.5,0.44842105263157894,margin
qwen3-1.7b,llama31-70b,geometry_of_truth,977,7,0.007164790174002047,1000,0.034,0.9273932253313697,0.9139911634756995,0.33122238586156105,0.9273932253313697,0.04081632653061224,0.2857142857142857,0.036,0.05102040816326531,0.7142857142857143,0.039,0.03076923076923077,0.8571428571428571,0.04,0.04081632653061224,0.2857142857142857,0.036,0.04081632653061224,0.5714285714285714,0.038,0.035897435897435895,1.0,0.041,0.0,0.0,0.034,0.0,0.0,0.034,0.0,0.0,0.034,0.04081632653061224,0.2857142857142857,0.036,0.05102040816326531,0.7142857142857143,0.039,0.03076923076923077,0.8571428571428571,0.04,margin
qwen3-1.7b,llama31-70b,imdb,929,55,0.059203444564047365,1018,0.09233791748526522,0.8264822134387352,0.4478260869565217,0.6021011025587684,0.8264822134387352,0.2608695652173913,0.21818181818181817,0.10412573673870335,0.25806451612903225,0.43636363636363634,0.11591355599214145,0.20967741935483872,0.7090909090909091,0.13064833005893908,0.0,0.0,0.09233791748526522,0.03225806451612903,0.05454545454545454,0.09528487229862476,0.03763440860215054,0.12727272727272726,0.09921414538310412,0.021739130434782608,0.01818181818181818,0.09332023575638507,0.08602150537634409,0.14545454545454545,0.10019646365422397,0.10215053763440861,0.34545454545454546,0.11100196463654224,0.2608695652173913,0.21818181818181817,0.10412573673870335,0.25806451612903225,0.43636363636363634,0.11591355599214145,0.20967741935483872,0.7090909090909091,0.13064833005893908,margin
qwen3-1.7b,llama31-70b,rte,54,10,0.18518518518518517,62,0.3709677419354839,0.8636363636363636,0.575,0.6545454545454545,0.8636363636363636,0.3333333333333333,0.1,0.3870967741935484,0.4,0.2,0.4032258064516129,0.5454545454545454,0.6,0.46774193548387094,0.3333333333333333,0.1,0.3870967741935484,0.2,0.1,0.3870967741935484,0.18181818181818182,0.2,0.4032258064516129,0.3333333333333333,0.1,0.3870967741935484,0.2,0.1,0.3870967741935484,0.2727272727272727,0.3,0.41935483870967744,0.3333333333333333,0.1,0.3870967741935484,0.4,0.2,0.4032258064516129,0.5454545454545454,0.6,0.46774193548387094,margin
qwen3-1.7b,llama31-70b,truthfulqa,252,17,0.06746031746031746,327,0.1926605504587156,0.8177722152690864,0.7639549436795995,0.44680851063829785,0.8177722152690864,0.15384615384615385,0.11764705882352941,0.19877675840978593,0.2,0.29411764705882354,0.20795107033639143,0.16,0.47058823529411764,0.21712538226299694,0.3076923076923077,0.23529411764705882,0.20489296636085627,0.24,0.35294117647058826,0.21100917431192662,0.2,0.5882352941176471,0.22324159021406728,0.15384615384615385,0.11764705882352941,0.19877675840978593,0.08,0.11764705882352941,0.19877675840978593,0.06,0.17647058823529413,0.2018348623853211,0.15384615384615385,0.11764705882352941,0.19877675840978593,0.2,0.29411764705882354,0.20795107033639143,0.16,0.47058823529411764,0.21712538226299694,margin
qwen3-1.7b,llama31-70b-base,boolq,766,101,0.13185378590078328,475,0.3726315789473684,0.7656666418521552,0.4898086801161319,0.385543065584754,0.7656666418521552,0.39473684210526316,0.1485148514851485,0.40421052631578946,0.35064935064935066,0.26732673267326734,0.42947368421052634,0.30718954248366015,0.46534653465346537,0.47157894736842104,0.15789473684210525,0.0594059405940594,0.38526315789473686,0.14285714285714285,0.10891089108910891,0.3957894736842105,0.11764705882352941,0.1782178217821782,0.4105263157894737,0.07894736842105263,0.0297029702970297,0.37894736842105264,0.07792207792207792,0.0594059405940594,0.38526315789473686,0.08496732026143791,0.12871287128712872,0.4,0.39473684210526316,0.1485148514851485,0.40421052631578946,0.35064935064935066,0.26732673267326734,0.42947368421052634,0.30718954248366015,0.46534653465346537,0.47157894736842104,margin
qwen3-1.7b,llama31-70b-base,geometry_of_truth,971,8,0.008238928939237899,1000,0.036,0.9414589823468328,0.9145898234683282,0.35436137071651086,0.9414589823468328,0.08163265306122448,0.5,0.04,0.07216494845360824,0.875,0.043,0.03608247422680412,0.875,0.043,0.061224489795918366,0.375,0.039,0.05154639175257732,0.625,0.041,0.041237113402061855,1.0,0.044,0.0,0.0,0.036,0.0,0.0,0.036,0.0,0.0,0.036,0.08163265306122448,0.5,0.04,0.07216494845360824,0.875,0.043,0.03608247422680412,0.875,0.043,margin
qwen3-1.7b,llama31-70b-base,imdb,908,69,0.07599118942731277,1018,0.12278978388998035,0.7877044791072878,0.431897877044791,0.4070926396158297,0.7877044791072878,0.35555555555555557,0.2318840579710145,0.13850687622789784,0.2967032967032967,0.391304347826087,0.14931237721021612,0.2087912087912088,0.5507246376811594,0.16011787819253437,0.0,0.0,0.12278978388998035,0.04395604395604396,0.057971014492753624,0.12671905697445973,0.04395604395604396,0.11594202898550725,0.13064833005893908,0.044444444444444446,0.028985507246376812,0.12475442043222004,0.03296703296703297,0.043478260869565216,0.12573673870333987,0.04395604395604396,0.11594202898550725,0.13064833005893908,0.35555555555555557,0.2318840579710145,0.13850687622789784,0.2967032967032967,0.391304347826087,0.14931237721021612,0.2087912087912088,0.5507246376811594,0.16011787819253437,margin
qwen3-1.7b,llama31-70b-base,rte,53,13,0.24528301886792453,62,0.41935483870967744,0.7576923076923077,0.40769230769230774,0.4403846153846154,0.7576923076923077,0.6666666666666666,0.15384615384615385,0.45161290322580644,0.6,0.23076923076923078,0.46774193548387094,0.5454545454545454,0.46153846153846156,0.5161290322580645,0.0,0.0,0.41935483870967744,0.0,0.0,0.41935483870967744,0.09090909090909091,0.07692307692307693,0.43548387096774194,0.3333333333333333,0.07692307692307693,0.43548387096774194,0.2,0.07692307692307693,0.43548387096774194,0.18181818181818182,0.15384615384615385,0.45161290322580644,0.6666666666666666,0.15384615384615385,0.45161290322580644,0.6,0.23076923076923078,0.46774193548387094,0.5454545454545454,0.46153846153846156,0.5161290322580645,margin
qwen3-1.7b,llama31-70b-base,truthfulqa,229,18,0.07860262008733625,327,0.24770642201834864,0.8733543970510795,0.7677725118483413,0.5189573459715641,0.8733543970510795,0.5454545454545454,0.3333333333333333,0.26605504587155965,0.391304347826087,0.5,0.27522935779816515,0.2826086956521739,0.7222222222222222,0.2874617737003058,0.36363636363636365,0.2222222222222222,0.2599388379204893,0.2608695652173913,0.3333333333333333,0.26605504587155965,0.1956521739130435,0.5,0.27522935779816515,0.18181818181818182,0.1111111111111111,0.25382262996941896,0.08695652173913043,0.1111111111111111,0.25382262996941896,0.06521739130434782,0.16666666666666666,0.25688073394495414,0.5454545454545454,0.3333333333333333,0.26605504587155965,0.391304347826087,0.5,0.27522935779816515,0.2826086956521739,0.7222222222222222,0.2874617737003058,margin
qwen3-1.7b,llama31-8b-base,boolq,833,167,0.20048019207683074,475,0.3452631578947368,0.7463811116505727,0.5251209293125462,0.45722069374763985,0.7463811116505727,0.3333333333333333,0.08383233532934131,0.37473684210526315,0.43373493975903615,0.2155688622754491,0.42105263157894735,0.39520958083832336,0.39520958083832336,0.4842105263157895,0.16666666666666666,0.041916167664670656,0.36,0.20481927710843373,0.10179640718562874,0.38105263157894737,0.18562874251497005,0.18562874251497005,0.4105263157894737,0.23809523809523808,0.059880239520958084,0.3663157894736842,0.2289156626506024,0.11377245508982035,0.38526315789473686,0.2155688622754491,0.2155688622754491,0.42105263157894735,0.3333333333333333,0.08383233532934131,0.37473684210526315,0.43373493975903615,0.2155688622754491,0.42105263157894735,0.39520958083832336,0.39520958083832336,0.4842105263157895,margin
qwen3-1.7b,llama31-8b-base,geometry_of_truth,973,10,0.010277492291880781,1000,0.039,0.9074766355140187,0.911318795430945,0.5082035306334372,0.911318795430945,0.061224489795918366,0.3,0.042,0.05154639175257732,0.5,0.044,0.046153846153846156,0.9,0.048,0.04081632653061224,0.2,0.041,0.061855670103092786,0.6,0.045,0.046153846153846156,0.9,0.048,0.0,0.0,0.039,0.0,0.0,0.039,0.0,0.0,0.039,0.04081632653061224,0.2,0.041,0.061855670103092786,0.6,0.045,0.046153846153846156,0.9,0.048,anomaly
qwen3-1.7b,llama31-8b-base,imdb,885,58,0.0655367231638418,1018,0.13359528487229863,0.7684401451027811,0.48432222824500687,0.48419713964057876,0.7684401451027811,0.20454545454545456,0.15517241379310345,0.14243614931237722,0.19318181818181818,0.29310344827586204,0.15029469548133595,0.1638418079096045,0.5,0.16208251473477406,0.0,0.0,0.13359528487229863,0.022727272727272728,0.034482758620689655,0.13555992141453832,0.05084745762711865,0.15517241379310345,0.14243614931237722,0.045454545454545456,0.034482758620689655,0.13555992141453832,0.09090909090909091,0.13793103448275862,0.14145383104125736,0.05649717514124294,0.1724137931034483,0.14341846758349705,0.20454545454545456,0.15517241379310345,0.14243614931237722,0.19318181818181818,0.29310344827586204,0.15029469548133595,0.1638418079096045,0.5,0.16208251473477406,margin
qwen3-1.7b,llama31-8b-base,rte,53,14,0.2641509433962264,62,0.43548387096774194,0.7655677655677655,0.5018315018315019,0.5439560439560439,0.7655677655677655,0.6666666666666666,0.14285714285714285,0.46774193548387094,0.6,0.21428571428571427,0.4838709677419355,0.6363636363636364,0.5,0.5483870967741935,0.3333333333333333,0.07142857142857142,0.45161290322580644,0.2,0.07142857142857142,0.45161290322580644,0.36363636363636365,0.2857142857142857,0.5,0.6666666666666666,0.14285714285714285,0.46774193548387094,0.4,0.14285714285714285,0.46774193548387094,0.2727272727272727,0.21428571428571427,0.4838709677419355,0.6666666666666666,0.14285714285714285,0.46774193548387094,0.6,0.21428571428571427,0.4838709677419355,0.6363636363636364,0.5,0.5483870967741935,margin
qwen3-1.7b,llama31-8b-base,truthfulqa,243,27,0.1111111111111111,327,0.1834862385321101,0.8592249657064472,0.7554869684499315,0.5348079561042524,0.8592249657064472,0.3333333333333333,0.14814814814814814,0.19571865443425077,0.375,0.3333333333333333,0.21100917431192662,0.3469387755102041,0.6296296296296297,0.23547400611620795,0.25,0.1111111111111111,0.1926605504587156,0.25,0.2222222222222222,0.2018348623853211,0.2653061224489796,0.48148148148148145,0.22324159021406728,0.16666666666666666,0.07407407407407407,0.18960244648318042,0.125,0.1111111111111111,0.1926605504587156,0.12244897959183673,0.2222222222222222,0.2018348623853211,0.3333333333333333,0.14814814814814814,0.19571865443425077,0.375,0.3333333333333333,0.21100917431192662,0.3469387755102041,0.6296296296296297,0.23547400611620795,margin
qwen3-1.7b,olmo3-7b,boolq,840,145,0.17261904761904762,475,0.3389473684210526,0.7689704787893823,0.48338377573803026,0.5105532126023319,0.7689704787893823,0.5238095238095238,0.15172413793103448,0.38526315789473686,0.42857142857142855,0.2482758620689655,0.4147368421052632,0.4166666666666667,0.4827586206896552,0.4863157894736842,0.07142857142857142,0.020689655172413793,0.3452631578947368,0.10714285714285714,0.06206896551724138,0.35789473684210527,0.125,0.14482758620689656,0.3831578947368421,0.09523809523809523,0.027586206896551724,0.3473684210526316,0.20238095238095238,0.11724137931034483,0.37473684210526315,0.18452380952380953,0.21379310344827587,0.40421052631578946,0.5238095238095238,0.15172413793103448,0.38526315789473686,0.42857142857142855,0.2482758620689655,0.4147368421052632,0.4166666666666667,0.4827586206896552,0.4863157894736842,margin
qwen3-1.7b,olmo3-7b,geometry_of_truth,963,16,0.016614745586708203,1000,0.044,0.9002111932418163,0.8305174234424499,0.28425290390707497,0.9002111932418163,0.14583333333333334,0.4375,0.051,0.09375,0.5625,0.053,0.07253886010362694,0.875,0.058,0.041666666666666664,0.125,0.046,0.08333333333333333,0.5,0.052,0.06217616580310881,0.75,0.056,0.0,0.0,0.044,0.010416666666666666,0.0625,0.045,0.010362694300518135,0.125,0.046,0.14583333333333334,0.4375,0.051,0.09375,0.5625,0.053,0.07253886010362694,0.875,0.058,margin
qwen3-1.7b,olmo3-7b,imdb,958,88,0.0918580375782881,1018,0.07465618860510806,0.8323798328108672,0.49789707419017765,0.522008881922675,0.8323798328108672,0.5,0.2727272727272727,0.09823182711198428,0.375,0.4090909090909091,0.1100196463654224,0.296875,0.6477272727272727,0.13064833005893908,0.020833333333333332,0.011363636363636364,0.0756385068762279,0.0625,0.06818181818181818,0.08055009823182711,0.08333333333333333,0.18181818181818182,0.09037328094302555,0.14583333333333334,0.07954545454545454,0.08153241650294696,0.11458333333333333,0.125,0.08546168958742632,0.11979166666666667,0.26136363636363635,0.09724950884086445,0.5,0.2727272727272727,0.09823182711198428,0.375,0.4090909090909091,0.1100196463654224,0.296875,0.6477272727272727,0.13064833005893908,margin
qwen3-1.7b,olmo3-7b,rte,55,13,0.23636363636363636,62,0.3387096774193548,0.7783882783882785,0.5512820512820513,0.4560439560439561,0.7783882783882785,1.0,0.23076923076923078,0.3870967741935484,0.6666666666666666,0.3076923076923077,0.4032258064516129,0.5454545454545454,0.46153846153846156,0.43548387096774194,0.0,0.0,0.3387096774193548,0.16666666666666666,0.07692307692307693,0.3548387096774194,0.2727272727272727,0.23076923076923078,0.3870967741935484,0.3333333333333333,0.07692307692307693,0.3548387096774194,0.3333333333333333,0.15384615384615385,0.3709677419354839,0.2727272727272727,0.23076923076923078,0.3870967741935484,1.0,0.23076923076923078,0.3870967741935484,0.6666666666666666,0.3076923076923077,0.4032258064516129,0.5454545454545454,0.46153846153846156,0.43548387096774194,margin
qwen3-1.7b,olmo3-7b,truthfulqa,251,28,0.11155378486055777,327,0.19877675840978593,0.798686739269699,0.7504804612427931,0.44058295964125566,0.798686739269699,0.07692307692307693,0.03571428571428571,0.2018348623853211,0.32,0.2857142857142857,0.22324159021406728,0.28,0.5,0.2415902140672783,0.46153846153846156,0.21428571428571427,0.21712538226299694,0.4,0.35714285714285715,0.22935779816513763,0.28,0.5,0.2415902140672783,0.07692307692307693,0.03571428571428571,0.2018348623853211,0.08,0.07142857142857142,0.20489296636085627,0.1,0.17857142857142858,0.21406727828746178,0.07692307692307693,0.03571428571428571,0.2018348623853211,0.32,0.2857142857142857,0.22324159021406728,0.28,0.5,0.2415902140672783,margin
qwen3-1.7b,qwen3-32b,boolq,742,62,0.08355795148247978,475,0.4063157894736842,0.7055977229601518,0.590180265654649,0.5057637571157495,0.7055977229601518,0.2702702702702703,0.16129032258064516,0.42736842105263156,0.22972972972972974,0.27419354838709675,0.4421052631578947,0.18243243243243243,0.43548387096774194,0.4631578947368421,0.1891891891891892,0.11290322580645161,0.42105263157894735,0.10810810810810811,0.12903225806451613,0.4231578947368421,0.10135135135135136,0.24193548387096775,0.4378947368421053,0.13513513513513514,0.08064516129032258,0.4168421052631579,0.08108108108108109,0.0967741935483871,0.4189473684210526,0.08783783783783784,0.20967741935483872,0.4336842105263158,0.2702702702702703,0.16129032258064516,0.42736842105263156,0.22972972972972974,0.27419354838709675,0.4421052631578947,0.18243243243243243,0.43548387096774194,0.4631578947368421,margin
qwen3-1.7b,qwen3-32b,geometry_of_truth,973,7,0.007194244604316547,1000,0.034,0.9248742975451051,0.9195504288671991,0.24844720496894407,0.9248742975451051,0.04081632653061224,0.2857142857142857,0.036,0.041237113402061855,0.5714285714285714,0.038,0.035897435897435895,1.0,0.041,0.04081632653061224,0.2857142857142857,0.036,0.041237113402061855,0.5714285714285714,0.038,0.035897435897435895,1.0,0.041,0.0,0.0,0.034,0.0,0.0,0.034,0.0,0.0,0.034,0.04081632653061224,0.2857142857142857,0.036,0.041237113402061855,0.5714285714285714,0.038,0.035897435897435895,1.0,0.041,margin
qwen3-1.7b,qwen3-32b,imdb,940,70,0.07446808510638298,1018,0.07956777996070727,0.8018226600985222,0.46172413793103445,0.5608374384236453,0.8018226600985222,0.3617021276595745,0.24285714285714285,0.0962671905697446,0.2978723404255319,0.4,0.10707269155206287,0.2393617021276596,0.6428571428571429,0.1237721021611002,0.02127659574468085,0.014285714285714285,0.08055009823182711,0.0425531914893617,0.05714285714285714,0.08349705304518663,0.05851063829787234,0.15714285714285714,0.09037328094302555,0.0425531914893617,0.02857142857142857,0.08153241650294696,0.07446808510638298,0.1,0.08644400785854617,0.11702127659574468,0.3142857142857143,0.10117878192534381,0.3617021276595745,0.24285714285714285,0.0962671905697446,0.2978723404255319,0.4,0.10707269155206287,0.2393617021276596,0.6428571428571429,0.1237721021611002,margin
qwen3-1.7b,qwen3-32b,rte,57,13,0.22807017543859648,62,0.27419354838709675,0.9108391608391609,0.6520979020979021,0.729020979020979,0.9108391608391609,1.0,0.23076923076923078,0.3225806451612903,1.0,0.46153846153846156,0.3709677419354839,0.9090909090909091,0.7692307692307693,0.43548387096774194,0.3333333333333333,0.07692307692307693,0.2903225806451613,0.5,0.23076923076923078,0.3225806451612903,0.5454545454545454,0.46153846153846156,0.3709677419354839,0.6666666666666666,0.15384615384615385,0.3064516129032258,0.6666666666666666,0.3076923076923077,0.3387096774193548,0.36363636363636365,0.3076923076923077,0.3387096774193548,1.0,0.23076923076923078,0.3225806451612903,1.0,0.46153846153846156,0.3709677419354839,0.9090909090909091,0.7692307692307693,0.43548387096774194,margin
qwen3-1.7b,qwen3-32b,truthfulqa,248,13,0.05241935483870968,327,0.18960244648318042,0.8445171849427169,0.7152209492635024,0.41767594108019634,0.8445171849427169,0.16666666666666666,0.15384615384615385,0.19571865443425077,0.16,0.3076923076923077,0.2018348623853211,0.16,0.6153846153846154,0.21406727828746178,0.25,0.23076923076923078,0.19877675840978593,0.2,0.38461538461538464,0.20489296636085627,0.12,0.46153846153846156,0.20795107033639143,0.08333333333333333,0.07692307692307693,0.1926605504587156,0.04,0.07692307692307693,0.1926605504587156,0.02,0.07692307692307693,0.1926605504587156,0.16666666666666666,0.15384615384615385,0.19571865443425077,0.16,0.3076923076923077,0.2018348623853211,0.16,0.6153846153846154,0.21406727828746178,margin
qwen3-1.7b,qwen3-8b,boolq,783,100,0.1277139208173691,475,0.33263157894736844,0.776281112737921,0.4545534407027819,0.5066178623718887,0.776281112737921,0.41025641025641024,0.16,0.3663157894736842,0.3974358974358974,0.31,0.39789473684210525,0.3184713375796178,0.5,0.4378947368421053,0.07692307692307693,0.03,0.3389473684210526,0.07692307692307693,0.06,0.3452631578947368,0.08917197452229299,0.14,0.36210526315789476,0.15384615384615385,0.06,0.3452631578947368,0.1282051282051282,0.1,0.35368421052631577,0.1337579617834395,0.21,0.37684210526315787,0.41025641025641024,0.16,0.3663157894736842,0.3974358974358974,0.31,0.39789473684210525,0.3184713375796178,0.5,0.4378947368421053,margin
qwen3-1.7b,qwen3-8b,geometry_of_truth,971,11,0.01132852729145211,1000,0.036,0.9378787878787879,0.9201704545454547,0.3233901515151515,0.9378787878787879,0.10204081632653061,0.45454545454545453,0.041,0.08247422680412371,0.7272727272727273,0.044,0.05670103092783505,1.0,0.047,0.08163265306122448,0.36363636363636365,0.04,0.07216494845360824,0.6363636363636364,0.043,0.05154639175257732,0.9090909090909091,0.046,0.0,0.0,0.036,0.0,0.0,0.036,0.0,0.0,0.036,0.10204081632653061,0.45454545454545453,0.041,0.08247422680412371,0.7272727272727273,0.044,0.05670103092783505,1.0,0.047,margin
qwen3-1.7b,qwen3-8b,imdb,951,80,0.08412197686645637,1018,0.07858546168958742,0.8284012629161882,0.44448909299655565,0.5919202066590127,0.8284012629161882,0.4166666666666667,0.25,0.09823182711198428,0.3473684210526316,0.4125,0.11100196463654224,0.28421052631578947,0.675,0.13163064833005894,0.020833333333333332,0.0125,0.07956777996070727,0.042105263157894736,0.05,0.0825147347740668,0.06315789473684211,0.15,0.09037328094302555,0.10416666666666667,0.0625,0.08349705304518663,0.12631578947368421,0.15,0.09037328094302555,0.14210526315789473,0.3375,0.10510805500982318,0.4166666666666667,0.25,0.09823182711198428,0.3473684210526316,0.4125,0.11100196463654224,0.28421052631578947,0.675,0.13163064833005894,margin
qwen3-1.7b,qwen3-8b,rte,54,12,0.2222222222222222,62,0.27419354838709675,0.8908730158730159,0.6130952380952381,0.5714285714285714,0.8908730158730159,0.6666666666666666,0.16666666666666666,0.3064516129032258,0.6,0.25,0.3225806451612903,0.5454545454545454,0.5,0.3709677419354839,0.3333333333333333,0.08333333333333333,0.2903225806451613,0.4,0.16666666666666666,0.3064516129032258,0.2727272727272727,0.25,0.3225806451612903,0.3333333333333333,0.08333333333333333,0.2903225806451613,0.4,0.16666666666666666,0.3064516129032258,0.36363636363636365,0.3333333333333333,0.3387096774193548,0.6666666666666666,0.16666666666666666,0.3064516129032258,0.6,0.25,0.3225806451612903,0.5454545454545454,0.5,0.3709677419354839,margin
qwen3-1.7b,qwen3-8b,truthfulqa,256,23,0.08984375,327,0.18042813455657492,0.8436275424519499,0.6915469303974622,0.4836723269266654,0.8436275424519499,0.5384615384615384,0.30434782608695654,0.2018348623853211,0.38461538461538464,0.43478260869565216,0.21100917431192662,0.27450980392156865,0.6086956521739131,0.22324159021406728,0.23076923076923078,0.13043478260869565,0.18960244648318042,0.2692307692307692,0.30434782608695654,0.2018348623853211,0.17647058823529413,0.391304347826087,0.20795107033639143,0.15384615384615385,0.08695652173913043,0.18654434250764526,0.07692307692307693,0.08695652173913043,0.18654434250764526,0.0784313725490196,0.17391304347826086,0.1926605504587156,0.5384615384615384,0.30434782608695654,0.2018348623853211,0.38461538461538464,0.43478260869565216,0.21100917431192662,0.27450980392156865,0.6086956521739131,0.22324159021406728,margin
qwen3-1.7b,qwen3-8b-base,boolq,805,110,0.13664596273291926,475,0.3157894736842105,0.7681621975147155,0.4903204708960105,0.5044604316546762,0.7681621975147155,0.425,0.15454545454545454,0.35157894736842105,0.3625,0.2636363636363636,0.37684210526315787,0.32298136645962733,0.4727272727272727,0.42526315789473684,0.15,0.05454545454545454,0.32842105263157895,0.0875,0.06363636363636363,0.33052631578947367,0.14285714285714285,0.20909090909090908,0.3642105263157895,0.175,0.06363636363636363,0.33052631578947367,0.15,0.10909090909090909,0.3410526315789474,0.14285714285714285,0.20909090909090908,0.3642105263157895,0.425,0.15454545454545454,0.35157894736842105,0.3625,0.2636363636363636,0.37684210526315787,0.32298136645962733,0.4727272727272727,0.42526315789473684,margin
qwen3-1.7b,qwen3-8b-base,geometry_of_truth,975,9,0.009230769230769232,1000,0.038,0.9239705544053369,0.9106280193236715,0.28686450425580856,0.9239705544053369,0.08163265306122448,0.4444444444444444,0.042,0.061224489795918366,0.6666666666666666,0.044,0.046153846153846156,1.0,0.047,0.04081632653061224,0.2222222222222222,0.04,0.05102040816326531,0.5555555555555556,0.043,0.046153846153846156,1.0,0.047,0.0,0.0,0.038,0.0,0.0,0.038,0.005128205128205128,0.1111111111111111,0.039,0.08163265306122448,0.4444444444444444,0.042,0.061224489795918366,0.6666666666666666,0.044,0.046153846153846156,1.0,0.047,margin
qwen3-1.7b,qwen3-8b-base,imdb,954,76,0.07966457023060797,1018,0.08644400785854617,0.8180374055868602,0.45916257043519965,0.5016634696079607,0.8180374055868602,0.4166666666666667,0.2631578947368421,0.10609037328094302,0.3368421052631579,0.42105263157894735,0.11787819253438114,0.2774869109947644,0.6973684210526315,0.13850687622789784,0.020833333333333332,0.013157894736842105,0.08742632612966601,0.042105263157894736,0.05263157894736842,0.09037328094302555,0.06282722513089005,0.15789473684210525,0.09823182711198428,0.10416666666666667,0.06578947368421052,0.09135559921414538,0.06315789473684211,0.07894736842105263,0.09233791748526522,0.08900523560209424,0.2236842105263158,0.1031434184675835,0.4166666666666667,0.2631578947368421,0.10609037328094302,0.3368421052631579,0.42105263157894735,0.11787819253438114,0.2774869109947644,0.6973684210526315,0.13850687622789784,margin
qwen3-1.7b,qwen3-8b-base,rte,56,14,0.25,62,0.2903225806451613,0.8486394557823129,0.5799319727891157,0.5374149659863945,0.8486394557823129,0.3333333333333333,0.07142857142857142,0.3064516129032258,0.5,0.21428571428571427,0.3387096774193548,0.6363636363636364,0.5,0.4032258064516129,0.3333333333333333,0.07142857142857142,0.3064516129032258,0.16666666666666666,0.07142857142857142,0.3064516129032258,0.2727272727272727,0.21428571428571427,0.3387096774193548,0.0,0.0,0.2903225806451613,0.16666666666666666,0.07142857142857142,0.3064516129032258,0.2727272727272727,0.21428571428571427,0.3387096774193548,0.3333333333333333,0.07142857142857142,0.3064516129032258,0.5,0.21428571428571427,0.3387096774193548,0.6363636363636364,0.5,0.4032258064516129,margin
qwen3-1.7b,qwen3-8b-base,truthfulqa,246,21,0.08536585365853659,327,0.21712538226299694,0.8226455026455026,0.7456084656084655,0.4848677248677249,0.8226455026455026,0.4166666666666667,0.23809523809523808,0.2324159021406728,0.32,0.38095238095238093,0.2415902140672783,0.24489795918367346,0.5714285714285714,0.25382262996941896,0.16666666666666666,0.09523809523809523,0.22324159021406728,0.24,0.2857142857142857,0.23547400611620795,0.16326530612244897,0.38095238095238093,0.2415902140672783,0.0,0.0,0.21712538226299694,0.08,0.09523809523809523,0.22324159021406728,0.061224489795918366,0.14285714285714285,0.22629969418960244,0.4166666666666667,0.23809523809523808,0.2324159021406728,0.32,0.38095238095238093,0.2415902140672783,0.24489795918367346,0.5714285714285714,0.25382262996941896,margin
qwen3-1.7b,qwen38-27b,boolq,739,52,0.07036535859269283,475,0.40421052631578946,0.7417702384951294,0.5462714141753443,0.5929347217556825,0.7417702384951294,0.05405405405405406,0.038461538461538464,0.40842105263157896,0.17567567567567569,0.25,0.43157894736842106,0.1554054054054054,0.4423076923076923,0.45263157894736844,0.0,0.0,0.40421052631578946,0.05405405405405406,0.07692307692307693,0.4126315789473684,0.06756756756756757,0.19230769230769232,0.42526315789473684,0.1891891891891892,0.1346153846153846,0.4189473684210526,0.13513513513513514,0.19230769230769232,0.42526315789473684,0.12162162162162163,0.34615384615384615,0.4421052631578947,0.05405405405405406,0.038461538461538464,0.40842105263157896,0.17567567567567569,0.25,0.43157894736842106,0.1554054054054054,0.4423076923076923,0.45263157894736844,margin
qwen3-1.7b,qwen38-27b,geometry_of_truth,972,9,0.009259259259259259,1000,0.035,0.9359640013845621,0.9209645782854506,0.32041075343256026,0.9359640013845621,0.08163265306122448,0.4444444444444444,0.039,0.061855670103092786,0.6666666666666666,0.041,0.04639175257731959,1.0,0.044,0.08163265306122448,0.4444444444444444,0.039,0.05154639175257732,0.5555555555555556,0.04,0.04639175257731959,1.0,0.044,0.0,0.0,0.035,0.0,0.0,0.035,0.0,0.0,0.035,0.08163265306122448,0.4444444444444444,0.039,0.061855670103092786,0.6666666666666666,0.041,0.04639175257731959,1.0,0.044,margin
qwen3-1.7b,qwen38-27b,rte,55,12,0.21818181818181817,62,0.2903225806451613,0.9457364341085271,0.6531007751937985,0.7228682170542635,0.9457364341085271,1.0,0.25,0.3387096774193548,0.8333333333333334,0.4166666666666667,0.3709677419354839,0.9090909090909091,0.8333333333333334,0.45161290322580644,0.0,0.0,0.2903225806451613,0.16666666666666666,0.08333333333333333,0.3064516129032258,0.36363636363636365,0.3333333333333333,0.3548387096774194,0.3333333333333333,0.08333333333333333,0.3064516129032258,0.3333333333333333,0.16666666666666666,0.3225806451612903,0.45454545454545453,0.4166666666666667,0.3709677419354839,1.0,0.25,0.3387096774193548,0.8333333333333334,0.4166666666666667,0.3709677419354839,0.9090909090909091,0.8333333333333334,0.45161290322580644,margin
qwen3-1.7b,qwen38-27b,truthfulqa,251,16,0.06374501992031872,327,0.2018348623853211,0.8332446808510638,0.7340425531914894,0.5321808510638298,0.8332446808510638,0.3076923076923077,0.25,0.21406727828746178,0.2,0.3125,0.21712538226299694,0.16,0.5,0.22629969418960244,0.07692307692307693,0.0625,0.20489296636085627,0.12,0.1875,0.21100917431192662,0.18,0.5625,0.22935779816513763,0.3076923076923077,0.25,0.21406727828746178,0.16,0.25,0.21406727828746178,0.08,0.25,0.21406727828746178,0.3076923076923077,0.25,0.21406727828746178,0.2,0.3125,0.21712538226299694,0.16,0.5,0.22629969418960244,margin
qwen3-32b,llama31-405b,boolq,752,37,0.04920212765957447,475,0.13263157894736843,0.7292383292383293,0.49446229446229445,0.5453033453033453,0.7292383292383293,0.10526315789473684,0.10810810810810811,0.14105263157894737,0.16,0.32432432432432434,0.15789473684210525,0.14666666666666667,0.5945945945945946,0.17894736842105263,0.05263157894736842,0.05405405405405406,0.1368421052631579,0.05333333333333334,0.10810810810810811,0.14105263157894737,0.05333333333333334,0.21621621621621623,0.14947368421052631,0.02631578947368421,0.02702702702702703,0.13473684210526315,0.05333333333333334,0.10810810810810811,0.14105263157894737,0.08,0.32432432432432434,0.15789473684210525,0.10526315789473684,0.10810810810810811,0.14105263157894737,0.16,0.32432432432432434,0.15789473684210525,0.14666666666666667,0.5945945945945946,0.17894736842105263,margin
qwen3-32b,llama31-405b,geometry_of_truth,992,6,0.006048387096774193,1000,0.008,0.9641649763353617,0.9087221095334685,0.6795131845841785,0.9641649763353617,0.1,0.8333333333333334,0.013,0.050505050505050504,0.8333333333333334,0.013,0.030303030303030304,1.0,0.014,0.02,0.16666666666666666,0.009,0.030303030303030304,0.5,0.011,0.030303030303030304,1.0,0.014,0.0,0.0,0.008,0.0,0.0,0.008,0.010101010101010102,0.3333333333333333,0.01,0.1,0.8333333333333334,0.013,0.050505050505050504,0.8333333333333334,0.013,0.030303030303030304,1.0,0.014,margin
qwen3-32b,llama31-405b,imdb,993,69,0.06948640483383686,1018,0.03241650294695481,0.8405169709517535,0.47220653742392876,0.6314072401028923,0.8405169709517535,0.28,0.2028985507246377,0.04616895874263261,0.29292929292929293,0.42028985507246375,0.060903732809430254,0.24623115577889448,0.7101449275362319,0.08055009823182711,0.0,0.0,0.03241650294695481,0.050505050505050504,0.07246376811594203,0.03732809430255403,0.07537688442211055,0.21739130434782608,0.047151277013752456,0.24,0.17391304347826086,0.04420432220039293,0.20202020202020202,0.2898550724637681,0.05206286836935167,0.135678391959799,0.391304347826087,0.05893909626719057,0.28,0.2028985507246377,0.04616895874263261,0.29292929292929293,0.42028985507246375,0.060903732809430254,0.24623115577889448,0.7101449275362319,0.08055009823182711,margin
qwen3-32b,llama31-405b,rte,61,14,0.22950819672131148,62,0.1774193548387097,0.8708206686930091,0.5167173252279635,0.5623100303951368,0.8708206686930091,0.3333333333333333,0.07142857142857142,0.1935483870967742,0.5,0.21428571428571427,0.22580645161290322,0.5833333333333334,0.5,0.2903225806451613,0.3333333333333333,0.07142857142857142,0.1935483870967742,0.3333333333333333,0.14285714285714285,0.20967741935483872,0.3333333333333333,0.2857142857142857,0.24193548387096775,0.0,0.0,0.1774193548387097,0.16666666666666666,0.07142857142857142,0.1935483870967742,0.3333333333333333,0.2857142857142857,0.24193548387096775,0.3333333333333333,0.07142857142857142,0.1935483870967742,0.5,0.21428571428571427,0.22580645161290322,0.5833333333333334,0.5,0.2903225806451613,margin
qwen3-32b,llama31-405b,truthfulqa,290,11,0.03793103448275862,327,0.11314984709480122,0.8996415770609318,0.5891169762137505,0.47181492342782666,0.8996415770609318,0.21428571428571427,0.2727272727272727,0.12232415902140673,0.20689655172413793,0.5454545454545454,0.13149847094801223,0.15517241379310345,0.8181818181818182,0.14067278287461774,0.07142857142857142,0.09090909090909091,0.1162079510703364,0.034482758620689655,0.09090909090909091,0.1162079510703364,0.05172413793103448,0.2727272727272727,0.12232415902140673,0.0,0.0,0.11314984709480122,0.0,0.0,0.11314984709480122,0.034482758620689655,0.18181818181818182,0.11926605504587157,0.21428571428571427,0.2727272727272727,0.12232415902140673,0.20689655172413793,0.5454545454545454,0.13149847094801223,0.15517241379310345,0.8181818181818182,0.14067278287461774,margin
qwen3-32b,llama31-70b,boolq,757,48,0.06340819022457067,475,0.14105263157894737,0.7443582510578279,0.545398448519041,0.5278267512929008,0.7443582510578279,0.2894736842105263,0.22916666666666666,0.16421052631578947,0.2236842105263158,0.3541666666666667,0.17684210526315788,0.16556291390728478,0.5208333333333334,0.1936842105263158,0.02631578947368421,0.020833333333333332,0.1431578947368421,0.05263157894736842,0.08333333333333333,0.14947368421052631,0.059602649006622516,0.1875,0.16,0.13157894736842105,0.10416666666666667,0.15157894736842106,0.09210526315789473,0.14583333333333334,0.15578947368421053,0.0728476821192053,0.22916666666666666,0.16421052631578947,0.2894736842105263,0.22916666666666666,0.16421052631578947,0.2236842105263158,0.3541666666666667,0.17684210526315788,0.16556291390728478,0.5208333333333334,0.1936842105263158,margin
qwen3-32b,llama31-70b,geometry_of_truth,994,7,0.007042253521126761,1000,0.008,0.951946736141265,0.9147488782747142,0.4074395715733101,0.951946736141265,0.1,0.7142857142857143,0.013,0.06060606060606061,0.8571428571428571,0.014,0.035175879396984924,1.0,0.015,0.04,0.2857142857142857,0.01,0.050505050505050504,0.7142857142857143,0.013,0.035175879396984924,1.0,0.015,0.02,0.14285714285714285,0.009,0.010101010101010102,0.14285714285714285,0.009,0.005025125628140704,0.14285714285714285,0.009,0.1,0.7142857142857143,0.013,0.06060606060606061,0.8571428571428571,0.014,0.035175879396984924,1.0,0.015,margin
qwen3-32b,llama31-70b,imdb,984,65,0.06605691056910569,1018,0.036345776031434185,0.8538880053569933,0.451092324432912,0.6813425964677324,0.8538880053569933,0.32653061224489793,0.24615384615384617,0.05206286836935167,0.3673469387755102,0.5538461538461539,0.07170923379174853,0.25380710659898476,0.7692307692307693,0.08546168958742632,0.0,0.0,0.036345776031434185,0.030612244897959183,0.046153846153846156,0.03929273084479371,0.05583756345177665,0.16923076923076924,0.047151277013752456,0.24489795918367346,0.18461538461538463,0.0481335952848723,0.17346938775510204,0.26153846153846155,0.05304518664047151,0.14213197969543148,0.4307692307692308,0.06385068762278978,0.32653061224489793,0.24615384615384617,0.05206286836935167,0.3673469387755102,0.5538461538461539,0.07170923379174853,0.25380710659898476,0.7692307692307693,0.08546168958742632,margin
qwen3-32b,llama31-70b,rte,60,13,0.21666666666666667,62,0.22580645161290322,0.8739770867430441,0.6530278232405893,0.6317512274959083,0.8739770867430441,0.6666666666666666,0.15384615384615385,0.25806451612903225,0.5,0.23076923076923078,0.27419354838709675,0.6666666666666666,0.6153846153846154,0.3548387096774194,0.0,0.0,0.22580645161290322,0.5,0.23076923076923078,0.27419354838709675,0.4166666666666667,0.38461538461538464,0.3064516129032258,0.3333333333333333,0.07692307692307693,0.24193548387096775,0.3333333333333333,0.15384615384615385,0.25806451612903225,0.25,0.23076923076923078,0.27419354838709675,0.6666666666666666,0.15384615384615385,0.25806451612903225,0.5,0.23076923076923078,0.27419354838709675,0.6666666666666666,0.6153846153846154,0.3548387096774194,margin
qwen3-32b,llama31-70b,truthfulqa,288,14,0.04861111111111111,327,0.13149847094801223,0.8334202294056309,0.7645985401459854,0.3806047966631908,0.8334202294056309,0.14285714285714285,0.14285714285714285,0.13761467889908258,0.1724137931034483,0.35714285714285715,0.14678899082568808,0.15517241379310345,0.6428571428571429,0.15902140672782875,0.07142857142857142,0.07142857142857142,0.1345565749235474,0.1724137931034483,0.35714285714285715,0.14678899082568808,0.1206896551724138,0.5,0.1529051987767584,0.0,0.0,0.13149847094801223,0.0,0.0,0.13149847094801223,0.017241379310344827,0.07142857142857142,0.1345565749235474,0.14285714285714285,0.14285714285714285,0.13761467889908258,0.1724137931034483,0.35714285714285715,0.14678899082568808,0.15517241379310345,0.6428571428571429,0.15902140672782875,margin
qwen3-32b,llama31-70b-base,boolq,737,55,0.07462686567164178,475,0.27789473684210525,0.7509197547320714,0.620181284990669,0.4409224206878166,0.7509197547320714,0.2702702702702703,0.18181818181818182,0.29894736842105263,0.22972972972972974,0.3090909090909091,0.3136842105263158,0.17687074829931973,0.4727272727272727,0.33263157894736844,0.13513513513513514,0.09090909090909091,0.28842105263157897,0.12162162162162163,0.16363636363636364,0.2968421052631579,0.11564625850340136,0.3090909090909091,0.3136842105263158,0.05405405405405406,0.03636363636363636,0.28210526315789475,0.08108108108108109,0.10909090909090909,0.2905263157894737,0.061224489795918366,0.16363636363636364,0.2968421052631579,0.2702702702702703,0.18181818181818182,0.29894736842105263,0.22972972972972974,0.3090909090909091,0.3136842105263158,0.17687074829931973,0.4727272727272727,0.33263157894736844,margin
qwen3-32b,llama31-70b-base,geometry_of_truth,986,6,0.006085192697768763,1000,0.014,0.9744897959183674,0.8858843537414965,0.5377551020408163,0.9744897959183674,0.10204081632653061,0.8333333333333334,0.019,0.06060606060606061,1.0,0.02,0.030456852791878174,1.0,0.02,0.04081632653061224,0.3333333333333333,0.016,0.030303030303030304,0.5,0.017,0.025380710659898477,0.8333333333333334,0.019,0.02040816326530612,0.16666666666666666,0.015,0.010101010101010102,0.16666666666666666,0.015,0.015228426395939087,0.5,0.017,0.10204081632653061,0.8333333333333334,0.019,0.06060606060606061,1.0,0.02,0.030456852791878174,1.0,0.02,margin
qwen3-32b,llama31-70b-base,imdb,940,62,0.06595744680851064,1018,0.10019646365422397,0.7733117789697993,0.4630575354544787,0.4213755602909839,0.7733117789697993,0.2978723404255319,0.22580645161290322,0.11394891944990176,0.24468085106382978,0.3709677419354839,0.12278978388998035,0.18085106382978725,0.5483870967741935,0.13359528487229863,0.0,0.0,0.10019646365422397,0.0425531914893617,0.06451612903225806,0.10412573673870335,0.05851063829787234,0.1774193548387097,0.11100196463654224,0.0,0.0,0.10019646365422397,0.010638297872340425,0.016129032258064516,0.10117878192534381,0.031914893617021274,0.0967741935483871,0.10609037328094302,0.2978723404255319,0.22580645161290322,0.11394891944990176,0.24468085106382978,0.3709677419354839,0.12278978388998035,0.18085106382978725,0.5483870967741935,0.13359528487229863,margin
qwen3-32b,llama31-70b-base,rte,57,14,0.24561403508771928,62,0.3387096774193548,0.9086378737541527,0.5980066445182725,0.7225913621262459,0.9086378737541527,0.6666666666666666,0.14285714285714285,0.3709677419354839,0.6666666666666666,0.2857142857142857,0.4032258064516129,0.8181818181818182,0.6428571428571429,0.4838709677419355,0.3333333333333333,0.07142857142857142,0.3548387096774194,0.5,0.21428571428571427,0.3870967741935484,0.36363636363636365,0.2857142857142857,0.4032258064516129,0.3333333333333333,0.07142857142857142,0.3548387096774194,0.3333333333333333,0.14285714285714285,0.3709677419354839,0.36363636363636365,0.2857142857142857,0.4032258064516129,0.6666666666666666,0.14285714285714285,0.3709677419354839,0.6666666666666666,0.2857142857142857,0.4032258064516129,0.8181818181818182,0.6428571428571429,0.4838709677419355,margin
qwen3-32b,llama31-70b-base,truthfulqa,259,16,0.06177606177606178,327,0.18042813455657492,0.8695987654320988,0.701388888888889,0.363940329218107,0.8695987654320988,0.38461538461538464,0.3125,0.19571865443425077,0.2692307692307692,0.4375,0.2018348623853211,0.23076923076923078,0.75,0.21712538226299694,0.23076923076923078,0.1875,0.18960244648318042,0.11538461538461539,0.1875,0.18960244648318042,0.11538461538461539,0.375,0.19877675840978593,0.0,0.0,0.18042813455657492,0.038461538461538464,0.0625,0.1834862385321101,0.038461538461538464,0.125,0.18654434250764526,0.38461538461538464,0.3125,0.19571865443425077,0.2692307692307692,0.4375,0.2018348623853211,0.23076923076923078,0.75,0.21712538226299694,margin
qwen3-8b,gemma2-9b,boolq,759,67,0.08827404479578392,475,0.1957894736842105,0.7600077646449832,0.45433957380726425,0.4878353895263565,0.7600077646449832,0.34210526315789475,0.19402985074626866,0.2231578947368421,0.25,0.2835820895522388,0.23578947368421052,0.21710526315789475,0.4925373134328358,0.26526315789473687,0.05263157894736842,0.029850746268656716,0.2,0.06578947368421052,0.07462686567164178,0.2063157894736842,0.046052631578947366,0.1044776119402985,0.21052631578947367,0.13157894736842105,0.07462686567164178,0.2063157894736842,0.10526315789473684,0.11940298507462686,0.21263157894736842,0.09868421052631579,0.22388059701492538,0.22736842105263158,0.34210526315789475,0.19402985074626866,0.2231578947368421,0.25,0.2835820895522388,0.23578947368421052,0.21710526315789475,0.4925373134328358,0.26526315789473687,margin
qwen3-8b,gemma2-9b,geometry_of_truth,991,13,0.013118062563067608,1000,0.011,0.9497404436054743,0.9068743117822873,0.26089350322479155,0.9497404436054743,0.16,0.6153846153846154,0.019,0.09090909090909091,0.6923076923076923,0.02,0.06565656565656566,1.0,0.024,0.1,0.38461538461538464,0.016,0.08080808080808081,0.6153846153846154,0.019,0.05555555555555555,0.8461538461538461,0.022,0.0,0.0,0.011,0.0,0.0,0.011,0.0,0.0,0.011,0.16,0.6153846153846154,0.019,0.09090909090909091,0.6923076923076923,0.02,0.06565656565656566,1.0,0.024,margin
qwen3-8b,gemma2-9b,imdb,978,72,0.0736196319018405,1018,0.05697445972495088,0.8230009811135639,0.4771584498405691,0.5809112092224674,0.8230009811135639,0.32653061224489793,0.2222222222222222,0.07269155206286837,0.30612244897959184,0.4166666666666667,0.08644400785854617,0.24489795918367346,0.6666666666666666,0.10412573673870335,0.0,0.0,0.05697445972495088,0.030612244897959183,0.041666666666666664,0.05992141453831041,0.07653061224489796,0.20833333333333334,0.07170923379174853,0.14285714285714285,0.09722222222222222,0.06385068762278978,0.10204081632653061,0.1388888888888889,0.06679764243614932,0.11734693877551021,0.3194444444444444,0.07956777996070727,0.32653061224489793,0.2222222222222222,0.07269155206286837,0.30612244897959184,0.4166666666666667,0.08644400785854617,0.24489795918367346,0.6666666666666666,0.10412573673870335,margin
qwen3-8b,gemma2-9b,rte,54,9,0.16666666666666666,62,0.27419354838709675,0.8395061728395061,0.7037037037037037,0.4395061728395062,0.8395061728395061,0.3333333333333333,0.1111111111111111,0.2903225806451613,0.4,0.2222222222222222,0.3064516129032258,0.5454545454545454,0.6666666666666666,0.3709677419354839,0.6666666666666666,0.2222222222222222,0.3064516129032258,0.6,0.3333333333333333,0.3225806451612903,0.36363636363636365,0.4444444444444444,0.3387096774193548,0.0,0.0,0.27419354838709675,0.0,0.0,0.27419354838709675,0.09090909090909091,0.1111111111111111,0.2903225806451613,0.3333333333333333,0.1111111111111111,0.2903225806451613,0.4,0.2222222222222222,0.3064516129032258,0.5454545454545454,0.6666666666666666,0.3709677419354839,margin
qwen3-8b,gemma2-9b,truthfulqa,285,23,0.08070175438596491,327,0.1437308868501529,0.84749419183538,0.7298373713906405,0.3391968138068371,0.84749419183538,0.2857142857142857,0.17391304347826086,0.1559633027522936,0.32142857142857145,0.391304347826087,0.1712538226299694,0.2631578947368421,0.6521739130434783,0.18960244648318042,0.21428571428571427,0.13043478260869565,0.1529051987767584,0.21428571428571427,0.2608695652173913,0.1620795107033639,0.14035087719298245,0.34782608695652173,0.16819571865443425,0.0,0.0,0.1437308868501529,0.0,0.0,0.1437308868501529,0.017543859649122806,0.043478260869565216,0.14678899082568808,0.2857142857142857,0.17391304347826086,0.1559633027522936,0.32142857142857145,0.391304347826087,0.1712538226299694,0.2631578947368421,0.6521739130434783,0.18960244648318042,margin
qwen3-8b,gemma4-12b,boolq,844,126,0.14928909952606634,475,0.68,0.796580006190034,0.47258699208559934,0.6778087279480037,0.796580006190034,0.6428571428571429,0.21428571428571427,0.7368421052631579,0.5,0.3333333333333333,0.7684210526315789,0.378698224852071,0.5079365079365079,0.8147368421052632,0.16666666666666666,0.05555555555555555,0.6947368421052632,0.10714285714285714,0.07142857142857142,0.6989473684210527,0.13609467455621302,0.18253968253968253,0.728421052631579,0.42857142857142855,0.14285714285714285,0.7178947368421053,0.40476190476190477,0.2698412698412698,0.751578947368421,0.3076923076923077,0.4126984126984127,0.7894736842105263,0.6428571428571429,0.21428571428571427,0.7368421052631579,0.5,0.3333333333333333,0.7684210526315789,0.378698224852071,0.5079365079365079,0.8147368421052632,margin
qwen3-8b,gemma4-12b,geometry_of_truth,676,12,0.01775147928994083,1000,0.314,0.7866465863453815,0.8024598393574297,0.36521084337349397,0.8024598393574297,0.029411764705882353,0.08333333333333333,0.315,0.058823529411764705,0.3333333333333333,0.318,0.044444444444444446,0.5,0.32,0.11764705882352941,0.3333333333333333,0.318,0.08823529411764706,0.5,0.32,0.05185185185185185,0.5833333333333334,0.321,0.0,0.0,0.314,0.0,0.0,0.314,0.0,0.0,0.314,0.11764705882352941,0.3333333333333333,0.318,0.08823529411764706,0.5,0.32,0.05185185185185185,0.5833333333333334,0.321,anomaly
qwen3-8b,gemma4-12b,imdb,588,59,0.10034013605442177,1018,0.444007858546169,0.7776745378232033,0.47252571208868666,0.461279677036942,0.7776745378232033,0.41379310344827586,0.2033898305084746,0.45579567779960706,0.2542372881355932,0.2542372881355932,0.4587426326129666,0.2288135593220339,0.4576271186440678,0.47053045186640474,0.10344827586206896,0.05084745762711865,0.44695481335952847,0.13559322033898305,0.13559322033898305,0.4518664047151277,0.11864406779661017,0.23728813559322035,0.4577603143418468,0.20689655172413793,0.1016949152542373,0.449901768172888,0.11864406779661017,0.11864406779661017,0.45088408644400785,0.11016949152542373,0.22033898305084745,0.4567779960707269,0.41379310344827586,0.2033898305084746,0.45579567779960706,0.2542372881355932,0.2542372881355932,0.4587426326129666,0.2288135593220339,0.4576271186440678,0.47053045186640474,margin
qwen3-8b,gemma4-12b,rte,48,17,0.3541666666666667,62,0.5161290322580645,0.793168880455408,0.48007590132827327,0.48956356736242884,0.793168880455408,1.0,0.11764705882352941,0.5483870967741935,1.0,0.29411764705882354,0.5967741935483871,0.8,0.47058823529411764,0.6451612903225806,0.5,0.058823529411764705,0.532258064516129,0.4,0.11764705882352941,0.5483870967741935,0.3,0.17647058823529413,0.5645161290322581,0.5,0.058823529411764705,0.532258064516129,0.4,0.11764705882352941,0.5483870967741935,0.5,0.29411764705882354,0.5967741935483871,1.0,0.11764705882352941,0.5483870967741935,1.0,0.29411764705882354,0.5967741935483871,0.8,0.47058823529411764,0.6451612903225806,margin
qwen3-8b,gemma4-12b,truthfulqa,194,21,0.10824742268041238,327,0.42813455657492355,0.8161299201761629,0.7142857142857143,0.5320671621249655,0.8161299201761629,0.2,0.09523809523809523,0.43425076452599387,0.47368421052631576,0.42857142857142855,0.45565749235474007,0.3333333333333333,0.6190476190476191,0.46788990825688076,0.0,0.0,0.42813455657492355,0.05263157894736842,0.047619047619047616,0.43119266055045874,0.1794871794871795,0.3333333333333333,0.44954128440366975,0.1,0.047619047619047616,0.43119266055045874,0.10526315789473684,0.09523809523809523,0.43425076452599387,0.10256410256410256,0.19047619047619047,0.44036697247706424,0.2,0.09523809523809523,0.43425076452599387,0.47368421052631576,0.42857142857142855,0.45565749235474007,0.3333333333333333,0.6190476190476191,0.46788990825688076,margin
qwen3-8b,gemma4-12b-base,boolq,806,108,0.13399503722084366,475,0.3705263157894737,0.8094025257349039,0.45591902791043193,0.5254430648413457,0.8094025257349039,0.6,0.2222222222222222,0.42105263157894735,0.4691358024691358,0.35185185185185186,0.45052631578947366,0.35403726708074534,0.5277777777777778,0.4905263157894737,0.075,0.027777777777777776,0.37684210526315787,0.07407407407407407,0.05555555555555555,0.3831578947368421,0.08695652173913043,0.12962962962962962,0.4,0.25,0.09259259259259259,0.391578947368421,0.20987654320987653,0.1574074074074074,0.4063157894736842,0.16770186335403728,0.25,0.42736842105263156,0.6,0.2222222222222222,0.42105263157894735,0.4691358024691358,0.35185185185185186,0.45052631578947366,0.35403726708074534,0.5277777777777778,0.4905263157894737,margin
qwen3-8b,gemma4-12b-base,geometry_of_truth,984,12,0.012195121951219513,1000,0.016,0.9741941015089163,0.9108367626886146,0.4996570644718793,0.9741941015089163,0.1836734693877551,0.75,0.025,0.12244897959183673,1.0,0.028,0.06091370558375635,1.0,0.028,0.12244897959183673,0.5,0.022,0.07142857142857142,0.5833333333333334,0.023,0.05583756345177665,0.9166666666666666,0.027,0.0,0.0,0.016,0.0,0.0,0.016,0.0,0.0,0.016,0.1836734693877551,0.75,0.025,0.12244897959183673,1.0,0.028,0.06091370558375635,1.0,0.028,margin
qwen3-8b,gemma4-12b-base,imdb,895,72,0.08044692737430167,1018,0.15422396856581533,0.7942149318212501,0.44773525043877405,0.464678682327528,0.7942149318212501,0.28888888888888886,0.18055555555555555,0.16699410609037327,0.3,0.375,0.1807465618860511,0.25139664804469275,0.625,0.19842829076620824,0.0,0.0,0.15422396856581533,0.011111111111111112,0.013888888888888888,0.15520628683693516,0.055865921787709494,0.1388888888888889,0.16404715127701375,0.15555555555555556,0.09722222222222222,0.16110019646365423,0.1111111111111111,0.1388888888888889,0.16404715127701375,0.0782122905027933,0.19444444444444445,0.16797642436149313,0.28888888888888886,0.18055555555555555,0.16699410609037327,0.3,0.375,0.1807465618860511,0.25139664804469275,0.625,0.19842829076620824,margin
qwen3-8b,gemma4-12b-base,rte,58,16,0.27586206896551724,62,0.3225806451612903,0.8452380952380953,0.6607142857142857,0.4494047619047619,0.8452380952380953,1.0,0.1875,0.3709677419354839,0.6666666666666666,0.25,0.3870967741935484,0.5833333333333334,0.4375,0.43548387096774194,0.3333333333333333,0.0625,0.3387096774193548,0.3333333333333333,0.125,0.3548387096774194,0.3333333333333333,0.25,0.3870967741935484,0.3333333333333333,0.0625,0.3387096774193548,0.3333333333333333,0.125,0.3548387096774194,0.3333333333333333,0.25,0.3870967741935484,1.0,0.1875,0.3709677419354839,0.6666666666666666,0.25,0.3870967741935484,0.5833333333333334,0.4375,0.43548387096774194,margin
qwen3-8b,gemma4-12b-base,truthfulqa,251,20,0.0796812749003984,327,0.21406727828746178,0.8372294372294372,0.7742424242424242,0.4233766233766234,0.8372294372294372,0.23076923076923078,0.15,0.22324159021406728,0.24,0.3,0.2324159021406728,0.28,0.7,0.25688073394495414,0.3076923076923077,0.2,0.22629969418960244,0.2,0.25,0.22935779816513763,0.18,0.45,0.2415902140672783,0.0,0.0,0.21406727828746178,0.08,0.1,0.22018348623853212,0.06,0.15,0.22324159021406728,0.23076923076923078,0.15,0.22324159021406728,0.24,0.3,0.2324159021406728,0.28,0.7,0.25688073394495414,margin
qwen3-8b,gemma4-31b,boolq,758,79,0.10422163588390501,475,0.3452631578947368,0.7555041852314461,0.4259614846852221,0.4874256632053839,0.7555041852314461,0.3157894736842105,0.1518987341772152,0.3705263157894737,0.27631578947368424,0.26582278481012656,0.3894736842105263,0.23684210526315788,0.45569620253164556,0.42105263157894735,0.07894736842105263,0.0379746835443038,0.35157894736842105,0.06578947368421052,0.06329113924050633,0.35578947368421054,0.05263157894736842,0.10126582278481013,0.36210526315789476,0.13157894736842105,0.06329113924050633,0.35578947368421054,0.11842105263157894,0.11392405063291139,0.3642105263157895,0.125,0.24050632911392406,0.38526315789473686,0.3157894736842105,0.1518987341772152,0.3705263157894737,0.27631578947368424,0.26582278481012656,0.3894736842105263,0.23684210526315788,0.45569620253164556,0.42105263157894735,margin
qwen3-8b,gemma4-31b,geometry_of_truth,900,13,0.014444444444444444,1000,0.094,0.9029572456855433,0.9182204492238315,0.42563524412453385,0.9182204492238315,0.1111111111111111,0.38461538461538464,0.099,0.07777777777777778,0.5384615384615384,0.101,0.05555555555555555,0.7692307692307693,0.104,0.17777777777777778,0.6153846153846154,0.102,0.1111111111111111,0.7692307692307693,0.104,0.06666666666666667,0.9230769230769231,0.106,0.0,0.0,0.094,0.0,0.0,0.094,0.011111111111111112,0.15384615384615385,0.096,0.17777777777777778,0.6153846153846154,0.102,0.1111111111111111,0.7692307692307693,0.104,0.06666666666666667,0.9230769230769231,0.106,anomaly
qwen3-8b,gemma4-31b,rte,48,13,0.2708333333333333,62,0.46774193548387094,0.8307692307692308,0.5472527472527472,0.6175824175824176,0.8307692307692308,0.5,0.07692307692307693,0.4838709677419355,0.8,0.3076923076923077,0.532258064516129,0.7,0.5384615384615384,0.5806451612903226,0.0,0.0,0.46774193548387094,0.2,0.07692307692307693,0.4838709677419355,0.2,0.15384615384615385,0.5,0.5,0.07692307692307693,0.4838709677419355,0.4,0.15384615384615385,0.5,0.4,0.3076923076923077,0.532258064516129,0.5,0.07692307692307693,0.4838709677419355,0.8,0.3076923076923077,0.532258064516129,0.7,0.5384615384615384,0.5806451612903226,margin
qwen3-8b,gemma4-31b,truthfulqa,227,21,0.09251101321585903,327,0.25688073394495414,0.776005547850208,0.7235321312991216,0.39921405455386033,0.776005547850208,0.18181818181818182,0.09523809523809523,0.26299694189602446,0.17391304347826086,0.19047619047619047,0.2691131498470948,0.2,0.42857142857142855,0.28440366972477066,0.18181818181818182,0.09523809523809523,0.26299694189602446,0.13043478260869565,0.14285714285714285,0.26605504587155965,0.2,0.42857142857142855,0.28440366972477066,0.18181818181818182,0.09523809523809523,0.26299694189602446,0.08695652173913043,0.09523809523809523,0.26299694189602446,0.044444444444444446,0.09523809523809523,0.26299694189602446,0.18181818181818182,0.09523809523809523,0.26299694189602446,0.17391304347826086,0.19047619047619047,0.2691131498470948,0.2,0.42857142857142855,0.28440366972477066,margin
qwen3-8b,llama-8b,boolq,766,93,0.12140992167101827,475,0.2463157894736842,0.7817188323826871,0.464953905638371,0.49086900254038246,0.7817188323826871,0.42105263157894735,0.17204301075268819,0.28,0.42857142857142855,0.3548387096774194,0.3157894736842105,0.3202614379084967,0.5268817204301075,0.3494736842105263,0.05263157894736842,0.021505376344086023,0.2505263157894737,0.07792207792207792,0.06451612903225806,0.25894736842105265,0.0784313725490196,0.12903225806451613,0.27157894736842103,0.15789473684210525,0.06451612903225806,0.25894736842105265,0.12987012987012986,0.10752688172043011,0.2673684210526316,0.11764705882352941,0.1935483870967742,0.28421052631578947,0.42105263157894735,0.17204301075268819,0.28,0.42857142857142855,0.3548387096774194,0.3157894736842105,0.3202614379084967,0.5268817204301075,0.3494736842105263,margin
qwen3-8b,llama-8b,geometry_of_truth,992,14,0.014112903225806451,1000,0.01,0.9595384165936314,0.906587788489629,0.4504820333041191,0.9595384165936314,0.18,0.6428571428571429,0.019,0.12121212121212122,0.8571428571428571,0.022,0.0707070707070707,1.0,0.024,0.1,0.35714285714285715,0.015,0.09090909090909091,0.6428571428571429,0.019,0.06060606060606061,0.8571428571428571,0.022,0.02,0.07142857142857142,0.011,0.010101010101010102,0.07142857142857142,0.011,0.015151515151515152,0.21428571428571427,0.013,0.18,0.6428571428571429,0.019,0.12121212121212122,0.8571428571428571,0.022,0.0707070707070707,1.0,0.024,margin
qwen3-8b,llama-8b,imdb,988,84,0.08502024291497975,1018,0.05697445972495088,0.8490439317319849,0.46873683101559205,0.6119495364517489,0.8490439317319849,0.42857142857142855,0.25,0.07760314341846758,0.3838383838383838,0.4523809523809524,0.09430255402750491,0.30303030303030304,0.7142857142857143,0.11591355599214145,0.02040816326530612,0.011904761904761904,0.05795677799607073,0.06060606060606061,0.07142857142857142,0.06286836935166994,0.06565656565656566,0.15476190476190477,0.06974459724950884,0.14285714285714285,0.08333333333333333,0.06385068762278978,0.1717171717171717,0.20238095238095238,0.07367387033398821,0.1414141414141414,0.3333333333333333,0.08447937131630648,0.42857142857142855,0.25,0.07760314341846758,0.3838383838383838,0.4523809523809524,0.09430255402750491,0.30303030303030304,0.7142857142857143,0.11591355599214145,margin
qwen3-8b,llama-8b,rte,55,12,0.21818181818181817,62,0.3225806451612903,0.8585271317829457,0.6589147286821705,0.5271317829457365,0.8585271317829457,0.6666666666666666,0.16666666666666666,0.3548387096774194,0.6666666666666666,0.3333333333333333,0.3870967741935484,0.6363636363636364,0.5833333333333334,0.43548387096774194,0.3333333333333333,0.08333333333333333,0.3387096774193548,0.5,0.25,0.3709677419354839,0.2727272727272727,0.25,0.3709677419354839,0.3333333333333333,0.08333333333333333,0.3387096774193548,0.16666666666666666,0.08333333333333333,0.3387096774193548,0.09090909090909091,0.08333333333333333,0.3387096774193548,0.6666666666666666,0.16666666666666666,0.3548387096774194,0.6666666666666666,0.3333333333333333,0.3870967741935484,0.6363636363636364,0.5833333333333334,0.43548387096774194,margin
qwen3-8b,llama-8b,truthfulqa,281,26,0.09252669039145907,327,0.13761467889908258,0.8562594268476621,0.6663650075414781,0.40165912518853697,0.8562594268476621,0.14285714285714285,0.07692307692307693,0.1437308868501529,0.25,0.2692307692307692,0.15902140672782875,0.30357142857142855,0.6538461538461539,0.18960244648318042,0.14285714285714285,0.07692307692307693,0.1437308868501529,0.25,0.2692307692307692,0.15902140672782875,0.16071428571428573,0.34615384615384615,0.1651376146788991,0.14285714285714285,0.07692307692307693,0.1437308868501529,0.10714285714285714,0.11538461538461539,0.14678899082568808,0.08928571428571429,0.19230769230769232,0.1529051987767584,0.14285714285714285,0.07692307692307693,0.1437308868501529,0.25,0.2692307692307692,0.15902140672782875,0.30357142857142855,0.6538461538461539,0.18960244648318042,margin
qwen3-8b,llama31-405b,boolq,732,33,0.045081967213114756,475,0.23578947368421052,0.7577491654744873,0.4823774222915854,0.5160185546451641,0.7577491654744873,0.13513513513513514,0.15151515151515152,0.2463157894736842,0.1643835616438356,0.36363636363636365,0.26105263157894737,0.136986301369863,0.6060606060606061,0.27789473684210525,0.05405405405405406,0.06060606060606061,0.24,0.0410958904109589,0.09090909090909091,0.24210526315789474,0.03424657534246575,0.15151515151515152,0.2463157894736842,0.0,0.0,0.23578947368421052,0.0547945205479452,0.12121212121212122,0.24421052631578946,0.0684931506849315,0.30303030303030304,0.25684210526315787,0.13513513513513514,0.15151515151515152,0.2463157894736842,0.1643835616438356,0.36363636363636365,0.26105263157894737,0.136986301369863,0.6060606060606061,0.27789473684210525,margin
qwen3-8b,llama31-405b,geometry_of_truth,985,8,0.008121827411167513,1000,0.014,0.9618730808597747,0.9077533265097237,0.3926560900716479,0.9618730808597747,0.10204081632653061,0.625,0.019,0.07142857142857142,0.875,0.021,0.04060913705583756,1.0,0.022,0.02040816326530612,0.125,0.015,0.04081632653061224,0.5,0.018,0.04060913705583756,1.0,0.022,0.0,0.0,0.014,0.0,0.0,0.014,0.005076142131979695,0.125,0.015,0.10204081632653061,0.625,0.019,0.07142857142857142,0.875,0.021,0.04060913705583756,1.0,0.022,margin
qwen3-8b,llama31-405b,imdb,981,70,0.07135575942915393,1018,0.04911591355599214,0.8508075897757567,0.4655637447075427,0.6287909675395954,0.8508075897757567,0.3469387755102041,0.24285714285714285,0.06581532416502947,0.30612244897959184,0.42857142857142855,0.07858546168958742,0.28061224489795916,0.7857142857142857,0.1031434184675835,0.0,0.0,0.04911591355599214,0.030612244897959183,0.04285714285714286,0.05206286836935167,0.061224489795918366,0.17142857142857143,0.060903732809430254,0.12244897959183673,0.08571428571428572,0.0550098231827112,0.16326530612244897,0.22857142857142856,0.06483300589390963,0.15816326530612246,0.44285714285714284,0.07956777996070727,0.3469387755102041,0.24285714285714285,0.06581532416502947,0.30612244897959184,0.42857142857142855,0.07858546168958742,0.28061224489795916,0.7857142857142857,0.1031434184675835,margin
qwen3-8b,llama31-405b,rte,57,12,0.21052631578947367,62,0.20967741935483872,0.8203703703703703,0.41851851851851857,0.34814814814814815,0.8203703703703703,0.3333333333333333,0.08333333333333333,0.22580645161290322,0.3333333333333333,0.16666666666666666,0.24193548387096775,0.45454545454545453,0.4166666666666667,0.2903225806451613,0.3333333333333333,0.08333333333333333,0.22580645161290322,0.16666666666666666,0.08333333333333333,0.22580645161290322,0.2727272727272727,0.25,0.25806451612903225,0.0,0.0,0.20967741935483872,0.0,0.0,0.20967741935483872,0.09090909090909091,0.08333333333333333,0.22580645161290322,0.3333333333333333,0.08333333333333333,0.22580645161290322,0.3333333333333333,0.16666666666666666,0.24193548387096775,0.45454545454545453,0.4166666666666667,0.2903225806451613,margin
qwen3-8b,llama31-405b,truthfulqa,281,14,0.0498220640569395,327,0.14678899082568808,0.9130551096843232,0.6254681647940075,0.2742108079186731,0.9130551096843232,0.2857142857142857,0.2857142857142857,0.15902140672782875,0.2857142857142857,0.5714285714285714,0.1712538226299694,0.21428571428571427,0.8571428571428571,0.1834862385321101,0.07142857142857142,0.07142857142857142,0.14984709480122324,0.10714285714285714,0.21428571428571427,0.1559633027522936,0.125,0.5,0.16819571865443425,0.0,0.0,0.14678899082568808,0.0,0.0,0.14678899082568808,0.017857142857142856,0.07142857142857142,0.14984709480122324,0.2857142857142857,0.2857142857142857,0.15902140672782875,0.2857142857142857,0.5714285714285714,0.1712538226299694,0.21428571428571427,0.8571428571428571,0.1834862385321101,margin
qwen3-8b,llama31-70b,boolq,753,50,0.06640106241699867,475,0.21894736842105264,0.7761593172119489,0.4681650071123756,0.5626458036984352,0.7761593172119489,0.3157894736842105,0.24,0.24421052631578946,0.22666666666666666,0.34,0.25473684210526315,0.17218543046357615,0.52,0.2736842105263158,0.05263157894736842,0.04,0.2231578947368421,0.02666666666666667,0.04,0.2231578947368421,0.039735099337748346,0.12,0.23157894736842105,0.07894736842105263,0.06,0.22526315789473683,0.10666666666666667,0.16,0.23578947368421052,0.09933774834437085,0.3,0.2505263157894737,0.3157894736842105,0.24,0.24421052631578946,0.22666666666666666,0.34,0.25473684210526315,0.17218543046357615,0.52,0.2736842105263158,margin
qwen3-8b,llama31-70b,geometry_of_truth,988,9,0.009109311740890687,1000,0.014,0.9526727953694246,0.9070480081716036,0.36806264896152535,0.9526727953694246,0.12244897959183673,0.6666666666666666,0.02,0.0707070707070707,0.7777777777777778,0.021,0.045454545454545456,1.0,0.023,0.04081632653061224,0.2222222222222222,0.016,0.06060606060606061,0.6666666666666666,0.02,0.045454545454545456,1.0,0.023,0.02040816326530612,0.1111111111111111,0.015,0.010101010101010102,0.1111111111111111,0.015,0.005050505050505051,0.1111111111111111,0.015,0.12244897959183673,0.6666666666666666,0.02,0.0707070707070707,0.7777777777777778,0.021,0.045454545454545456,1.0,0.023,margin
qwen3-8b,llama31-70b,imdb,973,64,0.065775950668037,1018,0.05697445972495088,0.8617986798679867,0.45541116611661164,0.6699841859185919,0.8617986798679867,0.3469387755102041,0.265625,0.07367387033398821,0.35051546391752575,0.53125,0.09037328094302555,0.2512820512820513,0.765625,0.10510805500982318,0.0,0.0,0.05697445972495088,0.010309278350515464,0.015625,0.05795677799607073,0.046153846153846156,0.140625,0.06581532416502947,0.16326530612244897,0.125,0.06483300589390963,0.15463917525773196,0.234375,0.07170923379174853,0.13846153846153847,0.421875,0.08349705304518663,0.3469387755102041,0.265625,0.07367387033398821,0.35051546391752575,0.53125,0.09037328094302555,0.2512820512820513,0.765625,0.10510805500982318,margin
qwen3-8b,llama31-70b,rte,56,11,0.19642857142857142,62,0.25806451612903225,0.8343434343434344,0.6101010101010101,0.305050505050505,0.8343434343434344,0.6666666666666666,0.18181818181818182,0.2903225806451613,0.5,0.2727272727272727,0.3064516129032258,0.5454545454545454,0.5454545454545454,0.3548387096774194,0.0,0.0,0.25806451612903225,0.16666666666666666,0.09090909090909091,0.27419354838709675,0.18181818181818182,0.18181818181818182,0.2903225806451613,0.0,0.0,0.25806451612903225,0.0,0.0,0.25806451612903225,0.09090909090909091,0.09090909090909091,0.27419354838709675,0.6666666666666666,0.18181818181818182,0.2903225806451613,0.5,0.2727272727272727,0.3064516129032258,0.5454545454545454,0.5454545454545454,0.3548387096774194,margin
qwen3-8b,llama31-70b,truthfulqa,283,17,0.06007067137809187,327,0.1651376146788991,0.8272888102609464,0.6881910659000443,0.2516585581601061,0.8272888102609464,0.07142857142857142,0.058823529411764705,0.16819571865443425,0.21428571428571427,0.35294117647058826,0.1834862385321101,0.19298245614035087,0.6470588235294118,0.19877675840978593,0.2857142857142857,0.23529411764705882,0.17737003058103976,0.17857142857142858,0.29411764705882354,0.18042813455657492,0.12280701754385964,0.4117647058823529,0.18654434250764526,0.07142857142857142,0.058823529411764705,0.16819571865443425,0.03571428571428571,0.058823529411764705,0.16819571865443425,0.017543859649122806,0.058823529411764705,0.16819571865443425,0.07142857142857142,0.058823529411764705,0.16819571865443425,0.21428571428571427,0.35294117647058826,0.1834862385321101,0.19298245614035087,0.6470588235294118,0.19877675840978593,margin
qwen3-8b,llama31-70b-base,boolq,743,71,0.0955585464333782,475,0.2968421052631579,0.8201291079812206,0.4922870556673373,0.46633970489604293,0.8201291079812206,0.4594594594594595,0.23943661971830985,0.33263157894736844,0.3918918918918919,0.4084507042253521,0.35789473684210527,0.2550335570469799,0.5352112676056338,0.37684210526315787,0.08108108108108109,0.04225352112676056,0.3031578947368421,0.06756756756756757,0.07042253521126761,0.30736842105263157,0.0738255033557047,0.15492957746478872,0.32,0.10810810810810811,0.056338028169014086,0.30526315789473685,0.08108108108108109,0.08450704225352113,0.3094736842105263,0.0738255033557047,0.15492957746478872,0.32,0.4594594594594595,0.23943661971830985,0.33263157894736844,0.3918918918918919,0.4084507042253521,0.35789473684210527,0.2550335570469799,0.5352112676056338,0.37684210526315787,margin
qwen3-8b,llama31-70b-base,geometry_of_truth,983,10,0.01017293997965412,1000,0.016,0.9687564234326824,0.9084275436793423,0.45652620760534435,0.9687564234326824,0.14285714285714285,0.7,0.023,0.09183673469387756,0.9,0.025,0.050761421319796954,1.0,0.026,0.04081632653061224,0.2,0.018,0.07142857142857142,0.7,0.023,0.04568527918781726,0.9,0.025,0.02040816326530612,0.1,0.017,0.01020408163265306,0.1,0.017,0.005076142131979695,0.1,0.017,0.14285714285714285,0.7,0.023,0.09183673469387756,0.9,0.025,0.050761421319796954,1.0,0.026,margin
qwen3-8b,llama31-70b-base,imdb,940,71,0.07553191489361702,1018,0.10117878192534381,0.8059125755684856,0.47213082870062717,0.39984440590609255,0.8059125755684856,0.3829787234042553,0.2535211267605634,0.11886051080550099,0.32978723404255317,0.43661971830985913,0.13163064833005894,0.22340425531914893,0.5915492957746479,0.14243614931237722,0.0,0.0,0.10117878192534381,0.06382978723404255,0.08450704225352113,0.10707269155206287,0.05851063829787234,0.15492957746478872,0.11198428290766209,0.02127659574468085,0.014084507042253521,0.10216110019646366,0.06382978723404255,0.08450704225352113,0.10707269155206287,0.05319148936170213,0.14084507042253522,0.11100196463654224,0.3829787234042553,0.2535211267605634,0.11886051080550099,0.32978723404255317,0.43661971830985913,0.13163064833005894,0.22340425531914893,0.5915492957746479,0.14243614931237722,margin
qwen3-8b,llama31-70b-base,rte,55,14,0.2545454545454545,62,0.3064516129032258,0.8414634146341463,0.5,0.4181184668989547,0.8414634146341463,1.0,0.21428571428571427,0.3548387096774194,0.6666666666666666,0.2857142857142857,0.3709677419354839,0.6363636363636364,0.5,0.41935483870967744,0.0,0.0,0.3064516129032258,0.16666666666666666,0.07142857142857142,0.3225806451612903,0.36363636363636365,0.2857142857142857,0.3709677419354839,0.3333333333333333,0.07142857142857142,0.3225806451612903,0.16666666666666666,0.07142857142857142,0.3225806451612903,0.09090909090909091,0.07142857142857142,0.3225806451612903,1.0,0.21428571428571427,0.3548387096774194,0.6666666666666666,0.2857142857142857,0.3709677419354839,0.6363636363636364,0.5,0.41935483870967744,margin
qwen3-8b,llama31-70b-base,truthfulqa,260,21,0.08076923076923077,327,0.2018348623853211,0.8866308029487946,0.7748555489141263,0.43454871488344293,0.8866308029487946,0.38461538461538464,0.23809523809523808,0.21712538226299694,0.4230769230769231,0.5238095238095238,0.23547400611620795,0.28846153846153844,0.7142857142857143,0.24770642201834864,0.3076923076923077,0.19047619047619047,0.21406727828746178,0.23076923076923078,0.2857142857142857,0.22018348623853212,0.23076923076923078,0.5714285714285714,0.23853211009174313,0.07692307692307693,0.047619047619047616,0.20489296636085627,0.038461538461538464,0.047619047619047616,0.20489296636085627,0.07692307692307693,0.19047619047619047,0.21406727828746178,0.38461538461538464,0.23809523809523808,0.21712538226299694,0.4230769230769231,0.5238095238095238,0.23547400611620795,0.28846153846153844,0.7142857142857143,0.24770642201834864,margin
qwen3-8b,llama31-8b-base,boolq,781,105,0.13444302176696543,475,0.40421052631578946,0.7645533953226262,0.47303465765004227,0.5318117779656241,0.7645533953226262,0.4358974358974359,0.1619047619047619,0.44,0.3974358974358974,0.29523809523809524,0.4694736842105263,0.3076923076923077,0.45714285714285713,0.5052631578947369,0.05128205128205128,0.01904761904761905,0.40842105263157896,0.10256410256410256,0.0761904761904762,0.42105263157894735,0.11538461538461539,0.17142857142857143,0.4421052631578947,0.23076923076923078,0.08571428571428572,0.4231578947368421,0.24358974358974358,0.18095238095238095,0.4442105263157895,0.1858974358974359,0.2761904761904762,0.4652631578947368,0.4358974358974359,0.1619047619047619,0.44,0.3974358974358974,0.29523809523809524,0.4694736842105263,0.3076923076923077,0.45714285714285713,0.5052631578947369,margin
qwen3-8b,llama31-8b-base,geometry_of_truth,986,14,0.014198782961460446,1000,0.015,0.9520870076425633,0.8944003527336861,0.42203115814226927,0.9520870076425633,0.20408163265306123,0.7142857142857143,0.025,0.1111111111111111,0.7857142857142857,0.026,0.06598984771573604,0.9285714285714286,0.028,0.08163265306122448,0.2857142857142857,0.019,0.08080808080808081,0.5714285714285714,0.023,0.05583756345177665,0.7857142857142857,0.026,0.0,0.0,0.015,0.0,0.0,0.015,0.01015228426395939,0.14285714285714285,0.017,0.20408163265306123,0.7142857142857143,0.025,0.1111111111111111,0.7857142857142857,0.026,0.06598984771573604,0.9285714285714286,0.028,margin
qwen3-8b,llama31-8b-base,imdb,912,59,0.06469298245614036,1018,0.11394891944990176,0.7967691298905161,0.47435770063782856,0.45488505176148,0.7967691298905161,0.2391304347826087,0.1864406779661017,0.12475442043222004,0.23076923076923078,0.3559322033898305,0.13457760314341846,0.18681318681318682,0.576271186440678,0.14734774066797643,0.0,0.0,0.11394891944990176,0.03296703296703297,0.05084745762711865,0.1168958742632613,0.054945054945054944,0.1694915254237288,0.1237721021611002,0.06521739130434782,0.05084745762711865,0.1168958742632613,0.06593406593406594,0.1016949152542373,0.11984282907662082,0.054945054945054944,0.1694915254237288,0.1237721021611002,0.2391304347826087,0.1864406779661017,0.12475442043222004,0.23076923076923078,0.3559322033898305,0.13457760314341846,0.18681318681318682,0.576271186440678,0.14734774066797643,margin
qwen3-8b,llama31-8b-base,rte,54,14,0.25925925925925924,62,0.3548387096774194,0.8714285714285713,0.5982142857142857,0.49642857142857144,0.8714285714285713,1.0,0.21428571428571427,0.4032258064516129,0.8,0.2857142857142857,0.41935483870967744,0.7272727272727273,0.5714285714285714,0.4838709677419355,0.3333333333333333,0.07142857142857142,0.3709677419354839,0.6,0.21428571428571427,0.4032258064516129,0.36363636363636365,0.2857142857142857,0.41935483870967744,0.0,0.0,0.3548387096774194,0.2,0.07142857142857142,0.3709677419354839,0.2727272727272727,0.21428571428571427,0.4032258064516129,1.0,0.21428571428571427,0.4032258064516129,0.8,0.2857142857142857,0.41935483870967744,0.7272727272727273,0.5714285714285714,0.4838709677419355,margin
qwen3-8b,llama31-8b-base,truthfulqa,253,26,0.10276679841897234,327,0.1620795107033639,0.8922399186716368,0.6875635377838021,0.3815655709928838,0.8922399186716368,0.46153846153846156,0.23076923076923078,0.18042813455657492,0.56,0.5384615384615384,0.20489296636085627,0.37254901960784315,0.7307692307692307,0.22018348623853212,0.23076923076923078,0.11538461538461539,0.1712538226299694,0.24,0.23076923076923078,0.18042813455657492,0.21568627450980393,0.4230769230769231,0.19571865443425077,0.0,0.0,0.1620795107033639,0.08,0.07692307692307693,0.16819571865443425,0.058823529411764705,0.11538461538461539,0.1712538226299694,0.46153846153846156,0.23076923076923078,0.18042813455657492,0.56,0.5384615384615384,0.20489296636085627,0.37254901960784315,0.7307692307692307,0.22018348623853212,margin
qwen3-8b,qwen3-32b,boolq,753,62,0.08233731739707835,475,0.20421052631578948,0.7577610755800382,0.5404509593389664,0.5608281592829467,0.7577610755800382,0.2894736842105263,0.1774193548387097,0.22736842105263158,0.25333333333333335,0.3064516129032258,0.24421052631578946,0.2052980132450331,0.5,0.2694736842105263,0.13157894736842105,0.08064516129032258,0.21473684210526317,0.09333333333333334,0.11290322580645161,0.21894736842105264,0.0728476821192053,0.1774193548387097,0.22736842105263158,0.13157894736842105,0.08064516129032258,0.21473684210526317,0.13333333333333333,0.16129032258064516,0.22526315789473683,0.11920529801324503,0.2903225806451613,0.24210526315789474,0.2894736842105263,0.1774193548387097,0.22736842105263158,0.25333333333333335,0.3064516129032258,0.24421052631578946,0.2052980132450331,0.5,0.2694736842105263,margin
qwen3-8b,qwen3-32b,geometry_of_truth,987,9,0.00911854103343465,1000,0.014,0.9579640990683935,0.9164962508520791,0.3257214269484208,0.9579640990683935,0.12244897959183673,0.6666666666666666,0.02,0.0707070707070707,0.7777777777777778,0.021,0.04568527918781726,1.0,0.023,0.061224489795918366,0.3333333333333333,0.017,0.050505050505050504,0.5555555555555556,0.019,0.04060913705583756,0.8888888888888888,0.022,0.0,0.0,0.014,0.0,0.0,0.014,0.005076142131979695,0.1111111111111111,0.015,0.12244897959183673,0.6666666666666666,0.02,0.0707070707070707,0.7777777777777778,0.021,0.04568527918781726,1.0,0.023,margin
qwen3-8b,qwen3-32b,imdb,986,76,0.07707910750507099,1018,0.05009823182711198,0.8351503759398498,0.45111336032388666,0.6330537883169463,0.8351503759398498,0.3877551020408163,0.25,0.068762278978389,0.35353535353535354,0.4605263157894737,0.08447937131630648,0.26903553299492383,0.6973684210526315,0.10216110019646366,0.02040816326530612,0.013157894736842105,0.05108055009823183,0.04040404040404041,0.05263157894736842,0.054027504911591355,0.05583756345177665,0.14473684210526316,0.060903732809430254,0.1836734693877551,0.11842105263157894,0.05893909626719057,0.18181818181818182,0.23684210526315788,0.06777996070726916,0.13705583756345177,0.35526315789473684,0.07662082514734773,0.3877551020408163,0.25,0.068762278978389,0.35353535353535354,0.4605263157894737,0.08447937131630648,0.26903553299492383,0.6973684210526315,0.10216110019646366,margin
qwen3-8b,qwen3-32b,rte,58,13,0.22413793103448276,62,0.1935483870967742,0.8803418803418803,0.7350427350427351,0.5128205128205128,0.8803418803418803,0.6666666666666666,0.15384615384615385,0.22580645161290322,0.5,0.23076923076923078,0.24193548387096775,0.5833333333333334,0.5384615384615384,0.3064516129032258,0.3333333333333333,0.07692307692307693,0.20967741935483872,0.6666666666666666,0.3076923076923077,0.25806451612903225,0.4166666666666667,0.38461538461538464,0.27419354838709675,0.3333333333333333,0.07692307692307693,0.20967741935483872,0.16666666666666666,0.07692307692307693,0.20967741935483872,0.16666666666666666,0.15384615384615385,0.22580645161290322,0.6666666666666666,0.15384615384615385,0.22580645161290322,0.5,0.23076923076923078,0.24193548387096775,0.5833333333333334,0.5384615384615384,0.3064516129032258,margin
qwen3-8b,qwen3-32b,truthfulqa,278,13,0.046762589928057555,327,0.1620795107033639,0.8386066763425255,0.6159651669085632,0.27895500725689404,0.8386066763425255,0.14285714285714285,0.15384615384615385,0.16819571865443425,0.21428571428571427,0.46153846153846156,0.18042813455657492,0.14285714285714285,0.6153846153846154,0.18654434250764526,0.07142857142857142,0.07692307692307693,0.1651376146788991,0.03571428571428571,0.07692307692307693,0.1651376146788991,0.08928571428571429,0.38461538461538464,0.17737003058103976,0.0,0.0,0.1620795107033639,0.0,0.0,0.1620795107033639,0.0,0.0,0.1620795107033639,0.14285714285714285,0.15384615384615385,0.16819571865443425,0.21428571428571427,0.46153846153846156,0.18042813455657492,0.14285714285714285,0.6153846153846154,0.18654434250764526,margin
qwen3-8b,qwen3-8b-base,boolq,800,91,0.11375,475,0.1936842105263158,0.7816612160758846,0.4659712642787396,0.4984888172476325,0.7816612160758846,0.45,0.1978021978021978,0.23157894736842105,0.3375,0.2967032967032967,0.2505263157894737,0.3,0.5274725274725275,0.29473684210526313,0.1,0.04395604395604396,0.20210526315789473,0.1,0.08791208791208792,0.21052631578947367,0.10625,0.18681318681318682,0.2294736842105263,0.125,0.054945054945054944,0.20421052631578948,0.1375,0.12087912087912088,0.2168421052631579,0.11875,0.2087912087912088,0.2336842105263158,0.45,0.1978021978021978,0.23157894736842105,0.3375,0.2967032967032967,0.2505263157894737,0.3,0.5274725274725275,0.29473684210526313,margin
qwen3-8b,qwen3-8b-base,geometry_of_truth,991,14,0.014127144298688193,1000,0.012,0.9581810206170494,0.8825120631671297,0.3605059219184091,0.9581810206170494,0.16,0.5714285714285714,0.02,0.12121212121212122,0.8571428571428571,0.024,0.0707070707070707,1.0,0.026,0.06,0.21428571428571427,0.015,0.0707070707070707,0.5,0.019,0.05555555555555555,0.7857142857142857,0.023,0.0,0.0,0.012,0.0,0.0,0.012,0.0,0.0,0.012,0.16,0.5714285714285714,0.02,0.12121212121212122,0.8571428571428571,0.024,0.0707070707070707,1.0,0.026,margin
qwen3-8b,qwen3-8b-base,imdb,1000,85,0.085,1018,0.05108055009823183,0.8378656380585022,0.44221150755384125,0.4500417872066859,0.8378656380585022,0.56,0.32941176470588235,0.07858546168958742,0.39,0.4588235294117647,0.0893909626719057,0.29,0.6823529411764706,0.10805500982318271,0.04,0.023529411764705882,0.05304518664047151,0.03,0.03529411764705882,0.054027504911591355,0.06,0.1411764705882353,0.06286836935166994,0.08,0.047058823529411764,0.0550098231827112,0.07,0.08235294117647059,0.05795677799607073,0.065,0.15294117647058825,0.06385068762278978,0.56,0.32941176470588235,0.07858546168958742,0.39,0.4588235294117647,0.0893909626719057,0.29,0.6823529411764706,0.10805500982318271,margin
qwen3-8b,qwen3-8b-base,rte,60,16,0.26666666666666666,62,0.14516129032258066,0.8394886363636364,0.5894886363636364,0.33948863636363635,0.8394886363636364,0.6666666666666666,0.125,0.1774193548387097,0.6666666666666666,0.25,0.20967741935483872,0.5,0.375,0.24193548387096775,0.3333333333333333,0.0625,0.16129032258064516,0.3333333333333333,0.125,0.1774193548387097,0.25,0.1875,0.1935483870967742,0.0,0.0,0.14516129032258066,0.16666666666666666,0.0625,0.16129032258064516,0.16666666666666666,0.125,0.1774193548387097,0.6666666666666666,0.125,0.1774193548387097,0.6666666666666666,0.25,0.20967741935483872,0.5,0.375,0.24193548387096775,margin
qwen3-8b,qwen3-8b-base,truthfulqa,281,27,0.09608540925266904,327,0.1529051987767584,0.8142315543890347,0.7096821230679499,0.35024788568095655,0.8142315543890347,0.42857142857142855,0.2222222222222222,0.1712538226299694,0.32142857142857145,0.3333333333333333,0.18042813455657492,0.2857142857142857,0.5925925925925926,0.2018348623853211,0.2857142857142857,0.14814814814814814,0.1651376146788991,0.21428571428571427,0.2222222222222222,0.1712538226299694,0.17857142857142858,0.37037037037037035,0.1834862385321101,0.0,0.0,0.1529051987767584,0.07142857142857142,0.07407407407407407,0.15902140672782875,0.05357142857142857,0.1111111111111111,0.1620795107033639,0.42857142857142855,0.2222222222222222,0.1712538226299694,0.32142857142857145,0.3333333333333333,0.18042813455657492,0.2857142857142857,0.5925925925925926,0.2018348623853211,margin
qwen3-8b,qwen38-27b,boolq,750,49,0.06533333333333333,475,0.21473684210526317,0.7699205217036885,0.5034207691635855,0.5880811668461964,0.7699205217036885,0.21052631578947367,0.16326530612244897,0.23157894736842105,0.17333333333333334,0.2653061224489796,0.24210526315789474,0.14666666666666667,0.4489795918367347,0.26105263157894737,0.0,0.0,0.21473684210526317,0.04,0.061224489795918366,0.22105263157894736,0.04,0.12244897959183673,0.22736842105263158,0.13157894736842105,0.10204081632653061,0.22526315789473683,0.10666666666666667,0.16326530612244897,0.23157894736842105,0.08666666666666667,0.2653061224489796,0.24210526315789474,0.21052631578947367,0.16326530612244897,0.23157894736842105,0.17333333333333334,0.2653061224489796,0.24210526315789474,0.14666666666666667,0.4489795918367347,0.26105263157894737,margin
qwen3-8b,qwen38-27b,geometry_of_truth,984,12,0.012195121951219513,1000,0.013,0.9669924554183814,0.9099794238683128,0.46733539094650206,0.9669924554183814,0.20408163265306123,0.8333333333333334,0.023,0.11224489795918367,0.9166666666666666,0.024,0.06091370558375635,1.0,0.025,0.10204081632653061,0.4166666666666667,0.018,0.061224489795918366,0.5,0.019,0.05583756345177665,0.9166666666666666,0.024,0.02040816326530612,0.08333333333333333,0.014,0.01020408163265306,0.08333333333333333,0.014,0.015228426395939087,0.25,0.016,0.20408163265306123,0.8333333333333334,0.023,0.11224489795918367,0.9166666666666666,0.024,0.06091370558375635,1.0,0.025,margin
qwen3-8b,qwen38-27b,rte,59,14,0.23728813559322035,62,0.14516129032258066,0.9063492063492065,0.6285714285714286,0.46190476190476193,0.9063492063492065,0.6666666666666666,0.14285714285714285,0.1774193548387097,0.8333333333333334,0.35714285714285715,0.22580645161290322,0.75,0.6428571428571429,0.2903225806451613,0.3333333333333333,0.07142857142857142,0.16129032258064516,0.3333333333333333,0.14285714285714285,0.1774193548387097,0.3333333333333333,0.2857142857142857,0.20967741935483872,0.3333333333333333,0.07142857142857142,0.16129032258064516,0.16666666666666666,0.07142857142857142,0.16129032258064516,0.08333333333333333,0.07142857142857142,0.16129032258064516,0.6666666666666666,0.14285714285714285,0.1774193548387097,0.8333333333333334,0.35714285714285715,0.22580645161290322,0.75,0.6428571428571429,0.2903225806451613,margin
qwen3-8b,qwen38-27b,truthfulqa,276,17,0.06159420289855073,327,0.16819571865443425,0.8678173972291618,0.648421530774472,0.4880763116057234,0.8678173972291618,0.42857142857142855,0.35294117647058826,0.18654434250764526,0.32142857142857145,0.5294117647058824,0.19571865443425077,0.21818181818181817,0.7058823529411765,0.20489296636085627,0.07142857142857142,0.058823529411764705,0.1712538226299694,0.10714285714285714,0.17647058823529413,0.17737003058103976,0.10909090909090909,0.35294117647058826,0.18654434250764526,0.07142857142857142,0.058823529411764705,0.1712538226299694,0.07142857142857142,0.11764705882352941,0.1743119266055046,0.07272727272727272,0.23529411764705882,0.18042813455657492,0.42857142857142855,0.35294117647058826,0.18654434250764526,0.32142857142857145,0.5294117647058824,0.19571865443425077,0.21818181818181817,0.7058823529411765,0.20489296636085627,margin
qwen3-8b-base,gemma2-9b,boolq,771,66,0.08560311284046693,475,0.22526315789473683,0.7776488287126586,0.4226735439501397,0.5340855362131958,0.7776488287126586,0.3333333333333333,0.19696969696969696,0.25263157894736843,0.23376623376623376,0.2727272727272727,0.2631578947368421,0.23376623376623376,0.5454545454545454,0.30105263157894735,0.05128205128205128,0.030303030303030304,0.2294736842105263,0.07792207792207792,0.09090909090909091,0.23789473684210527,0.05194805194805195,0.12121212121212122,0.24210526315789474,0.1794871794871795,0.10606060606060606,0.24,0.14285714285714285,0.16666666666666666,0.24842105263157896,0.11688311688311688,0.2727272727272727,0.2631578947368421,0.3333333333333333,0.19696969696969696,0.25263157894736843,0.23376623376623376,0.2727272727272727,0.2631578947368421,0.23376623376623376,0.5454545454545454,0.30105263157894735,margin
qwen3-8b-base,gemma2-9b,geometry_of_truth,996,13,0.013052208835341365,1000,0.009,0.9499960873307771,0.8959229986696925,0.5050473432975977,0.9499960873307771,0.18,0.6923076923076923,0.018,0.1,0.7692307692307693,0.019,0.06532663316582915,1.0,0.022,0.1,0.38461538461538464,0.014,0.07,0.5384615384615384,0.016,0.05025125628140704,0.7692307692307693,0.019,0.0,0.0,0.009,0.02,0.15384615384615385,0.011,0.01507537688442211,0.23076923076923078,0.012,0.18,0.6923076923076923,0.018,0.1,0.7692307692307693,0.019,0.06532663316582915,1.0,0.022,margin
qwen3-8b-base,gemma2-9b,imdb,990,75,0.07575757575757576,1018,0.05108055009823183,0.8197304189435337,0.46270309653916214,0.46142076502732243,0.8197304189435337,0.4,0.26666666666666666,0.07072691552062868,0.37373737373737376,0.49333333333333335,0.08742632612966601,0.26262626262626265,0.6933333333333334,0.10216110019646366,0.0,0.0,0.05108055009823183,0.030303030303030304,0.04,0.054027504911591355,0.06565656565656566,0.17333333333333334,0.06385068762278978,0.1,0.06666666666666667,0.055992141453831044,0.09090909090909091,0.12,0.05992141453831041,0.0707070707070707,0.18666666666666668,0.06483300589390963,0.4,0.26666666666666666,0.07072691552062868,0.37373737373737376,0.49333333333333335,0.08742632612966601,0.26262626262626265,0.6933333333333334,0.10216110019646366,margin
qwen3-8b-base,gemma2-9b,rte,56,11,0.19642857142857142,62,0.2903225806451613,0.8080808080808082,0.6141414141414142,0.2181818181818182,0.8080808080808082,0.0,0.0,0.2903225806451613,0.5,0.2727272727272727,0.3387096774193548,0.36363636363636365,0.36363636363636365,0.3548387096774194,0.6666666666666666,0.18181818181818182,0.3225806451612903,0.5,0.2727272727272727,0.3387096774193548,0.2727272727272727,0.2727272727272727,0.3387096774193548,0.0,0.0,0.2903225806451613,0.0,0.0,0.2903225806451613,0.0,0.0,0.2903225806451613,0.0,0.0,0.2903225806451613,0.5,0.2727272727272727,0.3387096774193548,0.36363636363636365,0.36363636363636365,0.3548387096774194,margin
qwen3-8b-base,gemma2-9b,truthfulqa,271,20,0.07380073800738007,327,0.18654434250764526,0.844621513944223,0.7864541832669323,0.32051792828685255,0.844621513944223,0.35714285714285715,0.25,0.2018348623853211,0.2962962962962963,0.4,0.21100917431192662,0.2222222222222222,0.6,0.22324159021406728,0.35714285714285715,0.25,0.2018348623853211,0.2222222222222222,0.3,0.20489296636085627,0.2037037037037037,0.55,0.22018348623853212,0.0,0.0,0.18654434250764526,0.0,0.0,0.18654434250764526,0.018518518518518517,0.05,0.18960244648318042,0.35714285714285715,0.25,0.2018348623853211,0.2962962962962963,0.4,0.21100917431192662,0.2222222222222222,0.6,0.22324159021406728,margin
qwen3-8b-base,gemma4-12b,boolq,869,136,0.1565017261219793,475,0.6631578947368421,0.7757302784688227,0.5253390578605249,0.6987300377176792,0.7757302784688227,0.46511627906976744,0.14705882352941177,0.7052631578947368,0.40229885057471265,0.25735294117647056,0.7368421052631579,0.3850574712643678,0.49264705882352944,0.8042105263157895,0.20930232558139536,0.0661764705882353,0.6821052631578948,0.21839080459770116,0.13970588235294118,0.7031578947368421,0.1839080459770115,0.23529411764705882,0.7305263157894737,0.32558139534883723,0.10294117647058823,0.6926315789473684,0.3448275862068966,0.22058823529411764,0.7263157894736842,0.3103448275862069,0.39705882352941174,0.7768421052631579,0.46511627906976744,0.14705882352941177,0.7052631578947368,0.40229885057471265,0.25735294117647056,0.7368421052631579,0.3850574712643678,0.49264705882352944,0.8042105263157895,margin
qwen3-8b-base,gemma4-12b,geometry_of_truth,681,12,0.01762114537444934,1000,0.312,0.8683358246138515,0.8472845042351769,0.5189337319382162,0.8683358246138515,0.11764705882352941,0.3333333333333333,0.316,0.07352941176470588,0.4166666666666667,0.317,0.058823529411764705,0.6666666666666666,0.32,0.14705882352941177,0.4166666666666667,0.317,0.11764705882352941,0.6666666666666666,0.32,0.058823529411764705,0.6666666666666666,0.32,0.029411764705882353,0.08333333333333333,0.313,0.014705882352941176,0.08333333333333333,0.313,0.014705882352941176,0.16666666666666666,0.314,0.11764705882352941,0.3333333333333333,0.316,0.07352941176470588,0.4166666666666667,0.317,0.058823529411764705,0.6666666666666666,0.32,margin
qwen3-8b-base,gemma4-12b,imdb,598,59,0.09866220735785954,1018,0.444007858546169,0.7772082638910727,0.5046382189239332,0.5239772334203326,0.7772082638910727,0.36666666666666664,0.1864406779661017,0.4548133595284872,0.31666666666666665,0.3220338983050847,0.462671905697446,0.24166666666666667,0.4915254237288136,0.4724950884086444,0.06666666666666667,0.03389830508474576,0.44597249508840864,0.11666666666666667,0.11864406779661017,0.45088408644400785,0.11666666666666667,0.23728813559322035,0.4577603143418468,0.23333333333333334,0.11864406779661017,0.45088408644400785,0.13333333333333333,0.13559322033898305,0.4518664047151277,0.125,0.2542372881355932,0.4587426326129666,0.36666666666666664,0.1864406779661017,0.4548133595284872,0.31666666666666665,0.3220338983050847,0.462671905697446,0.24166666666666667,0.4915254237288136,0.4724950884086444,margin
qwen3-8b-base,gemma4-12b,rte,52,20,0.38461538461538464,62,0.5,0.7046874999999999,0.49218749999999994,0.55625,0.7046874999999999,0.3333333333333333,0.05,0.5161290322580645,0.6,0.15,0.5483870967741935,0.7,0.35,0.6129032258064516,0.3333333333333333,0.05,0.5161290322580645,0.4,0.1,0.532258064516129,0.3,0.15,0.5483870967741935,0.0,0.0,0.5,0.4,0.1,0.532258064516129,0.5,0.25,0.5806451612903226,0.3333333333333333,0.05,0.5161290322580645,0.6,0.15,0.5483870967741935,0.7,0.35,0.6129032258064516,margin
qwen3-8b-base,gemma4-12b,truthfulqa,203,31,0.15270935960591134,327,0.39143730886850153,0.8111402850712678,0.7303075768942235,0.48143285821455367,0.8111402850712678,0.5,0.16129032258064516,0.40672782874617736,0.5,0.3225806451612903,0.42201834862385323,0.4146341463414634,0.5483870967741935,0.4434250764525994,0.1,0.03225806451612903,0.3944954128440367,0.2,0.12903225806451613,0.4036697247706422,0.3170731707317073,0.41935483870967744,0.43119266055045874,0.0,0.0,0.39143730886850153,0.1,0.06451612903225806,0.39755351681957185,0.12195121951219512,0.16129032258064516,0.40672782874617736,0.5,0.16129032258064516,0.40672782874617736,0.5,0.3225806451612903,0.42201834862385323,0.4146341463414634,0.5483870967741935,0.4434250764525994,margin
qwen3-8b-base,gemma4-12b-base,boolq,824,115,0.1395631067961165,475,0.3663157894736842,0.8006868216103514,0.5129698902311891,0.5188569326056295,0.8006868216103514,0.5121951219512195,0.1826086956521739,0.4105263157894737,0.45121951219512196,0.3217391304347826,0.4442105263157895,0.3575757575757576,0.5130434782608696,0.4905263157894737,0.14634146341463414,0.05217391304347826,0.37894736842105264,0.13414634146341464,0.09565217391304348,0.3894736842105263,0.15151515151515152,0.21739130434782608,0.4189473684210526,0.12195121951219512,0.043478260869565216,0.37684210526315787,0.17073170731707318,0.12173913043478261,0.3957894736842105,0.16363636363636364,0.23478260869565218,0.4231578947368421,0.5121951219512195,0.1826086956521739,0.4105263157894737,0.45121951219512196,0.3217391304347826,0.4442105263157895,0.3575757575757576,0.5130434782608696,0.4905263157894737,margin
qwen3-8b-base,gemma4-12b-base,geometry_of_truth,991,12,0.012108980827447022,1000,0.014,0.9613551242764725,0.9235614572693225,0.3648280558392918,0.9613551242764725,0.16,0.6666666666666666,0.022,0.1111111111111111,0.9166666666666666,0.025,0.06060606060606061,1.0,0.026,0.14,0.5833333333333334,0.021,0.0707070707070707,0.5833333333333334,0.021,0.06060606060606061,1.0,0.026,0.0,0.0,0.014,0.0,0.0,0.014,0.0,0.0,0.014,0.16,0.6666666666666666,0.022,0.1111111111111111,0.9166666666666666,0.025,0.06060606060606061,1.0,0.026,margin
qwen3-8b-base,gemma4-12b-base,imdb,906,70,0.0772626931567329,1018,0.1581532416502947,0.7958475734791524,0.4403964456596035,0.4362098427887902,0.7958475734791524,0.4222222222222222,0.2714285714285714,0.17681728880157171,0.3076923076923077,0.4,0.1856581532416503,0.2430939226519337,0.6285714285714286,0.2013752455795678,0.0,0.0,0.1581532416502947,0.0,0.0,0.1581532416502947,0.027624309392265192,0.07142857142857142,0.16306483300589392,0.1111111111111111,0.07142857142857142,0.16306483300589392,0.06593406593406594,0.08571428571428572,0.16404715127701375,0.04419889502762431,0.11428571428571428,0.16601178781925344,0.4222222222222222,0.2714285714285714,0.17681728880157171,0.3076923076923077,0.4,0.1856581532416503,0.2430939226519337,0.6285714285714286,0.2013752455795678,margin
qwen3-8b-base,gemma4-12b-base,rte,61,20,0.32786885245901637,62,0.27419354838709675,0.8207317073170732,0.6195121951219512,0.6036585365853658,0.8207317073170732,0.3333333333333333,0.05,0.2903225806451613,0.5,0.15,0.3225806451612903,0.5833333333333334,0.35,0.3870967741935484,0.3333333333333333,0.05,0.2903225806451613,0.5,0.15,0.3225806451612903,0.4166666666666667,0.25,0.3548387096774194,0.6666666666666666,0.1,0.3064516129032258,0.5,0.15,0.3225806451612903,0.5,0.3,0.3709677419354839,0.3333333333333333,0.05,0.2903225806451613,0.5,0.15,0.3225806451612903,0.5833333333333334,0.35,0.3870967741935484,margin
qwen3-8b-base,gemma4-12b-base,truthfulqa,251,25,0.099601593625498,327,0.20795107033639143,0.8270796460176991,0.7148672566371681,0.4104424778761062,0.8270796460176991,0.23076923076923078,0.12,0.21712538226299694,0.4,0.4,0.23853211009174313,0.32,0.64,0.25688073394495414,0.07692307692307693,0.04,0.21100917431192662,0.2,0.2,0.22324159021406728,0.22,0.44,0.2415902140672783,0.0,0.0,0.20795107033639143,0.04,0.04,0.21100917431192662,0.04,0.08,0.21406727828746178,0.23076923076923078,0.12,0.21712538226299694,0.4,0.4,0.23853211009174313,0.32,0.64,0.25688073394495414,margin
qwen3-8b-base,gemma4-31b,boolq,774,84,0.10852713178294573,475,0.3494736842105263,0.7404589371980677,0.47320565907522427,0.4727398205659075,0.7404589371980677,0.2564102564102564,0.11904761904761904,0.3705263157894737,0.23376623376623376,0.21428571428571427,0.3873684210526316,0.24516129032258063,0.4523809523809524,0.42947368421052634,0.05128205128205128,0.023809523809523808,0.35368421052631577,0.05194805194805195,0.047619047619047616,0.35789473684210527,0.09032258064516129,0.16666666666666666,0.37894736842105264,0.10256410256410256,0.047619047619047616,0.35789473684210527,0.07792207792207792,0.07142857142857142,0.36210526315789476,0.0967741935483871,0.17857142857142858,0.38105263157894737,0.2564102564102564,0.11904761904761904,0.3705263157894737,0.23376623376623376,0.21428571428571427,0.3873684210526316,0.24516129032258063,0.4523809523809524,0.42947368421052634,margin
qwen3-8b-base,gemma4-31b,geometry_of_truth,901,11,0.01220865704772475,1000,0.096,0.9662921348314607,0.9229826353421859,0.567926455566905,0.9662921348314607,0.15555555555555556,0.6363636363636364,0.103,0.1111111111111111,0.9090909090909091,0.106,0.06111111111111111,1.0,0.107,0.17777777777777778,0.7272727272727273,0.104,0.1,0.8181818181818182,0.105,0.05555555555555555,0.9090909090909091,0.106,0.0,0.0,0.096,0.022222222222222223,0.18181818181818182,0.098,0.016666666666666666,0.2727272727272727,0.099,0.15555555555555556,0.6363636363636364,0.103,0.1111111111111111,0.9090909090909091,0.106,0.06111111111111111,1.0,0.107,margin
qwen3-8b-base,gemma4-31b,rte,53,16,0.3018867924528302,62,0.45161290322580644,0.7483108108108107,0.4712837837837837,0.6621621621621622,0.7483108108108107,0.0,0.0,0.45161290322580644,0.2,0.0625,0.46774193548387094,0.45454545454545453,0.3125,0.532258064516129,0.0,0.0,0.45161290322580644,0.0,0.0,0.45161290322580644,0.18181818181818182,0.125,0.4838709677419355,0.6666666666666666,0.125,0.4838709677419355,0.6,0.1875,0.5,0.45454545454545453,0.3125,0.532258064516129,0.0,0.0,0.45161290322580644,0.2,0.0625,0.46774193548387094,0.45454545454545453,0.3125,0.532258064516129,margin
qwen3-8b-base,gemma4-31b,truthfulqa,225,22,0.09777777777777778,327,0.27522935779816515,0.7720555306762203,0.7424988804299149,0.5053739364084192,0.7720555306762203,0.18181818181818182,0.09090909090909091,0.28134556574923547,0.2727272727272727,0.2727272727272727,0.29357798165137616,0.2,0.4090909090909091,0.30275229357798167,0.2727272727272727,0.13636363636363635,0.28440366972477066,0.22727272727272727,0.22727272727272727,0.290519877675841,0.2,0.4090909090909091,0.30275229357798167,0.09090909090909091,0.045454545454545456,0.2782874617737003,0.13636363636363635,0.13636363636363635,0.28440366972477066,0.1111111111111111,0.22727272727272727,0.290519877675841,0.18181818181818182,0.09090909090909091,0.28134556574923547,0.2727272727272727,0.2727272727272727,0.29357798165137616,0.2,0.4090909090909091,0.30275229357798167,margin
qwen3-8b-base,llama-8b,boolq,786,102,0.1297709923664122,475,0.2336842105263158,0.7968122921683294,0.5313180827886711,0.5158955395023507,0.7968122921683294,0.4358974358974359,0.16666666666666666,0.2694736842105263,0.379746835443038,0.29411764705882354,0.2968421052631579,0.35668789808917195,0.5490196078431373,0.35157894736842105,0.15384615384615385,0.058823529411764705,0.2463157894736842,0.13924050632911392,0.10784313725490197,0.25684210526315787,0.1337579617834395,0.20588235294117646,0.27789473684210525,0.20512820512820512,0.0784313725490196,0.2505263157894737,0.17721518987341772,0.13725490196078433,0.2631578947368421,0.1464968152866242,0.22549019607843138,0.28210526315789475,0.4358974358974359,0.16666666666666666,0.2694736842105263,0.379746835443038,0.29411764705882354,0.2968421052631579,0.35668789808917195,0.5490196078431373,0.35157894736842105,margin
qwen3-8b-base,llama-8b,geometry_of_truth,991,10,0.010090817356205853,1000,0.016,0.9478083588175331,0.9232415902140673,0.37706422018348623,0.9478083588175331,0.12,0.6,0.022,0.08080808080808081,0.8,0.024,0.050505050505050504,1.0,0.026,0.08,0.4,0.02,0.050505050505050504,0.5,0.021,0.050505050505050504,1.0,0.026,0.02,0.1,0.017,0.010101010101010102,0.1,0.017,0.005050505050505051,0.1,0.017,0.12,0.6,0.022,0.08080808080808081,0.8,0.024,0.050505050505050504,1.0,0.026,margin
qwen3-8b-base,llama-8b,imdb,1009,87,0.08622398414271557,1018,0.05108055009823183,0.849041314483756,0.4728600992345476,0.510160321140948,0.849041314483756,0.52,0.2988505747126437,0.07662082514734773,0.4158415841584158,0.4827586206896552,0.09233791748526522,0.3118811881188119,0.7241379310344828,0.11296660117878192,0.02,0.011494252873563218,0.05206286836935167,0.0297029702970297,0.034482758620689655,0.054027504911591355,0.06435643564356436,0.14942528735632185,0.06385068762278978,0.12,0.06896551724137931,0.05697445972495088,0.10891089108910891,0.12643678160919541,0.0618860510805501,0.09405940594059406,0.21839080459770116,0.06974459724950884,0.52,0.2988505747126437,0.07662082514734773,0.4158415841584158,0.4827586206896552,0.09233791748526522,0.3118811881188119,0.7241379310344828,0.11296660117878192,margin
qwen3-8b-base,llama-8b,rte,59,16,0.2711864406779661,62,0.27419354838709675,0.7950581395348838,0.563953488372093,0.5683139534883721,0.7950581395348838,0.0,0.0,0.27419354838709675,0.3333333333333333,0.125,0.3064516129032258,0.5833333333333334,0.4375,0.3870967741935484,0.3333333333333333,0.0625,0.2903225806451613,0.5,0.1875,0.3225806451612903,0.25,0.1875,0.3225806451612903,0.3333333333333333,0.0625,0.2903225806451613,0.3333333333333333,0.125,0.3064516129032258,0.3333333333333333,0.25,0.3387096774193548,0.0,0.0,0.27419354838709675,0.3333333333333333,0.125,0.3064516129032258,0.5833333333333334,0.4375,0.3870967741935484,margin
qwen3-8b-base,llama-8b,truthfulqa,273,24,0.08791208791208792,327,0.1743119266055046,0.8579317269076305,0.7443105756358768,0.375669344042838,0.8579317269076305,0.21428571428571427,0.125,0.1834862385321101,0.2962962962962963,0.3333333333333333,0.19877675840978593,0.2909090909090909,0.6666666666666666,0.22324159021406728,0.21428571428571427,0.125,0.1834862385321101,0.2222222222222222,0.25,0.1926605504587156,0.2,0.4583333333333333,0.20795107033639143,0.14285714285714285,0.08333333333333333,0.18042813455657492,0.14814814814814814,0.16666666666666666,0.18654434250764526,0.07272727272727272,0.16666666666666666,0.18654434250764526,0.21428571428571427,0.125,0.1834862385321101,0.2962962962962963,0.3333333333333333,0.19877675840978593,0.2909090909090909,0.6666666666666666,0.22324159021406728,margin
qwen3-8b-base,llama31-405b,boolq,744,33,0.04435483870967742,475,0.26105263157894737,0.7525891829689298,0.4762818053957295,0.6338064186165452,0.7525891829689298,0.08108108108108109,0.09090909090909091,0.2673684210526316,0.10810810810810811,0.24242424242424243,0.27789473684210525,0.14093959731543623,0.6363636363636364,0.30526315789473685,0.05405405405405406,0.06060606060606061,0.26526315789473687,0.04054054054054054,0.09090909090909091,0.2673684210526316,0.026845637583892617,0.12121212121212122,0.2694736842105263,0.08108108108108109,0.09090909090909091,0.2673684210526316,0.12162162162162163,0.2727272727272727,0.28,0.0738255033557047,0.3333333333333333,0.28421052631578947,0.08108108108108109,0.09090909090909091,0.2673684210526316,0.10810810810810811,0.24242424242424243,0.27789473684210525,0.14093959731543623,0.6363636363636364,0.30526315789473685,margin
qwen3-8b-base,llama31-405b,geometry_of_truth,991,9,0.009081735620585268,1000,0.01,0.9644715999094817,0.9030323602625028,0.5888210002262956,0.9644715999094817,0.14,0.7777777777777778,0.017,0.09090909090909091,1.0,0.019,0.045454545454545456,1.0,0.019,0.04,0.2222222222222222,0.012,0.050505050505050504,0.5555555555555556,0.015,0.045454545454545456,1.0,0.019,0.02,0.1111111111111111,0.011,0.010101010101010102,0.1111111111111111,0.011,0.020202020202020204,0.4444444444444444,0.014,0.14,0.7777777777777778,0.017,0.09090909090909091,1.0,0.019,0.045454545454545456,1.0,0.019,margin
qwen3-8b-base,llama31-405b,imdb,1003,71,0.0707876370887338,1018,0.047151277013752456,0.8272381067521006,0.4672973463096174,0.4771806806504261,0.8272381067521006,0.3,0.2112676056338028,0.0618860510805501,0.31,0.43661971830985913,0.07760314341846758,0.24875621890547264,0.704225352112676,0.0962671905697446,0.0,0.0,0.047151277013752456,0.04,0.056338028169014086,0.05108055009823183,0.06467661691542288,0.18309859154929578,0.05992141453831041,0.04,0.028169014084507043,0.04911591355599214,0.04,0.056338028169014086,0.05108055009823183,0.06965174129353234,0.19718309859154928,0.060903732809430254,0.3,0.2112676056338028,0.0618860510805501,0.31,0.43661971830985913,0.07760314341846758,0.24875621890547264,0.704225352112676,0.0962671905697446,margin
qwen3-8b-base,llama31-405b,rte,58,12,0.20689655172413793,62,0.2903225806451613,0.7934782608695652,0.40217391304347827,0.4311594202898551,0.7934782608695652,0.0,0.0,0.2903225806451613,0.3333333333333333,0.16666666666666666,0.3225806451612903,0.3333333333333333,0.3333333333333333,0.3548387096774194,0.3333333333333333,0.08333333333333333,0.3064516129032258,0.5,0.25,0.3387096774193548,0.25,0.25,0.3387096774193548,0.0,0.0,0.2903225806451613,0.0,0.0,0.2903225806451613,0.16666666666666666,0.16666666666666666,0.3225806451612903,0.0,0.0,0.2903225806451613,0.3333333333333333,0.16666666666666666,0.3225806451612903,0.3333333333333333,0.3333333333333333,0.3548387096774194,margin
qwen3-8b-base,llama31-405b,truthfulqa,272,13,0.04779411764705882,327,0.17737003058103976,0.9085239085239085,0.7427977427977428,0.2577962577962578,0.9085239085239085,0.42857142857142855,0.46153846153846156,0.19571865443425077,0.25925925925925924,0.5384615384615384,0.19877675840978593,0.18518518518518517,0.7692307692307693,0.20795107033639143,0.14285714285714285,0.15384615384615385,0.1834862385321101,0.14814814814814814,0.3076923076923077,0.18960244648318042,0.14814814814814814,0.6153846153846154,0.2018348623853211,0.0,0.0,0.17737003058103976,0.0,0.0,0.17737003058103976,0.0,0.0,0.17737003058103976,0.42857142857142855,0.46153846153846156,0.19571865443425077,0.25925925925925924,0.5384615384615384,0.19877675840978593,0.18518518518518517,0.7692307692307693,0.20795107033639143,margin
qwen3-8b-base,llama31-70b,boolq,764,54,0.07068062827225131,475,0.22736842105263158,0.7829681794470527,0.49089723526343243,0.5951747522170057,0.7829681794470527,0.3157894736842105,0.2222222222222222,0.25263157894736843,0.23684210526315788,0.3333333333333333,0.26526315789473687,0.1895424836601307,0.5370370370370371,0.28842105263157897,0.02631578947368421,0.018518518518518517,0.2294736842105263,0.06578947368421052,0.09259259259259259,0.23789473684210527,0.06535947712418301,0.18518518518518517,0.24842105263157896,0.10526315789473684,0.07407407407407407,0.23578947368421052,0.10526315789473684,0.14814814814814814,0.24421052631578946,0.1111111111111111,0.3148148148148148,0.2631578947368421,0.3157894736842105,0.2222222222222222,0.25263157894736843,0.23684210526315788,0.3333333333333333,0.26526315789473687,0.1895424836601307,0.5370370370370371,0.28842105263157897,margin
qwen3-8b-base,llama31-70b,geometry_of_truth,993,9,0.00906344410876133,1000,0.012,0.9560749774164409,0.9093270099367661,0.4775293586269196,0.9560749774164409,0.1,0.5555555555555556,0.017,0.09090909090909091,1.0,0.021,0.04522613065326633,1.0,0.021,0.06,0.3333333333333333,0.015,0.050505050505050504,0.5555555555555556,0.017,0.04522613065326633,1.0,0.021,0.02,0.1111111111111111,0.013,0.010101010101010102,0.1111111111111111,0.013,0.01507537688442211,0.3333333333333333,0.015,0.1,0.5555555555555556,0.017,0.09090909090909091,1.0,0.021,0.04522613065326633,1.0,0.021,margin
qwen3-8b-base,llama31-70b,imdb,992,67,0.06754032258064516,1018,0.05108055009823183,0.84385639370714,0.47499798305768454,0.3995804759983865,0.84385639370714,0.34,0.2537313432835821,0.06777996070726916,0.36363636363636365,0.5373134328358209,0.08644400785854617,0.25757575757575757,0.7611940298507462,0.10117878192534381,0.02,0.014925373134328358,0.05206286836935167,0.020202020202020204,0.029850746268656716,0.05304518664047151,0.05555555555555555,0.16417910447761194,0.0618860510805501,0.04,0.029850746268656716,0.05304518664047151,0.04040404040404041,0.05970149253731343,0.0550098231827112,0.045454545454545456,0.13432835820895522,0.05992141453831041,0.34,0.2537313432835821,0.06777996070726916,0.36363636363636365,0.5373134328358209,0.08644400785854617,0.25757575757575757,0.7611940298507462,0.10117878192534381,margin
qwen3-8b-base,llama31-70b,rte,59,14,0.23728813559322035,62,0.24193548387096775,0.8285714285714286,0.5888888888888889,0.3793650793650794,0.8285714285714286,0.0,0.0,0.24193548387096775,0.3333333333333333,0.14285714285714285,0.27419354838709675,0.5,0.42857142857142855,0.3387096774193548,0.0,0.0,0.24193548387096775,0.3333333333333333,0.14285714285714285,0.27419354838709675,0.3333333333333333,0.2857142857142857,0.3064516129032258,0.0,0.0,0.24193548387096775,0.0,0.0,0.24193548387096775,0.08333333333333333,0.07142857142857142,0.25806451612903225,0.0,0.0,0.24193548387096775,0.3333333333333333,0.14285714285714285,0.27419354838709675,0.5,0.42857142857142855,0.3387096774193548,margin
qwen3-8b-base,llama31-70b,truthfulqa,268,13,0.048507462686567165,327,0.21406727828746178,0.7806938159879336,0.860633484162896,0.20030165912518855,0.860633484162896,0.07692307692307693,0.07692307692307693,0.21712538226299694,0.1111111111111111,0.23076923076923078,0.22324159021406728,0.12962962962962962,0.5384615384615384,0.23547400611620795,0.23076923076923078,0.23076923076923078,0.22324159021406728,0.2222222222222222,0.46153846153846156,0.2324159021406728,0.14814814814814814,0.6153846153846154,0.23853211009174313,0.0,0.0,0.21406727828746178,0.0,0.0,0.21406727828746178,0.0,0.0,0.21406727828746178,0.23076923076923078,0.23076923076923078,0.22324159021406728,0.2222222222222222,0.46153846153846156,0.2324159021406728,0.14814814814814814,0.6153846153846154,0.23853211009174313,anomaly
qwen3-8b-base,llama31-70b-base,boolq,762,81,0.1062992125984252,475,0.28,0.8192019724080419,0.5345624626094523,0.4227987164844727,0.8192019724080419,0.4473684210526316,0.20987654320987653,0.3157894736842105,0.35526315789473684,0.3333333333333333,0.3368421052631579,0.29605263157894735,0.5555555555555556,0.37473684210526315,0.15789473684210525,0.07407407407407407,0.2926315789473684,0.11842105263157894,0.1111111111111111,0.29894736842105263,0.10526315789473684,0.19753086419753085,0.3136842105263158,0.07894736842105263,0.037037037037037035,0.2863157894736842,0.05263157894736842,0.04938271604938271,0.28842105263157897,0.07236842105263158,0.13580246913580246,0.3031578947368421,0.4473684210526316,0.20987654320987653,0.3157894736842105,0.35526315789473684,0.3333333333333333,0.3368421052631579,0.29605263157894735,0.5555555555555556,0.37473684210526315,margin
qwen3-8b-base,llama31-70b-base,geometry_of_truth,987,9,0.00911854103343465,1000,0.016,0.9645535105657805,0.9093387866394002,0.2883435582822086,0.9645535105657805,0.12244897959183673,0.6666666666666666,0.022,0.08080808080808081,0.8888888888888888,0.024,0.04568527918781726,1.0,0.025,0.04081632653061224,0.2222222222222222,0.018,0.06060606060606061,0.6666666666666666,0.022,0.04060913705583756,0.8888888888888888,0.024,0.02040816326530612,0.1111111111111111,0.017,0.010101010101010102,0.1111111111111111,0.017,0.005076142131979695,0.1111111111111111,0.017,0.12244897959183673,0.6666666666666666,0.022,0.08080808080808081,0.8888888888888888,0.024,0.04568527918781726,1.0,0.025,margin
qwen3-8b-base,llama31-70b-base,imdb,954,70,0.07337526205450734,1018,0.1031434184675835,0.797753716871364,0.45499353587588875,0.40373303167420815,0.797753716871364,0.4375,0.3,0.1237721021611002,0.2631578947368421,0.35714285714285715,0.12770137524557956,0.21465968586387435,0.5857142857142857,0.14341846758349705,0.0,0.0,0.1031434184675835,0.05263157894736842,0.07142857142857142,0.10805500982318271,0.05235602094240838,0.14285714285714285,0.11296660117878192,0.020833333333333332,0.014285714285714285,0.10412573673870335,0.010526315789473684,0.014285714285714285,0.10412573673870335,0.031413612565445025,0.08571428571428572,0.10903732809430255,0.4375,0.3,0.1237721021611002,0.2631578947368421,0.35714285714285715,0.12770137524557956,0.21465968586387435,0.5857142857142857,0.14341846758349705,margin
qwen3-8b-base,llama31-70b-base,rte,60,18,0.3,62,0.25806451612903225,0.787037037037037,0.4523809523809524,0.48148148148148145,0.787037037037037,0.3333333333333333,0.05555555555555555,0.27419354838709675,0.3333333333333333,0.1111111111111111,0.2903225806451613,0.5,0.3333333333333333,0.3548387096774194,0.0,0.0,0.25806451612903225,0.16666666666666666,0.05555555555555555,0.27419354838709675,0.3333333333333333,0.2222222222222222,0.3225806451612903,0.0,0.0,0.25806451612903225,0.0,0.0,0.25806451612903225,0.16666666666666666,0.1111111111111111,0.2903225806451613,0.3333333333333333,0.05555555555555555,0.27419354838709675,0.3333333333333333,0.1111111111111111,0.2903225806451613,0.5,0.3333333333333333,0.3548387096774194,margin
qwen3-8b-base,llama31-70b-base,truthfulqa,257,25,0.09727626459143969,327,0.2018348623853211,0.8318965517241379,0.77,0.3260344827586207,0.8318965517241379,0.38461538461538464,0.2,0.21712538226299694,0.38461538461538464,0.4,0.2324159021406728,0.27450980392156865,0.56,0.24464831804281345,0.3076923076923077,0.16,0.21406727828746178,0.19230769230769232,0.2,0.21712538226299694,0.2549019607843137,0.52,0.2415902140672783,0.0,0.0,0.2018348623853211,0.0,0.0,0.2018348623853211,0.0196078431372549,0.04,0.20489296636085627,0.38461538461538464,0.2,0.21712538226299694,0.38461538461538464,0.4,0.2324159021406728,0.27450980392156865,0.56,0.24464831804281345,margin
qwen3-8b-base,llama31-8b-base,boolq,802,118,0.14713216957605985,475,0.37473684210526315,0.7668376449598574,0.5203811081375755,0.5169863217365448,0.7668376449598574,0.425,0.1440677966101695,0.4105263157894737,0.3875,0.2627118644067797,0.44,0.35625,0.4830508474576271,0.49473684210526314,0.15,0.05084745762711865,0.3873684210526316,0.1375,0.09322033898305085,0.39789473684210525,0.175,0.23728813559322035,0.4336842105263158,0.25,0.0847457627118644,0.3957894736842105,0.2375,0.16101694915254236,0.4147368421052632,0.2,0.2711864406779661,0.4421052631578947,0.425,0.1440677966101695,0.4105263157894737,0.3875,0.2627118644067797,0.44,0.35625,0.4830508474576271,0.49473684210526314,margin
qwen3-8b-base,llama31-8b-base,geometry_of_truth,988,12,0.012145748987854251,1000,0.017,0.95525956284153,0.9204234972677596,0.37260928961748635,0.95525956284153,0.1836734693877551,0.75,0.026,0.09090909090909091,0.75,0.026,0.06060606060606061,1.0,0.029,0.10204081632653061,0.4166666666666667,0.022,0.08080808080808081,0.6666666666666666,0.025,0.05555555555555555,0.9166666666666666,0.028,0.0,0.0,0.017,0.0,0.0,0.017,0.005050505050505051,0.08333333333333333,0.018,0.1836734693877551,0.75,0.026,0.09090909090909091,0.75,0.026,0.06060606060606061,1.0,0.029,margin
qwen3-8b-base,llama31-8b-base,imdb,938,65,0.06929637526652452,1018,0.10216110019646366,0.8085646312450436,0.4679002555291215,0.48531148118776984,0.8085646312450436,0.40425531914893614,0.2923076923076923,0.12082514734774066,0.2872340425531915,0.4153846153846154,0.12868369351669942,0.21808510638297873,0.6307692307692307,0.14243614931237722,0.0,0.0,0.10216110019646366,0.031914893617021274,0.046153846153846156,0.10510805500982318,0.05319148936170213,0.15384615384615385,0.11198428290766209,0.10638297872340426,0.07692307692307693,0.10707269155206287,0.06382978723404255,0.09230769230769231,0.10805500982318271,0.06914893617021277,0.2,0.11493123772102161,0.40425531914893614,0.2923076923076923,0.12082514734774066,0.2872340425531915,0.4153846153846154,0.12868369351669942,0.21808510638297873,0.6307692307692307,0.14243614931237722,margin
qwen3-8b-base,llama31-8b-base,rte,61,20,0.32786885245901637,62,0.24193548387096775,0.8170731707317074,0.5658536585365854,0.6024390243902439,0.8170731707317074,0.3333333333333333,0.05,0.25806451612903225,0.5,0.15,0.2903225806451613,0.5833333333333334,0.35,0.3548387096774194,0.3333333333333333,0.05,0.25806451612903225,0.5,0.15,0.2903225806451613,0.4166666666666667,0.25,0.3225806451612903,0.3333333333333333,0.05,0.25806451612903225,0.16666666666666666,0.05,0.25806451612903225,0.25,0.15,0.2903225806451613,0.3333333333333333,0.05,0.25806451612903225,0.5,0.15,0.2903225806451613,0.5833333333333334,0.35,0.3548387096774194,margin
qwen3-8b-base,llama31-8b-base,truthfulqa,253,26,0.10276679841897234,327,0.18654434250764526,0.8468315825144019,0.745679430701457,0.4330735343951203,0.8468315825144019,0.3076923076923077,0.15384615384615385,0.19877675840978593,0.36,0.34615384615384615,0.21406727828746178,0.27450980392156865,0.5384615384615384,0.22935779816513763,0.15384615384615385,0.07692307692307693,0.1926605504587156,0.24,0.23076923076923078,0.20489296636085627,0.27450980392156865,0.5384615384615384,0.22935779816513763,0.0,0.0,0.18654434250764526,0.0,0.0,0.18654434250764526,0.0392156862745098,0.07692307692307693,0.1926605504587156,0.3076923076923077,0.15384615384615385,0.19877675840978593,0.36,0.34615384615384615,0.21406727828746178,0.27450980392156865,0.5384615384615384,0.22935779816513763,margin
qwen3-8b-base,qwen3-32b,boolq,778,67,0.08611825192802057,475,0.20842105263157895,0.7589478766505028,0.5793395889749564,0.4801099985305539,0.7589478766505028,0.3076923076923077,0.1791044776119403,0.2336842105263158,0.2564102564102564,0.29850746268656714,0.2505263157894737,0.21153846153846154,0.4925373134328358,0.27789473684210525,0.15384615384615385,0.08955223880597014,0.22105263157894736,0.1282051282051282,0.14925373134328357,0.2294736842105263,0.12179487179487179,0.2835820895522388,0.24842105263157896,0.10256410256410256,0.05970149253731343,0.2168421052631579,0.10256410256410256,0.11940298507462686,0.22526315789473683,0.10256410256410256,0.23880597014925373,0.24210526315789474,0.3076923076923077,0.1791044776119403,0.2336842105263158,0.2564102564102564,0.29850746268656714,0.2505263157894737,0.21153846153846154,0.4925373134328358,0.27789473684210525,margin
qwen3-8b-base,qwen3-32b,geometry_of_truth,991,8,0.008072653884964682,1000,0.014,0.9512970498474058,0.9230671414038657,0.3592319430315361,0.9512970498474058,0.1,0.625,0.019,0.06060606060606061,0.75,0.02,0.04040404040404041,1.0,0.022,0.08,0.5,0.018,0.050505050505050504,0.625,0.019,0.04040404040404041,1.0,0.022,0.0,0.0,0.014,0.0,0.0,0.014,0.005050505050505051,0.125,0.015,0.1,0.625,0.019,0.06060606060606061,0.75,0.02,0.04040404040404041,1.0,0.022,margin
qwen3-8b-base,qwen3-32b,imdb,997,76,0.07622868605817452,1018,0.05009823182711198,0.8197611292073832,0.4684124807131836,0.47245556888965085,0.8197611292073832,0.38,0.25,0.068762278978389,0.36,0.47368421052631576,0.08546168958742632,0.2562814070351759,0.6710526315789473,0.10019646365422397,0.04,0.02631578947368421,0.05206286836935167,0.04,0.05263157894736842,0.054027504911591355,0.06030150753768844,0.15789473684210525,0.0618860510805501,0.06,0.039473684210526314,0.05304518664047151,0.06,0.07894736842105263,0.055992141453831044,0.06030150753768844,0.15789473684210525,0.0618860510805501,0.38,0.25,0.068762278978389,0.36,0.47368421052631576,0.08546168958742632,0.2562814070351759,0.6710526315789473,0.10019646365422397,margin
qwen3-8b-base,qwen3-32b,rte,59,14,0.23728813559322035,62,0.24193548387096775,0.8285714285714285,0.6714285714285715,0.4126984126984127,0.8285714285714285,0.3333333333333333,0.07142857142857142,0.25806451612903225,0.6666666666666666,0.2857142857142857,0.3064516129032258,0.5,0.42857142857142855,0.3387096774193548,0.3333333333333333,0.07142857142857142,0.25806451612903225,0.5,0.21428571428571427,0.2903225806451613,0.5833333333333334,0.5,0.3548387096774194,0.0,0.0,0.24193548387096775,0.0,0.0,0.24193548387096775,0.08333333333333333,0.07142857142857142,0.25806451612903225,0.3333333333333333,0.07142857142857142,0.25806451612903225,0.6666666666666666,0.2857142857142857,0.3064516129032258,0.5,0.42857142857142855,0.3387096774193548,margin
qwen3-8b-base,qwen3-32b,truthfulqa,269,16,0.05947955390334572,327,0.16819571865443425,0.8601778656126482,0.6583498023715415,0.28804347826086957,0.8601778656126482,0.15384615384615385,0.125,0.1743119266055046,0.2222222222222222,0.375,0.18654434250764526,0.24074074074074073,0.8125,0.20795107033639143,0.07692307692307693,0.0625,0.1712538226299694,0.1111111111111111,0.1875,0.17737003058103976,0.09259259259259259,0.3125,0.1834862385321101,0.0,0.0,0.16819571865443425,0.0,0.0,0.16819571865443425,0.0,0.0,0.16819571865443425,0.15384615384615385,0.125,0.1743119266055046,0.2222222222222222,0.375,0.18654434250764526,0.24074074074074073,0.8125,0.20795107033639143,margin
qwen3-8b-base,qwen3-8b,boolq,800,91,0.11375,475,0.1936842105263158,0.7816612160758846,0.4659712642787396,0.4984888172476325,0.7816612160758846,0.45,0.1978021978021978,0.23157894736842105,0.3375,0.2967032967032967,0.2505263157894737,0.3,0.5274725274725275,0.29473684210526313,0.1,0.04395604395604396,0.20210526315789473,0.1,0.08791208791208792,0.21052631578947367,0.10625,0.18681318681318682,0.2294736842105263,0.125,0.054945054945054944,0.20421052631578948,0.1375,0.12087912087912088,0.2168421052631579,0.11875,0.2087912087912088,0.2336842105263158,0.45,0.1978021978021978,0.23157894736842105,0.3375,0.2967032967032967,0.2505263157894737,0.3,0.5274725274725275,0.29473684210526313,margin
qwen3-8b-base,qwen3-8b,geometry_of_truth,991,14,0.014127144298688193,1000,0.012,0.9581810206170494,0.8825120631671297,0.3605059219184091,0.9581810206170494,0.16,0.5714285714285714,0.02,0.12121212121212122,0.8571428571428571,0.024,0.0707070707070707,1.0,0.026,0.06,0.21428571428571427,0.015,0.0707070707070707,0.5,0.019,0.05555555555555555,0.7857142857142857,0.023,0.0,0.0,0.012,0.0,0.0,0.012,0.0,0.0,0.012,0.16,0.5714285714285714,0.02,0.12121212121212122,0.8571428571428571,0.024,0.0707070707070707,1.0,0.026,margin
qwen3-8b-base,qwen3-8b,imdb,1000,85,0.085,1018,0.05108055009823183,0.8378656380585022,0.44221150755384125,0.4500417872066859,0.8378656380585022,0.56,0.32941176470588235,0.07858546168958742,0.39,0.4588235294117647,0.0893909626719057,0.29,0.6823529411764706,0.10805500982318271,0.04,0.023529411764705882,0.05304518664047151,0.03,0.03529411764705882,0.054027504911591355,0.06,0.1411764705882353,0.06286836935166994,0.08,0.047058823529411764,0.0550098231827112,0.07,0.08235294117647059,0.05795677799607073,0.065,0.15294117647058825,0.06385068762278978,0.56,0.32941176470588235,0.07858546168958742,0.39,0.4588235294117647,0.0893909626719057,0.29,0.6823529411764706,0.10805500982318271,margin
qwen3-8b-base,qwen3-8b,rte,60,16,0.26666666666666666,62,0.14516129032258066,0.8394886363636364,0.5894886363636364,0.33948863636363635,0.8394886363636364,0.6666666666666666,0.125,0.1774193548387097,0.6666666666666666,0.25,0.20967741935483872,0.5,0.375,0.24193548387096775,0.3333333333333333,0.0625,0.16129032258064516,0.3333333333333333,0.125,0.1774193548387097,0.25,0.1875,0.1935483870967742,0.0,0.0,0.14516129032258066,0.16666666666666666,0.0625,0.16129032258064516,0.16666666666666666,0.125,0.1774193548387097,0.6666666666666666,0.125,0.1774193548387097,0.6666666666666666,0.25,0.20967741935483872,0.5,0.375,0.24193548387096775,margin
qwen3-8b-base,qwen3-8b,truthfulqa,281,27,0.09608540925266904,327,0.1529051987767584,0.8142315543890347,0.7096821230679499,0.35024788568095655,0.8142315543890347,0.42857142857142855,0.2222222222222222,0.1712538226299694,0.32142857142857145,0.3333333333333333,0.18042813455657492,0.2857142857142857,0.5925925925925926,0.2018348623853211,0.2857142857142857,0.14814814814814814,0.1651376146788991,0.21428571428571427,0.2222222222222222,0.1712538226299694,0.17857142857142858,0.37037037037037035,0.1834862385321101,0.0,0.0,0.1529051987767584,0.07142857142857142,0.07407407407407407,0.15902140672782875,0.05357142857142857,0.1111111111111111,0.1620795107033639,0.42857142857142855,0.2222222222222222,0.1712538226299694,0.32142857142857145,0.3333333333333333,0.18042813455657492,0.2857142857142857,0.5925925925925926,0.2018348623853211,margin
qwen3-8b-base,qwen38-27b,boolq,767,54,0.07040417209908735,475,0.21894736842105264,0.7772323515661524,0.5658667082229495,0.5803334891693938,0.7772323515661524,0.21052631578947367,0.14814814814814814,0.23578947368421052,0.22077922077922077,0.3148148148148148,0.25473684210526315,0.1830065359477124,0.5185185185185185,0.27789473684210525,0.02631578947368421,0.018518518518518517,0.22105263157894736,0.06493506493506493,0.09259259259259259,0.2294736842105263,0.0718954248366013,0.2037037037037037,0.24210526315789474,0.05263157894736842,0.037037037037037035,0.2231578947368421,0.03896103896103896,0.05555555555555555,0.22526315789473683,0.09803921568627451,0.2777777777777778,0.2505263157894737,0.21052631578947367,0.14814814814814814,0.23578947368421052,0.22077922077922077,0.3148148148148148,0.25473684210526315,0.1830065359477124,0.5185185185185185,0.27789473684210525,margin
qwen3-8b-base,qwen38-27b,geometry_of_truth,984,10,0.01016260162601626,1000,0.015,0.9586242299794661,0.8825462012320329,0.43480492813141686,0.9586242299794661,0.14285714285714285,0.7,0.022,0.09183673469387756,0.9,0.024,0.050761421319796954,1.0,0.025,0.061224489795918366,0.3,0.018,0.04081632653061224,0.4,0.019,0.04060913705583756,0.8,0.023,0.0,0.0,0.015,0.0,0.0,0.015,0.01015228426395939,0.2,0.017,0.14285714285714285,0.7,0.022,0.09183673469387756,0.9,0.024,0.050761421319796954,1.0,0.025,margin
qwen3-8b-base,qwen38-27b,rte,60,15,0.25,62,0.1935483870967742,0.8533333333333333,0.6251851851851852,0.4785185185185185,0.8533333333333333,0.6666666666666666,0.13333333333333333,0.22580645161290322,0.5,0.2,0.24193548387096775,0.5,0.4,0.2903225806451613,0.0,0.0,0.1935483870967742,0.16666666666666666,0.06666666666666667,0.20967741935483872,0.3333333333333333,0.26666666666666666,0.25806451612903225,0.0,0.0,0.1935483870967742,0.16666666666666666,0.06666666666666667,0.20967741935483872,0.25,0.2,0.24193548387096775,0.6666666666666666,0.13333333333333333,0.22580645161290322,0.5,0.2,0.24193548387096775,0.5,0.4,0.2903225806451613,margin
qwen3-8b-base,qwen38-27b,truthfulqa,268,18,0.06716417910447761,327,0.18654434250764526,0.8091111111111111,0.6117777777777778,0.31666666666666665,0.8091111111111111,0.38461538461538464,0.2777777777777778,0.2018348623853211,0.25925925925925924,0.3888888888888889,0.20795107033639143,0.2037037037037037,0.6111111111111112,0.22018348623853212,0.07692307692307693,0.05555555555555555,0.18960244648318042,0.1111111111111111,0.16666666666666666,0.19571865443425077,0.09259259259259259,0.2777777777777778,0.2018348623853211,0.0,0.0,0.18654434250764526,0.0,0.0,0.18654434250764526,0.018518518518518517,0.05555555555555555,0.18960244648318042,0.38461538461538464,0.2777777777777778,0.2018348623853211,0.25925925925925924,0.3888888888888889,0.20795107033639143,0.2037037037037037,0.6111111111111112,0.22018348623853212,margin
qwen38-27b,gemma4-31b,boolq,745,51,0.06845637583892618,475,0.33263157894736844,0.7370175736000453,0.48194609255806065,0.4787817144148726,0.7370175736000453,0.16216216216216217,0.11764705882352941,0.3452631578947368,0.1891891891891892,0.27450980392156865,0.36210526315789476,0.12751677852348994,0.37254901960784315,0.3726315789473684,0.0,0.0,0.33263157894736844,0.0,0.0,0.33263157894736844,0.053691275167785234,0.1568627450980392,0.3494736842105263,0.02702702702702703,0.0196078431372549,0.33473684210526317,0.04054054054054054,0.058823529411764705,0.3389473684210526,0.06040268456375839,0.17647058823529413,0.35157894736842105,0.16216216216216217,0.11764705882352941,0.3452631578947368,0.1891891891891892,0.27450980392156865,0.36210526315789476,0.12751677852348994,0.37254901960784315,0.3726315789473684,margin
qwen38-27b,gemma4-31b,geometry_of_truth,899,9,0.010011123470522803,1000,0.097,0.9202247191011236,0.9008739076154806,0.49200998751560554,0.9202247191011236,0.08888888888888889,0.4444444444444444,0.101,0.06666666666666667,0.6666666666666666,0.103,0.05,1.0,0.106,0.08888888888888889,0.4444444444444444,0.101,0.06666666666666667,0.6666666666666666,0.103,0.044444444444444446,0.8888888888888888,0.105,0.0,0.0,0.097,0.022222222222222223,0.2222222222222222,0.099,0.016666666666666666,0.3333333333333333,0.1,0.08888888888888889,0.4444444444444444,0.101,0.06666666666666667,0.6666666666666666,0.103,0.05,1.0,0.106,margin
qwen38-27b,gemma4-31b,rte,52,15,0.28846153846153844,62,0.41935483870967744,0.8342342342342343,0.44504504504504505,0.7837837837837838,0.8342342342342343,0.6666666666666666,0.13333333333333333,0.45161290322580644,0.6,0.2,0.46774193548387094,0.5,0.3333333333333333,0.5,0.0,0.0,0.41935483870967744,0.2,0.06666666666666667,0.43548387096774194,0.2,0.13333333333333333,0.45161290322580644,1.0,0.2,0.46774193548387094,0.8,0.26666666666666666,0.4838709677419355,0.7,0.4666666666666667,0.532258064516129,0.6666666666666666,0.13333333333333333,0.45161290322580644,0.6,0.2,0.46774193548387094,0.5,0.3333333333333333,0.5,margin
qwen38-27b,gemma4-31b,truthfulqa,224,17,0.07589285714285714,327,0.2599388379204893,0.8161409491332765,0.6618357487922706,0.39499857914180164,0.8161409491332765,0.45454545454545453,0.29411764705882354,0.27522935779816515,0.3181818181818182,0.4117647058823529,0.28134556574923547,0.2,0.5294117647058824,0.2874617737003058,0.18181818181818182,0.11764705882352941,0.26605504587155965,0.09090909090909091,0.11764705882352941,0.26605504587155965,0.1111111111111111,0.29411764705882354,0.27522935779816515,0.09090909090909091,0.058823529411764705,0.26299694189602446,0.09090909090909091,0.11764705882352941,0.26605504587155965,0.044444444444444446,0.11764705882352941,0.26605504587155965,0.45454545454545453,0.29411764705882354,0.27522935779816515,0.3181818181818182,0.4117647058823529,0.28134556574923547,0.2,0.5294117647058824,0.2874617737003058,margin
qwen38-27b,llama31-405b,boolq,752,31,0.041223404255319146,475,0.11368421052631579,0.7691378461813788,0.5372019149031364,0.6279361102411525,0.7691378461813788,0.21052631578947367,0.25806451612903225,0.13052631578947368,0.16,0.3870967741935484,0.13894736842105262,0.11333333333333333,0.5483870967741935,0.14947368421052631,0.05263157894736842,0.06451612903225806,0.11789473684210526,0.04,0.0967741935483871,0.12,0.04,0.1935483870967742,0.12631578947368421,0.02631578947368421,0.03225806451612903,0.11578947368421053,0.06666666666666667,0.16129032258064516,0.12421052631578948,0.06666666666666667,0.3225806451612903,0.13473684210526315,0.21052631578947367,0.25806451612903225,0.13052631578947368,0.16,0.3870967741935484,0.13894736842105262,0.11333333333333333,0.5483870967741935,0.14947368421052631,margin
qwen38-27b,llama31-405b,geometry_of_truth,988,7,0.00708502024291498,1000,0.011,0.9589340323285277,0.8977719528178244,0.4341051405271589,0.9589340323285277,0.08163265306122448,0.5714285714285714,0.015,0.0707070707070707,1.0,0.018,0.03535353535353535,1.0,0.018,0.04081632653061224,0.2857142857142857,0.013,0.030303030303030304,0.42857142857142855,0.014,0.03535353535353535,1.0,0.018,0.02040816326530612,0.14285714285714285,0.012,0.010101010101010102,0.14285714285714285,0.012,0.005050505050505051,0.14285714285714285,0.012,0.08163265306122448,0.5714285714285714,0.015,0.0707070707070707,1.0,0.018,0.03535353535353535,1.0,0.018,margin
qwen38-27b,llama31-405b,rte,60,13,0.21666666666666667,62,0.1935483870967742,0.8510638297872339,0.4500818330605565,0.5040916530278232,0.8510638297872339,0.0,0.0,0.1935483870967742,0.5,0.23076923076923078,0.24193548387096775,0.5,0.46153846153846156,0.2903225806451613,0.3333333333333333,0.07692307692307693,0.20967741935483872,0.3333333333333333,0.15384615384615385,0.22580645161290322,0.25,0.23076923076923078,0.24193548387096775,0.0,0.0,0.1935483870967742,0.0,0.0,0.1935483870967742,0.08333333333333333,0.07692307692307693,0.20967741935483872,0.0,0.0,0.1935483870967742,0.5,0.23076923076923078,0.24193548387096775,0.5,0.46153846153846156,0.2903225806451613,margin
qwen38-27b,llama31-405b,truthfulqa,289,14,0.04844290657439446,327,0.12538226299694188,0.8818181818181818,0.6202597402597403,0.49324675324675327,0.8818181818181818,0.35714285714285715,0.35714285714285715,0.14067278287461774,0.20689655172413793,0.42857142857142855,0.1437308868501529,0.1896551724137931,0.7857142857142857,0.15902140672782875,0.07142857142857142,0.07142857142857142,0.12844036697247707,0.06896551724137931,0.14285714285714285,0.13149847094801223,0.08620689655172414,0.35714285714285715,0.14067278287461774,0.14285714285714285,0.14285714285714285,0.13149847094801223,0.06896551724137931,0.14285714285714285,0.13149847094801223,0.034482758620689655,0.14285714285714285,0.13149847094801223,0.35714285714285715,0.35714285714285715,0.14067278287461774,0.20689655172413793,0.42857142857142855,0.1437308868501529,0.1896551724137931,0.7857142857142857,0.15902140672782875,margin
qwen38-27b,llama31-70b,boolq,762,47,0.06167979002624672,475,0.10105263157894737,0.8219907751822646,0.5663740514804344,0.5980657640232108,0.8219907751822646,0.34210526315789475,0.2765957446808511,0.12842105263157894,0.2631578947368421,0.425531914893617,0.1431578947368421,0.18421052631578946,0.5957446808510638,0.16,0.05263157894736842,0.0425531914893617,0.10526315789473684,0.06578947368421052,0.10638297872340426,0.11157894736842106,0.06578947368421052,0.2127659574468085,0.12210526315789473,0.07894736842105263,0.06382978723404255,0.10736842105263159,0.09210526315789473,0.14893617021276595,0.11578947368421053,0.07236842105263158,0.23404255319148937,0.12421052631578948,0.34210526315789475,0.2765957446808511,0.12842105263157894,0.2631578947368421,0.425531914893617,0.1431578947368421,0.18421052631578946,0.5957446808510638,0.16,margin
qwen38-27b,llama31-70b,geometry_of_truth,992,10,0.010080645161290322,1000,0.007,0.9675152749490835,0.9182281059063137,0.4662932790224033,0.9675152749490835,0.16,0.8,0.015,0.09090909090909091,0.9,0.016,0.050505050505050504,1.0,0.017,0.1,0.5,0.012,0.06060606060606061,0.6,0.013,0.050505050505050504,1.0,0.017,0.04,0.2,0.009,0.020202020202020204,0.2,0.009,0.015151515151515152,0.3,0.01,0.16,0.8,0.015,0.09090909090909091,0.9,0.016,0.050505050505050504,1.0,0.017,margin
qwen38-27b,llama31-70b,rte,57,11,0.19298245614035087,62,0.27419354838709675,0.8932806324110671,0.6739130434782609,0.5118577075098814,0.8932806324110671,0.6666666666666666,0.18181818181818182,0.3064516129032258,0.6666666666666666,0.36363636363636365,0.3387096774193548,0.6363636363636364,0.6363636363636364,0.3870967741935484,0.0,0.0,0.27419354838709675,0.16666666666666666,0.09090909090909091,0.2903225806451613,0.36363636363636365,0.36363636363636365,0.3387096774193548,0.0,0.0,0.27419354838709675,0.16666666666666666,0.09090909090909091,0.2903225806451613,0.09090909090909091,0.09090909090909091,0.2903225806451613,0.6666666666666666,0.18181818181818182,0.3064516129032258,0.6666666666666666,0.36363636363636365,0.3387096774193548,0.6363636363636364,0.6363636363636364,0.3870967741935484,margin
qwen38-27b,llama31-70b,truthfulqa,290,18,0.06206896551724138,327,0.13761467889908258,0.8427287581699346,0.6815767973856208,0.41911764705882354,0.8427287581699346,0.21428571428571427,0.16666666666666666,0.14678899082568808,0.2413793103448276,0.3888888888888889,0.15902140672782875,0.1724137931034483,0.5555555555555556,0.16819571865443425,0.2857142857142857,0.2222222222222222,0.14984709480122324,0.1724137931034483,0.2777777777777778,0.1529051987767584,0.1206896551724138,0.3888888888888889,0.15902140672782875,0.07142857142857142,0.05555555555555555,0.14067278287461774,0.034482758620689655,0.05555555555555555,0.14067278287461774,0.017241379310344827,0.05555555555555555,0.14067278287461774,0.21428571428571427,0.16666666666666666,0.14678899082568808,0.2413793103448276,0.3888888888888889,0.15902140672782875,0.1724137931034483,0.5555555555555556,0.16819571865443425,margin
qwen38-27b,llama31-70b-base,boolq,724,43,0.05939226519337017,475,0.28421052631578947,0.7669296178670217,0.6042755182187618,0.45671550046101833,0.7669296178670217,0.1111111111111111,0.09302325581395349,0.2926315789473684,0.16666666666666666,0.27906976744186046,0.3094736842105263,0.13793103448275862,0.46511627906976744,0.3263157894736842,0.1111111111111111,0.09302325581395349,0.2926315789473684,0.09722222222222222,0.16279069767441862,0.29894736842105263,0.08275862068965517,0.27906976744186046,0.3094736842105263,0.027777777777777776,0.023255813953488372,0.2863157894736842,0.05555555555555555,0.09302325581395349,0.2926315789473684,0.05517241379310345,0.18604651162790697,0.30105263157894735,0.1111111111111111,0.09302325581395349,0.2926315789473684,0.16666666666666666,0.27906976744186046,0.3094736842105263,0.13793103448275862,0.46511627906976744,0.3263157894736842,margin
qwen38-27b,llama31-70b-base,geometry_of_truth,982,8,0.008146639511201629,1000,0.015,0.9706108829568789,0.9058008213552363,0.32636036960985626,0.9706108829568789,0.12244897959183673,0.75,0.021,0.08163265306122448,1.0,0.023,0.04081632653061224,1.0,0.023,0.061224489795918366,0.375,0.018,0.04081632653061224,0.5,0.019,0.03571428571428571,0.875,0.022,0.0,0.0,0.015,0.01020408163265306,0.125,0.016,0.01020408163265306,0.25,0.017,0.12244897959183673,0.75,0.021,0.08163265306122448,1.0,0.023,0.04081632653061224,1.0,0.023,margin
qwen38-27b,llama31-70b-base,rte,57,14,0.24561403508771928,62,0.3225806451612903,0.9235880398671097,0.5099667774086378,0.6495016611295681,0.9235880398671097,1.0,0.21428571428571427,0.3709677419354839,0.8333333333333334,0.35714285714285715,0.4032258064516129,0.7272727272727273,0.5714285714285714,0.45161290322580644,0.0,0.0,0.3225806451612903,0.0,0.0,0.3225806451612903,0.18181818181818182,0.14285714285714285,0.3548387096774194,0.6666666666666666,0.14285714285714285,0.3548387096774194,0.3333333333333333,0.14285714285714285,0.3548387096774194,0.2727272727272727,0.21428571428571427,0.3709677419354839,1.0,0.21428571428571427,0.3709677419354839,0.8333333333333334,0.35714285714285715,0.4032258064516129,0.7272727272727273,0.5714285714285714,0.45161290322580644,margin
qwen38-27b,llama31-70b-base,truthfulqa,268,23,0.08582089552238806,327,0.16819571865443425,0.869742679680568,0.7080745341614907,0.5119787045252884,0.869742679680568,0.46153846153846156,0.2608695652173913,0.18654434250764526,0.4444444444444444,0.5217391304347826,0.20489296636085627,0.2962962962962963,0.6956521739130435,0.21712538226299694,0.23076923076923078,0.13043478260869565,0.17737003058103976,0.2962962962962963,0.34782608695652173,0.1926605504587156,0.2037037037037037,0.4782608695652174,0.2018348623853211,0.15384615384615385,0.08695652173913043,0.1743119266055046,0.1111111111111111,0.13043478260869565,0.17737003058103976,0.09259259259259259,0.21739130434782608,0.1834862385321101,0.46153846153846156,0.2608695652173913,0.18654434250764526,0.4444444444444444,0.5217391304347826,0.20489296636085627,0.2962962962962963,0.6956521739130435,0.21712538226299694,margin
qwen38-27b,qwen3-32b,boolq,760,50,0.06578947368421052,475,0.12421052631578948,0.7383098591549296,0.5607042253521127,0.5688732394366198,0.7383098591549296,0.21052631578947367,0.16,0.14105263157894737,0.17105263157894737,0.26,0.15157894736842106,0.1513157894736842,0.46,0.1726315789473684,0.10526315789473684,0.08,0.13263157894736843,0.06578947368421052,0.1,0.13473684210526315,0.07894736842105263,0.24,0.14947368421052631,0.07894736842105263,0.06,0.13052631578947368,0.10526315789473684,0.16,0.14105263157894737,0.09868421052631579,0.3,0.15578947368421053,0.21052631578947367,0.16,0.14105263157894737,0.17105263157894737,0.26,0.15157894736842106,0.1513157894736842,0.46,0.1726315789473684,margin
qwen38-27b,qwen3-32b,geometry_of_truth,993,10,0.010070493454179255,1000,0.007,0.9544252288911496,0.930824008138352,0.5482197355035605,0.9544252288911496,0.14,0.7,0.014,0.0707070707070707,0.7,0.014,0.05025125628140704,1.0,0.017,0.08,0.4,0.011,0.0707070707070707,0.7,0.014,0.05025125628140704,1.0,0.017,0.0,0.0,0.007,0.020202020202020204,0.2,0.009,0.010050251256281407,0.2,0.009,0.14,0.7,0.014,0.0707070707070707,0.7,0.014,0.05025125628140704,1.0,0.017,margin
qwen38-27b,qwen3-32b,rte,62,15,0.24193548387096775,62,0.14516129032258066,0.899290780141844,0.6439716312056737,0.4482269503546099,0.899290780141844,1.0,0.2,0.1935483870967742,0.8333333333333334,0.3333333333333333,0.22580645161290322,0.6666666666666666,0.5333333333333333,0.27419354838709675,0.3333333333333333,0.06666666666666667,0.16129032258064516,0.5,0.2,0.1935483870967742,0.4166666666666667,0.3333333333333333,0.22580645161290322,0.0,0.0,0.14516129032258066,0.16666666666666666,0.06666666666666667,0.16129032258064516,0.16666666666666666,0.13333333333333333,0.1774193548387097,1.0,0.2,0.1935483870967742,0.8333333333333334,0.3333333333333333,0.22580645161290322,0.6666666666666666,0.5333333333333333,0.27419354838709675,margin
qwen38-27b,qwen3-32b,truthfulqa,285,12,0.042105263157894736,327,0.14678899082568808,0.8705738705738706,0.528998778998779,0.41697191697191704,0.8705738705738706,0.2857142857142857,0.3333333333333333,0.15902140672782875,0.25,0.5833333333333334,0.16819571865443425,0.15789473684210525,0.75,0.1743119266055046,0.0,0.0,0.14678899082568808,0.0,0.0,0.14678899082568808,0.017543859649122806,0.08333333333333333,0.14984709480122324,0.07142857142857142,0.08333333333333333,0.14984709480122324,0.07142857142857142,0.16666666666666666,0.1529051987767584,0.05263157894736842,0.25,0.1559633027522936,0.2857142857142857,0.3333333333333333,0.15902140672782875,0.25,0.5833333333333334,0.16819571865443425,0.15789473684210525,0.75,0.1743119266055046,margin
