overseer,target,held_out,n_pool_datasets,pos_rate_overseer,pos_rate_target,row2_fit_n,both_true_test_n,row2_test_n,base_rate,direction_auroc,shuffled_auroc,shuffled_sd,margin,router_coverage,n_false,prec_05,recall_05,caught_05,prec_10,recall_10,caught_10,prec_20,recall_20,caught_20
gemma2-9b,gemma4-12b,boolq,1,0.509683995922528,0.5825688073394495,28,347,28,0.08069164265129683,0.6892073443797582,0.49605351545006715,0.03217896210832187,0.19315382892969102,0.6042105263157894,475,0.23529411764705882,0.14285714285714285,0.6126315789473684,0.17142857142857143,0.21428571428571427,0.6168421052631579,0.17391304347826086,0.42857142857142855,0.6294736842105263
gemma2-9b,gemma4-12b,geometry_of_truth,1,0.5099403578528827,0.47879390324718357,3,505,3,0.005940594059405941,nan,nan,nan,nan,0.478,1000,nan,nan,nan,nan,nan,nan,nan,nan,nan
gemma2-9b,gemma4-12b,imdb,1,0.48433333333333334,0.5256666666666666,29,517,29,0.05609284332688588,0.8571933295647258,0.5143089315997739,0.04948064823917073,0.34288439796495196,0.5265225933202358,1018,0.34615384615384615,0.3103448275862069,0.5353634577603144,0.2692307692307692,0.4827586206896552,0.5402750491159135,0.20388349514563106,0.7241379310344828,0.5471512770137524
gemma2-9b,gemma4-12b,rte,1,0.5301204819277109,0.5602409638554217,11,32,11,0.34375,0.7532467532467533,0.525974025974026,0.13351662782070245,0.2272727272727273,0.5,62,0.5,0.09090909090909091,0.5161290322580645,0.6666666666666666,0.18181818181818182,0.532258064516129,0.5,0.2727272727272727,0.5483870967741935
gemma2-9b,gemma4-12b,truthfulqa,1,0.5275510204081633,0.5112244897959184,56,187,56,0.2994652406417112,0.6582606324972737,0.511041439476554,0.03469052418881346,0.14721919302071973,0.4525993883792049,327,0.4444444444444444,0.07142857142857142,0.4648318042813456,0.3684210526315789,0.125,0.4740061162079511,0.4594594594594595,0.30357142857142855,0.5045871559633027
gemma2-9b,gemma4-12b-base,boolq,1,0.509683995922528,0.5448521916411825,45,533,45,0.08442776735459662,0.7972677595628416,0.46815801457194894,0.09004318177030891,0.3291097449908926,0.24,475,0.4074074074074074,0.24444444444444444,0.2631578947368421,0.3584905660377358,0.4222222222222222,0.28,0.2523364485981308,0.6,0.2968421052631579
gemma2-9b,gemma4-12b-base,geometry_of_truth,1,0.5099403578528827,0.47746852220013253,11,890,11,0.012359550561797753,0.8961629951391042,0.47018823042713825,0.08190288452692318,0.425974764711966,0.081,1000,0.20454545454545456,0.8181818181818182,0.09,0.10112359550561797,0.8181818181818182,0.09,0.056179775280898875,0.9090909090909091,0.091
gemma2-9b,gemma4-12b-base,imdb,1,0.48433333333333334,0.38233333333333336,23,515,23,0.04466019417475728,0.8072640509013784,0.5142055496641923,0.11099545394889816,0.29305850123718613,0.26227897838899805,1018,0.3076923076923077,0.34782608695652173,0.27013752455795675,0.17307692307692307,0.391304347826087,0.27111984282907664,0.14563106796116504,0.6521739130434783,0.2770137524557957
gemma2-9b,gemma4-12b-base,rte,1,0.5301204819277109,0.6626506024096386,14,53,14,0.2641509433962264,0.9047619047619048,0.4908424908424909,0.08846362399804635,0.4139194139194139,0.3225806451612903,62,0.6666666666666666,0.14285714285714285,0.3548387096774194,0.8,0.2857142857142857,0.3870967741935484,0.7272727272727273,0.5714285714285714,0.45161290322580644
gemma2-9b,gemma4-12b-base,truthfulqa,1,0.5275510204081633,0.41020408163265304,34,172,34,0.19767441860465115,0.7120630861040069,0.46248934356351246,0.07578891792860652,0.24957374254049447,0.3669724770642202,327,0.2222222222222222,0.058823529411764705,0.3730886850152905,0.4117647058823529,0.20588235294117646,0.38837920489296635,0.38235294117647056,0.38235294117647056,0.40672782874617736
gemma2-9b,gemma4-31b,boolq,1,0.509683995922528,0.5428134556574924,37,463,37,0.07991360691144708,0.631582286511864,0.49227572643065604,0.04737395219642285,0.13930656008120795,0.28421052631578947,475,0.2608695652173913,0.16216216216216217,0.2968421052631579,0.1956521739130435,0.24324324324324326,0.3031578947368421,0.13978494623655913,0.35135135135135137,0.31157894736842107
gemma2-9b,gemma4-31b,geometry_of_truth,1,0.5099403578528827,0.48840291583830353,7,684,7,0.01023391812865497,0.7233593585144545,0.3746043469086305,0.11177624887577417,0.34875501160582406,0.321,1000,0.058823529411764705,0.2857142857142857,0.323,0.04411764705882353,0.42857142857142855,0.324,0.0364963503649635,0.7142857142857143,0.326
gemma2-9b,gemma4-31b,rte,1,0.5301204819277109,0.5180722891566265,11,37,11,0.2972972972972973,0.6923076923076923,0.4755244755244755,0.10292437782891625,0.21678321678321677,0.3387096774193548,62,1.0,0.18181818181818182,0.3709677419354839,0.5,0.18181818181818182,0.3709677419354839,0.42857142857142855,0.2727272727272727,0.3870967741935484
gemma2-9b,gemma4-31b,truthfulqa,1,0.5275510204081633,0.44387755102040816,37,173,37,0.2138728323699422,0.6782591414944357,0.5138116057233705,0.08924824122540184,0.1644475357710652,0.38837920489296635,327,0.1111111111111111,0.02702702702702703,0.39143730886850153,0.23529411764705882,0.10810810810810811,0.40061162079510704,0.3142857142857143,0.2972972972972973,0.42201834862385323
gemma2-9b,llama31-405b,boolq,1,0.509683995922528,0.4949031600407747,36,536,36,0.06716417910447761,0.8166666666666668,0.48891666666666667,0.06339707440576324,0.3277500000000001,0.1368421052631579,475,0.37037037037037035,0.2777777777777778,0.15789473684210525,0.3148148148148148,0.4722222222222222,0.1726315789473684,0.205607476635514,0.6111111111111112,0.1831578947368421
gemma2-9b,llama31-405b,geometry_of_truth,1,0.5099403578528827,0.5092776673293572,24,1015,24,0.023645320197044337,0.9431550622267071,0.5068007904473596,0.037856659961966715,0.4363542717793475,0.009,1000,0.27450980392156865,0.5833333333333334,0.023,0.21568627450980393,0.9166666666666666,0.031,0.10837438423645321,0.9166666666666666,0.031
gemma2-9b,llama31-405b,imdb,1,0.48433333333333334,0.5306666666666666,64,950,64,0.06736842105263158,0.9028992663656885,0.4875758323927765,0.023269542309272667,0.415323433972912,0.0550098231827112,1018,0.5833333333333334,0.4375,0.0825147347740668,0.4421052631578947,0.65625,0.0962671905697446,0.2894736842105263,0.859375,0.10903732809430255
gemma2-9b,llama31-405b,rte,1,0.5301204819277109,0.6506024096385542,14,56,14,0.25,0.8588435374149659,0.44940476190476186,0.12513225337367886,0.409438775510204,0.24193548387096775,62,0.6666666666666666,0.14285714285714285,0.27419354838709675,0.5,0.21428571428571427,0.2903225806451613,0.5454545454545454,0.42857142857142855,0.3387096774193548
gemma2-9b,llama31-405b,truthfulqa,1,0.5275510204081633,0.5561224489795918,39,269,39,0.1449814126394052,0.8054626532887402,0.5102564102564102,0.07927601214865523,0.29520624303233,0.29357798165137616,327,0.38461538461538464,0.1282051282051282,0.308868501529052,0.5185185185185185,0.358974358974359,0.3363914373088685,0.42592592592592593,0.5897435897435898,0.363914373088685
gemma2-9b,llama31-70b,boolq,1,0.509683995922528,0.5015290519877675,38,521,38,0.07293666026871401,0.8032036613272311,0.4639315680505611,0.03435046728837556,0.33927209327666996,0.1431578947368421,475,0.4230769230769231,0.2894736842105263,0.16631578947368422,0.34615384615384615,0.47368421052631576,0.18105263157894738,0.23076923076923078,0.631578947368421,0.1936842105263158
gemma2-9b,llama31-70b,geometry_of_truth,1,0.5099403578528827,0.5278330019880716,29,1019,29,0.02845927379784102,0.889063044235458,0.5758446534308603,0.06787817849319727,0.3132183908045977,0.033,1000,0.3137254901960784,0.5517241379310345,0.049,0.18627450980392157,0.6551724137931034,0.052,0.12745098039215685,0.896551724137931,0.059
gemma2-9b,llama31-70b,imdb,1,0.48433333333333334,0.49833333333333335,53,933,53,0.05680600214362272,0.8949185248713551,0.5186374356775301,0.026230169839931705,0.3762810891938251,0.03929273084479371,1018,0.425531914893617,0.37735849056603776,0.05893909626719057,0.3548387096774194,0.6226415094339622,0.07170923379174853,0.24064171122994651,0.8490566037735849,0.08349705304518663
gemma2-9b,llama31-70b,rte,1,0.5301204819277109,0.5903614457831325,14,57,14,0.24561403508771928,0.8571428571428572,0.5195182724252492,0.12275722220447881,0.33762458471760803,0.12903225806451613,62,1.0,0.21428571428571427,0.1774193548387097,1.0,0.42857142857142855,0.22580645161290322,0.7272727272727273,0.5714285714285714,0.25806451612903225
gemma2-9b,llama31-70b,truthfulqa,1,0.5275510204081633,0.5387755102040817,56,278,56,0.2014388489208633,0.7606981981981983,0.4513151544401544,0.03584139072991123,0.3093830437580439,0.21406727828746178,327,0.21428571428571427,0.05357142857142857,0.22324159021406728,0.2857142857142857,0.14285714285714285,0.23853211009174313,0.42857142857142855,0.42857142857142855,0.2874617737003058
gemma2-9b,llama31-70b-base,boolq,1,0.509683995922528,0.44495412844036697,32,420,32,0.0761904761904762,0.7351804123711341,0.4602931701030928,0.06976835561351877,0.2748872422680413,0.2505263157894737,475,0.3333333333333333,0.21875,0.26526315789473687,0.2619047619047619,0.34375,0.2736842105263158,0.15476190476190477,0.40625,0.27789473684210525
gemma2-9b,llama31-70b-base,geometry_of_truth,1,0.5099403578528827,0.5453943008614976,26,927,26,0.028047464940668825,0.8694612823358662,0.5106292154016904,0.07022629216089239,0.3588320669341758,0.163,1000,0.30434782608695654,0.5384615384615384,0.177,0.21505376344086022,0.7692307692307693,0.183,0.12432432432432433,0.8846153846153846,0.186
gemma2-9b,llama31-70b-base,imdb,1,0.48433333333333334,0.36133333333333334,33,532,33,0.06203007518796992,0.8444768324527844,0.4508258942126678,0.040410348897511834,0.3936509382401166,0.20039292730844793,1018,0.3333333333333333,0.2727272727272727,0.20923379174852652,0.2641509433962264,0.42424242424242425,0.21414538310412573,0.2169811320754717,0.696969696969697,0.22298624754420432
gemma2-9b,llama31-70b-base,rte,1,0.5301204819277109,0.6144578313253012,14,48,14,0.2916666666666667,0.8214285714285715,0.47478991596638653,0.06504128395131395,0.346638655462185,0.3064516129032258,62,1.0,0.14285714285714285,0.3387096774193548,1.0,0.35714285714285715,0.3870967741935484,0.8,0.5714285714285714,0.43548387096774194
gemma2-9b,llama31-70b-base,truthfulqa,1,0.5275510204081633,0.5163265306122449,48,230,48,0.20869565217391303,0.6707875457875458,0.4826865842490842,0.03433850105778734,0.18810096153846162,0.3119266055045872,327,0.3333333333333333,0.08333333333333333,0.3241590214067278,0.34782608695652173,0.16666666666666666,0.3363914373088685,0.3695652173913043,0.3541666666666667,0.363914373088685
gemma2-9b,qwen3-32b,boolq,1,0.509683995922528,0.5535168195718655,42,578,42,0.0726643598615917,0.7310767590618337,0.46003242714996445,0.03803603851702748,0.2710443319118692,0.1431578947368421,475,0.3448275862068966,0.23809523809523808,0.16421052631578947,0.29310344827586204,0.40476190476190477,0.17894736842105263,0.1810344827586207,0.5,0.18736842105263157
gemma2-9b,qwen3-32b,geometry_of_truth,1,0.5099403578528827,0.5165672630881378,27,1019,27,0.02649656526005888,0.8555854241338112,0.47251157407407407,0.08821202509197627,0.38307385005973715,0.014,1000,0.3137254901960784,0.5925925925925926,0.03,0.21568627450980393,0.8148148148148148,0.036,0.11274509803921569,0.8518518518518519,0.037
gemma2-9b,qwen3-32b,imdb,1,0.48433333333333334,0.5196666666666667,67,949,67,0.07060063224446786,0.8880597014925373,0.4880021660405456,0.01978047148515734,0.40005753545199174,0.05304518664047151,1018,0.5531914893617021,0.3880597014925373,0.07858546168958742,0.3894736842105263,0.5522388059701493,0.0893909626719057,0.26842105263157895,0.7611940298507462,0.1031434184675835
gemma2-9b,qwen3-32b,rte,1,0.5301204819277109,0.6445783132530121,13,56,13,0.23214285714285715,0.8926654740608229,0.48255813953488375,0.11673486421517021,0.4101073345259391,0.20967741935483872,62,1.0,0.23076923076923078,0.25806451612903225,0.8333333333333334,0.38461538461538464,0.2903225806451613,0.8181818181818182,0.6923076923076923,0.3548387096774194
gemma2-9b,qwen3-32b,truthfulqa,1,0.5275510204081633,0.5540816326530612,76,291,76,0.2611683848797251,0.7075887392900856,0.48167074663402687,0.03388990235038738,0.22591799265605872,0.14678899082568808,327,0.4,0.07894736842105263,0.1651376146788991,0.4482758620689655,0.17105263157894737,0.18654434250764526,0.4827586206896552,0.3684210526315789,0.2324159021406728
gemma2-9b,qwen38-27b,boolq,1,0.509683995922528,0.5764525993883792,31,568,31,0.05457746478873239,0.7464408001441702,0.48706974229590916,0.08801883407200797,0.2593710578482611,0.15157894736842106,475,0.25,0.22580645161290322,0.16631578947368422,0.24561403508771928,0.45161290322580644,0.18105263157894738,0.15789473684210525,0.5806451612903226,0.18947368421052632
gemma2-9b,qwen38-27b,geometry_of_truth,1,0.5099403578528827,0.5152418820410868,26,1017,26,0.025565388397246803,0.8743305130792518,0.49379026624233485,0.051110666125099354,0.38054024683691695,0.016,1000,0.2549019607843137,0.5,0.029,0.20588235294117646,0.8076923076923077,0.037,0.11330049261083744,0.8846153846153846,0.039
gemma2-9b,qwen38-27b,rte,1,0.5301204819277109,0.6506024096385542,13,56,13,0.23214285714285715,0.9534883720930233,0.4271019677996422,0.14640322121221727,0.526386404293381,0.24193548387096775,62,1.0,0.23076923076923078,0.2903225806451613,1.0,0.46153846153846156,0.3387096774193548,0.9090909090909091,0.7692307692307693,0.4032258064516129
gemma2-9b,qwen38-27b,truthfulqa,1,0.5275510204081633,0.5438775510204081,61,268,61,0.22761194029850745,0.6935930941633008,0.45295794725588023,0.024567198028802313,0.2406351469074206,0.21406727828746178,327,0.46153846153846156,0.09836065573770492,0.2324159021406728,0.4074074074074074,0.18032786885245902,0.24770642201834864,0.3888888888888889,0.3442622950819672,0.2782874617737003
gemma4-12b,gemma4-12b-base,boolq,1,0.5825688073394495,0.5448521916411825,65,393,65,0.16539440203562342,0.6892120075046905,0.48413461538461544,0.0636235672905872,0.20507739212007503,0.5747368421052632,475,0.5,0.15384615384615385,0.5957894736842105,0.358974358974359,0.2153846153846154,0.6042105263157894,0.31645569620253167,0.38461538461538464,0.6273684210526316
gemma4-12b,gemma4-12b-base,geometry_of_truth,1,0.47879390324718357,0.47746852220013253,15,479,15,0.031315240083507306,0.9941091954022989,0.40567528735632186,0.04633732066735919,0.5884339080459771,0.495,1000,0.5416666666666666,0.8666666666666667,0.508,0.3125,1.0,0.51,0.15625,1.0,0.51
gemma4-12b,gemma4-12b-base,imdb,1,0.5256666666666666,0.38233333333333336,178,537,178,0.33147113594040967,0.9640230352727615,0.47649525836437046,0.029534519914641146,0.487527776908391,0.3880157170923379,1018,1.0,0.15168539325842698,0.41453831041257366,1.0,0.30337078651685395,0.44106090373280943,0.9906542056074766,0.5955056179775281,0.49214145383104124
gemma4-12b,gemma4-12b-base,rte,1,0.5602409638554217,0.6626506024096386,19,40,19,0.475,0.6165413533834587,0.5426065162907269,0.104070399483682,0.07393483709273185,0.5,62,0.5,0.05263157894736842,0.5161290322580645,0.75,0.15789473684210525,0.5483870967741935,0.75,0.3157894736842105,0.5967741935483871
gemma4-12b,gemma4-12b-base,truthfulqa,1,0.5112244897959184,0.41020408163265304,56,167,56,0.33532934131736525,0.625965250965251,0.46484877734877733,0.07153298244694023,0.1611164736164737,0.42813455657492355,327,0.0,0.0,0.42813455657492355,0.17647058823529413,0.05357142857142857,0.43730886850152906,0.3333333333333333,0.19642857142857142,0.4617737003058104
gemma4-12b,gemma4-31b,boolq,1,0.5825688073394495,0.5428134556574924,73,441,73,0.1655328798185941,0.6326310303752234,0.4988925699821322,0.04205311457714378,0.13373846039309117,0.5515789473684211,475,0.36363636363636365,0.1095890410958904,0.5684210526315789,0.3181818181818182,0.1917808219178082,0.5810526315789474,0.2840909090909091,0.3424657534246575,0.6042105263157894
gemma4-12b,gemma4-31b,geometry_of_truth,1,0.47879390324718357,0.48840291583830353,142,529,142,0.2684310018903592,0.9319430796666303,0.49282126869745607,0.03005222015313718,0.4391218109691742,0.473,1000,0.9230769230769231,0.16901408450704225,0.497,0.9433962264150944,0.352112676056338,0.523,0.8962264150943396,0.6690140845070423,0.568
gemma4-12b,gemma4-31b,rte,1,0.5602409638554217,0.5180722891566265,17,32,17,0.53125,0.3411764705882353,0.36764705882352944,0.03640675417181794,-0.026470588235294135,0.4838709677419355,62,0.0,0.0,0.4838709677419355,0.0,0.0,0.4838709677419355,0.3333333333333333,0.11764705882352941,0.5161290322580645
gemma4-12b,gemma4-31b,truthfulqa,1,0.5112244897959184,0.44387755102040816,46,143,46,0.32167832167832167,0.7333034513671,0.44178619453160023,0.041685455856471376,0.2915172568354997,0.5290519877675841,327,0.5714285714285714,0.08695652173913043,0.5412844036697247,0.5,0.15217391304347827,0.5504587155963303,0.5862068965517241,0.3695652173913043,0.581039755351682
gemma4-12b,llama31-405b,boolq,1,0.5825688073394495,0.4949031600407747,16,301,16,0.053156146179401995,0.7951754385964912,0.46617324561403517,0.07925718554822946,0.32900219298245603,0.64,475,0.2,0.1875,0.6463157894736842,0.26666666666666666,0.5,0.6568421052631579,0.15,0.5625,0.6589473684210526
gemma4-12b,llama31-405b,geometry_of_truth,1,0.47879390324718357,0.5092776673293572,3,508,3,0.005905511811023622,nan,nan,nan,nan,0.473,1000,nan,nan,nan,nan,nan,nan,nan,nan,nan
gemma4-12b,llama31-405b,imdb,1,0.5256666666666666,0.5306666666666666,46,562,46,0.08185053380782918,0.8849427030670711,0.5136712167172228,0.08528870981220453,0.3712714863498483,0.5206286836935167,1018,0.5714285714285714,0.34782608695652173,0.5363457760314342,0.4642857142857143,0.5652173913043478,0.5461689587426326,0.32142857142857145,0.782608695652174,0.555992141453831
gemma4-12b,llama31-405b,rte,1,0.5602409638554217,0.6506024096385542,15,38,15,0.39473684210526316,0.8028985507246377,0.5536231884057972,0.05229454652947452,0.2492753623188405,0.5483870967741935,62,1.0,0.13333333333333333,0.5806451612903226,0.75,0.2,0.5967741935483871,0.75,0.4,0.6451612903225806
gemma4-12b,llama31-405b,truthfulqa,1,0.5112244897959184,0.5561224489795918,41,193,41,0.21243523316062177,0.779043645699615,0.4874839537869063,0.08311868683447445,0.29155969191270875,0.47706422018348627,327,0.7,0.17073170731707318,0.4984709480122324,0.6842105263157895,0.3170731707317073,0.5168195718654435,0.5641025641025641,0.5365853658536586,0.5443425076452599
gemma4-12b,llama31-70b,boolq,1,0.5825688073394495,0.5015290519877675,21,315,21,0.06666666666666667,0.7617427923550372,0.5085843861354066,0.0874591325711561,0.2531584062196306,0.6336842105263157,475,0.3125,0.23809523809523808,0.6442105263157895,0.28125,0.42857142857142855,0.6526315789473685,0.15873015873015872,0.47619047619047616,0.6547368421052632
gemma4-12b,llama31-70b,geometry_of_truth,1,0.47879390324718357,0.5278330019880716,9,515,9,0.017475728155339806,0.8939393939393938,0.4937966622749231,0.11639222101708599,0.40014273166447073,0.495,1000,0.3076923076923077,0.8888888888888888,0.503,0.15384615384615385,0.8888888888888888,0.503,0.07766990291262135,0.8888888888888888,0.503
gemma4-12b,llama31-70b,imdb,1,0.5256666666666666,0.49833333333333335,28,530,28,0.052830188679245285,0.8688104723961299,0.4613688104723961,0.1118350570329433,0.40744166192373377,0.518664047151277,1018,0.3076923076923077,0.2857142857142857,0.5265225933202358,0.3018867924528302,0.5714285714285714,0.5343811394891945,0.1792452830188679,0.6785714285714286,0.537328094302554
gemma4-12b,llama31-70b,rte,1,0.5602409638554217,0.5903614457831325,13,36,13,0.3611111111111111,0.7892976588628762,0.42558528428093645,0.12494615791005134,0.3637123745819397,0.5,62,0.5,0.07692307692307693,0.5161290322580645,0.75,0.23076923076923078,0.5483870967741935,0.7142857142857143,0.38461538461538464,0.5806451612903226
gemma4-12b,llama31-70b,truthfulqa,1,0.5112244897959184,0.5387755102040817,45,185,45,0.24324324324324326,0.7376190476190476,0.5357539682539683,0.06218590766904368,0.20186507936507936,0.47706422018348627,327,0.5555555555555556,0.1111111111111111,0.4923547400611621,0.3888888888888889,0.15555555555555556,0.4984709480122324,0.43243243243243246,0.35555555555555557,0.5259938837920489
gemma4-12b,llama31-70b-base,boolq,1,0.5825688073394495,0.44495412844036697,47,277,47,0.16967509025270758,0.6950971322849214,0.47967160037002776,0.06263195799414757,0.21542553191489366,0.6063157894736843,475,0.42857142857142855,0.1276595744680851,0.6189473684210526,0.42857142857142855,0.2553191489361702,0.631578947368421,0.4,0.46808510638297873,0.6526315789473685
gemma4-12b,llama31-70b-base,geometry_of_truth,1,0.47879390324718357,0.5453943008614976,43,485,43,0.088659793814433,0.9969483321056509,0.5199147637588131,0.04481971178516059,0.47703356834683786,0.551,1000,0.9583333333333334,0.5348837209302325,0.574,0.8541666666666666,0.9534883720930233,0.592,0.44329896907216493,1.0,0.594
gemma4-12b,llama31-70b-base,imdb,1,0.5256666666666666,0.36133333333333334,105,435,105,0.2413793103448276,0.9330735930735932,0.48968975468975473,0.013870214765554181,0.44338383838383844,0.48919449901768175,1018,0.9090909090909091,0.19047619047619047,0.5088408644400786,0.9318181818181818,0.3904761904761905,0.5294695481335953,0.7931034482758621,0.6571428571428571,0.5569744597249509
gemma4-12b,llama31-70b-base,rte,1,0.5602409638554217,0.6144578313253012,17,34,17,0.5,0.5363321799307958,0.6185121107266436,0.12344202757668923,-0.08217993079584773,0.5483870967741935,62,0.0,0.0,0.5483870967741935,0.3333333333333333,0.058823529411764705,0.5645161290322581,0.5714285714285714,0.23529411764705882,0.6129032258064516
gemma4-12b,llama31-70b-base,truthfulqa,1,0.5112244897959184,0.5163265306122449,57,186,57,0.3064516129032258,0.5407316741466068,0.4678362573099415,0.060969239029139685,0.07289541683666534,0.4525993883792049,327,0.1111111111111111,0.017543859649122806,0.45565749235474007,0.21052631578947367,0.07017543859649122,0.4648318042813456,0.21621621621621623,0.14035087719298245,0.47706422018348627
gemma4-12b,qwen3-32b,boolq,1,0.5825688073394495,0.5535168195718655,32,378,32,0.08465608465608465,0.6944544797687862,0.47215950144508667,0.04640541252010541,0.2222949783236995,0.6042105263157894,475,0.21052631578947367,0.125,0.6126315789473684,0.2894736842105263,0.34375,0.6273684210526316,0.18421052631578946,0.4375,0.6336842105263157
gemma4-12b,qwen3-32b,geometry_of_truth,1,0.47879390324718357,0.5165672630881378,4,511,4,0.007827788649706457,nan,nan,nan,nan,0.482,1000,nan,nan,nan,nan,nan,nan,nan,nan,nan
gemma4-12b,qwen3-32b,imdb,1,0.5256666666666666,0.5196666666666667,43,547,43,0.07861060329067641,0.8828442229605021,0.457156699889258,0.05184227629648984,0.42568752307124413,0.5304518664047151,1018,0.5925925925925926,0.37209302325581395,0.5461689587426326,0.41818181818181815,0.5348837209302325,0.5530451866404715,0.29357798165137616,0.7441860465116279,0.5618860510805501
gemma4-12b,qwen3-32b,rte,1,0.5602409638554217,0.6445783132530121,15,39,15,0.38461538461538464,0.9166666666666665,0.46805555555555556,0.10505179498528155,0.44861111111111096,0.4838709677419355,62,1.0,0.13333333333333333,0.5161290322580645,1.0,0.26666666666666666,0.5483870967741935,1.0,0.5333333333333333,0.6129032258064516
gemma4-12b,qwen3-32b,truthfulqa,1,0.5112244897959184,0.5540816326530612,56,193,56,0.29015544041450775,0.6188738269030241,0.5152828467153283,0.06634549530415891,0.10359098018769575,0.4648318042813456,327,0.3,0.05357142857142857,0.4740061162079511,0.3684210526315789,0.125,0.48623853211009177,0.41025641025641024,0.2857142857142857,0.5137614678899083
gemma4-12b,qwen38-27b,boolq,1,0.5825688073394495,0.5764525993883792,29,423,29,0.06855791962174941,0.6928934010152284,0.5089051286539472,0.06892133716069138,0.18398827236128124,0.5789473684210527,475,0.23809523809523808,0.1724137931034483,0.5894736842105263,0.23809523809523808,0.3448275862068966,0.6,0.12941176470588237,0.3793103448275862,0.6021052631578947
gemma4-12b,qwen38-27b,geometry_of_truth,1,0.47879390324718357,0.5152418820410868,7,511,7,0.0136986301369863,0.8078231292517006,0.49433106575963714,0.14860530204293013,0.3134920634920635,0.476,1000,0.11538461538461539,0.42857142857142855,0.479,0.09803921568627451,0.7142857142857143,0.481,0.058823529411764705,0.8571428571428571,0.482
gemma4-12b,qwen38-27b,rte,1,0.5602409638554217,0.6506024096385542,13,36,13,0.3611111111111111,0.7892976588628763,0.42642140468227424,0.12789089501671502,0.36287625418060204,0.5806451612903226,62,1.0,0.15384615384615385,0.6129032258064516,0.5,0.15384615384615385,0.6129032258064516,0.7142857142857143,0.38461538461538464,0.6612903225806451
gemma4-12b,qwen38-27b,truthfulqa,1,0.5112244897959184,0.5438775510204081,61,208,61,0.2932692307692308,0.5290509646481544,0.4943682390989182,0.05761150458231811,0.03468272554923618,0.40978593272171254,327,0.2,0.03278688524590164,0.41590214067278286,0.19047619047619047,0.06557377049180328,0.42201834862385323,0.23809523809523808,0.16393442622950818,0.44036697247706424
gemma4-12b-base,gemma4-12b,boolq,1,0.5448521916411825,0.5825688073394495,65,393,65,0.16539440203562342,0.6892120075046905,0.48413461538461544,0.0636235672905872,0.20507739212007503,0.5747368421052632,475,0.5,0.15384615384615385,0.5957894736842105,0.358974358974359,0.2153846153846154,0.6042105263157894,0.31645569620253167,0.38461538461538464,0.6273684210526316
gemma4-12b-base,gemma4-12b,geometry_of_truth,1,0.47746852220013253,0.47879390324718357,15,479,15,0.031315240083507306,0.9942528735632183,0.39942528735632177,0.04462508139395781,0.5948275862068966,0.495,1000,0.5416666666666666,0.8666666666666667,0.508,0.3125,1.0,0.51,0.15625,1.0,0.51
gemma4-12b-base,gemma4-12b,imdb,1,0.38233333333333336,0.5256666666666666,178,537,178,0.33147113594040967,0.9640230352727615,0.47712512910394045,0.02996136675844312,0.486897906168821,0.3880157170923379,1018,1.0,0.15168539325842698,0.41453831041257366,1.0,0.30337078651685395,0.44106090373280943,0.9906542056074766,0.5955056179775281,0.49214145383104124
gemma4-12b-base,gemma4-12b,rte,1,0.6626506024096386,0.5602409638554217,19,40,19,0.475,0.6165413533834587,0.5426065162907269,0.104070399483682,0.07393483709273185,0.5,62,0.5,0.05263157894736842,0.5161290322580645,0.75,0.15789473684210525,0.5483870967741935,0.75,0.3157894736842105,0.5967741935483871
gemma4-12b-base,gemma4-12b,truthfulqa,1,0.41020408163265304,0.5112244897959184,56,167,56,0.33532934131736525,0.625965250965251,0.46484877734877733,0.07153298244694023,0.1611164736164737,0.42813455657492355,327,0.0,0.0,0.42813455657492355,0.17647058823529413,0.05357142857142857,0.43730886850152906,0.3333333333333333,0.19642857142857142,0.4617737003058104
gemma4-12b-base,gemma4-31b,boolq,1,0.5448521916411825,0.5428134556574924,55,463,55,0.11879049676025918,0.6759803921568628,0.5780860071301248,0.025380780725977225,0.09789438502673797,0.33473684210526317,475,0.34782608695652173,0.14545454545454545,0.35157894736842105,0.32608695652173914,0.2727272727272727,0.3663157894736842,0.25806451612903225,0.43636363636363634,0.38526315789473686
gemma4-12b-base,gemma4-31b,geometry_of_truth,1,0.47746852220013253,0.48840291583830353,9,650,9,0.013846153846153847,0.892702374761657,0.5306378921823539,0.098269819697444,0.3620644825793031,0.358,1000,0.25,0.8888888888888888,0.366,0.12307692307692308,0.8888888888888888,0.366,0.06153846153846154,0.8888888888888888,0.366
gemma4-12b-base,gemma4-31b,rte,1,0.6626506024096386,0.5180722891566265,14,40,14,0.35,0.6840659340659341,0.44505494505494503,0.0508056099145795,0.23901098901098905,0.5,62,0.5,0.07142857142857142,0.5161290322580645,0.75,0.21428571428571427,0.5483870967741935,0.5,0.2857142857142857,0.5645161290322581
gemma4-12b-base,gemma4-31b,truthfulqa,1,0.41020408163265304,0.44387755102040816,26,145,26,0.1793103448275862,0.6147382029734971,0.4810116354234001,0.057298897748168987,0.13372656755009704,0.43119266055045874,327,0.14285714285714285,0.038461538461538464,0.43425076452599387,0.14285714285714285,0.07692307692307693,0.43730886850152906,0.27586206896551724,0.3076923076923077,0.45565749235474007
gemma4-12b-base,llama31-405b,boolq,1,0.5448521916411825,0.4949031600407747,33,513,33,0.06432748538011696,0.8161616161616161,0.5204703282828282,0.06224242235665542,0.29569128787878785,0.27578947368421053,475,0.38461538461538464,0.30303030303030304,0.2968421052631579,0.29411764705882354,0.45454545454545453,0.30736842105263157,0.1941747572815534,0.6060606060606061,0.3178947368421053
gemma4-12b-base,llama31-405b,geometry_of_truth,1,0.47746852220013253,0.5092776673293572,9,888,9,0.010135135135135136,0.9030463911009987,0.40023385159903924,0.06588473612034536,0.5028125395019595,0.08,1000,0.13636363636363635,0.6666666666666666,0.086,0.07865168539325842,0.7777777777777778,0.087,0.03932584269662921,0.7777777777777778,0.087
gemma4-12b-base,llama31-405b,imdb,1,0.38233333333333336,0.5306666666666666,35,556,35,0.06294964028776978,0.8229777899643543,0.47452700850013707,0.03969119576894873,0.34845078146421726,0.26620825147347743,1018,0.42857142857142855,0.34285714285714286,0.2779960707269155,0.35714285714285715,0.5714285714285714,0.28585461689587427,0.2072072072072072,0.6571428571428571,0.2888015717092338
gemma4-12b-base,llama31-405b,rte,1,0.6626506024096386,0.6506024096385542,21,61,21,0.3442622950819672,0.8071428571428572,0.5619047619047619,0.1316754926861854,0.24523809523809526,0.27419354838709675,62,1.0,0.14285714285714285,0.3225806451612903,0.6666666666666666,0.19047619047619047,0.3387096774193548,0.6666666666666666,0.38095238095238093,0.4032258064516129
gemma4-12b-base,llama31-405b,truthfulqa,1,0.41020408163265304,0.5561224489795918,26,185,26,0.14054054054054055,0.7701983551040155,0.4317851959361393,0.0981788304342854,0.3384131591678762,0.3486238532110092,327,0.4444444444444444,0.15384615384615385,0.36085626911314983,0.4444444444444444,0.3076923076923077,0.3730886850152905,0.2702702702702703,0.38461538461538464,0.37920489296636084
gemma4-12b-base,llama31-70b,boolq,1,0.5448521916411825,0.5015290519877675,41,509,41,0.08055009823182711,0.7591723994163019,0.4735251198665833,0.06718918722450591,0.2856472795497186,0.25684210526315787,475,0.32,0.1951219512195122,0.2736842105263158,0.23529411764705882,0.2926829268292683,0.28210526315789475,0.20588235294117646,0.5121951219512195,0.30105263157894735
gemma4-12b-base,llama31-70b,geometry_of_truth,1,0.47746852220013253,0.5278330019880716,25,907,25,0.027563395810363836,0.9912925170068027,0.5148299319727891,0.03585622731239543,0.4764625850340135,0.082,1000,0.4666666666666667,0.84,0.103,0.26373626373626374,0.96,0.106,0.13812154696132597,1.0,0.107
gemma4-12b-base,llama31-70b,imdb,1,0.38233333333333336,0.49833333333333335,23,535,23,0.04299065420560748,0.8042629076086956,0.45021654211956524,0.026987205620157936,0.3540463654891303,0.25245579567779963,1018,0.2222222222222222,0.2608695652173913,0.2583497053045187,0.2037037037037037,0.4782608695652174,0.2632612966601179,0.14953271028037382,0.6956521739130435,0.2681728880157171
gemma4-12b-base,llama31-70b,rte,1,0.6626506024096386,0.5903614457831325,18,59,18,0.3050847457627119,0.8360433604336044,0.48915989159891604,0.08856959807512742,0.34688346883468835,0.25806451612903225,62,1.0,0.16666666666666666,0.3064516129032258,0.8333333333333334,0.2777777777777778,0.3387096774193548,0.75,0.5,0.4032258064516129
gemma4-12b-base,llama31-70b,truthfulqa,1,0.41020408163265304,0.5387755102040817,38,194,38,0.1958762886597938,0.7687246963562753,0.5182607962213226,0.06377426039365681,0.2504639001349527,0.2996941896024465,327,0.6,0.15789473684210525,0.3180428134556575,0.3684210526315789,0.18421052631578946,0.3211009174311927,0.38461538461538464,0.39473684210526316,0.345565749235474
gemma4-12b-base,llama31-70b-base,boolq,1,0.5448521916411825,0.44495412844036697,53,429,53,0.12354312354312354,0.697260136491369,0.4809940786832597,0.05575166655610363,0.21626605780810926,0.28842105263157897,475,0.38095238095238093,0.1509433962264151,0.30526315789473685,0.32558139534883723,0.2641509433962264,0.3178947368421053,0.26744186046511625,0.4339622641509434,0.3368421052631579
gemma4-12b-base,llama31-70b-base,geometry_of_truth,1,0.47746852220013253,0.5453943008614976,48,854,48,0.05620608899297424,0.9185018610421838,0.5176863626964433,0.06378592125222608,0.4008154983457405,0.16,1000,0.9534883720930233,0.8541666666666666,0.201,0.5058823529411764,0.8958333333333334,0.203,0.2573099415204678,0.9166666666666666,0.204
gemma4-12b-base,llama31-70b-base,imdb,1,0.38233333333333336,0.36133333333333334,55,389,55,0.14138817480719795,0.9446379967338052,0.5439711486118671,0.020697049362395466,0.4006668481219381,0.3113948919449902,1018,0.9473684210526315,0.32727272727272727,0.3290766208251473,0.8205128205128205,0.5818181818181818,0.3428290766208251,0.5897435897435898,0.8363636363636363,0.3565815324165029
gemma4-12b-base,llama31-70b-base,rte,1,0.6626506024096386,0.6144578313253012,22,56,22,0.39285714285714285,0.7219251336898396,0.48462566844919786,0.1710224366139958,0.23729946524064172,0.3064516129032258,62,1.0,0.13636363636363635,0.3548387096774194,0.6666666666666666,0.18181818181818182,0.3709677419354839,0.5454545454545454,0.2727272727272727,0.4032258064516129
gemma4-12b-base,llama31-70b-base,truthfulqa,1,0.41020408163265304,0.5163265306122449,45,198,45,0.22727272727272727,0.6264342774146695,0.5049019607843137,0.05626264111339057,0.1215323166303558,0.3058103975535168,327,0.2,0.044444444444444446,0.3119266055045872,0.2,0.08888888888888889,0.3180428134556575,0.275,0.24444444444444444,0.3394495412844037
gemma4-12b-base,qwen3-32b,boolq,1,0.5448521916411825,0.5535168195718655,39,547,39,0.0712979890310786,0.6944780940843933,0.4767060367454068,0.03203099642455323,0.21777205733898652,0.28210526315789475,475,0.25925925925925924,0.1794871794871795,0.2968421052631579,0.18181818181818182,0.2564102564102564,0.3031578947368421,0.14678899082568808,0.41025641025641024,0.3157894736842105
gemma4-12b-base,qwen3-32b,geometry_of_truth,1,0.47746852220013253,0.5165672630881378,15,899,15,0.01668520578420467,0.9377828054298643,0.46555429864253395,0.10431240189295801,0.4722285067873303,0.079,1000,0.26666666666666666,0.8,0.091,0.13333333333333333,0.8,0.091,0.07777777777777778,0.9333333333333333,0.093
gemma4-12b-base,qwen3-32b,imdb,1,0.38233333333333336,0.5196666666666667,36,543,36,0.06629834254143646,0.8557966250273943,0.5277229892614508,0.04104451633210759,0.3280736357659435,0.2681728880157171,1018,0.5185185185185185,0.3888888888888889,0.2819253438113949,0.35185185185185186,0.5277777777777778,0.2868369351669941,0.22018348623853212,0.6666666666666666,0.2917485265225933
gemma4-12b-base,qwen3-32b,rte,1,0.6626506024096386,0.6445783132530121,19,60,19,0.31666666666666665,0.9101412066752247,0.41399229781771496,0.12005999248512379,0.49614890885750973,0.27419354838709675,62,1.0,0.15789473684210525,0.3225806451612903,1.0,0.3157894736842105,0.3709677419354839,1.0,0.631578947368421,0.46774193548387094
gemma4-12b-base,qwen3-32b,truthfulqa,1,0.41020408163265304,0.5540816326530612,36,173,36,0.20809248554913296,0.6976885644768857,0.463706407137064,0.07811389009691264,0.23398215733982164,0.3669724770642202,327,0.5555555555555556,0.1388888888888889,0.382262996941896,0.35294117647058826,0.16666666666666666,0.3853211009174312,0.42857142857142855,0.4166666666666667,0.41284403669724773
gemma4-12b-base,qwen38-27b,boolq,1,0.5448521916411825,0.5764525993883792,30,543,30,0.055248618784530384,0.7784275503573749,0.5199155295646524,0.06998150983020006,0.2585120207927225,0.28210526315789475,475,0.18518518518518517,0.16666666666666666,0.2926315789473684,0.16666666666666666,0.3,0.30105263157894735,0.1559633027522936,0.5666666666666667,0.3178947368421053
gemma4-12b-base,qwen38-27b,geometry_of_truth,1,0.47746852220013253,0.5152418820410868,11,896,11,0.012276785714285714,0.8560862865947612,0.4091165896250642,0.053974954232288715,0.44696969696969696,0.087,1000,0.17777777777777778,0.7272727272727273,0.095,0.1,0.8181818181818182,0.096,0.05027932960893855,0.8181818181818182,0.096
gemma4-12b-base,qwen38-27b,rte,1,0.6626506024096386,0.6506024096385542,20,61,20,0.32786885245901637,0.9378048780487804,0.42378048780487804,0.1260190466515947,0.5140243902439023,0.27419354838709675,62,1.0,0.15,0.3225806451612903,1.0,0.3,0.3709677419354839,0.9166666666666666,0.55,0.45161290322580644
gemma4-12b-base,qwen38-27b,truthfulqa,1,0.41020408163265304,0.5438775510204081,39,193,39,0.20207253886010362,0.6538461538461539,0.49679487179487175,0.050363393409669346,0.1570512820512821,0.3241590214067278,327,0.2,0.05128205128205128,0.3302752293577982,0.2631578947368421,0.1282051282051282,0.3394495412844037,0.2564102564102564,0.2564102564102564,0.3547400611620795
gemma4-31b,llama31-405b,boolq,1,0.5428134556574924,0.4949031600407747,30,438,30,0.0684931506849315,0.7530228758169935,0.5405433006535948,0.029347945864675557,0.21247957516339866,0.29894736842105263,475,0.3181818181818182,0.23333333333333334,0.3136842105263158,0.2727272727272727,0.4,0.32421052631578945,0.1590909090909091,0.4666666666666667,0.32842105263157895
gemma4-31b,llama31-405b,geometry_of_truth,1,0.48840291583830353,0.5092776673293572,5,682,5,0.007331378299120235,0.7763663220088627,0.4589364844903988,0.1392892666216535,0.3174298375184639,0.32,1000,0.08823529411764706,0.6,0.323,0.058823529411764705,0.8,0.324,0.029411764705882353,0.8,0.324
gemma4-31b,llama31-405b,rte,1,0.5180722891566265,0.6506024096385542,15,44,15,0.3409090909090909,0.7954022988505747,0.4545977011494252,0.04196189502591221,0.34080459770114946,0.3870967741935484,62,0.5,0.06666666666666667,0.4032258064516129,0.75,0.2,0.43548387096774194,0.5555555555555556,0.3333333333333333,0.46774193548387094
gemma4-31b,llama31-405b,truthfulqa,1,0.44387755102040816,0.5561224489795918,19,188,19,0.10106382978723404,0.7829336655247586,0.4538305823730925,0.0719787447276783,0.32910308315166614,0.43119266055045874,327,0.1111111111111111,0.05263157894736842,0.43425076452599387,0.21052631578947367,0.21052631578947367,0.4434250764525994,0.23684210526315788,0.47368421052631576,0.45871559633027525
gemma4-31b,llama31-70b,boolq,1,0.5428134556574924,0.5015290519877675,33,444,33,0.07432432432432433,0.7960628179606283,0.46704268967042695,0.022146048737306943,0.32902012829020133,0.30105263157894735,475,0.4090909090909091,0.2727272727272727,0.32,0.25,0.3333333333333333,0.32421052631578945,0.21348314606741572,0.5757575757575758,0.3410526315789474
gemma4-31b,llama31-70b,geometry_of_truth,1,0.48840291583830353,0.5278330019880716,10,685,10,0.014598540145985401,0.9835555555555556,0.4681481481481481,0.04073764297987252,0.5154074074074075,0.344,1000,0.23529411764705882,0.8,0.352,0.14705882352941177,1.0,0.354,0.072992700729927,1.0,0.354
gemma4-31b,llama31-70b,rte,1,0.5180722891566265,0.5903614457831325,12,40,12,0.3,0.6488095238095238,0.40104166666666663,0.10432333032044969,0.2477678571428572,0.3709677419354839,62,1.0,0.16666666666666666,0.4032258064516129,0.75,0.25,0.41935483870967744,0.5,0.3333333333333333,0.43548387096774194
gemma4-31b,llama31-70b,truthfulqa,1,0.44387755102040816,0.5387755102040817,24,176,24,0.13636363636363635,0.5775767543859649,0.4764254385964913,0.09594259085133115,0.10115131578947362,0.42507645259938837,327,0.2222222222222222,0.08333333333333333,0.43119266055045874,0.1111111111111111,0.08333333333333333,0.43119266055045874,0.2,0.2916666666666667,0.44648318042813456
gemma4-31b,llama31-70b-base,boolq,1,0.5428134556574924,0.44495412844036697,39,363,39,0.10743801652892562,0.6325577714466604,0.5581869262424817,0.036486728116670725,0.07437084520417869,0.35789473684210527,475,0.16666666666666666,0.07692307692307693,0.3642105263157895,0.19444444444444445,0.1794871794871795,0.3726315789473684,0.1780821917808219,0.3333333333333333,0.38526315789473686
gemma4-31b,llama31-70b-base,geometry_of_truth,1,0.48840291583830353,0.5453943008614976,36,641,36,0.056162246489859596,0.9887970615243343,0.45558999081726353,0.015499740188861228,0.5332070707070709,0.416,1000,0.90625,0.8055555555555556,0.445,0.53125,0.9444444444444444,0.45,0.2734375,0.9722222222222222,0.451
gemma4-31b,llama31-70b-base,rte,1,0.5180722891566265,0.6144578313253012,17,39,17,0.4358974358974359,0.6631016042780749,0.39371657754010697,0.0865661067650538,0.2693850267379679,0.3870967741935484,62,1.0,0.11764705882352941,0.41935483870967744,0.5,0.11764705882352941,0.41935483870967744,0.75,0.35294117647058826,0.4838709677419355
gemma4-31b,llama31-70b-base,truthfulqa,1,0.44387755102040816,0.5163265306122449,31,176,31,0.17613636363636365,0.6812013348164627,0.4423248053392659,0.032473057103387944,0.23887652947719684,0.43119266055045874,327,0.3333333333333333,0.0967741935483871,0.44036697247706424,0.16666666666666666,0.0967741935483871,0.44036697247706424,0.2857142857142857,0.3225806451612903,0.4617737003058104
gemma4-31b,qwen3-32b,boolq,1,0.5428134556574924,0.5535168195718655,38,492,38,0.07723577235772358,0.6815441687920241,0.47285821933688843,0.044658664978385845,0.20868594945513563,0.2968421052631579,475,0.2,0.13157894736842105,0.30736842105263157,0.1836734693877551,0.23684210526315788,0.3157894736842105,0.15306122448979592,0.39473684210526316,0.32842105263157895
gemma4-31b,qwen3-32b,geometry_of_truth,1,0.48840291583830353,0.5165672630881378,7,683,7,0.010248901903367497,0.2922654268808114,0.43602071005917153,0.1654311795809573,-0.14375528317836012,0.327,1000,0.058823529411764705,0.2857142857142857,0.329,0.029411764705882353,0.2857142857142857,0.329,0.014598540145985401,0.2857142857142857,0.329
gemma4-31b,qwen3-32b,rte,1,0.5180722891566265,0.6445783132530121,14,44,14,0.3181818181818182,0.7809523809523808,0.4303571428571429,0.1139301885738838,0.35059523809523796,0.3548387096774194,62,1.0,0.14285714285714285,0.3870967741935484,1.0,0.2857142857142857,0.41935483870967744,0.8888888888888888,0.5714285714285714,0.4838709677419355
gemma4-31b,qwen3-32b,truthfulqa,1,0.44387755102040816,0.5540816326530612,29,170,29,0.17058823529411765,0.6617754952311079,0.45243335778919047,0.06863408982357502,0.20934213744191743,0.44954128440366975,327,0.25,0.06896551724137931,0.45565749235474007,0.23529411764705882,0.13793103448275862,0.4617737003058104,0.20588235294117646,0.2413793103448276,0.4709480122324159
gptj-6b,gemma2-9b,boolq,1,0.609072375127421,0.509683995922528,33,383,33,0.08616187989556136,0.7231168831168832,0.5297619047619047,0.04142055837681414,0.1933549783549785,0.5894736842105263,475,0.3157894736842105,0.18181818181818182,0.6021052631578947,0.21052631578947367,0.24242424242424243,0.6063157894736843,0.16883116883116883,0.3939393939393939,0.6168421052631579
gptj-6b,gemma2-9b,geometry_of_truth,1,0.5550033134526177,0.5099403578528827,23,605,23,0.03801652892561983,0.8266845958464065,0.49708650829224565,0.07400563573568271,0.32959808755416087,0.513,1000,0.26666666666666666,0.34782608695652173,0.521,0.2,0.5217391304347826,0.525,0.1652892561983471,0.8695652173913043,0.533
gptj-6b,gemma2-9b,imdb,1,0.36466666666666664,0.48433333333333334,18,542,18,0.033210332103321034,0.8394826123833758,0.47871607294317214,0.1286931157526334,0.3607665394402037,0.2082514734774067,1018,0.2222222222222222,0.3333333333333333,0.21414538310412573,0.16666666666666666,0.5,0.21709233791748528,0.12962962962962962,0.7777777777777778,0.2220039292730845
gptj-6b,gemma2-9b,rte,1,0.5,0.5301204819277109,11,34,11,0.3235294117647059,0.7312252964426877,0.45158102766798414,0.07837532055179218,0.2796442687747036,0.3870967741935484,62,1.0,0.18181818181818182,0.41935483870967744,1.0,0.2727272727272727,0.43548387096774194,0.7142857142857143,0.45454545454545453,0.46774193548387094
gptj-6b,gemma2-9b,truthfulqa,1,0.3173469387755102,0.5275510204081633,15,127,15,0.11811023622047244,0.7244047619047619,0.49880952380952387,0.09502114426348936,0.22559523809523802,0.3669724770642202,327,0.5,0.2,0.3761467889908257,0.3076923076923077,0.26666666666666666,0.37920489296636084,0.28,0.4666666666666667,0.38837920489296635
gptj-6b,gemma4-12b,boolq,1,0.609072375127421,0.5825688073394495,235,680,235,0.34558823529411764,0.564274444178819,0.4998111403299067,0.010542130345244496,0.0644633038489123,0.15789473684210525,475,0.4117647058823529,0.059574468085106386,0.18736842105263157,0.39705882352941174,0.1148936170212766,0.21473684210526317,0.40441176470588236,0.23404255319148937,0.2736842105263158
gptj-6b,gemma4-12b,geometry_of_truth,1,0.5550033134526177,0.47879390324718357,207,476,207,0.43487394957983194,0.9824901675556273,0.5206346640805991,0.026358794931530885,0.46185550347502824,0.567,1000,1.0,0.11594202898550725,0.591,1.0,0.2318840579710145,0.615,1.0,0.45893719806763283,0.662
gptj-6b,gemma4-12b,imdb,1,0.36466666666666664,0.5256666666666666,141,509,141,0.2770137524557957,0.9591234967622572,0.5271016419981498,0.03575328823380014,0.43202185476410737,0.3968565815324165,1018,1.0,0.1773049645390071,0.4214145383104126,0.9803921568627451,0.3546099290780142,0.44597249508840864,0.9607843137254902,0.6950354609929078,0.4931237721021611
gptj-6b,gemma4-12b,rte,1,0.5,0.5602409638554217,17,28,17,0.6071428571428571,0.2834224598930481,0.28342245989304815,0.06014557154653472,-5.551115123125783e-17,0.532258064516129,62,0.0,0.0,0.532258064516129,0.0,0.0,0.532258064516129,0.16666666666666666,0.058823529411764705,0.5483870967741935
gptj-6b,gemma4-12b,truthfulqa,1,0.3173469387755102,0.5112244897959184,23,118,23,0.19491525423728814,0.8164759725400458,0.5263157894736842,0.12077568211871756,0.2901601830663616,0.5137614678899083,327,0.3333333333333333,0.08695652173913043,0.5198776758409785,0.5,0.2608695652173913,0.5321100917431193,0.4583333333333333,0.4782608695652174,0.5474006116207951
gptj-6b,gemma4-12b-base,boolq,1,0.609072375127421,0.5448521916411825,69,424,69,0.16273584905660377,0.6867115737905695,0.5109205960400082,0.04464308429365066,0.1757909777505613,0.5642105263157895,475,0.38095238095238093,0.11594202898550725,0.5810526315789474,0.3333333333333333,0.2028985507246377,0.5936842105263158,0.29411764705882354,0.36231884057971014,0.6168421052631579
gptj-6b,gemma4-12b-base,geometry_of_truth,1,0.5550033134526177,0.47746852220013253,14,534,14,0.026217228464419477,0.9806318681318681,0.44460851648351646,0.044787632430197184,0.5360233516483517,0.572,1000,0.4074074074074074,0.7857142857142857,0.583,0.24528301886792453,0.9285714285714286,0.585,0.1308411214953271,1.0,0.586
gptj-6b,gemma4-12b-base,imdb,1,0.36466666666666664,0.38233333333333336,138,560,138,0.24642857142857144,0.9767154337523182,0.48585067655745584,0.024807045633581187,0.49086475719486233,0.12671905697445973,1018,1.0,0.2028985507246377,0.15422396856581533,1.0,0.4057971014492754,0.18172888015717092,0.9553571428571429,0.7753623188405797,0.2318271119842829
gptj-6b,gemma4-12b-base,rte,1,0.5,0.6626506024096386,22,45,22,0.4888888888888889,0.4110671936758894,0.4140316205533597,0.15834036001273089,-0.002964426877470283,0.2903225806451613,62,0.5,0.045454545454545456,0.3064516129032258,0.5,0.09090909090909091,0.3225806451612903,0.6666666666666666,0.2727272727272727,0.3870967741935484
gptj-6b,gemma4-12b-base,truthfulqa,1,0.3173469387755102,0.41020408163265304,11,113,11,0.09734513274336283,0.7549019607843137,0.5118092691622103,0.04275462939290746,0.24309269162210345,0.3669724770642202,327,0.16666666666666666,0.09090909090909091,0.37003058103975534,0.18181818181818182,0.18181818181818182,0.3730886850152905,0.21739130434782608,0.45454545454545453,0.382262996941896
gptj-6b,gemma4-31b,boolq,1,0.609072375127421,0.5428134556574924,72,472,72,0.15254237288135594,0.5778819444444445,0.4836631944444445,0.04183163595055964,0.09421875000000002,0.5621052631578948,475,0.16666666666666666,0.05555555555555555,0.5705263157894737,0.2553191489361702,0.16666666666666666,0.5873684210526315,0.22340425531914893,0.2916666666666667,0.6063157894736843
gptj-6b,gemma4-31b,geometry_of_truth,1,0.5550033134526177,0.48840291583830353,198,636,198,0.3113207547169811,0.977480282274803,0.5114731792813985,0.006085139938015972,0.46600710299340453,0.436,1000,1.0,0.16161616161616163,0.468,1.0,0.32323232323232326,0.5,1.0,0.6414141414141414,0.563
gptj-6b,gemma4-31b,rte,1,0.5,0.5180722891566265,17,36,17,0.4722222222222222,0.44891640866873067,0.4496904024767802,0.0828245707324143,-0.0007739938080495445,0.3709677419354839,62,0.5,0.058823529411764705,0.3870967741935484,0.5,0.11764705882352941,0.4032258064516129,0.2857142857142857,0.11764705882352941,0.4032258064516129
gptj-6b,gemma4-31b,truthfulqa,1,0.3173469387755102,0.44387755102040816,29,147,29,0.19727891156462585,0.8179427235534774,0.47625657510227937,0.05295410896292944,0.34168614845119805,0.2966360856269113,327,0.7142857142857143,0.1724137931034483,0.3119266055045872,0.4666666666666667,0.2413793103448276,0.3180428134556575,0.4827586206896552,0.4827586206896552,0.3394495412844037
gptj-6b,llama-8b,boolq,1,0.609072375127421,0.4857288481141692,43,334,43,0.12874251497005987,0.7377127787101414,0.4484935666906417,0.06905598226421217,0.2892192120194997,0.6126315789473684,475,0.47058823529411764,0.18604651162790697,0.6294736842105263,0.36363636363636365,0.27906976744186046,0.6378947368421053,0.2835820895522388,0.4418604651162791,0.6526315789473685
gptj-6b,llama-8b,geometry_of_truth,1,0.5550033134526177,0.546388336646786,58,624,58,0.09294871794871795,0.9467527720238821,0.5228920433776044,0.028165172034663233,0.42386072864627766,0.526,1000,0.9032258064516129,0.4827586206896552,0.554,0.7258064516129032,0.7758620689655172,0.571,0.432,0.9310344827586207,0.58
gptj-6b,llama-8b,imdb,1,0.36466666666666664,0.5256666666666666,37,583,37,0.0634648370497427,0.9077814077814077,0.4934536184536185,0.059934098774075795,0.4143277893277892,0.22298624754420432,1018,0.5517241379310345,0.43243243243243246,0.2387033398821218,0.3793103448275862,0.5945945945945946,0.24459724950884087,0.26495726495726496,0.8378378378378378,0.25343811394891946
gptj-6b,llama-8b,rte,1,0.5,0.572289156626506,15,39,15,0.38461538461538464,0.3611111111111111,0.47916666666666674,0.1586558605875164,-0.11805555555555564,0.3709677419354839,62,0.0,0.0,0.3709677419354839,0.0,0.0,0.3709677419354839,0.125,0.06666666666666667,0.3870967741935484
gptj-6b,llama-8b,truthfulqa,1,0.3173469387755102,0.4887755102040816,20,143,20,0.13986013986013987,0.9081300813008131,0.46402439024390246,0.07838601137341814,0.4441056910569106,0.30275229357798167,327,0.7142857142857143,0.25,0.3180428134556575,0.7142857142857143,0.5,0.3333333333333333,0.4827586206896552,0.7,0.345565749235474
gptj-6b,llama31-405b,boolq,1,0.609072375127421,0.4949031600407747,17,330,17,0.051515151515151514,0.8169517008081187,0.4949257658334899,0.05092256065207956,0.32202593497462884,0.6421052631578947,475,0.1875,0.17647058823529413,0.6484210526315789,0.21212121212121213,0.4117647058823529,0.6568421052631579,0.16666666666666666,0.6470588235294118,0.6652631578947369
gptj-6b,llama31-405b,geometry_of_truth,1,0.5550033134526177,0.5092776673293572,18,602,18,0.029900332225913623,0.8376141552511416,0.4778348554033485,0.07464656107635557,0.35977929984779305,0.518,1000,0.3333333333333333,0.5555555555555556,0.528,0.23333333333333334,0.7777777777777778,0.532,0.11666666666666667,0.7777777777777778,0.532
gptj-6b,llama31-405b,imdb,1,0.36466666666666664,0.5306666666666666,30,583,30,0.051457975986277875,0.8392405063291138,0.4795961422543701,0.05848414106579693,0.35964436407474376,0.21218074656188604,1018,0.2413793103448276,0.23333333333333334,0.21905697445972494,0.2413793103448276,0.4666666666666667,0.22593320235756384,0.1794871794871795,0.7,0.23280943025540274
gptj-6b,llama31-405b,rte,1,0.5,0.6506024096385542,16,41,16,0.3902439024390244,0.73,0.513125,0.06801596779433489,0.21687499999999993,0.4032258064516129,62,1.0,0.125,0.43548387096774194,0.75,0.1875,0.45161290322580644,0.75,0.375,0.5
gptj-6b,llama31-405b,truthfulqa,1,0.3173469387755102,0.5561224489795918,5,145,5,0.034482758620689655,0.6871428571428572,0.4967857142857143,0.17537823556588794,0.1903571428571429,0.36085626911314983,327,0.14285714285714285,0.2,0.363914373088685,0.07142857142857142,0.2,0.363914373088685,0.06896551724137931,0.4,0.3669724770642202
gptj-6b,llama31-70b,boolq,1,0.609072375127421,0.5015290519877675,27,346,27,0.07803468208092486,0.7800998490653662,0.4605828398931847,0.055438874509706935,0.3195170091721815,0.6147368421052631,475,0.35294117647058826,0.2222222222222222,0.6273684210526316,0.2571428571428571,0.3333333333333333,0.6336842105263157,0.18840579710144928,0.48148148148148145,0.6421052631578947
gptj-6b,llama31-70b,geometry_of_truth,1,0.5550033134526177,0.5278330019880716,36,621,36,0.057971014492753624,0.8832858499525166,0.4649810066476733,0.09844154891969867,0.4183048433048433,0.516,1000,0.7096774193548387,0.6111111111111112,0.538,0.43548387096774194,0.75,0.543,0.25806451612903225,0.8888888888888888,0.548
gptj-6b,llama31-70b,imdb,1,0.36466666666666664,0.49833333333333335,20,563,20,0.035523978685612786,0.8094843462246777,0.48349447513812155,0.0576347221936937,0.32598987108655614,0.1944990176817289,1018,0.21428571428571427,0.3,0.20039292730844793,0.19642857142857142,0.55,0.20530451866404714,0.11504424778761062,0.65,0.20726915520628683
gptj-6b,llama31-70b,rte,1,0.5,0.5903614457831325,14,38,14,0.3684210526315789,0.7351190476190476,0.5282738095238095,0.1010700438796841,0.20684523809523803,0.3548387096774194,62,0.5,0.07142857142857142,0.3709677419354839,0.75,0.21428571428571427,0.4032258064516129,0.75,0.42857142857142855,0.45161290322580644
gptj-6b,llama31-70b,truthfulqa,1,0.3173469387755102,0.5387755102040817,6,134,6,0.04477611940298507,0.7252604166666666,0.4791666666666667,0.11022425747431411,0.24609374999999994,0.37920489296636084,327,0.2857142857142857,0.3333333333333333,0.3853211009174312,0.15384615384615385,0.3333333333333333,0.3853211009174312,0.07407407407407407,0.3333333333333333,0.3853211009174312
gptj-6b,llama31-70b-base,boolq,1,0.609072375127421,0.44495412844036697,52,298,52,0.174496644295302,0.7063789868667917,0.4569457473420888,0.07687252089015986,0.24943323952470287,0.5915789473684211,475,0.4666666666666667,0.1346153846153846,0.6063157894736843,0.3333333333333333,0.19230769230769232,0.6126315789473684,0.36666666666666664,0.4230769230769231,0.6378947368421053
gptj-6b,llama31-70b-base,geometry_of_truth,1,0.5550033134526177,0.5453943008614976,87,602,87,0.14451827242524917,0.9721459658520254,0.5043354536324071,0.01287800162148257,0.46781051221961834,0.538,1000,0.9666666666666667,0.3333333333333333,0.567,0.9666666666666667,0.6666666666666666,0.596,0.6583333333333333,0.9080459770114943,0.617
gptj-6b,llama31-70b-base,imdb,1,0.36466666666666664,0.36133333333333334,54,440,54,0.12272727272727273,0.9104298599117252,0.519082229898292,0.027345207137216082,0.3913476300134332,0.24950884086444008,1018,0.9090909090909091,0.37037037037037035,0.2691552062868369,0.75,0.6111111111111112,0.2819253438113949,0.48863636363636365,0.7962962962962963,0.2917485265225933
gptj-6b,llama31-70b-base,rte,1,0.5,0.6144578313253012,21,45,21,0.4666666666666667,0.6904761904761905,0.48164682539682546,0.10453332107414179,0.208829365079365,0.3064516129032258,62,0.5,0.047619047619047616,0.3225806451612903,0.75,0.14285714285714285,0.3548387096774194,0.5555555555555556,0.23809523809523808,0.3870967741935484
gptj-6b,llama31-70b-base,truthfulqa,1,0.3173469387755102,0.5163265306122449,11,134,11,0.08208955223880597,0.8388765705838876,0.48688100517368815,0.09921327952283189,0.3519955654101995,0.39755351681957185,327,0.14285714285714285,0.09090909090909091,0.40061162079510704,0.46153846153846156,0.5454545454545454,0.41590214067278286,0.25925925925925924,0.6363636363636364,0.41896024464831805
gptj-6b,llama31-8b-base,boolq,1,0.609072375127421,0.4367991845056065,38,226,38,0.168141592920354,0.517077267637178,0.515887458006719,0.04900630694839136,0.0011898096304590045,0.6968421052631579,475,0.18181818181818182,0.05263157894736842,0.7010526315789474,0.21739130434782608,0.13157894736842105,0.7073684210526315,0.15555555555555556,0.18421052631578946,0.7115789473684211
gptj-6b,llama31-8b-base,geometry_of_truth,1,0.5550033134526177,0.5069582504970179,56,536,56,0.1044776119402985,0.9447916666666667,0.47805989583333336,0.031422992502882253,0.46673177083333334,0.55,1000,0.8148148148148148,0.39285714285714285,0.572,0.6851851851851852,0.6607142857142857,0.587,0.45794392523364486,0.875,0.599
gptj-6b,llama31-8b-base,imdb,1,0.36466666666666664,0.3383333333333333,129,563,129,0.2291296625222025,0.9650626942449898,0.46921105276319086,0.04149306070202582,0.49585164148179894,0.07465618860510806,1018,1.0,0.21705426356589147,0.10216110019646366,0.9821428571428571,0.4263565891472868,0.12868369351669942,0.9026548672566371,0.7906976744186046,0.17485265225933203
gptj-6b,llama31-8b-base,rte,1,0.5,0.608433734939759,18,41,18,0.43902439024390244,0.28985507246376807,0.5,0.12255925347799386,-0.21014492753623193,0.3387096774193548,62,0.0,0.0,0.3387096774193548,0.0,0.0,0.3387096774193548,0.125,0.05555555555555555,0.3548387096774194
gptj-6b,llama31-8b-base,truthfulqa,1,0.3173469387755102,0.32755102040816325,20,154,20,0.12987012987012986,0.8776119402985075,0.5065298507462687,0.06080973480604897,0.37108208955223887,0.18042813455657492,327,0.625,0.25,0.19571865443425077,0.4666666666666667,0.35,0.2018348623853211,0.41935483870967744,0.65,0.22018348623853212
gptj-6b,olmo3-7b,boolq,1,0.609072375127421,0.5611620795107034,121,510,121,0.2372549019607843,0.6571203977139943,0.5105164758121056,0.019071586038487548,0.14660392190188876,0.4442105263157895,475,0.46153846153846156,0.09917355371900827,0.4694736842105263,0.4117647058823529,0.17355371900826447,0.4884210526315789,0.39215686274509803,0.3305785123966942,0.5284210526315789
gptj-6b,olmo3-7b,geometry_of_truth,1,0.5550033134526177,0.6146454605699139,121,709,121,0.17066290550070523,0.9600691516275932,0.507031118232417,0.021517979384590564,0.45303803339517623,0.514,1000,0.9428571428571428,0.2727272727272727,0.547,0.9154929577464789,0.5371900826446281,0.579,0.7183098591549296,0.8429752066115702,0.616
gptj-6b,olmo3-7b,imdb,1,0.36466666666666664,0.53,32,572,32,0.055944055944055944,0.8391782407407408,0.5353732638888888,0.015342600570721255,0.3038049768518519,0.2406679764243615,1018,0.4827586206896552,0.4375,0.2544204322200393,0.2982456140350877,0.53125,0.25736738703339884,0.19298245614035087,0.6875,0.26227897838899805
gptj-6b,olmo3-7b,rte,1,0.5,0.608433734939759,17,42,17,0.40476190476190477,0.6023529411764705,0.41235294117647064,0.04608927698811511,0.1899999999999999,0.3064516129032258,62,1.0,0.11764705882352941,0.3387096774193548,0.75,0.17647058823529413,0.3548387096774194,0.625,0.29411764705882354,0.3870967741935484
gptj-6b,olmo3-7b,truthfulqa,1,0.3173469387755102,0.41836734693877553,24,163,24,0.147239263803681,0.8747002398081535,0.47107314148681056,0.04850028196599732,0.4036270983213429,0.2324159021406728,327,0.75,0.25,0.25076452599388377,0.5625,0.375,0.2599388379204893,0.48484848484848486,0.6666666666666666,0.28134556574923547
gptj-6b,qwen3-32b,boolq,1,0.609072375127421,0.5535168195718655,38,407,38,0.09336609336609336,0.7549564969333904,0.5249786050492085,0.056132461636875,0.22997789188418194,0.5852631578947368,475,0.45,0.23684210526315788,0.6042105263157894,0.2926829268292683,0.3157894736842105,0.6105263157894737,0.24691358024691357,0.5263157894736842,0.6273684210526316
gptj-6b,qwen3-32b,geometry_of_truth,1,0.5550033134526177,0.5165672630881378,23,610,23,0.03770491803278689,0.8951188800829568,0.5420709577068366,0.09231997262128083,0.35304792237612026,0.519,1000,0.36666666666666664,0.4782608695652174,0.53,0.2786885245901639,0.7391304347826086,0.536,0.1721311475409836,0.9130434782608695,0.54
gptj-6b,qwen3-32b,imdb,1,0.36466666666666664,0.5196666666666667,26,562,26,0.046263345195729534,0.8297215843857635,0.46474956946039037,0.0713703794978365,0.3649720149253731,0.22396856581532418,1018,0.35714285714285715,0.38461538461538464,0.2337917485265226,0.17857142857142858,0.38461538461538464,0.2337917485265226,0.16071428571428573,0.6923076923076923,0.24165029469548133
gptj-6b,qwen3-32b,rte,1,0.5,0.6445783132530121,15,41,15,0.36585365853658536,0.8102564102564103,0.5243589743589745,0.1258828128747202,0.28589743589743577,0.3709677419354839,62,1.0,0.13333333333333333,0.4032258064516129,1.0,0.26666666666666666,0.43548387096774194,0.875,0.4666666666666667,0.4838709677419355
gptj-6b,qwen3-32b,truthfulqa,1,0.3173469387755102,0.5540816326530612,16,132,16,0.12121212121212122,0.7386853448275862,0.4911099137931035,0.03127901632967416,0.2475754310344827,0.3730886850152905,327,0.2857142857142857,0.125,0.37920489296636084,0.3076923076923077,0.25,0.3853211009174312,0.3076923076923077,0.5,0.39755351681957185
gptj-6b,qwen3-8b,boolq,1,0.609072375127421,0.527013251783894,43,377,43,0.11405835543766578,0.8018381840969224,0.5617602005291742,0.04503563201922446,0.24007798356774823,0.5810526315789474,475,0.5263157894736842,0.23255813953488372,0.6021052631578947,0.4473684210526316,0.3953488372093023,0.6168421052631579,0.30666666666666664,0.5348837209302325,0.6294736842105263
gptj-6b,qwen3-8b,geometry_of_truth,1,0.5550033134526177,0.49204771371769385,10,576,10,0.017361111111111112,0.5922261484098938,0.449469964664311,0.09575670199834536,0.14275618374558285,0.529,1000,0.06896551724137931,0.2,0.531,0.08620689655172414,0.5,0.534,0.05217391304347826,0.6,0.535
gptj-6b,qwen3-8b,imdb,1,0.36466666666666664,0.5193333333333333,28,560,28,0.05,0.8682867883995704,0.4636647422126745,0.06343514975785233,0.4046220461868959,0.23772102161100198,1018,0.35714285714285715,0.35714285714285715,0.2475442043222004,0.26785714285714285,0.5357142857142857,0.25245579567779963,0.16071428571428573,0.6428571428571429,0.2554027504911591
gptj-6b,qwen3-8b,rte,1,0.5,0.5662650602409639,15,39,15,0.38461538461538464,0.7638888888888888,0.3770833333333333,0.04219000049745567,0.3868055555555555,0.2903225806451613,62,0.5,0.06666666666666667,0.3064516129032258,0.75,0.2,0.3387096774193548,0.625,0.3333333333333333,0.3709677419354839
gptj-6b,qwen3-8b,truthfulqa,1,0.3173469387755102,0.5255102040816326,19,143,19,0.13286713286713286,0.7758913412563667,0.46402801358234297,0.12276880372012611,0.31186332767402375,0.36085626911314983,327,0.5714285714285714,0.21052631578947367,0.3730886850152905,0.5,0.3684210526315789,0.382262996941896,0.3793103448275862,0.5789473684210527,0.3944954128440367
gptj-6b,qwen3-8b-base,boolq,1,0.609072375127421,0.5407747196738022,78,432,78,0.18055555555555555,0.760973489787049,0.43622338113863535,0.03751519055411986,0.3247501086484137,0.5178947368421053,475,0.5909090909090909,0.16666666666666666,0.5452631578947369,0.4883720930232558,0.2692307692307692,0.5621052631578948,0.38372093023255816,0.4230769230769231,0.5873684210526315
gptj-6b,qwen3-8b-base,geometry_of_truth,1,0.5550033134526177,0.5536779324055666,53,642,53,0.08255451713395638,0.9163596758176635,0.42570554505557867,0.030954370563833475,0.49065413076208486,0.526,1000,0.71875,0.4339622641509434,0.549,0.5625,0.6792452830188679,0.562,0.3828125,0.9245283018867925,0.575
gptj-6b,qwen3-8b-base,imdb,1,0.36466666666666664,0.556,31,583,31,0.05317324185248713,0.8610916316035531,0.4531030855539972,0.046448416039582996,0.40798854604955587,0.2691552062868369,1018,0.3448275862068966,0.3225806451612903,0.27897838899803534,0.22413793103448276,0.41935483870967744,0.2819253438113949,0.1794871794871795,0.6774193548387096,0.28978388998035365
gptj-6b,qwen3-8b-base,rte,1,0.5,0.6325301204819277,17,43,17,0.3953488372093023,0.6787330316742081,0.5378959276018099,0.09674922142634686,0.14083710407239813,0.3064516129032258,62,0.5,0.058823529411764705,0.3225806451612903,0.75,0.17647058823529413,0.3548387096774194,0.5555555555555556,0.29411764705882354,0.3870967741935484
gptj-6b,qwen3-8b-base,truthfulqa,1,0.3173469387755102,0.45510204081632655,23,154,23,0.14935064935064934,0.8224361101891803,0.4774311317623632,0.029839660234721146,0.3450049784268171,0.28440366972477066,327,0.25,0.08695652173913043,0.290519877675841,0.4,0.2608695652173913,0.30275229357798167,0.3225806451612903,0.43478260869565216,0.3149847094801223
gptj-6b,qwen38-27b,boolq,1,0.609072375127421,0.5764525993883792,32,454,32,0.07048458149779736,0.6707642180094787,0.5388773696682465,0.05245301319258409,0.1318868483412322,0.5726315789473684,475,0.21739130434782608,0.15625,0.5831578947368421,0.13333333333333333,0.1875,0.5852631578947368,0.14285714285714285,0.40625,0.6
gptj-6b,qwen38-27b,geometry_of_truth,1,0.5550033134526177,0.5152418820410868,24,610,24,0.03934426229508197,0.8935580204778157,0.5588026166097839,0.06861042694671196,0.3347554038680318,0.517,1000,0.36666666666666664,0.4583333333333333,0.528,0.2786885245901639,0.7083333333333334,0.534,0.1721311475409836,0.875,0.538
gptj-6b,qwen38-27b,rte,1,0.5,0.6506024096385542,22,47,22,0.46808510638297873,0.9036363636363637,0.44227272727272726,0.062023389349875765,0.4613636363636364,0.1774193548387097,62,1.0,0.09090909090909091,0.20967741935483872,1.0,0.22727272727272727,0.25806451612903225,1.0,0.4090909090909091,0.3225806451612903
gptj-6b,qwen38-27b,truthfulqa,1,0.3173469387755102,0.5438775510204081,20,142,20,0.14084507042253522,0.8549180327868852,0.4492827868852459,0.08832626872402045,0.40563524590163924,0.3241590214067278,327,0.5714285714285714,0.2,0.3363914373088685,0.42857142857142855,0.3,0.3425076452599388,0.35714285714285715,0.5,0.3547400611620795
llama-8b,gemma2-9b,boolq,1,0.4857288481141692,0.509683995922528,54,522,54,0.10344827586206896,0.7812598923710036,0.4833214624881292,0.041920674995403744,0.2979384298828744,0.14105263157894737,475,0.5769230769230769,0.2777777777777778,0.1726315789473684,0.4423076923076923,0.42592592592592593,0.18947368421052632,0.3173076923076923,0.6111111111111112,0.21052631578947367
llama-8b,gemma2-9b,geometry_of_truth,1,0.546388336646786,0.5099403578528827,29,1000,29,0.029,0.8687808515927412,0.4720515643311197,0.029885572282198083,0.3967292872616215,0.087,1000,0.32,0.5517241379310345,0.103,0.21,0.7241379310344828,0.108,0.125,0.8620689655172413,0.112
llama-8b,gemma2-9b,imdb,1,0.5256666666666666,0.48433333333333334,67,936,67,0.07158119658119658,0.9062054514538928,0.49770709169915667,0.04364154130465203,0.4084983597547361,0.07367387033398821,1018,0.5957446808510638,0.417910447761194,0.10117878192534381,0.44680851063829785,0.6268656716417911,0.11493123772102161,0.2887700534759358,0.8059701492537313,0.12671905697445973
llama-8b,gemma2-9b,rte,1,0.572289156626506,0.5301204819277109,10,49,10,0.20408163265306123,0.7769230769230768,0.5147435897435898,0.17958216351207193,0.262179487179487,0.3064516129032258,62,0.5,0.1,0.3225806451612903,0.6,0.3,0.3548387096774194,0.5,0.5,0.3870967741935484
llama-8b,gemma2-9b,truthfulqa,1,0.4887755102040816,0.5275510204081633,53,244,53,0.21721311475409835,0.6818136915934012,0.431640817939346,0.046106781856645636,0.2501728736540552,0.2415902140672783,327,0.16666666666666666,0.03773584905660377,0.24770642201834864,0.25,0.11320754716981132,0.2599388379204893,0.24489795918367346,0.22641509433962265,0.2782874617737003
llama-8b,gemma4-12b,boolq,1,0.4857288481141692,0.5825688073394495,37,301,37,0.12292358803986711,0.7613636363636365,0.5301750614250613,0.04866729616171088,0.23118857493857514,0.631578947368421,475,0.4,0.16216216216216217,0.6442105263157895,0.36666666666666664,0.2972972972972973,0.6547368421052632,0.2833333333333333,0.4594594594594595,0.6673684210526316
llama-8b,gemma4-12b,geometry_of_truth,1,0.546388336646786,0.47879390324718357,24,518,24,0.04633204633204633,0.953778677462888,0.5390730431848852,0.033045315188015935,0.4147056342780028,0.519,1000,0.7307692307692307,0.7916666666666666,0.538,0.4423076923076923,0.9583333333333334,0.542,0.22115384615384615,0.9583333333333334,0.542
llama-8b,gemma4-12b,imdb,1,0.5256666666666666,0.5256666666666666,53,552,53,0.09601449275362318,0.8812719779181003,0.4725110598555602,0.06686582515343915,0.4087609180625401,0.5314341846758349,1018,0.6428571428571429,0.33962264150943394,0.5491159135559921,0.4727272727272727,0.49056603773584906,0.5569744597249509,0.34545454545454546,0.7169811320754716,0.568762278978389
llama-8b,gemma4-12b,rte,1,0.572289156626506,0.5602409638554217,15,36,15,0.4166666666666667,0.43492063492063493,0.47460317460317464,0.12089570809098171,-0.03968253968253971,0.4838709677419355,62,0.5,0.06666666666666667,0.5,0.25,0.06666666666666667,0.5,0.14285714285714285,0.06666666666666667,0.5
llama-8b,gemma4-12b,truthfulqa,1,0.4887755102040816,0.5112244897959184,48,174,48,0.27586206896551724,0.7080026455026455,0.5025214947089947,0.024495011883013677,0.2054811507936508,0.46788990825688076,327,0.5555555555555556,0.10416666666666667,0.4831804281345566,0.5294117647058824,0.1875,0.4954128440366973,0.4857142857142857,0.3541666666666667,0.5198776758409785
llama-8b,gemma4-12b-base,boolq,1,0.4857288481141692,0.5448521916411825,55,500,55,0.11,0.8351378958120531,0.5067007150153218,0.050574078429367224,0.32843718079673134,0.2631578947368421,475,0.56,0.2545454545454545,0.2926315789473684,0.46,0.41818181818181815,0.31157894736842107,0.37,0.6727272727272727,0.3410526315789474
llama-8b,gemma4-12b-base,geometry_of_truth,1,0.546388336646786,0.47746852220013253,45,909,45,0.04950495049504951,0.9731481481481481,0.5650977366255144,0.08372392807078853,0.40805041152263366,0.096,1000,0.8666666666666667,0.8666666666666667,0.135,0.4725274725274725,0.9555555555555556,0.139,0.24175824175824176,0.9777777777777777,0.14
llama-8b,gemma4-12b-base,imdb,1,0.5256666666666666,0.38233333333333336,45,555,45,0.08108108108108109,0.914161220043573,0.5016666666666667,0.016509975124906442,0.4124945533769063,0.27111984282907664,1018,0.6428571428571429,0.4,0.2888015717092338,0.5178571428571429,0.6444444444444445,0.29960707269155207,0.34234234234234234,0.8444444444444444,0.30844793713163066
llama-8b,gemma4-12b-base,rte,1,0.572289156626506,0.6626506024096386,20,58,20,0.3448275862068966,0.48684210526315785,0.3917763157894737,0.05972274787359842,0.09506578947368416,0.24193548387096775,62,0.3333333333333333,0.05,0.25806451612903225,0.16666666666666666,0.05,0.25806451612903225,0.25,0.15,0.2903225806451613
llama-8b,gemma4-12b-base,truthfulqa,1,0.4887755102040816,0.41020408163265304,31,173,31,0.1791907514450867,0.6830985915492958,0.5065311222171741,0.04390498121859971,0.17656746933212164,0.3516819571865443,327,0.2222222222222222,0.06451612903225806,0.3577981651376147,0.17647058823529413,0.0967741935483871,0.36085626911314983,0.2571428571428571,0.2903225806451613,0.37920489296636084
llama-8b,gemma4-31b,boolq,1,0.4857288481141692,0.5428134556574924,36,405,36,0.08888888888888889,0.6565040650406504,0.49681948208370974,0.08759347474852396,0.15968458295694066,0.35368421052631577,475,0.25,0.1388888888888889,0.3642105263157895,0.2,0.2222222222222222,0.3705263157894737,0.16049382716049382,0.3611111111111111,0.38105263157894737
llama-8b,gemma4-31b,geometry_of_truth,1,0.546388336646786,0.48840291583830353,16,673,16,0.0237741456166419,0.977359208523592,0.4965991248097413,0.042229159801757885,0.48076008371385076,0.386,1000,0.3235294117647059,0.6875,0.397,0.208955223880597,0.875,0.4,0.11851851851851852,1.0,0.402
llama-8b,gemma4-31b,rte,1,0.572289156626506,0.5180722891566265,14,38,14,0.3684210526315789,0.28273809523809523,0.3549107142857143,0.1278095364228491,-0.07217261904761907,0.3548387096774194,62,0.5,0.07142857142857142,0.3709677419354839,0.25,0.07142857142857142,0.3709677419354839,0.25,0.14285714285714285,0.3870967741935484
llama-8b,gemma4-31b,truthfulqa,1,0.4887755102040816,0.44387755102040816,37,183,37,0.20218579234972678,0.7413920770085154,0.47922065901517963,0.07678518105244161,0.26217141799333576,0.3547400611620795,327,0.3333333333333333,0.08108108108108109,0.363914373088685,0.3888888888888889,0.1891891891891892,0.3761467889908257,0.35135135135135137,0.35135135135135137,0.3944954128440367
llama-8b,llama31-405b,boolq,1,0.4857288481141692,0.4949031600407747,43,511,43,0.08414872798434442,0.827072152653548,0.47980023852116876,0.0762263657237606,0.3472719141323793,0.1726315789473684,475,0.6153846153846154,0.37209302325581395,0.2063157894736842,0.45098039215686275,0.5348837209302325,0.22105263157894736,0.28431372549019607,0.6744186046511628,0.2336842105263158
llama-8b,llama31-405b,geometry_of_truth,1,0.546388336646786,0.5092776673293572,25,999,25,0.025025025025025027,0.8990143737166324,0.5350102669404517,0.022183748559866774,0.36400410677618067,0.09,1000,0.28,0.56,0.104,0.23,0.92,0.113,0.115,0.92,0.113
llama-8b,llama31-405b,imdb,1,0.5256666666666666,0.5306666666666666,88,1007,88,0.08738828202581926,0.9018696211296864,0.4578716984864971,0.03211167768781859,0.44399792264318927,0.05992141453831041,1018,0.62,0.3522727272727273,0.09037328094302555,0.48514851485148514,0.5568181818181818,0.10805500982318271,0.3482587064676617,0.7954545454545454,0.12868369351669942
llama-8b,llama31-405b,rte,1,0.572289156626506,0.6506024096385542,19,58,19,0.3275862068965517,0.7705802968960863,0.446693657219973,0.08598408318132467,0.3238866396761133,0.1935483870967742,62,0.6666666666666666,0.10526315789473684,0.22580645161290322,0.8333333333333334,0.2631578947368421,0.27419354838709675,0.6666666666666666,0.42105263157894735,0.3225806451612903
llama-8b,llama31-405b,truthfulqa,1,0.4887755102040816,0.5561224489795918,41,258,41,0.15891472868217055,0.8367989209846015,0.5253737214791503,0.010675500965599875,0.3114251995054512,0.24770642201834864,327,0.6153846153846154,0.1951219512195122,0.27217125382262997,0.5,0.3170731707317073,0.2874617737003058,0.4423076923076923,0.5609756097560976,0.3180428134556575
llama-8b,llama31-70b,boolq,1,0.4857288481141692,0.5015290519877675,43,507,43,0.08481262327416174,0.793504410585405,0.47729550922213304,0.05225756995544158,0.31620890136327195,0.18736842105263157,475,0.52,0.3023255813953488,0.21473684210526317,0.39215686274509803,0.46511627906976744,0.2294736842105263,0.25742574257425743,0.6046511627906976,0.24210526315789474
llama-8b,llama31-70b,geometry_of_truth,1,0.546388336646786,0.5278330019880716,60,1038,60,0.057803468208092484,0.9614689843217451,0.518941717791411,0.025729019675146424,0.44252726653033414,0.054,1000,0.8076923076923077,0.7,0.096,0.49038461538461536,0.85,0.105,0.27884615384615385,0.9666666666666667,0.112
llama-8b,llama31-70b,imdb,1,0.5256666666666666,0.49833333333333335,60,961,60,0.062434963579604576,0.9106918238993711,0.4827922678505364,0.06015478333504381,0.4278995560488347,0.07760314341846758,1018,0.4166666666666667,0.3333333333333333,0.09724950884086445,0.375,0.6,0.11296660117878192,0.265625,0.85,0.12770137524557956
llama-8b,llama31-70b,rte,1,0.572289156626506,0.5903614457831325,15,55,15,0.2727272727272727,0.7733333333333334,0.39416666666666667,0.06677595209188543,0.37916666666666676,0.20967741935483872,62,0.6666666666666666,0.13333333333333333,0.24193548387096775,0.6666666666666666,0.26666666666666666,0.27419354838709675,0.5454545454545454,0.4,0.3064516129032258
llama-8b,llama31-70b,truthfulqa,1,0.4887755102040816,0.5387755102040817,49,261,49,0.18773946360153257,0.7698305737389295,0.4921784751636504,0.03264923644228085,0.2776520985752791,0.22324159021406728,327,0.23076923076923078,0.061224489795918366,0.2324159021406728,0.34615384615384615,0.1836734693877551,0.25076452599388377,0.40384615384615385,0.42857142857142855,0.2874617737003058
llama-8b,llama31-70b-base,boolq,1,0.4857288481141692,0.44495412844036697,48,416,48,0.11538461538461539,0.7947803442028984,0.46941519474637683,0.034028863245899314,0.3253651494565216,0.24842105263157896,475,0.5238095238095238,0.22916666666666666,0.27157894736842103,0.40476190476190477,0.3541666666666667,0.28421052631578947,0.3253012048192771,0.5625,0.30526315789473685
llama-8b,llama31-70b-base,geometry_of_truth,1,0.546388336646786,0.5453943008614976,81,969,81,0.08359133126934984,0.9349210321432544,0.5156927761094428,0.031355776998669885,0.41922825603381164,0.136,1000,0.9583333333333334,0.5679012345679012,0.182,0.6804123711340206,0.8148148148148148,0.202,0.38144329896907214,0.9135802469135802,0.21
llama-8b,llama31-70b-base,imdb,1,0.5256666666666666,0.36133333333333334,61,573,61,0.10645724258289703,0.925108862704918,0.5220126793032788,0.04030248572469298,0.4030961834016392,0.1974459724950884,1018,0.7586206896551724,0.36065573770491804,0.21905697445972494,0.6666666666666666,0.6229508196721312,0.23477406679764243,0.391304347826087,0.7377049180327869,0.24165029469548133
llama-8b,llama31-70b-base,rte,1,0.572289156626506,0.6144578313253012,15,50,15,0.3,0.5257142857142857,0.53,0.0682316316348624,-0.004285714285714337,0.3870967741935484,62,0.0,0.0,0.3870967741935484,0.2,0.06666666666666667,0.4032258064516129,0.2,0.13333333333333333,0.41935483870967744
llama-8b,llama31-70b-base,truthfulqa,1,0.4887755102040816,0.5163265306122449,38,217,38,0.17511520737327188,0.6689209056159953,0.536533372537489,0.06405583027967314,0.13238753307850626,0.3394495412844037,327,0.2727272727272727,0.07894736842105263,0.3486238532110092,0.2727272727272727,0.15789473684210525,0.3577981651376147,0.23255813953488372,0.2631578947368421,0.37003058103975534
llama-8b,llama31-8b-base,boolq,1,0.4857288481141692,0.4367991845056065,67,449,67,0.1492204899777283,0.8218332421661327,0.4879756974290849,0.030498880981037015,0.3338575447370478,0.21473684210526317,475,0.6363636363636364,0.208955223880597,0.24421052631578946,0.5111111111111111,0.34328358208955223,0.2631578947368421,0.4222222222222222,0.5671641791044776,0.29473684210526313
llama-8b,llama31-8b-base,geometry_of_truth,1,0.546388336646786,0.5069582504970179,94,968,94,0.09710743801652892,0.9607210672379376,0.5350309167924436,0.04043428476258213,0.42569015044549396,0.06,1000,0.9375,0.4787234042553192,0.105,0.7525773195876289,0.776595744680851,0.133,0.4639175257731959,0.9574468085106383,0.15
llama-8b,llama31-8b-base,imdb,1,0.5256666666666666,0.3383333333333333,35,535,35,0.06542056074766354,0.8993142857142857,0.4328142857142857,0.03556412719099322,0.4665,0.22102161100196463,1018,0.5185185185185185,0.4,0.23477406679764243,0.37037037037037035,0.5714285714285714,0.2406679764243615,0.2616822429906542,0.8,0.24852652259332023
llama-8b,llama31-8b-base,rte,1,0.572289156626506,0.608433734939759,19,56,19,0.3392857142857143,0.49502133712660024,0.4722617354196301,0.100034493625016,0.022759601706970112,0.1935483870967742,62,0.0,0.0,0.1935483870967742,0.0,0.0,0.1935483870967742,0.36363636363636365,0.21052631578947367,0.25806451612903225
llama-8b,llama31-8b-base,truthfulqa,1,0.4887755102040816,0.32755102040816325,25,166,25,0.15060240963855423,0.825531914893617,0.4805673758865248,0.06668145301542762,0.3449645390070922,0.25688073394495414,327,0.5,0.16,0.2691131498470948,0.47058823529411764,0.32,0.28134556574923547,0.42424242424242425,0.56,0.2996941896024465
llama-8b,qwen3-32b,boolq,1,0.4857288481141692,0.5535168195718655,45,512,45,0.087890625,0.8019985724482512,0.4615274803711635,0.033635046649896,0.34047109207708776,0.1957894736842105,475,0.38461538461538464,0.2222222222222222,0.2168421052631579,0.27450980392156865,0.3111111111111111,0.22526315789473683,0.27450980392156865,0.6222222222222222,0.25473684210526315
llama-8b,qwen3-32b,geometry_of_truth,1,0.546388336646786,0.5165672630881378,35,1011,35,0.03461918892185954,0.894877049180328,0.5039007611241217,0.021055503390046786,0.3909762880562062,0.081,1000,0.4117647058823529,0.6,0.102,0.25742574257425743,0.7428571428571429,0.107,0.14356435643564355,0.8285714285714286,0.11
llama-8b,qwen3-32b,imdb,1,0.5256666666666666,0.5196666666666667,84,982,84,0.0855397148676171,0.8972054300562097,0.4788319280941776,0.054993161645241914,0.4183735019620321,0.07170923379174853,1018,0.6122448979591837,0.35714285714285715,0.10117878192534381,0.47959183673469385,0.5595238095238095,0.11787819253438114,0.32653061224489793,0.7619047619047619,0.13457760314341846
llama-8b,qwen3-32b,rte,1,0.572289156626506,0.6445783132530121,14,54,14,0.25925925925925924,0.7767857142857143,0.4892857142857142,0.09028900593005072,0.2875000000000001,0.2903225806451613,62,0.6666666666666666,0.14285714285714285,0.3225806451612903,0.6,0.21428571428571427,0.3387096774193548,0.5454545454545454,0.42857142857142855,0.3870967741935484
llama-8b,qwen3-32b,truthfulqa,1,0.4887755102040816,0.5540816326530612,55,246,55,0.22357723577235772,0.7329842931937173,0.48367444074250354,0.06646360649148432,0.24930985245121373,0.2415902140672783,327,0.3333333333333333,0.07272727272727272,0.25382262996941896,0.44,0.2,0.27522935779816515,0.46938775510204084,0.41818181818181815,0.3119266055045872
llama-8b,qwen3-8b,boolq,1,0.4857288481141692,0.527013251783894,50,514,50,0.09727626459143969,0.7794396551724139,0.46892241379310345,0.04482746186985412,0.3105172413793104,0.19157894736842104,475,0.5384615384615384,0.28,0.22105263157894736,0.37254901960784315,0.38,0.23157894736842105,0.27184466019417475,0.56,0.2505263157894737
llama-8b,qwen3-8b,geometry_of_truth,1,0.546388336646786,0.49204771371769385,19,964,19,0.01970954356846473,0.8731272626009468,0.48900027847396266,0.03887350896009342,0.3841269841269841,0.097,1000,0.14583333333333334,0.3684210526315789,0.104,0.14583333333333334,0.7368421052631579,0.111,0.08290155440414508,0.8421052631578947,0.113
llama-8b,qwen3-8b,imdb,1,0.5256666666666666,0.5193333333333333,88,972,88,0.09053497942386832,0.9106077745783628,0.5126201923076923,0.038026273952343696,0.39798758227067055,0.08153241650294696,1018,0.7346938775510204,0.4090909090909091,0.1168958742632613,0.4948453608247423,0.5454545454545454,0.12868369351669942,0.37628865979381443,0.8295454545454546,0.15324165029469547
llama-8b,qwen3-8b,rte,1,0.572289156626506,0.5662650602409639,12,51,12,0.23529411764705882,0.8076923076923077,0.6180555555555556,0.18524775337377622,0.18963675213675213,0.27419354838709675,62,0.6666666666666666,0.16666666666666666,0.3064516129032258,0.8,0.3333333333333333,0.3387096774193548,0.6,0.5,0.3709677419354839
llama-8b,qwen3-8b,truthfulqa,1,0.4887755102040816,0.5255102040816326,55,248,55,0.2217741935483871,0.6962788506829958,0.5271785209609043,0.06400849225983281,0.16910032972209144,0.24770642201834864,327,0.16666666666666666,0.03636363636363636,0.25382262996941896,0.32,0.14545454545454545,0.27217125382262997,0.38,0.34545454545454546,0.3058103975535168
llama-8b,qwen3-8b-base,boolq,1,0.4857288481141692,0.5407747196738022,45,478,45,0.09414225941422594,0.8090839107005389,0.5129201950218116,0.03752255571989178,0.29616371567872724,0.2968421052631579,475,0.5,0.26666666666666666,0.32210526315789473,0.4166666666666667,0.4444444444444444,0.3389473684210526,0.2916666666666667,0.6222222222222222,0.35578947368421054
llama-8b,qwen3-8b-base,geometry_of_truth,1,0.546388336646786,0.5536779324055666,81,1065,81,0.07605633802816901,0.9631887985546521,0.49631135200240895,0.0872884908471182,0.46687744655224317,0.056,1000,0.9056603773584906,0.5925925925925926,0.104,0.6320754716981132,0.8271604938271605,0.123,0.36619718309859156,0.9629629629629629,0.134
llama-8b,qwen3-8b-base,imdb,1,0.5256666666666666,0.556,92,1003,92,0.09172482552342971,0.9064573092158641,0.4748454875196869,0.04053445202578842,0.4316118216961772,0.11100196463654224,1018,0.72,0.391304347826087,0.14636542239685657,0.53,0.5760869565217391,0.16306483300589392,0.3582089552238806,0.782608695652174,0.18172888015717092
llama-8b,qwen3-8b-base,rte,1,0.572289156626506,0.6325301204819277,15,54,15,0.2777777777777778,0.7965811965811965,0.514102564102564,0.12650944139094528,0.2824786324786325,0.25806451612903225,62,1.0,0.2,0.3064516129032258,0.8,0.26666666666666666,0.3225806451612903,0.6363636363636364,0.4666666666666667,0.3709677419354839
llama-8b,qwen3-8b-base,truthfulqa,1,0.4887755102040816,0.45510204081632655,41,218,41,0.18807339449541285,0.7073170731707317,0.48932065591842355,0.06283822451389341,0.21799641725230812,0.28134556574923547,327,0.2727272727272727,0.07317073170731707,0.290519877675841,0.3181818181818182,0.17073170731707318,0.30275229357798167,0.29545454545454547,0.3170731707317073,0.3211009174311927
llama-8b,qwen38-27b,boolq,1,0.4857288481141692,0.5764525993883792,32,508,32,0.06299212598425197,0.7916885504201681,0.46308757878151263,0.04443706271443266,0.3286009716386554,0.21263157894736842,475,0.24,0.1875,0.22526315789473683,0.19607843137254902,0.3125,0.2336842105263158,0.16666666666666666,0.53125,0.24842105263157896
llama-8b,qwen38-27b,geometry_of_truth,1,0.546388336646786,0.5152418820410868,34,1008,34,0.03373015873015873,0.9131235656480251,0.46730432419374324,0.050136273348362466,0.44581924145428187,0.083,1000,0.32,0.47058823529411764,0.099,0.24752475247524752,0.7352941176470589,0.108,0.1485148514851485,0.8823529411764706,0.113
llama-8b,qwen38-27b,rte,1,0.572289156626506,0.6506024096385542,15,55,15,0.2727272727272727,0.8616666666666666,0.3833333333333333,0.10977881803375772,0.4783333333333333,0.2903225806451613,62,1.0,0.2,0.3387096774193548,0.6666666666666666,0.26666666666666666,0.3548387096774194,0.6363636363636364,0.4666666666666667,0.4032258064516129
llama-8b,qwen38-27b,truthfulqa,1,0.4887755102040816,0.5438775510204081,46,245,46,0.18775510204081633,0.7037360716626611,0.47083242298448763,0.04787318149602637,0.23290364867817342,0.27217125382262997,327,0.3333333333333333,0.08695652173913043,0.28440366972477066,0.2916666666666667,0.15217391304347827,0.29357798165137616,0.32653061224489793,0.34782608695652173,0.3211009174311927
llama31-70b,llama31-405b,boolq,1,0.5015290519877675,0.4949031600407747,45,570,45,0.07894736842105263,0.7919999999999999,0.46205291005291005,0.06546528154540762,0.3299470899470899,0.09894736842105263,475,0.42857142857142855,0.26666666666666666,0.12421052631578948,0.3157894736842105,0.4,0.1368421052631579,0.23684210526315788,0.6,0.15578947368421053
llama31-70b,llama31-405b,geometry_of_truth,1,0.5278330019880716,0.5092776673293572,25,1019,25,0.02453385672227674,0.9750905432595574,0.5000603621730382,0.01455062285829203,0.4750301810865192,0.036,1000,0.37254901960784315,0.76,0.055,0.22549019607843138,0.92,0.059,0.12254901960784313,1.0,0.061
llama31-70b,llama31-405b,imdb,1,0.49833333333333335,0.5306666666666666,67,994,67,0.06740442655935613,0.8501022396110064,0.4735062551321064,0.03381006430235385,0.37659598447889997,0.03929273084479371,1018,0.48,0.3582089552238806,0.06286836935166994,0.3838383838383838,0.5671641791044776,0.07662082514734773,0.25125628140703515,0.746268656716418,0.08840864440078586
llama31-70b,llama31-405b,rte,1,0.5903614457831325,0.6506024096385542,18,62,18,0.2903225806451613,0.8181818181818181,0.3942550505050505,0.06185177438392001,0.4239267676767676,0.1774193548387097,62,1.0,0.16666666666666666,0.22580645161290322,0.6666666666666666,0.2222222222222222,0.24193548387096775,0.5833333333333334,0.3888888888888889,0.2903225806451613
llama31-70b,llama31-405b,truthfulqa,1,0.5387755102040817,0.5561224489795918,54,305,54,0.17704918032786884,0.8361369337464956,0.4554006197432492,0.060775649159225974,0.38073631400324637,0.15902140672782875,327,0.4666666666666667,0.12962962962962962,0.18042813455657492,0.6,0.3333333333333333,0.21406727828746178,0.5409836065573771,0.6111111111111112,0.2599388379204893
llama31-70b,llama31-70b-base,boolq,1,0.5015290519877675,0.44495412844036697,39,456,39,0.08552631578947369,0.7771628850765542,0.49664883477833116,0.08554817213842288,0.280514050298223,0.22105263157894736,475,0.391304347826087,0.23076923076923078,0.24,0.3695652173913043,0.4358974358974359,0.25684210526315787,0.26373626373626374,0.6153846153846154,0.27157894736842103
llama31-70b,llama31-70b-base,geometry_of_truth,1,0.5278330019880716,0.5453943008614976,51,959,51,0.053180396246089674,0.9168394229938671,0.5202502807290317,0.033099255342273634,0.39658914226483544,0.142,1000,0.7291666666666666,0.6862745098039216,0.177,0.4479166666666667,0.8431372549019608,0.185,0.23958333333333334,0.9019607843137255,0.188
llama31-70b,llama31-70b-base,imdb,1,0.49833333333333335,0.36133333333333334,28,540,28,0.05185185185185185,0.853515625,0.4998256138392857,0.047483311783390825,0.3536900111607143,0.20039292730844793,1018,0.3333333333333333,0.32142857142857145,0.20923379174852652,0.24074074074074073,0.4642857142857143,0.2131630648330059,0.16666666666666666,0.6428571428571429,0.2180746561886051
llama31-70b,llama31-70b-base,rte,1,0.5903614457831325,0.6144578313253012,18,53,18,0.33962264150943394,0.8396825396825396,0.5119047619047619,0.042451044826401024,0.3277777777777777,0.24193548387096775,62,0.6666666666666666,0.1111111111111111,0.27419354838709675,0.8,0.2222222222222222,0.3064516129032258,0.7272727272727273,0.4444444444444444,0.3709677419354839
llama31-70b,llama31-70b-base,truthfulqa,1,0.5387755102040817,0.5163265306122449,50,254,50,0.1968503937007874,0.7822549019607844,0.482671568627451,0.06374989634445893,0.2995833333333334,0.25688073394495414,327,0.38461538461538464,0.1,0.27217125382262997,0.36,0.18,0.28440366972477066,0.45098039215686275,0.46,0.327217125382263
llama31-70b-base,llama31-405b,boolq,1,0.44495412844036697,0.4949031600407747,37,452,37,0.08185840707964602,0.7971344838814719,0.4647834581569521,0.049485795227702405,0.3323510257245198,0.21473684210526317,475,0.4782608695652174,0.2972972972972973,0.23789473684210527,0.37777777777777777,0.4594594594594595,0.2505263157894737,0.26666666666666666,0.6486486486486487,0.26526315789473687
llama31-70b-base,llama31-405b,geometry_of_truth,1,0.5453943008614976,0.5092776673293572,22,927,22,0.023732470334412083,0.8814665996986439,0.5512682069311903,0.06766784264054711,0.33019839276745366,0.166,1000,0.2391304347826087,0.5,0.177,0.17204301075268819,0.7272727272727273,0.182,0.10270270270270271,0.8636363636363636,0.185
llama31-70b-base,llama31-405b,imdb,1,0.36133333333333334,0.5306666666666666,45,566,45,0.07950530035335689,0.834847515461719,0.4706014075495841,0.04917163545203163,0.36424610791213485,0.2043222003929273,1018,0.6428571428571429,0.4,0.2220039292730845,0.45614035087719296,0.5777777777777777,0.22986247544204322,0.2743362831858407,0.6888888888888889,0.23477406679764243
llama31-70b-base,llama31-405b,rte,1,0.6144578313253012,0.6506024096385542,21,56,21,0.375,0.8639455782312925,0.43911564625850336,0.03652465779516001,0.4248299319727891,0.25806451612903225,62,1.0,0.14285714285714285,0.3064516129032258,0.6666666666666666,0.19047619047619047,0.3225806451612903,0.7272727272727273,0.38095238095238093,0.3870967741935484
llama31-70b-base,llama31-405b,truthfulqa,1,0.5163265306122449,0.5561224489795918,38,248,38,0.1532258064516129,0.8111528822055137,0.4334273182957394,0.021521872355635678,0.37772556390977435,0.3058103975535168,327,0.5,0.15789473684210525,0.3241590214067278,0.52,0.34210526315789475,0.345565749235474,0.4,0.5263157894736842,0.3669724770642202
llama31-70b-base,llama31-70b,boolq,1,0.44495412844036697,0.5015290519877675,39,456,39,0.08552631578947369,0.7774088421570435,0.4957726126790875,0.08710271859292201,0.281636229477956,0.22105263157894736,475,0.34782608695652173,0.20512820512820512,0.23789473684210527,0.3695652173913043,0.4358974358974359,0.25684210526315787,0.26373626373626374,0.6153846153846154,0.27157894736842103
llama31-70b-base,llama31-70b,geometry_of_truth,1,0.5453943008614976,0.5278330019880716,51,959,51,0.053180396246089674,0.9379156949123262,0.5245529930033687,0.0297000626410453,0.4133627019089575,0.142,1000,0.7708333333333334,0.7254901960784313,0.179,0.4479166666666667,0.8431372549019608,0.185,0.23958333333333334,0.9019607843137255,0.188
llama31-70b-base,llama31-70b,imdb,1,0.36133333333333334,0.49833333333333335,28,540,28,0.05185185185185185,0.8508649553571429,0.49792480468749994,0.04549585876880611,0.35294015066964296,0.20039292730844793,1018,0.3333333333333333,0.32142857142857145,0.20923379174852652,0.2222222222222222,0.42857142857142855,0.21218074656188604,0.1574074074074074,0.6071428571428571,0.21709233791748528
llama31-70b-base,llama31-70b,rte,1,0.6144578313253012,0.5903614457831325,18,53,18,0.33962264150943394,0.8396825396825396,0.5119047619047619,0.042451044826401024,0.3277777777777777,0.24193548387096775,62,0.6666666666666666,0.1111111111111111,0.27419354838709675,0.8,0.2222222222222222,0.3064516129032258,0.7272727272727273,0.4444444444444444,0.3709677419354839
llama31-70b-base,llama31-70b,truthfulqa,1,0.5163265306122449,0.5387755102040817,50,254,50,0.1968503937007874,0.782156862745098,0.48350490196078433,0.06295042900503929,0.29865196078431366,0.25688073394495414,327,0.38461538461538464,0.1,0.27217125382262997,0.36,0.18,0.28440366972477066,0.45098039215686275,0.46,0.327217125382263
llama31-8b-base,gemma2-9b,boolq,1,0.4367991845056065,0.509683995922528,42,420,42,0.1,0.7695263290501386,0.535415091962711,0.04177595217892984,0.23411123708742765,0.25473684210526315,475,0.42857142857142855,0.21428571428571427,0.2736842105263158,0.35714285714285715,0.35714285714285715,0.2863157894736842,0.2976190476190476,0.5952380952380952,0.30736842105263157
llama31-8b-base,gemma2-9b,geometry_of_truth,1,0.5069582504970179,0.5099403578528827,29,905,29,0.032044198895027624,0.8074712643678161,0.48138088490001574,0.0737482470099292,0.3260903794678004,0.107,1000,0.24444444444444444,0.3793103448275862,0.118,0.23333333333333334,0.7241379310344828,0.128,0.13259668508287292,0.8275862068965517,0.131
llama31-8b-base,gemma2-9b,imdb,1,0.3383333333333333,0.48433333333333334,22,514,22,0.042801556420233464,0.8555062823355506,0.47246858832224686,0.1188501141967135,0.38303769401330373,0.1944990176817289,1018,0.2692307692307692,0.3181818181818182,0.2013752455795678,0.17647058823529413,0.4090909090909091,0.20333988212180745,0.13592233009708737,0.6363636363636364,0.2082514734774067
llama31-8b-base,gemma2-9b,rte,1,0.608433734939759,0.5301204819277109,12,49,12,0.24489795918367346,0.8986486486486487,0.3462837837837837,0.08961551522447062,0.5523648648648649,0.3064516129032258,62,0.5,0.08333333333333333,0.3225806451612903,0.8,0.3333333333333333,0.3709677419354839,0.7,0.5833333333333334,0.41935483870967744
llama31-8b-base,gemma2-9b,truthfulqa,1,0.32755102040816325,0.5275510204081633,13,138,13,0.09420289855072464,0.7544615384615384,0.42892307692307696,0.08681286409732757,0.32553846153846144,0.363914373088685,327,0.42857142857142855,0.23076923076923078,0.3730886850152905,0.42857142857142855,0.46153846153846156,0.382262996941896,0.21428571428571427,0.46153846153846156,0.382262996941896
llama31-8b-base,gemma4-12b,boolq,1,0.4367991845056065,0.5825688073394495,37,205,37,0.18048780487804877,0.646074646074646,0.5023326898326899,0.07354814906822657,0.14374195624195618,0.6947368421052632,475,0.1,0.02702702702702703,0.6968421052631579,0.2,0.10810810810810811,0.7031578947368421,0.21951219512195122,0.24324324324324326,0.7136842105263158
llama31-8b-base,gemma4-12b,geometry_of_truth,1,0.5069582504970179,0.47879390324718357,25,490,25,0.05102040816326531,0.983741935483871,0.543010752688172,0.07784671770840453,0.440731182795699,0.537,1000,0.75,0.72,0.555,0.46938775510204084,0.92,0.56,0.25510204081632654,1.0,0.562
llama31-8b-base,gemma4-12b,imdb,1,0.3383333333333333,0.5256666666666666,137,478,137,0.28661087866108786,0.9656227925594537,0.47895305777340147,0.01720592447204424,0.48666973478605224,0.3988212180746562,1018,0.9583333333333334,0.1678832116788321,0.4214145383104126,0.9791666666666666,0.34306569343065696,0.4449901768172888,0.9791666666666666,0.6861313868613139,0.4911591355599214
llama31-8b-base,gemma4-12b,rte,1,0.608433734939759,0.5602409638554217,15,35,15,0.42857142857142855,0.44333333333333336,0.4541666666666666,0.10815048672002257,-0.01083333333333325,0.5483870967741935,62,0.5,0.06666666666666667,0.5645161290322581,0.5,0.13333333333333333,0.5806451612903226,0.42857142857142855,0.2,0.5967741935483871
llama31-8b-base,gemma4-12b,truthfulqa,1,0.32755102040816325,0.5112244897959184,25,125,25,0.2,0.758,0.4575,0.06682357368474094,0.3005,0.48623853211009177,327,0.16666666666666666,0.04,0.4892966360856269,0.4166666666666667,0.2,0.5015290519877675,0.44,0.44,0.5198776758409785
llama31-8b-base,gemma4-12b-base,boolq,1,0.4367991845056065,0.5448521916411825,68,434,68,0.15668202764976957,0.6881629701060752,0.49517839922854384,0.05599547020835686,0.19298457087753135,0.27157894736842103,475,0.36363636363636365,0.11764705882352941,0.28842105263157897,0.3023255813953488,0.19117647058823528,0.29894736842105263,0.3103448275862069,0.39705882352941174,0.32842105263157895
llama31-8b-base,gemma4-12b-base,geometry_of_truth,1,0.5069582504970179,0.47746852220013253,70,842,70,0.0831353919239905,0.9709104367135455,0.5134391191709845,0.025474846440818228,0.457471317542561,0.066,1000,0.9761904761904762,0.5857142857142857,0.107,0.7857142857142857,0.9428571428571428,0.132,0.39880952380952384,0.9571428571428572,0.133
llama31-8b-base,gemma4-12b-base,imdb,1,0.3383333333333333,0.38233333333333336,131,515,131,0.2543689320388349,0.9737396628498727,0.4976194736005089,0.031053751902469187,0.4761201892493638,0.13457760314341846,1018,1.0,0.1984732824427481,0.16011787819253437,1.0,0.3969465648854962,0.1856581532416503,0.9611650485436893,0.7557251908396947,0.2318271119842829
llama31-8b-base,gemma4-12b-base,rte,1,0.608433734939759,0.6626506024096386,25,63,25,0.3968253968253968,0.5621052631578949,0.44026315789473686,0.04652688139689545,0.12184210526315803,0.14516129032258066,62,0.6666666666666666,0.08,0.1774193548387097,0.5,0.12,0.1935483870967742,0.46153846153846156,0.24,0.24193548387096775
llama31-8b-base,gemma4-12b-base,truthfulqa,1,0.32755102040816325,0.41020408163265304,16,134,16,0.11940298507462686,0.833156779661017,0.5386652542372882,0.06861001555207744,0.2944915254237288,0.3211009174311927,327,0.14285714285714285,0.0625,0.3241590214067278,0.38461538461538464,0.3125,0.3363914373088685,0.2962962962962963,0.5,0.345565749235474
llama31-8b-base,gemma4-31b,boolq,1,0.4367991845056065,0.5428134556574924,51,339,51,0.1504424778761062,0.6005582788671024,0.4731924019607843,0.029213918237344375,0.12736587690631812,0.35368421052631577,475,0.29411764705882354,0.09803921568627451,0.3642105263157895,0.35294117647058826,0.23529411764705882,0.37894736842105264,0.2647058823529412,0.35294117647058826,0.391578947368421
llama31-8b-base,gemma4-31b,geometry_of_truth,1,0.5069582504970179,0.48840291583830353,17,625,17,0.0272,0.8284636222910216,0.46277573529411764,0.06647584949146457,0.3656878869969039,0.404,1000,0.3548387096774194,0.6470588235294118,0.415,0.22580645161290322,0.8235294117647058,0.418,0.112,0.8235294117647058,0.418
llama31-8b-base,gemma4-31b,rte,1,0.608433734939759,0.5180722891566265,15,41,15,0.36585365853658536,0.5512820512820513,0.49743589743589745,0.04615384615384614,0.05384615384615388,0.3870967741935484,62,0.0,0.0,0.3870967741935484,0.25,0.06666666666666667,0.4032258064516129,0.5,0.26666666666666666,0.45161290322580644
llama31-8b-base,gemma4-31b,truthfulqa,1,0.32755102040816325,0.44387755102040816,28,165,28,0.1696969696969697,0.8323774765380605,0.48207768508863397,0.03899506023407668,0.3502997914494265,0.2874617737003058,327,0.75,0.21428571428571427,0.3058103975535168,0.5,0.2857142857142857,0.3119266055045872,0.45454545454545453,0.5357142857142857,0.3333333333333333
llama31-8b-base,llama-8b,boolq,1,0.4367991845056065,0.4857288481141692,67,449,67,0.1492204899777283,0.821794170508713,0.48796592951473,0.030485321123191144,0.33382824099398295,0.21473684210526317,475,0.6363636363636364,0.208955223880597,0.24421052631578946,0.5111111111111111,0.34328358208955223,0.2631578947368421,0.4222222222222222,0.5671641791044776,0.29473684210526313
llama31-8b-base,llama-8b,geometry_of_truth,1,0.5069582504970179,0.546388336646786,94,968,94,0.09710743801652892,0.959686450167973,0.5354782365256341,0.03975431805208686,0.42420821364233896,0.06,1000,0.9583333333333334,0.48936170212765956,0.106,0.7731958762886598,0.7978723404255319,0.135,0.4639175257731959,0.9574468085106383,0.15
llama31-8b-base,llama-8b,imdb,1,0.3383333333333333,0.5256666666666666,35,535,35,0.06542056074766354,0.8988,0.43285714285714283,0.03557410202231221,0.4659428571428572,0.22102161100196463,1018,0.5185185185185185,0.4,0.23477406679764243,0.37037037037037035,0.5714285714285714,0.2406679764243615,0.2523364485981308,0.7714285714285715,0.2475442043222004
llama31-8b-base,llama-8b,rte,1,0.608433734939759,0.572289156626506,19,56,19,0.3392857142857143,0.49502133712660024,0.4722617354196301,0.100034493625016,0.022759601706970112,0.1935483870967742,62,0.0,0.0,0.1935483870967742,0.0,0.0,0.1935483870967742,0.36363636363636365,0.21052631578947367,0.25806451612903225
llama31-8b-base,llama-8b,truthfulqa,1,0.32755102040816325,0.4887755102040816,25,166,25,0.15060240963855423,0.825531914893617,0.4805673758865248,0.06668145301542762,0.3449645390070922,0.25688073394495414,327,0.5,0.16,0.2691131498470948,0.47058823529411764,0.32,0.28134556574923547,0.42424242424242425,0.56,0.2996941896024465
llama31-8b-base,llama31-405b,boolq,1,0.4367991845056065,0.4949031600407747,38,435,38,0.08735632183908046,0.84263555614477,0.5127601749966857,0.032696628693338725,0.32987538114808435,0.25684210526315787,475,0.5909090909090909,0.34210526315789475,0.28421052631578947,0.4318181818181818,0.5,0.2968421052631579,0.28735632183908044,0.6578947368421053,0.3094736842105263
llama31-8b-base,llama31-405b,geometry_of_truth,1,0.5069582504970179,0.5092776673293572,25,903,25,0.02768549280177187,0.9516628701594534,0.5166400911161732,0.07578057658933438,0.43502277904328024,0.11,1000,0.26666666666666666,0.48,0.122,0.2222222222222222,0.8,0.13,0.13812154696132597,1.0,0.135
llama31-8b-base,llama31-405b,imdb,1,0.3383333333333333,0.5306666666666666,26,535,26,0.048598130841121495,0.8410155659664501,0.4608395043070878,0.023593636869360297,0.3801760616593623,0.21414538310412573,1018,0.25925925925925924,0.2692307692307692,0.22102161100196463,0.2222222222222222,0.46153846153846156,0.22593320235756384,0.14953271028037382,0.6153846153846154,0.22986247544204322
llama31-8b-base,llama31-405b,rte,1,0.608433734939759,0.6506024096385542,20,59,20,0.3389830508474576,0.8371794871794872,0.491025641025641,0.06777311610271576,0.3461538461538462,0.22580645161290322,62,1.0,0.15,0.27419354838709675,1.0,0.3,0.3225806451612903,0.75,0.45,0.3709677419354839
llama31-8b-base,llama31-405b,truthfulqa,1,0.32755102040816325,0.5561224489795918,8,160,8,0.05,0.7606907894736843,0.4420230263157895,0.1943422924813355,0.3186677631578948,0.327217125382263,327,0.125,0.125,0.3302752293577982,0.125,0.25,0.3333333333333333,0.1875,0.75,0.345565749235474
llama31-8b-base,llama31-70b,boolq,1,0.4367991845056065,0.5015290519877675,41,440,41,0.09318181818181819,0.8164924506387921,0.4876062106485727,0.06735199713851009,0.3288862399902194,0.25894736842105265,475,0.5,0.2682926829268293,0.28210526315789475,0.36363636363636365,0.3902439024390244,0.2926315789473684,0.2840909090909091,0.6097560975609756,0.31157894736842107
llama31-8b-base,llama31-70b,geometry_of_truth,1,0.5069582504970179,0.5278330019880716,56,937,56,0.05976520811099253,0.9332130695638075,0.4880513215501865,0.03209122635728623,0.44516174801362096,0.082,1000,0.7659574468085106,0.6428571428571429,0.118,0.4787234042553192,0.8035714285714286,0.127,0.2727272727272727,0.9107142857142857,0.133
llama31-8b-base,llama31-70b,imdb,1,0.3383333333333333,0.49833333333333335,20,521,20,0.03838771593090211,0.7704590818363274,0.436626746506986,0.06960056514405497,0.33383233532934137,0.18860510805500982,1018,0.2692307692307692,0.35,0.19548133595284872,0.21153846153846154,0.55,0.1994106090373281,0.11538461538461539,0.6,0.20039292730844793
llama31-8b-base,llama31-70b,rte,1,0.608433734939759,0.5903614457831325,16,55,16,0.2909090909090909,0.8509615384615384,0.41907051282051283,0.03381562154809164,0.4318910256410256,0.24193548387096775,62,0.6666666666666666,0.125,0.27419354838709675,0.6666666666666666,0.25,0.3064516129032258,0.8181818181818182,0.5625,0.3870967741935484
llama31-8b-base,llama31-70b,truthfulqa,1,0.32755102040816325,0.5387755102040817,17,156,17,0.10897435897435898,0.8044858231062209,0.47778247989843414,0.05768372391176712,0.3267033432077867,0.2966360856269113,327,0.375,0.17647058823529413,0.3058103975535168,0.4375,0.4117647058823529,0.3180428134556575,0.3548387096774194,0.6470588235294118,0.3302752293577982
llama31-8b-base,llama31-70b-base,boolq,1,0.4367991845056065,0.44495412844036697,55,389,55,0.14138817480719795,0.7504627109417529,0.497468698965705,0.038908420400242345,0.2529940119760479,0.28210526315789475,475,0.5263157894736842,0.18181818181818182,0.3031578947368421,0.38461538461538464,0.2727272727272727,0.3136842105263158,0.34615384615384615,0.4909090909090909,0.3389473684210526
llama31-8b-base,llama31-70b-base,geometry_of_truth,1,0.5069582504970179,0.5453943008614976,87,883,87,0.0985277463193658,0.9552503898804366,0.45966542482527584,0.020919969069709197,0.4955849650551608,0.144,1000,0.9772727272727273,0.4942528735632184,0.187,0.7840909090909091,0.7931034482758621,0.213,0.4519774011299435,0.9195402298850575,0.224
llama31-8b-base,llama31-70b-base,imdb,1,0.3383333333333333,0.36133333333333334,55,434,55,0.12672811059907835,0.9444471096186137,0.4711921324058527,0.04038476128595125,0.47325497721276094,0.24165029469548133,1018,0.9090909090909091,0.36363636363636365,0.26129666011787817,0.813953488372093,0.6363636363636364,0.27603143418467585,0.5402298850574713,0.8545454545454545,0.28781925343811393
llama31-8b-base,llama31-70b-base,rte,1,0.608433734939759,0.6144578313253012,20,54,20,0.37037037037037035,0.6838235294117647,0.47352941176470587,0.14670177243169924,0.21029411764705885,0.2903225806451613,62,0.6666666666666666,0.1,0.3225806451612903,0.6,0.15,0.3387096774193548,0.5454545454545454,0.3,0.3870967741935484
llama31-8b-base,llama31-70b-base,truthfulqa,1,0.32755102040816325,0.5163265306122449,20,157,20,0.12738853503184713,0.7985401459854014,0.45684306569343064,0.10244733413309853,0.3416970802919707,0.327217125382263,327,0.125,0.05,0.3302752293577982,0.375,0.3,0.345565749235474,0.3548387096774194,0.55,0.36085626911314983
llama31-8b-base,qwen3-32b,boolq,1,0.4367991845056065,0.5535168195718655,42,440,42,0.09545454545454546,0.7663316582914572,0.5448372816463268,0.08343458535769573,0.2214943766451304,0.27157894736842103,475,0.36363636363636365,0.19047619047619047,0.28842105263157897,0.3409090909090909,0.35714285714285715,0.3031578947368421,0.26136363636363635,0.5476190476190477,0.32
llama31-8b-base,qwen3-32b,geometry_of_truth,1,0.5069582504970179,0.5165672630881378,36,915,36,0.03934426229508197,0.9075338136771585,0.4852341676147136,0.061387020341867445,0.42229964606244486,0.099,1000,0.45652173913043476,0.5833333333333334,0.12,0.2826086956521739,0.7222222222222222,0.125,0.17486338797814208,0.8888888888888888,0.131
llama31-8b-base,qwen3-32b,imdb,1,0.3383333333333333,0.5196666666666667,28,527,28,0.05313092979127135,0.9156885198969367,0.496027769825365,0.09590068314337374,0.41966075007157166,0.21414538310412573,1018,0.4230769230769231,0.39285714285714285,0.224950884086444,0.32075471698113206,0.6071428571428571,0.23084479371316308,0.23809523809523808,0.8928571428571429,0.2387033398821218
llama31-8b-base,qwen3-32b,rte,1,0.608433734939759,0.6445783132530121,16,56,16,0.2857142857142857,0.9359375,0.49609374999999994,0.09249485310849731,0.43984375000000003,0.2903225806451613,62,1.0,0.1875,0.3387096774193548,1.0,0.375,0.3870967741935484,1.0,0.6875,0.46774193548387094
llama31-8b-base,qwen3-32b,truthfulqa,1,0.32755102040816325,0.5540816326530612,16,143,16,0.11188811188811189,0.8090551181102361,0.5257135826771654,0.10606963340391307,0.2833415354330707,0.3577981651376147,327,0.42857142857142855,0.1875,0.3669724770642202,0.5,0.4375,0.37920489296636084,0.3103448275862069,0.5625,0.3853211009174312
llama31-8b-base,qwen3-8b,boolq,1,0.4367991845056065,0.527013251783894,51,447,51,0.11409395973154363,0.7817389582095464,0.5347346009110716,0.06389289238619951,0.2470043572984748,0.2505263157894737,475,0.45454545454545453,0.19607843137254902,0.27157894736842103,0.28888888888888886,0.2549019607843137,0.27789473684210525,0.30337078651685395,0.5294117647058824,0.30736842105263157
llama31-8b-base,qwen3-8b,geometry_of_truth,1,0.5069582504970179,0.49204771371769385,20,872,20,0.022935779816513763,0.7808685446009389,0.4881748826291079,0.07938837882225198,0.292693661971831,0.115,1000,0.1590909090909091,0.35,0.122,0.13793103448275862,0.6,0.127,0.08620689655172414,0.75,0.13
llama31-8b-base,qwen3-8b,imdb,1,0.3383333333333333,0.5193333333333333,29,526,29,0.055133079847908745,0.8772635814889336,0.5283077777006868,0.05390668460034068,0.34895580378824675,0.22986247544204322,1018,0.5,0.4482758620689655,0.24263261296660119,0.2641509433962264,0.4827586206896552,0.24361493123772102,0.2,0.7241379310344828,0.2504911591355599
llama31-8b-base,qwen3-8b,rte,1,0.608433734939759,0.5662650602409639,12,49,12,0.24489795918367346,0.8963963963963963,0.37274774774774777,0.07091018689833857,0.5236486486486486,0.3387096774193548,62,1.0,0.16666666666666666,0.3709677419354839,0.6,0.25,0.3870967741935484,0.6,0.5,0.43548387096774194
llama31-8b-base,qwen3-8b,truthfulqa,1,0.32755102040816325,0.5255102040816326,19,155,19,0.12258064516129032,0.6768575851393188,0.4417569659442724,0.10195054989283193,0.23510061919504643,0.345565749235474,327,0.375,0.15789473684210525,0.3547400611620795,0.3125,0.2631578947368421,0.36085626911314983,0.22580645161290322,0.3684210526315789,0.3669724770642202
llama31-8b-base,qwen3-8b-base,boolq,1,0.4367991845056065,0.5407747196738022,53,411,53,0.12895377128953772,0.7747970907557711,0.4845973437335301,0.052617028119846705,0.290199747022241,0.3263157894736842,475,0.38095238095238093,0.1509433962264151,0.3431578947368421,0.34146341463414637,0.2641509433962264,0.35578947368421054,0.34146341463414637,0.5283018867924528,0.38526315789473686
llama31-8b-base,qwen3-8b-base,geometry_of_truth,1,0.5069582504970179,0.5536779324055666,84,970,84,0.0865979381443299,0.9567209502311083,0.5150119585080082,0.04646175721997805,0.4417089917231001,0.07,1000,0.9375,0.5357142857142857,0.115,0.6494845360824743,0.75,0.133,0.41237113402061853,0.9523809523809523,0.15
llama31-8b-base,qwen3-8b-base,imdb,1,0.3383333333333333,0.556,29,538,29,0.05390334572490706,0.8597655985366845,0.5062326400650363,0.012122338484420037,0.35353295847164823,0.26719056974459726,1018,0.37037037037037035,0.3448275862068966,0.2770137524557957,0.24074074074074073,0.4482758620689655,0.27996070726915523,0.17592592592592593,0.6551724137931034,0.28585461689587427
llama31-8b-base,qwen3-8b-base,rte,1,0.608433734939759,0.6325301204819277,17,56,17,0.30357142857142855,0.7631975867269986,0.42006033182503766,0.1433138819358787,0.3431372549019609,0.25806451612903225,62,1.0,0.17647058823529413,0.3064516129032258,0.8333333333333334,0.29411764705882354,0.3387096774193548,0.6363636363636364,0.4117647058823529,0.3709677419354839
llama31-8b-base,qwen3-8b-base,truthfulqa,1,0.32755102040816325,0.45510204081632655,21,165,21,0.12727272727272726,0.82010582010582,0.5419146825396826,0.11079532173963148,0.27819113756613745,0.28134556574923547,327,0.5,0.19047619047619047,0.29357798165137616,0.375,0.2857142857142857,0.2996941896024465,0.36363636363636365,0.5714285714285714,0.3180428134556575
llama31-8b-base,qwen38-27b,boolq,1,0.4367991845056065,0.5764525993883792,29,419,29,0.06921241050119331,0.7195402298850575,0.4730990274093722,0.07819997681384283,0.2464412024756853,0.28842105263157897,475,0.3333333333333333,0.2413793103448276,0.3031578947368421,0.19047619047619047,0.27586206896551724,0.30526315789473685,0.14285714285714285,0.41379310344827586,0.3136842105263158
llama31-8b-base,qwen38-27b,geometry_of_truth,1,0.5069582504970179,0.5152418820410868,32,912,32,0.03508771929824561,0.8484019886363637,0.5061434659090909,0.09979228049499804,0.34225852272727286,0.107,1000,0.3695652173913043,0.53125,0.124,0.25274725274725274,0.71875,0.13,0.15384615384615385,0.875,0.135
llama31-8b-base,qwen38-27b,rte,1,0.608433734939759,0.6506024096385542,18,58,18,0.3103448275862069,0.9458333333333333,0.3163194444444445,0.030244231543662462,0.6295138888888888,0.25806451612903225,62,1.0,0.16666666666666666,0.3064516129032258,1.0,0.3333333333333333,0.3548387096774194,0.9166666666666666,0.6111111111111112,0.43548387096774194
llama31-8b-base,qwen38-27b,truthfulqa,1,0.32755102040816325,0.5438775510204081,17,153,17,0.1111111111111111,0.8252595155709342,0.4005190311418685,0.05608512495417111,0.42474048442906576,0.327217125382263,327,0.625,0.29411764705882354,0.3425076452599388,0.4666666666666667,0.4117647058823529,0.3486238532110092,0.3548387096774194,0.6470588235294118,0.36085626911314983
olmo3-7b,gemma2-9b,boolq,1,0.5611620795107034,0.509683995922528,43,475,43,0.09052631578947369,0.794196813092162,0.5347625968992248,0.04751470171340057,0.25943421619293716,0.3473684210526316,475,0.4583333333333333,0.2558139534883721,0.3705263157894737,0.375,0.4186046511627907,0.38526315789473686,0.25263157894736843,0.5581395348837209,0.39789473684210525
olmo3-7b,gemma2-9b,geometry_of_truth,1,0.6146454605699139,0.5099403578528827,30,1022,30,0.029354207436399216,0.927486559139785,0.5357274865591398,0.02983655625244055,0.39175907258064513,0.199,1000,0.35294117647058826,0.6,0.217,0.23529411764705882,0.8,0.223,0.13725490196078433,0.9333333333333333,0.227
olmo3-7b,gemma2-9b,imdb,1,0.53,0.48433333333333334,68,940,68,0.07234042553191489,0.8981212898003237,0.507892606583918,0.040807950463859384,0.3902286832164057,0.07956777996070727,1018,0.5319148936170213,0.36764705882352944,0.10412573673870335,0.3723404255319149,0.5147058823529411,0.11394891944990176,0.28191489361702127,0.7794117647058824,0.13163064833005894
olmo3-7b,gemma2-9b,rte,1,0.608433734939759,0.5301204819277109,13,52,13,0.25,0.7435897435897436,0.5355029585798816,0.08415066658773897,0.208086785009862,0.20967741935483872,62,0.6666666666666666,0.15384615384615385,0.24193548387096775,0.8,0.3076923076923077,0.27419354838709675,0.5,0.38461538461538464,0.2903225806451613
olmo3-7b,gemma2-9b,truthfulqa,1,0.41836734693877553,0.5275510204081633,31,184,31,0.16847826086956522,0.8349146110056926,0.5088551549652118,0.03318574071975461,0.3260594560404808,0.3302752293577982,327,0.3333333333333333,0.0967741935483871,0.3394495412844037,0.4444444444444444,0.25806451612903225,0.3547400611620795,0.4594594594594595,0.5483870967741935,0.382262996941896
olmo3-7b,gemma4-12b,boolq,1,0.5611620795107034,0.5825688073394495,115,471,115,0.24416135881104034,0.7123839765510503,0.4900036638983879,0.03717255744376642,0.22238031265266245,0.4631578947368421,475,0.7083333333333334,0.14782608695652175,0.49894736842105264,0.6170212765957447,0.25217391304347825,0.5242105263157895,0.574468085106383,0.46956521739130436,0.5768421052631579
olmo3-7b,gemma4-12b,geometry_of_truth,1,0.6146454605699139,0.47879390324718357,54,563,54,0.09591474245115453,0.9157753037910209,0.500582114531034,0.03085840848413325,0.41519318925998694,0.573,1000,0.8571428571428571,0.4444444444444444,0.597,0.6607142857142857,0.6851851851851852,0.61,0.40707964601769914,0.8518518518518519,0.619
olmo3-7b,gemma4-12b,imdb,1,0.53,0.5256666666666666,61,569,61,0.10720562390158173,0.8751129469472054,0.4827836581902672,0.026415628589905586,0.39232928875693823,0.5235756385068763,1018,0.6785714285714286,0.3114754098360656,0.5422396856581533,0.5614035087719298,0.5245901639344263,0.5550098231827112,0.35964912280701755,0.6721311475409836,0.5638506876227898
olmo3-7b,gemma4-12b,rte,1,0.608433734939759,0.5602409638554217,15,38,15,0.39473684210526316,0.47536231884057967,0.44565217391304346,0.09473373291087359,0.02971014492753621,0.4838709677419355,62,0.0,0.0,0.4838709677419355,0.25,0.06666666666666667,0.5,0.375,0.2,0.532258064516129
olmo3-7b,gemma4-12b,truthfulqa,1,0.41836734693877553,0.5112244897959184,47,169,47,0.2781065088757396,0.6813742588071154,0.4881409138472271,0.06750476886279007,0.19323334495988836,0.42813455657492355,327,0.0,0.0,0.42813455657492355,0.29411764705882354,0.10638297872340426,0.4434250764525994,0.4117647058823529,0.2978723404255319,0.4709480122324159
olmo3-7b,gemma4-12b-base,boolq,1,0.5611620795107034,0.5448521916411825,70,503,70,0.13916500994035785,0.7419333553282745,0.509477070273837,0.03712929412739325,0.2324562850544375,0.36,475,0.36,0.12857142857142856,0.37894736842105264,0.36,0.2571428571428571,0.39789473684210525,0.33663366336633666,0.4857142857142857,0.43157894736842106
olmo3-7b,gemma4-12b-base,geometry_of_truth,1,0.6146454605699139,0.47746852220013253,49,935,49,0.052406417112299465,0.9437278297323445,0.508591698530428,0.022477315138037277,0.4351361312019165,0.202,1000,0.8723404255319149,0.8367346938775511,0.243,0.48936170212765956,0.9387755102040817,0.248,0.24598930481283424,0.9387755102040817,0.248
olmo3-7b,gemma4-12b-base,imdb,1,0.53,0.38233333333333336,46,558,46,0.08243727598566308,0.861328125,0.470650050951087,0.03540859188334025,0.390678074048913,0.2770137524557957,1018,0.4642857142857143,0.2826086956521739,0.28978388998035365,0.39285714285714285,0.4782608695652174,0.29862475442043224,0.3125,0.7608695652173914,0.3113948919449902
olmo3-7b,gemma4-12b-base,rte,1,0.608433734939759,0.6626506024096386,18,56,18,0.32142857142857145,0.6842105263157894,0.47149122807017546,0.15783211612905523,0.21271929824561392,0.3064516129032258,62,0.6666666666666666,0.1111111111111111,0.3387096774193548,0.5,0.16666666666666666,0.3548387096774194,0.5454545454545454,0.3333333333333333,0.4032258064516129
olmo3-7b,gemma4-12b-base,truthfulqa,1,0.41836734693877553,0.41020408163265304,31,168,31,0.18452380952380953,0.6922533553096304,0.551977866729456,0.06971939566337063,0.14027548858017436,0.3058103975535168,327,0.125,0.03225806451612903,0.308868501529052,0.17647058823529413,0.0967741935483871,0.3149847094801223,0.29411764705882354,0.3225806451612903,0.3363914373088685
olmo3-7b,gemma4-31b,boolq,1,0.5611620795107034,0.5428134556574924,64,472,64,0.13559322033898305,0.6329656862745098,0.4895546109068628,0.03806434623809612,0.14341107536764697,0.3957894736842105,475,0.20833333333333334,0.078125,0.4063157894736842,0.23404255319148937,0.171875,0.4189473684210526,0.22340425531914893,0.328125,0.44
olmo3-7b,gemma4-31b,geometry_of_truth,1,0.6146454605699139,0.48840291583830353,53,730,53,0.07260273972602739,0.9496669546556674,0.4788397759259776,0.05926028980874262,0.4708271787296898,0.426,1000,0.8333333333333334,0.5660377358490566,0.456,0.6164383561643836,0.8490566037735849,0.471,0.3493150684931507,0.9622641509433962,0.477
olmo3-7b,gemma4-31b,rte,1,0.608433734939759,0.5180722891566265,17,46,17,0.3695652173913043,0.5192697768762677,0.41987829614604466,0.05838473819320187,0.09939148073022308,0.25806451612903225,62,0.5,0.058823529411764705,0.27419354838709675,0.6,0.17647058823529413,0.3064516129032258,0.5555555555555556,0.29411764705882354,0.3387096774193548
olmo3-7b,gemma4-31b,truthfulqa,1,0.41836734693877553,0.44387755102040816,28,176,28,0.1590909090909091,0.7277992277992278,0.4663368725868726,0.13848013980855886,0.26146235521235517,0.363914373088685,327,0.4444444444444444,0.14285714285714285,0.3761467889908257,0.3888888888888889,0.25,0.3853211009174312,0.2857142857142857,0.35714285714285715,0.3944954128440367
olmo3-7b,llama-8b,boolq,1,0.5611620795107034,0.4857288481141692,50,435,50,0.11494252873563218,0.8198961038961038,0.45327272727272727,0.004278782272627274,0.3666233766233765,0.3831578947368421,475,0.5,0.22,0.4063157894736842,0.4318181818181818,0.38,0.4231578947368421,0.3448275862068966,0.6,0.4463157894736842
olmo3-7b,llama-8b,geometry_of_truth,1,0.6146454605699139,0.546388336646786,101,1084,101,0.09317343173431734,0.9622896165506682,0.5033036874389372,0.012261063636714493,0.4589859291117311,0.14,1000,0.9629629629629629,0.5148514851485149,0.192,0.75,0.801980198019802,0.221,0.4377880184331797,0.9405940594059405,0.235
olmo3-7b,llama-8b,imdb,1,0.53,0.5256666666666666,88,976,88,0.09016393442622951,0.8992756961506961,0.4854211455773955,0.06412499558101685,0.4138545505733006,0.09233791748526522,1018,0.5510204081632653,0.3068181818181818,0.11886051080550099,0.5102040816326531,0.5681818181818182,0.14145383104125736,0.35384615384615387,0.7840909090909091,0.16011787819253437
olmo3-7b,llama-8b,rte,1,0.608433734939759,0.572289156626506,14,52,14,0.2692307692307692,0.42293233082706766,0.3726503759398496,0.1117779164384128,0.05028195488721804,0.2903225806451613,62,0.3333333333333333,0.07142857142857142,0.3064516129032258,0.2,0.07142857142857142,0.3064516129032258,0.2,0.14285714285714285,0.3225806451612903
olmo3-7b,llama-8b,truthfulqa,1,0.41836734693877553,0.4887755102040816,30,188,30,0.1595744680851064,0.7822784810126582,0.4468354430379747,0.041441870768772156,0.3354430379746835,0.30275229357798167,327,0.3333333333333333,0.1,0.3119266055045872,0.47368421052631576,0.3,0.3302752293577982,0.47368421052631576,0.6,0.3577981651376147
olmo3-7b,llama31-405b,boolq,1,0.5611620795107034,0.4949031600407747,26,438,26,0.0593607305936073,0.7898618371919343,0.5277725914861837,0.039094313165326404,0.26208924570575054,0.40421052631578946,475,0.22727272727272727,0.19230769230769232,0.4147368421052632,0.25,0.4230769230769231,0.42736842105263156,0.18181818181818182,0.6153846153846154,0.4378947368421053
olmo3-7b,llama31-405b,geometry_of_truth,1,0.6146454605699139,0.5092776673293572,25,1021,25,0.024485798237022526,0.8790763052208836,0.5396787148594377,0.05054431068980332,0.3393975903614459,0.204,1000,0.2549019607843137,0.52,0.217,0.19607843137254902,0.8,0.224,0.10784313725490197,0.88,0.226
olmo3-7b,llama31-405b,imdb,1,0.53,0.5306666666666666,78,990,78,0.07878787878787878,0.8866677912730544,0.4287421277552856,0.044825009871497616,0.4579256635177688,0.08742632612966601,1018,0.56,0.358974358974359,0.11493123772102161,0.42424242424242425,0.5384615384615384,0.12868369351669942,0.30303030303030304,0.7692307692307693,0.14636542239685657
olmo3-7b,llama31-405b,rte,1,0.608433734939759,0.6506024096385542,17,59,17,0.288135593220339,0.76890756302521,0.4198179271708683,0.05320631331407294,0.3490896358543417,0.25806451612903225,62,0.3333333333333333,0.058823529411764705,0.27419354838709675,0.6666666666666666,0.23529411764705882,0.3225806451612903,0.5833333333333334,0.4117647058823529,0.3709677419354839
olmo3-7b,llama31-405b,truthfulqa,1,0.41836734693877553,0.5561224489795918,15,194,15,0.07731958762886598,0.7694599627560522,0.4696461824953445,0.046062949738496915,0.2998137802607077,0.36085626911314983,327,0.2,0.13333333333333333,0.3669724770642202,0.15789473684210525,0.2,0.37003058103975534,0.20512820512820512,0.5333333333333333,0.3853211009174312
olmo3-7b,llama31-70b,boolq,1,0.5611620795107034,0.5015290519877675,28,429,28,0.06526806526806526,0.7865158532240827,0.5263849305308159,0.058565694114970264,0.26013092269326676,0.4105263157894737,475,0.19047619047619047,0.14285714285714285,0.4189473684210526,0.16279069767441862,0.25,0.42526315789473684,0.16279069767441862,0.5,0.44
olmo3-7b,llama31-70b,geometry_of_truth,1,0.6146454605699139,0.5278330019880716,56,1055,56,0.05308056872037915,0.9536143286143286,0.49911518661518667,0.06336628853485356,0.45449914199914193,0.176,1000,0.6981132075471698,0.6607142857142857,0.213,0.44339622641509435,0.8392857142857143,0.223,0.25118483412322273,0.9464285714285714,0.229
olmo3-7b,llama31-70b,imdb,1,0.53,0.49833333333333335,60,958,60,0.06263048016701461,0.8748515219005196,0.5065655159613957,0.039700916153836134,0.368286005939124,0.08546168958742632,1018,0.4583333333333333,0.36666666666666664,0.10707269155206287,0.375,0.6,0.12082514734774066,0.2552083333333333,0.8166666666666667,0.13359528487229863
olmo3-7b,llama31-70b,rte,1,0.608433734939759,0.5903614457831325,15,56,15,0.26785714285714285,0.8455284552845529,0.48577235772357724,0.12815842511807843,0.35975609756097565,0.20967741935483872,62,0.6666666666666666,0.13333333333333333,0.24193548387096775,0.8333333333333334,0.3333333333333333,0.2903225806451613,0.7272727272727273,0.5333333333333333,0.3387096774193548
olmo3-7b,llama31-70b,truthfulqa,1,0.41836734693877553,0.5387755102040817,22,192,22,0.11458333333333333,0.7692513368983958,0.5299465240641712,0.07505348069855901,0.23930481283422456,0.3425076452599388,327,0.3,0.13636363636363635,0.3516819571865443,0.2631578947368421,0.22727272727272727,0.3577981651376147,0.2894736842105263,0.5,0.3761467889908257
olmo3-7b,llama31-70b-base,boolq,1,0.5611620795107034,0.44495412844036697,48,379,48,0.1266490765171504,0.69662638469285,0.4822979607250755,0.06263981787304991,0.21432842396777446,0.40842105263157896,475,0.3157894736842105,0.125,0.42105263157894735,0.3157894736842105,0.25,0.4336842105263158,0.2894736842105263,0.4583333333333333,0.45473684210526316
olmo3-7b,llama31-70b-base,geometry_of_truth,1,0.6146454605699139,0.5453943008614976,147,1057,147,0.1390728476821192,0.9757568961650595,0.5011231965313598,0.04116356947550059,0.4746336996336996,0.118,1000,1.0,0.36054421768707484,0.171,1.0,0.7210884353741497,0.224,0.6682464454976303,0.9591836734693877,0.259
olmo3-7b,llama31-70b-base,imdb,1,0.53,0.36133333333333334,55,567,55,0.09700176366843033,0.8595170454545454,0.49551669034090906,0.01620445771481167,0.3640003551136364,0.21709233791748528,1018,0.5357142857142857,0.2727272727272727,0.2318271119842829,0.47368421052631576,0.4909090909090909,0.24361493123772102,0.35398230088495575,0.7272727272727273,0.25638506876227896
olmo3-7b,llama31-70b-base,rte,1,0.608433734939759,0.6144578313253012,18,53,18,0.33962264150943394,0.7174603174603175,0.426984126984127,0.10094664054758476,0.29047619047619044,0.2903225806451613,62,0.6666666666666666,0.1111111111111111,0.3225806451612903,0.8,0.2222222222222222,0.3548387096774194,0.6363636363636364,0.3888888888888889,0.4032258064516129
olmo3-7b,llama31-70b-base,truthfulqa,1,0.41836734693877553,0.5163265306122449,34,191,34,0.17801047120418848,0.7304233795428999,0.4759273136005995,0.04903313911814083,0.25449606594230045,0.3180428134556575,327,0.3,0.08823529411764706,0.327217125382263,0.21052631578947367,0.11764705882352941,0.3302752293577982,0.39473684210526316,0.4411764705882353,0.363914373088685
olmo3-7b,llama31-8b-base,boolq,1,0.5611620795107034,0.4367991845056065,63,367,63,0.17166212534059946,0.6959586466165414,0.5077929197994987,0.020258656969255363,0.1881657268170427,0.391578947368421,475,0.3888888888888889,0.1111111111111111,0.4063157894736842,0.40540540540540543,0.23809523809523808,0.4231578947368421,0.3150684931506849,0.36507936507936506,0.44
olmo3-7b,llama31-8b-base,geometry_of_truth,1,0.6146454605699139,0.5069582504970179,103,987,103,0.10435663627152988,0.9636032157448492,0.5174131265650397,0.014429043487275355,0.4461900891798095,0.156,1000,0.9591836734693877,0.4563106796116505,0.203,0.8080808080808081,0.7766990291262136,0.236,0.48223350253807107,0.9223300970873787,0.251
olmo3-7b,llama31-8b-base,imdb,1,0.53,0.3383333333333333,35,536,35,0.06529850746268656,0.8973481608212147,0.5533219275734245,0.047164463581615,0.34402623324779025,0.2288801571709234,1018,0.5185185185185185,0.4,0.24263261296660119,0.37037037037037035,0.5714285714285714,0.24852652259332023,0.27102803738317754,0.8285714285714286,0.25736738703339884
olmo3-7b,llama31-8b-base,rte,1,0.608433734939759,0.608433734939759,16,53,16,0.3018867924528302,0.706081081081081,0.5063344594594595,0.10676273690700157,0.1997466216216215,0.2903225806451613,62,1.0,0.1875,0.3387096774193548,0.6,0.1875,0.3387096774193548,0.6363636363636364,0.4375,0.4032258064516129
olmo3-7b,llama31-8b-base,truthfulqa,1,0.41836734693877553,0.32755102040816325,24,183,24,0.13114754098360656,0.8325471698113207,0.4424135220125786,0.044908671318795994,0.3901336477987421,0.21712538226299694,327,0.6666666666666666,0.25,0.23547400611620795,0.6666666666666666,0.5,0.25382262996941896,0.40540540540540543,0.625,0.26299694189602446
olmo3-7b,qwen3-32b,boolq,1,0.5611620795107034,0.5535168195718655,43,487,43,0.08829568788501027,0.7333438089252042,0.5101875130944898,0.10781611077332814,0.2231562958307144,0.3642105263157895,475,0.2916666666666667,0.16279069767441862,0.37894736842105264,0.22448979591836735,0.2558139534883721,0.3873684210526316,0.17525773195876287,0.3953488372093023,0.4
olmo3-7b,qwen3-32b,geometry_of_truth,1,0.6146454605699139,0.5165672630881378,36,1036,36,0.03474903474903475,0.9615555555555555,0.49895833333333334,0.05316751022493455,0.46259722222222216,0.193,1000,0.4423076923076923,0.6388888888888888,0.216,0.2980769230769231,0.8611111111111112,0.224,0.1642512077294686,0.9444444444444444,0.227
olmo3-7b,qwen3-32b,imdb,1,0.53,0.5196666666666667,91,993,91,0.09164149043303121,0.8975780317243731,0.5233150995346117,0.013399154384375538,0.37426293218976137,0.06581532416502947,1018,0.62,0.34065934065934067,0.0962671905697446,0.48484848484848486,0.5274725274725275,0.11296660117878192,0.35678391959798994,0.7802197802197802,0.13555992141453832
olmo3-7b,qwen3-32b,rte,1,0.608433734939759,0.6445783132530121,18,62,18,0.2903225806451613,0.875,0.42455808080808083,0.1543102222739799,0.45044191919191917,0.16129032258064516,62,1.0,0.16666666666666666,0.20967741935483872,1.0,0.3333333333333333,0.25806451612903225,0.8333333333333334,0.5555555555555556,0.3225806451612903
olmo3-7b,qwen3-32b,truthfulqa,1,0.41836734693877553,0.5540816326530612,34,189,34,0.17989417989417988,0.8022770398481973,0.5265654648956356,0.057952323056447735,0.2757115749525617,0.3241590214067278,327,0.2222222222222222,0.058823529411764705,0.3302752293577982,0.42105263157894735,0.23529411764705882,0.3486238532110092,0.4473684210526316,0.5,0.3761467889908257
olmo3-7b,qwen3-8b,boolq,1,0.5611620795107034,0.527013251783894,50,480,50,0.10416666666666667,0.8134418604651162,0.4761860465116279,0.05834146328779715,0.33725581395348836,0.35157894736842105,475,0.4166666666666667,0.2,0.3726315789473684,0.4375,0.42,0.3957894736842105,0.3125,0.6,0.4147368421052632
olmo3-7b,qwen3-8b,geometry_of_truth,1,0.6146454605699139,0.49204771371769385,21,989,21,0.021233569261880688,0.7282565918929554,0.5108471074380165,0.03714340600193063,0.2174094844549389,0.207,1000,0.12244897959183673,0.2857142857142857,0.213,0.1111111111111111,0.5238095238095238,0.218,0.0707070707070707,0.6666666666666666,0.221
olmo3-7b,qwen3-8b,imdb,1,0.53,0.5193333333333333,98,989,98,0.09908998988877654,0.9032616413568794,0.49844533773105204,0.01410451600890497,0.4048163036258273,0.06974459724950884,1018,0.7959183673469388,0.3979591836734694,0.10805500982318271,0.6262626262626263,0.6326530612244898,0.13064833005893908,0.3686868686868687,0.7448979591836735,0.14145383104125736
olmo3-7b,qwen3-8b,rte,1,0.608433734939759,0.5662650602409639,14,56,14,0.25,0.7568027210884354,0.43749999999999994,0.1960965292946954,0.31930272108843544,0.20967741935483872,62,0.6666666666666666,0.14285714285714285,0.24193548387096775,0.6666666666666666,0.2857142857142857,0.27419354838709675,0.45454545454545453,0.35714285714285715,0.2903225806451613
olmo3-7b,qwen3-8b,truthfulqa,1,0.41836734693877553,0.5255102040816326,37,199,37,0.18592964824120603,0.8520186853520186,0.5309893226559893,0.08058398064811799,0.32102936269602933,0.3119266055045872,327,0.5,0.13513513513513514,0.327217125382263,0.55,0.2972972972972973,0.345565749235474,0.65,0.7027027027027027,0.39143730886850153
olmo3-7b,qwen3-8b-base,boolq,1,0.5611620795107034,0.5407747196738022,83,540,83,0.1537037037037037,0.7180406527642298,0.45084495531359575,0.03443097571824324,0.26719569745063404,0.2968421052631579,475,0.5555555555555556,0.18072289156626506,0.32842105263157895,0.46296296296296297,0.30120481927710846,0.3494736842105263,0.32407407407407407,0.42168674698795183,0.3705263157894737
olmo3-7b,qwen3-8b-base,geometry_of_truth,1,0.6146454605699139,0.5536779324055666,93,1100,93,0.08454545454545455,0.953561627745566,0.4978617419995515,0.04707654416954758,0.45569988574601444,0.146,1000,0.8909090909090909,0.5268817204301075,0.195,0.6818181818181818,0.8064516129032258,0.221,0.39545454545454545,0.9354838709677419,0.233
olmo3-7b,qwen3-8b-base,imdb,1,0.53,0.556,102,1010,102,0.100990099009901,0.863544096052518,0.4544220221128099,0.009834415007605296,0.4091220739397081,0.09921414538310412,1018,0.66,0.3235294117647059,0.13163064833005894,0.5247524752475248,0.5196078431372549,0.1512770137524558,0.37623762376237624,0.7450980392156863,0.1738703339882122
olmo3-7b,qwen3-8b-base,rte,1,0.608433734939759,0.6325301204819277,18,62,18,0.2903225806451613,0.7853535353535354,0.4501262626262626,0.07684665411817385,0.33522727272727276,0.16129032258064516,62,1.0,0.16666666666666666,0.20967741935483872,0.8333333333333334,0.2777777777777778,0.24193548387096775,0.6666666666666666,0.4444444444444444,0.2903225806451613
olmo3-7b,qwen3-8b-base,truthfulqa,1,0.41836734693877553,0.45510204081632655,22,172,22,0.12790697674418605,0.8324242424242424,0.5324242424242425,0.05184298538037406,0.29999999999999993,0.3516819571865443,327,0.5555555555555556,0.22727272727272727,0.3669724770642202,0.47058823529411764,0.36363636363636365,0.3761467889908257,0.4117647058823529,0.6363636363636364,0.3944954128440367
olmo3-7b,qwen38-27b,boolq,1,0.5611620795107034,0.5764525993883792,33,503,33,0.06560636182902585,0.7088330109606705,0.45385235332043844,0.08718802589527146,0.2549806576402321,0.3684210526315789,475,0.16,0.12121212121212122,0.37684210526315787,0.2,0.30303030303030304,0.3894736842105263,0.1485148514851485,0.45454545454545453,0.4
olmo3-7b,qwen38-27b,geometry_of_truth,1,0.6146454605699139,0.5152418820410868,35,1033,35,0.03388189738625363,0.8685370741482966,0.49766676209561983,0.05830023833376368,0.3708703120526768,0.195,1000,0.40384615384615385,0.6,0.216,0.2524271844660194,0.7428571428571429,0.221,0.1497584541062802,0.8857142857142857,0.226
olmo3-7b,qwen38-27b,rte,1,0.608433734939759,0.6506024096385542,20,63,20,0.31746031746031744,0.8988372093023256,0.502906976744186,0.13070538130053944,0.3959302325581395,0.12903225806451613,62,1.0,0.15,0.1774193548387097,1.0,0.3,0.22580645161290322,0.8461538461538461,0.55,0.3064516129032258
olmo3-7b,qwen38-27b,truthfulqa,1,0.41836734693877553,0.5438775510204081,35,202,35,0.17326732673267325,0.8313088109495296,0.5046193327630453,0.07569045773442097,0.3266894781864843,0.29357798165137616,327,0.5,0.14285714285714285,0.308868501529052,0.35,0.2,0.3149847094801223,0.475,0.5428571428571428,0.3516819571865443
qwen3-1.7b,gemma2-9b,boolq,1,0.6009174311926605,0.509683995922528,34,485,34,0.07010309278350516,0.7547280553019433,0.5118201382548585,0.016432474843632378,0.2429079170470848,0.40421052631578946,475,0.4166666666666667,0.29411764705882354,0.42526315789473684,0.3541666666666667,0.5,0.44,0.21649484536082475,0.6176470588235294,0.44842105263157894
qwen3-1.7b,gemma2-9b,geometry_of_truth,1,0.5546719681908548,0.5099403578528827,30,1001,30,0.029970029970029972,0.9109165808444902,0.5265447991761072,0.0521672759208455,0.38437178166838304,0.104,1000,0.28,0.4666666666666667,0.118,0.22,0.7333333333333333,0.126,0.135,0.9,0.131
qwen3-1.7b,gemma2-9b,imdb,1,0.448,0.48433333333333334,46,806,46,0.05707196029776675,0.8995995423340961,0.5133652745995423,0.061848460075311744,0.3862342677345538,0.09921414538310412,1018,0.55,0.4782608695652174,0.12082514734774066,0.2962962962962963,0.5217391304347826,0.12278978388998035,0.2360248447204969,0.8260869565217391,0.13654223968565815
qwen3-1.7b,gemma2-9b,rte,1,0.5481927710843374,0.5301204819277109,10,39,10,0.2564102564102564,0.8551724137931034,0.4956896551724138,0.05792564630114605,0.35948275862068957,0.4032258064516129,62,1.0,0.2,0.43548387096774194,1.0,0.4,0.46774193548387094,0.75,0.6,0.5
qwen3-1.7b,gemma2-9b,truthfulqa,1,0.5306122448979592,0.5275510204081633,48,211,48,0.22748815165876776,0.7212423312883436,0.4809560327198364,0.030017561802813793,0.2402862985685072,0.39755351681957185,327,0.36363636363636365,0.08333333333333333,0.40978593272171254,0.38095238095238093,0.16666666666666666,0.42201834862385323,0.40476190476190477,0.3541666666666667,0.44954128440366975
qwen3-1.7b,gemma4-12b,boolq,1,0.6009174311926605,0.5825688073394495,140,528,140,0.26515151515151514,0.689580265095729,0.5241071428571429,0.03995065186224257,0.16547312223858612,0.37684210526315787,475,0.5384615384615384,0.1,0.4063157894736842,0.4528301886792453,0.17142857142857143,0.42736842105263156,0.4528301886792453,0.34285714285714286,0.47789473684210526
qwen3-1.7b,gemma4-12b,geometry_of_truth,1,0.5546719681908548,0.47879390324718357,29,526,29,0.055133079847908745,0.8841323804898356,0.46440713244987164,0.05814237949972066,0.4197252480399639,0.528,1000,0.6538461538461539,0.5862068965517241,0.545,0.3584905660377358,0.6551724137931034,0.547,0.22857142857142856,0.8275862068965517,0.552
qwen3-1.7b,gemma4-12b,imdb,1,0.448,0.5256666666666666,71,522,71,0.1360153256704981,0.8749882889353862,0.5043057680896912,0.06006421789840937,0.370682520845695,0.48035363457760316,1018,0.8461538461538461,0.30985915492957744,0.5019646365422397,0.6730769230769231,0.49295774647887325,0.5147347740667977,0.46153846153846156,0.676056338028169,0.5275049115913556
qwen3-1.7b,gemma4-12b,rte,1,0.5481927710843374,0.5602409638554217,15,31,15,0.4838709677419355,0.625,0.4239583333333333,0.14852793297895178,0.20104166666666667,0.5806451612903226,62,0.5,0.06666666666666667,0.5967741935483871,0.6666666666666666,0.13333333333333333,0.6129032258064516,0.8333333333333334,0.3333333333333333,0.6612903225806451
qwen3-1.7b,gemma4-12b,truthfulqa,1,0.5306122448979592,0.5112244897959184,78,211,78,0.3696682464454976,0.6808367071524967,0.49228841334104495,0.01032482714399527,0.18854829381145172,0.40978593272171254,327,0.36363636363636365,0.05128205128205128,0.42201834862385323,0.5714285714285714,0.15384615384615385,0.44648318042813456,0.5,0.2692307692307692,0.4740061162079511
qwen3-1.7b,gemma4-12b-base,boolq,1,0.6009174311926605,0.5448521916411825,64,503,64,0.1272365805168986,0.7662300683371299,0.44783955011389526,0.057411601114386805,0.31839051822323466,0.40421052631578946,475,0.52,0.203125,0.43157894736842106,0.42,0.328125,0.44842105263157894,0.3564356435643564,0.5625,0.48
qwen3-1.7b,gemma4-12b-base,geometry_of_truth,1,0.5546719681908548,0.47746852220013253,37,903,37,0.04097452934662237,0.9684476624430436,0.49478809063104673,0.037577632431742315,0.47365957181199686,0.131,1000,0.6888888888888889,0.8378378378378378,0.162,0.4,0.972972972972973,0.167,0.19889502762430938,0.972972972972973,0.167
qwen3-1.7b,gemma4-12b-base,imdb,1,0.448,0.38233333333333336,69,539,69,0.1280148423005566,0.9226025285229726,0.5443416589577552,0.062034380590939076,0.37826086956521743,0.2082514734774067,1018,0.9629629629629629,0.37681159420289856,0.2337917485265226,0.8333333333333334,0.6521739130434783,0.25245579567779963,0.5092592592592593,0.7971014492753623,0.26227897838899805
qwen3-1.7b,gemma4-12b-base,rte,1,0.5481927710843374,0.6626506024096386,20,49,20,0.40816326530612246,0.6982758620689655,0.4047413793103448,0.05764109246902412,0.2935344827586207,0.3387096774193548,62,0.5,0.05,0.3548387096774194,0.6,0.15,0.3870967741935484,0.7,0.35,0.45161290322580644
qwen3-1.7b,gemma4-12b-base,truthfulqa,1,0.5306122448979592,0.41020408163265304,44,191,44,0.23036649214659685,0.6839826839826839,0.5273654916512059,0.019586065928739915,0.15661719233147797,0.39755351681957185,327,0.3,0.06818181818181818,0.40672782874617736,0.21052631578947367,0.09090909090909091,0.40978593272171254,0.2631578947368421,0.22727272727272727,0.42813455657492355
qwen3-1.7b,gemma4-31b,boolq,1,0.6009174311926605,0.5428134556574924,61,500,61,0.122,0.7269128794951267,0.5193155084207774,0.042390630826102255,0.20759737107434928,0.42736842105263156,475,0.32,0.13114754098360656,0.4442105263157895,0.32,0.26229508196721313,0.4610526315789474,0.28,0.45901639344262296,0.4863157894736842
qwen3-1.7b,gemma4-31b,geometry_of_truth,1,0.5546719681908548,0.48840291583830353,27,687,27,0.039301310043668124,0.9704264870931538,0.4602693602693603,0.057208473707020924,0.5101571268237935,0.383,1000,0.5,0.6296296296296297,0.4,0.36231884057971014,0.9259259259259259,0.408,0.1897810218978102,0.9629629629629629,0.409
qwen3-1.7b,gemma4-31b,rte,1,0.5481927710843374,0.5180722891566265,17,38,17,0.4473684210526316,0.5126050420168068,0.46218487394957986,0.10715887542514604,0.050420168067226934,0.3548387096774194,62,0.0,0.0,0.3548387096774194,0.5,0.11764705882352941,0.3870967741935484,0.375,0.17647058823529413,0.4032258064516129
qwen3-1.7b,gemma4-31b,truthfulqa,1,0.5306122448979592,0.44387755102040816,45,193,45,0.23316062176165803,0.7129129129129129,0.45135135135135135,0.01831062458427782,0.2615615615615616,0.43119266055045874,327,0.4,0.08888888888888889,0.4434250764525994,0.3157894736842105,0.13333333333333333,0.44954128440366975,0.41025641025641024,0.35555555555555557,0.4801223241590214
qwen3-1.7b,gptj-6b,boolq,1,0.6009174311926605,0.609072375127421,149,571,149,0.2609457092819615,0.7432647348834251,0.5281378224498234,0.03986620661946171,0.2151269124336017,0.3452631578947368,475,0.5862068965517241,0.11409395973154363,0.38105263157894737,0.5614035087719298,0.21476510067114093,0.4126315789473684,0.4824561403508772,0.3691275167785235,0.4610526315789474
qwen3-1.7b,gptj-6b,geometry_of_truth,1,0.5546719681908548,0.5550033134526177,81,661,81,0.12254160363086233,0.9585355470412942,0.4555715197956577,0.04511184893531641,0.5029640272456365,0.499,1000,0.9696969696969697,0.3950617283950617,0.531,0.7727272727272727,0.6296296296296297,0.55,0.5378787878787878,0.8765432098765432,0.57
qwen3-1.7b,gptj-6b,imdb,1,0.448,0.36466666666666664,59,565,59,0.10442477876106195,0.9345481342533664,0.5261606484893147,0.028074117116422565,0.4083874857640517,0.16404715127701375,1018,0.9642857142857143,0.4576271186440678,0.1905697445972495,0.6964285714285714,0.6610169491525424,0.20235756385068762,0.4247787610619469,0.8135593220338984,0.2111984282907662
qwen3-1.7b,gptj-6b,rte,1,0.5481927710843374,0.5,27,52,27,0.5192307692307693,0.6681481481481482,0.5833333333333333,0.11441207740789482,0.0848148148148149,0.08064516129032258,62,1.0,0.1111111111111111,0.12903225806451613,1.0,0.18518518518518517,0.16129032258064516,0.7,0.25925925925925924,0.1935483870967742
qwen3-1.7b,gptj-6b,truthfulqa,1,0.5306122448979592,0.3173469387755102,31,168,31,0.18452380952380953,0.7555921827172121,0.44137037909112314,0.026923166162524378,0.3142218036260889,0.36085626911314983,327,0.125,0.03225806451612903,0.363914373088685,0.35294117647058826,0.1935483870967742,0.37920489296636084,0.35294117647058826,0.3870967741935484,0.39755351681957185
qwen3-1.7b,llama-8b,boolq,1,0.6009174311926605,0.4857288481141692,48,440,48,0.10909090909090909,0.8093643707482993,0.4937287414965986,0.03874794170865127,0.31563562925170063,0.4105263157894737,475,0.5454545454545454,0.25,0.4357894736842105,0.4772727272727273,0.4375,0.45473684210526316,0.32954545454545453,0.6041666666666666,0.47157894736842104
qwen3-1.7b,llama-8b,geometry_of_truth,1,0.5546719681908548,0.546388336646786,84,1043,84,0.08053691275167785,0.9653532946025125,0.524715725706341,0.029778653399671406,0.44063756889617156,0.079,1000,0.9230769230769231,0.5714285714285714,0.127,0.6730769230769231,0.8333333333333334,0.149,0.3875598086124402,0.9642857142857143,0.16
qwen3-1.7b,llama-8b,imdb,1,0.448,0.5256666666666666,57,829,57,0.06875753920386007,0.9051904372329789,0.5085617216616671,0.036544518655212924,0.39662871557131174,0.12966601178781925,1018,0.5853658536585366,0.42105263157894735,0.15324165029469547,0.3855421686746988,0.5614035087719298,0.16110019646365423,0.26506024096385544,0.7719298245614035,0.17288801571709234
qwen3-1.7b,llama-8b,rte,1,0.5481927710843374,0.572289156626506,15,45,15,0.3333333333333333,0.5488888888888889,0.4572222222222222,0.14069821482279365,0.09166666666666667,0.3548387096774194,62,0.5,0.06666666666666667,0.3709677419354839,0.25,0.06666666666666667,0.3709677419354839,0.4444444444444444,0.26666666666666666,0.41935483870967744
qwen3-1.7b,llama-8b,truthfulqa,1,0.5306122448979592,0.4887755102040816,38,202,38,0.18811881188118812,0.7301026957637997,0.5213815789473685,0.023213656405325907,0.20872111681643124,0.42507645259938837,327,0.1,0.02631578947368421,0.42813455657492355,0.3,0.15789473684210525,0.4434250764525994,0.35,0.3684210526315789,0.46788990825688076
qwen3-1.7b,llama31-405b,boolq,1,0.6009174311926605,0.4949031600407747,25,443,25,0.056433408577878104,0.8247846889952153,0.495933014354067,0.09773217734965005,0.3288516746411483,0.42736842105263156,475,0.4090909090909091,0.36,0.4463157894736842,0.2727272727272727,0.48,0.45263157894736844,0.20224719101123595,0.72,0.4652631578947368
qwen3-1.7b,llama31-405b,geometry_of_truth,1,0.5546719681908548,0.5092776673293572,25,998,25,0.025050100200400802,0.8904419321685508,0.45276464542651595,0.055693513572447575,0.4376772867420349,0.109,1000,0.3,0.6,0.124,0.21,0.84,0.13,0.11,0.88,0.131
qwen3-1.7b,llama31-405b,imdb,1,0.448,0.5306666666666666,53,831,53,0.06377858002406739,0.9119173497599069,0.4776216229325314,0.026462622837603922,0.4342957268273755,0.11296660117878192,1018,0.5714285714285714,0.4528301886792453,0.13654223968565815,0.4457831325301205,0.6981132075471698,0.14931237721021612,0.25301204819277107,0.7924528301886793,0.15422396856581533
qwen3-1.7b,llama31-405b,rte,1,0.5481927710843374,0.6506024096385542,16,46,16,0.34782608695652173,0.7520833333333333,0.371875,0.16489619525123475,0.3802083333333333,0.3870967741935484,62,1.0,0.125,0.41935483870967744,0.8,0.25,0.45161290322580644,0.6666666666666666,0.375,0.4838709677419355
qwen3-1.7b,llama31-405b,truthfulqa,1,0.5306122448979592,0.5561224489795918,24,214,24,0.11214953271028037,0.8032894736842106,0.41052631578947363,0.09360349432851237,0.3927631578947369,0.47706422018348627,327,0.36363636363636365,0.16666666666666666,0.4892966360856269,0.38095238095238093,0.3333333333333333,0.5015290519877675,0.3488372093023256,0.625,0.5229357798165137
qwen3-1.7b,llama31-70b,boolq,1,0.6009174311926605,0.5015290519877675,30,450,30,0.06666666666666667,0.7607936507936508,0.5383531746031747,0.05200691294509905,0.22244047619047613,0.42105263157894735,475,0.4090909090909091,0.3,0.44,0.3111111111111111,0.4666666666666667,0.45052631578947366,0.2111111111111111,0.6333333333333333,0.4610526315789474
qwen3-1.7b,llama31-70b,geometry_of_truth,1,0.5546719681908548,0.5278330019880716,53,1028,53,0.05155642023346303,0.9397968069666184,0.5156748911465893,0.05835843616352133,0.4241219158200291,0.087,1000,0.7254901960784313,0.6981132075471698,0.124,0.4368932038834951,0.8490566037735849,0.132,0.23300970873786409,0.9056603773584906,0.135
qwen3-1.7b,llama31-70b,imdb,1,0.448,0.49833333333333335,39,808,39,0.04826732673267327,0.9127404888133106,0.4982161315061185,0.04818442637950486,0.4145243573071921,0.1031434184675835,1018,0.5,0.5128205128205128,0.12278978388998035,0.345679012345679,0.717948717948718,0.13064833005893908,0.19753086419753085,0.8205128205128205,0.13457760314341846
qwen3-1.7b,llama31-70b,rte,1,0.5481927710843374,0.5903614457831325,14,44,14,0.3181818181818182,0.7857142857142857,0.449404761904762,0.1316257040388344,0.3363095238095237,0.3387096774193548,62,1.0,0.14285714285714285,0.3709677419354839,0.75,0.21428571428571427,0.3870967741935484,0.5555555555555556,0.35714285714285715,0.41935483870967744
qwen3-1.7b,llama31-70b,truthfulqa,1,0.5306122448979592,0.5387755102040817,31,211,31,0.14691943127962084,0.6903225806451614,0.5008960573476703,0.09886846810501235,0.1894265232974911,0.45871559633027525,327,0.18181818181818182,0.06451612903225806,0.4648318042813456,0.19047619047619047,0.12903225806451613,0.4709480122324159,0.2619047619047619,0.3548387096774194,0.4923547400611621
qwen3-1.7b,llama31-70b-base,boolq,1,0.6009174311926605,0.44495412844036697,43,371,43,0.11590296495956873,0.7478020419739082,0.4670838060124788,0.04337619757938695,0.2807182359614294,0.44842105263157894,475,0.5789473684210527,0.2558139534883721,0.47157894736842104,0.3783783783783784,0.32558139534883723,0.47789473684210526,0.2972972972972973,0.5116279069767442,0.49473684210526314
qwen3-1.7b,llama31-70b-base,geometry_of_truth,1,0.5546719681908548,0.5453943008614976,76,967,76,0.07859358841778696,0.949952743812393,0.49137574576171067,0.029312117782004786,0.45857699805068236,0.165,1000,0.9166666666666666,0.5789473684210527,0.209,0.6391752577319587,0.8157894736842105,0.227,0.35751295336787564,0.9078947368421053,0.234
qwen3-1.7b,llama31-70b-base,imdb,1,0.448,0.36133333333333334,47,514,47,0.0914396887159533,0.9043236593922275,0.5063898127477334,0.05534940367786148,0.39793384664449405,0.20923379174852652,1018,0.7307692307692307,0.40425531914893614,0.22789783889980353,0.5490196078431373,0.5957446808510638,0.23673870333988212,0.3592233009708738,0.7872340425531915,0.2455795677799607
qwen3-1.7b,llama31-70b-base,rte,1,0.5481927710843374,0.6144578313253012,21,50,21,0.42,0.7372742200328407,0.5644499178981938,0.07746665448745031,0.17282430213464695,0.2903225806451613,62,1.0,0.09523809523809523,0.3225806451612903,0.8,0.19047619047619047,0.3548387096774194,0.6,0.2857142857142857,0.3870967741935484
qwen3-1.7b,llama31-70b-base,truthfulqa,1,0.5306122448979592,0.5163265306122449,44,214,44,0.205607476635514,0.6212566844919786,0.4552139037433155,0.019717098586380467,0.16604278074866308,0.42813455657492355,327,0.0,0.0,0.42813455657492355,0.09523809523809523,0.045454545454545456,0.43425076452599387,0.18604651162790697,0.18181818181818182,0.4525993883792049
qwen3-1.7b,llama31-8b-base,boolq,1,0.6009174311926605,0.4367991845056065,50,356,50,0.1404494382022472,0.6928104575163399,0.5158496732026143,0.06043038606951731,0.17696078431372553,0.4652631578947368,475,0.3888888888888889,0.14,0.48,0.2777777777777778,0.2,0.4863157894736842,0.2676056338028169,0.38,0.5052631578947369
qwen3-1.7b,llama31-8b-base,geometry_of_truth,1,0.5546719681908548,0.5069582504970179,87,954,87,0.09119496855345911,0.9610627212345384,0.5443562820665792,0.05607573633611893,0.41670643916795924,0.093,1000,0.9375,0.5172413793103449,0.138,0.7052631578947368,0.7701149425287356,0.16,0.4293193717277487,0.9425287356321839,0.175
qwen3-1.7b,llama31-8b-base,imdb,1,0.448,0.3383333333333333,62,539,62,0.1150278293135436,0.9251369446135118,0.4754683167647258,0.041061918014717765,0.44966862784878603,0.15225933202357564,1018,0.9259259259259259,0.4032258064516129,0.17681728880157171,0.7037037037037037,0.6129032258064516,0.18958742632612965,0.4537037037037037,0.7903225806451613,0.20039292730844793
qwen3-1.7b,llama31-8b-base,rte,1,0.5481927710843374,0.608433734939759,17,46,17,0.3695652173913043,0.7403651115618661,0.41531440162271804,0.09670985014665388,0.3250507099391481,0.3548387096774194,62,0.5,0.058823529411764705,0.3709677419354839,0.8,0.23529411764705882,0.41935483870967744,0.7777777777777778,0.4117647058823529,0.46774193548387094
qwen3-1.7b,llama31-8b-base,truthfulqa,1,0.5306122448979592,0.32755102040816325,26,174,26,0.14942528735632185,0.7585758835758836,0.5105899168399168,0.10018711595058138,0.24798596673596673,0.3761467889908257,327,0.4444444444444444,0.15384615384615385,0.38837920489296635,0.4117647058823529,0.2692307692307692,0.39755351681957185,0.34285714285714286,0.46153846153846156,0.41284403669724773
qwen3-1.7b,olmo3-7b,boolq,1,0.6009174311926605,0.5611620795107034,81,525,81,0.15428571428571428,0.7065398732065399,0.4863613613613613,0.03672561039823701,0.22017851184517856,0.43157894736842106,475,0.34615384615384615,0.1111111111111111,0.45052631578947366,0.38461538461538464,0.24691358024691357,0.47368421052631576,0.3238095238095238,0.41975308641975306,0.5031578947368421
qwen3-1.7b,olmo3-7b,geometry_of_truth,1,0.5546719681908548,0.6146454605699139,119,1101,119,0.1080835603996367,0.9527631826661418,0.5097853805473309,0.010150102454372298,0.4429778021188109,0.123,1000,0.9272727272727272,0.42857142857142855,0.174,0.7818181818181819,0.7226890756302521,0.209,0.4863636363636364,0.8991596638655462,0.23
qwen3-1.7b,olmo3-7b,imdb,1,0.448,0.53,68,835,68,0.081437125748503,0.877617148554337,0.4531453715775749,0.023742066817760345,0.42447177697676214,0.11591355599214145,1018,0.7142857142857143,0.4411764705882353,0.14538310412573674,0.44047619047619047,0.5441176470588235,0.15225933202357564,0.281437125748503,0.6911764705882353,0.16208251473477406
qwen3-1.7b,olmo3-7b,rte,1,0.5481927710843374,0.608433734939759,17,47,17,0.3617021276595745,0.7313725490196078,0.5166666666666667,0.05837245351609491,0.21470588235294108,0.2903225806451613,62,1.0,0.11764705882352941,0.3225806451612903,0.8,0.23529411764705882,0.3548387096774194,0.7777777777777778,0.4117647058823529,0.4032258064516129
qwen3-1.7b,olmo3-7b,truthfulqa,1,0.5306122448979592,0.41836734693877553,53,233,53,0.22746781115879827,0.7705450733752621,0.5075733752620545,0.052257552124665374,0.26297169811320764,0.2874617737003058,327,0.16666666666666666,0.03773584905660377,0.29357798165137616,0.21739130434782608,0.09433962264150944,0.30275229357798167,0.425531914893617,0.37735849056603776,0.3486238532110092
qwen3-1.7b,qwen3-32b,boolq,1,0.6009174311926605,0.5535168195718655,32,506,32,0.06324110671936758,0.6663370253164557,0.4712552742616034,0.04216480123667494,0.19508175105485226,0.42947368421052634,475,0.16,0.125,0.4378947368421053,0.17647058823529413,0.28125,0.44842105263157894,0.10891089108910891,0.34375,0.45263157894736844
qwen3-1.7b,qwen3-32b,geometry_of_truth,1,0.5546719681908548,0.5165672630881378,35,1011,35,0.03461918892185954,0.9388758782201405,0.546867681498829,0.11230281802041168,0.3920081967213115,0.1,1000,0.39215686274509803,0.5714285714285714,0.12,0.26732673267326734,0.7714285714285715,0.127,0.15841584158415842,0.9142857142857143,0.132
qwen3-1.7b,qwen3-32b,imdb,1,0.448,0.5196666666666667,58,830,58,0.06987951807228916,0.8799133464355905,0.49780574414865103,0.06002043011772873,0.38210760228693946,0.10707269155206287,1018,0.5,0.3620689655172414,0.12770137524557956,0.37349397590361444,0.5344827586206896,0.137524557956778,0.2710843373493976,0.7758620689655172,0.1512770137524558
qwen3-1.7b,qwen3-32b,rte,1,0.5481927710843374,0.6445783132530121,15,47,15,0.3191489361702128,0.8770833333333334,0.39739583333333334,0.13797562152574877,0.4796875000000001,0.3548387096774194,62,1.0,0.13333333333333333,0.3870967741935484,1.0,0.3333333333333333,0.43548387096774194,0.8888888888888888,0.5333333333333333,0.4838709677419355
qwen3-1.7b,qwen3-32b,truthfulqa,1,0.5306122448979592,0.5540816326530612,50,219,50,0.228310502283105,0.7505325443786983,0.49355029585798815,0.0468784344819781,0.25698224852071017,0.39755351681957185,327,0.7272727272727273,0.16,0.42201834862385323,0.5,0.22,0.43119266055045874,0.45454545454545453,0.4,0.45871559633027525
qwen3-1.7b,qwen3-8b,boolq,1,0.6009174311926605,0.527013251783894,40,491,40,0.0814663951120163,0.8102549889135254,0.4567211751662972,0.060411195161661636,0.35353381374722825,0.4126315789473684,475,0.36,0.225,0.43157894736842106,0.3877551020408163,0.475,0.45263157894736844,0.2857142857142857,0.7,0.47157894736842104
qwen3-1.7b,qwen3-8b,geometry_of_truth,1,0.5546719681908548,0.49204771371769385,19,968,19,0.01962809917355372,0.731185181077034,0.5812350951139704,0.057894948754964634,0.14995008596306358,0.116,1000,0.16666666666666666,0.42105263157894735,0.124,0.12371134020618557,0.631578947368421,0.128,0.07216494845360824,0.7368421052631579,0.13
qwen3-1.7b,qwen3-8b,imdb,1,0.448,0.5193333333333333,67,839,67,0.07985697258641239,0.8699829866212977,0.4678534142757714,0.041276333867613625,0.4021295723455263,0.10707269155206287,1018,0.6666666666666666,0.417910447761194,0.13457760314341846,0.42857142857142855,0.5373134328358209,0.14243614931237722,0.2916666666666667,0.7313432835820896,0.15520628683693516
qwen3-1.7b,qwen3-8b,rte,1,0.5481927710843374,0.5662650602409639,14,44,14,0.3181818181818182,0.7833333333333333,0.5541666666666667,0.1360311151380973,0.22916666666666663,0.3064516129032258,62,0.5,0.07142857142857142,0.3225806451612903,0.75,0.21428571428571427,0.3548387096774194,0.6666666666666666,0.42857142857142855,0.4032258064516129
qwen3-1.7b,qwen3-8b,truthfulqa,1,0.5306122448979592,0.5255102040816326,53,228,53,0.2324561403508772,0.7727223719676549,0.544366576819407,0.025228649752744216,0.2283557951482479,0.3853211009174312,327,0.5454545454545454,0.11320754716981132,0.4036697247706422,0.43478260869565216,0.18867924528301888,0.41590214067278286,0.5,0.4339622641509434,0.45565749235474007
qwen3-1.7b,qwen3-8b-base,boolq,1,0.6009174311926605,0.5407747196738022,75,537,75,0.13966480446927373,0.7468975468975468,0.4918253968253969,0.039752871557482375,0.25507215007214995,0.3494736842105263,475,0.5925925925925926,0.21333333333333335,0.3831578947368421,0.4074074074074074,0.29333333333333333,0.3957894736842105,0.29906542056074764,0.4266666666666667,0.4168421052631579
qwen3-1.7b,qwen3-8b-base,geometry_of_truth,1,0.5546719681908548,0.5536779324055666,79,1061,79,0.07445805843543826,0.9750315811183584,0.5058586197117739,0.024152571024900246,0.4691729614065845,0.079,1000,0.8679245283018868,0.5822784810126582,0.125,0.6320754716981132,0.8481012658227848,0.146,0.3632075471698113,0.9746835443037974,0.156
qwen3-1.7b,qwen3-8b-base,imdb,1,0.448,0.556,61,840,61,0.07261904761904762,0.8272270039352679,0.49923188619289127,0.034882176338805325,0.32799511774237666,0.15618860510805502,1018,0.5,0.3442622950819672,0.17681728880157171,0.36904761904761907,0.5081967213114754,0.18664047151277013,0.25595238095238093,0.7049180327868853,0.19842829076620824
qwen3-1.7b,qwen3-8b-base,rte,1,0.5481927710843374,0.6325301204819277,17,48,17,0.3541666666666667,0.7741935483870968,0.46394686907020877,0.17019984364998195,0.310246679316888,0.2903225806451613,62,0.5,0.058823529411764705,0.3064516129032258,0.8,0.23529411764705882,0.3548387096774194,0.7,0.4117647058823529,0.4032258064516129
qwen3-1.7b,qwen3-8b-base,truthfulqa,1,0.5306122448979592,0.45510204081632655,34,190,34,0.17894736842105263,0.7911010558069382,0.4584276018099548,0.10565881516466832,0.33267345399698345,0.44954128440366975,327,0.5,0.14705882352941177,0.4648318042813456,0.42105263157894735,0.23529411764705882,0.4740061162079511,0.4473684210526316,0.5,0.5015290519877675
qwen3-1.7b,qwen38-27b,boolq,1,0.6009174311926605,0.5764525993883792,29,545,29,0.05321100917431193,0.6851109329056402,0.41688385458433574,0.05011878227710318,0.26822707832130444,0.40421052631578946,475,0.18518518518518517,0.1724137931034483,0.4147368421052632,0.12962962962962962,0.2413793103448276,0.4189473684210526,0.11009174311926606,0.41379310344827586,0.42947368421052634
qwen3-1.7b,qwen38-27b,geometry_of_truth,1,0.5546719681908548,0.5152418820410868,35,1012,35,0.03458498023715415,0.8991957888580202,0.5282058780523469,0.09722760949248557,0.37098991080567334,0.1,1000,0.39215686274509803,0.5714285714285714,0.12,0.25742574257425743,0.7428571428571429,0.126,0.15841584158415842,0.9142857142857143,0.132
qwen3-1.7b,qwen38-27b,rte,1,0.5481927710843374,0.6506024096385542,21,52,21,0.40384615384615385,0.9324116743471582,0.4485407066052227,0.10516946188655264,0.4838709677419355,0.1935483870967742,62,1.0,0.14285714285714285,0.24193548387096775,1.0,0.23809523809523808,0.27419354838709675,1.0,0.47619047619047616,0.3548387096774194
qwen3-1.7b,qwen38-27b,truthfulqa,1,0.5306122448979592,0.5438775510204081,52,239,52,0.2175732217573222,0.7166803784450843,0.49215857671740026,0.06575059745659564,0.224521801727684,0.36085626911314983,327,0.16666666666666666,0.038461538461538464,0.3669724770642202,0.375,0.17307692307692307,0.38837920489296635,0.3541666666666667,0.3269230769230769,0.41284403669724773
qwen3-32b,llama31-405b,boolq,1,0.5535168195718655,0.4949031600407747,40,559,40,0.07155635062611806,0.79995183044316,0.46406551059730244,0.0760869141941539,0.33588631984585754,0.1368421052631579,475,0.32142857142857145,0.225,0.15578947368421053,0.26785714285714285,0.375,0.16842105263157894,0.20535714285714285,0.575,0.18526315789473685
qwen3-32b,llama31-405b,geometry_of_truth,1,0.5165672630881378,0.5092776673293572,23,1015,23,0.022660098522167486,0.9624824684431977,0.48894416199158486,0.023047525588142572,0.4735383064516129,0.017,1000,0.23529411764705882,0.5217391304347826,0.029,0.21568627450980393,0.9565217391304348,0.039,0.10837438423645321,0.9565217391304348,0.039
qwen3-32b,llama31-405b,imdb,1,0.5196666666666667,0.5306666666666666,80,1000,80,0.08,0.8897961956521739,0.49502717391304346,0.035439221014377,0.3947690217391305,0.0550098231827112,1018,0.6,0.375,0.08447937131630648,0.48,0.6,0.10216110019646366,0.315,0.7875,0.1168958742632613
qwen3-32b,llama31-405b,rte,1,0.6445783132530121,0.6506024096385542,18,63,18,0.2857142857142857,0.8123456790123457,0.44567901234567897,0.16643330713753507,0.3666666666666667,0.22580645161290322,62,1.0,0.16666666666666666,0.27419354838709675,0.8333333333333334,0.2777777777777778,0.3064516129032258,0.6153846153846154,0.4444444444444444,0.3548387096774194
qwen3-32b,llama31-405b,truthfulqa,1,0.5540816326530612,0.5561224489795918,48,294,48,0.16326530612244897,0.78539972899729,0.49781927506775075,0.07833883518625512,0.2875804539295393,0.25076452599388377,327,0.4666666666666667,0.14583333333333334,0.27217125382262997,0.5862068965517241,0.3541666666666667,0.30275229357798167,0.4915254237288136,0.6041666666666666,0.3394495412844037
qwen3-32b,llama31-70b,boolq,1,0.5535168195718655,0.5015290519877675,41,556,41,0.0737410071942446,0.7946009945536349,0.5288538953350699,0.03270181712396737,0.265747099218565,0.14736842105263157,475,0.39285714285714285,0.2682926829268293,0.1705263157894737,0.30357142857142855,0.4146341463414634,0.1831578947368421,0.1981981981981982,0.5365853658536586,0.1936842105263158
qwen3-32b,llama31-70b,geometry_of_truth,1,0.5165672630881378,0.5278330019880716,33,1026,33,0.03216374269005848,0.9539503799322532,0.5302954011413226,0.04333511796778929,0.4236549787909306,0.031,1000,0.4117647058823529,0.6363636363636364,0.052,0.2815533980582524,0.8787878787878788,0.06,0.15121951219512195,0.9393939393939394,0.062
qwen3-32b,llama31-70b,imdb,1,0.5196666666666667,0.49833333333333335,63,973,63,0.06474820143884892,0.9287458573172859,0.46446886446886443,0.017810101740792946,0.46427699284842144,0.05108055009823183,1018,0.6530612244897959,0.5079365079365079,0.0825147347740668,0.4639175257731959,0.7142857142857143,0.09528487229862476,0.27692307692307694,0.8571428571428571,0.10412573673870335
qwen3-32b,llama31-70b,rte,1,0.6445783132530121,0.5903614457831325,16,61,16,0.26229508196721313,0.8180555555555555,0.47777777777777775,0.10116508785149153,0.3402777777777778,0.1774193548387097,62,0.3333333333333333,0.0625,0.1935483870967742,0.6666666666666666,0.25,0.24193548387096775,0.6666666666666666,0.5,0.3064516129032258
qwen3-32b,llama31-70b,truthfulqa,1,0.5540816326530612,0.5387755102040817,65,292,65,0.2226027397260274,0.747136563876652,0.4825652321247035,0.06561263986677257,0.26457133175194847,0.1712538226299694,327,0.3333333333333333,0.07692307692307693,0.18654434250764526,0.3793103448275862,0.16923076923076924,0.20489296636085627,0.46551724137931033,0.4153846153846154,0.25382262996941896
qwen3-32b,llama31-70b-base,boolq,1,0.5535168195718655,0.44495412844036697,34,447,34,0.07606263982102908,0.7691212078051559,0.5750071214926649,0.05566749181394009,0.19411408631249105,0.25894736842105265,475,0.45454545454545453,0.29411764705882354,0.28,0.26666666666666666,0.35294117647058826,0.28421052631578947,0.19101123595505617,0.5,0.29473684210526313
qwen3-32b,llama31-70b-base,geometry_of_truth,1,0.5165672630881378,0.5453943008614976,32,938,32,0.03411513859275053,0.9532974613686533,0.5262658664459161,0.036700366812847475,0.42703159492273723,0.157,1000,0.48936170212765956,0.71875,0.18,0.2765957446808511,0.8125,0.183,0.1595744680851064,0.9375,0.187
qwen3-32b,llama31-70b-base,imdb,1,0.5196666666666667,0.36133333333333334,48,558,48,0.08602150537634409,0.8868464052287581,0.453390522875817,0.07299885748761992,0.43345588235294114,0.20235756385068762,1018,0.6071428571428571,0.3541666666666667,0.21905697445972494,0.5,0.5833333333333334,0.22986247544204322,0.3125,0.7291666666666666,0.23673870333988212
qwen3-32b,llama31-70b-base,rte,1,0.6445783132530121,0.6144578313253012,18,55,18,0.32727272727272727,0.8633633633633633,0.39076576576576577,0.031106367830930477,0.4725975975975975,0.2903225806451613,62,1.0,0.16666666666666666,0.3387096774193548,1.0,0.3333333333333333,0.3870967741935484,0.9090909090909091,0.5555555555555556,0.45161290322580644
qwen3-32b,llama31-70b-base,truthfulqa,1,0.5540816326530612,0.5163265306122449,50,236,50,0.211864406779661,0.6580645161290322,0.48190860215053766,0.04903416657057267,0.1761559139784945,0.3119266055045872,327,0.16666666666666666,0.04,0.3180428134556575,0.16666666666666666,0.08,0.3241590214067278,0.2978723404255319,0.28,0.3547400611620795
qwen3-8b,gemma2-9b,boolq,1,0.527013251783894,0.509683995922528,48,564,48,0.0851063829787234,0.8027293281653747,0.5006258074935401,0.04084594049743512,0.30210352067183455,0.13473684210526315,475,0.42857142857142855,0.25,0.16,0.32142857142857145,0.375,0.1726315789473684,0.26548672566371684,0.625,0.19789473684210526
qwen3-8b,gemma2-9b,geometry_of_truth,1,0.49204771371769385,0.5099403578528827,15,980,15,0.015306122448979591,0.5303626943005182,0.4813126079447323,0.050030747523713844,0.049050086355785893,0.022,1000,0.08163265306122448,0.26666666666666666,0.026,0.05102040816326531,0.3333333333333333,0.027,0.030612244897959183,0.4,0.028
qwen3-8b,gemma2-9b,imdb,1,0.5193333333333333,0.48433333333333334,68,946,68,0.07188160676532769,0.8991524855956049,0.5075120594935012,0.052393302167161,0.3916404261021037,0.068762278978389,1018,0.6382978723404256,0.4411764705882353,0.09823182711198428,0.43157894736842106,0.6029411764705882,0.10903732809430255,0.2698412698412698,0.75,0.11886051080550099
qwen3-8b,gemma2-9b,rte,1,0.5662650602409639,0.5301204819277109,10,52,10,0.19230769230769232,0.8833333333333333,0.4452380952380952,0.10590555412516296,0.4380952380952381,0.22580645161290322,62,0.6666666666666666,0.2,0.25806451612903225,0.8,0.4,0.2903225806451613,0.6,0.6,0.3225806451612903
qwen3-8b,gemma2-9b,truthfulqa,1,0.5255102040816326,0.5275510204081633,68,270,68,0.2518518518518518,0.7247379149679674,0.514906086196855,0.05475680015714743,0.2098318287711124,0.2018348623853211,327,0.35714285714285715,0.07352941176470588,0.21712538226299694,0.48148148148148145,0.19117647058823528,0.2415902140672783,0.4444444444444444,0.35294117647058826,0.27522935779816515
qwen3-8b,gemma4-12b,boolq,1,0.527013251783894,0.5825688073394495,34,346,34,0.09826589595375723,0.7623491704374057,0.5703007164404222,0.0318571927448505,0.19204845399698345,0.6126315789473684,475,0.29411764705882354,0.14705882352941177,0.6231578947368421,0.2857142857142857,0.29411764705882354,0.6336842105263157,0.2318840579710145,0.47058823529411764,0.6463157894736842
qwen3-8b,gemma4-12b,geometry_of_truth,1,0.49204771371769385,0.47879390324718357,6,502,6,0.01195219123505976,0.8834005376344085,0.4788306451612903,0.09458900928585472,0.4045698924731182,0.462,1000,0.08,0.3333333333333333,0.464,0.06,0.5,0.465,0.04,0.6666666666666666,0.466
qwen3-8b,gemma4-12b,imdb,1,0.5193333333333333,0.5256666666666666,46,546,46,0.08424908424908426,0.8547391304347827,0.4717934782608696,0.024699467230579704,0.3829456521739131,0.5422396856581533,1018,0.5555555555555556,0.32608695652173914,0.5569744597249509,0.41818181818181815,0.5,0.5648330058939096,0.27522935779816515,0.6521739130434783,0.5717092337917485
qwen3-8b,gemma4-12b,rte,1,0.5662650602409639,0.5602409638554217,13,36,13,0.3611111111111111,0.7993311036789298,0.47742474916387956,0.14144775134104004,0.32190635451505023,0.46774193548387094,62,1.0,0.15384615384615385,0.5,0.75,0.23076923076923078,0.5161290322580645,0.7142857142857143,0.38461538461538464,0.5483870967741935
qwen3-8b,gemma4-12b,truthfulqa,1,0.5255102040816326,0.5112244897959184,63,203,63,0.3103448275862069,0.6515873015873016,0.4902494331065759,0.04552905990336733,0.16133786848072568,0.42813455657492355,327,0.4,0.06349206349206349,0.44036697247706424,0.5,0.15873015873015872,0.45871559633027525,0.4146341463414634,0.2698412698412698,0.4801223241590214
qwen3-8b,gemma4-12b-base,boolq,1,0.527013251783894,0.5448521916411825,52,534,52,0.09737827715355805,0.7182014044047239,0.4547358761570379,0.05065171795569651,0.263465528247686,0.24421052631578946,475,0.3333333333333333,0.17307692307692307,0.2631578947368421,0.2830188679245283,0.28846153846153844,0.27578947368421053,0.22429906542056074,0.46153846153846156,0.29473684210526313
qwen3-8b,gemma4-12b-base,geometry_of_truth,1,0.49204771371769385,0.47746852220013253,12,881,12,0.01362088535754824,0.8867472190257,0.4486238971998465,0.058205682025914585,0.43812332182585345,0.069,1000,0.1590909090909091,0.5833333333333334,0.076,0.09090909090909091,0.6666666666666666,0.077,0.056818181818181816,0.8333333333333334,0.079
qwen3-8b,gemma4-12b-base,imdb,1,0.5193333333333333,0.38233333333333336,42,546,42,0.07692307692307693,0.8664965986394558,0.466541477702192,0.05044101038309435,0.3999551209372638,0.27406679764243613,1018,0.48148148148148145,0.30952380952380953,0.2868369351669941,0.36363636363636365,0.47619047619047616,0.293713163064833,0.28440366972477066,0.7380952380952381,0.3045186640471513
qwen3-8b,gemma4-12b-base,rte,1,0.5662650602409639,0.6626506024096386,14,53,14,0.2641509433962264,0.7032967032967032,0.49862637362637363,0.11112987319621564,0.2046703296703296,0.3548387096774194,62,0.3333333333333333,0.07142857142857142,0.3709677419354839,0.6,0.21428571428571427,0.4032258064516129,0.5454545454545454,0.42857142857142855,0.45161290322580644
qwen3-8b,gemma4-12b-base,truthfulqa,1,0.5255102040816326,0.41020408163265304,33,172,33,0.19186046511627908,0.6518421626335296,0.486701547852627,0.07992618241133766,0.16514061478090258,0.39143730886850153,327,0.2222222222222222,0.06060606060606061,0.39755351681957185,0.29411764705882354,0.15151515151515152,0.40672782874617736,0.3235294117647059,0.3333333333333333,0.42507645259938837
qwen3-8b,gemma4-31b,boolq,1,0.527013251783894,0.5428134556574924,41,470,41,0.08723404255319149,0.6584228779350731,0.45478708283586333,0.019469611697341897,0.20363579509920982,0.30105263157894735,475,0.20833333333333334,0.12195121951219512,0.31157894736842107,0.2553191489361702,0.2926829268292683,0.3263157894736842,0.1595744680851064,0.36585365853658536,0.33263157894736844
qwen3-8b,gemma4-31b,geometry_of_truth,1,0.49204771371769385,0.48840291583830353,6,671,6,0.00894187779433681,0.9533834586466164,0.5755012531328321,0.12861482593354284,0.3778822055137844,0.313,1000,0.11764705882352941,0.6666666666666666,0.317,0.07462686567164178,0.8333333333333334,0.318,0.04477611940298507,1.0,0.319
qwen3-8b,gemma4-31b,rte,1,0.5662650602409639,0.5180722891566265,9,36,9,0.25,0.7407407407407407,0.4783950617283951,0.14649208709771747,0.2623456790123456,0.43548387096774194,62,0.0,0.0,0.43548387096774194,0.5,0.2222222222222222,0.46774193548387094,0.5714285714285714,0.4444444444444444,0.5
qwen3-8b,gemma4-31b,truthfulqa,1,0.5255102040816326,0.44387755102040816,37,177,37,0.20903954802259886,0.7335907335907337,0.47340733590733597,0.03829246202768631,0.2601833976833977,0.40672782874617736,327,0.2222222222222222,0.05405405405405406,0.41284403669724773,0.3333333333333333,0.16216216216216217,0.42507645259938837,0.3142857142857143,0.2972972972972973,0.44036697247706424
qwen3-8b,llama-8b,boolq,1,0.527013251783894,0.4857288481141692,50,514,50,0.09727626459143969,0.7789655172413793,0.4691702586206896,0.04404088763358212,0.3097952586206897,0.19157894736842104,475,0.5384615384615384,0.28,0.22105263157894736,0.37254901960784315,0.38,0.23157894736842105,0.2815533980582524,0.58,0.25263157894736843
qwen3-8b,llama-8b,geometry_of_truth,1,0.49204771371769385,0.546388336646786,19,964,19,0.01970954356846473,0.85942634363687,0.4801169590643275,0.033160286130833036,0.3793093845725425,0.097,1000,0.14583333333333334,0.3684210526315789,0.104,0.14583333333333334,0.7368421052631579,0.111,0.08290155440414508,0.8421052631578947,0.113
qwen3-8b,llama-8b,imdb,1,0.5193333333333333,0.5256666666666666,88,972,88,0.09053497942386832,0.9103763883175648,0.5124755758946935,0.038278077473800576,0.39790081242287134,0.08153241650294696,1018,0.7142857142857143,0.3977272727272727,0.11591355599214145,0.5051546391752577,0.5568181818181818,0.12966601178781925,0.37628865979381443,0.8295454545454546,0.15324165029469547
qwen3-8b,llama-8b,rte,1,0.5662650602409639,0.572289156626506,12,51,12,0.23529411764705882,0.8076923076923077,0.6180555555555556,0.18524775337377622,0.18963675213675213,0.27419354838709675,62,0.6666666666666666,0.16666666666666666,0.3064516129032258,0.8,0.3333333333333333,0.3387096774193548,0.6,0.5,0.3709677419354839
qwen3-8b,llama-8b,truthfulqa,1,0.5255102040816326,0.4887755102040816,55,248,55,0.2217741935483871,0.6962788506829958,0.5271785209609043,0.06400849225983281,0.16910032972209144,0.24770642201834864,327,0.16666666666666666,0.03636363636363636,0.25382262996941896,0.32,0.14545454545454545,0.27217125382262997,0.38,0.34545454545454546,0.3058103975535168
qwen3-8b,llama31-405b,boolq,1,0.527013251783894,0.4949031600407747,35,543,35,0.06445672191528545,0.7853205849268842,0.5102784026996625,0.07957512040910818,0.27504218222722165,0.17473684210526316,475,0.4074074074074074,0.3142857142857143,0.19789473684210526,0.25925925925925924,0.4,0.20421052631578948,0.1926605504587156,0.6,0.21894736842105264
qwen3-8b,llama31-405b,geometry_of_truth,1,0.49204771371769385,0.5092776673293572,13,979,13,0.013278855975485188,0.6982003503742635,0.4035276317885014,0.09636036694728103,0.29467271858576216,0.021,1000,0.12244897959183673,0.46153846153846156,0.027,0.08163265306122448,0.6153846153846154,0.029,0.04591836734693878,0.6923076923076923,0.03
qwen3-8b,llama31-405b,imdb,1,0.5193333333333333,0.5306666666666666,81,986,81,0.0821501014198783,0.9018211581747493,0.49133074142282246,0.029021881990582265,0.4104904167519268,0.07072691552062868,1018,0.6938775510204082,0.41975308641975306,0.10412573673870335,0.494949494949495,0.6049382716049383,0.11886051080550099,0.3401015228426396,0.8271604938271605,0.13654223968565815
qwen3-8b,llama31-405b,rte,1,0.5662650602409639,0.6506024096385542,14,56,14,0.25,0.8945578231292517,0.46683673469387754,0.13932350205479951,0.42772108843537415,0.27419354838709675,62,0.6666666666666666,0.14285714285714285,0.3064516129032258,0.5,0.21428571428571427,0.3225806451612903,0.7272727272727273,0.5714285714285714,0.4032258064516129
qwen3-8b,llama31-405b,truthfulqa,1,0.5255102040816326,0.5561224489795918,45,271,45,0.16605166051660517,0.8352999016715831,0.506858407079646,0.04868480001793883,0.32844149459193706,0.27522935779816515,327,0.6428571428571429,0.2,0.30275229357798167,0.6296296296296297,0.37777777777777777,0.327217125382263,0.5370370370370371,0.6444444444444445,0.363914373088685
qwen3-8b,llama31-70b,boolq,1,0.527013251783894,0.5015290519877675,35,539,35,0.06493506493506493,0.7797052154195011,0.47628968253968257,0.03178772102205631,0.30341553287981854,0.18947368421052632,475,0.3333333333333333,0.2571428571428571,0.20842105263157895,0.25925925925925924,0.4,0.21894736842105264,0.16666666666666666,0.5142857142857142,0.22736842105263158
qwen3-8b,llama31-70b,geometry_of_truth,1,0.49204771371769385,0.5278330019880716,18,983,18,0.018311291963377416,0.7435808865860679,0.4607512953367876,0.09961405452575424,0.2828295912492803,0.045,1000,0.1836734693877551,0.5,0.054,0.10204081632653061,0.5555555555555556,0.055,0.06091370558375635,0.6666666666666666,0.057
qwen3-8b,llama31-70b,imdb,1,0.5193333333333333,0.49833333333333335,59,953,59,0.06190975865687303,0.9177757555075267,0.4692204148181852,0.06666845202166972,0.44855534068934144,0.07662082514734773,1018,0.5833333333333334,0.4745762711864407,0.10412573673870335,0.4421052631578947,0.711864406779661,0.11787819253438114,0.2670157068062827,0.864406779661017,0.12671905697445973
qwen3-8b,llama31-70b,rte,1,0.5662650602409639,0.5903614457831325,12,55,12,0.21818181818181817,0.8856589147286822,0.3590116279069767,0.13298425747664414,0.5266472868217055,0.22580645161290322,62,1.0,0.25,0.27419354838709675,1.0,0.5,0.3225806451612903,0.6363636363636364,0.5833333333333334,0.3387096774193548
qwen3-8b,llama31-70b,truthfulqa,1,0.5255102040816326,0.5387755102040817,55,269,55,0.20446096654275092,0.8005947323704333,0.4370858113848768,0.02712174040085063,0.36350892098555654,0.23853211009174313,327,0.38461538461538464,0.09090909090909091,0.25382262996941896,0.4444444444444444,0.21818181818181817,0.27522935779816515,0.48148148148148145,0.4727272727272727,0.3180428134556575
qwen3-8b,llama31-70b-base,boolq,1,0.527013251783894,0.44495412844036697,42,446,42,0.09417040358744394,0.7818246110325318,0.522851838755304,0.03495078055314605,0.2589727722772277,0.24210526315789474,475,0.5909090909090909,0.30952380952380953,0.2694736842105263,0.3111111111111111,0.3333333333333333,0.27157894736842103,0.25842696629213485,0.5476190476190477,0.2905263157894737
qwen3-8b,llama31-70b-base,geometry_of_truth,1,0.49204771371769385,0.5453943008614976,17,897,17,0.0189520624303233,0.8201203208556149,0.5187667112299466,0.03738861628293109,0.3013536096256684,0.171,1000,0.17777777777777778,0.47058823529411764,0.179,0.1111111111111111,0.5882352941176471,0.181,0.07262569832402235,0.7647058823529411,0.184
qwen3-8b,llama31-70b-base,imdb,1,0.5193333333333333,0.36133333333333334,55,560,55,0.09821428571428571,0.9076507650765075,0.5159495949594959,0.059295615308716264,0.39170117011701167,0.206286836935167,1018,0.7142857142857143,0.36363636363636365,0.22593320235756384,0.5892857142857143,0.6,0.2387033398821218,0.35714285714285715,0.7272727272727273,0.2455795677799607
qwen3-8b,llama31-70b-base,rte,1,0.5662650602409639,0.6144578313253012,14,49,14,0.2857142857142857,0.8081632653061224,0.4704081632653061,0.04681661121205901,0.33775510204081627,0.3387096774193548,62,1.0,0.14285714285714285,0.3709677419354839,0.8,0.2857142857142857,0.4032258064516129,0.5,0.35714285714285715,0.41935483870967744
qwen3-8b,llama31-70b-base,truthfulqa,1,0.5255102040816326,0.5163265306122449,48,228,48,0.21052631578947367,0.6710648148148148,0.5069733796296296,0.03480703136111698,0.1640914351851852,0.3302752293577982,327,0.45454545454545453,0.10416666666666667,0.345565749235474,0.34782608695652173,0.16666666666666666,0.3547400611620795,0.32608695652173914,0.3125,0.3761467889908257
qwen3-8b,llama31-8b-base,boolq,1,0.527013251783894,0.4367991845056065,51,447,51,0.11409395973154363,0.7816894434541493,0.5341156664686078,0.0637521175696369,0.2475737769855415,0.2505263157894737,475,0.45454545454545453,0.19607843137254902,0.27157894736842103,0.28888888888888886,0.2549019607843137,0.27789473684210525,0.30337078651685395,0.5294117647058824,0.30736842105263157
qwen3-8b,llama31-8b-base,geometry_of_truth,1,0.49204771371769385,0.5069582504970179,20,872,20,0.022935779816513763,0.786150234741784,0.4892018779342723,0.07751426654705247,0.29694835680751175,0.115,1000,0.13636363636363635,0.3,0.121,0.13793103448275862,0.6,0.127,0.08045977011494253,0.7,0.129
qwen3-8b,llama31-8b-base,imdb,1,0.5193333333333333,0.3383333333333333,29,526,29,0.055133079847908745,0.8758759453271352,0.5280129050163047,0.05479211402823419,0.3478630403108305,0.22986247544204322,1018,0.5,0.4482758620689655,0.24263261296660119,0.2830188679245283,0.5172413793103449,0.24459724950884087,0.2,0.7241379310344828,0.2504911591355599
qwen3-8b,llama31-8b-base,rte,1,0.5662650602409639,0.608433734939759,12,49,12,0.24489795918367346,0.8963963963963963,0.37274774774774777,0.07091018689833857,0.5236486486486486,0.3387096774193548,62,1.0,0.16666666666666666,0.3709677419354839,0.6,0.25,0.3870967741935484,0.6,0.5,0.43548387096774194
qwen3-8b,llama31-8b-base,truthfulqa,1,0.5255102040816326,0.32755102040816325,19,155,19,0.12258064516129032,0.6768575851393188,0.4417569659442724,0.10195054989283193,0.23510061919504643,0.345565749235474,327,0.375,0.15789473684210525,0.3547400611620795,0.3125,0.2631578947368421,0.36085626911314983,0.22580645161290322,0.3684210526315789,0.3669724770642202
qwen3-8b,qwen3-32b,boolq,1,0.527013251783894,0.5535168195718655,46,594,46,0.07744107744107744,0.7554347826086956,0.5111175023801968,0.031876108423587984,0.24431728022849875,0.16,475,0.4666666666666667,0.30434782608695654,0.18947368421052632,0.3220338983050847,0.41304347826086957,0.2,0.20168067226890757,0.5217391304347826,0.21052631578947367
qwen3-8b,qwen3-32b,geometry_of_truth,1,0.49204771371769385,0.5165672630881378,18,985,18,0.018274111675126905,0.8573480409054349,0.49922440537745605,0.03686200275476861,0.3581236355279789,0.022,1000,0.22448979591836735,0.6111111111111112,0.033,0.14285714285714285,0.7777777777777778,0.036,0.07106598984771574,0.7777777777777778,0.036
qwen3-8b,qwen3-32b,imdb,1,0.5193333333333333,0.5196666666666667,89,993,89,0.08962739174219536,0.8849557522123893,0.5104870985383315,0.06410271249657244,0.3744686536740578,0.05893909626719057,1018,0.66,0.3707865168539326,0.09135559921414538,0.5050505050505051,0.5617977528089888,0.10805500982318271,0.3316582914572864,0.7415730337078652,0.1237721021611002
qwen3-8b,qwen3-32b,rte,1,0.5662650602409639,0.6445783132530121,14,59,14,0.23728813559322035,0.9031746031746032,0.4583333333333333,0.10728312393982443,0.44484126984126987,0.20967741935483872,62,1.0,0.21428571428571427,0.25806451612903225,1.0,0.42857142857142855,0.3064516129032258,0.75,0.6428571428571429,0.3548387096774194
qwen3-8b,qwen3-32b,truthfulqa,1,0.5255102040816326,0.5540816326530612,75,279,75,0.26881720430107525,0.7691503267973856,0.4837581699346406,0.030425257819511452,0.285392156862745,0.1712538226299694,327,0.6428571428571429,0.12,0.19877675840978593,0.6071428571428571,0.22666666666666666,0.22324159021406728,0.5178571428571429,0.38666666666666666,0.2599388379204893
qwen3-8b,qwen3-8b-base,boolq,1,0.527013251783894,0.5407747196738022,53,536,53,0.09888059701492537,0.7610453533341146,0.5125493183327474,0.05158131624609867,0.2484960350013672,0.23157894736842105,475,0.48148148148148145,0.24528301886792453,0.25894736842105265,0.35185185185185186,0.3584905660377358,0.27157894736842103,0.2616822429906542,0.5283018867924528,0.2905263157894737
qwen3-8b,qwen3-8b-base,geometry_of_truth,1,0.49204771371769385,0.5536779324055666,21,990,21,0.021212121212121213,0.8805346700083543,0.5553344144675414,0.1285475769650921,0.3252002555408129,0.083,1000,0.18,0.42857142857142855,0.092,0.1414141414141414,0.6666666666666666,0.097,0.09090909090909091,0.8571428571428571,0.101
qwen3-8b,qwen3-8b-base,imdb,1,0.5193333333333333,0.556,102,1008,102,0.10119047619047619,0.886908626585292,0.49873934121109814,0.026655627733335057,0.3881692853741939,0.08840864440078586,1018,0.84,0.4117647058823529,0.12966601178781925,0.5841584158415841,0.5784313725490197,0.14636542239685657,0.3564356435643564,0.7058823529411765,0.15913555992141454
qwen3-8b,qwen3-8b-base,rte,1,0.5662650602409639,0.6325301204819277,15,59,15,0.2542372881355932,0.7878787878787878,0.5007575757575757,0.05238240579715916,0.2871212121212121,0.1774193548387097,62,0.6666666666666666,0.13333333333333333,0.20967741935483872,0.8333333333333334,0.3333333333333333,0.25806451612903225,0.5833333333333334,0.4666666666666667,0.2903225806451613
qwen3-8b,qwen3-8b-base,truthfulqa,1,0.5255102040816326,0.45510204081632655,49,232,49,0.21120689655172414,0.6801605888256942,0.4417307906769265,0.08212413922180727,0.2384297981487677,0.28440366972477066,327,0.3333333333333333,0.08163265306122448,0.2966360856269113,0.30434782608695654,0.14285714285714285,0.3058103975535168,0.34782608695652173,0.32653061224489793,0.3333333333333333
qwen3-8b,qwen38-27b,boolq,1,0.527013251783894,0.5764525993883792,34,580,34,0.05862068965517241,0.7845830639948287,0.48619640163757816,0.0690964442886678,0.29838666235725053,0.1726315789473684,475,0.20689655172413793,0.17647058823529413,0.18526315789473685,0.20689655172413793,0.35294117647058826,0.19789473684210526,0.1724137931034483,0.5882352941176471,0.21473684210526317
qwen3-8b,qwen38-27b,geometry_of_truth,1,0.49204771371769385,0.5152418820410868,18,986,18,0.018255578093306288,0.6844582185491277,0.48111799816345274,0.021022320682645073,0.20334022038567495,0.022,1000,0.14285714285714285,0.3888888888888889,0.029,0.10101010101010101,0.5555555555555556,0.032,0.06091370558375635,0.6666666666666666,0.034
qwen3-8b,qwen38-27b,rte,1,0.5662650602409639,0.6506024096385542,15,59,15,0.2542372881355932,0.9121212121212121,0.4401515151515152,0.07364088401139546,0.47196969696969693,0.20967741935483872,62,1.0,0.2,0.25806451612903225,1.0,0.4,0.3064516129032258,0.8333333333333334,0.6666666666666666,0.3709677419354839
qwen3-8b,qwen38-27b,truthfulqa,1,0.5255102040816326,0.5438775510204081,58,268,58,0.21641791044776118,0.760919540229885,0.4879515599343186,0.033241315748707354,0.27296798029556635,0.25076452599388377,327,0.6153846153846154,0.13793103448275862,0.27522935779816515,0.48148148148148145,0.22413793103448276,0.290519877675841,0.42592592592592593,0.39655172413793105,0.3211009174311927
qwen3-8b-base,gemma2-9b,boolq,1,0.5407747196738022,0.509683995922528,42,528,42,0.07954545454545454,0.7911032725847542,0.5077160493827161,0.0642256968196414,0.28338722320203813,0.24421052631578946,475,0.5,0.30952380952380953,0.27157894736842103,0.37735849056603776,0.47619047619047616,0.2863157894736842,0.27358490566037735,0.6904761904761905,0.30526315789473685
qwen3-8b-base,gemma2-9b,geometry_of_truth,1,0.5536779324055666,0.5099403578528827,29,1023,29,0.028347996089931573,0.8855200166516339,0.4392822451953098,0.044439355281891676,0.44623777145632415,0.077,1000,0.3137254901960784,0.5517241379310345,0.093,0.22549019607843138,0.7931034482758621,0.1,0.12195121951219512,0.8620689655172413,0.102
qwen3-8b-base,gemma2-9b,imdb,1,0.556,0.48433333333333334,69,956,69,0.07217573221757322,0.880120255543029,0.49017205038968675,0.03149529935426939,0.3899482051533422,0.10412573673870335,1018,0.4791666666666667,0.3333333333333333,0.12671905697445973,0.40625,0.5652173913043478,0.14243614931237722,0.2670157068062827,0.7391304347826086,0.15422396856581533
qwen3-8b-base,gemma2-9b,rte,1,0.6325301204819277,0.5301204819277109,13,55,13,0.23636363636363636,0.8498168498168498,0.5064102564102564,0.06304065486994767,0.3434065934065934,0.20967741935483872,62,1.0,0.23076923076923078,0.25806451612903225,1.0,0.46153846153846156,0.3064516129032258,0.6363636363636364,0.5384615384615384,0.3225806451612903
qwen3-8b-base,gemma2-9b,truthfulqa,1,0.45510204081632655,0.5275510204081633,41,209,41,0.19617224880382775,0.7173344947735192,0.477787456445993,0.06432187780851992,0.23954703832752616,0.3149847094801223,327,0.2,0.04878048780487805,0.3211009174311927,0.38095238095238093,0.1951219512195122,0.3394495412844037,0.47619047619047616,0.4878048780487805,0.3761467889908257
qwen3-8b-base,gemma4-12b,boolq,1,0.5407747196738022,0.5825688073394495,70,395,70,0.17721518987341772,0.7252307692307693,0.4694725274725275,0.05182460923119388,0.25575824175824186,0.5452631578947369,475,0.65,0.18571428571428572,0.5726315789473684,0.55,0.3142857142857143,0.5915789473684211,0.43037974683544306,0.4857142857142857,0.6168421052631579
qwen3-8b-base,gemma4-12b,geometry_of_truth,1,0.5536779324055666,0.47879390324718357,23,532,23,0.043233082706766915,0.9636969334586145,0.44729648927991794,0.06118210103688241,0.5164004441786966,0.511,1000,0.6666666666666666,0.782608695652174,0.529,0.3584905660377358,0.8260869565217391,0.53,0.20754716981132076,0.9565217391304348,0.533
qwen3-8b-base,gemma4-12b,imdb,1,0.556,0.5256666666666666,65,585,65,0.1111111111111111,0.8704733727810651,0.4614423076923077,0.07176474877652987,0.40903106508875736,0.5422396856581533,1018,0.7586206896551724,0.3384615384615385,0.5638506876227898,0.5689655172413793,0.5076923076923077,0.574656188605108,0.36752136752136755,0.6615384615384615,0.5844793713163065
qwen3-8b-base,gemma4-12b,rte,1,0.6325301204819277,0.5602409638554217,15,39,15,0.38461538461538464,0.7333333333333334,0.4527777777777777,0.05918687709072924,0.28055555555555567,0.4838709677419355,62,0.5,0.06666666666666667,0.5,0.5,0.13333333333333333,0.5161290322580645,0.5,0.26666666666666666,0.5483870967741935
qwen3-8b-base,gemma4-12b,truthfulqa,1,0.45510204081632655,0.5112244897959184,44,161,44,0.2732919254658385,0.6915306915306915,0.45036907536907533,0.08307534873067556,0.24116161616161613,0.4923547400611621,327,0.25,0.045454545454545456,0.4984709480122324,0.25,0.09090909090909091,0.5045871559633027,0.40625,0.29545454545454547,0.5321100917431193
qwen3-8b-base,gemma4-12b-base,boolq,1,0.5407747196738022,0.5448521916411825,64,532,64,0.12030075187969924,0.7758079594017094,0.48634481837606836,0.04038434406113989,0.2894631410256411,0.27789473684210525,475,0.5555555555555556,0.234375,0.3094736842105263,0.41509433962264153,0.34375,0.32421052631578945,0.29245283018867924,0.484375,0.3431578947368421
qwen3-8b-base,gemma4-12b-base,geometry_of_truth,1,0.5536779324055666,0.47746852220013253,46,935,46,0.04919786096256684,0.952853719372035,0.4955127891622243,0.03648703028758572,0.4573409302098107,0.084,1000,0.8085106382978723,0.8260869565217391,0.122,0.44680851063829785,0.9130434782608695,0.126,0.23529411764705882,0.9565217391304348,0.128
qwen3-8b-base,gemma4-12b-base,imdb,1,0.556,0.38233333333333336,49,573,49,0.08551483420593368,0.8586228384483564,0.4775958093160929,0.09677255475318085,0.3810270291322635,0.29764243614931235,1018,0.6206896551724138,0.3673469387755102,0.3153241650294695,0.45614035087719296,0.5306122448979592,0.3231827111984283,0.30434782608695654,0.7142857142857143,0.3320235756385069
qwen3-8b-base,gemma4-12b-base,rte,1,0.6325301204819277,0.6626506024096386,20,60,20,0.3333333333333333,0.78125,0.38499999999999995,0.09233938758731292,0.39625000000000005,0.24193548387096775,62,1.0,0.15,0.2903225806451613,0.8333333333333334,0.25,0.3225806451612903,0.6666666666666666,0.4,0.3709677419354839
qwen3-8b-base,gemma4-12b-base,truthfulqa,1,0.45510204081632655,0.41020408163265304,20,152,20,0.13157894736842105,0.6215909090909091,0.47102272727272726,0.06589466709116916,0.15056818181818182,0.41896024464831805,327,0.125,0.05,0.42201834862385323,0.06666666666666667,0.05,0.42201834862385323,0.16666666666666666,0.25,0.43425076452599387
qwen3-8b-base,gemma4-31b,boolq,1,0.5407747196738022,0.5428134556574924,51,462,51,0.11038961038961038,0.7068842135394303,0.47228185678164214,0.06698589066155893,0.23460235675778818,0.3431578947368421,475,0.30434782608695654,0.13725490196078433,0.35789473684210527,0.32608695652173914,0.29411764705882354,0.37473684210526315,0.2391304347826087,0.43137254901960786,0.3894736842105263
qwen3-8b-base,gemma4-31b,geometry_of_truth,1,0.5536779324055666,0.48840291583830353,18,696,18,0.02586206896551724,0.9827105866928876,0.45071288102261553,0.055982605442469954,0.531997705670272,0.372,1000,0.42857142857142855,0.8333333333333334,0.387,0.24285714285714285,0.9444444444444444,0.389,0.12949640287769784,1.0,0.39
qwen3-8b-base,gemma4-31b,rte,1,0.6325301204819277,0.5180722891566265,12,42,12,0.2857142857142857,0.5583333333333333,0.34930555555555554,0.13048720137324663,0.2090277777777778,0.41935483870967744,62,1.0,0.16666666666666666,0.45161290322580644,0.75,0.25,0.46774193548387094,0.5,0.3333333333333333,0.4838709677419355
qwen3-8b-base,gemma4-31b,truthfulqa,1,0.45510204081632655,0.44387755102040816,35,176,35,0.19886363636363635,0.6441742654508612,0.46479229989868287,0.0777969547639978,0.17938196555217834,0.3669724770642202,327,0.3333333333333333,0.08571428571428572,0.3761467889908257,0.16666666666666666,0.08571428571428572,0.3761467889908257,0.22857142857142856,0.22857142857142856,0.39143730886850153
qwen3-8b-base,llama-8b,boolq,1,0.5407747196738022,0.4857288481141692,45,478,45,0.09414225941422594,0.8090839107005389,0.5130228380805748,0.03810979291487929,0.29606107261996406,0.2968421052631579,475,0.5,0.26666666666666666,0.32210526315789473,0.4166666666666667,0.4444444444444444,0.3389473684210526,0.2916666666666667,0.6222222222222222,0.35578947368421054
qwen3-8b-base,llama-8b,geometry_of_truth,1,0.5536779324055666,0.546388336646786,81,1065,81,0.07605633802816901,0.9681446351500551,0.49638035732209174,0.08609454327382945,0.4717642778279634,0.056,1000,0.8867924528301887,0.5802469135802469,0.103,0.6320754716981132,0.8271604938271605,0.123,0.36619718309859156,0.9629629629629629,0.134
qwen3-8b-base,llama-8b,imdb,1,0.556,0.5256666666666666,92,1003,92,0.09172482552342971,0.9070061566362811,0.475048322435928,0.04035448382962625,0.43195783420035316,0.11100196463654224,1018,0.74,0.40217391304347827,0.14734774066797643,0.52,0.5652173913043478,0.16208251473477406,0.3681592039800995,0.8043478260869565,0.18369351669941061
qwen3-8b-base,llama-8b,rte,1,0.6325301204819277,0.572289156626506,15,54,15,0.2777777777777778,0.7965811965811965,0.514102564102564,0.12650944139094528,0.2824786324786325,0.25806451612903225,62,1.0,0.2,0.3064516129032258,0.8,0.26666666666666666,0.3225806451612903,0.6363636363636364,0.4666666666666667,0.3709677419354839
qwen3-8b-base,llama-8b,truthfulqa,1,0.45510204081632655,0.4887755102040816,41,218,41,0.18807339449541285,0.7073170731707317,0.48932065591842355,0.06283822451389341,0.21799641725230812,0.28134556574923547,327,0.2727272727272727,0.07317073170731707,0.290519877675841,0.3181818181818182,0.17073170731707318,0.30275229357798167,0.29545454545454547,0.3170731707317073,0.3211009174311927
qwen3-8b-base,llama31-405b,boolq,1,0.5407747196738022,0.4949031600407747,28,477,28,0.05870020964360587,0.8049634107540566,0.5172605790645879,0.03890299378067027,0.28770283168946875,0.28842105263157897,475,0.4583333333333333,0.39285714285714285,0.31157894736842107,0.25,0.42857142857142855,0.3136842105263158,0.17894736842105263,0.6071428571428571,0.32421052631578945
qwen3-8b-base,llama31-405b,geometry_of_truth,1,0.5536779324055666,0.5092776673293572,24,1022,24,0.023483365949119372,0.9685203740814963,0.49229709418837686,0.050548543786809286,0.4762232798931194,0.082,1000,0.3137254901960784,0.6666666666666666,0.098,0.20588235294117646,0.875,0.103,0.11764705882352941,1.0,0.106
qwen3-8b-base,llama31-405b,imdb,1,0.556,0.5306666666666666,82,1016,82,0.08070866141732283,0.8731655089570167,0.4857092494907818,0.018935212709428606,0.3874562594662349,0.10609037328094302,1018,0.5686274509803921,0.35365853658536583,0.13457760314341846,0.47058823529411764,0.5853658536585366,0.15324165029469547,0.2955665024630542,0.7317073170731707,0.1650294695481336
qwen3-8b-base,llama31-405b,rte,1,0.6325301204819277,0.6506024096385542,17,62,17,0.27419354838709675,0.7830065359477124,0.43300653594771243,0.034798934866294554,0.35,0.25806451612903225,62,1.0,0.17647058823529413,0.3064516129032258,0.8333333333333334,0.29411764705882354,0.3387096774193548,0.6666666666666666,0.47058823529411764,0.3870967741935484
qwen3-8b-base,llama31-405b,truthfulqa,1,0.45510204081632655,0.5561224489795918,30,226,30,0.13274336283185842,0.8709183673469388,0.5422619047619047,0.08857144653175991,0.3286564625850341,0.3149847094801223,327,0.7272727272727273,0.26666666666666666,0.3394495412844037,0.5652173913043478,0.43333333333333335,0.3547400611620795,0.4222222222222222,0.6333333333333333,0.3730886850152905
qwen3-8b-base,llama31-70b,boolq,1,0.5407747196738022,0.5015290519877675,27,469,27,0.057569296375266525,0.7432545667839785,0.4972347913524384,0.08595367632923033,0.24601977543154008,0.30736842105263157,475,0.21739130434782608,0.18518518518518517,0.3178947368421053,0.14893617021276595,0.25925925925925924,0.32210526315789473,0.13829787234042554,0.48148148148148145,0.33473684210526317
qwen3-8b-base,llama31-70b,geometry_of_truth,1,0.5536779324055666,0.5278330019880716,52,1053,52,0.04938271604938271,0.9460539460539461,0.5205707753784677,0.022746250528252555,0.42548317067547836,0.06,1000,0.6792452830188679,0.6923076923076923,0.096,0.41904761904761906,0.8461538461538461,0.104,0.22274881516587677,0.9038461538461539,0.107
qwen3-8b-base,llama31-70b,imdb,1,0.556,0.49833333333333335,62,979,62,0.06332992849846783,0.9083441798290358,0.47537112604214304,0.04988530229419,0.43297305378689277,0.10805500982318271,1018,0.5102040816326531,0.4032258064516129,0.13261296660117877,0.37755102040816324,0.5967741935483871,0.1444007858546169,0.25510204081632654,0.8064516129032258,0.15717092337917485
qwen3-8b-base,llama31-70b,rte,1,0.6325301204819277,0.5903614457831325,17,61,17,0.2786885245901639,0.8823529411764706,0.49933155080213903,0.09498801870832253,0.3830213903743315,0.14516129032258066,62,1.0,0.17647058823529413,0.1935483870967742,0.8333333333333334,0.29411764705882354,0.22580645161290322,0.75,0.5294117647058824,0.2903225806451613
qwen3-8b-base,llama31-70b,truthfulqa,1,0.45510204081632655,0.5387755102040817,33,218,33,0.15137614678899083,0.7772317772317773,0.5074938574938574,0.12487242801114448,0.26973791973791983,0.3211009174311927,327,0.6363636363636364,0.21212121212121213,0.3425076452599388,0.45454545454545453,0.30303030303030304,0.3516819571865443,0.3181818181818182,0.42424242424242425,0.363914373088685
qwen3-8b-base,llama31-70b-base,boolq,1,0.5407747196738022,0.44495412844036697,39,399,39,0.09774436090225563,0.768019943019943,0.4870192307692307,0.03625679264980154,0.2810007122507123,0.3389473684210526,475,0.6,0.3076923076923077,0.3642105263157895,0.375,0.38461538461538464,0.3705263157894737,0.25,0.5128205128205128,0.38105263157894737
qwen3-8b-base,llama31-70b-base,geometry_of_truth,1,0.5536779324055666,0.5453943008614976,77,989,77,0.07785642062689585,0.9711921850079743,0.49426122123490546,0.05838936811225711,0.47693096377306887,0.134,1000,0.9387755102040817,0.5974025974025974,0.18,0.6868686868686869,0.8831168831168831,0.202,0.3787878787878788,0.974025974025974,0.209
qwen3-8b-base,llama31-70b-base,imdb,1,0.556,0.36133333333333334,46,558,46,0.08243727598566308,0.8516898777173912,0.5412279211956522,0.05916492728106706,0.310461956521739,0.26129666011787817,1018,0.5714285714285714,0.34782608695652173,0.2770137524557957,0.375,0.45652173913043476,0.2819253438113949,0.26785714285714285,0.6521739130434783,0.2907662082514735
qwen3-8b-base,llama31-70b-base,rte,1,0.6325301204819277,0.6144578313253012,18,54,18,0.3333333333333333,0.7469135802469136,0.5864197530864197,0.0951361040614522,0.16049382716049387,0.2903225806451613,62,1.0,0.16666666666666666,0.3387096774193548,0.6,0.16666666666666666,0.3387096774193548,0.5454545454545454,0.3333333333333333,0.3870967741935484
qwen3-8b-base,llama31-70b-base,truthfulqa,1,0.45510204081632655,0.5163265306122449,27,191,27,0.14136125654450263,0.699412827461608,0.4788279132791328,0.07593675595847295,0.22058491418247522,0.40672782874617736,327,0.3,0.1111111111111111,0.41590214067278286,0.21052631578947367,0.14814814814814814,0.41896024464831805,0.18421052631578946,0.25925925925925924,0.42813455657492355
qwen3-8b-base,llama31-8b-base,boolq,1,0.5407747196738022,0.4367991845056065,53,411,53,0.12895377128953772,0.7748497944555708,0.4845051122588806,0.052490900636973384,0.2903446821966902,0.3263157894736842,475,0.38095238095238093,0.1509433962264151,0.3431578947368421,0.34146341463414637,0.2641509433962264,0.35578947368421054,0.34146341463414637,0.5283018867924528,0.38526315789473686
qwen3-8b-base,llama31-8b-base,geometry_of_truth,1,0.5536779324055666,0.5069582504970179,84,970,84,0.0865979381443299,0.9570165537998495,0.5151026550575084,0.04669388864018744,0.4419138987423411,0.07,1000,0.9375,0.5357142857142857,0.115,0.6494845360824743,0.75,0.133,0.41237113402061853,0.9523809523809523,0.15
qwen3-8b-base,llama31-8b-base,imdb,1,0.556,0.3383333333333333,29,538,29,0.05390334572490706,0.8598333446243479,0.5054535600569067,0.01096639467091962,0.35437978456744124,0.26719056974459726,1018,0.3333333333333333,0.3103448275862069,0.27603143418467585,0.24074074074074073,0.4482758620689655,0.27996070726915523,0.17592592592592593,0.6551724137931034,0.28585461689587427
qwen3-8b-base,llama31-8b-base,rte,1,0.6325301204819277,0.608433734939759,17,56,17,0.30357142857142855,0.7631975867269986,0.42006033182503766,0.1433138819358787,0.3431372549019609,0.25806451612903225,62,1.0,0.17647058823529413,0.3064516129032258,0.8333333333333334,0.29411764705882354,0.3387096774193548,0.6363636363636364,0.4117647058823529,0.3709677419354839
qwen3-8b-base,llama31-8b-base,truthfulqa,1,0.45510204081632655,0.32755102040816325,21,165,21,0.12727272727272726,0.8197751322751322,0.5419146825396826,0.11079532173963148,0.27786044973544965,0.28134556574923547,327,0.5,0.19047619047619047,0.29357798165137616,0.375,0.2857142857142857,0.2996941896024465,0.36363636363636365,0.5714285714285714,0.3180428134556575
qwen3-8b-base,qwen3-32b,boolq,1,0.5407747196738022,0.5535168195718655,37,529,37,0.06994328922495274,0.741430454845089,0.5448115798725555,0.013350261588022569,0.1966188749725335,0.28210526315789475,475,0.3076923076923077,0.21621621621621623,0.29894736842105263,0.20754716981132076,0.2972972972972973,0.30526315789473685,0.16981132075471697,0.4864864864864865,0.32
qwen3-8b-base,qwen3-32b,geometry_of_truth,1,0.5536779324055666,0.5165672630881378,36,1037,36,0.03471552555448409,0.962925962925963,0.4769327894327894,0.03253483583375281,0.4859931734931736,0.069,1000,0.40384615384615385,0.5833333333333334,0.09,0.28846153846153844,0.8333333333333334,0.099,0.17391304347826086,1.0,0.105
qwen3-8b-base,qwen3-32b,imdb,1,0.556,0.5196666666666667,90,1010,90,0.0891089108910891,0.8690821256038648,0.5460778985507246,0.04960351605750094,0.32300422705314014,0.09430255402750491,1018,0.64,0.35555555555555557,0.12573673870333987,0.504950495049505,0.5666666666666667,0.1444007858546169,0.32673267326732675,0.7333333333333333,0.15913555992141454
qwen3-8b-base,qwen3-32b,rte,1,0.6325301204819277,0.6445783132530121,18,65,18,0.27692307692307694,0.8947990543735225,0.5564420803782506,0.1337745427721743,0.33835697399527187,0.16129032258064516,62,1.0,0.16666666666666666,0.20967741935483872,0.8333333333333334,0.2777777777777778,0.24193548387096775,0.7692307692307693,0.5555555555555556,0.3225806451612903
qwen3-8b-base,qwen3-32b,truthfulqa,1,0.45510204081632655,0.5540816326530612,42,209,42,0.20095693779904306,0.7754491017964072,0.465105503279156,0.03938141794609281,0.31034359851725124,0.3211009174311927,327,0.5,0.11904761904761904,0.3363914373088685,0.47619047619047616,0.23809523809523808,0.3516819571865443,0.42857142857142855,0.42857142857142855,0.3761467889908257
qwen3-8b-base,qwen3-8b,boolq,1,0.5407747196738022,0.527013251783894,53,536,53,0.09888059701492537,0.7617875698269464,0.5119633579436698,0.05416764511388629,0.24982421188327664,0.23157894736842105,475,0.5185185185185185,0.2641509433962264,0.26105263157894737,0.35185185185185186,0.3584905660377358,0.27157894736842103,0.2616822429906542,0.5283018867924528,0.2905263157894737
qwen3-8b-base,qwen3-8b,geometry_of_truth,1,0.5536779324055666,0.49204771371769385,21,990,21,0.021212121212121213,0.8899700230969582,0.5527052926433731,0.1274943907025742,0.33726473045358507,0.083,1000,0.2,0.47619047619047616,0.093,0.1414141414141414,0.6666666666666666,0.097,0.09090909090909091,0.8571428571428571,0.101
qwen3-8b-base,qwen3-8b,imdb,1,0.556,0.5193333333333333,102,1008,102,0.10119047619047619,0.8890620265766351,0.4999837683417738,0.025138092413206303,0.3890782582348613,0.08840864440078586,1018,0.84,0.4117647058823529,0.12966601178781925,0.5841584158415841,0.5784313725490197,0.14636542239685657,0.3811881188118812,0.7549019607843137,0.16404715127701375
qwen3-8b-base,qwen3-8b,rte,1,0.6325301204819277,0.5662650602409639,15,59,15,0.2542372881355932,0.7878787878787878,0.5007575757575757,0.05238240579715916,0.2871212121212121,0.1774193548387097,62,0.6666666666666666,0.13333333333333333,0.20967741935483872,0.8333333333333334,0.3333333333333333,0.25806451612903225,0.5833333333333334,0.4666666666666667,0.2903225806451613
qwen3-8b-base,qwen3-8b,truthfulqa,1,0.45510204081632655,0.5255102040816326,49,232,49,0.21120689655172414,0.6801605888256942,0.4417307906769265,0.08212413922180727,0.2384297981487677,0.28440366972477066,327,0.3333333333333333,0.08163265306122448,0.2966360856269113,0.30434782608695654,0.14285714285714285,0.3058103975535168,0.34782608695652173,0.32653061224489793,0.3333333333333333
qwen3-8b-base,qwen38-27b,boolq,1,0.5407747196738022,0.5764525993883792,30,540,30,0.05555555555555555,0.7705882352941176,0.5072712418300653,0.03716050921685681,0.26331699346405224,0.2736842105263158,475,0.2222222222222222,0.2,0.2863157894736842,0.18518518518518517,0.3333333333333333,0.29473684210526313,0.1388888888888889,0.5,0.30526315789473685
qwen3-8b-base,qwen38-27b,geometry_of_truth,1,0.5536779324055666,0.5152418820410868,36,1035,36,0.034782608695652174,0.900734067400734,0.5147369591814035,0.09259898014141889,0.38599710821933053,0.069,1000,0.36538461538461536,0.5277777777777778,0.088,0.2403846153846154,0.6944444444444444,0.094,0.15942028985507245,0.9166666666666666,0.102
qwen3-8b-base,qwen38-27b,rte,1,0.6325301204819277,0.6506024096385542,19,65,19,0.2923076923076923,0.908466819221968,0.48541189931350115,0.09703628544244888,0.4230549199084669,0.16129032258064516,62,1.0,0.15789473684210525,0.20967741935483872,1.0,0.3157894736842105,0.25806451612903225,0.8461538461538461,0.5789473684210527,0.3387096774193548
qwen3-8b-base,qwen38-27b,truthfulqa,1,0.45510204081632655,0.5438775510204081,32,209,32,0.15311004784688995,0.7669491525423728,0.46782309322033894,0.06644207254813514,0.2991260593220339,0.3577981651376147,327,0.3,0.09375,0.3669724770642202,0.3333333333333333,0.21875,0.37920489296636084,0.2857142857142857,0.375,0.3944954128440367
qwen38-27b,gemma4-31b,boolq,1,0.5764525993883792,0.5428134556574924,33,523,33,0.06309751434034416,0.7094619666048237,0.47343846629560915,0.07298729359046542,0.2360235003092146,0.28,475,0.2692307692307692,0.21212121212121213,0.29473684210526313,0.19230769230769232,0.30303030303030304,0.30105263157894735,0.13333333333333333,0.42424242424242425,0.3094736842105263
qwen38-27b,gemma4-31b,geometry_of_truth,1,0.5152418820410868,0.48840291583830353,8,686,8,0.011661807580174927,0.9727138643067847,0.46529314159292035,0.08218541581639788,0.5074207227138644,0.325,1000,0.14705882352941177,0.625,0.33,0.11594202898550725,1.0,0.333,0.058394160583941604,1.0,0.333
qwen38-27b,gemma4-31b,rte,1,0.6506024096385542,0.5180722891566265,16,45,16,0.35555555555555557,0.8017241379310345,0.5856681034482758,0.1681958121034113,0.21605603448275867,0.3225806451612903,62,1.0,0.125,0.3548387096774194,1.0,0.25,0.3870967741935484,0.8888888888888888,0.5,0.45161290322580644
qwen38-27b,gemma4-31b,truthfulqa,1,0.5438775510204081,0.44387755102040816,28,174,28,0.16091954022988506,0.6746575342465754,0.5465998043052838,0.054850323006065675,0.1280577299412916,0.43119266055045874,327,0.3333333333333333,0.10714285714285714,0.44036697247706424,0.23529411764705882,0.14285714285714285,0.4434250764525994,0.22857142857142856,0.2857142857142857,0.45565749235474007
qwen38-27b,llama31-405b,boolq,1,0.5764525993883792,0.4949031600407747,30,559,30,0.05366726296958855,0.7549464398235665,0.4965658475110271,0.04849139743605571,0.25838059231253935,0.14105263157894737,475,0.10714285714285714,0.1,0.14736842105263157,0.14285714285714285,0.26666666666666666,0.15789473684210525,0.14285714285714285,0.5333333333333333,0.17473684210526316
qwen38-27b,llama31-405b,geometry_of_truth,1,0.5152418820410868,0.5092776673293572,23,1016,23,0.022637795275590553,0.9180787249879592,0.47817330005692016,0.09863431130108835,0.439905424931039,0.017,1000,0.29411764705882354,0.6521739130434783,0.032,0.16666666666666666,0.7391304347826086,0.034,0.10344827586206896,0.9130434782608695,0.038
qwen38-27b,llama31-405b,rte,1,0.6506024096385542,0.6506024096385542,18,63,18,0.2857142857142857,0.7493827160493827,0.516358024691358,0.1208407239592131,0.23302469135802462,0.25806451612903225,62,0.3333333333333333,0.05555555555555555,0.27419354838709675,0.6666666666666666,0.2222222222222222,0.3225806451612903,0.46153846153846156,0.3333333333333333,0.3548387096774194
qwen38-27b,llama31-405b,truthfulqa,1,0.5438775510204081,0.5561224489795918,38,274,38,0.1386861313868613,0.7872435325602141,0.5125167261373773,0.0674963316022146,0.27472680642283676,0.2874617737003058,327,0.42857142857142855,0.15789473684210525,0.3058103975535168,0.48148148148148145,0.34210526315789475,0.327217125382263,0.4,0.5789473684210527,0.3547400611620795
qwen38-27b,llama31-70b,boolq,1,0.5764525993883792,0.5015290519877675,32,564,32,0.05673758865248227,0.7270324248120301,0.5374765037593985,0.026995284990505613,0.18955592105263164,0.14736842105263157,475,0.25,0.21875,0.16210526315789472,0.19642857142857142,0.34375,0.1705263157894737,0.13274336283185842,0.46875,0.17894736842105263
qwen38-27b,llama31-70b,geometry_of_truth,1,0.5152418820410868,0.5278330019880716,31,1024,31,0.0302734375,0.8425104765617386,0.511816587077283,0.04050610497954198,0.33069388948445566,0.035,1000,0.3333333333333333,0.5483870967741935,0.052,0.23529411764705882,0.7741935483870968,0.059,0.12682926829268293,0.8387096774193549,0.061
qwen38-27b,llama31-70b,rte,1,0.6506024096385542,0.5903614457831325,16,61,16,0.26229508196721313,0.9027777777777778,0.4673611111111111,0.07182382101665227,0.4354166666666667,0.20967741935483872,62,1.0,0.1875,0.25806451612903225,0.8333333333333334,0.3125,0.2903225806451613,0.75,0.5625,0.3548387096774194
qwen38-27b,llama31-70b,truthfulqa,1,0.5438775510204081,0.5387755102040817,49,277,49,0.17689530685920576,0.7438238453276047,0.5542651271034731,0.019302879851423392,0.18955871822413162,0.24464831804281345,327,0.21428571428571427,0.061224489795918366,0.25382262996941896,0.25,0.14285714285714285,0.26605504587155965,0.34545454545454546,0.3877551020408163,0.30275229357798167
qwen38-27b,llama31-70b-base,boolq,1,0.5764525993883792,0.44495412844036697,26,449,26,0.05790645879732739,0.7307692307692307,0.5338697945080924,0.09915974871213151,0.19689943626113837,0.25473684210526315,475,0.3181818181818182,0.2692307692307692,0.2694736842105263,0.17777777777777778,0.3076923076923077,0.27157894736842103,0.12222222222222222,0.4230769230769231,0.27789473684210525
qwen38-27b,llama31-70b-base,geometry_of_truth,1,0.5152418820410868,0.5453943008614976,31,937,31,0.033084311632870865,0.9052196824040447,0.5232856227301859,0.05245122498288012,0.38193405967385885,0.159,1000,0.425531914893617,0.6451612903225806,0.179,0.2765957446808511,0.8387096774193549,0.185,0.1497326203208556,0.9032258064516129,0.187
qwen38-27b,llama31-70b-base,rte,1,0.6506024096385542,0.6144578313253012,20,57,20,0.3508771929824561,0.9108108108108108,0.42905405405405406,0.12742354730997604,0.4817567567567568,0.25806451612903225,62,1.0,0.15,0.3064516129032258,1.0,0.3,0.3548387096774194,0.9090909090909091,0.5,0.41935483870967744
qwen38-27b,llama31-70b-base,truthfulqa,1,0.5438775510204081,0.5163265306122449,45,242,45,0.1859504132231405,0.6873096446700507,0.5198815566835872,0.053416992987726196,0.16742808798646358,0.3180428134556575,327,0.3333333333333333,0.08888888888888889,0.3302752293577982,0.375,0.2,0.345565749235474,0.3125,0.3333333333333333,0.363914373088685
qwen38-27b,qwen3-32b,boolq,1,0.5764525993883792,0.5535168195718655,35,621,35,0.05636070853462158,0.6826426133593368,0.529778156996587,0.05235238893645646,0.1528644563627498,0.15157894736842106,475,0.16129032258064516,0.14285714285714285,0.16210526315789472,0.11290322580645161,0.2,0.16631578947368422,0.10483870967741936,0.37142857142857144,0.17894736842105263
qwen38-27b,qwen3-32b,geometry_of_truth,1,0.5152418820410868,0.5165672630881378,31,1026,31,0.030214424951267055,0.8991084454530719,0.47764629599610964,0.07163701937776921,0.42146214945696225,0.012,1000,0.37254901960784315,0.6129032258064516,0.031,0.24271844660194175,0.8064516129032258,0.037,0.13170731707317074,0.8709677419354839,0.039
qwen38-27b,qwen3-32b,rte,1,0.6506024096385542,0.6445783132530121,17,64,17,0.265625,0.9236545682102628,0.40112640801001254,0.07721503553975635,0.5225281602002503,0.22580645161290322,62,1.0,0.17647058823529413,0.27419354838709675,1.0,0.35294117647058826,0.3225806451612903,1.0,0.7647058823529411,0.43548387096774194
qwen38-27b,qwen3-32b,truthfulqa,1,0.5438775510204081,0.5540816326530612,67,288,67,0.2326388888888889,0.7532248260957655,0.48411224420882015,0.03415568333341974,0.2691125818869453,0.18960244648318042,327,0.5714285714285714,0.11940298507462686,0.21406727828746178,0.4827586206896552,0.208955223880597,0.2324159021406728,0.5517241379310345,0.47761194029850745,0.2874617737003058
